campus,bldgname,ts,present_elec_kwh,historical_elec_kwh,present_htwt_mmbtuh,historical_htwt_mmbtuh,present_wtr_usgal,historical_wtr_usgal,present_chll_tonh,historical_chll_tonh,present_co2_tonh,historical_co2_tonh,latitude,longitude,year,month,day,hour
West,Knight Hall,2019-09-19T00:00:00,,,,,,87.5,,1.0,,,41.311922,-105.581147,2019,9,19,0
West,Knight Hall,2019-09-19T01:00:00,,,,,,87.5,,,,,41.311922,-105.581147,2019,9,19,1
West,Knight Hall,2019-09-19T02:00:00,,,,,,87.5,,1.0,,,41.311922,-105.581147,2019,9,19,2
West,Knight Hall,2019-09-19T03:00:00,,,,,,87.5,1.0,,,,41.311922,-105.581147,2019,9,19,3
West,Knight Hall,2019-09-19T04:00:00,,,,,,87.5,,6.0,,,41.311922,-105.581147,2019,9,19,4
West,Knight Hall,2019-09-19T05:00:00,,,,,,87.5,6.0,6.0,,,41.311922,-105.581147,2019,9,19,5
West,Knight Hall,2019-09-19T06:00:00,,,,,,87.5,9.0,5.0,,,41.311922,-105.581147,2019,9,19,6
West,Knight Hall,2019-09-19T07:00:00,,,,,,87.5,9.0,6.0,,,41.311922,-105.581147,2019,9,19,7
West,Knight Hall,2019-09-19T08:00:00,,,,,,87.5,8.0,6.0,,,41.311922,-105.581147,2019,9,19,8
West,Knight Hall,2019-09-19T09:00:00,,,,,,87.5,6.0,8.0,,,41.311922,-105.581147,2019,9,19,9
West,Knight Hall,2019-09-19T10:00:00,,,,,,87.5,8.0,8.0,,,41.311922,-105.581147,2019,9,19,10
West,Knight Hall,2019-09-19T11:00:00,,,,,,87.5,9.0,10.0,,,41.311922,-105.581147,2019,9,19,11
West,Knight Hall,2019-09-19T12:00:00,,,,,,87.5,9.0,10.0,,,41.311922,-105.581147,2019,9,19,12
West,Knight Hall,2019-09-19T13:00:00,,,,,,87.5,8.0,9.0,,,41.311922,-105.581147,2019,9,19,13
West,Knight Hall,2019-09-19T14:00:00,,,,,,87.5,8.0,10.0,,,41.311922,-105.581147,2019,9,19,14
West,Knight Hall,2019-09-19T15:00:00,,,,,,87.5,9.0,9.0,,,41.311922,-105.581147,2019,9,19,15
West,Knight Hall,2019-09-19T16:00:00,,,,,,87.5,5.0,9.0,,,41.311922,-105.581147,2019,9,19,16
West,Knight Hall,2019-09-19T17:00:00,,,,,,87.5,1.0,8.0,,,41.311922,-105.581147,2019,9,19,17
West,Knight Hall,2019-09-19T18:00:00,,,,,,87.5,,8.0,,,41.311922,-105.581147,2019,9,19,18
West,Knight Hall,2019-09-19T19:00:00,,,,,,87.5,,1.0,,,41.311922,-105.581147,2019,9,19,19
West,Knight Hall,2019-09-19T20:00:00,,,,,,87.5,1.0,,,,41.311922,-105.581147,2019,9,19,20
West,Knight Hall,2019-09-19T21:00:00,,,,,,87.5,,1.0,,,41.311922,-105.581147,2019,9,19,21
West,Knight Hall,2019-09-19T22:00:00,,,,,,87.5,,1.0,,,41.311922,-105.581147,2019,9,19,22
West,Knight Hall,2019-09-19T23:00:00,,,,,,87.5,,,,,41.311922,-105.581147,2019,9,19,23
West,Knight Hall,2019-09-20T00:00:00,,,,,,87.5,,1.0,,,41.311922,-105.581147,2019,9,20,0
West,Knight Hall,2019-09-20T01:00:00,,,,,,87.5,,,,,41.311922,-105.581147,2019,9,20,1
West,Knight Hall,2019-09-20T02:00:00,,,,,,87.5,,1.0,,,41.311922,-105.581147,2019,9,20,2
West,Knight Hall,2019-09-20T03:00:00,,,,,,87.5,,,,,41.311922,-105.581147,2019,9,20,3
West,Knight Hall,2019-09-20T04:00:00,,,,,,87.5,,6.0,,,41.311922,-105.581147,2019,9,20,4
West,Knight Hall,2019-09-20T05:00:00,,,,,,87.5,,7.0,,,41.311922,-105.581147,2019,9,20,5
West,Knight Hall,2019-09-20T06:00:00,,,,,,87.5,,5.0,,,41.311922,-105.581147,2019,9,20,6
West,Knight Hall,2019-09-20T07:00:00,,,,,,87.5,,6.0,,,41.311922,-105.581147,2019,9,20,7
West,Knight Hall,2019-09-20T08:00:00,,,,,,87.5,,6.0,,,41.311922,-105.581147,2019,9,20,8
West,Knight Hall,2019-09-20T09:00:00,,,,,,87.5,,7.0,,,41.311922,-105.581147,2019,9,20,9
West,Knight Hall,2019-09-20T10:00:00,,,,,,87.5,,8.0,,,41.311922,-105.581147,2019,9,20,10
West,Knight Hall,2019-09-20T11:00:00,,,,,,87.5,,9.0,,,41.311922,-105.581147,2019,9,20,11
West,Knight Hall,2019-09-20T12:00:00,,,,,,87.5,,9.0,,,41.311922,-105.581147,2019,9,20,12
West,Knight Hall,2019-09-20T13:00:00,,,,,,87.5,,8.0,,,41.311922,-105.581147,2019,9,20,13
West,Knight Hall,2019-09-20T14:00:00,,,,,,87.5,1.0,10.0,,,41.311922,-105.581147,2019,9,20,14
West,Knight Hall,2019-09-20T15:00:00,,,,,,87.5,8.0,9.0,,,41.311922,-105.581147,2019,9,20,15
West,Knight Hall,2019-09-20T16:00:00,,,,,,87.5,6.0,9.0,,,41.311922,-105.581147,2019,9,20,16
West,Knight Hall,2019-09-20T17:00:00,,,,,,87.5,1.0,8.0,,,41.311922,-105.581147,2019,9,20,17
West,Knight Hall,2019-09-20T18:00:00,,,,,,87.5,,7.0,,,41.311922,-105.581147,2019,9,20,18
West,Knight Hall,2019-09-20T19:00:00,,,,,,87.5,,1.0,,,41.311922,-105.581147,2019,9,20,19
West,Knight Hall,2019-09-20T20:00:00,,,,,,87.5,,,,,41.311922,-105.581147,2019,9,20,20
West,Knight Hall,2019-09-20T21:00:00,,,,,,87.5,1.0,1.0,,,41.311922,-105.581147,2019,9,20,21
West,Knight Hall,2019-09-20T22:00:00,,,,,,87.5,,1.0,,,41.311922,-105.581147,2019,9,20,22
West,Knight Hall,2019-09-20T23:00:00,,,,,,87.5,,,,,41.311922,-105.581147,2019,9,20,23
West,Knight Hall,2019-09-21T00:00:00,,,,,,87.5,,1.0,,,41.311922,-105.581147,2019,9,21,0
West,Knight Hall,2019-09-21T01:00:00,,,,,,87.5,1.0,,,,41.311922,-105.581147,2019,9,21,1
West,Knight Hall,2019-09-21T02:00:00,,,,,,87.5,,1.0,,,41.311922,-105.581147,2019,9,21,2
West,Knight Hall,2019-09-21T03:00:00,,,,,,87.5,,,,,41.311922,-105.581147,2019,9,21,3
West,Knight Hall,2019-09-21T04:00:00,,,,,,87.5,,4.0,,,41.311922,-105.581147,2019,9,21,4
West,Knight Hall,2019-09-21T05:00:00,,,,,,87.5,1.0,4.0,,,41.311922,-105.581147,2019,9,21,5
West,Knight Hall,2019-09-21T06:00:00,,,,,,87.5,,3.0,,,41.311922,-105.581147,2019,9,21,6
West,Knight Hall,2019-09-21T07:00:00,,,,,,87.5,1.0,4.0,,,41.311922,-105.581147,2019,9,21,7
West,Knight Hall,2019-09-21T08:00:00,,,,,,87.5,,6.0,,,41.311922,-105.581147,2019,9,21,8
West,Knight Hall,2019-09-21T09:00:00,,,,,,87.5,,7.0,,,41.311922,-105.581147,2019,9,21,9
West,Knight Hall,2019-09-21T10:00:00,,,,,,87.5,,8.0,,,41.311922,-105.581147,2019,9,21,10
West,Knight Hall,2019-09-21T11:00:00,,,,,,87.5,1.0,9.0,,,41.311922,-105.581147,2019,9,21,11
West,Knight Hall,2019-09-21T12:00:00,,,,,,87.5,,9.0,,,41.311922,-105.581147,2019,9,21,12
West,Knight Hall,2019-09-21T13:00:00,,,,,,87.5,,9.0,,,41.311922,-105.581147,2019,9,21,13
West,Knight Hall,2019-09-21T14:00:00,,,,,,87.5,,11.0,,,41.311922,-105.581147,2019,9,21,14
West,Knight Hall,2019-09-21T15:00:00,,,,,,87.5,1.0,10.0,,,41.311922,-105.581147,2019,9,21,15
West,Knight Hall,2019-09-21T16:00:00,,,,,,87.5,,10.0,,,41.311922,-105.581147,2019,9,21,16
West,Knight Hall,2019-09-21T17:00:00,,,,,,87.5,,8.0,,,41.311922,-105.581147,2019,9,21,17
West,Knight Hall,2019-09-21T18:00:00,,,,,,87.5,,7.0,,,41.311922,-105.581147,2019,9,21,18
West,Knight Hall,2019-09-21T19:00:00,,,,,,87.5,,1.0,,,41.311922,-105.581147,2019,9,21,19
West,Knight Hall,2019-09-21T20:00:00,,,,,,87.5,1.0,1.0,,,41.311922,-105.581147,2019,9,21,20
West,Knight Hall,2019-09-21T21:00:00,,,,,,87.5,,,,,41.311922,-105.581147,2019,9,21,21
West,Knight Hall,2019-09-21T22:00:00,,,,,,87.5,,1.0,,,41.311922,-105.581147,2019,9,21,22
West,Knight Hall,2019-09-21T23:00:00,,,,,,87.5,,1.0,,,41.311922,-105.581147,2019,9,21,23
West,Knight Hall,2019-09-22T00:00:00,,,,,,87.5,1.0,,,,41.311922,-105.581147,2019,9,22,0
West,Knight Hall,2019-09-22T01:00:00,,,,,,87.5,,1.0,,,41.311922,-105.581147,2019,9,22,1
West,Knight Hall,2019-09-22T02:00:00,,,,,,87.5,1.0,,,,41.311922,-105.581147,2019,9,22,2
West,Knight Hall,2019-09-22T03:00:00,,,,,,87.5,1.0,1.0,,,41.311922,-105.581147,2019,9,22,3
West,Knight Hall,2019-09-22T04:00:00,,,,,,87.5,,,,,41.311922,-105.581147,2019,9,22,4
West,Knight Hall,2019-09-22T05:00:00,,,,,,87.5,1.0,1.0,,,41.311922,-105.581147,2019,9,22,5
West,Knight Hall,2019-09-22T06:00:00,,,,,,87.5,1.0,,,,41.311922,-105.581147,2019,9,22,6
West,Knight Hall,2019-09-22T07:00:00,,,,,,87.5,1.0,1.0,,,41.311922,-105.581147,2019,9,22,7
West,Knight Hall,2019-09-22T08:00:00,,,,,,87.5,,5.0,,,41.311922,-105.581147,2019,9,22,8
West,Knight Hall,2019-09-22T09:00:00,,,,,,87.5,,7.0,,,41.311922,-105.581147,2019,9,22,9
West,Knight Hall,2019-09-22T10:00:00,,,,,,87.5,1.0,8.0,,,41.311922,-105.581147,2019,9,22,10
West,Knight Hall,2019-09-22T11:00:00,,,,,,87.5,,8.0,,,41.311922,-105.581147,2019,9,22,11
West,Knight Hall,2019-09-22T12:00:00,,,,,,87.5,,8.0,,,41.311922,-105.581147,2019,9,22,12
West,Knight Hall,2019-09-22T13:00:00,,,,,,87.5,,9.0,,,41.311922,-105.581147,2019,9,22,13
West,Knight Hall,2019-09-22T14:00:00,,,,,,87.5,,9.0,,,41.311922,-105.581147,2019,9,22,14
West,Knight Hall,2019-09-22T15:00:00,,,,,,87.5,1.0,8.0,,,41.311922,-105.581147,2019,9,22,15
West,Knight Hall,2019-09-22T16:00:00,,,,,,87.5,2.0,1.0,,,41.311922,-105.581147,2019,9,22,16
West,Knight Hall,2019-09-22T17:00:00,,,,,,87.5,5.0,1.0,,,41.311922,-105.581147,2019,9,22,17
West,Knight Hall,2019-09-22T18:00:00,,,,,,87.5,5.0,1.0,,,41.311922,-105.581147,2019,9,22,18
West,Knight Hall,2019-09-22T19:00:00,,,,,,87.5,6.0,,,,41.311922,-105.581147,2019,9,22,19
West,Knight Hall,2019-09-22T20:00:00,,,,,,87.5,6.0,1.0,,,41.311922,-105.581147,2019,9,22,20
West,Knight Hall,2019-09-22T21:00:00,,,,,,87.5,6.0,,,,41.311922,-105.581147,2019,9,22,21
West,Knight Hall,2019-09-22T22:00:00,,,,,,87.5,8.0,1.0,,,41.311922,-105.581147,2019,9,22,22
West,Knight Hall,2019-09-22T23:00:00,,,,,,87.5,7.0,,,,41.311922,-105.581147,2019,9,22,23
West,Knight Hall,2019-09-23T00:00:00,,,,,,87.5,2.0,1.0,,,41.311922,-105.581147,2019,9,23,0
West,Knight Hall,2019-09-23T01:00:00,,,,,,87.5,,,,,41.311922,-105.581147,2019,9,23,1
West,Knight Hall,2019-09-23T02:00:00,,,,,,87.5,,1.0,,,41.311922,-105.581147,2019,9,23,2
West,Knight Hall,2019-09-23T03:00:00,,,,,,87.5,1.0,1.0,,,41.311922,-105.581147,2019,9,23,3
West,Knight Hall,2019-09-23T04:00:00,,,,,,87.5,,,,,41.311922,-105.581147,2019,9,23,4
West,Knight Hall,2019-09-23T05:00:00,,,,,,87.5,6.0,1.0,,,41.311922,-105.581147,2019,9,23,5
West,Knight Hall,2019-09-23T06:00:00,,,,,,87.5,8.0,,,,41.311922,-105.581147,2019,9,23,6
West,Knight Hall,2019-09-23T07:00:00,,,,,,87.5,8.0,1.0,,,41.311922,-105.581147,2019,9,23,7
West,Knight Hall,2019-09-23T08:00:00,,,,,,87.5,8.0,5.0,,,41.311922,-105.581147,2019,9,23,8
West,Knight Hall,2019-09-23T09:00:00,,,,,,87.5,6.0,6.0,,,41.311922,-105.581147,2019,9,23,9
West,Knight Hall,2019-09-23T10:00:00,,,,,,87.5,5.0,7.0,,,41.311922,-105.581147,2019,9,23,10
West,Knight Hall,2019-09-23T11:00:00,,,,,,87.5,7.0,8.0,,,41.311922,-105.581147,2019,9,23,11
West,Knight Hall,2019-09-23T12:00:00,,,,,,87.5,8.0,7.0,,,41.311922,-105.581147,2019,9,23,12
West,Knight Hall,2019-09-23T13:00:00,,,,,,87.5,7.0,8.0,,,41.311922,-105.581147,2019,9,23,13
West,Knight Hall,2019-09-23T14:00:00,,,,,,87.5,8.0,7.0,,,41.311922,-105.581147,2019,9,23,14
West,Knight Hall,2019-09-23T15:00:00,,,,,,87.5,7.0,7.0,,,41.311922,-105.581147,2019,9,23,15
West,Knight Hall,2019-09-23T16:00:00,,,,,,87.5,5.0,1.0,,,41.311922,-105.581147,2019,9,23,16
West,Knight Hall,2019-09-23T17:00:00,,,,,,87.5,1.0,1.0,,,41.311922,-105.581147,2019,9,23,17
West,Knight Hall,2019-09-23T18:00:00,,,,,,87.5,1.0,,,,41.311922,-105.581147,2019,9,23,18
West,Knight Hall,2019-09-23T19:00:00,,,,,,87.5,,1.0,,,41.311922,-105.581147,2019,9,23,19
West,Knight Hall,2019-09-23T20:00:00,,,,,,87.5,,,,,41.311922,-105.581147,2019,9,23,20
West,Knight Hall,2019-09-23T21:00:00,,,,,,87.5,,1.0,,,41.311922,-105.581147,2019,9,23,21
West,Knight Hall,2019-09-23T22:00:00,,,,,,87.5,,,,,41.311922,-105.581147,2019,9,23,22
West,Knight Hall,2019-09-23T23:00:00,,,,,,87.5,1.0,1.0,,,41.311922,-105.581147,2019,9,23,23
West,Knight Hall,2019-09-24T00:00:00,,,,,,87.5,,,,,41.311922,-105.581147,2019,9,24,0
West,Knight Hall,2019-09-24T01:00:00,,,,,,87.5,,1.0,,,41.311922,-105.581147,2019,9,24,1
West,Knight Hall,2019-09-24T02:00:00,,,,,,87.5,,,,,41.311922,-105.581147,2019,9,24,2
West,Knight Hall,2019-09-24T03:00:00,,,,,,87.5,,1.0,,,41.311922,-105.581147,2019,9,24,3
West,Knight Hall,2019-09-24T04:00:00,,,,,,87.5,1.0,4.0,,,41.311922,-105.581147,2019,9,24,4
West,Knight Hall,2019-09-24T05:00:00,,,,,,87.5,6.0,5.0,,,41.311922,-105.581147,2019,9,24,5
West,Knight Hall,2019-09-24T06:00:00,,,,,,87.5,8.0,4.0,,,41.311922,-105.581147,2019,9,24,6
West,Knight Hall,2019-09-24T07:00:00,,,,,,87.5,8.0,5.0,,,41.311922,-105.581147,2019,9,24,7
West,Knight Hall,2019-09-24T08:00:00,,,,,,87.5,8.0,6.0,,,41.311922,-105.581147,2019,9,24,8
West,Knight Hall,2019-09-24T09:00:00,,,,,,87.5,6.0,6.0,,,41.311922,-105.581147,2019,9,24,9
West,Knight Hall,2019-09-24T10:00:00,,,,,,87.5,5.0,7.0,,,41.311922,-105.581147,2019,9,24,10
West,Knight Hall,2019-09-24T11:00:00,,,,,,87.5,6.0,8.0,,,41.311922,-105.581147,2019,9,24,11
West,Knight Hall,2019-09-24T12:00:00,,,,,,87.5,7.0,8.0,,,41.311922,-105.581147,2019,9,24,12
West,Knight Hall,2019-09-24T13:00:00,,,,,,87.5,8.0,8.0,,,41.311922,-105.581147,2019,9,24,13
West,Knight Hall,2019-09-24T14:00:00,,,,,,87.5,7.0,8.0,,,41.311922,-105.581147,2019,9,24,14
West,Knight Hall,2019-09-24T15:00:00,,,,,,87.5,7.0,8.0,,,41.311922,-105.581147,2019,9,24,15
West,Knight Hall,2019-09-24T16:00:00,,,,,,87.5,5.0,8.0,,,41.311922,-105.581147,2019,9,24,16
West,Knight Hall,2019-09-24T17:00:00,,,,,,87.5,2.0,6.0,,,41.311922,-105.581147,2019,9,24,17
West,Knight Hall,2019-09-24T18:00:00,,,,,,87.5,,6.0,,,41.311922,-105.581147,2019,9,24,18
West,Knight Hall,2019-09-24T19:00:00,,,,,,87.5,,1.0,,,41.311922,-105.581147,2019,9,24,19
West,Knight Hall,2019-09-24T20:00:00,,,,,,87.5,,1.0,,,41.311922,-105.581147,2019,9,24,20
West,Knight Hall,2019-09-24T21:00:00,,,,,,87.5,,1.0,,,41.311922,-105.581147,2019,9,24,21
West,Knight Hall,2019-09-24T22:00:00,,,,,,87.5,1.0,,,,41.311922,-105.581147,2019,9,24,22
West,Knight Hall,2019-09-24T23:00:00,,,,,,87.5,,1.0,,,41.311922,-105.581147,2019,9,24,23
West,Knight Hall,2019-09-25T00:00:00,,,,,,87.5,,,,,41.311922,-105.581147,2019,9,25,0
West,Knight Hall,2019-09-25T01:00:00,,,,,,87.5,,,,,41.311922,-105.581147,2019,9,25,1
West,Knight Hall,2019-09-25T02:00:00,,,,,,87.5,1.0,1.0,,,41.311922,-105.581147,2019,9,25,2
West,Knight Hall,2019-09-25T03:00:00,,,,,,87.5,,,,,41.311922,-105.581147,2019,9,25,3
West,Knight Hall,2019-09-25T04:00:00,,,,,,87.5,,4.0,,,41.311922,-105.581147,2019,9,25,4
West,Knight Hall,2019-09-25T05:00:00,,,,,,87.5,6.0,3.0,,,41.311922,-105.581147,2019,9,25,5
West,Knight Hall,2019-09-25T06:00:00,,,,,,87.5,7.0,3.0,,,41.311922,-105.581147,2019,9,25,6
West,Knight Hall,2019-09-25T07:00:00,,,,,,87.5,8.0,3.0,,,41.311922,-105.581147,2019,9,25,7
West,Knight Hall,2019-09-25T08:00:00,,,,,,87.5,7.0,5.0,,,41.311922,-105.581147,2019,9,25,8
West,Knight Hall,2019-09-25T09:00:00,,,,,,87.5,6.0,5.0,,,41.311922,-105.581147,2019,9,25,9
West,Knight Hall,2019-09-25T10:00:00,,,,,,87.5,5.0,6.0,,,41.311922,-105.581147,2019,9,25,10
West,Knight Hall,2019-09-25T11:00:00,,,,,,87.5,5.0,7.0,,,41.311922,-105.581147,2019,9,25,11
West,Knight Hall,2019-09-25T12:00:00,,,,,,87.5,6.0,7.0,,,41.311922,-105.581147,2019,9,25,12
West,Knight Hall,2019-09-25T13:00:00,,,,,,87.5,8.0,7.0,,,41.311922,-105.581147,2019,9,25,13
West,Knight Hall,2019-09-25T14:00:00,,,,,,87.5,7.0,8.0,,,41.311922,-105.581147,2019,9,25,14
West,Knight Hall,2019-09-25T15:00:00,,,,,,87.5,7.0,8.0,,,41.311922,-105.581147,2019,9,25,15
West,Knight Hall,2019-09-25T16:00:00,,,,,,87.5,5.0,8.0,,,41.311922,-105.581147,2019,9,25,16
West,Knight Hall,2019-09-25T17:00:00,,,,,,87.5,1.0,7.0,,,41.311922,-105.581147,2019,9,25,17
West,Knight Hall,2019-09-25T18:00:00,,,,,,87.5,,5.0,,,41.311922,-105.581147,2019,9,25,18
West,Knight Hall,2019-09-25T19:00:00,,,,,,87.5,1.0,2.0,,,41.311922,-105.581147,2019,9,25,19
West,Knight Hall,2019-09-25T20:00:00,,,,,,87.5,,,,,41.311922,-105.581147,2019,9,25,20
West,Knight Hall,2019-09-25T21:00:00,,,,,,87.5,,1.0,,,41.311922,-105.581147,2019,9,25,21
West,Knight Hall,2019-09-25T22:00:00,,,,,,87.5,,,,,41.311922,-105.581147,2019,9,25,22
West,Knight Hall,2019-09-25T23:00:00,,,,,,87.5,,1.0,,,41.311922,-105.581147,2019,9,25,23
West,Knight Hall,2019-09-26T00:00:00,,,,,,87.5,,,,,41.311922,-105.581147,2019,9,26,0
West,Knight Hall,2019-09-26T01:00:00,,,,,,87.5,1.0,1.0,,,41.311922,-105.581147,2019,9,26,1
West,Knight Hall,2019-09-26T02:00:00,,,,,,87.5,,,,,41.311922,-105.581147,2019,9,26,2
West,Knight Hall,2019-09-26T03:00:00,,,,,,87.5,,1.0,,,41.311922,-105.581147,2019,9,26,3
West,Knight Hall,2019-09-26T04:00:00,,,,,,87.5,,4.0,,,41.311922,-105.581147,2019,9,26,4
West,Knight Hall,2019-09-26T05:00:00,,,,,,87.5,3.0,4.0,,,41.311922,-105.581147,2019,9,26,5
West,Knight Hall,2019-09-26T06:00:00,,,,,,87.5,3.0,4.0,,,41.311922,-105.581147,2019,9,26,6
West,Knight Hall,2019-09-26T07:00:00,,,,,,87.5,3.0,3.0,,,41.311922,-105.581147,2019,9,26,7
West,Knight Hall,2019-09-26T08:00:00,,,,,,87.5,2.0,6.0,,,41.311922,-105.581147,2019,9,26,8
West,Knight Hall,2019-09-26T09:00:00,,,,,,87.5,4.0,6.0,,,41.311922,-105.581147,2019,9,26,9
West,Knight Hall,2019-09-26T10:00:00,,,,,,87.5,7.0,7.0,,,41.311922,-105.581147,2019,9,26,10
West,Knight Hall,2019-09-26T11:00:00,,,,,,87.5,8.0,8.0,,,41.311922,-105.581147,2019,9,26,11
West,Knight Hall,2019-09-26T12:00:00,,,,,,87.5,8.0,9.0,,,41.311922,-105.581147,2019,9,26,12
West,Knight Hall,2019-09-26T13:00:00,,,,,,87.5,9.0,8.0,,,41.311922,-105.581147,2019,9,26,13
West,Knight Hall,2019-09-26T14:00:00,,,,,,87.5,8.0,9.0,,,41.311922,-105.581147,2019,9,26,14
West,Knight Hall,2019-09-26T15:00:00,,,,,,87.5,8.0,9.0,,,41.311922,-105.581147,2019,9,26,15
West,Knight Hall,2019-09-26T16:00:00,,,,,,87.5,5.0,9.0,,,41.311922,-105.581147,2019,9,26,16
West,Knight Hall,2019-09-26T17:00:00,,,,,,87.5,1.0,8.0,,,41.311922,-105.581147,2019,9,26,17
West,Knight Hall,2019-09-26T18:00:00,,,,,,87.5,1.0,6.0,,,41.311922,-105.581147,2019,9,26,18
West,Knight Hall,2019-09-26T19:00:00,,,,,,87.5,,1.0,,,41.311922,-105.581147,2019,9,26,19
West,Knight Hall,2019-09-26T20:00:00,,,,,,87.5,,1.0,,,41.311922,-105.581147,2019,9,26,20
West,Knight Hall,2019-09-26T21:00:00,,,,,,87.5,,,,,41.311922,-105.581147,2019,9,26,21
West,Knight Hall,2019-09-26T22:00:00,,,,,,87.5,,1.0,,,41.311922,-105.581147,2019,9,26,22
West,Knight Hall,2019-09-26T23:00:00,,,,,,87.5,,,,,41.311922,-105.581147,2019,9,26,23
West,Knight Hall,2019-09-27T00:00:00,,,,,,87.5,1.0,1.0,,,41.311922,-105.581147,2019,9,27,0
West,Knight Hall,2019-09-27T01:00:00,,,,,,87.5,,,,,41.311922,-105.581147,2019,9,27,1
West,Knight Hall,2019-09-27T02:00:00,,,,,,87.5,,1.0,,,41.311922,-105.581147,2019,9,27,2
West,Knight Hall,2019-09-27T03:00:00,,,,,,87.5,,1.0,,,41.311922,-105.581147,2019,9,27,3
West,Knight Hall,2019-09-27T04:00:00,,,,,,87.5,,4.0,,,41.311922,-105.581147,2019,9,27,4
West,Knight Hall,2019-09-27T05:00:00,,,,,,87.5,3.0,4.0,,,41.311922,-105.581147,2019,9,27,5
West,Knight Hall,2019-09-27T06:00:00,,,,,,87.5,3.0,4.0,,,41.311922,-105.581147,2019,9,27,6
West,Knight Hall,2019-09-27T07:00:00,,,,,,87.5,2.0,4.0,,,41.311922,-105.581147,2019,9,27,7
West,Knight Hall,2019-09-27T08:00:00,,,,,,87.5,3.0,5.0,,,41.311922,-105.581147,2019,9,27,8
West,Knight Hall,2019-09-27T09:00:00,,,,,,87.5,3.0,7.0,,,41.311922,-105.581147,2019,9,27,9
West,Knight Hall,2019-09-27T10:00:00,,,,,,87.5,4.0,7.0,,,41.311922,-105.581147,2019,9,27,10
West,Knight Hall,2019-09-27T11:00:00,,,,,,87.5,5.0,7.0,,,41.311922,-105.581147,2019,9,27,11
West,Knight Hall,2019-09-27T12:00:00,,,,,,87.5,6.0,9.0,,,41.311922,-105.581147,2019,9,27,12
West,Knight Hall,2019-09-27T13:00:00,,,,,,87.5,4.0,8.0,,,41.311922,-105.581147,2019,9,27,13
West,Knight Hall,2019-09-27T14:00:00,,,,,,87.5,2.0,9.0,,,41.311922,-105.581147,2019,9,27,14
West,Knight Hall,2019-09-27T15:00:00,,,,,,87.5,3.0,9.0,,,41.311922,-105.581147,2019,9,27,15
West,Knight Hall,2019-09-27T16:00:00,,,,,,87.5,3.0,9.0,,,41.311922,-105.581147,2019,9,27,16
West,Knight Hall,2019-09-27T17:00:00,,,,,,87.5,2.0,8.0,,,41.311922,-105.581147,2019,9,27,17
West,Knight Hall,2019-09-27T18:00:00,,,,,,87.5,,8.0,,,41.311922,-105.581147,2019,9,27,18
West,Knight Hall,2019-09-27T19:00:00,,,,,,87.5,,1.0,,,41.311922,-105.581147,2019,9,27,19
West,Knight Hall,2019-09-27T20:00:00,,,,,,87.5,,,,,41.311922,-105.581147,2019,9,27,20
West,Knight Hall,2019-09-27T21:00:00,,,,,,87.5,,1.0,,,41.311922,-105.581147,2019,9,27,21
West,Knight Hall,2019-09-27T22:00:00,,,,,,87.5,,,,,41.311922,-105.581147,2019,9,27,22
West,Knight Hall,2019-09-27T23:00:00,,,,,,87.5,1.0,1.0,,,41.311922,-105.581147,2019,9,27,23
West,Knight Hall,2019-09-28T00:00:00,,,,,,87.5,,1.0,,,41.311922,-105.581147,2019,9,28,0
West,Knight Hall,2019-09-28T01:00:00,,,,,,87.5,,,,,41.311922,-105.581147,2019,9,28,1
West,Knight Hall,2019-09-28T02:00:00,,,,,,87.5,,1.0,,,41.311922,-105.581147,2019,9,28,2
West,Knight Hall,2019-09-28T03:00:00,,,,,,87.5,,,,,41.311922,-105.581147,2019,9,28,3
West,Knight Hall,2019-09-28T04:00:00,,,,,,87.5,,5.0,,,41.311922,-105.581147,2019,9,28,4
West,Knight Hall,2019-09-28T05:00:00,,,,,,87.5,1.0,4.0,,,41.311922,-105.581147,2019,9,28,5
West,Knight Hall,2019-09-28T06:00:00,,,,,,87.5,,5.0,,,41.311922,-105.581147,2019,9,28,6
West,Knight Hall,2019-09-28T07:00:00,,,,,,87.5,,3.0,,,41.311922,-105.581147,2019,9,28,7
West,Knight Hall,2019-09-28T08:00:00,,,,,,87.5,,5.0,,,41.311922,-105.581147,2019,9,28,8
West,Knight Hall,2019-09-28T09:00:00,,,,,,87.5,1.0,6.0,,,41.311922,-105.581147,2019,9,28,9
West,Knight Hall,2019-09-28T10:00:00,,,,,,87.5,,7.0,,,41.311922,-105.581147,2019,9,28,10
West,Knight Hall,2019-09-28T11:00:00,,,,,,87.5,,7.0,,,41.311922,-105.581147,2019,9,28,11
West,Knight Hall,2019-09-28T12:00:00,,,,,,87.5,,7.0,,,41.311922,-105.581147,2019,9,28,12
West,Knight Hall,2019-09-28T13:00:00,,,,,,87.5,,8.0,,,41.311922,-105.581147,2019,9,28,13
West,Knight Hall,2019-09-28T14:00:00,,,,,,87.5,,7.0,,,41.311922,-105.581147,2019,9,28,14
West,Knight Hall,2019-09-28T15:00:00,,,,,,87.5,,7.0,,,41.311922,-105.581147,2019,9,28,15
West,Knight Hall,2019-09-28T16:00:00,,,,,,87.5,1.0,7.0,,,41.311922,-105.581147,2019,9,28,16
West,Knight Hall,2019-09-28T17:00:00,,,,,,87.5,,7.0,,,41.311922,-105.581147,2019,9,28,17
West,Knight Hall,2019-09-28T18:00:00,,,,,,87.5,,5.0,,,41.311922,-105.581147,2019,9,28,18
West,Knight Hall,2019-09-28T19:00:00,,,,,,87.5,,1.0,,,41.311922,-105.581147,2019,9,28,19
West,Knight Hall,2019-09-28T20:00:00,,,,,,87.5,,,,,41.311922,-105.581147,2019,9,28,20
West,Knight Hall,2019-09-28T21:00:00,,,,,,87.5,,1.0,,,41.311922,-105.581147,2019,9,28,21
West,Knight Hall,2019-09-28T22:00:00,,,,,,87.5,1.0,1.0,,,41.311922,-105.581147,2019,9,28,22
West,Knight Hall,2019-09-28T23:00:00,,,,,,87.5,,,,,41.311922,-105.581147,2019,9,28,23
West,Knight Hall,2019-09-29T00:00:00,,,,,,87.5,,1.0,,,41.311922,-105.581147,2019,9,29,0
West,Knight Hall,2019-09-29T01:00:00,,,,,,87.5,,,,,41.311922,-105.581147,2019,9,29,1
West,Knight Hall,2019-09-29T02:00:00,,,,,,87.5,,1.0,,,41.311922,-105.581147,2019,9,29,2
West,Knight Hall,2019-09-29T03:00:00,,,,,,87.5,1.0,,,,41.311922,-105.581147,2019,9,29,3
West,Knight Hall,2019-09-29T04:00:00,,,,,,87.5,,1.0,,,41.311922,-105.581147,2019,9,29,4
West,Knight Hall,2019-09-29T05:00:00,,,,,,87.5,,,,,41.311922,-105.581147,2019,9,29,5
West,Knight Hall,2019-09-29T06:00:00,,,,,,87.5,,1.0,,,41.311922,-105.581147,2019,9,29,6
West,Knight Hall,2019-09-29T07:00:00,,,,,,87.5,,,,,41.311922,-105.581147,2019,9,29,7
West,Knight Hall,2019-09-29T08:00:00,,,,,,87.5,,6.0,,,41.311922,-105.581147,2019,9,29,8
West,Knight Hall,2019-09-29T09:00:00,,,,,,87.5,,6.0,,,41.311922,-105.581147,2019,9,29,9
West,Knight Hall,2019-09-29T10:00:00,,,,,,87.5,1.0,8.0,,,41.311922,-105.581147,2019,9,29,10
West,Knight Hall,2019-09-29T11:00:00,,,,,,87.5,,8.0,,,41.311922,-105.581147,2019,9,29,11
West,Knight Hall,2019-09-29T12:00:00,,,,,,87.5,,8.0,,,41.311922,-105.581147,2019,9,29,12
West,Knight Hall,2019-09-29T13:00:00,,,,,,87.5,,8.0,,,41.311922,-105.581147,2019,9,29,13
West,Knight Hall,2019-09-29T14:00:00,,,,,,87.5,,8.0,,,41.311922,-105.581147,2019,9,29,14
West,Knight Hall,2019-09-29T15:00:00,,,,,,87.5,1.0,7.0,,,41.311922,-105.581147,2019,9,29,15
West,Knight Hall,2019-09-29T16:00:00,,,,,,87.5,3.0,2.0,,,41.311922,-105.581147,2019,9,29,16
West,Knight Hall,2019-09-29T17:00:00,,,,,,87.5,9.0,,,,41.311922,-105.581147,2019,9,29,17
West,Knight Hall,2019-09-29T18:00:00,,,,,,87.5,7.0,1.0,,,41.311922,-105.581147,2019,9,29,18
West,Knight Hall,2019-09-29T19:00:00,,,,,,87.5,7.0,,,,41.311922,-105.581147,2019,9,29,19
West,Knight Hall,2019-09-29T20:00:00,,,,,,87.5,4.0,1.0,,,41.311922,-105.581147,2019,9,29,20
West,Knight Hall,2019-09-29T21:00:00,,,,,,87.5,3.0,1.0,,,41.311922,-105.581147,2019,9,29,21
West,Knight Hall,2019-09-29T22:00:00,,,,,,87.5,3.0,,,,41.311922,-105.581147,2019,9,29,22
West,Knight Hall,2019-09-29T23:00:00,,,,,,87.5,3.0,1.0,,,41.311922,-105.581147,2019,9,29,23
West,Knight Hall,2019-09-30T00:00:00,,,,,,87.5,1.0,,,,41.311922,-105.581147,2019,9,30,0
West,Knight Hall,2019-09-30T01:00:00,,,,,,87.5,,1.0,,,41.311922,-105.581147,2019,9,30,1
West,Knight Hall,2019-09-30T02:00:00,,,,,,87.5,,,,,41.311922,-105.581147,2019,9,30,2
West,Knight Hall,2019-09-30T03:00:00,,,,,,87.5,,1.0,,,41.311922,-105.581147,2019,9,30,3
West,Knight Hall,2019-09-30T04:00:00,,,,,,87.5,1.0,,,,41.311922,-105.581147,2019,9,30,4
West,Knight Hall,2019-09-30T05:00:00,,,,,,87.5,2.0,1.0,,,41.311922,-105.581147,2019,9,30,5
West,Knight Hall,2019-09-30T06:00:00,,,,,,87.5,4.0,,,,41.311922,-105.581147,2019,9,30,6
West,Knight Hall,2019-09-30T07:00:00,,,,,,87.5,3.0,1.0,,,41.311922,-105.581147,2019,9,30,7
West,Knight Hall,2019-09-30T08:00:00,,,,,,87.5,3.0,5.0,,,41.311922,-105.581147,2019,9,30,8
West,Knight Hall,2019-09-30T09:00:00,,,,,,87.5,3.0,7.0,,,41.311922,-105.581147,2019,9,30,9
West,Knight Hall,2019-09-30T10:00:00,,,,,,87.5,3.0,7.0,,,41.311922,-105.581147,2019,9,30,10
West,Knight Hall,2019-09-30T11:00:00,,,,,,87.5,3.0,7.0,,,41.311922,-105.581147,2019,9,30,11
West,Knight Hall,2019-09-30T12:00:00,,,,,,87.5,4.0,7.0,,,41.311922,-105.581147,2019,9,30,12
West,Knight Hall,2019-09-30T13:00:00,,,,,,87.5,4.0,8.0,,,41.311922,-105.581147,2019,9,30,13
West,Knight Hall,2019-09-30T14:00:00,,,,,,87.5,2.0,7.0,,,41.311922,-105.581147,2019,9,30,14
West,Knight Hall,2019-09-30T15:00:00,,,,,,87.5,3.0,8.0,,,41.311922,-105.581147,2019,9,30,15
West,Knight Hall,2019-09-30T16:00:00,,,,,,87.5,3.0,2.0,,,41.311922,-105.581147,2019,9,30,16
West,Knight Hall,2019-09-30T17:00:00,,,,,,87.5,1.0,,,,41.311922,-105.581147,2019,9,30,17
West,Knight Hall,2019-09-30T18:00:00,,,,,,87.5,1.0,1.0,,,41.311922,-105.581147,2019,9,30,18
West,Knight Hall,2019-09-30T19:00:00,,,,,,87.5,,,,,41.311922,-105.581147,2019,9,30,19
West,Knight Hall,2019-09-30T20:00:00,,,,,,87.5,,1.0,,,41.311922,-105.581147,2019,9,30,20
West,Knight Hall,2019-09-30T21:00:00,,,,,,87.5,,,,,41.311922,-105.581147,2019,9,30,21
West,Knight Hall,2019-09-30T22:00:00,,,,,,87.5,1.0,1.0,,,41.311922,-105.581147,2019,9,30,22
West,Knight Hall,2019-09-30T23:00:00,,,,,,87.5,,1.0,,,41.311922,-105.581147,2019,9,30,23
West,Knight Hall,2019-10-01T00:00:00,,,,,,84.67744,,,,,41.311922,-105.581147,2019,10,1,0
West,Knight Hall,2019-10-01T01:00:00,,,,,,84.67744,,1.0,,,41.311922,-105.581147,2019,10,1,1
West,Knight Hall,2019-10-01T02:00:00,,,,,,84.67744,,,,,41.311922,-105.581147,2019,10,1,2
West,Knight Hall,2019-10-01T03:00:00,,,,,,84.67744,1.0,1.0,,,41.311922,-105.581147,2019,10,1,3
West,Knight Hall,2019-10-01T04:00:00,,,,,,84.67744,,4.0,,,41.311922,-105.581147,2019,10,1,4
West,Knight Hall,2019-10-01T05:00:00,,,,,,84.67744,6.0,4.0,,,41.311922,-105.581147,2019,10,1,5
West,Knight Hall,2019-10-01T06:00:00,,,,,,84.67744,8.0,4.0,,,41.311922,-105.581147,2019,10,1,6
West,Knight Hall,2019-10-01T07:00:00,,,,,,84.67744,8.0,4.0,,,41.311922,-105.581147,2019,10,1,7
West,Knight Hall,2019-10-01T08:00:00,,,,,,84.67744,6.0,6.0,,,41.311922,-105.581147,2019,10,1,8
West,Knight Hall,2019-10-01T09:00:00,,,,,,84.67744,7.0,7.0,,,41.311922,-105.581147,2019,10,1,9
West,Knight Hall,2019-10-01T10:00:00,,,,,,84.67744,7.0,8.0,,,41.311922,-105.581147,2019,10,1,10
West,Knight Hall,2019-10-01T11:00:00,,,,,,84.67744,7.0,8.0,,,41.311922,-105.581147,2019,10,1,11
West,Knight Hall,2019-10-01T12:00:00,,,,,,84.67744,6.0,9.0,,,41.311922,-105.581147,2019,10,1,12
West,Knight Hall,2019-10-01T13:00:00,,,,,,84.67744,6.0,9.0,,,41.311922,-105.581147,2019,10,1,13
West,Knight Hall,2019-10-01T14:00:00,,,,,,84.67744,7.0,9.0,,,41.311922,-105.581147,2019,10,1,14
West,Knight Hall,2019-10-01T15:00:00,,,,,,84.67744,6.0,9.0,,,41.311922,-105.581147,2019,10,1,15
West,Knight Hall,2019-10-01T16:00:00,,,,,,84.67744,8.0,8.0,,,41.311922,-105.581147,2019,10,1,16
West,Knight Hall,2019-10-01T17:00:00,,,,,,84.67744,3.0,8.0,,,41.311922,-105.581147,2019,10,1,17
West,Knight Hall,2019-10-01T18:00:00,,,,,,84.67744,,6.0,,,41.311922,-105.581147,2019,10,1,18
West,Knight Hall,2019-10-01T19:00:00,,,,,,84.67744,,2.0,,,41.311922,-105.581147,2019,10,1,19
West,Knight Hall,2019-10-01T20:00:00,,,,,,84.67744,,,,,41.311922,-105.581147,2019,10,1,20
West,Knight Hall,2019-10-01T21:00:00,,,,,,84.67744,1.0,1.0,,,41.311922,-105.581147,2019,10,1,21
West,Knight Hall,2019-10-01T22:00:00,,,,,,84.67744,,,,,41.311922,-105.581147,2019,10,1,22
West,Knight Hall,2019-10-01T23:00:00,,,,,,84.67744,1.0,1.0,,,41.311922,-105.581147,2019,10,1,23
West,Knight Hall,2019-10-02T00:00:00,,,,,,84.67744,1.0,,,,41.311922,-105.581147,2019,10,2,0
West,Knight Hall,2019-10-02T01:00:00,,,,,,84.67744,1.0,1.0,,,41.311922,-105.581147,2019,10,2,1
West,Knight Hall,2019-10-02T02:00:00,,,,,,84.67744,1.0,,,,41.311922,-105.581147,2019,10,2,2
West,Knight Hall,2019-10-02T03:00:00,,,,,,84.67744,,1.0,,,41.311922,-105.581147,2019,10,2,3
West,Knight Hall,2019-10-02T04:00:00,,,,,,84.67744,2.0,5.0,,,41.311922,-105.581147,2019,10,2,4
West,Knight Hall,2019-10-02T05:00:00,,,,,,84.67744,6.0,5.0,,,41.311922,-105.581147,2019,10,2,5
West,Knight Hall,2019-10-02T06:00:00,,,,,,84.67744,8.0,5.0,,,41.311922,-105.581147,2019,10,2,6
West,Knight Hall,2019-10-02T07:00:00,,,,,,84.67744,8.0,5.0,,,41.311922,-105.581147,2019,10,2,7
West,Knight Hall,2019-10-02T08:00:00,,,,,,84.67744,8.0,6.0,,,41.311922,-105.581147,2019,10,2,8
West,Knight Hall,2019-10-02T09:00:00,,,,,,84.67744,7.0,7.0,,,41.311922,-105.581147,2019,10,2,9
West,Knight Hall,2019-10-02T10:00:00,,,,,,84.67744,5.0,8.0,,,41.311922,-105.581147,2019,10,2,10
West,Knight Hall,2019-10-02T11:00:00,,,,,,84.67744,5.0,8.0,,,41.311922,-105.581147,2019,10,2,11
West,Knight Hall,2019-10-02T12:00:00,,,,,,84.67744,3.0,9.0,,,41.311922,-105.581147,2019,10,2,12
West,Knight Hall,2019-10-02T13:00:00,,,,,,84.67744,4.0,8.0,,,41.311922,-105.581147,2019,10,2,13
West,Knight Hall,2019-10-02T14:00:00,,,,,,84.67744,3.0,10.0,,,41.311922,-105.581147,2019,10,2,14
West,Knight Hall,2019-10-02T15:00:00,,,,,,84.67744,3.0,8.0,,,41.311922,-105.581147,2019,10,2,15
West,Knight Hall,2019-10-02T16:00:00,,,,,,84.67744,3.0,9.0,,,41.311922,-105.581147,2019,10,2,16
West,Knight Hall,2019-10-02T17:00:00,,,,,,84.67744,1.0,8.0,,,41.311922,-105.581147,2019,10,2,17
West,Knight Hall,2019-10-02T18:00:00,,,,,,84.67744,,7.0,,,41.311922,-105.581147,2019,10,2,18
West,Knight Hall,2019-10-02T19:00:00,,,,,,84.67744,1.0,1.0,,,41.311922,-105.581147,2019,10,2,19
West,Knight Hall,2019-10-02T20:00:00,,,,,,84.67744,,1.0,,,41.311922,-105.581147,2019,10,2,20
West,Knight Hall,2019-10-02T21:00:00,,,,,,84.67744,1.0,,,,41.311922,-105.581147,2019,10,2,21
West,Knight Hall,2019-10-02T22:00:00,,,,,,84.67744,1.0,1.0,,,41.311922,-105.581147,2019,10,2,22
West,Knight Hall,2019-10-02T23:00:00,,,,,,84.67744,1.0,1.0,,,41.311922,-105.581147,2019,10,2,23
West,Knight Hall,2019-10-03T00:00:00,,,,,,84.67744,1.0,,,,41.311922,-105.581147,2019,10,3,0
West,Knight Hall,2019-10-03T01:00:00,,,,,,84.67744,1.0,1.0,,,41.311922,-105.581147,2019,10,3,1
West,Knight Hall,2019-10-03T02:00:00,,,,,,84.67744,2.0,,,,41.311922,-105.581147,2019,10,3,2
West,Knight Hall,2019-10-03T03:00:00,,,,,,84.67744,1.0,,,,41.311922,-105.581147,2019,10,3,3
West,Knight Hall,2019-10-03T04:00:00,,,,,,84.67744,1.0,6.0,,,41.311922,-105.581147,2019,10,3,4
West,Knight Hall,2019-10-03T05:00:00,,,,,,84.67744,4.0,6.0,,,41.311922,-105.581147,2019,10,3,5
West,Knight Hall,2019-10-03T06:00:00,,,,,,84.67744,3.0,6.0,,,41.311922,-105.581147,2019,10,3,6
West,Knight Hall,2019-10-03T07:00:00,,,,,,84.67744,4.0,6.0,,,41.311922,-105.581147,2019,10,3,7
West,Knight Hall,2019-10-03T08:00:00,,,,,,84.67744,4.0,7.0,,,41.311922,-105.581147,2019,10,3,8
West,Knight Hall,2019-10-03T09:00:00,,,,,,84.67744,3.0,8.0,,,41.311922,-105.581147,2019,10,3,9
West,Knight Hall,2019-10-03T10:00:00,,,,,,84.67744,3.0,8.0,,,41.311922,-105.581147,2019,10,3,10
West,Knight Hall,2019-10-03T11:00:00,,,,,,84.67744,3.0,7.0,,,41.311922,-105.581147,2019,10,3,11
West,Knight Hall,2019-10-03T12:00:00,,,,,,84.67744,,,,,41.311922,-105.581147,2019,10,3,12
West,Knight Hall,2019-10-03T13:00:00,,,,,,84.67744,,,,,41.311922,-105.581147,2019,10,3,13
West,Knight Hall,2019-10-03T14:00:00,,,,,,84.67744,4.0,,,,41.311922,-105.581147,2019,10,3,14
West,Knight Hall,2019-10-03T15:00:00,,,,,,84.67744,3.0,,,,41.311922,-105.581147,2019,10,3,15
West,Knight Hall,2019-10-03T16:00:00,,,,,,84.67744,1.0,,,,41.311922,-105.581147,2019,10,3,16
West,Knight Hall,2019-10-03T17:00:00,,,,,,84.67744,,,,,41.311922,-105.581147,2019,10,3,17
West,Knight Hall,2019-10-03T18:00:00,,,,,,84.67744,,,,,41.311922,-105.581147,2019,10,3,18
West,Knight Hall,2019-10-03T19:00:00,,,,,,84.67744,,,,,41.311922,-105.581147,2019,10,3,19
West,Knight Hall,2019-10-03T20:00:00,,,,,,84.67744,1.0,,,,41.311922,-105.581147,2019,10,3,20
West,Knight Hall,2019-10-03T21:00:00,,,,,,84.67744,,,,,41.311922,-105.581147,2019,10,3,21
West,Knight Hall,2019-10-03T22:00:00,,,,,,84.67744,,,,,41.311922,-105.581147,2019,10,3,22
West,Knight Hall,2019-10-03T23:00:00,,,,,,84.67744,,,,,41.311922,-105.581147,2019,10,3,23
West,Knight Hall,2019-10-04T00:00:00,,,,,,84.67744,,,,,41.311922,-105.581147,2019,10,4,0
West,Knight Hall,2019-10-04T01:00:00,,,,,,84.67744,,,,,41.311922,-105.581147,2019,10,4,1
West,Knight Hall,2019-10-04T02:00:00,,,,,,84.67744,1.0,,,,41.311922,-105.581147,2019,10,4,2
West,Knight Hall,2019-10-04T03:00:00,,,,,,84.67744,,,,,41.311922,-105.581147,2019,10,4,3
West,Knight Hall,2019-10-04T04:00:00,,,,,,84.67744,1.0,,,,41.311922,-105.581147,2019,10,4,4
West,Knight Hall,2019-10-04T05:00:00,,,,,,84.67744,4.0,,,,41.311922,-105.581147,2019,10,4,5
West,Knight Hall,2019-10-04T06:00:00,,,,,,84.67744,5.0,,,,41.311922,-105.581147,2019,10,4,6
West,Knight Hall,2019-10-04T07:00:00,,,,,,84.67744,6.0,,,,41.311922,-105.581147,2019,10,4,7
West,Knight Hall,2019-10-04T08:00:00,,,,,,84.67744,4.0,,,,41.311922,-105.581147,2019,10,4,8
West,Knight Hall,2019-10-04T09:00:00,,,,,,84.67744,5.0,,,,41.311922,-105.581147,2019,10,4,9
West,Knight Hall,2019-10-04T10:00:00,,,,,,84.67744,6.0,,,,41.311922,-105.581147,2019,10,4,10
West,Knight Hall,2019-10-04T11:00:00,,,,,,84.67744,7.0,,,,41.311922,-105.581147,2019,10,4,11
West,Knight Hall,2019-10-04T12:00:00,,,,,,84.67744,7.0,,,,41.311922,-105.581147,2019,10,4,12
West,Knight Hall,2019-10-04T13:00:00,,,,,,84.67744,7.0,,,,41.311922,-105.581147,2019,10,4,13
West,Knight Hall,2019-10-04T14:00:00,,,,,,84.67744,7.0,,,,41.311922,-105.581147,2019,10,4,14
West,Knight Hall,2019-10-04T15:00:00,,,,,,84.67744,7.0,,,,41.311922,-105.581147,2019,10,4,15
West,Knight Hall,2019-10-04T16:00:00,,,,,,84.67744,4.0,,,,41.311922,-105.581147,2019,10,4,16
West,Knight Hall,2019-10-04T17:00:00,,,,,,84.67744,1.0,,,,41.311922,-105.581147,2019,10,4,17
West,Knight Hall,2019-10-04T18:00:00,,,,,,84.67744,1.0,,,,41.311922,-105.581147,2019,10,4,18
West,Knight Hall,2019-10-04T19:00:00,,,,,,84.67744,,,,,41.311922,-105.581147,2019,10,4,19
West,Knight Hall,2019-10-04T20:00:00,,,,,,84.67744,,,,,41.311922,-105.581147,2019,10,4,20
West,Knight Hall,2019-10-04T21:00:00,,,,,,84.67744,,,,,41.311922,-105.581147,2019,10,4,21
West,Knight Hall,2019-10-04T22:00:00,,,,,,84.67744,1.0,,,,41.311922,-105.581147,2019,10,4,22
West,Knight Hall,2019-10-04T23:00:00,,,,,,84.67744,,,,,41.311922,-105.581147,2019,10,4,23
West,Knight Hall,2019-10-05T00:00:00,,,,,,84.67744,,,,,41.311922,-105.581147,2019,10,5,0
West,Knight Hall,2019-10-05T01:00:00,,,,,,84.67744,1.0,,,,41.311922,-105.581147,2019,10,5,1
West,Knight Hall,2019-10-05T02:00:00,,,,,,84.67744,,,,,41.311922,-105.581147,2019,10,5,2
West,Knight Hall,2019-10-05T03:00:00,,,,,,84.67744,1.0,,,,41.311922,-105.581147,2019,10,5,3
West,Knight Hall,2019-10-05T04:00:00,,,,,,84.67744,1.0,,,,41.311922,-105.581147,2019,10,5,4
West,Knight Hall,2019-10-05T05:00:00,,,,,,84.67744,1.0,,,,41.311922,-105.581147,2019,10,5,5
West,Knight Hall,2019-10-05T06:00:00,,,,,,84.67744,1.0,,,,41.311922,-105.581147,2019,10,5,6
West,Knight Hall,2019-10-05T07:00:00,,,,,,84.67744,1.0,,,,41.311922,-105.581147,2019,10,5,7
West,Knight Hall,2019-10-05T08:00:00,,,,,,84.67744,1.0,,,,41.311922,-105.581147,2019,10,5,8
West,Knight Hall,2019-10-05T09:00:00,,,,,,84.67744,1.0,,,,41.311922,-105.581147,2019,10,5,9
West,Knight Hall,2019-10-05T10:00:00,,,,,,84.67744,1.0,,,,41.311922,-105.581147,2019,10,5,10
West,Knight Hall,2019-10-05T11:00:00,,,,,,84.67744,,,,,41.311922,-105.581147,2019,10,5,11
West,Knight Hall,2019-10-05T12:00:00,,,,,,84.67744,,,,,41.311922,-105.581147,2019,10,5,12
West,Knight Hall,2019-10-05T13:00:00,,,,,,84.67744,,,,,41.311922,-105.581147,2019,10,5,13
West,Knight Hall,2019-10-05T14:00:00,,,,,,84.67744,,,,,41.311922,-105.581147,2019,10,5,14
West,Knight Hall,2019-10-05T15:00:00,,,,,,84.67744,1.0,,,,41.311922,-105.581147,2019,10,5,15
West,Knight Hall,2019-10-05T16:00:00,,,,,,84.67744,,,,,41.311922,-105.581147,2019,10,5,16
West,Knight Hall,2019-10-05T17:00:00,,,,,,84.67744,,,,,41.311922,-105.581147,2019,10,5,17
West,Knight Hall,2019-10-05T18:00:00,,,,,,84.67744,,,,,41.311922,-105.581147,2019,10,5,18
West,Knight Hall,2019-10-05T19:00:00,,,,,,84.67744,,,,,41.311922,-105.581147,2019,10,5,19
West,Knight Hall,2019-10-05T20:00:00,,,,,,84.67744,1.0,,,,41.311922,-105.581147,2019,10,5,20
West,Knight Hall,2019-10-05T21:00:00,,,,,,84.67744,,,,,41.311922,-105.581147,2019,10,5,21
West,Knight Hall,2019-10-05T22:00:00,,,,,,84.67744,,,,,41.311922,-105.581147,2019,10,5,22
West,Knight Hall,2019-10-05T23:00:00,,,,,,84.67744,,,,,41.311922,-105.581147,2019,10,5,23
West,Knight Hall,2019-10-06T00:00:00,,,,,,84.67744,1.0,,,,41.311922,-105.581147,2019,10,6,0
West,Knight Hall,2019-10-06T01:00:00,,,,,,84.67744,,,,,41.311922,-105.581147,2019,10,6,1
West,Knight Hall,2019-10-06T02:00:00,,,,,,84.67744,1.0,,,,41.311922,-105.581147,2019,10,6,2
West,Knight Hall,2019-10-06T03:00:00,,,,,,84.67744,,,,,41.311922,-105.581147,2019,10,6,3
West,Knight Hall,2019-10-06T04:00:00,,,,,,84.67744,1.0,,,,41.311922,-105.581147,2019,10,6,4
West,Knight Hall,2019-10-06T05:00:00,,,,,,84.67744,2.0,,,,41.311922,-105.581147,2019,10,6,5
West,Knight Hall,2019-10-06T06:00:00,,,,,,84.67744,1.0,,,,41.311922,-105.581147,2019,10,6,6
West,Knight Hall,2019-10-06T07:00:00,,,,,,84.67744,1.0,,,,41.311922,-105.581147,2019,10,6,7
West,Knight Hall,2019-10-06T08:00:00,,,,,,84.67744,2.0,,,,41.311922,-105.581147,2019,10,6,8
West,Knight Hall,2019-10-06T09:00:00,,,,,,84.67744,1.0,,,,41.311922,-105.581147,2019,10,6,9
West,Knight Hall,2019-10-06T10:00:00,,,,,,84.67744,,,,,41.311922,-105.581147,2019,10,6,10
West,Knight Hall,2019-10-06T11:00:00,,,,,,84.67744,,,,,41.311922,-105.581147,2019,10,6,11
West,Knight Hall,2019-10-06T12:00:00,,,,,,84.67744,1.0,,,,41.311922,-105.581147,2019,10,6,12
West,Knight Hall,2019-10-06T13:00:00,,,,,,84.67744,,,,,41.311922,-105.581147,2019,10,6,13
West,Knight Hall,2019-10-06T14:00:00,,,,,,84.67744,,,,,41.311922,-105.581147,2019,10,6,14
West,Knight Hall,2019-10-06T15:00:00,,,,,,84.67744,,,,,41.311922,-105.581147,2019,10,6,15
West,Knight Hall,2019-10-06T16:00:00,,,,,,84.67744,2.0,,,,41.311922,-105.581147,2019,10,6,16
West,Knight Hall,2019-10-06T17:00:00,,,,,,84.67744,4.0,,,,41.311922,-105.581147,2019,10,6,17
West,Knight Hall,2019-10-06T18:00:00,,,,,,84.67744,5.0,,,,41.311922,-105.581147,2019,10,6,18
West,Knight Hall,2019-10-06T19:00:00,,,,,,84.67744,5.0,,,,41.311922,-105.581147,2019,10,6,19
West,Knight Hall,2019-10-06T20:00:00,,,,,,84.67744,4.0,,,,41.311922,-105.581147,2019,10,6,20
West,Knight Hall,2019-10-06T21:00:00,,,,,,84.67744,5.0,,,,41.311922,-105.581147,2019,10,6,21
West,Knight Hall,2019-10-06T22:00:00,,,,,,84.67744,5.0,,,,41.311922,-105.581147,2019,10,6,22
West,Knight Hall,2019-10-06T23:00:00,,,,,,84.67744,5.0,,,,41.311922,-105.581147,2019,10,6,23
West,Knight Hall,2019-10-07T00:00:00,,,,,,84.67744,2.0,,,,41.311922,-105.581147,2019,10,7,0
West,Knight Hall,2019-10-07T01:00:00,,,,,,84.67744,1.0,,,,41.311922,-105.581147,2019,10,7,1
West,Knight Hall,2019-10-07T02:00:00,,,,,,84.67744,1.0,,,,41.311922,-105.581147,2019,10,7,2
West,Knight Hall,2019-10-07T03:00:00,,,,,,84.67744,1.0,,,,41.311922,-105.581147,2019,10,7,3
West,Knight Hall,2019-10-07T04:00:00,,,,,,84.67744,2.0,,,,41.311922,-105.581147,2019,10,7,4
West,Knight Hall,2019-10-07T05:00:00,,,,,,84.67744,4.0,,,,41.311922,-105.581147,2019,10,7,5
West,Knight Hall,2019-10-07T06:00:00,,,,,,84.67744,5.0,,,,41.311922,-105.581147,2019,10,7,6
West,Knight Hall,2019-10-07T07:00:00,,,,,,84.67744,5.0,,,,41.311922,-105.581147,2019,10,7,7
West,Knight Hall,2019-10-07T08:00:00,,,,,,84.67744,5.0,,,,41.311922,-105.581147,2019,10,7,8
West,Knight Hall,2019-10-07T09:00:00,,,,,,84.67744,4.0,,,,41.311922,-105.581147,2019,10,7,9
West,Knight Hall,2019-10-07T10:00:00,,,,,,84.67744,5.0,,,,41.311922,-105.581147,2019,10,7,10
West,Knight Hall,2019-10-07T11:00:00,,,,,,84.67744,3.0,,,,41.311922,-105.581147,2019,10,7,11
West,Knight Hall,2019-10-07T12:00:00,,,,,,84.67744,4.0,,,,41.311922,-105.581147,2019,10,7,12
West,Knight Hall,2019-10-07T13:00:00,,,,,,84.67744,6.0,,,,41.311922,-105.581147,2019,10,7,13
West,Knight Hall,2019-10-07T14:00:00,,,,,,84.67744,6.0,,,,41.311922,-105.581147,2019,10,7,14
West,Knight Hall,2019-10-07T15:00:00,,,,,,84.67744,6.0,,,,41.311922,-105.581147,2019,10,7,15
West,Knight Hall,2019-10-07T16:00:00,,,,,,84.67744,5.0,,,,41.311922,-105.581147,2019,10,7,16
West,Knight Hall,2019-10-07T17:00:00,,,,,,84.67744,,,,,41.311922,-105.581147,2019,10,7,17
West,Knight Hall,2019-10-07T18:00:00,,,,,,84.67744,1.0,,,,41.311922,-105.581147,2019,10,7,18
West,Knight Hall,2019-10-07T19:00:00,,,,,,84.67744,,,,,41.311922,-105.581147,2019,10,7,19
West,Knight Hall,2019-10-07T20:00:00,,,,,,84.67744,,,,,41.311922,-105.581147,2019,10,7,20
West,Knight Hall,2019-10-07T21:00:00,,,,,,84.67744,,,,,41.311922,-105.581147,2019,10,7,21
West,Knight Hall,2019-10-07T22:00:00,,,,,,84.67744,1.0,,,,41.311922,-105.581147,2019,10,7,22
West,Knight Hall,2019-10-07T23:00:00,,,,,,84.67744,,,,,41.311922,-105.581147,2019,10,7,23
West,Knight Hall,2019-10-08T00:00:00,,,,,,84.67744,1.0,,,,41.311922,-105.581147,2019,10,8,0
West,Knight Hall,2019-10-08T01:00:00,,,,,,84.67744,,,,,41.311922,-105.581147,2019,10,8,1
West,Knight Hall,2019-10-08T02:00:00,,,,,,84.67744,,,,,41.311922,-105.581147,2019,10,8,2
West,Knight Hall,2019-10-08T03:00:00,,,,,,84.67744,1.0,,,,41.311922,-105.581147,2019,10,8,3
West,Knight Hall,2019-10-08T04:00:00,,,,,,84.67744,,,,,41.311922,-105.581147,2019,10,8,4
West,Knight Hall,2019-10-08T05:00:00,,,,,,84.67744,4.0,,,,41.311922,-105.581147,2019,10,8,5
West,Knight Hall,2019-10-08T06:00:00,,,,,,84.67744,5.0,,,,41.311922,-105.581147,2019,10,8,6
West,Knight Hall,2019-10-08T07:00:00,,,,,,84.67744,5.0,,,,41.311922,-105.581147,2019,10,8,7
West,Knight Hall,2019-10-08T08:00:00,,,,,,84.67744,5.0,,,,41.311922,-105.581147,2019,10,8,8
West,Knight Hall,2019-10-08T09:00:00,,,,,,84.67744,4.0,,,,41.311922,-105.581147,2019,10,8,9
West,Knight Hall,2019-10-08T10:00:00,,,,,,84.67744,5.0,,,,41.311922,-105.581147,2019,10,8,10
West,Knight Hall,2019-10-08T11:00:00,,,,,,84.67744,4.0,,,,41.311922,-105.581147,2019,10,8,11
West,Knight Hall,2019-10-08T12:00:00,,,,,,84.67744,4.0,,,,41.311922,-105.581147,2019,10,8,12
West,Knight Hall,2019-10-08T13:00:00,,,,,,84.67744,7.0,,,,41.311922,-105.581147,2019,10,8,13
West,Knight Hall,2019-10-08T14:00:00,,,,,,84.67744,6.0,,,,41.311922,-105.581147,2019,10,8,14
West,Knight Hall,2019-10-08T15:00:00,,,,,,84.67744,6.0,,,,41.311922,-105.581147,2019,10,8,15
West,Knight Hall,2019-10-08T16:00:00,,,,,,84.67744,3.0,,,,41.311922,-105.581147,2019,10,8,16
West,Knight Hall,2019-10-08T17:00:00,,,,,,84.67744,2.0,,,,41.311922,-105.581147,2019,10,8,17
West,Knight Hall,2019-10-08T18:00:00,,,,,,84.67744,,,,,41.311922,-105.581147,2019,10,8,18
West,Knight Hall,2019-10-08T19:00:00,,,,,,84.67744,,,,,41.311922,-105.581147,2019,10,8,19
West,Knight Hall,2019-10-08T20:00:00,,,,,,84.67744,,,,,41.311922,-105.581147,2019,10,8,20
West,Knight Hall,2019-10-08T21:00:00,,,,,,84.67744,1.0,,,,41.311922,-105.581147,2019,10,8,21
West,Knight Hall,2019-10-08T22:00:00,,,,,,84.67744,,,,,41.311922,-105.581147,2019,10,8,22
West,Knight Hall,2019-10-08T23:00:00,,,,,,84.67744,,,,,41.311922,-105.581147,2019,10,8,23
West,Knight Hall,2019-10-09T00:00:00,,,,,,84.67744,,,,,41.311922,-105.581147,2019,10,9,0
West,Knight Hall,2019-10-09T01:00:00,,,,,,84.67744,,,,,41.311922,-105.581147,2019,10,9,1
West,Knight Hall,2019-10-09T02:00:00,,,,,,84.67744,,,,,41.311922,-105.581147,2019,10,9,2
West,Knight Hall,2019-10-09T03:00:00,,,,,,84.67744,,,,,41.311922,-105.581147,2019,10,9,3
West,Knight Hall,2019-10-09T04:00:00,,,,,,84.67744,,,,,41.311922,-105.581147,2019,10,9,4
West,Knight Hall,2019-10-09T05:00:00,,,,,,84.67744,,,,,41.311922,-105.581147,2019,10,9,5
West,Knight Hall,2019-10-09T06:00:00,,,,,,84.67744,,,,,41.311922,-105.581147,2019,10,9,6
West,Knight Hall,2019-10-09T07:00:00,,,,,,84.67744,,,,,41.311922,-105.581147,2019,10,9,7
West,Knight Hall,2019-10-09T08:00:00,,,,,,84.67744,,,,,41.311922,-105.581147,2019,10,9,8
West,Knight Hall,2019-10-09T09:00:00,,,,,,84.67744,,,,,41.311922,-105.581147,2019,10,9,9
West,Knight Hall,2019-10-09T10:00:00,,,,,,84.67744,,,,,41.311922,-105.581147,2019,10,9,10
West,Knight Hall,2019-10-09T11:00:00,,,,,,84.67744,,,,,41.311922,-105.581147,2019,10,9,11
West,Knight Hall,2019-10-09T12:00:00,,,,,,84.67744,,,,,41.311922,-105.581147,2019,10,9,12
West,Knight Hall,2019-10-09T13:00:00,,,,,,84.67744,,,,,41.311922,-105.581147,2019,10,9,13
West,Knight Hall,2019-10-09T14:00:00,,,,,,84.67744,,,,,41.311922,-105.581147,2019,10,9,14
West,Knight Hall,2019-10-09T15:00:00,,,,,,84.67744,,,,,41.311922,-105.581147,2019,10,9,15
West,Knight Hall,2019-10-09T16:00:00,,,,,,84.67744,,,,,41.311922,-105.581147,2019,10,9,16
West,Knight Hall,2019-10-09T17:00:00,,,,,,84.67744,,,,,41.311922,-105.581147,2019,10,9,17
West,Knight Hall,2019-10-09T18:00:00,,,,,,84.67744,,,,,41.311922,-105.581147,2019,10,9,18
West,Knight Hall,2019-10-09T19:00:00,,,,,,84.67744,1.0,,,,41.311922,-105.581147,2019,10,9,19
West,Knight Hall,2019-10-09T20:00:00,,,,,,84.67744,,,,,41.311922,-105.581147,2019,10,9,20
West,Knight Hall,2019-10-09T21:00:00,,,,,,84.67744,1.0,,,,41.311922,-105.581147,2019,10,9,21
West,Knight Hall,2019-10-09T22:00:00,,,,,,84.67744,2.0,,,,41.311922,-105.581147,2019,10,9,22
West,Knight Hall,2019-10-09T23:00:00,,,,,,84.67744,1.0,,,,41.311922,-105.581147,2019,10,9,23
West,Knight Hall,2019-10-10T00:00:00,,,,,,84.67744,2.0,,,,41.311922,-105.581147,2019,10,10,0
West,Knight Hall,2019-10-10T01:00:00,,,,,,84.67744,2.0,,,,41.311922,-105.581147,2019,10,10,1
West,Knight Hall,2019-10-10T02:00:00,,,,,,84.67744,1.0,,,,41.311922,-105.581147,2019,10,10,2
West,Knight Hall,2019-10-10T03:00:00,,,,,,84.67744,2.0,,,,41.311922,-105.581147,2019,10,10,3
West,Knight Hall,2019-10-10T04:00:00,,,,,,84.67744,2.0,,,,41.311922,-105.581147,2019,10,10,4
West,Knight Hall,2019-10-10T05:00:00,,,,,,84.67744,6.0,,,,41.311922,-105.581147,2019,10,10,5
West,Knight Hall,2019-10-10T06:00:00,,,,,,84.67744,6.0,,,,41.311922,-105.581147,2019,10,10,6
West,Knight Hall,2019-10-10T07:00:00,,,,,,84.67744,6.0,,,,41.311922,-105.581147,2019,10,10,7
West,Knight Hall,2019-10-10T08:00:00,,,,,,84.67744,2.0,,,,41.311922,-105.581147,2019,10,10,8
West,Knight Hall,2019-10-10T09:00:00,,,,,,84.67744,,,,,41.311922,-105.581147,2019,10,10,9
West,Knight Hall,2019-10-10T10:00:00,,,,,,84.67744,,,,,41.311922,-105.581147,2019,10,10,10
West,Knight Hall,2019-10-10T11:00:00,,,,,,84.67744,,,,,41.311922,-105.581147,2019,10,10,11
West,Knight Hall,2019-10-10T12:00:00,,,,,,84.67744,,,,,41.311922,-105.581147,2019,10,10,12
West,Knight Hall,2019-10-10T13:00:00,,,,,,84.67744,,,,,41.311922,-105.581147,2019,10,10,13
West,Knight Hall,2019-10-10T14:00:00,,,,,,84.67744,,,,,41.311922,-105.581147,2019,10,10,14
West,Knight Hall,2019-10-10T15:00:00,,,,,,84.67744,,,,,41.311922,-105.581147,2019,10,10,15
West,Knight Hall,2019-10-10T16:00:00,,,,,,84.67744,,,,,41.311922,-105.581147,2019,10,10,16
West,Knight Hall,2019-10-10T17:00:00,,,,,,84.67744,,,,,41.311922,-105.581147,2019,10,10,17
West,Knight Hall,2019-10-10T18:00:00,,,,,,84.67744,,,,,41.311922,-105.581147,2019,10,10,18
West,Knight Hall,2019-10-10T19:00:00,,,,,,84.67744,,,,,41.311922,-105.581147,2019,10,10,19
West,Knight Hall,2019-10-10T20:00:00,,,,,,84.67744,,,,,41.311922,-105.581147,2019,10,10,20
West,Knight Hall,2019-10-10T21:00:00,,,,,,84.67744,,,,,41.311922,-105.581147,2019,10,10,21
West,Knight Hall,2019-10-10T22:00:00,,,,,,84.67744,,,,,41.311922,-105.581147,2019,10,10,22
West,Knight Hall,2019-10-10T23:00:00,,,,,,84.67744,,,,,41.311922,-105.581147,2019,10,10,23
West,Knight Hall,2019-10-11T00:00:00,,,,,,84.67744,,,,,41.311922,-105.581147,2019,10,11,0
West,Knight Hall,2019-10-11T01:00:00,,,,,,84.67744,,,,,41.311922,-105.581147,2019,10,11,1
West,Knight Hall,2019-10-11T02:00:00,,,,,,84.67744,,,,,41.311922,-105.581147,2019,10,11,2
West,Knight Hall,2019-10-11T03:00:00,,,,,,84.67744,,,,,41.311922,-105.581147,2019,10,11,3
West,Knight Hall,2019-10-11T04:00:00,,,,,,84.67744,,,,,41.311922,-105.581147,2019,10,11,4
West,Knight Hall,2019-10-11T05:00:00,,,,,,84.67744,,,,,41.311922,-105.581147,2019,10,11,5
West,Knight Hall,2019-10-11T06:00:00,,,,,,84.67744,,,,,41.311922,-105.581147,2019,10,11,6
West,Knight Hall,2019-10-11T07:00:00,,,,,,84.67744,,,,,41.311922,-105.581147,2019,10,11,7
West,Knight Hall,2019-10-11T08:00:00,,,,,,84.67744,,,,,41.311922,-105.581147,2019,10,11,8
West,Knight Hall,2019-10-11T09:00:00,,,,,,84.67744,,,,,41.311922,-105.581147,2019,10,11,9
West,Knight Hall,2019-10-11T10:00:00,,,,,,84.67744,,,,,41.311922,-105.581147,2019,10,11,10
West,Knight Hall,2019-10-11T11:00:00,,,,,,84.67744,,,,,41.311922,-105.581147,2019,10,11,11
West,Knight Hall,2019-10-11T12:00:00,,,,,,84.67744,,,,,41.311922,-105.581147,2019,10,11,12
West,Knight Hall,2019-10-11T13:00:00,,,,,,84.67744,,,,,41.311922,-105.581147,2019,10,11,13
West,Knight Hall,2019-10-11T14:00:00,,,,,,84.67744,,,,,41.311922,-105.581147,2019,10,11,14
West,Knight Hall,2019-10-11T15:00:00,,,,,,84.67744,,,,,41.311922,-105.581147,2019,10,11,15
West,Knight Hall,2019-10-11T16:00:00,,,,,,84.67744,,,,,41.311922,-105.581147,2019,10,11,16
West,Knight Hall,2019-10-11T17:00:00,,,,,,84.67744,,,,,41.311922,-105.581147,2019,10,11,17
West,Knight Hall,2019-10-11T18:00:00,,,,,,84.67744,,,,,41.311922,-105.581147,2019,10,11,18
West,Knight Hall,2019-10-11T19:00:00,,,,,,84.67744,,,,,41.311922,-105.581147,2019,10,11,19
West,Knight Hall,2019-10-11T20:00:00,,,,,,84.67744,,,,,41.311922,-105.581147,2019,10,11,20
West,Knight Hall,2019-10-11T21:00:00,,,,,,84.67744,,,,,41.311922,-105.581147,2019,10,11,21
West,Knight Hall,2019-10-11T22:00:00,,,,,,84.67744,,,,,41.311922,-105.581147,2019,10,11,22
West,Knight Hall,2019-10-11T23:00:00,,,,,,84.67744,,,,,41.311922,-105.581147,2019,10,11,23
West,Knight Hall,2019-10-12T00:00:00,,,,,,84.67744,,,,,41.311922,-105.581147,2019,10,12,0
West,Knight Hall,2019-10-12T01:00:00,,,,,,84.67744,,,,,41.311922,-105.581147,2019,10,12,1
West,Knight Hall,2019-10-12T02:00:00,,,,,,84.67744,,,,,41.311922,-105.581147,2019,10,12,2
West,Knight Hall,2019-10-12T03:00:00,,,,,,84.67744,,,,,41.311922,-105.581147,2019,10,12,3
West,Knight Hall,2019-10-12T04:00:00,,,,,,84.67744,,,,,41.311922,-105.581147,2019,10,12,4
West,Knight Hall,2019-10-12T05:00:00,,,,,,84.67744,,,,,41.311922,-105.581147,2019,10,12,5
West,Knight Hall,2019-10-12T06:00:00,,,,,,84.67744,,,,,41.311922,-105.581147,2019,10,12,6
West,Knight Hall,2019-10-12T07:00:00,,,,,,84.67744,,,,,41.311922,-105.581147,2019,10,12,7
West,Knight Hall,2019-10-12T08:00:00,,,,,,84.67744,,,,,41.311922,-105.581147,2019,10,12,8
West,Knight Hall,2019-10-12T09:00:00,,,,,,84.67744,,,,,41.311922,-105.581147,2019,10,12,9
West,Knight Hall,2019-10-12T10:00:00,,,,,,84.67744,,,,,41.311922,-105.581147,2019,10,12,10
West,Knight Hall,2019-10-12T11:00:00,,,,,,84.67744,,,,,41.311922,-105.581147,2019,10,12,11
West,Knight Hall,2019-10-12T12:00:00,,,,,,84.67744,,,,,41.311922,-105.581147,2019,10,12,12
West,Knight Hall,2019-10-12T13:00:00,,,,,,84.67744,,,,,41.311922,-105.581147,2019,10,12,13
West,Knight Hall,2019-10-12T14:00:00,,,,,,84.67744,,,,,41.311922,-105.581147,2019,10,12,14
West,Knight Hall,2019-10-12T15:00:00,,,,,,84.67744,,,,,41.311922,-105.581147,2019,10,12,15
West,Knight Hall,2019-10-12T16:00:00,,,,,,84.67744,,,,,41.311922,-105.581147,2019,10,12,16
West,Knight Hall,2019-10-12T17:00:00,,,,,,84.67744,,,,,41.311922,-105.581147,2019,10,12,17
West,Knight Hall,2019-10-12T18:00:00,,,,,,84.67744,,,,,41.311922,-105.581147,2019,10,12,18
West,Knight Hall,2019-10-12T19:00:00,,,,,,84.67744,,,,,41.311922,-105.581147,2019,10,12,19
West,Knight Hall,2019-10-12T20:00:00,,,,,,84.67744,,,,,41.311922,-105.581147,2019,10,12,20
West,Knight Hall,2019-10-12T21:00:00,,,,,,84.67744,,,,,41.311922,-105.581147,2019,10,12,21
West,Knight Hall,2019-10-12T22:00:00,,,,,,84.67744,,,,,41.311922,-105.581147,2019,10,12,22
West,Knight Hall,2019-10-12T23:00:00,,,,,,84.67744,,,,,41.311922,-105.581147,2019,10,12,23
West,Knight Hall,2019-10-13T00:00:00,,,,,,84.67744,,,,,41.311922,-105.581147,2019,10,13,0
West,Knight Hall,2019-10-13T01:00:00,,,,,,84.67744,,,,,41.311922,-105.581147,2019,10,13,1
West,Knight Hall,2019-10-13T02:00:00,,,,,,84.67744,,,,,41.311922,-105.581147,2019,10,13,2
West,Knight Hall,2019-10-13T03:00:00,,,,,,84.67744,,,,,41.311922,-105.581147,2019,10,13,3
West,Knight Hall,2019-10-13T04:00:00,,,,,,84.67744,,,,,41.311922,-105.581147,2019,10,13,4
West,Knight Hall,2019-10-13T05:00:00,,,,,,84.67744,,,,,41.311922,-105.581147,2019,10,13,5
West,Knight Hall,2019-10-13T06:00:00,,,,,,84.67744,,,,,41.311922,-105.581147,2019,10,13,6
West,Knight Hall,2019-10-13T07:00:00,,,,,,84.67744,,,,,41.311922,-105.581147,2019,10,13,7
West,Knight Hall,2019-10-13T08:00:00,,,,,,84.67744,,,,,41.311922,-105.581147,2019,10,13,8
West,Knight Hall,2019-10-13T09:00:00,,,,,,84.67744,,,,,41.311922,-105.581147,2019,10,13,9
West,Knight Hall,2019-10-13T10:00:00,,,,,,84.67744,,,,,41.311922,-105.581147,2019,10,13,10
West,Knight Hall,2019-10-13T11:00:00,,,,,,84.67744,,,,,41.311922,-105.581147,2019,10,13,11
West,Knight Hall,2019-10-13T12:00:00,,,,,,84.67744,,,,,41.311922,-105.581147,2019,10,13,12
West,Knight Hall,2019-10-13T13:00:00,,,,,,84.67744,,,,,41.311922,-105.581147,2019,10,13,13
West,Knight Hall,2019-10-13T14:00:00,,,,,,84.67744,,,,,41.311922,-105.581147,2019,10,13,14
West,Knight Hall,2019-10-13T15:00:00,,,,,,84.67744,,,,,41.311922,-105.581147,2019,10,13,15
West,Knight Hall,2019-10-13T16:00:00,,,,,,84.67744,,,,,41.311922,-105.581147,2019,10,13,16
West,Knight Hall,2019-10-13T17:00:00,,,,,,84.67744,,,,,41.311922,-105.581147,2019,10,13,17
West,Knight Hall,2019-10-13T18:00:00,,,,,,84.67744,,,,,41.311922,-105.581147,2019,10,13,18
West,Knight Hall,2019-10-13T19:00:00,,,,,,84.67744,,,,,41.311922,-105.581147,2019,10,13,19
West,Knight Hall,2019-10-13T20:00:00,,,,,,84.67744,,,,,41.311922,-105.581147,2019,10,13,20
West,Knight Hall,2019-10-13T21:00:00,,,,,,84.67744,,,,,41.311922,-105.581147,2019,10,13,21
West,Knight Hall,2019-10-13T22:00:00,,,,,,84.67744,,,,,41.311922,-105.581147,2019,10,13,22
West,Knight Hall,2019-10-13T23:00:00,,,,,,84.67744,,,,,41.311922,-105.581147,2019,10,13,23
West,Knight Hall,2019-10-14T00:00:00,,,,,,84.67744,,,,,41.311922,-105.581147,2019,10,14,0
West,Knight Hall,2019-10-14T01:00:00,,,,,,84.67744,,,,,41.311922,-105.581147,2019,10,14,1
West,Knight Hall,2019-10-14T02:00:00,,,,,,84.67744,,,,,41.311922,-105.581147,2019,10,14,2
West,Knight Hall,2019-10-14T03:00:00,,,,,,84.67744,,,,,41.311922,-105.581147,2019,10,14,3
West,Knight Hall,2019-10-14T04:00:00,,,,,,84.67744,,,,,41.311922,-105.581147,2019,10,14,4
West,Knight Hall,2019-10-14T05:00:00,,,,,,84.67744,,,,,41.311922,-105.581147,2019,10,14,5
West,Knight Hall,2019-10-14T06:00:00,,,,,,84.67744,,,,,41.311922,-105.581147,2019,10,14,6
West,Knight Hall,2019-10-14T07:00:00,,,,,,84.67744,,,,,41.311922,-105.581147,2019,10,14,7
West,Knight Hall,2019-10-14T08:00:00,,,,,,84.67744,,,,,41.311922,-105.581147,2019,10,14,8
West,Knight Hall,2019-10-14T09:00:00,,,,,,84.67744,,,,,41.311922,-105.581147,2019,10,14,9
West,Knight Hall,2019-10-14T10:00:00,,,,,,84.67744,,,,,41.311922,-105.581147,2019,10,14,10
West,Knight Hall,2019-10-14T11:00:00,,,,,,84.67744,,,,,41.311922,-105.581147,2019,10,14,11
West,Knight Hall,2019-10-14T12:00:00,,,,,,84.67744,,,,,41.311922,-105.581147,2019,10,14,12
West,Knight Hall,2019-10-14T13:00:00,,,,,,84.67744,,,,,41.311922,-105.581147,2019,10,14,13
West,Knight Hall,2019-10-14T14:00:00,,,,,,84.67744,,,,,41.311922,-105.581147,2019,10,14,14
West,Knight Hall,2019-10-14T15:00:00,,,,,,84.67744,,,,,41.311922,-105.581147,2019,10,14,15
West,Knight Hall,2019-10-14T16:00:00,,,,,,84.67744,,,,,41.311922,-105.581147,2019,10,14,16
West,Knight Hall,2019-10-14T17:00:00,,,,,,84.67744,,,,,41.311922,-105.581147,2019,10,14,17
West,Knight Hall,2019-10-14T18:00:00,,,,,,84.67744,,,,,41.311922,-105.581147,2019,10,14,18
West,Knight Hall,2019-10-14T19:00:00,,,,,,84.67744,,,,,41.311922,-105.581147,2019,10,14,19
West,Knight Hall,2019-10-14T20:00:00,,,,,,84.67744,,,,,41.311922,-105.581147,2019,10,14,20
West,Knight Hall,2019-10-14T21:00:00,,,,,,84.67744,,,,,41.311922,-105.581147,2019,10,14,21
West,Knight Hall,2019-10-14T22:00:00,,,,,,84.67744,,,,,41.311922,-105.581147,2019,10,14,22
West,Knight Hall,2019-10-14T23:00:00,,,,,,84.67744,,,,,41.311922,-105.581147,2019,10,14,23
West,Knight Hall,2019-10-15T00:00:00,,,,,,84.67744,,,,,41.311922,-105.581147,2019,10,15,0
West,Knight Hall,2019-10-15T01:00:00,,,,,,84.67744,,,,,41.311922,-105.581147,2019,10,15,1
West,Knight Hall,2019-10-15T02:00:00,,,,,,84.67744,,,,,41.311922,-105.581147,2019,10,15,2
West,Knight Hall,2019-10-15T03:00:00,,,,,,84.67744,,,,,41.311922,-105.581147,2019,10,15,3
West,Knight Hall,2019-10-15T04:00:00,,,,,,84.67744,,,,,41.311922,-105.581147,2019,10,15,4
West,Knight Hall,2019-10-15T05:00:00,,,,,,84.67744,,,,,41.311922,-105.581147,2019,10,15,5
West,Knight Hall,2019-10-15T06:00:00,,,,,,84.67744,,,,,41.311922,-105.581147,2019,10,15,6
West,Knight Hall,2019-10-15T07:00:00,,,,,,84.67744,,,,,41.311922,-105.581147,2019,10,15,7
West,Knight Hall,2019-10-15T08:00:00,,,,,,84.67744,,,,,41.311922,-105.581147,2019,10,15,8
West,Knight Hall,2019-10-15T09:00:00,,,,,,84.67744,,,,,41.311922,-105.581147,2019,10,15,9
West,Knight Hall,2019-10-15T10:00:00,,,,,,84.67744,,,,,41.311922,-105.581147,2019,10,15,10
West,Knight Hall,2019-10-15T11:00:00,,,,,,84.67744,,,,,41.311922,-105.581147,2019,10,15,11
West,Knight Hall,2019-10-15T12:00:00,,,,,,84.67744,,,,,41.311922,-105.581147,2019,10,15,12
West,Knight Hall,2019-10-15T13:00:00,,,,,,84.67744,,,,,41.311922,-105.581147,2019,10,15,13
West,Knight Hall,2019-10-15T14:00:00,,,,,,84.67744,,,,,41.311922,-105.581147,2019,10,15,14
West,Knight Hall,2019-10-15T15:00:00,,,,,,84.67744,,,,,41.311922,-105.581147,2019,10,15,15
West,Knight Hall,2019-10-15T16:00:00,,,,,,84.67744,,,,,41.311922,-105.581147,2019,10,15,16
West,Knight Hall,2019-10-15T17:00:00,,,,,,84.67744,,,,,41.311922,-105.581147,2019,10,15,17
West,Knight Hall,2019-10-15T18:00:00,,,,,,84.67744,,,,,41.311922,-105.581147,2019,10,15,18
West,Knight Hall,2019-10-15T19:00:00,,,,,,84.67744,,,,,41.311922,-105.581147,2019,10,15,19
West,Knight Hall,2019-10-15T20:00:00,,,,,,84.67744,,,,,41.311922,-105.581147,2019,10,15,20
West,Knight Hall,2019-10-15T21:00:00,,,,,,84.67744,,,,,41.311922,-105.581147,2019,10,15,21
West,Knight Hall,2019-10-15T22:00:00,,,,,,84.67744,,,,,41.311922,-105.581147,2019,10,15,22
West,Knight Hall,2019-10-15T23:00:00,,,,,,84.67744,,,,,41.311922,-105.581147,2019,10,15,23
West,Knight Hall,2019-10-16T00:00:00,,,,,,84.67744,,,,,41.311922,-105.581147,2019,10,16,0
West,Knight Hall,2019-10-16T01:00:00,,,,,,84.67744,,,,,41.311922,-105.581147,2019,10,16,1
West,Knight Hall,2019-10-16T02:00:00,,,,,,84.67744,,,,,41.311922,-105.581147,2019,10,16,2
West,Knight Hall,2019-10-16T03:00:00,,,,,,84.67744,,,,,41.311922,-105.581147,2019,10,16,3
West,Knight Hall,2019-10-16T04:00:00,,,,,,84.67744,,,,,41.311922,-105.581147,2019,10,16,4
West,Knight Hall,2019-10-16T05:00:00,,,,,,84.67744,,,,,41.311922,-105.581147,2019,10,16,5
West,Knight Hall,2019-10-16T06:00:00,,,,,,84.67744,,,,,41.311922,-105.581147,2019,10,16,6
West,Knight Hall,2019-10-16T07:00:00,,,,,,84.67744,,,,,41.311922,-105.581147,2019,10,16,7
West,Knight Hall,2019-10-16T08:00:00,,,,,,84.67744,,,,,41.311922,-105.581147,2019,10,16,8
West,Knight Hall,2019-10-16T09:00:00,,,,,,84.67744,,,,,41.311922,-105.581147,2019,10,16,9
West,Knight Hall,2019-10-16T10:00:00,,,,,,84.67744,,,,,41.311922,-105.581147,2019,10,16,10
West,Knight Hall,2019-10-16T11:00:00,,,,,,84.67744,,,,,41.311922,-105.581147,2019,10,16,11
West,Knight Hall,2019-10-16T12:00:00,,,,,,84.67744,,,,,41.311922,-105.581147,2019,10,16,12
West,Knight Hall,2019-10-16T13:00:00,,,,,,84.67744,,,,,41.311922,-105.581147,2019,10,16,13
West,Knight Hall,2019-10-16T14:00:00,,,,,,84.67744,,,,,41.311922,-105.581147,2019,10,16,14
West,Knight Hall,2019-10-16T15:00:00,,,,,,84.67744,,,,,41.311922,-105.581147,2019,10,16,15
West,Knight Hall,2019-10-16T16:00:00,,,,,,84.67744,,,,,41.311922,-105.581147,2019,10,16,16
West,Knight Hall,2019-10-16T17:00:00,,,,,,84.67744,,,,,41.311922,-105.581147,2019,10,16,17
West,Knight Hall,2019-10-16T18:00:00,,,,,,84.67744,,,,,41.311922,-105.581147,2019,10,16,18
West,Knight Hall,2019-10-16T19:00:00,,,,,,84.67744,,,,,41.311922,-105.581147,2019,10,16,19
West,Knight Hall,2019-10-16T20:00:00,,,,,,84.67744,,,,,41.311922,-105.581147,2019,10,16,20
West,Knight Hall,2019-10-16T21:00:00,,,,,,84.67744,,,,,41.311922,-105.581147,2019,10,16,21
West,Knight Hall,2019-10-16T22:00:00,,,,,,84.67744,,,,,41.311922,-105.581147,2019,10,16,22
West,Knight Hall,2019-10-16T23:00:00,,,,,,84.67744,,,,,41.311922,-105.581147,2019,10,16,23
West,Knight Hall,2019-10-17T00:00:00,,,,,,84.67744,,,,,41.311922,-105.581147,2019,10,17,0
West,Knight Hall,2019-10-17T01:00:00,,,,,,84.67744,,,,,41.311922,-105.581147,2019,10,17,1
West,Knight Hall,2019-10-17T02:00:00,,,,,,84.67744,,,,,41.311922,-105.581147,2019,10,17,2
West,Knight Hall,2019-10-17T03:00:00,,,,,,84.67744,,,,,41.311922,-105.581147,2019,10,17,3
West,Knight Hall,2019-10-17T04:00:00,,,,,,84.67744,,,,,41.311922,-105.581147,2019,10,17,4
West,Knight Hall,2019-10-17T05:00:00,,,,,,84.67744,,,,,41.311922,-105.581147,2019,10,17,5
West,Knight Hall,2019-10-17T06:00:00,,,,,,84.67744,,,,,41.311922,-105.581147,2019,10,17,6
West,Knight Hall,2019-10-17T07:00:00,,,,,,84.67744,,,,,41.311922,-105.581147,2019,10,17,7
West,Knight Hall,2019-10-17T08:00:00,,,,,,84.67744,,,,,41.311922,-105.581147,2019,10,17,8
West,Knight Hall,2019-10-17T09:00:00,,,,,,84.67744,,,,,41.311922,-105.581147,2019,10,17,9
West,Knight Hall,2019-10-17T10:00:00,,,,,,84.67744,,,,,41.311922,-105.581147,2019,10,17,10
West,Knight Hall,2019-10-17T11:00:00,,,,,,84.67744,,,,,41.311922,-105.581147,2019,10,17,11
West,Knight Hall,2019-10-17T12:00:00,,,,,,84.67744,,,,,41.311922,-105.581147,2019,10,17,12
West,Knight Hall,2019-10-17T13:00:00,,,,,,84.67744,,,,,41.311922,-105.581147,2019,10,17,13
West,Knight Hall,2019-10-17T14:00:00,,,,,,84.67744,,,,,41.311922,-105.581147,2019,10,17,14
West,Knight Hall,2019-10-17T15:00:00,,,,,,84.67744,,,,,41.311922,-105.581147,2019,10,17,15
West,Knight Hall,2019-10-17T16:00:00,,,,,,84.67744,,,,,41.311922,-105.581147,2019,10,17,16
West,Knight Hall,2019-10-17T17:00:00,,,,,,84.67744,,,,,41.311922,-105.581147,2019,10,17,17
West,Knight Hall,2019-10-17T18:00:00,,,,,,84.67744,,,,,41.311922,-105.581147,2019,10,17,18
West,Knight Hall,2019-10-17T19:00:00,,,,,,84.67744,,,,,41.311922,-105.581147,2019,10,17,19
West,Knight Hall,2019-10-17T20:00:00,,,,,,84.67744,,,,,41.311922,-105.581147,2019,10,17,20
West,Knight Hall,2019-10-17T21:00:00,,,,,,84.67744,,,,,41.311922,-105.581147,2019,10,17,21
West,Knight Hall,2019-10-17T22:00:00,,,,,,84.67744,,,,,41.311922,-105.581147,2019,10,17,22
West,Knight Hall,2019-10-17T23:00:00,,,,,,84.67744,,,,,41.311922,-105.581147,2019,10,17,23
West,Knight Hall,2019-10-18T00:00:00,,,,,,84.67744,,,,,41.311922,-105.581147,2019,10,18,0
West,Knight Hall,2019-10-18T01:00:00,,,,,,84.67744,,,,,41.311922,-105.581147,2019,10,18,1
West,Knight Hall,2019-10-18T02:00:00,,,,,,84.67744,,,,,41.311922,-105.581147,2019,10,18,2
West,Knight Hall,2019-10-18T03:00:00,,,,,,84.67744,,,,,41.311922,-105.581147,2019,10,18,3
West,Knight Hall,2019-10-18T04:00:00,,,,,,84.67744,,,,,41.311922,-105.581147,2019,10,18,4
West,Knight Hall,2019-10-18T05:00:00,,,,,,84.67744,,,,,41.311922,-105.581147,2019,10,18,5
West,Knight Hall,2019-10-18T06:00:00,,,,,,84.67744,,,,,41.311922,-105.581147,2019,10,18,6
West,Knight Hall,2019-10-18T07:00:00,,,,,,84.67744,,,,,41.311922,-105.581147,2019,10,18,7
West,Knight Hall,2019-10-18T08:00:00,,,,,,84.67744,,,,,41.311922,-105.581147,2019,10,18,8
West,Knight Hall,2019-10-18T09:00:00,,,,,,84.67744,,,,,41.311922,-105.581147,2019,10,18,9
West,Knight Hall,2019-10-18T10:00:00,,,,,,84.67744,,,,,41.311922,-105.581147,2019,10,18,10
West,Knight Hall,2019-10-18T11:00:00,,,,,,84.67744,,,,,41.311922,-105.581147,2019,10,18,11
West,Knight Hall,2019-10-18T12:00:00,,,,,,84.67744,,,,,41.311922,-105.581147,2019,10,18,12
West,Knight Hall,2019-10-18T13:00:00,,,,,,84.67744,,,,,41.311922,-105.581147,2019,10,18,13
West,Knight Hall,2019-10-18T14:00:00,,,,,,84.67744,,,,,41.311922,-105.581147,2019,10,18,14
West,Knight Hall,2019-10-18T15:00:00,,,,,,84.67744,,,,,41.311922,-105.581147,2019,10,18,15
West,Knight Hall,2019-10-18T16:00:00,,,,,,84.67744,,,,,41.311922,-105.581147,2019,10,18,16
West,Knight Hall,2019-10-18T17:00:00,,,,,,84.67744,,,,,41.311922,-105.581147,2019,10,18,17
West,Knight Hall,2019-10-18T18:00:00,,,,,,84.67744,,,,,41.311922,-105.581147,2019,10,18,18
West,Knight Hall,2019-10-18T19:00:00,,,,,,84.67744,,,,,41.311922,-105.581147,2019,10,18,19
West,Knight Hall,2019-10-18T20:00:00,,,,,,84.67744,,,,,41.311922,-105.581147,2019,10,18,20
West,Knight Hall,2019-10-18T21:00:00,,,,,,84.67744,,,,,41.311922,-105.581147,2019,10,18,21
West,Knight Hall,2019-10-18T22:00:00,,,,,,84.67744,,,,,41.311922,-105.581147,2019,10,18,22
West,Knight Hall,2019-10-18T23:00:00,,,,,,84.67744,,,,,41.311922,-105.581147,2019,10,18,23
West,Knight Hall,2019-10-19T00:00:00,,,,,,84.67744,,,,,41.311922,-105.581147,2019,10,19,0
West,Knight Hall,2019-10-19T01:00:00,,,,,,84.67744,,,,,41.311922,-105.581147,2019,10,19,1
West,Knight Hall,2019-10-19T02:00:00,,,,,,84.67744,,,,,41.311922,-105.581147,2019,10,19,2
West,Knight Hall,2019-10-19T03:00:00,,,,,,84.67744,,,,,41.311922,-105.581147,2019,10,19,3
West,Knight Hall,2019-10-19T04:00:00,,,,,,84.67744,,,,,41.311922,-105.581147,2019,10,19,4
West,Knight Hall,2019-10-19T05:00:00,,,,,,84.67744,,,,,41.311922,-105.581147,2019,10,19,5
West,Knight Hall,2019-10-19T06:00:00,,,,,,84.67744,,,,,41.311922,-105.581147,2019,10,19,6
West,Knight Hall,2019-10-19T07:00:00,,,,,,84.67744,,,,,41.311922,-105.581147,2019,10,19,7
West,Knight Hall,2019-10-19T08:00:00,,,,,,84.67744,,,,,41.311922,-105.581147,2019,10,19,8
West,Knight Hall,2019-10-19T09:00:00,,,,,,84.67744,,,,,41.311922,-105.581147,2019,10,19,9
West,Knight Hall,2019-10-19T10:00:00,,,,,,84.67744,,,,,41.311922,-105.581147,2019,10,19,10
West,Knight Hall,2019-10-19T11:00:00,,,,,,84.67744,,,,,41.311922,-105.581147,2019,10,19,11
West,Knight Hall,2019-10-19T12:00:00,,,,,,84.67744,,,,,41.311922,-105.581147,2019,10,19,12
West,Knight Hall,2019-10-19T13:00:00,,,,,,84.67744,,,,,41.311922,-105.581147,2019,10,19,13
West,Knight Hall,2019-10-19T14:00:00,,,,,,84.67744,,,,,41.311922,-105.581147,2019,10,19,14
West,Knight Hall,2019-10-19T15:00:00,,,,,,84.67744,,,,,41.311922,-105.581147,2019,10,19,15
West,Knight Hall,2019-10-19T16:00:00,,,,,,84.67744,,,,,41.311922,-105.581147,2019,10,19,16
West,Knight Hall,2019-10-19T17:00:00,,,,,,84.67744,,,,,41.311922,-105.581147,2019,10,19,17
West,Knight Hall,2019-10-19T18:00:00,,,,,,84.67744,,,,,41.311922,-105.581147,2019,10,19,18
West,Knight Hall,2019-10-19T19:00:00,,,,,,84.67744,,,,,41.311922,-105.581147,2019,10,19,19
West,Knight Hall,2019-10-19T20:00:00,,,,,,84.67744,,,,,41.311922,-105.581147,2019,10,19,20
West,Knight Hall,2019-10-19T21:00:00,,,,,,84.67744,,,,,41.311922,-105.581147,2019,10,19,21
West,Knight Hall,2019-10-19T22:00:00,,,,,,84.67744,,,,,41.311922,-105.581147,2019,10,19,22
West,Knight Hall,2019-10-19T23:00:00,,,,,,84.67744,,,,,41.311922,-105.581147,2019,10,19,23
West,Knight Hall,2019-10-20T00:00:00,,,,,,84.67744,,,,,41.311922,-105.581147,2019,10,20,0
West,Knight Hall,2019-10-20T01:00:00,,,,,,84.67744,,,,,41.311922,-105.581147,2019,10,20,1
West,Knight Hall,2019-10-20T02:00:00,,,,,,84.67744,,,,,41.311922,-105.581147,2019,10,20,2
West,Knight Hall,2019-10-20T03:00:00,,,,,,84.67744,,,,,41.311922,-105.581147,2019,10,20,3
West,Knight Hall,2019-10-20T04:00:00,,,,,,84.67744,,,,,41.311922,-105.581147,2019,10,20,4
West,Knight Hall,2019-10-20T05:00:00,,,,,,84.67744,,,,,41.311922,-105.581147,2019,10,20,5
West,Knight Hall,2019-10-20T06:00:00,,,,,,84.67744,,,,,41.311922,-105.581147,2019,10,20,6
West,Knight Hall,2019-10-20T07:00:00,,,,,,84.67744,,,,,41.311922,-105.581147,2019,10,20,7
West,Knight Hall,2019-10-20T08:00:00,,,,,,84.67744,,,,,41.311922,-105.581147,2019,10,20,8
West,Knight Hall,2019-10-20T09:00:00,,,,,,84.67744,,,,,41.311922,-105.581147,2019,10,20,9
West,Knight Hall,2019-10-20T10:00:00,,,,,,84.67744,,,,,41.311922,-105.581147,2019,10,20,10
West,Knight Hall,2019-10-20T11:00:00,,,,,,84.67744,,,,,41.311922,-105.581147,2019,10,20,11
West,Knight Hall,2019-10-20T12:00:00,,,,,,84.67744,,,,,41.311922,-105.581147,2019,10,20,12
West,Knight Hall,2019-10-20T13:00:00,,,,,,84.67744,,,,,41.311922,-105.581147,2019,10,20,13
West,Knight Hall,2019-10-20T14:00:00,,,,,,84.67744,,,,,41.311922,-105.581147,2019,10,20,14
West,Knight Hall,2019-10-20T15:00:00,,,,,,84.67744,,,,,41.311922,-105.581147,2019,10,20,15
West,Knight Hall,2019-10-20T16:00:00,,,,,,84.67744,,,,,41.311922,-105.581147,2019,10,20,16
West,Knight Hall,2019-10-20T17:00:00,,,,,,84.67744,,,,,41.311922,-105.581147,2019,10,20,17
West,Knight Hall,2019-10-20T18:00:00,,,,,,84.67744,,,,,41.311922,-105.581147,2019,10,20,18
West,Knight Hall,2019-10-20T19:00:00,,,,,,84.67744,,,,,41.311922,-105.581147,2019,10,20,19
West,Knight Hall,2019-10-20T20:00:00,,,,,,84.67744,,,,,41.311922,-105.581147,2019,10,20,20
West,Knight Hall,2019-10-20T21:00:00,,,,,,84.67744,,,,,41.311922,-105.581147,2019,10,20,21
West,Knight Hall,2019-10-20T22:00:00,,,,,,84.67744,,,,,41.311922,-105.581147,2019,10,20,22
West,Knight Hall,2019-10-20T23:00:00,,,,,,84.67744,,,,,41.311922,-105.581147,2019,10,20,23
West,Knight Hall,2019-10-21T00:00:00,,,,,,84.67744,,,,,41.311922,-105.581147,2019,10,21,0
West,Knight Hall,2019-10-21T01:00:00,,,,,,84.67744,,,,,41.311922,-105.581147,2019,10,21,1
West,Knight Hall,2019-10-21T02:00:00,,,,,,84.67744,,,,,41.311922,-105.581147,2019,10,21,2
West,Knight Hall,2019-10-21T03:00:00,,,,,,84.67744,,,,,41.311922,-105.581147,2019,10,21,3
West,Knight Hall,2019-10-21T04:00:00,,,,,,84.67744,,,,,41.311922,-105.581147,2019,10,21,4
West,Knight Hall,2019-10-21T05:00:00,,,,,,84.67744,,,,,41.311922,-105.581147,2019,10,21,5
West,Knight Hall,2019-10-21T06:00:00,,,,,,84.67744,,,,,41.311922,-105.581147,2019,10,21,6
West,Knight Hall,2019-10-21T07:00:00,,,,,,84.67744,,,,,41.311922,-105.581147,2019,10,21,7
West,Knight Hall,2019-10-21T08:00:00,,,,,,84.67744,,,,,41.311922,-105.581147,2019,10,21,8
West,Knight Hall,2019-10-21T09:00:00,,,,,,84.67744,,,,,41.311922,-105.581147,2019,10,21,9
West,Knight Hall,2019-10-21T10:00:00,,,,,,84.67744,,,,,41.311922,-105.581147,2019,10,21,10
West,Knight Hall,2019-10-21T11:00:00,,,,,,84.67744,,,,,41.311922,-105.581147,2019,10,21,11
West,Knight Hall,2019-10-21T12:00:00,,,,,,84.67744,,,,,41.311922,-105.581147,2019,10,21,12
West,Knight Hall,2019-10-21T13:00:00,,,,,,84.67744,,,,,41.311922,-105.581147,2019,10,21,13
West,Knight Hall,2019-10-21T14:00:00,,,,,,84.67744,,,,,41.311922,-105.581147,2019,10,21,14
West,Knight Hall,2019-10-21T15:00:00,,,,,,84.67744,,,,,41.311922,-105.581147,2019,10,21,15
West,Knight Hall,2019-10-21T16:00:00,,,,,,84.67744,,,,,41.311922,-105.581147,2019,10,21,16
West,Knight Hall,2019-10-21T17:00:00,,,,,,84.67744,,,,,41.311922,-105.581147,2019,10,21,17
West,Knight Hall,2019-10-21T18:00:00,,,,,,84.67744,,,,,41.311922,-105.581147,2019,10,21,18
West,Knight Hall,2019-10-21T19:00:00,,,,,,84.67744,,,,,41.311922,-105.581147,2019,10,21,19
West,Knight Hall,2019-10-21T20:00:00,,,,,,84.67744,,,,,41.311922,-105.581147,2019,10,21,20
West,Knight Hall,2019-10-21T21:00:00,,,,,,84.67744,,,,,41.311922,-105.581147,2019,10,21,21
West,Knight Hall,2019-10-21T22:00:00,,,,,,84.67744,,,,,41.311922,-105.581147,2019,10,21,22
West,Knight Hall,2019-10-21T23:00:00,,,,,,84.67744,,,,,41.311922,-105.581147,2019,10,21,23
West,Knight Hall,2019-10-22T00:00:00,,,,,,84.67744,,,,,41.311922,-105.581147,2019,10,22,0
West,Knight Hall,2019-10-22T01:00:00,,,,,,84.67744,,,,,41.311922,-105.581147,2019,10,22,1
West,Knight Hall,2019-10-22T02:00:00,,,,,,84.67744,,,,,41.311922,-105.581147,2019,10,22,2
West,Knight Hall,2019-10-22T03:00:00,,,,,,84.67744,,,,,41.311922,-105.581147,2019,10,22,3
West,Knight Hall,2019-10-22T04:00:00,,,,,,84.67744,,,,,41.311922,-105.581147,2019,10,22,4
West,Knight Hall,2019-10-22T05:00:00,,,,,,84.67744,,,,,41.311922,-105.581147,2019,10,22,5
West,Knight Hall,2019-10-22T06:00:00,,,,,,84.67744,,,,,41.311922,-105.581147,2019,10,22,6
West,Knight Hall,2019-10-22T07:00:00,,,,,,84.67744,,,,,41.311922,-105.581147,2019,10,22,7
West,Knight Hall,2019-10-22T08:00:00,,,,,,84.67744,,,,,41.311922,-105.581147,2019,10,22,8
West,Knight Hall,2019-10-22T09:00:00,,,,,,84.67744,,,,,41.311922,-105.581147,2019,10,22,9
West,Knight Hall,2019-10-22T10:00:00,,,,,,84.67744,,,,,41.311922,-105.581147,2019,10,22,10
West,Knight Hall,2019-10-22T11:00:00,,,,,,84.67744,,,,,41.311922,-105.581147,2019,10,22,11
West,Knight Hall,2019-10-22T12:00:00,,,,,,84.67744,,,,,41.311922,-105.581147,2019,10,22,12
West,Knight Hall,2019-10-22T13:00:00,,,,,,84.67744,,,,,41.311922,-105.581147,2019,10,22,13
West,Knight Hall,2019-10-22T14:00:00,,,,,,84.67744,,,,,41.311922,-105.581147,2019,10,22,14
West,Knight Hall,2019-10-22T15:00:00,,,,,,84.67744,,,,,41.311922,-105.581147,2019,10,22,15
West,Knight Hall,2019-10-22T16:00:00,,,,,,84.67744,,,,,41.311922,-105.581147,2019,10,22,16
West,Knight Hall,2019-10-22T17:00:00,,,,,,84.67744,,,,,41.311922,-105.581147,2019,10,22,17
West,Knight Hall,2019-10-22T18:00:00,,,,,,84.67744,,,,,41.311922,-105.581147,2019,10,22,18
West,Knight Hall,2019-10-22T19:00:00,,,,,,84.67744,,,,,41.311922,-105.581147,2019,10,22,19
West,Knight Hall,2019-10-22T20:00:00,,,,,,84.67744,,,,,41.311922,-105.581147,2019,10,22,20
West,Knight Hall,2019-10-22T21:00:00,,,,,,84.67744,,,,,41.311922,-105.581147,2019,10,22,21
West,Knight Hall,2019-10-22T22:00:00,,,,,,84.67744,,,,,41.311922,-105.581147,2019,10,22,22
West,Knight Hall,2019-10-22T23:00:00,,,,,,84.67744,,,,,41.311922,-105.581147,2019,10,22,23
West,Knight Hall,2019-10-23T00:00:00,,,,,,84.67744,,,,,41.311922,-105.581147,2019,10,23,0
West,Knight Hall,2019-10-23T01:00:00,,,,,,84.67744,,,,,41.311922,-105.581147,2019,10,23,1
West,Knight Hall,2019-10-23T02:00:00,,,,,,84.67744,,,,,41.311922,-105.581147,2019,10,23,2
West,Knight Hall,2019-10-23T03:00:00,,,,,,84.67744,,,,,41.311922,-105.581147,2019,10,23,3
West,Knight Hall,2019-10-23T04:00:00,,,,,,84.67744,,,,,41.311922,-105.581147,2019,10,23,4
West,Knight Hall,2019-10-23T05:00:00,,,,,,84.67744,,,,,41.311922,-105.581147,2019,10,23,5
West,Knight Hall,2019-10-23T06:00:00,,,,,,84.67744,,,,,41.311922,-105.581147,2019,10,23,6
West,Knight Hall,2019-10-23T07:00:00,,,,,,84.67744,,,,,41.311922,-105.581147,2019,10,23,7
West,Knight Hall,2019-10-23T08:00:00,,,,,,84.67744,,,,,41.311922,-105.581147,2019,10,23,8
West,Knight Hall,2019-10-23T09:00:00,,,,,,84.67744,,,,,41.311922,-105.581147,2019,10,23,9
West,Knight Hall,2019-10-23T10:00:00,,,,,,84.67744,,,,,41.311922,-105.581147,2019,10,23,10
West,Knight Hall,2019-10-23T11:00:00,,,,,,84.67744,,,,,41.311922,-105.581147,2019,10,23,11
West,Knight Hall,2019-10-23T12:00:00,,,,,,84.67744,,,,,41.311922,-105.581147,2019,10,23,12
West,Knight Hall,2019-10-23T13:00:00,,,,,,84.67744,,,,,41.311922,-105.581147,2019,10,23,13
West,Knight Hall,2019-10-23T14:00:00,,,,,,84.67744,,,,,41.311922,-105.581147,2019,10,23,14
West,Knight Hall,2019-10-23T15:00:00,,,,,,84.67744,,,,,41.311922,-105.581147,2019,10,23,15
West,Knight Hall,2019-10-23T16:00:00,,,,,,84.67744,,,,,41.311922,-105.581147,2019,10,23,16
West,Knight Hall,2019-10-23T17:00:00,,,,,,84.67744,,,,,41.311922,-105.581147,2019,10,23,17
West,Knight Hall,2019-10-23T18:00:00,,,,,,84.67744,,,,,41.311922,-105.581147,2019,10,23,18
West,Knight Hall,2019-10-23T19:00:00,,,,,,84.67744,,,,,41.311922,-105.581147,2019,10,23,19
West,Knight Hall,2019-10-23T20:00:00,,,,,,84.67744,,,,,41.311922,-105.581147,2019,10,23,20
West,Knight Hall,2019-10-23T21:00:00,,,,,,84.67744,,,,,41.311922,-105.581147,2019,10,23,21
West,Knight Hall,2019-10-23T22:00:00,,,,,,84.67744,,,,,41.311922,-105.581147,2019,10,23,22
West,Knight Hall,2019-10-23T23:00:00,,,,,,84.67744,,,,,41.311922,-105.581147,2019,10,23,23
West,Knight Hall,2019-10-24T00:00:00,,,,,,84.67744,,,,,41.311922,-105.581147,2019,10,24,0
West,Knight Hall,2019-10-24T01:00:00,,,,,,84.67744,,,,,41.311922,-105.581147,2019,10,24,1
West,Knight Hall,2019-10-24T02:00:00,,,,,,84.67744,,,,,41.311922,-105.581147,2019,10,24,2
West,Knight Hall,2019-10-24T03:00:00,,,,,,84.67744,,,,,41.311922,-105.581147,2019,10,24,3
West,Knight Hall,2019-10-24T04:00:00,,,,,,84.67744,,,,,41.311922,-105.581147,2019,10,24,4
West,Knight Hall,2019-10-24T05:00:00,,,,,,84.67744,,,,,41.311922,-105.581147,2019,10,24,5
West,Knight Hall,2019-10-24T06:00:00,,,,,,84.67744,,,,,41.311922,-105.581147,2019,10,24,6
West,Knight Hall,2019-10-24T07:00:00,,,,,,84.67744,,,,,41.311922,-105.581147,2019,10,24,7
West,Knight Hall,2019-10-24T08:00:00,,,,,,84.67744,,,,,41.311922,-105.581147,2019,10,24,8
West,Knight Hall,2019-10-24T09:00:00,,,,,,84.67744,,,,,41.311922,-105.581147,2019,10,24,9
West,Knight Hall,2019-10-24T10:00:00,,,,,,84.67744,,,,,41.311922,-105.581147,2019,10,24,10
West,Knight Hall,2019-10-24T11:00:00,,,,,,84.67744,,,,,41.311922,-105.581147,2019,10,24,11
West,Knight Hall,2019-10-24T12:00:00,,,,,,84.67744,,,,,41.311922,-105.581147,2019,10,24,12
West,Knight Hall,2019-10-24T13:00:00,,,,,,84.67744,,,,,41.311922,-105.581147,2019,10,24,13
West,Knight Hall,2019-10-24T14:00:00,,,,,,84.67744,,,,,41.311922,-105.581147,2019,10,24,14
West,Knight Hall,2019-10-24T15:00:00,,,,,,84.67744,,,,,41.311922,-105.581147,2019,10,24,15
West,Knight Hall,2019-10-24T16:00:00,,,,,,84.67744,,,,,41.311922,-105.581147,2019,10,24,16
West,Knight Hall,2019-10-24T17:00:00,,,,,,84.67744,,,,,41.311922,-105.581147,2019,10,24,17
West,Knight Hall,2019-10-24T18:00:00,,,,,,84.67744,,,,,41.311922,-105.581147,2019,10,24,18
West,Knight Hall,2019-10-24T19:00:00,,,,,,84.67744,,,,,41.311922,-105.581147,2019,10,24,19
West,Knight Hall,2019-10-24T20:00:00,,,,,,84.67744,,,,,41.311922,-105.581147,2019,10,24,20
West,Knight Hall,2019-10-24T21:00:00,,,,,,84.67744,,,,,41.311922,-105.581147,2019,10,24,21
West,Knight Hall,2019-10-24T22:00:00,,,,,,84.67744,,,,,41.311922,-105.581147,2019,10,24,22
West,Knight Hall,2019-10-24T23:00:00,,,,,,84.67744,,,,,41.311922,-105.581147,2019,10,24,23
West,Knight Hall,2019-10-25T00:00:00,,,,,,84.67744,,,,,41.311922,-105.581147,2019,10,25,0
West,Knight Hall,2019-10-25T01:00:00,,,,,,84.67744,,,,,41.311922,-105.581147,2019,10,25,1
West,Knight Hall,2019-10-25T02:00:00,,,,,,84.67744,,,,,41.311922,-105.581147,2019,10,25,2
West,Knight Hall,2019-10-25T03:00:00,,,,,,84.67744,,,,,41.311922,-105.581147,2019,10,25,3
West,Knight Hall,2019-10-25T04:00:00,,,,,,84.67744,,,,,41.311922,-105.581147,2019,10,25,4
West,Knight Hall,2019-10-25T05:00:00,,,,,,84.67744,,,,,41.311922,-105.581147,2019,10,25,5
West,Knight Hall,2019-10-25T06:00:00,,,,,,84.67744,,,,,41.311922,-105.581147,2019,10,25,6
West,Knight Hall,2019-10-25T07:00:00,,,,,,84.67744,,,,,41.311922,-105.581147,2019,10,25,7
West,Knight Hall,2019-10-25T08:00:00,,,,,,84.67744,,,,,41.311922,-105.581147,2019,10,25,8
West,Knight Hall,2019-10-25T09:00:00,,,,,,84.67744,,,,,41.311922,-105.581147,2019,10,25,9
West,Knight Hall,2019-10-25T10:00:00,,,,,,84.67744,,,,,41.311922,-105.581147,2019,10,25,10
West,Knight Hall,2019-10-25T11:00:00,,,,,,84.67744,,,,,41.311922,-105.581147,2019,10,25,11
West,Knight Hall,2019-10-25T12:00:00,,,,,,84.67744,,,,,41.311922,-105.581147,2019,10,25,12
West,Knight Hall,2019-10-25T13:00:00,,,,,,84.67744,,,,,41.311922,-105.581147,2019,10,25,13
West,Knight Hall,2019-10-25T14:00:00,,,,,,84.67744,,,,,41.311922,-105.581147,2019,10,25,14
West,Knight Hall,2019-10-25T15:00:00,,,,,,84.67744,,,,,41.311922,-105.581147,2019,10,25,15
West,Knight Hall,2019-10-25T16:00:00,,,,,,84.67744,,,,,41.311922,-105.581147,2019,10,25,16
West,Knight Hall,2019-10-25T17:00:00,,,,,,84.67744,,,,,41.311922,-105.581147,2019,10,25,17
West,Knight Hall,2019-10-25T18:00:00,,,,,,84.67744,,,,,41.311922,-105.581147,2019,10,25,18
West,Knight Hall,2019-10-25T19:00:00,,,,,,84.67744,,,,,41.311922,-105.581147,2019,10,25,19
West,Knight Hall,2019-10-25T20:00:00,,,,,,84.67744,,,,,41.311922,-105.581147,2019,10,25,20
West,Knight Hall,2019-10-25T21:00:00,,,,,,84.67744,,,,,41.311922,-105.581147,2019,10,25,21
West,Knight Hall,2019-10-25T22:00:00,,,,,,84.67744,,,,,41.311922,-105.581147,2019,10,25,22
West,Knight Hall,2019-10-25T23:00:00,,,,,,84.67744,,,,,41.311922,-105.581147,2019,10,25,23
West,Knight Hall,2019-10-26T00:00:00,,,,,,84.67744,,,,,41.311922,-105.581147,2019,10,26,0
West,Knight Hall,2019-10-26T01:00:00,,,,,,84.67744,,,,,41.311922,-105.581147,2019,10,26,1
West,Knight Hall,2019-10-26T02:00:00,,,,,,84.67744,,,,,41.311922,-105.581147,2019,10,26,2
West,Knight Hall,2019-10-26T03:00:00,,,,,,84.67744,,,,,41.311922,-105.581147,2019,10,26,3
West,Knight Hall,2019-10-26T04:00:00,,,,,,84.67744,,,,,41.311922,-105.581147,2019,10,26,4
West,Knight Hall,2019-10-26T05:00:00,,,,,,84.67744,,,,,41.311922,-105.581147,2019,10,26,5
West,Knight Hall,2019-10-26T06:00:00,,,,,,84.67744,,,,,41.311922,-105.581147,2019,10,26,6
West,Knight Hall,2019-10-26T07:00:00,,,,,,84.67744,,,,,41.311922,-105.581147,2019,10,26,7
West,Knight Hall,2019-10-26T08:00:00,,,,,,84.67744,,,,,41.311922,-105.581147,2019,10,26,8
West,Knight Hall,2019-10-26T09:00:00,,,,,,84.67744,,,,,41.311922,-105.581147,2019,10,26,9
West,Knight Hall,2019-10-26T10:00:00,,,,,,84.67744,,,,,41.311922,-105.581147,2019,10,26,10
West,Knight Hall,2019-10-26T11:00:00,,,,,,84.67744,,,,,41.311922,-105.581147,2019,10,26,11
West,Knight Hall,2019-10-26T12:00:00,,,,,,84.67744,,,,,41.311922,-105.581147,2019,10,26,12
West,Knight Hall,2019-10-26T13:00:00,,,,,,84.67744,,,,,41.311922,-105.581147,2019,10,26,13
West,Knight Hall,2019-10-26T14:00:00,,,,,,84.67744,,,,,41.311922,-105.581147,2019,10,26,14
West,Knight Hall,2019-10-26T15:00:00,,,,,,84.67744,,,,,41.311922,-105.581147,2019,10,26,15
West,Knight Hall,2019-10-26T16:00:00,,,,,,84.67744,,,,,41.311922,-105.581147,2019,10,26,16
West,Knight Hall,2019-10-26T17:00:00,,,,,,84.67744,,,,,41.311922,-105.581147,2019,10,26,17
West,Knight Hall,2019-10-26T18:00:00,,,,,,84.67744,,,,,41.311922,-105.581147,2019,10,26,18
West,Knight Hall,2019-10-26T19:00:00,,,,,,84.67744,,,,,41.311922,-105.581147,2019,10,26,19
West,Knight Hall,2019-10-26T20:00:00,,,,,,84.67744,,,,,41.311922,-105.581147,2019,10,26,20
West,Knight Hall,2019-10-26T21:00:00,,,,,,84.67744,,,,,41.311922,-105.581147,2019,10,26,21
West,Knight Hall,2019-10-26T22:00:00,,,,,,84.67744,,,,,41.311922,-105.581147,2019,10,26,22
West,Knight Hall,2019-10-26T23:00:00,,,,,,84.67744,,,,,41.311922,-105.581147,2019,10,26,23
West,Knight Hall,2019-10-27T00:00:00,,,,,,84.67744,,,,,41.311922,-105.581147,2019,10,27,0
West,Knight Hall,2019-10-27T01:00:00,,,,,,84.67744,,,,,41.311922,-105.581147,2019,10,27,1
West,Knight Hall,2019-10-27T02:00:00,,,,,,84.67744,,,,,41.311922,-105.581147,2019,10,27,2
West,Knight Hall,2019-10-27T03:00:00,,,,,,84.67744,,,,,41.311922,-105.581147,2019,10,27,3
West,Knight Hall,2019-10-27T04:00:00,,,,,,84.67744,,,,,41.311922,-105.581147,2019,10,27,4
West,Knight Hall,2019-10-27T05:00:00,,,,,,84.67744,,,,,41.311922,-105.581147,2019,10,27,5
West,Knight Hall,2019-10-27T06:00:00,,,,,,84.67744,,,,,41.311922,-105.581147,2019,10,27,6
West,Knight Hall,2019-10-27T07:00:00,,,,,,84.67744,,,,,41.311922,-105.581147,2019,10,27,7
West,Knight Hall,2019-10-27T08:00:00,,,,,,84.67744,,,,,41.311922,-105.581147,2019,10,27,8
West,Knight Hall,2019-10-27T09:00:00,,,,,,84.67744,,,,,41.311922,-105.581147,2019,10,27,9
West,Knight Hall,2019-10-27T10:00:00,,,,,,84.67744,,,,,41.311922,-105.581147,2019,10,27,10
West,Knight Hall,2019-10-27T11:00:00,,,,,,84.67744,,,,,41.311922,-105.581147,2019,10,27,11
West,Knight Hall,2019-10-27T12:00:00,,,,,,84.67744,,,,,41.311922,-105.581147,2019,10,27,12
West,Knight Hall,2019-10-27T13:00:00,,,,,,84.67744,,,,,41.311922,-105.581147,2019,10,27,13
West,Knight Hall,2019-10-27T14:00:00,,,,,,84.67744,,,,,41.311922,-105.581147,2019,10,27,14
West,Knight Hall,2019-10-27T15:00:00,,,,,,84.67744,,,,,41.311922,-105.581147,2019,10,27,15
West,Knight Hall,2019-10-27T16:00:00,,,,,,84.67744,,,,,41.311922,-105.581147,2019,10,27,16
West,Knight Hall,2019-10-27T17:00:00,,,,,,84.67744,,,,,41.311922,-105.581147,2019,10,27,17
West,Knight Hall,2019-10-27T18:00:00,,,,,,84.67744,,,,,41.311922,-105.581147,2019,10,27,18
West,Knight Hall,2019-10-27T19:00:00,,,,,,84.67744,,,,,41.311922,-105.581147,2019,10,27,19
West,Knight Hall,2019-10-27T20:00:00,,,,,,84.67744,,,,,41.311922,-105.581147,2019,10,27,20
West,Knight Hall,2019-10-27T21:00:00,,,,,,84.67744,,,,,41.311922,-105.581147,2019,10,27,21
West,Knight Hall,2019-10-27T22:00:00,,,,,,84.67744,,,,,41.311922,-105.581147,2019,10,27,22
West,Knight Hall,2019-10-27T23:00:00,,,,,,84.67744,,,,,41.311922,-105.581147,2019,10,27,23
West,Knight Hall,2019-10-28T00:00:00,,,,,,84.67744,,,,,41.311922,-105.581147,2019,10,28,0
West,Knight Hall,2019-10-28T01:00:00,,,,,,84.67744,,,,,41.311922,-105.581147,2019,10,28,1
West,Knight Hall,2019-10-28T02:00:00,,,,,,84.67744,,,,,41.311922,-105.581147,2019,10,28,2
West,Knight Hall,2019-10-28T03:00:00,,,,,,84.67744,,,,,41.311922,-105.581147,2019,10,28,3
West,Knight Hall,2019-10-28T04:00:00,,,,,,84.67744,,,,,41.311922,-105.581147,2019,10,28,4
West,Knight Hall,2019-10-28T05:00:00,,,,,,84.67744,,,,,41.311922,-105.581147,2019,10,28,5
West,Knight Hall,2019-10-28T06:00:00,,,,,,84.67744,,,,,41.311922,-105.581147,2019,10,28,6
West,Knight Hall,2019-10-28T07:00:00,,,,,,84.67744,,,,,41.311922,-105.581147,2019,10,28,7
West,Knight Hall,2019-10-28T08:00:00,,,,,,84.67744,,,,,41.311922,-105.581147,2019,10,28,8
West,Knight Hall,2019-10-28T09:00:00,,,,,,84.67744,,,,,41.311922,-105.581147,2019,10,28,9
West,Knight Hall,2019-10-28T10:00:00,,,,,,84.67744,,,,,41.311922,-105.581147,2019,10,28,10
West,Knight Hall,2019-10-28T11:00:00,,,,,,84.67744,,,,,41.311922,-105.581147,2019,10,28,11
West,Knight Hall,2019-10-28T12:00:00,,,,,,84.67744,,,,,41.311922,-105.581147,2019,10,28,12
West,Knight Hall,2019-10-28T13:00:00,,,,,,84.67744,,,,,41.311922,-105.581147,2019,10,28,13
West,Knight Hall,2019-10-28T14:00:00,,,,,,84.67744,,,,,41.311922,-105.581147,2019,10,28,14
West,Knight Hall,2019-10-28T15:00:00,,,,,,84.67744,,,,,41.311922,-105.581147,2019,10,28,15
West,Knight Hall,2019-10-28T16:00:00,,,,,,84.67744,,,,,41.311922,-105.581147,2019,10,28,16
West,Knight Hall,2019-10-28T17:00:00,,,,,,84.67744,,,,,41.311922,-105.581147,2019,10,28,17
West,Knight Hall,2019-10-28T18:00:00,,,,,,84.67744,,,,,41.311922,-105.581147,2019,10,28,18
West,Knight Hall,2019-10-28T19:00:00,,,,,,84.67744,,,,,41.311922,-105.581147,2019,10,28,19
West,Knight Hall,2019-10-28T20:00:00,,,,,,84.67744,,,,,41.311922,-105.581147,2019,10,28,20
West,Knight Hall,2019-10-28T21:00:00,,,,,,84.67744,,,,,41.311922,-105.581147,2019,10,28,21
West,Knight Hall,2019-10-28T22:00:00,,,,,,84.67744,,,,,41.311922,-105.581147,2019,10,28,22
West,Knight Hall,2019-10-28T23:00:00,,,,,,84.67744,,,,,41.311922,-105.581147,2019,10,28,23
West,Knight Hall,2019-10-29T00:00:00,,,,,,84.67744,,,,,41.311922,-105.581147,2019,10,29,0
West,Knight Hall,2019-10-29T01:00:00,,,,,,84.67744,,,,,41.311922,-105.581147,2019,10,29,1
West,Knight Hall,2019-10-29T02:00:00,,,,,,84.67744,,,,,41.311922,-105.581147,2019,10,29,2
West,Knight Hall,2019-10-29T03:00:00,,,,,,84.67744,,,,,41.311922,-105.581147,2019,10,29,3
West,Knight Hall,2019-10-29T04:00:00,,,,,,84.67744,,,,,41.311922,-105.581147,2019,10,29,4
West,Knight Hall,2019-10-29T05:00:00,,,,,,84.67744,,,,,41.311922,-105.581147,2019,10,29,5
West,Knight Hall,2019-10-29T06:00:00,,,,,,84.67744,,,,,41.311922,-105.581147,2019,10,29,6
West,Knight Hall,2019-10-29T07:00:00,,,,,,84.67744,,,,,41.311922,-105.581147,2019,10,29,7
West,Knight Hall,2019-10-29T08:00:00,,,,,,84.67744,,,,,41.311922,-105.581147,2019,10,29,8
West,Knight Hall,2019-10-29T09:00:00,,,,,,84.67744,,,,,41.311922,-105.581147,2019,10,29,9
West,Knight Hall,2019-10-29T10:00:00,,,,,,84.67744,,,,,41.311922,-105.581147,2019,10,29,10
West,Knight Hall,2019-10-29T11:00:00,,,,,,84.67744,,,,,41.311922,-105.581147,2019,10,29,11
West,Knight Hall,2019-10-29T12:00:00,,,,,,84.67744,,,,,41.311922,-105.581147,2019,10,29,12
West,Knight Hall,2019-10-29T13:00:00,,,,,,84.67744,,,,,41.311922,-105.581147,2019,10,29,13
West,Knight Hall,2019-10-29T14:00:00,,,,,,84.67744,,,,,41.311922,-105.581147,2019,10,29,14
West,Knight Hall,2019-10-29T15:00:00,,,,,,84.67744,,,,,41.311922,-105.581147,2019,10,29,15
West,Knight Hall,2019-10-29T16:00:00,,,,,,84.67744,,,,,41.311922,-105.581147,2019,10,29,16
West,Knight Hall,2019-10-29T17:00:00,,,,,,84.67744,,,,,41.311922,-105.581147,2019,10,29,17
West,Knight Hall,2019-10-29T18:00:00,,,,,,84.67744,,,,,41.311922,-105.581147,2019,10,29,18
West,Knight Hall,2019-10-29T19:00:00,,,,,,84.67744,,,,,41.311922,-105.581147,2019,10,29,19
West,Knight Hall,2019-10-29T20:00:00,,,,,,84.67744,,,,,41.311922,-105.581147,2019,10,29,20
West,Knight Hall,2019-10-29T21:00:00,,,,,,84.67744,,,,,41.311922,-105.581147,2019,10,29,21
West,Knight Hall,2019-10-29T22:00:00,,,,,,84.67744,,,,,41.311922,-105.581147,2019,10,29,22
West,Knight Hall,2019-10-29T23:00:00,,,,,,84.67744,,,,,41.311922,-105.581147,2019,10,29,23
West,Knight Hall,2019-10-30T00:00:00,,,,,,84.67744,,,,,41.311922,-105.581147,2019,10,30,0
West,Knight Hall,2019-10-30T01:00:00,,,,,,84.67744,,,,,41.311922,-105.581147,2019,10,30,1
West,Knight Hall,2019-10-30T02:00:00,,,,,,84.67744,,,,,41.311922,-105.581147,2019,10,30,2
West,Knight Hall,2019-10-30T03:00:00,,,,,,84.67744,,,,,41.311922,-105.581147,2019,10,30,3
West,Knight Hall,2019-10-30T04:00:00,,,,,,84.67744,,,,,41.311922,-105.581147,2019,10,30,4
West,Knight Hall,2019-10-30T05:00:00,,,,,,84.67744,,,,,41.311922,-105.581147,2019,10,30,5
West,Knight Hall,2019-10-30T06:00:00,,,,,,84.67744,,,,,41.311922,-105.581147,2019,10,30,6
West,Knight Hall,2019-10-30T07:00:00,,,,,,84.67744,,,,,41.311922,-105.581147,2019,10,30,7
West,Knight Hall,2019-10-30T08:00:00,,,,,,84.67744,,,,,41.311922,-105.581147,2019,10,30,8
West,Knight Hall,2019-10-30T09:00:00,,,,,,84.67744,,,,,41.311922,-105.581147,2019,10,30,9
West,Knight Hall,2019-10-30T10:00:00,,,,,,84.67744,,,,,41.311922,-105.581147,2019,10,30,10
West,Knight Hall,2019-10-30T11:00:00,,,,,,84.67744,,,,,41.311922,-105.581147,2019,10,30,11
West,Knight Hall,2019-10-30T12:00:00,,,,,,84.67744,,,,,41.311922,-105.581147,2019,10,30,12
West,Knight Hall,2019-10-30T13:00:00,,,,,,84.67744,,,,,41.311922,-105.581147,2019,10,30,13
West,Knight Hall,2019-10-30T14:00:00,,,,,,84.67744,,,,,41.311922,-105.581147,2019,10,30,14
West,Knight Hall,2019-10-30T15:00:00,,,,,,84.67744,,,,,41.311922,-105.581147,2019,10,30,15
West,Knight Hall,2019-10-30T16:00:00,,,,,,84.67744,,,,,41.311922,-105.581147,2019,10,30,16
West,Knight Hall,2019-10-30T17:00:00,,,,,,84.67744,,,,,41.311922,-105.581147,2019,10,30,17
West,Knight Hall,2019-10-30T18:00:00,,,,,,84.67744,,,,,41.311922,-105.581147,2019,10,30,18
West,Knight Hall,2019-10-30T19:00:00,,,,,,84.67744,,,,,41.311922,-105.581147,2019,10,30,19
West,Knight Hall,2019-10-30T20:00:00,,,,,,84.67744,,,,,41.311922,-105.581147,2019,10,30,20
West,Knight Hall,2019-10-30T21:00:00,,,,,,84.67744,,,,,41.311922,-105.581147,2019,10,30,21
West,Knight Hall,2019-10-30T22:00:00,,,,,,84.67744,,,,,41.311922,-105.581147,2019,10,30,22
West,Knight Hall,2019-10-30T23:00:00,,,,,,84.67744,,,,,41.311922,-105.581147,2019,10,30,23
West,Knight Hall,2019-10-31T00:00:00,,,,,,84.67744,,,,,41.311922,-105.581147,2019,10,31,0
West,Knight Hall,2019-10-31T01:00:00,,,,,,84.67744,,,,,41.311922,-105.581147,2019,10,31,1
West,Knight Hall,2019-10-31T02:00:00,,,,,,84.67744,,,,,41.311922,-105.581147,2019,10,31,2
West,Knight Hall,2019-10-31T03:00:00,,,,,,84.67744,,,,,41.311922,-105.581147,2019,10,31,3
West,Knight Hall,2019-10-31T04:00:00,,,,,,84.67744,,,,,41.311922,-105.581147,2019,10,31,4
West,Knight Hall,2019-10-31T05:00:00,,,,,,84.67744,,,,,41.311922,-105.581147,2019,10,31,5
West,Knight Hall,2019-10-31T06:00:00,,,,,,84.67744,,,,,41.311922,-105.581147,2019,10,31,6
West,Knight Hall,2019-10-31T07:00:00,,,,,,84.67744,,,,,41.311922,-105.581147,2019,10,31,7
West,Knight Hall,2019-10-31T08:00:00,,,,,,84.67744,,,,,41.311922,-105.581147,2019,10,31,8
West,Knight Hall,2019-10-31T09:00:00,,,,,,84.67744,,,,,41.311922,-105.581147,2019,10,31,9
West,Knight Hall,2019-10-31T10:00:00,,,,,,84.67744,,,,,41.311922,-105.581147,2019,10,31,10
West,Knight Hall,2019-10-31T11:00:00,,,,,,84.67744,,,,,41.311922,-105.581147,2019,10,31,11
West,Knight Hall,2019-10-31T12:00:00,,,,,,84.67744,,,,,41.311922,-105.581147,2019,10,31,12
West,Knight Hall,2019-10-31T13:00:00,,,,,,84.67744,,,,,41.311922,-105.581147,2019,10,31,13
West,Knight Hall,2019-10-31T14:00:00,,,,,,84.67744,,,,,41.311922,-105.581147,2019,10,31,14
West,Knight Hall,2019-10-31T15:00:00,,,,,,84.67744,,,,,41.311922,-105.581147,2019,10,31,15
West,Knight Hall,2019-10-31T16:00:00,,,,,,84.67744,,,,,41.311922,-105.581147,2019,10,31,16
West,Knight Hall,2019-10-31T17:00:00,,,,,,84.67744,,,,,41.311922,-105.581147,2019,10,31,17
West,Knight Hall,2019-10-31T18:00:00,,,,,,84.67744,,,,,41.311922,-105.581147,2019,10,31,18
West,Knight Hall,2019-10-31T19:00:00,,,,,,84.67744,,,,,41.311922,-105.581147,2019,10,31,19
West,Knight Hall,2019-10-31T20:00:00,,,,,,84.67744,,,,,41.311922,-105.581147,2019,10,31,20
West,Knight Hall,2019-10-31T21:00:00,,,,,,84.67744,,,,,41.311922,-105.581147,2019,10,31,21
West,Knight Hall,2019-10-31T22:00:00,,,,,,84.67744,,,,,41.311922,-105.581147,2019,10,31,22
West,Knight Hall,2019-10-31T23:00:00,,,,,,84.67744,,,,,41.311922,-105.581147,2019,10,31,23
West,Knight Hall,2019-11-01T00:00:00,,,,,,87.5,,,,,41.311922,-105.581147,2019,11,1,0
West,Knight Hall,2019-11-01T01:00:00,,,,,,87.5,,,,,41.311922,-105.581147,2019,11,1,1
West,Knight Hall,2019-11-01T02:00:00,,,,,,87.5,,,,,41.311922,-105.581147,2019,11,1,2
West,Knight Hall,2019-11-01T03:00:00,,,,,,87.5,,,,,41.311922,-105.581147,2019,11,1,3
West,Knight Hall,2019-11-01T04:00:00,,,,,,87.5,,,,,41.311922,-105.581147,2019,11,1,4
West,Knight Hall,2019-11-01T05:00:00,,,,,,87.5,,,,,41.311922,-105.581147,2019,11,1,5
West,Knight Hall,2019-11-01T06:00:00,,,,,,87.5,,,,,41.311922,-105.581147,2019,11,1,6
West,Knight Hall,2019-11-01T07:00:00,,,,,,87.5,,,,,41.311922,-105.581147,2019,11,1,7
West,Knight Hall,2019-11-01T08:00:00,,,,,,87.5,,,,,41.311922,-105.581147,2019,11,1,8
West,Knight Hall,2019-11-01T09:00:00,,,,,,87.5,,,,,41.311922,-105.581147,2019,11,1,9
West,Knight Hall,2019-11-01T10:00:00,,,,,,87.5,,,,,41.311922,-105.581147,2019,11,1,10
West,Knight Hall,2019-11-01T11:00:00,,,,,,87.5,,,,,41.311922,-105.581147,2019,11,1,11
West,Knight Hall,2019-11-01T12:00:00,,,,,,87.5,,,,,41.311922,-105.581147,2019,11,1,12
West,Knight Hall,2019-11-01T13:00:00,,,,,,87.5,,,,,41.311922,-105.581147,2019,11,1,13
West,Knight Hall,2019-11-01T14:00:00,,,,,,87.5,,,,,41.311922,-105.581147,2019,11,1,14
West,Knight Hall,2019-11-01T15:00:00,,,,,,87.5,,,,,41.311922,-105.581147,2019,11,1,15
West,Knight Hall,2019-11-01T16:00:00,,,,,,87.5,,,,,41.311922,-105.581147,2019,11,1,16
West,Knight Hall,2019-11-01T17:00:00,,,,,,87.5,,,,,41.311922,-105.581147,2019,11,1,17
West,Knight Hall,2019-11-01T18:00:00,,,,,,87.5,,,,,41.311922,-105.581147,2019,11,1,18
West,Knight Hall,2019-11-01T19:00:00,,,,,,87.5,,,,,41.311922,-105.581147,2019,11,1,19
West,Knight Hall,2019-11-01T20:00:00,,,,,,87.5,,,,,41.311922,-105.581147,2019,11,1,20
West,Knight Hall,2019-11-01T21:00:00,,,,,,87.5,,,,,41.311922,-105.581147,2019,11,1,21
West,Knight Hall,2019-11-01T22:00:00,,,,,,87.5,,,,,41.311922,-105.581147,2019,11,1,22
West,Knight Hall,2019-11-01T23:00:00,,,,,,87.5,,,,,41.311922,-105.581147,2019,11,1,23
West,Knight Hall,2019-11-02T00:00:00,,,,,,87.5,,,,,41.311922,-105.581147,2019,11,2,0
West,Knight Hall,2019-11-02T01:00:00,,,,,,87.5,,,,,41.311922,-105.581147,2019,11,2,1
West,Knight Hall,2019-11-02T02:00:00,,,,,,87.5,,,,,41.311922,-105.581147,2019,11,2,2
West,Knight Hall,2019-11-02T03:00:00,,,,,,87.5,,,,,41.311922,-105.581147,2019,11,2,3
West,Knight Hall,2019-11-02T04:00:00,,,,,,87.5,,,,,41.311922,-105.581147,2019,11,2,4
West,Knight Hall,2019-11-02T05:00:00,,,,,,87.5,,,,,41.311922,-105.581147,2019,11,2,5
West,Knight Hall,2019-11-02T06:00:00,,,,,,87.5,,,,,41.311922,-105.581147,2019,11,2,6
West,Knight Hall,2019-11-02T07:00:00,,,,,,87.5,,,,,41.311922,-105.581147,2019,11,2,7
West,Knight Hall,2019-11-02T08:00:00,,,,,,87.5,,,,,41.311922,-105.581147,2019,11,2,8
West,Knight Hall,2019-11-02T09:00:00,,,,,,87.5,,,,,41.311922,-105.581147,2019,11,2,9
West,Knight Hall,2019-11-02T10:00:00,,,,,,87.5,,,,,41.311922,-105.581147,2019,11,2,10
West,Knight Hall,2019-11-02T11:00:00,,,,,,87.5,,,,,41.311922,-105.581147,2019,11,2,11
West,Knight Hall,2019-11-02T12:00:00,,,,,,87.5,,,,,41.311922,-105.581147,2019,11,2,12
West,Knight Hall,2019-11-02T13:00:00,,,,,,87.5,,,,,41.311922,-105.581147,2019,11,2,13
West,Knight Hall,2019-11-02T14:00:00,,,,,,87.5,,,,,41.311922,-105.581147,2019,11,2,14
West,Knight Hall,2019-11-02T15:00:00,,,,,,87.5,,,,,41.311922,-105.581147,2019,11,2,15
West,Knight Hall,2019-11-02T16:00:00,,,,,,87.5,,,,,41.311922,-105.581147,2019,11,2,16
West,Knight Hall,2019-11-02T17:00:00,,,,,,87.5,,,,,41.311922,-105.581147,2019,11,2,17
West,Knight Hall,2019-11-02T18:00:00,,,,,,87.5,,,,,41.311922,-105.581147,2019,11,2,18
West,Knight Hall,2019-11-02T19:00:00,,,,,,87.5,,,,,41.311922,-105.581147,2019,11,2,19
West,Knight Hall,2019-11-02T20:00:00,,,,,,87.5,,,,,41.311922,-105.581147,2019,11,2,20
West,Knight Hall,2019-11-02T21:00:00,,,,,,87.5,,,,,41.311922,-105.581147,2019,11,2,21
West,Knight Hall,2019-11-02T22:00:00,,,,,,87.5,,,,,41.311922,-105.581147,2019,11,2,22
West,Knight Hall,2019-11-02T23:00:00,,,,,,87.5,,,,,41.311922,-105.581147,2019,11,2,23
West,Knight Hall,2019-11-03T00:00:00,,,,,,87.5,,,,,41.311922,-105.581147,2019,11,3,0
West,Knight Hall,2019-11-03T01:00:00,,,,,,87.5,,,,,41.311922,-105.581147,2019,11,3,1
West,Knight Hall,2019-11-03T02:00:00,,,,,,87.5,,,,,41.311922,-105.581147,2019,11,3,2
West,Knight Hall,2019-11-03T03:00:00,,,,,,87.5,,,,,41.311922,-105.581147,2019,11,3,3
West,Knight Hall,2019-11-03T04:00:00,,,,,,87.5,,,,,41.311922,-105.581147,2019,11,3,4
West,Knight Hall,2019-11-03T05:00:00,,,,,,87.5,,,,,41.311922,-105.581147,2019,11,3,5
West,Knight Hall,2019-11-03T06:00:00,,,,,,87.5,,,,,41.311922,-105.581147,2019,11,3,6
West,Knight Hall,2019-11-03T07:00:00,,,,,,87.5,,,,,41.311922,-105.581147,2019,11,3,7
West,Knight Hall,2019-11-03T08:00:00,,,,,,87.5,,,,,41.311922,-105.581147,2019,11,3,8
West,Knight Hall,2019-11-03T09:00:00,,,,,,87.5,,,,,41.311922,-105.581147,2019,11,3,9
West,Knight Hall,2019-11-03T10:00:00,,,,,,87.5,,,,,41.311922,-105.581147,2019,11,3,10
West,Knight Hall,2019-11-03T11:00:00,,,,,,87.5,,,,,41.311922,-105.581147,2019,11,3,11
West,Knight Hall,2019-11-03T12:00:00,,,,,,87.5,,,,,41.311922,-105.581147,2019,11,3,12
West,Knight Hall,2019-11-03T13:00:00,,,,,,87.5,,,,,41.311922,-105.581147,2019,11,3,13
West,Knight Hall,2019-11-03T14:00:00,,,,,,87.5,,,,,41.311922,-105.581147,2019,11,3,14
West,Knight Hall,2019-11-03T15:00:00,,,,,,87.5,,,,,41.311922,-105.581147,2019,11,3,15
West,Knight Hall,2019-11-03T16:00:00,,,,,,87.5,,,,,41.311922,-105.581147,2019,11,3,16
West,Knight Hall,2019-11-03T17:00:00,,,,,,87.5,,,,,41.311922,-105.581147,2019,11,3,17
West,Knight Hall,2019-11-03T18:00:00,,,,,,87.5,,,,,41.311922,-105.581147,2019,11,3,18
West,Knight Hall,2019-11-03T19:00:00,,,,,,87.5,,,,,41.311922,-105.581147,2019,11,3,19
West,Knight Hall,2019-11-03T20:00:00,,,,,,87.5,,,,,41.311922,-105.581147,2019,11,3,20
West,Knight Hall,2019-11-03T21:00:00,,,,,,87.5,,,,,41.311922,-105.581147,2019,11,3,21
West,Knight Hall,2019-11-03T22:00:00,,,,,,87.5,,,,,41.311922,-105.581147,2019,11,3,22
West,Knight Hall,2019-11-03T23:00:00,,,,,,87.5,,,,,41.311922,-105.581147,2019,11,3,23
West,Knight Hall,2019-11-04T00:00:00,,,,,,87.5,,,,,41.311922,-105.581147,2019,11,4,0
West,Knight Hall,2019-11-04T01:00:00,,,,,,87.5,,,,,41.311922,-105.581147,2019,11,4,1
West,Knight Hall,2019-11-04T02:00:00,,,,,,87.5,,,,,41.311922,-105.581147,2019,11,4,2
West,Knight Hall,2019-11-04T03:00:00,,,,,,87.5,,,,,41.311922,-105.581147,2019,11,4,3
West,Knight Hall,2019-11-04T04:00:00,,,,,,87.5,,,,,41.311922,-105.581147,2019,11,4,4
West,Knight Hall,2019-11-04T05:00:00,,,,,,87.5,,,,,41.311922,-105.581147,2019,11,4,5
West,Knight Hall,2019-11-04T06:00:00,,,,,,87.5,,,,,41.311922,-105.581147,2019,11,4,6
West,Knight Hall,2019-11-04T07:00:00,,,,,,87.5,,,,,41.311922,-105.581147,2019,11,4,7
West,Knight Hall,2019-11-04T08:00:00,,,,,,87.5,,,,,41.311922,-105.581147,2019,11,4,8
West,Knight Hall,2019-11-04T09:00:00,,,,,,87.5,,,,,41.311922,-105.581147,2019,11,4,9
West,Knight Hall,2019-11-04T10:00:00,,,,,,87.5,,,,,41.311922,-105.581147,2019,11,4,10
West,Knight Hall,2019-11-04T11:00:00,,,,,,87.5,,,,,41.311922,-105.581147,2019,11,4,11
West,Knight Hall,2019-11-04T12:00:00,,,,,,87.5,,,,,41.311922,-105.581147,2019,11,4,12
West,Knight Hall,2019-11-04T13:00:00,,,,,,87.5,,,,,41.311922,-105.581147,2019,11,4,13
West,Knight Hall,2019-11-04T14:00:00,,,,,,87.5,,,,,41.311922,-105.581147,2019,11,4,14
West,Knight Hall,2019-11-04T15:00:00,,,,,,87.5,,,,,41.311922,-105.581147,2019,11,4,15
West,Knight Hall,2019-11-04T16:00:00,,,,,,87.5,,,,,41.311922,-105.581147,2019,11,4,16
West,Knight Hall,2019-11-04T17:00:00,,,,,,87.5,,,,,41.311922,-105.581147,2019,11,4,17
West,Knight Hall,2019-11-04T18:00:00,,,,,,87.5,,,,,41.311922,-105.581147,2019,11,4,18
West,Knight Hall,2019-11-04T19:00:00,,,,,,87.5,,,,,41.311922,-105.581147,2019,11,4,19
West,Knight Hall,2019-11-04T20:00:00,,,,,,87.5,,,,,41.311922,-105.581147,2019,11,4,20
West,Knight Hall,2019-11-04T21:00:00,,,,,,87.5,,,,,41.311922,-105.581147,2019,11,4,21
West,Knight Hall,2019-11-04T22:00:00,,,,,,87.5,,,,,41.311922,-105.581147,2019,11,4,22
West,Knight Hall,2019-11-04T23:00:00,,,,,,87.5,,,,,41.311922,-105.581147,2019,11,4,23
West,Knight Hall,2019-11-05T00:00:00,,,,,,87.5,,,,,41.311922,-105.581147,2019,11,5,0
West,Knight Hall,2019-11-05T01:00:00,,,,,,87.5,,,,,41.311922,-105.581147,2019,11,5,1
West,Knight Hall,2019-11-05T02:00:00,,,,,,87.5,,,,,41.311922,-105.581147,2019,11,5,2
West,Knight Hall,2019-11-05T03:00:00,,,,,,87.5,,,,,41.311922,-105.581147,2019,11,5,3
West,Knight Hall,2019-11-05T04:00:00,,,,,,87.5,,,,,41.311922,-105.581147,2019,11,5,4
West,Knight Hall,2019-11-05T05:00:00,,,,,,87.5,,,,,41.311922,-105.581147,2019,11,5,5
West,Knight Hall,2019-11-05T06:00:00,,,,,,87.5,,,,,41.311922,-105.581147,2019,11,5,6
West,Knight Hall,2019-11-05T07:00:00,,,,,,87.5,,,,,41.311922,-105.581147,2019,11,5,7
West,Knight Hall,2019-11-05T08:00:00,,,,,,87.5,,,,,41.311922,-105.581147,2019,11,5,8
West,Knight Hall,2019-11-05T09:00:00,,,,,,87.5,,,,,41.311922,-105.581147,2019,11,5,9
West,Knight Hall,2019-11-05T10:00:00,,,,,,87.5,,,,,41.311922,-105.581147,2019,11,5,10
West,Knight Hall,2019-11-05T11:00:00,,,,,,87.5,,,,,41.311922,-105.581147,2019,11,5,11
West,Knight Hall,2019-11-05T12:00:00,,,,,,87.5,,,,,41.311922,-105.581147,2019,11,5,12
West,Knight Hall,2019-11-05T13:00:00,,,,,,87.5,,,,,41.311922,-105.581147,2019,11,5,13
West,Knight Hall,2019-11-05T14:00:00,,,,,,87.5,,,,,41.311922,-105.581147,2019,11,5,14
West,Knight Hall,2019-11-05T15:00:00,,,,,,87.5,,,,,41.311922,-105.581147,2019,11,5,15
West,Knight Hall,2019-11-05T16:00:00,,,,,,87.5,,,,,41.311922,-105.581147,2019,11,5,16
West,Knight Hall,2019-11-05T17:00:00,,,,,,87.5,,,,,41.311922,-105.581147,2019,11,5,17
West,Knight Hall,2019-11-05T18:00:00,,,,,,87.5,,,,,41.311922,-105.581147,2019,11,5,18
West,Knight Hall,2019-11-05T19:00:00,,,,,,87.5,,,,,41.311922,-105.581147,2019,11,5,19
West,Knight Hall,2019-11-05T20:00:00,,,,,,87.5,,,,,41.311922,-105.581147,2019,11,5,20
West,Knight Hall,2019-11-05T21:00:00,,,,,,87.5,,,,,41.311922,-105.581147,2019,11,5,21
West,Knight Hall,2019-11-05T22:00:00,,,,,,87.5,,,,,41.311922,-105.581147,2019,11,5,22
West,Knight Hall,2019-11-05T23:00:00,,,,,,87.5,,,,,41.311922,-105.581147,2019,11,5,23
West,Knight Hall,2019-11-06T00:00:00,,,,,,87.5,,,,,41.311922,-105.581147,2019,11,6,0
West,Knight Hall,2019-11-06T01:00:00,,,,,,87.5,,,,,41.311922,-105.581147,2019,11,6,1
West,Knight Hall,2019-11-06T02:00:00,,,,,,87.5,,,,,41.311922,-105.581147,2019,11,6,2
West,Knight Hall,2019-11-06T03:00:00,,,,,,87.5,,,,,41.311922,-105.581147,2019,11,6,3
West,Knight Hall,2019-11-06T04:00:00,,,,,,87.5,,,,,41.311922,-105.581147,2019,11,6,4
West,Knight Hall,2019-11-06T05:00:00,,,,,,87.5,,,,,41.311922,-105.581147,2019,11,6,5
West,Knight Hall,2019-11-06T06:00:00,,,,,,87.5,,,,,41.311922,-105.581147,2019,11,6,6
West,Knight Hall,2019-11-06T07:00:00,,,,,,87.5,,,,,41.311922,-105.581147,2019,11,6,7
West,Knight Hall,2019-11-06T08:00:00,,,,,,87.5,,,,,41.311922,-105.581147,2019,11,6,8
West,Knight Hall,2019-11-06T09:00:00,,,,,,87.5,,,,,41.311922,-105.581147,2019,11,6,9
West,Knight Hall,2019-11-06T10:00:00,,,,,,87.5,,,,,41.311922,-105.581147,2019,11,6,10
West,Knight Hall,2019-11-06T11:00:00,,,,,,87.5,,,,,41.311922,-105.581147,2019,11,6,11
West,Knight Hall,2019-11-06T12:00:00,,,,,,87.5,,,,,41.311922,-105.581147,2019,11,6,12
West,Knight Hall,2019-11-06T13:00:00,,,,,,87.5,,,,,41.311922,-105.581147,2019,11,6,13
West,Knight Hall,2019-11-06T14:00:00,,,,,,87.5,,,,,41.311922,-105.581147,2019,11,6,14
West,Knight Hall,2019-11-06T15:00:00,,,,,,87.5,,,,,41.311922,-105.581147,2019,11,6,15
West,Knight Hall,2019-11-06T16:00:00,,,,,,87.5,,,,,41.311922,-105.581147,2019,11,6,16
West,Knight Hall,2019-11-06T17:00:00,,,,,,87.5,,,,,41.311922,-105.581147,2019,11,6,17
West,Knight Hall,2019-11-06T18:00:00,,,,,,87.5,,,,,41.311922,-105.581147,2019,11,6,18
West,Knight Hall,2019-11-06T19:00:00,,,,,,87.5,,,,,41.311922,-105.581147,2019,11,6,19
West,Knight Hall,2019-11-06T20:00:00,,,,,,87.5,,,,,41.311922,-105.581147,2019,11,6,20
West,Knight Hall,2019-11-06T21:00:00,,,,,,87.5,,,,,41.311922,-105.581147,2019,11,6,21
West,Knight Hall,2019-11-06T22:00:00,,,,,,87.5,,,,,41.311922,-105.581147,2019,11,6,22
West,Knight Hall,2019-11-06T23:00:00,,,,,,87.5,,,,,41.311922,-105.581147,2019,11,6,23
West,Knight Hall,2019-11-07T00:00:00,,,,,,87.5,,,,,41.311922,-105.581147,2019,11,7,0
West,Knight Hall,2019-11-07T01:00:00,,,,,,87.5,,,,,41.311922,-105.581147,2019,11,7,1
West,Knight Hall,2019-11-07T02:00:00,,,,,,87.5,,,,,41.311922,-105.581147,2019,11,7,2
West,Knight Hall,2019-11-07T03:00:00,,,,,,87.5,,,,,41.311922,-105.581147,2019,11,7,3
West,Knight Hall,2019-11-07T04:00:00,,,,,,87.5,,,,,41.311922,-105.581147,2019,11,7,4
West,Knight Hall,2019-11-07T05:00:00,,,,,,87.5,,,,,41.311922,-105.581147,2019,11,7,5
West,Knight Hall,2019-11-07T06:00:00,,,,,,87.5,,,,,41.311922,-105.581147,2019,11,7,6
West,Knight Hall,2019-11-07T07:00:00,,,,,,87.5,,,,,41.311922,-105.581147,2019,11,7,7
West,Knight Hall,2019-11-07T08:00:00,,,,,,87.5,,,,,41.311922,-105.581147,2019,11,7,8
West,Knight Hall,2019-11-07T09:00:00,,,,,,87.5,,,,,41.311922,-105.581147,2019,11,7,9
West,Knight Hall,2019-11-07T10:00:00,,,,,,87.5,,,,,41.311922,-105.581147,2019,11,7,10
West,Knight Hall,2019-11-07T11:00:00,,,,,,87.5,,,,,41.311922,-105.581147,2019,11,7,11
West,Knight Hall,2019-11-07T12:00:00,,,,,,87.5,,,,,41.311922,-105.581147,2019,11,7,12
West,Knight Hall,2019-11-07T13:00:00,,,,,,87.5,,,,,41.311922,-105.581147,2019,11,7,13
West,Knight Hall,2019-11-07T14:00:00,,,,,,87.5,,,,,41.311922,-105.581147,2019,11,7,14
West,Knight Hall,2019-11-07T15:00:00,,,,,,87.5,,,,,41.311922,-105.581147,2019,11,7,15
West,Knight Hall,2019-11-07T16:00:00,,,,,,87.5,,,,,41.311922,-105.581147,2019,11,7,16
West,Knight Hall,2019-11-07T17:00:00,,,,,,87.5,,,,,41.311922,-105.581147,2019,11,7,17
West,Knight Hall,2019-11-07T18:00:00,,,,,,87.5,,,,,41.311922,-105.581147,2019,11,7,18
West,Knight Hall,2019-11-07T19:00:00,,,,,,87.5,,,,,41.311922,-105.581147,2019,11,7,19
West,Knight Hall,2019-11-07T20:00:00,,,,,,87.5,,,,,41.311922,-105.581147,2019,11,7,20
West,Knight Hall,2019-11-07T21:00:00,,,,,,87.5,,,,,41.311922,-105.581147,2019,11,7,21
West,Knight Hall,2019-11-07T22:00:00,,,,,,87.5,,,,,41.311922,-105.581147,2019,11,7,22
West,Knight Hall,2019-11-07T23:00:00,,,,,,87.5,,,,,41.311922,-105.581147,2019,11,7,23
West,Knight Hall,2019-11-08T00:00:00,,,,,,87.5,,,,,41.311922,-105.581147,2019,11,8,0
West,Knight Hall,2019-11-08T01:00:00,,,,,,87.5,,,,,41.311922,-105.581147,2019,11,8,1
West,Knight Hall,2019-11-08T02:00:00,,,,,,87.5,,,,,41.311922,-105.581147,2019,11,8,2
West,Knight Hall,2019-11-08T03:00:00,,,,,,87.5,,,,,41.311922,-105.581147,2019,11,8,3
West,Knight Hall,2019-11-08T04:00:00,,,,,,87.5,,,,,41.311922,-105.581147,2019,11,8,4
West,Knight Hall,2019-11-08T05:00:00,,,,,,87.5,,,,,41.311922,-105.581147,2019,11,8,5
West,Knight Hall,2019-11-08T06:00:00,,,,,,87.5,,,,,41.311922,-105.581147,2019,11,8,6
West,Knight Hall,2019-11-08T07:00:00,,,,,,87.5,,,,,41.311922,-105.581147,2019,11,8,7
West,Knight Hall,2019-11-08T08:00:00,,,,,,87.5,,,,,41.311922,-105.581147,2019,11,8,8
West,Knight Hall,2019-11-08T09:00:00,,,,,,87.5,,,,,41.311922,-105.581147,2019,11,8,9
West,Knight Hall,2019-11-08T10:00:00,,,,,,87.5,,,,,41.311922,-105.581147,2019,11,8,10
West,Knight Hall,2019-11-08T11:00:00,,,,,,87.5,,,,,41.311922,-105.581147,2019,11,8,11
West,Knight Hall,2019-11-08T12:00:00,,,,,,87.5,,,,,41.311922,-105.581147,2019,11,8,12
West,Knight Hall,2019-11-08T13:00:00,,,,,,87.5,,,,,41.311922,-105.581147,2019,11,8,13
West,Knight Hall,2019-11-08T14:00:00,,,,,,87.5,,,,,41.311922,-105.581147,2019,11,8,14
West,Knight Hall,2019-11-08T15:00:00,,,,,,87.5,,,,,41.311922,-105.581147,2019,11,8,15
West,Knight Hall,2019-11-08T16:00:00,,,,,,87.5,,,,,41.311922,-105.581147,2019,11,8,16
West,Knight Hall,2019-11-08T17:00:00,,,,,,87.5,,,,,41.311922,-105.581147,2019,11,8,17
West,Knight Hall,2019-11-08T18:00:00,,,,,,87.5,,,,,41.311922,-105.581147,2019,11,8,18
West,Knight Hall,2019-11-08T19:00:00,,,,,,87.5,,,,,41.311922,-105.581147,2019,11,8,19
West,Knight Hall,2019-11-08T20:00:00,,,,,,87.5,,,,,41.311922,-105.581147,2019,11,8,20
West,Knight Hall,2019-11-08T21:00:00,,,,,,87.5,,,,,41.311922,-105.581147,2019,11,8,21
West,Knight Hall,2019-11-08T22:00:00,,,,,,87.5,,,,,41.311922,-105.581147,2019,11,8,22
West,Knight Hall,2019-11-08T23:00:00,,,,,,87.5,,,,,41.311922,-105.581147,2019,11,8,23
West,Knight Hall,2019-11-09T00:00:00,,,,,,87.5,,,,,41.311922,-105.581147,2019,11,9,0
West,Knight Hall,2019-11-09T01:00:00,,,,,,87.5,,,,,41.311922,-105.581147,2019,11,9,1
West,Knight Hall,2019-11-09T02:00:00,,,,,,87.5,,,,,41.311922,-105.581147,2019,11,9,2
West,Knight Hall,2019-11-09T03:00:00,,,,,,87.5,,,,,41.311922,-105.581147,2019,11,9,3
West,Knight Hall,2019-11-09T04:00:00,,,,,,87.5,,,,,41.311922,-105.581147,2019,11,9,4
West,Knight Hall,2019-11-09T05:00:00,,,,,,87.5,,,,,41.311922,-105.581147,2019,11,9,5
West,Knight Hall,2019-11-09T06:00:00,,,,,,87.5,,,,,41.311922,-105.581147,2019,11,9,6
West,Knight Hall,2019-11-09T07:00:00,,,,,,87.5,,,,,41.311922,-105.581147,2019,11,9,7
West,Knight Hall,2019-11-09T08:00:00,,,,,,87.5,,,,,41.311922,-105.581147,2019,11,9,8
West,Knight Hall,2019-11-09T09:00:00,,,,,,87.5,,,,,41.311922,-105.581147,2019,11,9,9
West,Knight Hall,2019-11-09T10:00:00,,,,,,87.5,,,,,41.311922,-105.581147,2019,11,9,10
West,Knight Hall,2019-11-09T11:00:00,,,,,,87.5,,,,,41.311922,-105.581147,2019,11,9,11
West,Knight Hall,2019-11-09T12:00:00,,,,,,87.5,,,,,41.311922,-105.581147,2019,11,9,12
West,Knight Hall,2019-11-09T13:00:00,,,,,,87.5,,,,,41.311922,-105.581147,2019,11,9,13
West,Knight Hall,2019-11-09T14:00:00,,,,,,87.5,,,,,41.311922,-105.581147,2019,11,9,14
West,Knight Hall,2019-11-09T15:00:00,,,,,,87.5,,,,,41.311922,-105.581147,2019,11,9,15
West,Knight Hall,2019-11-09T16:00:00,,,,,,87.5,,,,,41.311922,-105.581147,2019,11,9,16
West,Knight Hall,2019-11-09T17:00:00,,,,,,87.5,,,,,41.311922,-105.581147,2019,11,9,17
West,Knight Hall,2019-11-09T18:00:00,,,,,,87.5,,,,,41.311922,-105.581147,2019,11,9,18
West,Knight Hall,2019-11-09T19:00:00,,,,,,87.5,,,,,41.311922,-105.581147,2019,11,9,19
West,Knight Hall,2019-11-09T20:00:00,,,,,,87.5,,,,,41.311922,-105.581147,2019,11,9,20
West,Knight Hall,2019-11-09T21:00:00,,,,,,87.5,,,,,41.311922,-105.581147,2019,11,9,21
West,Knight Hall,2019-11-09T22:00:00,,,,,,87.5,,,,,41.311922,-105.581147,2019,11,9,22
West,Knight Hall,2019-11-09T23:00:00,,,,,,87.5,,,,,41.311922,-105.581147,2019,11,9,23
West,Knight Hall,2019-11-10T00:00:00,,,,,,87.5,,,,,41.311922,-105.581147,2019,11,10,0
West,Knight Hall,2019-11-10T01:00:00,,,,,,87.5,,,,,41.311922,-105.581147,2019,11,10,1
West,Knight Hall,2019-11-10T02:00:00,,,,,,87.5,,,,,41.311922,-105.581147,2019,11,10,2
West,Knight Hall,2019-11-10T03:00:00,,,,,,87.5,,,,,41.311922,-105.581147,2019,11,10,3
West,Knight Hall,2019-11-10T04:00:00,,,,,,87.5,,,,,41.311922,-105.581147,2019,11,10,4
West,Knight Hall,2019-11-10T05:00:00,,,,,,87.5,,,,,41.311922,-105.581147,2019,11,10,5
West,Knight Hall,2019-11-10T06:00:00,,,,,,87.5,,,,,41.311922,-105.581147,2019,11,10,6
West,Knight Hall,2019-11-10T07:00:00,,,,,,87.5,,,,,41.311922,-105.581147,2019,11,10,7
West,Knight Hall,2019-11-10T08:00:00,,,,,,87.5,,,,,41.311922,-105.581147,2019,11,10,8
West,Knight Hall,2019-11-10T09:00:00,,,,,,87.5,,,,,41.311922,-105.581147,2019,11,10,9
West,Knight Hall,2019-11-10T10:00:00,,,,,,87.5,,,,,41.311922,-105.581147,2019,11,10,10
West,Knight Hall,2019-11-10T11:00:00,,,,,,87.5,,,,,41.311922,-105.581147,2019,11,10,11
West,Knight Hall,2019-11-10T12:00:00,,,,,,87.5,,,,,41.311922,-105.581147,2019,11,10,12
West,Knight Hall,2019-11-10T13:00:00,,,,,,87.5,,,,,41.311922,-105.581147,2019,11,10,13
West,Knight Hall,2019-11-10T14:00:00,,,,,,87.5,,,,,41.311922,-105.581147,2019,11,10,14
West,Knight Hall,2019-11-10T15:00:00,,,,,,87.5,,,,,41.311922,-105.581147,2019,11,10,15
West,Knight Hall,2019-11-10T16:00:00,,,,,,87.5,,,,,41.311922,-105.581147,2019,11,10,16
West,Knight Hall,2019-11-10T17:00:00,,,,,,87.5,,,,,41.311922,-105.581147,2019,11,10,17
West,Knight Hall,2019-11-10T18:00:00,,,,,,87.5,,,,,41.311922,-105.581147,2019,11,10,18
West,Knight Hall,2019-11-10T19:00:00,,,,,,87.5,,,,,41.311922,-105.581147,2019,11,10,19
West,Knight Hall,2019-11-10T20:00:00,,,,,,87.5,,,,,41.311922,-105.581147,2019,11,10,20
West,Knight Hall,2019-11-10T21:00:00,,,,,,87.5,,,,,41.311922,-105.581147,2019,11,10,21
West,Knight Hall,2019-11-10T22:00:00,,,,,,87.5,,,,,41.311922,-105.581147,2019,11,10,22
West,Knight Hall,2019-11-10T23:00:00,,,,,,87.5,,,,,41.311922,-105.581147,2019,11,10,23
West,Knight Hall,2019-11-11T00:00:00,,,,,,87.5,,,,,41.311922,-105.581147,2019,11,11,0
West,Knight Hall,2019-11-11T01:00:00,,,,,,87.5,,,,,41.311922,-105.581147,2019,11,11,1
West,Knight Hall,2019-11-11T02:00:00,,,,,,87.5,,,,,41.311922,-105.581147,2019,11,11,2
West,Knight Hall,2019-11-11T03:00:00,,,,,,87.5,,,,,41.311922,-105.581147,2019,11,11,3
West,Knight Hall,2019-11-11T04:00:00,,,,,,87.5,,,,,41.311922,-105.581147,2019,11,11,4
West,Knight Hall,2019-11-11T05:00:00,,,,,,87.5,,,,,41.311922,-105.581147,2019,11,11,5
West,Knight Hall,2019-11-11T06:00:00,,,,,,87.5,,,,,41.311922,-105.581147,2019,11,11,6
West,Knight Hall,2019-11-11T07:00:00,,,,,,87.5,,,,,41.311922,-105.581147,2019,11,11,7
West,Knight Hall,2019-11-11T08:00:00,,,,,,87.5,,,,,41.311922,-105.581147,2019,11,11,8
West,Knight Hall,2019-11-11T09:00:00,,,,,,87.5,,,,,41.311922,-105.581147,2019,11,11,9
West,Knight Hall,2019-11-11T10:00:00,,,,,,87.5,,,,,41.311922,-105.581147,2019,11,11,10
West,Knight Hall,2019-11-11T11:00:00,,,,,,87.5,,,,,41.311922,-105.581147,2019,11,11,11
West,Knight Hall,2019-11-11T12:00:00,,,,,,87.5,,,,,41.311922,-105.581147,2019,11,11,12
West,Knight Hall,2019-11-11T13:00:00,,,,,,87.5,,,,,41.311922,-105.581147,2019,11,11,13
West,Knight Hall,2019-11-11T14:00:00,,,,,,87.5,,,,,41.311922,-105.581147,2019,11,11,14
West,Knight Hall,2019-11-11T15:00:00,,,,,,87.5,,,,,41.311922,-105.581147,2019,11,11,15
West,Knight Hall,2019-11-11T16:00:00,,,,,,87.5,,,,,41.311922,-105.581147,2019,11,11,16
West,Knight Hall,2019-11-11T17:00:00,,,,,,87.5,,,,,41.311922,-105.581147,2019,11,11,17
West,Knight Hall,2019-11-11T18:00:00,,,,,,87.5,,,,,41.311922,-105.581147,2019,11,11,18
West,Knight Hall,2019-11-11T19:00:00,,,,,,87.5,,,,,41.311922,-105.581147,2019,11,11,19
West,Knight Hall,2019-11-11T20:00:00,,,,,,87.5,,,,,41.311922,-105.581147,2019,11,11,20
West,Knight Hall,2019-11-11T21:00:00,,,,,,87.5,,,,,41.311922,-105.581147,2019,11,11,21
West,Knight Hall,2019-11-11T22:00:00,,,,,,87.5,,,,,41.311922,-105.581147,2019,11,11,22
West,Knight Hall,2019-11-11T23:00:00,,,,,,87.5,,,,,41.311922,-105.581147,2019,11,11,23
West,Knight Hall,2019-11-12T00:00:00,,,,,,87.5,,,,,41.311922,-105.581147,2019,11,12,0
West,Knight Hall,2019-11-12T01:00:00,,,,,,87.5,,,,,41.311922,-105.581147,2019,11,12,1
West,Knight Hall,2019-11-12T02:00:00,,,,,,87.5,,,,,41.311922,-105.581147,2019,11,12,2
West,Knight Hall,2019-11-12T03:00:00,,,,,,87.5,,,,,41.311922,-105.581147,2019,11,12,3
West,Knight Hall,2019-11-12T04:00:00,,,,,,87.5,,,,,41.311922,-105.581147,2019,11,12,4
West,Knight Hall,2019-11-12T05:00:00,,,,,,87.5,,,,,41.311922,-105.581147,2019,11,12,5
West,Knight Hall,2019-11-12T06:00:00,,,,,,87.5,,,,,41.311922,-105.581147,2019,11,12,6
West,Knight Hall,2019-11-12T07:00:00,,,,,,87.5,,,,,41.311922,-105.581147,2019,11,12,7
West,Knight Hall,2019-11-12T08:00:00,,,,,,87.5,,,,,41.311922,-105.581147,2019,11,12,8
West,Knight Hall,2019-11-12T09:00:00,,,,,,87.5,,,,,41.311922,-105.581147,2019,11,12,9
West,Knight Hall,2019-11-12T10:00:00,,,,,,87.5,,,,,41.311922,-105.581147,2019,11,12,10
West,Knight Hall,2019-11-12T11:00:00,,,,,,87.5,,,,,41.311922,-105.581147,2019,11,12,11
West,Knight Hall,2019-11-12T12:00:00,,,,,,87.5,,,,,41.311922,-105.581147,2019,11,12,12
West,Knight Hall,2019-11-12T13:00:00,,,,,,87.5,,,,,41.311922,-105.581147,2019,11,12,13
West,Knight Hall,2019-11-12T14:00:00,,,,,,87.5,,,,,41.311922,-105.581147,2019,11,12,14
West,Knight Hall,2019-11-12T15:00:00,,,,,,87.5,,,,,41.311922,-105.581147,2019,11,12,15
West,Knight Hall,2019-11-12T16:00:00,,,,,,87.5,,,,,41.311922,-105.581147,2019,11,12,16
West,Knight Hall,2019-11-12T17:00:00,,,,,,87.5,,,,,41.311922,-105.581147,2019,11,12,17
West,Knight Hall,2019-11-12T18:00:00,,,,,,87.5,,,,,41.311922,-105.581147,2019,11,12,18
West,Knight Hall,2019-11-12T19:00:00,,,,,,87.5,,,,,41.311922,-105.581147,2019,11,12,19
West,Knight Hall,2019-11-12T20:00:00,,,,,,87.5,,,,,41.311922,-105.581147,2019,11,12,20
West,Knight Hall,2019-11-12T21:00:00,,,,,,87.5,,,,,41.311922,-105.581147,2019,11,12,21
West,Knight Hall,2019-11-12T22:00:00,,,,,,87.5,,,,,41.311922,-105.581147,2019,11,12,22
West,Knight Hall,2019-11-12T23:00:00,,,,,,87.5,,,,,41.311922,-105.581147,2019,11,12,23
West,Knight Hall,2019-11-13T00:00:00,,,,,,87.5,,,,,41.311922,-105.581147,2019,11,13,0
West,Knight Hall,2019-11-13T01:00:00,,,,,,87.5,,,,,41.311922,-105.581147,2019,11,13,1
West,Knight Hall,2019-11-13T02:00:00,,,,,,87.5,,,,,41.311922,-105.581147,2019,11,13,2
West,Knight Hall,2019-11-13T03:00:00,,,,,,87.5,,,,,41.311922,-105.581147,2019,11,13,3
West,Knight Hall,2019-11-13T04:00:00,,,,,,87.5,,,,,41.311922,-105.581147,2019,11,13,4
West,Knight Hall,2019-11-13T05:00:00,,,,,,87.5,,,,,41.311922,-105.581147,2019,11,13,5
West,Knight Hall,2019-11-13T06:00:00,,,,,,87.5,,,,,41.311922,-105.581147,2019,11,13,6
West,Knight Hall,2019-11-13T07:00:00,,,,,,87.5,,,,,41.311922,-105.581147,2019,11,13,7
West,Knight Hall,2019-11-13T08:00:00,,,,,,87.5,,,,,41.311922,-105.581147,2019,11,13,8
West,Knight Hall,2019-11-13T09:00:00,,,,,,87.5,,,,,41.311922,-105.581147,2019,11,13,9
West,Knight Hall,2019-11-13T10:00:00,,,,,,87.5,,,,,41.311922,-105.581147,2019,11,13,10
West,Knight Hall,2019-11-13T11:00:00,,,,,,87.5,,,,,41.311922,-105.581147,2019,11,13,11
West,Knight Hall,2019-11-13T12:00:00,,,,,,87.5,,,,,41.311922,-105.581147,2019,11,13,12
West,Knight Hall,2019-11-13T13:00:00,,,,,,87.5,,,,,41.311922,-105.581147,2019,11,13,13
West,Knight Hall,2019-11-13T14:00:00,,,,,,87.5,,,,,41.311922,-105.581147,2019,11,13,14
West,Knight Hall,2019-11-13T15:00:00,,,,,,87.5,,,,,41.311922,-105.581147,2019,11,13,15
West,Knight Hall,2019-11-13T16:00:00,,,,,,87.5,,,,,41.311922,-105.581147,2019,11,13,16
West,Knight Hall,2019-11-13T17:00:00,,,,,,87.5,,,,,41.311922,-105.581147,2019,11,13,17
West,Knight Hall,2019-11-13T18:00:00,,,,,,87.5,,,,,41.311922,-105.581147,2019,11,13,18
West,Knight Hall,2019-11-13T19:00:00,,,,,,87.5,,,,,41.311922,-105.581147,2019,11,13,19
West,Knight Hall,2019-11-13T20:00:00,,,,,,87.5,,,,,41.311922,-105.581147,2019,11,13,20
West,Knight Hall,2019-11-13T21:00:00,,,,,,87.5,,,,,41.311922,-105.581147,2019,11,13,21
West,Knight Hall,2019-11-13T22:00:00,,,,,,87.5,,,,,41.311922,-105.581147,2019,11,13,22
West,Knight Hall,2019-11-13T23:00:00,,,,,,87.5,,,,,41.311922,-105.581147,2019,11,13,23
West,Knight Hall,2019-11-14T00:00:00,,,,,,87.5,,,,,41.311922,-105.581147,2019,11,14,0
West,Knight Hall,2019-11-14T01:00:00,,,,,,87.5,,,,,41.311922,-105.581147,2019,11,14,1
West,Knight Hall,2019-11-14T02:00:00,,,,,,87.5,,,,,41.311922,-105.581147,2019,11,14,2
West,Knight Hall,2019-11-14T03:00:00,,,,,,87.5,,,,,41.311922,-105.581147,2019,11,14,3
West,Knight Hall,2019-11-14T04:00:00,,,,,,87.5,,,,,41.311922,-105.581147,2019,11,14,4
West,Knight Hall,2019-11-14T05:00:00,,,,,,87.5,,,,,41.311922,-105.581147,2019,11,14,5
West,Knight Hall,2019-11-14T06:00:00,,,,,,87.5,,,,,41.311922,-105.581147,2019,11,14,6
West,Knight Hall,2019-11-14T07:00:00,,,,,,87.5,,,,,41.311922,-105.581147,2019,11,14,7
West,Knight Hall,2019-11-14T08:00:00,,,,,,87.5,,,,,41.311922,-105.581147,2019,11,14,8
West,Knight Hall,2019-11-14T09:00:00,,,,,,87.5,,,,,41.311922,-105.581147,2019,11,14,9
West,Knight Hall,2019-11-14T10:00:00,,,,,,87.5,,,,,41.311922,-105.581147,2019,11,14,10
West,Knight Hall,2019-11-14T11:00:00,,,,,,87.5,,,,,41.311922,-105.581147,2019,11,14,11
West,Knight Hall,2019-11-14T12:00:00,,,,,,87.5,,,,,41.311922,-105.581147,2019,11,14,12
West,Knight Hall,2019-11-14T13:00:00,,,,,,87.5,,,,,41.311922,-105.581147,2019,11,14,13
West,Knight Hall,2019-11-14T14:00:00,,,,,,87.5,,,,,41.311922,-105.581147,2019,11,14,14
West,Knight Hall,2019-11-14T15:00:00,,,,,,87.5,,,,,41.311922,-105.581147,2019,11,14,15
West,Knight Hall,2019-11-14T16:00:00,,,,,,87.5,,,,,41.311922,-105.581147,2019,11,14,16
West,Knight Hall,2019-11-14T17:00:00,,,,,,87.5,,,,,41.311922,-105.581147,2019,11,14,17
West,Knight Hall,2019-11-14T18:00:00,,,,,,87.5,,,,,41.311922,-105.581147,2019,11,14,18
West,Knight Hall,2019-11-14T19:00:00,,,,,,87.5,,,,,41.311922,-105.581147,2019,11,14,19
West,Knight Hall,2019-11-14T20:00:00,,,,,,87.5,,,,,41.311922,-105.581147,2019,11,14,20
West,Knight Hall,2019-11-14T21:00:00,,,,,,87.5,,,,,41.311922,-105.581147,2019,11,14,21
West,Knight Hall,2019-11-14T22:00:00,,,,,,87.5,,,,,41.311922,-105.581147,2019,11,14,22
West,Knight Hall,2019-11-14T23:00:00,,,,,,87.5,,,,,41.311922,-105.581147,2019,11,14,23
West,Knight Hall,2019-11-15T00:00:00,,,,,,87.5,,,,,41.311922,-105.581147,2019,11,15,0
West,Knight Hall,2019-11-15T01:00:00,,,,,,87.5,,,,,41.311922,-105.581147,2019,11,15,1
West,Knight Hall,2019-11-15T02:00:00,,,,,,87.5,,,,,41.311922,-105.581147,2019,11,15,2
West,Knight Hall,2019-11-15T03:00:00,,,,,,87.5,,,,,41.311922,-105.581147,2019,11,15,3
West,Knight Hall,2019-11-15T04:00:00,,,,,,87.5,,,,,41.311922,-105.581147,2019,11,15,4
West,Knight Hall,2019-11-15T05:00:00,,,,,,87.5,,,,,41.311922,-105.581147,2019,11,15,5
West,Knight Hall,2019-11-15T06:00:00,,,,,,87.5,,,,,41.311922,-105.581147,2019,11,15,6
West,Knight Hall,2019-11-15T07:00:00,,,,,,87.5,,,,,41.311922,-105.581147,2019,11,15,7
West,Knight Hall,2019-11-15T08:00:00,,,,,,87.5,,,,,41.311922,-105.581147,2019,11,15,8
West,Knight Hall,2019-11-15T09:00:00,,,,,,87.5,,,,,41.311922,-105.581147,2019,11,15,9
West,Knight Hall,2019-11-15T10:00:00,,,,,,87.5,,,,,41.311922,-105.581147,2019,11,15,10
West,Knight Hall,2019-11-15T11:00:00,,,,,,87.5,,,,,41.311922,-105.581147,2019,11,15,11
West,Knight Hall,2019-11-15T12:00:00,,,,,,87.5,,,,,41.311922,-105.581147,2019,11,15,12
West,Knight Hall,2019-11-15T13:00:00,,,,,,87.5,,,,,41.311922,-105.581147,2019,11,15,13
West,Knight Hall,2019-11-15T14:00:00,,,,,,87.5,,,,,41.311922,-105.581147,2019,11,15,14
West,Knight Hall,2019-11-15T15:00:00,,,,,,87.5,,,,,41.311922,-105.581147,2019,11,15,15
West,Knight Hall,2019-11-15T16:00:00,,,,,,87.5,,,,,41.311922,-105.581147,2019,11,15,16
West,Knight Hall,2019-11-15T17:00:00,,,,,,87.5,,,,,41.311922,-105.581147,2019,11,15,17
West,Knight Hall,2019-11-15T18:00:00,,,,,,87.5,,,,,41.311922,-105.581147,2019,11,15,18
West,Knight Hall,2019-11-15T19:00:00,,,,,,87.5,,,,,41.311922,-105.581147,2019,11,15,19
West,Knight Hall,2019-11-15T20:00:00,,,,,,87.5,,,,,41.311922,-105.581147,2019,11,15,20
West,Knight Hall,2019-11-15T21:00:00,,,,,,87.5,,,,,41.311922,-105.581147,2019,11,15,21
West,Knight Hall,2019-11-15T22:00:00,,,,,,87.5,,,,,41.311922,-105.581147,2019,11,15,22
West,Knight Hall,2019-11-15T23:00:00,,,,,,87.5,,,,,41.311922,-105.581147,2019,11,15,23
West,Knight Hall,2019-11-16T00:00:00,,,,,,87.5,,,,,41.311922,-105.581147,2019,11,16,0
West,Knight Hall,2019-11-16T01:00:00,,,,,,87.5,,,,,41.311922,-105.581147,2019,11,16,1
West,Knight Hall,2019-11-16T02:00:00,,,,,,87.5,,,,,41.311922,-105.581147,2019,11,16,2
West,Knight Hall,2019-11-16T03:00:00,,,,,,87.5,,,,,41.311922,-105.581147,2019,11,16,3
West,Knight Hall,2019-11-16T04:00:00,,,,,,87.5,,,,,41.311922,-105.581147,2019,11,16,4
West,Knight Hall,2019-11-16T05:00:00,,,,,,87.5,,,,,41.311922,-105.581147,2019,11,16,5
West,Knight Hall,2019-11-16T06:00:00,,,,,,87.5,,,,,41.311922,-105.581147,2019,11,16,6
West,Knight Hall,2019-11-16T07:00:00,,,,,,87.5,,,,,41.311922,-105.581147,2019,11,16,7
West,Knight Hall,2019-11-16T08:00:00,,,,,,87.5,,,,,41.311922,-105.581147,2019,11,16,8
West,Knight Hall,2019-11-16T09:00:00,,,,,,87.5,,,,,41.311922,-105.581147,2019,11,16,9
West,Knight Hall,2019-11-16T10:00:00,,,,,,87.5,,,,,41.311922,-105.581147,2019,11,16,10
West,Knight Hall,2019-11-16T11:00:00,,,,,,87.5,,,,,41.311922,-105.581147,2019,11,16,11
West,Knight Hall,2019-11-16T12:00:00,,,,,,87.5,,,,,41.311922,-105.581147,2019,11,16,12
West,Knight Hall,2019-11-16T13:00:00,,,,,,87.5,,,,,41.311922,-105.581147,2019,11,16,13
West,Knight Hall,2019-11-16T14:00:00,,,,,,87.5,,,,,41.311922,-105.581147,2019,11,16,14
West,Knight Hall,2019-11-16T15:00:00,,,,,,87.5,,,,,41.311922,-105.581147,2019,11,16,15
West,Knight Hall,2019-11-16T16:00:00,,,,,,87.5,,,,,41.311922,-105.581147,2019,11,16,16
West,Knight Hall,2019-11-16T17:00:00,,,,,,87.5,,,,,41.311922,-105.581147,2019,11,16,17
West,Knight Hall,2019-11-16T18:00:00,,,,,,87.5,,,,,41.311922,-105.581147,2019,11,16,18
West,Knight Hall,2019-11-16T19:00:00,,,,,,87.5,,,,,41.311922,-105.581147,2019,11,16,19
West,Knight Hall,2019-11-16T20:00:00,,,,,,87.5,,,,,41.311922,-105.581147,2019,11,16,20
West,Knight Hall,2019-11-16T21:00:00,,,,,,87.5,,,,,41.311922,-105.581147,2019,11,16,21
West,Knight Hall,2019-11-16T22:00:00,,,,,,87.5,,,,,41.311922,-105.581147,2019,11,16,22
West,Knight Hall,2019-11-16T23:00:00,,,,,,87.5,,,,,41.311922,-105.581147,2019,11,16,23
West,Knight Hall,2019-11-17T00:00:00,,,,,,87.5,,,,,41.311922,-105.581147,2019,11,17,0
West,Knight Hall,2019-11-17T01:00:00,,,,,,87.5,,,,,41.311922,-105.581147,2019,11,17,1
West,Knight Hall,2019-11-17T02:00:00,,,,,,87.5,,,,,41.311922,-105.581147,2019,11,17,2
West,Knight Hall,2019-11-17T03:00:00,,,,,,87.5,,,,,41.311922,-105.581147,2019,11,17,3
West,Knight Hall,2019-11-17T04:00:00,,,,,,87.5,,,,,41.311922,-105.581147,2019,11,17,4
West,Knight Hall,2019-11-17T05:00:00,,,,,,87.5,,,,,41.311922,-105.581147,2019,11,17,5
West,Knight Hall,2019-11-17T06:00:00,,,,,,87.5,,,,,41.311922,-105.581147,2019,11,17,6
West,Knight Hall,2019-11-17T07:00:00,,,,,,87.5,,,,,41.311922,-105.581147,2019,11,17,7
West,Knight Hall,2019-11-17T08:00:00,,,,,,87.5,,,,,41.311922,-105.581147,2019,11,17,8
West,Knight Hall,2019-11-17T09:00:00,,,,,,87.5,,,,,41.311922,-105.581147,2019,11,17,9
West,Knight Hall,2019-11-17T10:00:00,,,,,,87.5,,,,,41.311922,-105.581147,2019,11,17,10
West,Knight Hall,2019-11-17T11:00:00,,,,,,87.5,,,,,41.311922,-105.581147,2019,11,17,11
West,Knight Hall,2019-11-17T12:00:00,,,,,,87.5,,,,,41.311922,-105.581147,2019,11,17,12
West,Knight Hall,2019-11-17T13:00:00,,,,,,87.5,,,,,41.311922,-105.581147,2019,11,17,13
West,Knight Hall,2019-11-17T14:00:00,,,,,,87.5,,,,,41.311922,-105.581147,2019,11,17,14
West,Knight Hall,2019-11-17T15:00:00,,,,,,87.5,,,,,41.311922,-105.581147,2019,11,17,15
West,Knight Hall,2019-11-17T16:00:00,,,,,,87.5,,,,,41.311922,-105.581147,2019,11,17,16
West,Knight Hall,2019-11-17T17:00:00,,,,,,87.5,,,,,41.311922,-105.581147,2019,11,17,17
West,Knight Hall,2019-11-17T18:00:00,,,,,,87.5,,,,,41.311922,-105.581147,2019,11,17,18
West,Knight Hall,2019-11-17T19:00:00,,,,,,87.5,,,,,41.311922,-105.581147,2019,11,17,19
West,Knight Hall,2019-11-17T20:00:00,,,,,,87.5,,,,,41.311922,-105.581147,2019,11,17,20
West,Knight Hall,2019-11-17T21:00:00,,,,,,87.5,,,,,41.311922,-105.581147,2019,11,17,21
West,Knight Hall,2019-11-17T22:00:00,,,,,,87.5,,,,,41.311922,-105.581147,2019,11,17,22
West,Knight Hall,2019-11-17T23:00:00,,,,,,87.5,,,,,41.311922,-105.581147,2019,11,17,23
West,Knight Hall,2019-11-18T00:00:00,,,,,,87.5,,,,,41.311922,-105.581147,2019,11,18,0
West,Knight Hall,2019-11-18T01:00:00,,,,,,87.5,,,,,41.311922,-105.581147,2019,11,18,1
West,Knight Hall,2019-11-18T02:00:00,,,,,,87.5,,,,,41.311922,-105.581147,2019,11,18,2
West,Knight Hall,2019-11-18T03:00:00,,,,,,87.5,,,,,41.311922,-105.581147,2019,11,18,3
West,Knight Hall,2019-11-18T04:00:00,,,,,,87.5,,,,,41.311922,-105.581147,2019,11,18,4
West,Knight Hall,2019-11-18T05:00:00,,,,,,87.5,,,,,41.311922,-105.581147,2019,11,18,5
West,Knight Hall,2019-11-18T06:00:00,,,,,,87.5,,,,,41.311922,-105.581147,2019,11,18,6
West,Knight Hall,2019-11-18T07:00:00,,,,,,87.5,,,,,41.311922,-105.581147,2019,11,18,7
West,Knight Hall,2019-11-18T08:00:00,,,,,,87.5,,,,,41.311922,-105.581147,2019,11,18,8
West,Knight Hall,2019-11-18T09:00:00,,,,,,87.5,,,,,41.311922,-105.581147,2019,11,18,9
West,Knight Hall,2019-11-18T10:00:00,,,,,,87.5,,,,,41.311922,-105.581147,2019,11,18,10
West,Knight Hall,2019-11-18T11:00:00,,,,,,87.5,,,,,41.311922,-105.581147,2019,11,18,11
West,Knight Hall,2019-11-18T12:00:00,,,,,,87.5,,,,,41.311922,-105.581147,2019,11,18,12
West,Knight Hall,2019-11-18T13:00:00,,,,,,87.5,,,,,41.311922,-105.581147,2019,11,18,13
West,Knight Hall,2019-11-18T14:00:00,,,,,,87.5,,,,,41.311922,-105.581147,2019,11,18,14
West,Knight Hall,2019-11-18T15:00:00,,,,,,87.5,,,,,41.311922,-105.581147,2019,11,18,15
West,Knight Hall,2019-11-18T16:00:00,,,,,,87.5,,,,,41.311922,-105.581147,2019,11,18,16
West,Knight Hall,2019-11-18T17:00:00,,,,,,87.5,,,,,41.311922,-105.581147,2019,11,18,17
West,Knight Hall,2019-11-18T18:00:00,,,,,,87.5,,,,,41.311922,-105.581147,2019,11,18,18
West,Knight Hall,2019-11-18T19:00:00,,,,,,87.5,,,,,41.311922,-105.581147,2019,11,18,19
West,Knight Hall,2019-11-18T20:00:00,,,,,,87.5,,,,,41.311922,-105.581147,2019,11,18,20
West,Knight Hall,2019-11-18T21:00:00,,,,,,87.5,,,,,41.311922,-105.581147,2019,11,18,21
West,Knight Hall,2019-11-18T22:00:00,,,,,,87.5,,,,,41.311922,-105.581147,2019,11,18,22
West,Knight Hall,2019-11-18T23:00:00,,,,,,87.5,,,,,41.311922,-105.581147,2019,11,18,23
West,Knight Hall,2019-11-19T00:00:00,,,,,,87.5,,,,,41.311922,-105.581147,2019,11,19,0
West,Knight Hall,2019-11-19T01:00:00,,,,,,87.5,,,,,41.311922,-105.581147,2019,11,19,1
West,Knight Hall,2019-11-19T02:00:00,,,,,,87.5,,,,,41.311922,-105.581147,2019,11,19,2
West,Knight Hall,2019-11-19T03:00:00,,,,,,87.5,,,,,41.311922,-105.581147,2019,11,19,3
West,Knight Hall,2019-11-19T04:00:00,,,,,,87.5,,,,,41.311922,-105.581147,2019,11,19,4
West,Knight Hall,2019-11-19T05:00:00,,,,,,87.5,,,,,41.311922,-105.581147,2019,11,19,5
West,Knight Hall,2019-11-19T06:00:00,,,,,,87.5,,,,,41.311922,-105.581147,2019,11,19,6
West,Knight Hall,2019-11-19T07:00:00,,,,,,87.5,,,,,41.311922,-105.581147,2019,11,19,7
West,Knight Hall,2019-11-19T08:00:00,,,,,,87.5,,,,,41.311922,-105.581147,2019,11,19,8
West,Knight Hall,2019-11-19T09:00:00,,,,,,87.5,,,,,41.311922,-105.581147,2019,11,19,9
West,Knight Hall,2019-11-19T10:00:00,,,,,,87.5,,,,,41.311922,-105.581147,2019,11,19,10
West,Knight Hall,2019-11-19T11:00:00,,,,,,87.5,,,,,41.311922,-105.581147,2019,11,19,11
West,Knight Hall,2019-11-19T12:00:00,,,,,,87.5,,,,,41.311922,-105.581147,2019,11,19,12
West,Knight Hall,2019-11-19T13:00:00,,,,,,87.5,,,,,41.311922,-105.581147,2019,11,19,13
West,Knight Hall,2019-11-19T14:00:00,,,,,,87.5,,,,,41.311922,-105.581147,2019,11,19,14
West,Knight Hall,2019-11-19T15:00:00,,,,,,87.5,,,,,41.311922,-105.581147,2019,11,19,15
West,Knight Hall,2019-11-19T16:00:00,,,,,,87.5,,,,,41.311922,-105.581147,2019,11,19,16
West,Knight Hall,2019-11-19T17:00:00,,,,,,87.5,,,,,41.311922,-105.581147,2019,11,19,17
West,Knight Hall,2019-11-19T18:00:00,,,,,,87.5,,,,,41.311922,-105.581147,2019,11,19,18
West,Knight Hall,2019-11-19T19:00:00,,,,,,87.5,,,,,41.311922,-105.581147,2019,11,19,19
West,Knight Hall,2019-11-19T20:00:00,,,,,,87.5,,,,,41.311922,-105.581147,2019,11,19,20
West,Knight Hall,2019-11-19T21:00:00,,,,,,87.5,,,,,41.311922,-105.581147,2019,11,19,21
West,Knight Hall,2019-11-19T22:00:00,,,,,,87.5,,,,,41.311922,-105.581147,2019,11,19,22
West,Knight Hall,2019-11-19T23:00:00,,,,,,87.5,,,,,41.311922,-105.581147,2019,11,19,23
West,Knight Hall,2019-11-20T00:00:00,,,,,,87.5,,,,,41.311922,-105.581147,2019,11,20,0
West,Knight Hall,2019-11-20T01:00:00,,,,,,87.5,,,,,41.311922,-105.581147,2019,11,20,1
West,Knight Hall,2019-11-20T02:00:00,,,,,,87.5,,,,,41.311922,-105.581147,2019,11,20,2
West,Knight Hall,2019-11-20T03:00:00,,,,,,87.5,,,,,41.311922,-105.581147,2019,11,20,3
West,Knight Hall,2019-11-20T04:00:00,,,,,,87.5,,,,,41.311922,-105.581147,2019,11,20,4
West,Knight Hall,2019-11-20T05:00:00,,,,,,87.5,,,,,41.311922,-105.581147,2019,11,20,5
West,Knight Hall,2019-11-20T06:00:00,,,,,,87.5,,,,,41.311922,-105.581147,2019,11,20,6
West,Knight Hall,2019-11-20T07:00:00,,,,,,87.5,,,,,41.311922,-105.581147,2019,11,20,7
West,Knight Hall,2019-11-20T08:00:00,,,,,,87.5,,,,,41.311922,-105.581147,2019,11,20,8
West,Knight Hall,2019-11-20T09:00:00,,,,,,87.5,,,,,41.311922,-105.581147,2019,11,20,9
West,Knight Hall,2019-11-20T10:00:00,,,,,,87.5,,,,,41.311922,-105.581147,2019,11,20,10
West,Knight Hall,2019-11-20T11:00:00,,,,,,87.5,,,,,41.311922,-105.581147,2019,11,20,11
West,Knight Hall,2019-11-20T12:00:00,,,,,,87.5,,,,,41.311922,-105.581147,2019,11,20,12
West,Knight Hall,2019-11-20T13:00:00,,,,,,87.5,,,,,41.311922,-105.581147,2019,11,20,13
West,Knight Hall,2019-11-20T14:00:00,,,,,,87.5,,,,,41.311922,-105.581147,2019,11,20,14
West,Knight Hall,2019-11-20T15:00:00,,,,,,87.5,,,,,41.311922,-105.581147,2019,11,20,15
West,Knight Hall,2019-11-20T16:00:00,,,,,,87.5,,,,,41.311922,-105.581147,2019,11,20,16
West,Knight Hall,2019-11-20T17:00:00,,,,,,87.5,,,,,41.311922,-105.581147,2019,11,20,17
West,Knight Hall,2019-11-20T18:00:00,,,,,,87.5,,,,,41.311922,-105.581147,2019,11,20,18
West,Knight Hall,2019-11-20T19:00:00,,,,,,87.5,,,,,41.311922,-105.581147,2019,11,20,19
West,Knight Hall,2019-11-20T20:00:00,,,,,,87.5,,,,,41.311922,-105.581147,2019,11,20,20
West,Knight Hall,2019-11-20T21:00:00,,,,,,87.5,,,,,41.311922,-105.581147,2019,11,20,21
West,Knight Hall,2019-11-20T22:00:00,,,,,,87.5,,,,,41.311922,-105.581147,2019,11,20,22
West,Knight Hall,2019-11-20T23:00:00,,,,,,87.5,,,,,41.311922,-105.581147,2019,11,20,23
West,Knight Hall,2019-11-21T00:00:00,,,,,,87.5,,,,,41.311922,-105.581147,2019,11,21,0
West,Knight Hall,2019-11-21T01:00:00,,,,,,87.5,,,,,41.311922,-105.581147,2019,11,21,1
West,Knight Hall,2019-11-21T02:00:00,,,,,,87.5,,,,,41.311922,-105.581147,2019,11,21,2
West,Knight Hall,2019-11-21T03:00:00,,,,,,87.5,,,,,41.311922,-105.581147,2019,11,21,3
West,Knight Hall,2019-11-21T04:00:00,,,,,,87.5,,,,,41.311922,-105.581147,2019,11,21,4
West,Knight Hall,2019-11-21T05:00:00,,,,,,87.5,,,,,41.311922,-105.581147,2019,11,21,5
West,Knight Hall,2019-11-21T06:00:00,,,,,,87.5,,,,,41.311922,-105.581147,2019,11,21,6
West,Knight Hall,2019-11-21T07:00:00,,,,,,87.5,,,,,41.311922,-105.581147,2019,11,21,7
West,Knight Hall,2019-11-21T08:00:00,,,,,,87.5,,,,,41.311922,-105.581147,2019,11,21,8
West,Knight Hall,2019-11-21T09:00:00,,,,,,87.5,,,,,41.311922,-105.581147,2019,11,21,9
West,Knight Hall,2019-11-21T10:00:00,,,,,,87.5,,,,,41.311922,-105.581147,2019,11,21,10
West,Knight Hall,2019-11-21T11:00:00,,,,,,87.5,,,,,41.311922,-105.581147,2019,11,21,11
West,Knight Hall,2019-11-21T12:00:00,,,,,,87.5,,,,,41.311922,-105.581147,2019,11,21,12
West,Knight Hall,2019-11-21T13:00:00,,,,,,87.5,,,,,41.311922,-105.581147,2019,11,21,13
West,Knight Hall,2019-11-21T14:00:00,,,,,,87.5,,,,,41.311922,-105.581147,2019,11,21,14
West,Knight Hall,2019-11-21T15:00:00,,,,,,87.5,,,,,41.311922,-105.581147,2019,11,21,15
West,Knight Hall,2019-11-21T16:00:00,,,,,,87.5,,,,,41.311922,-105.581147,2019,11,21,16
West,Knight Hall,2019-11-21T17:00:00,,,,,,87.5,,,,,41.311922,-105.581147,2019,11,21,17
West,Knight Hall,2019-11-21T18:00:00,,,,,,87.5,,,,,41.311922,-105.581147,2019,11,21,18
West,Knight Hall,2019-11-21T19:00:00,,,,,,87.5,,,,,41.311922,-105.581147,2019,11,21,19
West,Knight Hall,2019-11-21T20:00:00,,,,,,87.5,,,,,41.311922,-105.581147,2019,11,21,20
West,Knight Hall,2019-11-21T21:00:00,,,,,,87.5,,,,,41.311922,-105.581147,2019,11,21,21
West,Knight Hall,2019-11-21T22:00:00,,,,,,87.5,,,,,41.311922,-105.581147,2019,11,21,22
West,Knight Hall,2019-11-21T23:00:00,,,,,,87.5,,,,,41.311922,-105.581147,2019,11,21,23
West,Knight Hall,2019-11-22T00:00:00,,,,,,87.5,,,,,41.311922,-105.581147,2019,11,22,0
West,Knight Hall,2019-11-22T01:00:00,,,,,,87.5,,,,,41.311922,-105.581147,2019,11,22,1
West,Knight Hall,2019-11-22T02:00:00,,,,,,87.5,,,,,41.311922,-105.581147,2019,11,22,2
West,Knight Hall,2019-11-22T03:00:00,,,,,,87.5,,,,,41.311922,-105.581147,2019,11,22,3
West,Knight Hall,2019-11-22T04:00:00,,,,,,87.5,,,,,41.311922,-105.581147,2019,11,22,4
West,Knight Hall,2019-11-22T05:00:00,,,,,,87.5,,,,,41.311922,-105.581147,2019,11,22,5
West,Knight Hall,2019-11-22T06:00:00,,,,,,87.5,,,,,41.311922,-105.581147,2019,11,22,6
West,Knight Hall,2019-11-22T07:00:00,,,,,,87.5,,,,,41.311922,-105.581147,2019,11,22,7
West,Knight Hall,2019-11-22T08:00:00,,,,,,87.5,,,,,41.311922,-105.581147,2019,11,22,8
West,Knight Hall,2019-11-22T09:00:00,,,,,,87.5,,,,,41.311922,-105.581147,2019,11,22,9
West,Knight Hall,2019-11-22T10:00:00,,,,,,87.5,,,,,41.311922,-105.581147,2019,11,22,10
West,Knight Hall,2019-11-22T11:00:00,,,,,,87.5,,,,,41.311922,-105.581147,2019,11,22,11
West,Knight Hall,2019-11-22T12:00:00,,,,,,87.5,,,,,41.311922,-105.581147,2019,11,22,12
West,Knight Hall,2019-11-22T13:00:00,,,,,,87.5,,,,,41.311922,-105.581147,2019,11,22,13
West,Knight Hall,2019-11-22T14:00:00,,,,,,87.5,,,,,41.311922,-105.581147,2019,11,22,14
West,Knight Hall,2019-11-22T15:00:00,,,,,,87.5,,,,,41.311922,-105.581147,2019,11,22,15
West,Knight Hall,2019-11-22T16:00:00,,,,,,87.5,,,,,41.311922,-105.581147,2019,11,22,16
West,Knight Hall,2019-11-22T17:00:00,,,,,,87.5,,,,,41.311922,-105.581147,2019,11,22,17
West,Knight Hall,2019-11-22T18:00:00,,,,,,87.5,,,,,41.311922,-105.581147,2019,11,22,18
West,Knight Hall,2019-11-22T19:00:00,,,,,,87.5,,,,,41.311922,-105.581147,2019,11,22,19
West,Knight Hall,2019-11-22T20:00:00,,,,,,87.5,,,,,41.311922,-105.581147,2019,11,22,20
West,Knight Hall,2019-11-22T21:00:00,,,,,,87.5,,,,,41.311922,-105.581147,2019,11,22,21
West,Knight Hall,2019-11-22T22:00:00,,,,,,87.5,,,,,41.311922,-105.581147,2019,11,22,22
West,Knight Hall,2019-11-22T23:00:00,,,,,,87.5,,,,,41.311922,-105.581147,2019,11,22,23
West,Knight Hall,2019-11-23T00:00:00,,,,,,87.5,,,,,41.311922,-105.581147,2019,11,23,0
West,Knight Hall,2019-11-23T01:00:00,,,,,,87.5,,,,,41.311922,-105.581147,2019,11,23,1
West,Knight Hall,2019-11-23T02:00:00,,,,,,87.5,,,,,41.311922,-105.581147,2019,11,23,2
West,Knight Hall,2019-11-23T03:00:00,,,,,,87.5,,,,,41.311922,-105.581147,2019,11,23,3
West,Knight Hall,2019-11-23T04:00:00,,,,,,87.5,,,,,41.311922,-105.581147,2019,11,23,4
West,Knight Hall,2019-11-23T05:00:00,,,,,,87.5,,,,,41.311922,-105.581147,2019,11,23,5
West,Knight Hall,2019-11-23T06:00:00,,,,,,87.5,,,,,41.311922,-105.581147,2019,11,23,6
West,Knight Hall,2019-11-23T07:00:00,,,,,,87.5,,,,,41.311922,-105.581147,2019,11,23,7
West,Knight Hall,2019-11-23T08:00:00,,,,,,87.5,,,,,41.311922,-105.581147,2019,11,23,8
West,Knight Hall,2019-11-23T09:00:00,,,,,,87.5,,,,,41.311922,-105.581147,2019,11,23,9
West,Knight Hall,2019-11-23T10:00:00,,,,,,87.5,,,,,41.311922,-105.581147,2019,11,23,10
West,Knight Hall,2019-11-23T11:00:00,,,,,,87.5,,,,,41.311922,-105.581147,2019,11,23,11
West,Knight Hall,2019-11-23T12:00:00,,,,,,87.5,,,,,41.311922,-105.581147,2019,11,23,12
West,Knight Hall,2019-11-23T13:00:00,,,,,,87.5,,,,,41.311922,-105.581147,2019,11,23,13
West,Knight Hall,2019-11-23T14:00:00,,,,,,87.5,,,,,41.311922,-105.581147,2019,11,23,14
West,Knight Hall,2019-11-23T15:00:00,,,,,,87.5,,,,,41.311922,-105.581147,2019,11,23,15
West,Knight Hall,2019-11-23T16:00:00,,,,,,87.5,,,,,41.311922,-105.581147,2019,11,23,16
West,Knight Hall,2019-11-23T17:00:00,,,,,,87.5,,,,,41.311922,-105.581147,2019,11,23,17
West,Knight Hall,2019-11-23T18:00:00,,,,,,87.5,,,,,41.311922,-105.581147,2019,11,23,18
West,Knight Hall,2019-11-23T19:00:00,,,,,,87.5,,,,,41.311922,-105.581147,2019,11,23,19
West,Knight Hall,2019-11-23T20:00:00,,,,,,87.5,,,,,41.311922,-105.581147,2019,11,23,20
West,Knight Hall,2019-11-23T21:00:00,,,,,,87.5,,,,,41.311922,-105.581147,2019,11,23,21
West,Knight Hall,2019-11-23T22:00:00,,,,,,87.5,,,,,41.311922,-105.581147,2019,11,23,22
West,Knight Hall,2019-11-23T23:00:00,,,,,,87.5,,,,,41.311922,-105.581147,2019,11,23,23
West,Knight Hall,2019-11-24T00:00:00,,,,,,87.5,,,,,41.311922,-105.581147,2019,11,24,0
West,Knight Hall,2019-11-24T01:00:00,,,,,,87.5,,,,,41.311922,-105.581147,2019,11,24,1
West,Knight Hall,2019-11-24T02:00:00,,,,,,87.5,,,,,41.311922,-105.581147,2019,11,24,2
West,Knight Hall,2019-11-24T03:00:00,,,,,,87.5,,,,,41.311922,-105.581147,2019,11,24,3
West,Knight Hall,2019-11-24T04:00:00,,,,,,87.5,,,,,41.311922,-105.581147,2019,11,24,4
West,Knight Hall,2019-11-24T05:00:00,,,,,,87.5,,,,,41.311922,-105.581147,2019,11,24,5
West,Knight Hall,2019-11-24T06:00:00,,,,,,87.5,,,,,41.311922,-105.581147,2019,11,24,6
West,Knight Hall,2019-11-24T07:00:00,,,,,,87.5,,,,,41.311922,-105.581147,2019,11,24,7
West,Knight Hall,2019-11-24T08:00:00,,,,,,87.5,,,,,41.311922,-105.581147,2019,11,24,8
West,Knight Hall,2019-11-24T09:00:00,,,,,,87.5,,,,,41.311922,-105.581147,2019,11,24,9
West,Knight Hall,2019-11-24T10:00:00,,,,,,87.5,,,,,41.311922,-105.581147,2019,11,24,10
West,Knight Hall,2019-11-24T11:00:00,,,,,,87.5,,,,,41.311922,-105.581147,2019,11,24,11
West,Knight Hall,2019-11-24T12:00:00,,,,,,87.5,,,,,41.311922,-105.581147,2019,11,24,12
West,Knight Hall,2019-11-24T13:00:00,,,,,,87.5,,,,,41.311922,-105.581147,2019,11,24,13
West,Knight Hall,2019-11-24T14:00:00,,,,,,87.5,,,,,41.311922,-105.581147,2019,11,24,14
West,Knight Hall,2019-11-24T15:00:00,,,,,,87.5,,,,,41.311922,-105.581147,2019,11,24,15
West,Knight Hall,2019-11-24T16:00:00,,,,,,87.5,,,,,41.311922,-105.581147,2019,11,24,16
West,Knight Hall,2019-11-24T17:00:00,,,,,,87.5,,,,,41.311922,-105.581147,2019,11,24,17
West,Knight Hall,2019-11-24T18:00:00,,,,,,87.5,,,,,41.311922,-105.581147,2019,11,24,18
West,Knight Hall,2019-11-24T19:00:00,,,,,,87.5,,,,,41.311922,-105.581147,2019,11,24,19
West,Knight Hall,2019-11-24T20:00:00,,,,,,87.5,,,,,41.311922,-105.581147,2019,11,24,20
West,Knight Hall,2019-11-24T21:00:00,,,,,,87.5,,,,,41.311922,-105.581147,2019,11,24,21
West,Knight Hall,2019-11-24T22:00:00,,,,,,87.5,,,,,41.311922,-105.581147,2019,11,24,22
West,Knight Hall,2019-11-24T23:00:00,,,,,,87.5,,,,,41.311922,-105.581147,2019,11,24,23
West,Knight Hall,2019-11-25T00:00:00,,,,,,87.5,,,,,41.311922,-105.581147,2019,11,25,0
West,Knight Hall,2019-11-25T01:00:00,,,,,,87.5,,,,,41.311922,-105.581147,2019,11,25,1
West,Knight Hall,2019-11-25T02:00:00,,,,,,87.5,,,,,41.311922,-105.581147,2019,11,25,2
West,Knight Hall,2019-11-25T03:00:00,,,,,,87.5,,,,,41.311922,-105.581147,2019,11,25,3
West,Knight Hall,2019-11-25T04:00:00,,,,,,87.5,,,,,41.311922,-105.581147,2019,11,25,4
West,Knight Hall,2019-11-25T05:00:00,,,,,,87.5,,,,,41.311922,-105.581147,2019,11,25,5
West,Knight Hall,2019-11-25T06:00:00,,,,,,87.5,,,,,41.311922,-105.581147,2019,11,25,6
West,Knight Hall,2019-11-25T07:00:00,,,,,,87.5,,,,,41.311922,-105.581147,2019,11,25,7
West,Knight Hall,2019-11-25T08:00:00,,,,,,87.5,,,,,41.311922,-105.581147,2019,11,25,8
West,Knight Hall,2019-11-25T09:00:00,,,,,,87.5,,,,,41.311922,-105.581147,2019,11,25,9
West,Knight Hall,2019-11-25T10:00:00,,,,,,87.5,,,,,41.311922,-105.581147,2019,11,25,10
West,Knight Hall,2019-11-25T11:00:00,,,,,,87.5,,,,,41.311922,-105.581147,2019,11,25,11
West,Knight Hall,2019-11-25T12:00:00,,,,,,87.5,,,,,41.311922,-105.581147,2019,11,25,12
West,Knight Hall,2019-11-25T13:00:00,,,,,,87.5,,,,,41.311922,-105.581147,2019,11,25,13
West,Knight Hall,2019-11-25T14:00:00,,,,,,87.5,,,,,41.311922,-105.581147,2019,11,25,14
West,Knight Hall,2019-11-25T15:00:00,,,,,,87.5,,,,,41.311922,-105.581147,2019,11,25,15
West,Knight Hall,2019-11-25T16:00:00,,,,,,87.5,,,,,41.311922,-105.581147,2019,11,25,16
West,Knight Hall,2019-11-25T17:00:00,,,,,,87.5,,,,,41.311922,-105.581147,2019,11,25,17
West,Knight Hall,2019-11-25T18:00:00,,,,,,87.5,,,,,41.311922,-105.581147,2019,11,25,18
West,Knight Hall,2019-11-25T19:00:00,,,,,,87.5,,,,,41.311922,-105.581147,2019,11,25,19
West,Knight Hall,2019-11-25T20:00:00,,,,,,87.5,,,,,41.311922,-105.581147,2019,11,25,20
West,Knight Hall,2019-11-25T21:00:00,,,,,,87.5,,,,,41.311922,-105.581147,2019,11,25,21
West,Knight Hall,2019-11-25T22:00:00,,,,,,87.5,,,,,41.311922,-105.581147,2019,11,25,22
West,Knight Hall,2019-11-25T23:00:00,,,,,,87.5,,,,,41.311922,-105.581147,2019,11,25,23
West,Knight Hall,2019-11-26T00:00:00,,,,,,87.5,,,,,41.311922,-105.581147,2019,11,26,0
West,Knight Hall,2019-11-26T01:00:00,,,,,,87.5,,,,,41.311922,-105.581147,2019,11,26,1
West,Knight Hall,2019-11-26T02:00:00,,,,,,87.5,,,,,41.311922,-105.581147,2019,11,26,2
West,Knight Hall,2019-11-26T03:00:00,,,,,,87.5,,,,,41.311922,-105.581147,2019,11,26,3
West,Knight Hall,2019-11-26T04:00:00,,,,,,87.5,,,,,41.311922,-105.581147,2019,11,26,4
West,Knight Hall,2019-11-26T05:00:00,,,,,,87.5,,,,,41.311922,-105.581147,2019,11,26,5
West,Knight Hall,2019-11-26T06:00:00,,,,,,87.5,,,,,41.311922,-105.581147,2019,11,26,6
West,Knight Hall,2019-11-26T07:00:00,,,,,,87.5,,,,,41.311922,-105.581147,2019,11,26,7
West,Knight Hall,2019-11-26T08:00:00,,,,,,87.5,,,,,41.311922,-105.581147,2019,11,26,8
West,Knight Hall,2019-11-26T09:00:00,,,,,,87.5,,,,,41.311922,-105.581147,2019,11,26,9
West,Knight Hall,2019-11-26T10:00:00,,,,,,87.5,,,,,41.311922,-105.581147,2019,11,26,10
West,Knight Hall,2019-11-26T11:00:00,,,,,,87.5,,,,,41.311922,-105.581147,2019,11,26,11
West,Knight Hall,2019-11-26T12:00:00,,,,,,87.5,,,,,41.311922,-105.581147,2019,11,26,12
West,Knight Hall,2019-11-26T13:00:00,,,,,,87.5,,,,,41.311922,-105.581147,2019,11,26,13
West,Knight Hall,2019-11-26T14:00:00,,,,,,87.5,,,,,41.311922,-105.581147,2019,11,26,14
West,Knight Hall,2019-11-26T15:00:00,,,,,,87.5,,,,,41.311922,-105.581147,2019,11,26,15
West,Knight Hall,2019-11-26T16:00:00,,,,,,87.5,,,,,41.311922,-105.581147,2019,11,26,16
West,Knight Hall,2019-11-26T17:00:00,,,,,,87.5,,,,,41.311922,-105.581147,2019,11,26,17
West,Knight Hall,2019-11-26T18:00:00,,,,,,87.5,,,,,41.311922,-105.581147,2019,11,26,18
West,Knight Hall,2019-11-26T19:00:00,,,,,,87.5,,,,,41.311922,-105.581147,2019,11,26,19
West,Knight Hall,2019-11-26T20:00:00,,,,,,87.5,,,,,41.311922,-105.581147,2019,11,26,20
West,Knight Hall,2019-11-26T21:00:00,,,,,,87.5,,,,,41.311922,-105.581147,2019,11,26,21
West,Knight Hall,2019-11-26T22:00:00,,,,,,87.5,,,,,41.311922,-105.581147,2019,11,26,22
West,Knight Hall,2019-11-26T23:00:00,,,,,,87.5,,,,,41.311922,-105.581147,2019,11,26,23
West,Knight Hall,2019-11-27T00:00:00,,,,,,87.5,,,,,41.311922,-105.581147,2019,11,27,0
West,Knight Hall,2019-11-27T01:00:00,,,,,,87.5,,,,,41.311922,-105.581147,2019,11,27,1
West,Knight Hall,2019-11-27T02:00:00,,,,,,87.5,,,,,41.311922,-105.581147,2019,11,27,2
West,Knight Hall,2019-11-27T03:00:00,,,,,,87.5,,,,,41.311922,-105.581147,2019,11,27,3
West,Knight Hall,2019-11-27T04:00:00,,,,,,87.5,,,,,41.311922,-105.581147,2019,11,27,4
West,Knight Hall,2019-11-27T05:00:00,,,,,,87.5,,,,,41.311922,-105.581147,2019,11,27,5
West,Knight Hall,2019-11-27T06:00:00,,,,,,87.5,,,,,41.311922,-105.581147,2019,11,27,6
West,Knight Hall,2019-11-27T07:00:00,,,,,,87.5,,,,,41.311922,-105.581147,2019,11,27,7
West,Knight Hall,2019-11-27T08:00:00,,,,,,87.5,,,,,41.311922,-105.581147,2019,11,27,8
West,Knight Hall,2019-11-27T09:00:00,,,,,,87.5,,,,,41.311922,-105.581147,2019,11,27,9
West,Knight Hall,2019-11-27T10:00:00,,,,,,87.5,,,,,41.311922,-105.581147,2019,11,27,10
West,Knight Hall,2019-11-27T11:00:00,,,,,,87.5,,,,,41.311922,-105.581147,2019,11,27,11
West,Knight Hall,2019-11-27T12:00:00,,,,,,87.5,,,,,41.311922,-105.581147,2019,11,27,12
West,Knight Hall,2019-11-27T13:00:00,,,,,,87.5,,,,,41.311922,-105.581147,2019,11,27,13
West,Knight Hall,2019-11-27T14:00:00,,,,,,87.5,,,,,41.311922,-105.581147,2019,11,27,14
West,Knight Hall,2019-11-27T15:00:00,,,,,,87.5,,,,,41.311922,-105.581147,2019,11,27,15
West,Knight Hall,2019-11-27T16:00:00,,,,,,87.5,,,,,41.311922,-105.581147,2019,11,27,16
West,Knight Hall,2019-11-27T17:00:00,,,,,,87.5,,,,,41.311922,-105.581147,2019,11,27,17
West,Knight Hall,2019-11-27T18:00:00,,,,,,87.5,,,,,41.311922,-105.581147,2019,11,27,18
West,Knight Hall,2019-11-27T19:00:00,,,,,,87.5,,,,,41.311922,-105.581147,2019,11,27,19
West,Knight Hall,2019-11-27T20:00:00,,,,,,87.5,,,,,41.311922,-105.581147,2019,11,27,20
West,Knight Hall,2019-11-27T21:00:00,,,,,,87.5,,,,,41.311922,-105.581147,2019,11,27,21
West,Knight Hall,2019-11-27T22:00:00,,,,,,87.5,,,,,41.311922,-105.581147,2019,11,27,22
West,Knight Hall,2019-11-27T23:00:00,,,,,,87.5,,,,,41.311922,-105.581147,2019,11,27,23
West,Knight Hall,2019-11-28T00:00:00,,,,,,87.5,,,,,41.311922,-105.581147,2019,11,28,0
West,Knight Hall,2019-11-28T01:00:00,,,,,,87.5,,,,,41.311922,-105.581147,2019,11,28,1
West,Knight Hall,2019-11-28T02:00:00,,,,,,87.5,,,,,41.311922,-105.581147,2019,11,28,2
West,Knight Hall,2019-11-28T03:00:00,,,,,,87.5,,,,,41.311922,-105.581147,2019,11,28,3
West,Knight Hall,2019-11-28T04:00:00,,,,,,87.5,,,,,41.311922,-105.581147,2019,11,28,4
West,Knight Hall,2019-11-28T05:00:00,,,,,,87.5,,,,,41.311922,-105.581147,2019,11,28,5
West,Knight Hall,2019-11-28T06:00:00,,,,,,87.5,,,,,41.311922,-105.581147,2019,11,28,6
West,Knight Hall,2019-11-28T07:00:00,,,,,,87.5,,,,,41.311922,-105.581147,2019,11,28,7
West,Knight Hall,2019-11-28T08:00:00,,,,,,87.5,,,,,41.311922,-105.581147,2019,11,28,8
West,Knight Hall,2019-11-28T09:00:00,,,,,,87.5,,,,,41.311922,-105.581147,2019,11,28,9
West,Knight Hall,2019-11-28T10:00:00,,,,,,87.5,,,,,41.311922,-105.581147,2019,11,28,10
West,Knight Hall,2019-11-28T11:00:00,,,,,,87.5,,,,,41.311922,-105.581147,2019,11,28,11
West,Knight Hall,2019-11-28T12:00:00,,,,,,87.5,,,,,41.311922,-105.581147,2019,11,28,12
West,Knight Hall,2019-11-28T13:00:00,,,,,,87.5,,,,,41.311922,-105.581147,2019,11,28,13
West,Knight Hall,2019-11-28T14:00:00,,,,,,87.5,,,,,41.311922,-105.581147,2019,11,28,14
West,Knight Hall,2019-11-28T15:00:00,,,,,,87.5,,,,,41.311922,-105.581147,2019,11,28,15
West,Knight Hall,2019-11-28T16:00:00,,,,,,87.5,,,,,41.311922,-105.581147,2019,11,28,16
West,Knight Hall,2019-11-28T17:00:00,,,,,,87.5,,,,,41.311922,-105.581147,2019,11,28,17
West,Knight Hall,2019-11-28T18:00:00,,,,,,87.5,,,,,41.311922,-105.581147,2019,11,28,18
West,Knight Hall,2019-11-28T19:00:00,,,,,,87.5,,,,,41.311922,-105.581147,2019,11,28,19
West,Knight Hall,2019-11-28T20:00:00,,,,,,87.5,,,,,41.311922,-105.581147,2019,11,28,20
West,Knight Hall,2019-11-28T21:00:00,,,,,,87.5,,,,,41.311922,-105.581147,2019,11,28,21
West,Knight Hall,2019-11-28T22:00:00,,,,,,87.5,,,,,41.311922,-105.581147,2019,11,28,22
West,Knight Hall,2019-11-28T23:00:00,,,,,,87.5,,,,,41.311922,-105.581147,2019,11,28,23
West,Knight Hall,2019-11-29T00:00:00,,,,,,87.5,,,,,41.311922,-105.581147,2019,11,29,0
West,Knight Hall,2019-11-29T01:00:00,,,,,,87.5,,,,,41.311922,-105.581147,2019,11,29,1
West,Knight Hall,2019-11-29T02:00:00,,,,,,87.5,,,,,41.311922,-105.581147,2019,11,29,2
West,Knight Hall,2019-11-29T03:00:00,,,,,,87.5,,,,,41.311922,-105.581147,2019,11,29,3
West,Knight Hall,2019-11-29T04:00:00,,,,,,87.5,,,,,41.311922,-105.581147,2019,11,29,4
West,Knight Hall,2019-11-29T05:00:00,,,,,,87.5,,,,,41.311922,-105.581147,2019,11,29,5
West,Knight Hall,2019-11-29T06:00:00,,,,,,87.5,,,,,41.311922,-105.581147,2019,11,29,6
West,Knight Hall,2019-11-29T07:00:00,,,,,,87.5,,,,,41.311922,-105.581147,2019,11,29,7
West,Knight Hall,2019-11-29T08:00:00,,,,,,87.5,,,,,41.311922,-105.581147,2019,11,29,8
West,Knight Hall,2019-11-29T09:00:00,,,,,,87.5,,,,,41.311922,-105.581147,2019,11,29,9
West,Knight Hall,2019-11-29T10:00:00,,,,,,87.5,,,,,41.311922,-105.581147,2019,11,29,10
West,Knight Hall,2019-11-29T11:00:00,,,,,,87.5,,,,,41.311922,-105.581147,2019,11,29,11
West,Knight Hall,2019-11-29T12:00:00,,,,,,87.5,,,,,41.311922,-105.581147,2019,11,29,12
West,Knight Hall,2019-11-29T13:00:00,,,,,,87.5,,,,,41.311922,-105.581147,2019,11,29,13
West,Knight Hall,2019-11-29T14:00:00,,,,,,87.5,,,,,41.311922,-105.581147,2019,11,29,14
West,Knight Hall,2019-11-29T15:00:00,,,,,,87.5,,,,,41.311922,-105.581147,2019,11,29,15
West,Knight Hall,2019-11-29T16:00:00,,,,,,87.5,,,,,41.311922,-105.581147,2019,11,29,16
West,Knight Hall,2019-11-29T17:00:00,,,,,,87.5,,,,,41.311922,-105.581147,2019,11,29,17
West,Knight Hall,2019-11-29T18:00:00,,,,,,87.5,,,,,41.311922,-105.581147,2019,11,29,18
West,Knight Hall,2019-11-29T19:00:00,,,,,,87.5,,,,,41.311922,-105.581147,2019,11,29,19
West,Knight Hall,2019-11-29T20:00:00,,,,,,87.5,,,,,41.311922,-105.581147,2019,11,29,20
West,Knight Hall,2019-11-29T21:00:00,,,,,,87.5,,,,,41.311922,-105.581147,2019,11,29,21
West,Knight Hall,2019-11-29T22:00:00,,,,,,87.5,,,,,41.311922,-105.581147,2019,11,29,22
West,Knight Hall,2019-11-29T23:00:00,,,,,,87.5,,,,,41.311922,-105.581147,2019,11,29,23
West,Knight Hall,2019-11-30T00:00:00,,,,,,87.5,,,,,41.311922,-105.581147,2019,11,30,0
West,Knight Hall,2019-11-30T01:00:00,,,,,,87.5,,,,,41.311922,-105.581147,2019,11,30,1
West,Knight Hall,2019-11-30T02:00:00,,,,,,87.5,,,,,41.311922,-105.581147,2019,11,30,2
West,Knight Hall,2019-11-30T03:00:00,,,,,,87.5,,,,,41.311922,-105.581147,2019,11,30,3
West,Knight Hall,2019-11-30T04:00:00,,,,,,87.5,,,,,41.311922,-105.581147,2019,11,30,4
West,Knight Hall,2019-11-30T05:00:00,,,,,,87.5,,,,,41.311922,-105.581147,2019,11,30,5
West,Knight Hall,2019-11-30T06:00:00,,,,,,87.5,,,,,41.311922,-105.581147,2019,11,30,6
West,Knight Hall,2019-11-30T07:00:00,,,,,,87.5,,,,,41.311922,-105.581147,2019,11,30,7
West,Knight Hall,2019-11-30T08:00:00,,,,,,87.5,,,,,41.311922,-105.581147,2019,11,30,8
West,Knight Hall,2019-11-30T09:00:00,,,,,,87.5,,,,,41.311922,-105.581147,2019,11,30,9
West,Knight Hall,2019-11-30T10:00:00,,,,,,87.5,,,,,41.311922,-105.581147,2019,11,30,10
West,Knight Hall,2019-11-30T11:00:00,,,,,,87.5,,,,,41.311922,-105.581147,2019,11,30,11
West,Knight Hall,2019-11-30T12:00:00,,,,,,87.5,,,,,41.311922,-105.581147,2019,11,30,12
West,Knight Hall,2019-11-30T13:00:00,,,,,,87.5,,,,,41.311922,-105.581147,2019,11,30,13
West,Knight Hall,2019-11-30T14:00:00,,,,,,87.5,,,,,41.311922,-105.581147,2019,11,30,14
West,Knight Hall,2019-11-30T15:00:00,,,,,,87.5,,,,,41.311922,-105.581147,2019,11,30,15
West,Knight Hall,2019-11-30T16:00:00,,,,,,87.5,,,,,41.311922,-105.581147,2019,11,30,16
West,Knight Hall,2019-11-30T17:00:00,,,,,,87.5,,,,,41.311922,-105.581147,2019,11,30,17
West,Knight Hall,2019-11-30T18:00:00,,,,,,87.5,,,,,41.311922,-105.581147,2019,11,30,18
West,Knight Hall,2019-11-30T19:00:00,,,,,,87.5,,,,,41.311922,-105.581147,2019,11,30,19
West,Knight Hall,2019-11-30T20:00:00,,,,,,87.5,,,,,41.311922,-105.581147,2019,11,30,20
West,Knight Hall,2019-11-30T21:00:00,,,,,,87.5,,,,,41.311922,-105.581147,2019,11,30,21
West,Knight Hall,2019-11-30T22:00:00,,,,,,87.5,,,,,41.311922,-105.581147,2019,11,30,22
West,Knight Hall,2019-11-30T23:00:00,,,,,,87.5,,,,,41.311922,-105.581147,2019,11,30,23
West,Knight Hall,2019-12-01T00:00:00,,,,,,84.67744,,,,,41.311922,-105.581147,2019,12,1,0
West,Knight Hall,2019-12-01T01:00:00,,,,,,84.67744,,,,,41.311922,-105.581147,2019,12,1,1
West,Knight Hall,2019-12-01T02:00:00,,,,,,84.67744,,,,,41.311922,-105.581147,2019,12,1,2
West,Knight Hall,2019-12-01T03:00:00,,,,,,84.67744,,,,,41.311922,-105.581147,2019,12,1,3
West,Knight Hall,2019-12-01T04:00:00,,,,,,84.67744,,,,,41.311922,-105.581147,2019,12,1,4
West,Knight Hall,2019-12-01T05:00:00,,,,,,84.67744,,,,,41.311922,-105.581147,2019,12,1,5
West,Knight Hall,2019-12-01T06:00:00,,,,,,84.67744,,,,,41.311922,-105.581147,2019,12,1,6
West,Knight Hall,2019-12-01T07:00:00,,,,,,84.67744,,,,,41.311922,-105.581147,2019,12,1,7
West,Knight Hall,2019-12-01T08:00:00,,,,,,84.67744,,,,,41.311922,-105.581147,2019,12,1,8
West,Knight Hall,2019-12-01T09:00:00,,,,,,84.67744,,,,,41.311922,-105.581147,2019,12,1,9
West,Knight Hall,2019-12-01T10:00:00,,,,,,84.67744,,,,,41.311922,-105.581147,2019,12,1,10
West,Knight Hall,2019-12-01T11:00:00,,,,,,84.67744,,,,,41.311922,-105.581147,2019,12,1,11
West,Knight Hall,2019-12-01T12:00:00,,,,,,84.67744,,,,,41.311922,-105.581147,2019,12,1,12
West,Knight Hall,2019-12-01T13:00:00,,,,,,84.67744,,,,,41.311922,-105.581147,2019,12,1,13
West,Knight Hall,2019-12-01T14:00:00,,,,,,84.67744,,,,,41.311922,-105.581147,2019,12,1,14
West,Knight Hall,2019-12-01T15:00:00,,,,,,84.67744,,,,,41.311922,-105.581147,2019,12,1,15
West,Knight Hall,2019-12-01T16:00:00,,,,,,84.67744,,,,,41.311922,-105.581147,2019,12,1,16
West,Knight Hall,2019-12-01T17:00:00,,,,,,84.67744,,,,,41.311922,-105.581147,2019,12,1,17
West,Knight Hall,2019-12-01T18:00:00,,,,,,84.67744,,,,,41.311922,-105.581147,2019,12,1,18
West,Knight Hall,2019-12-01T19:00:00,,,,,,84.67744,,,,,41.311922,-105.581147,2019,12,1,19
West,Knight Hall,2019-12-01T20:00:00,,,,,,84.67744,,,,,41.311922,-105.581147,2019,12,1,20
West,Knight Hall,2019-12-01T21:00:00,,,,,,84.67744,,,,,41.311922,-105.581147,2019,12,1,21
West,Knight Hall,2019-12-01T22:00:00,,,,,,84.67744,,,,,41.311922,-105.581147,2019,12,1,22
West,Knight Hall,2019-12-01T23:00:00,,,,,,84.67744,,,,,41.311922,-105.581147,2019,12,1,23
West,Knight Hall,2019-12-02T00:00:00,,,,,,84.67744,,,,,41.311922,-105.581147,2019,12,2,0
West,Knight Hall,2019-12-02T01:00:00,,,,,,84.67744,,,,,41.311922,-105.581147,2019,12,2,1
West,Knight Hall,2019-12-02T02:00:00,,,,,,84.67744,,,,,41.311922,-105.581147,2019,12,2,2
West,Knight Hall,2019-12-02T03:00:00,,,,,,84.67744,,,,,41.311922,-105.581147,2019,12,2,3
West,Knight Hall,2019-12-02T04:00:00,,,,,,84.67744,,,,,41.311922,-105.581147,2019,12,2,4
West,Knight Hall,2019-12-02T05:00:00,,,,,,84.67744,,,,,41.311922,-105.581147,2019,12,2,5
West,Knight Hall,2019-12-02T06:00:00,,,,,,84.67744,,,,,41.311922,-105.581147,2019,12,2,6
West,Knight Hall,2019-12-02T07:00:00,,,,,,84.67744,,,,,41.311922,-105.581147,2019,12,2,7
West,Knight Hall,2019-12-02T08:00:00,,,,,,84.67744,,,,,41.311922,-105.581147,2019,12,2,8
West,Knight Hall,2019-12-02T09:00:00,,,,,,84.67744,,,,,41.311922,-105.581147,2019,12,2,9
West,Knight Hall,2019-12-02T10:00:00,,,,,,84.67744,,,,,41.311922,-105.581147,2019,12,2,10
West,Knight Hall,2019-12-02T11:00:00,,,,,,84.67744,,,,,41.311922,-105.581147,2019,12,2,11
West,Knight Hall,2019-12-02T12:00:00,,,,,,84.67744,,,,,41.311922,-105.581147,2019,12,2,12
West,Knight Hall,2019-12-02T13:00:00,,,,,,84.67744,,,,,41.311922,-105.581147,2019,12,2,13
West,Knight Hall,2019-12-02T14:00:00,,,,,,84.67744,,,,,41.311922,-105.581147,2019,12,2,14
West,Knight Hall,2019-12-02T15:00:00,,,,,,84.67744,,,,,41.311922,-105.581147,2019,12,2,15
West,Knight Hall,2019-12-02T16:00:00,,,,,,84.67744,,,,,41.311922,-105.581147,2019,12,2,16
West,Knight Hall,2019-12-02T17:00:00,,,,,,84.67744,,,,,41.311922,-105.581147,2019,12,2,17
West,Knight Hall,2019-12-02T18:00:00,,,,,,84.67744,,,,,41.311922,-105.581147,2019,12,2,18
West,Knight Hall,2019-12-02T19:00:00,,,,,,84.67744,,,,,41.311922,-105.581147,2019,12,2,19
West,Knight Hall,2019-12-02T20:00:00,,,,,,84.67744,,,,,41.311922,-105.581147,2019,12,2,20
West,Knight Hall,2019-12-02T21:00:00,,,,,,84.67744,,,,,41.311922,-105.581147,2019,12,2,21
West,Knight Hall,2019-12-02T22:00:00,,,,,,84.67744,,,,,41.311922,-105.581147,2019,12,2,22
West,Knight Hall,2019-12-02T23:00:00,,,,,,84.67744,,,,,41.311922,-105.581147,2019,12,2,23
West,Knight Hall,2019-12-03T00:00:00,,,,,,84.67744,,,,,41.311922,-105.581147,2019,12,3,0
West,Knight Hall,2019-12-03T01:00:00,,,,,,84.67744,,,,,41.311922,-105.581147,2019,12,3,1
West,Knight Hall,2019-12-03T02:00:00,,,,,,84.67744,,,,,41.311922,-105.581147,2019,12,3,2
West,Knight Hall,2019-12-03T03:00:00,,,,,,84.67744,,,,,41.311922,-105.581147,2019,12,3,3
West,Knight Hall,2019-12-03T04:00:00,,,,,,84.67744,,,,,41.311922,-105.581147,2019,12,3,4
West,Knight Hall,2019-12-03T05:00:00,,,,,,84.67744,,,,,41.311922,-105.581147,2019,12,3,5
West,Knight Hall,2019-12-03T06:00:00,,,,,,84.67744,,,,,41.311922,-105.581147,2019,12,3,6
West,Knight Hall,2019-12-03T07:00:00,,,,,,84.67744,,,,,41.311922,-105.581147,2019,12,3,7
West,Knight Hall,2019-12-03T08:00:00,,,,,,84.67744,,,,,41.311922,-105.581147,2019,12,3,8
West,Knight Hall,2019-12-03T09:00:00,,,,,,84.67744,,,,,41.311922,-105.581147,2019,12,3,9
West,Knight Hall,2019-12-03T10:00:00,,,,,,84.67744,,,,,41.311922,-105.581147,2019,12,3,10
West,Knight Hall,2019-12-03T11:00:00,,,,,,84.67744,,,,,41.311922,-105.581147,2019,12,3,11
West,Knight Hall,2019-12-03T12:00:00,,,,,,84.67744,,,,,41.311922,-105.581147,2019,12,3,12
West,Knight Hall,2019-12-03T13:00:00,,,,,,84.67744,,,,,41.311922,-105.581147,2019,12,3,13
West,Knight Hall,2019-12-03T14:00:00,,,,,,84.67744,,,,,41.311922,-105.581147,2019,12,3,14
West,Knight Hall,2019-12-03T15:00:00,,,,,,84.67744,,,,,41.311922,-105.581147,2019,12,3,15
West,Knight Hall,2019-12-03T16:00:00,,,,,,84.67744,,,,,41.311922,-105.581147,2019,12,3,16
West,Knight Hall,2019-12-03T17:00:00,,,,,,84.67744,,,,,41.311922,-105.581147,2019,12,3,17
West,Knight Hall,2019-12-03T18:00:00,,,,,,84.67744,,,,,41.311922,-105.581147,2019,12,3,18
West,Knight Hall,2019-12-03T19:00:00,,,,,,84.67744,,,,,41.311922,-105.581147,2019,12,3,19
West,Knight Hall,2019-12-03T20:00:00,,,,,,84.67744,,,,,41.311922,-105.581147,2019,12,3,20
West,Knight Hall,2019-12-03T21:00:00,,,,,,84.67744,,,,,41.311922,-105.581147,2019,12,3,21
West,Knight Hall,2019-12-03T22:00:00,,,,,,84.67744,,,,,41.311922,-105.581147,2019,12,3,22
West,Knight Hall,2019-12-03T23:00:00,,,,,,84.67744,,,,,41.311922,-105.581147,2019,12,3,23
West,Knight Hall,2019-12-04T00:00:00,,,,,,84.67744,,,,,41.311922,-105.581147,2019,12,4,0
West,Knight Hall,2019-12-04T01:00:00,,,,,,84.67744,,,,,41.311922,-105.581147,2019,12,4,1
West,Knight Hall,2019-12-04T02:00:00,,,,,,84.67744,,,,,41.311922,-105.581147,2019,12,4,2
West,Knight Hall,2019-12-04T03:00:00,,,,,,84.67744,,,,,41.311922,-105.581147,2019,12,4,3
West,Knight Hall,2019-12-04T04:00:00,,,,,,84.67744,,,,,41.311922,-105.581147,2019,12,4,4
West,Knight Hall,2019-12-04T05:00:00,,,,,,84.67744,,,,,41.311922,-105.581147,2019,12,4,5
West,Knight Hall,2019-12-04T06:00:00,,,,,,84.67744,,,,,41.311922,-105.581147,2019,12,4,6
West,Knight Hall,2019-12-04T07:00:00,,,,,,84.67744,,,,,41.311922,-105.581147,2019,12,4,7
West,Knight Hall,2019-12-04T08:00:00,,,,,,84.67744,,,,,41.311922,-105.581147,2019,12,4,8
West,Knight Hall,2019-12-04T09:00:00,,,,,,84.67744,,,,,41.311922,-105.581147,2019,12,4,9
West,Knight Hall,2019-12-04T10:00:00,,,,,,84.67744,,,,,41.311922,-105.581147,2019,12,4,10
West,Knight Hall,2019-12-04T11:00:00,,,,,,84.67744,,,,,41.311922,-105.581147,2019,12,4,11
West,Knight Hall,2019-12-04T12:00:00,,,,,,84.67744,,,,,41.311922,-105.581147,2019,12,4,12
West,Knight Hall,2019-12-04T13:00:00,,,,,,84.67744,,,,,41.311922,-105.581147,2019,12,4,13
West,Knight Hall,2019-12-04T14:00:00,,,,,,84.67744,,,,,41.311922,-105.581147,2019,12,4,14
West,Knight Hall,2019-12-04T15:00:00,,,,,,84.67744,,,,,41.311922,-105.581147,2019,12,4,15
West,Knight Hall,2019-12-04T16:00:00,,,,,,84.67744,,,,,41.311922,-105.581147,2019,12,4,16
West,Knight Hall,2019-12-04T17:00:00,,,,,,84.67744,,,,,41.311922,-105.581147,2019,12,4,17
West,Knight Hall,2019-12-04T18:00:00,,,,,,84.67744,,,,,41.311922,-105.581147,2019,12,4,18
West,Knight Hall,2019-12-04T19:00:00,,,,,,84.67744,,,,,41.311922,-105.581147,2019,12,4,19
West,Knight Hall,2019-12-04T20:00:00,,,,,,84.67744,,,,,41.311922,-105.581147,2019,12,4,20
West,Knight Hall,2019-12-04T21:00:00,,,,,,84.67744,,,,,41.311922,-105.581147,2019,12,4,21
West,Knight Hall,2019-12-04T22:00:00,,,,,,84.67744,,,,,41.311922,-105.581147,2019,12,4,22
West,Knight Hall,2019-12-04T23:00:00,,,,,,84.67744,,,,,41.311922,-105.581147,2019,12,4,23
West,Knight Hall,2019-12-05T00:00:00,,,,,,84.67744,,,,,41.311922,-105.581147,2019,12,5,0
West,Knight Hall,2019-12-05T01:00:00,,,,,,84.67744,,,,,41.311922,-105.581147,2019,12,5,1
West,Knight Hall,2019-12-05T02:00:00,,,,,,84.67744,,,,,41.311922,-105.581147,2019,12,5,2
West,Knight Hall,2019-12-05T03:00:00,,,,,,84.67744,,,,,41.311922,-105.581147,2019,12,5,3
West,Knight Hall,2019-12-05T04:00:00,,,,,,84.67744,,,,,41.311922,-105.581147,2019,12,5,4
West,Knight Hall,2019-12-05T05:00:00,,,,,,84.67744,,,,,41.311922,-105.581147,2019,12,5,5
West,Knight Hall,2019-12-05T06:00:00,,,,,,84.67744,,,,,41.311922,-105.581147,2019,12,5,6
West,Knight Hall,2019-12-05T07:00:00,,,,,,84.67744,,,,,41.311922,-105.581147,2019,12,5,7
West,Knight Hall,2019-12-05T08:00:00,,,,,,84.67744,,,,,41.311922,-105.581147,2019,12,5,8
West,Knight Hall,2019-12-05T09:00:00,,,,,,84.67744,,,,,41.311922,-105.581147,2019,12,5,9
West,Knight Hall,2019-12-05T10:00:00,,,,,,84.67744,,,,,41.311922,-105.581147,2019,12,5,10
West,Knight Hall,2019-12-05T11:00:00,,,,,,84.67744,,,,,41.311922,-105.581147,2019,12,5,11
West,Knight Hall,2019-12-05T12:00:00,,,,,,84.67744,,,,,41.311922,-105.581147,2019,12,5,12
West,Knight Hall,2019-12-05T13:00:00,,,,,,84.67744,,,,,41.311922,-105.581147,2019,12,5,13
West,Knight Hall,2019-12-05T14:00:00,,,,,,84.67744,,,,,41.311922,-105.581147,2019,12,5,14
West,Knight Hall,2019-12-05T15:00:00,,,,,,84.67744,,,,,41.311922,-105.581147,2019,12,5,15
West,Knight Hall,2019-12-05T16:00:00,,,,,,84.67744,,,,,41.311922,-105.581147,2019,12,5,16
West,Knight Hall,2019-12-05T17:00:00,,,,,,84.67744,,,,,41.311922,-105.581147,2019,12,5,17
West,Knight Hall,2019-12-05T18:00:00,,,,,,84.67744,,,,,41.311922,-105.581147,2019,12,5,18
West,Knight Hall,2019-12-05T19:00:00,,,,,,84.67744,,,,,41.311922,-105.581147,2019,12,5,19
West,Knight Hall,2019-12-05T20:00:00,,,,,,84.67744,,,,,41.311922,-105.581147,2019,12,5,20
West,Knight Hall,2019-12-05T21:00:00,,,,,,84.67744,,,,,41.311922,-105.581147,2019,12,5,21
West,Knight Hall,2019-12-05T22:00:00,,,,,,84.67744,,,,,41.311922,-105.581147,2019,12,5,22
West,Knight Hall,2019-12-05T23:00:00,,,,,,84.67744,,,,,41.311922,-105.581147,2019,12,5,23
West,Knight Hall,2019-12-06T00:00:00,,,,,,84.67744,,,,,41.311922,-105.581147,2019,12,6,0
West,Knight Hall,2019-12-06T01:00:00,,,,,,84.67744,,,,,41.311922,-105.581147,2019,12,6,1
West,Knight Hall,2019-12-06T02:00:00,,,,,,84.67744,,,,,41.311922,-105.581147,2019,12,6,2
West,Knight Hall,2019-12-06T03:00:00,,,,,,84.67744,,,,,41.311922,-105.581147,2019,12,6,3
West,Knight Hall,2019-12-06T04:00:00,,,,,,84.67744,,,,,41.311922,-105.581147,2019,12,6,4
West,Knight Hall,2019-12-06T05:00:00,,,,,,84.67744,,,,,41.311922,-105.581147,2019,12,6,5
West,Knight Hall,2019-12-06T06:00:00,,,,,,84.67744,,,,,41.311922,-105.581147,2019,12,6,6
West,Knight Hall,2019-12-06T07:00:00,,,,,,84.67744,,,,,41.311922,-105.581147,2019,12,6,7
West,Knight Hall,2019-12-06T08:00:00,,,,,,84.67744,,,,,41.311922,-105.581147,2019,12,6,8
West,Knight Hall,2019-12-06T09:00:00,,,,,,84.67744,,,,,41.311922,-105.581147,2019,12,6,9
West,Knight Hall,2019-12-06T10:00:00,,,,,,84.67744,,,,,41.311922,-105.581147,2019,12,6,10
West,Knight Hall,2019-12-06T11:00:00,,,,,,84.67744,,,,,41.311922,-105.581147,2019,12,6,11
West,Knight Hall,2019-12-06T12:00:00,,,,,,84.67744,,,,,41.311922,-105.581147,2019,12,6,12
West,Knight Hall,2019-12-06T13:00:00,,,,,,84.67744,,,,,41.311922,-105.581147,2019,12,6,13
West,Knight Hall,2019-12-06T14:00:00,,,,,,84.67744,,,,,41.311922,-105.581147,2019,12,6,14
West,Knight Hall,2019-12-06T15:00:00,,,,,,84.67744,,,,,41.311922,-105.581147,2019,12,6,15
West,Knight Hall,2019-12-06T16:00:00,,,,,,84.67744,,,,,41.311922,-105.581147,2019,12,6,16
West,Knight Hall,2019-12-06T17:00:00,,,,,,84.67744,,,,,41.311922,-105.581147,2019,12,6,17
West,Knight Hall,2019-12-06T18:00:00,,,,,,84.67744,,,,,41.311922,-105.581147,2019,12,6,18
West,Knight Hall,2019-12-06T19:00:00,,,,,,84.67744,,,,,41.311922,-105.581147,2019,12,6,19
West,Knight Hall,2019-12-06T20:00:00,,,,,,84.67744,,,,,41.311922,-105.581147,2019,12,6,20
West,Knight Hall,2019-12-06T21:00:00,,,,,,84.67744,,,,,41.311922,-105.581147,2019,12,6,21
West,Knight Hall,2019-12-06T22:00:00,,,,,,84.67744,,,,,41.311922,-105.581147,2019,12,6,22
West,Knight Hall,2019-12-06T23:00:00,,,,,,84.67744,,,,,41.311922,-105.581147,2019,12,6,23
West,Knight Hall,2019-12-07T00:00:00,,,,,,84.67744,,,,,41.311922,-105.581147,2019,12,7,0
West,Knight Hall,2019-12-07T01:00:00,,,,,,84.67744,,,,,41.311922,-105.581147,2019,12,7,1
West,Knight Hall,2019-12-07T02:00:00,,,,,,84.67744,,,,,41.311922,-105.581147,2019,12,7,2
West,Knight Hall,2019-12-07T03:00:00,,,,,,84.67744,,,,,41.311922,-105.581147,2019,12,7,3
West,Knight Hall,2019-12-07T04:00:00,,,,,,84.67744,,,,,41.311922,-105.581147,2019,12,7,4
West,Knight Hall,2019-12-07T05:00:00,,,,,,84.67744,,,,,41.311922,-105.581147,2019,12,7,5
West,Knight Hall,2019-12-07T06:00:00,,,,,,84.67744,,,,,41.311922,-105.581147,2019,12,7,6
West,Knight Hall,2019-12-07T07:00:00,,,,,,84.67744,,,,,41.311922,-105.581147,2019,12,7,7
West,Knight Hall,2019-12-07T08:00:00,,,,,,84.67744,,,,,41.311922,-105.581147,2019,12,7,8
West,Knight Hall,2019-12-07T09:00:00,,,,,,84.67744,,,,,41.311922,-105.581147,2019,12,7,9
West,Knight Hall,2019-12-07T10:00:00,,,,,,84.67744,,,,,41.311922,-105.581147,2019,12,7,10
West,Knight Hall,2019-12-07T11:00:00,,,,,,84.67744,,,,,41.311922,-105.581147,2019,12,7,11
West,Knight Hall,2019-12-07T12:00:00,,,,,,84.67744,,,,,41.311922,-105.581147,2019,12,7,12
West,Knight Hall,2019-12-07T13:00:00,,,,,,84.67744,,,,,41.311922,-105.581147,2019,12,7,13
West,Knight Hall,2019-12-07T14:00:00,,,,,,84.67744,,,,,41.311922,-105.581147,2019,12,7,14
West,Knight Hall,2019-12-07T15:00:00,,,,,,84.67744,,,,,41.311922,-105.581147,2019,12,7,15
West,Knight Hall,2019-12-07T16:00:00,,,,,,84.67744,,,,,41.311922,-105.581147,2019,12,7,16
West,Knight Hall,2019-12-07T17:00:00,,,,,,84.67744,,,,,41.311922,-105.581147,2019,12,7,17
West,Knight Hall,2019-12-07T18:00:00,,,,,,84.67744,,,,,41.311922,-105.581147,2019,12,7,18
West,Knight Hall,2019-12-07T19:00:00,,,,,,84.67744,,,,,41.311922,-105.581147,2019,12,7,19
West,Knight Hall,2019-12-07T20:00:00,,,,,,84.67744,,,,,41.311922,-105.581147,2019,12,7,20
West,Knight Hall,2019-12-07T21:00:00,,,,,,84.67744,,,,,41.311922,-105.581147,2019,12,7,21
West,Knight Hall,2019-12-07T22:00:00,,,,,,84.67744,,,,,41.311922,-105.581147,2019,12,7,22
West,Knight Hall,2019-12-07T23:00:00,,,,,,84.67744,,,,,41.311922,-105.581147,2019,12,7,23
West,Knight Hall,2019-12-08T00:00:00,,,,,,84.67744,,,,,41.311922,-105.581147,2019,12,8,0
West,Knight Hall,2019-12-08T01:00:00,,,,,,84.67744,,,,,41.311922,-105.581147,2019,12,8,1
West,Knight Hall,2019-12-08T02:00:00,,,,,,84.67744,,,,,41.311922,-105.581147,2019,12,8,2
West,Knight Hall,2019-12-08T03:00:00,,,,,,84.67744,,,,,41.311922,-105.581147,2019,12,8,3
West,Knight Hall,2019-12-08T04:00:00,,,,,,84.67744,,,,,41.311922,-105.581147,2019,12,8,4
West,Knight Hall,2019-12-08T05:00:00,,,,,,84.67744,,,,,41.311922,-105.581147,2019,12,8,5
West,Knight Hall,2019-12-08T06:00:00,,,,,,84.67744,,,,,41.311922,-105.581147,2019,12,8,6
West,Knight Hall,2019-12-08T07:00:00,,,,,,84.67744,,,,,41.311922,-105.581147,2019,12,8,7
West,Knight Hall,2019-12-08T08:00:00,,,,,,84.67744,,,,,41.311922,-105.581147,2019,12,8,8
West,Knight Hall,2019-12-08T09:00:00,,,,,,84.67744,,,,,41.311922,-105.581147,2019,12,8,9
West,Knight Hall,2019-12-08T10:00:00,,,,,,84.67744,,,,,41.311922,-105.581147,2019,12,8,10
West,Knight Hall,2019-12-08T11:00:00,,,,,,84.67744,,,,,41.311922,-105.581147,2019,12,8,11
West,Knight Hall,2019-12-08T12:00:00,,,,,,84.67744,,,,,41.311922,-105.581147,2019,12,8,12
West,Knight Hall,2019-12-08T13:00:00,,,,,,84.67744,,,,,41.311922,-105.581147,2019,12,8,13
West,Knight Hall,2019-12-08T14:00:00,,,,,,84.67744,,,,,41.311922,-105.581147,2019,12,8,14
West,Knight Hall,2019-12-08T15:00:00,,,,,,84.67744,,,,,41.311922,-105.581147,2019,12,8,15
West,Knight Hall,2019-12-08T16:00:00,,,,,,84.67744,,,,,41.311922,-105.581147,2019,12,8,16
West,Knight Hall,2019-12-08T17:00:00,,,,,,84.67744,,,,,41.311922,-105.581147,2019,12,8,17
West,Knight Hall,2019-12-08T18:00:00,,,,,,84.67744,,,,,41.311922,-105.581147,2019,12,8,18
West,Knight Hall,2019-12-08T19:00:00,,,,,,84.67744,,,,,41.311922,-105.581147,2019,12,8,19
West,Knight Hall,2019-12-08T20:00:00,,,,,,84.67744,,,,,41.311922,-105.581147,2019,12,8,20
West,Knight Hall,2019-12-08T21:00:00,,,,,,84.67744,,,,,41.311922,-105.581147,2019,12,8,21
West,Knight Hall,2019-12-08T22:00:00,,,,,,84.67744,,,,,41.311922,-105.581147,2019,12,8,22
West,Knight Hall,2019-12-08T23:00:00,,,,,,84.67744,,,,,41.311922,-105.581147,2019,12,8,23
West,Knight Hall,2019-12-09T00:00:00,,,,,,84.67744,,,,,41.311922,-105.581147,2019,12,9,0
West,Knight Hall,2019-12-09T01:00:00,,,,,,84.67744,,,,,41.311922,-105.581147,2019,12,9,1
West,Knight Hall,2019-12-09T02:00:00,,,,,,84.67744,,,,,41.311922,-105.581147,2019,12,9,2
West,Knight Hall,2019-12-09T03:00:00,,,,,,84.67744,,,,,41.311922,-105.581147,2019,12,9,3
West,Knight Hall,2019-12-09T04:00:00,,,,,,84.67744,,,,,41.311922,-105.581147,2019,12,9,4
West,Knight Hall,2019-12-09T05:00:00,,,,,,84.67744,,,,,41.311922,-105.581147,2019,12,9,5
West,Knight Hall,2019-12-09T06:00:00,,,,,,84.67744,,,,,41.311922,-105.581147,2019,12,9,6
West,Knight Hall,2019-12-09T07:00:00,,,,,,84.67744,,,,,41.311922,-105.581147,2019,12,9,7
West,Knight Hall,2019-12-09T08:00:00,,,,,,84.67744,,,,,41.311922,-105.581147,2019,12,9,8
West,Knight Hall,2019-12-09T09:00:00,,,,,,84.67744,,,,,41.311922,-105.581147,2019,12,9,9
West,Knight Hall,2019-12-09T10:00:00,,,,,,84.67744,,,,,41.311922,-105.581147,2019,12,9,10
West,Knight Hall,2019-12-09T11:00:00,,,,,,84.67744,,,,,41.311922,-105.581147,2019,12,9,11
West,Knight Hall,2019-12-09T12:00:00,,,,,,84.67744,,,,,41.311922,-105.581147,2019,12,9,12
West,Knight Hall,2019-12-09T13:00:00,,,,,,84.67744,,,,,41.311922,-105.581147,2019,12,9,13
West,Knight Hall,2019-12-09T14:00:00,,,,,,84.67744,,,,,41.311922,-105.581147,2019,12,9,14
West,Knight Hall,2019-12-09T15:00:00,,,,,,84.67744,,,,,41.311922,-105.581147,2019,12,9,15
West,Knight Hall,2019-12-09T16:00:00,,,,,,84.67744,,,,,41.311922,-105.581147,2019,12,9,16
West,Knight Hall,2019-12-09T17:00:00,,,,,,84.67744,,,,,41.311922,-105.581147,2019,12,9,17
West,Knight Hall,2019-12-09T18:00:00,,,,,,84.67744,,,,,41.311922,-105.581147,2019,12,9,18
West,Knight Hall,2019-12-09T19:00:00,,,,,,84.67744,,,,,41.311922,-105.581147,2019,12,9,19
West,Knight Hall,2019-12-09T20:00:00,,,,,,84.67744,,,,,41.311922,-105.581147,2019,12,9,20
West,Knight Hall,2019-12-09T21:00:00,,,,,,84.67744,,,,,41.311922,-105.581147,2019,12,9,21
West,Knight Hall,2019-12-09T22:00:00,,,,,,84.67744,,,,,41.311922,-105.581147,2019,12,9,22
West,Knight Hall,2019-12-09T23:00:00,,,,,,84.67744,,,,,41.311922,-105.581147,2019,12,9,23
West,Knight Hall,2019-12-10T00:00:00,,,,,,84.67744,,,,,41.311922,-105.581147,2019,12,10,0
West,Knight Hall,2019-12-10T01:00:00,,,,,,84.67744,,,,,41.311922,-105.581147,2019,12,10,1
West,Knight Hall,2019-12-10T02:00:00,,,,,,84.67744,,,,,41.311922,-105.581147,2019,12,10,2
West,Knight Hall,2019-12-10T03:00:00,,,,,,84.67744,,,,,41.311922,-105.581147,2019,12,10,3
West,Knight Hall,2019-12-10T04:00:00,,,,,,84.67744,,,,,41.311922,-105.581147,2019,12,10,4
West,Knight Hall,2019-12-10T05:00:00,,,,,,84.67744,,,,,41.311922,-105.581147,2019,12,10,5
West,Knight Hall,2019-12-10T06:00:00,,,,,,84.67744,,,,,41.311922,-105.581147,2019,12,10,6
West,Knight Hall,2019-12-10T07:00:00,,,,,,84.67744,,,,,41.311922,-105.581147,2019,12,10,7
West,Knight Hall,2019-12-10T08:00:00,,,,,,84.67744,,,,,41.311922,-105.581147,2019,12,10,8
West,Knight Hall,2019-12-10T09:00:00,,,,,,84.67744,,,,,41.311922,-105.581147,2019,12,10,9
West,Knight Hall,2019-12-10T10:00:00,,,,,,84.67744,,,,,41.311922,-105.581147,2019,12,10,10
West,Knight Hall,2019-12-10T11:00:00,,,,,,84.67744,,,,,41.311922,-105.581147,2019,12,10,11
West,Knight Hall,2019-12-10T12:00:00,,,,,,84.67744,,,,,41.311922,-105.581147,2019,12,10,12
West,Knight Hall,2019-12-10T13:00:00,,,,,,84.67744,,,,,41.311922,-105.581147,2019,12,10,13
West,Knight Hall,2019-12-10T14:00:00,,,,,,84.67744,,,,,41.311922,-105.581147,2019,12,10,14
West,Knight Hall,2019-12-10T15:00:00,,,,,,84.67744,,,,,41.311922,-105.581147,2019,12,10,15
West,Knight Hall,2019-12-10T16:00:00,,,,,,84.67744,,,,,41.311922,-105.581147,2019,12,10,16
West,Knight Hall,2019-12-10T17:00:00,,,,,,84.67744,,,,,41.311922,-105.581147,2019,12,10,17
West,Knight Hall,2019-12-10T18:00:00,,,,,,84.67744,,,,,41.311922,-105.581147,2019,12,10,18
West,Knight Hall,2019-12-10T19:00:00,,,,,,84.67744,,,,,41.311922,-105.581147,2019,12,10,19
West,Knight Hall,2019-12-10T20:00:00,,,,,,84.67744,,,,,41.311922,-105.581147,2019,12,10,20
West,Knight Hall,2019-12-10T21:00:00,,,,,,84.67744,,,,,41.311922,-105.581147,2019,12,10,21
West,Knight Hall,2019-12-10T22:00:00,,,,,,84.67744,,,,,41.311922,-105.581147,2019,12,10,22
West,Knight Hall,2019-12-10T23:00:00,,,,,,84.67744,,,,,41.311922,-105.581147,2019,12,10,23
West,Knight Hall,2019-12-11T00:00:00,,,,,,84.67744,,,,,41.311922,-105.581147,2019,12,11,0
West,Knight Hall,2019-12-11T01:00:00,,,,,,84.67744,,,,,41.311922,-105.581147,2019,12,11,1
West,Knight Hall,2019-12-11T02:00:00,,,,,,84.67744,,,,,41.311922,-105.581147,2019,12,11,2
West,Knight Hall,2019-12-11T03:00:00,,,,,,84.67744,,,,,41.311922,-105.581147,2019,12,11,3
West,Knight Hall,2019-12-11T04:00:00,,,,,,84.67744,,,,,41.311922,-105.581147,2019,12,11,4
West,Knight Hall,2019-12-11T05:00:00,,,,,,84.67744,,,,,41.311922,-105.581147,2019,12,11,5
West,Knight Hall,2019-12-11T06:00:00,,,,,,84.67744,,,,,41.311922,-105.581147,2019,12,11,6
West,Knight Hall,2019-12-11T07:00:00,,,,,,84.67744,,,,,41.311922,-105.581147,2019,12,11,7
West,Knight Hall,2019-12-11T08:00:00,,,,,,84.67744,,,,,41.311922,-105.581147,2019,12,11,8
West,Knight Hall,2019-12-11T09:00:00,,,,,,84.67744,,,,,41.311922,-105.581147,2019,12,11,9
West,Knight Hall,2019-12-11T10:00:00,,,,,,84.67744,,,,,41.311922,-105.581147,2019,12,11,10
West,Knight Hall,2019-12-11T11:00:00,,,,,,84.67744,,,,,41.311922,-105.581147,2019,12,11,11
West,Knight Hall,2019-12-11T12:00:00,,,,,,84.67744,,,,,41.311922,-105.581147,2019,12,11,12
West,Knight Hall,2019-12-11T13:00:00,,,,,,84.67744,,,,,41.311922,-105.581147,2019,12,11,13
West,Knight Hall,2019-12-11T14:00:00,,,,,,84.67744,,,,,41.311922,-105.581147,2019,12,11,14
West,Knight Hall,2019-12-11T15:00:00,,,,,,84.67744,,,,,41.311922,-105.581147,2019,12,11,15
West,Knight Hall,2019-12-11T16:00:00,,,,,,84.67744,,,,,41.311922,-105.581147,2019,12,11,16
West,Knight Hall,2019-12-11T17:00:00,,,,,,84.67744,,,,,41.311922,-105.581147,2019,12,11,17
West,Knight Hall,2019-12-11T18:00:00,,,,,,84.67744,,,,,41.311922,-105.581147,2019,12,11,18
West,Knight Hall,2019-12-11T19:00:00,,,,,,84.67744,,,,,41.311922,-105.581147,2019,12,11,19
West,Knight Hall,2019-12-11T20:00:00,,,,,,84.67744,,,,,41.311922,-105.581147,2019,12,11,20
West,Knight Hall,2019-12-11T21:00:00,,,,,,84.67744,,,,,41.311922,-105.581147,2019,12,11,21
West,Knight Hall,2019-12-11T22:00:00,,,,,,84.67744,,,,,41.311922,-105.581147,2019,12,11,22
West,Knight Hall,2019-12-11T23:00:00,,,,,,84.67744,,,,,41.311922,-105.581147,2019,12,11,23
West,Knight Hall,2019-12-12T00:00:00,,,,,,84.67744,,,,,41.311922,-105.581147,2019,12,12,0
West,Knight Hall,2019-12-12T01:00:00,,,,,,84.67744,,,,,41.311922,-105.581147,2019,12,12,1
West,Knight Hall,2019-12-12T02:00:00,,,,,,84.67744,,,,,41.311922,-105.581147,2019,12,12,2
West,Knight Hall,2019-12-12T03:00:00,,,,,,84.67744,,,,,41.311922,-105.581147,2019,12,12,3
West,Knight Hall,2019-12-12T04:00:00,,,,,,84.67744,,,,,41.311922,-105.581147,2019,12,12,4
West,Knight Hall,2019-12-12T05:00:00,,,,,,84.67744,,,,,41.311922,-105.581147,2019,12,12,5
West,Knight Hall,2019-12-12T06:00:00,,,,,,84.67744,,,,,41.311922,-105.581147,2019,12,12,6
West,Knight Hall,2019-12-12T07:00:00,,,,,,84.67744,,,,,41.311922,-105.581147,2019,12,12,7
West,Knight Hall,2019-12-12T08:00:00,,,,,,84.67744,,,,,41.311922,-105.581147,2019,12,12,8
West,Knight Hall,2019-12-12T09:00:00,,,,,,84.67744,,,,,41.311922,-105.581147,2019,12,12,9
West,Knight Hall,2019-12-12T10:00:00,,,,,,84.67744,,,,,41.311922,-105.581147,2019,12,12,10
West,Knight Hall,2019-12-12T11:00:00,,,,,,84.67744,,,,,41.311922,-105.581147,2019,12,12,11
West,Knight Hall,2019-12-12T12:00:00,,,,,,84.67744,,,,,41.311922,-105.581147,2019,12,12,12
West,Knight Hall,2019-12-12T13:00:00,,,,,,84.67744,,,,,41.311922,-105.581147,2019,12,12,13
West,Knight Hall,2019-12-12T14:00:00,,,,,,84.67744,,,,,41.311922,-105.581147,2019,12,12,14
West,Knight Hall,2019-12-12T15:00:00,,,,,,84.67744,,,,,41.311922,-105.581147,2019,12,12,15
West,Knight Hall,2019-12-12T16:00:00,,,,,,84.67744,,,,,41.311922,-105.581147,2019,12,12,16
West,Knight Hall,2019-12-12T17:00:00,,,,,,84.67744,,,,,41.311922,-105.581147,2019,12,12,17
West,Knight Hall,2019-12-12T18:00:00,,,,,,84.67744,,,,,41.311922,-105.581147,2019,12,12,18
West,Knight Hall,2019-12-12T19:00:00,,,,,,84.67744,,,,,41.311922,-105.581147,2019,12,12,19
West,Knight Hall,2019-12-12T20:00:00,,,,,,84.67744,,,,,41.311922,-105.581147,2019,12,12,20
West,Knight Hall,2019-12-12T21:00:00,,,,,,84.67744,,,,,41.311922,-105.581147,2019,12,12,21
West,Knight Hall,2019-12-12T22:00:00,,,,,,84.67744,,,,,41.311922,-105.581147,2019,12,12,22
West,Knight Hall,2019-12-12T23:00:00,,,,,,84.67744,,,,,41.311922,-105.581147,2019,12,12,23
West,Knight Hall,2019-12-13T00:00:00,,,,,,84.67744,,,,,41.311922,-105.581147,2019,12,13,0
West,Knight Hall,2019-12-13T01:00:00,,,,,,84.67744,,,,,41.311922,-105.581147,2019,12,13,1
West,Knight Hall,2019-12-13T02:00:00,,,,,,84.67744,,,,,41.311922,-105.581147,2019,12,13,2
West,Knight Hall,2019-12-13T03:00:00,,,,,,84.67744,,,,,41.311922,-105.581147,2019,12,13,3
West,Knight Hall,2019-12-13T04:00:00,,,,,,84.67744,,,,,41.311922,-105.581147,2019,12,13,4
West,Knight Hall,2019-12-13T05:00:00,,,,,,84.67744,,,,,41.311922,-105.581147,2019,12,13,5
West,Knight Hall,2019-12-13T06:00:00,,,,,,84.67744,,,,,41.311922,-105.581147,2019,12,13,6
West,Knight Hall,2019-12-13T07:00:00,,,,,,84.67744,,,,,41.311922,-105.581147,2019,12,13,7
West,Knight Hall,2019-12-13T08:00:00,,,,,,84.67744,,,,,41.311922,-105.581147,2019,12,13,8
West,Knight Hall,2019-12-13T09:00:00,,,,,,84.67744,,,,,41.311922,-105.581147,2019,12,13,9
West,Knight Hall,2019-12-13T10:00:00,,,,,,84.67744,,,,,41.311922,-105.581147,2019,12,13,10
West,Knight Hall,2019-12-13T11:00:00,,,,,,84.67744,,,,,41.311922,-105.581147,2019,12,13,11
West,Knight Hall,2019-12-13T12:00:00,,,,,,84.67744,,,,,41.311922,-105.581147,2019,12,13,12
West,Knight Hall,2019-12-13T13:00:00,,,,,,84.67744,,,,,41.311922,-105.581147,2019,12,13,13
West,Knight Hall,2019-12-13T14:00:00,,,,,,84.67744,,,,,41.311922,-105.581147,2019,12,13,14
West,Knight Hall,2019-12-13T15:00:00,,,,,,84.67744,,,,,41.311922,-105.581147,2019,12,13,15
West,Knight Hall,2019-12-13T16:00:00,,,,,,84.67744,,,,,41.311922,-105.581147,2019,12,13,16
West,Knight Hall,2019-12-13T17:00:00,,,,,,84.67744,,,,,41.311922,-105.581147,2019,12,13,17
West,Knight Hall,2019-12-13T18:00:00,,,,,,84.67744,,,,,41.311922,-105.581147,2019,12,13,18
West,Knight Hall,2019-12-13T19:00:00,,,,,,84.67744,,,,,41.311922,-105.581147,2019,12,13,19
West,Knight Hall,2019-12-13T20:00:00,,,,,,84.67744,,,,,41.311922,-105.581147,2019,12,13,20
West,Knight Hall,2019-12-13T21:00:00,,,,,,84.67744,,,,,41.311922,-105.581147,2019,12,13,21
West,Knight Hall,2019-12-13T22:00:00,,,,,,84.67744,,,,,41.311922,-105.581147,2019,12,13,22
West,Knight Hall,2019-12-13T23:00:00,,,,,,84.67744,,,,,41.311922,-105.581147,2019,12,13,23
West,Knight Hall,2019-12-14T00:00:00,,,,,,84.67744,,,,,41.311922,-105.581147,2019,12,14,0
West,Knight Hall,2019-12-14T01:00:00,,,,,,84.67744,,,,,41.311922,-105.581147,2019,12,14,1
West,Knight Hall,2019-12-14T02:00:00,,,,,,84.67744,,,,,41.311922,-105.581147,2019,12,14,2
West,Knight Hall,2019-12-14T03:00:00,,,,,,84.67744,,,,,41.311922,-105.581147,2019,12,14,3
West,Knight Hall,2019-12-14T04:00:00,,,,,,84.67744,,,,,41.311922,-105.581147,2019,12,14,4
West,Knight Hall,2019-12-14T05:00:00,,,,,,84.67744,,,,,41.311922,-105.581147,2019,12,14,5
West,Knight Hall,2019-12-14T06:00:00,,,,,,84.67744,,,,,41.311922,-105.581147,2019,12,14,6
West,Knight Hall,2019-12-14T07:00:00,,,,,,84.67744,,,,,41.311922,-105.581147,2019,12,14,7
West,Knight Hall,2019-12-14T08:00:00,,,,,,84.67744,,,,,41.311922,-105.581147,2019,12,14,8
West,Knight Hall,2019-12-14T09:00:00,,,,,,84.67744,,,,,41.311922,-105.581147,2019,12,14,9
West,Knight Hall,2019-12-14T10:00:00,,,,,,84.67744,,,,,41.311922,-105.581147,2019,12,14,10
West,Knight Hall,2019-12-14T11:00:00,,,,,,84.67744,,,,,41.311922,-105.581147,2019,12,14,11
West,Knight Hall,2019-12-14T12:00:00,,,,,,84.67744,,,,,41.311922,-105.581147,2019,12,14,12
West,Knight Hall,2019-12-14T13:00:00,,,,,,84.67744,,,,,41.311922,-105.581147,2019,12,14,13
West,Knight Hall,2019-12-14T14:00:00,,,,,,84.67744,,,,,41.311922,-105.581147,2019,12,14,14
West,Knight Hall,2019-12-14T15:00:00,,,,,,84.67744,,,,,41.311922,-105.581147,2019,12,14,15
West,Knight Hall,2019-12-14T16:00:00,,,,,,84.67744,,,,,41.311922,-105.581147,2019,12,14,16
West,Knight Hall,2019-12-14T17:00:00,,,,,,84.67744,,,,,41.311922,-105.581147,2019,12,14,17
West,Knight Hall,2019-12-14T18:00:00,,,,,,84.67744,,,,,41.311922,-105.581147,2019,12,14,18
West,Knight Hall,2019-12-14T19:00:00,,,,,,84.67744,,,,,41.311922,-105.581147,2019,12,14,19
West,Knight Hall,2019-12-14T20:00:00,,,,,,84.67744,,,,,41.311922,-105.581147,2019,12,14,20
West,Knight Hall,2019-12-14T21:00:00,,,,,,84.67744,,,,,41.311922,-105.581147,2019,12,14,21
West,Knight Hall,2019-12-14T22:00:00,,,,,,84.67744,,,,,41.311922,-105.581147,2019,12,14,22
West,Knight Hall,2019-12-14T23:00:00,,,,,,84.67744,,,,,41.311922,-105.581147,2019,12,14,23
West,Knight Hall,2019-12-15T00:00:00,,,,,,84.67744,,,,,41.311922,-105.581147,2019,12,15,0
West,Knight Hall,2019-12-15T01:00:00,,,,,,84.67744,,,,,41.311922,-105.581147,2019,12,15,1
West,Knight Hall,2019-12-15T02:00:00,,,,,,84.67744,,,,,41.311922,-105.581147,2019,12,15,2
West,Knight Hall,2019-12-15T03:00:00,,,,,,84.67744,,,,,41.311922,-105.581147,2019,12,15,3
West,Knight Hall,2019-12-15T04:00:00,,,,,,84.67744,,,,,41.311922,-105.581147,2019,12,15,4
West,Knight Hall,2019-12-15T05:00:00,,,,,,84.67744,,,,,41.311922,-105.581147,2019,12,15,5
West,Knight Hall,2019-12-15T06:00:00,,,,,,84.67744,,,,,41.311922,-105.581147,2019,12,15,6
West,Knight Hall,2019-12-15T07:00:00,,,,,,84.67744,,,,,41.311922,-105.581147,2019,12,15,7
West,Knight Hall,2019-12-15T08:00:00,,,,,,84.67744,,,,,41.311922,-105.581147,2019,12,15,8
West,Knight Hall,2019-12-15T09:00:00,,,,,,84.67744,,,,,41.311922,-105.581147,2019,12,15,9
West,Knight Hall,2019-12-15T10:00:00,,,,,,84.67744,,,,,41.311922,-105.581147,2019,12,15,10
West,Knight Hall,2019-12-15T11:00:00,,,,,,84.67744,,,,,41.311922,-105.581147,2019,12,15,11
West,Knight Hall,2019-12-15T12:00:00,,,,,,84.67744,,,,,41.311922,-105.581147,2019,12,15,12
West,Knight Hall,2019-12-15T13:00:00,,,,,,84.67744,,,,,41.311922,-105.581147,2019,12,15,13
West,Knight Hall,2019-12-15T14:00:00,,,,,,84.67744,,,,,41.311922,-105.581147,2019,12,15,14
West,Knight Hall,2019-12-15T15:00:00,,,,,,84.67744,,,,,41.311922,-105.581147,2019,12,15,15
West,Knight Hall,2019-12-15T16:00:00,,,,,,84.67744,,,,,41.311922,-105.581147,2019,12,15,16
West,Knight Hall,2019-12-15T17:00:00,,,,,,84.67744,,,,,41.311922,-105.581147,2019,12,15,17
West,Knight Hall,2019-12-15T18:00:00,,,,,,84.67744,,,,,41.311922,-105.581147,2019,12,15,18
West,Knight Hall,2019-12-15T19:00:00,,,,,,84.67744,,,,,41.311922,-105.581147,2019,12,15,19
West,Knight Hall,2019-12-15T20:00:00,,,,,,84.67744,,,,,41.311922,-105.581147,2019,12,15,20
West,Knight Hall,2019-12-15T21:00:00,,,,,,84.67744,,,,,41.311922,-105.581147,2019,12,15,21
West,Knight Hall,2019-12-15T22:00:00,,,,,,84.67744,,,,,41.311922,-105.581147,2019,12,15,22
West,Knight Hall,2019-12-15T23:00:00,,,,,,84.67744,,,,,41.311922,-105.581147,2019,12,15,23
West,Knight Hall,2019-12-16T00:00:00,,,,,,84.67744,,,,,41.311922,-105.581147,2019,12,16,0
West,Knight Hall,2019-12-16T01:00:00,,,,,,84.67744,,,,,41.311922,-105.581147,2019,12,16,1
West,Knight Hall,2019-12-16T02:00:00,,,,,,84.67744,,,,,41.311922,-105.581147,2019,12,16,2
West,Knight Hall,2019-12-16T03:00:00,,,,,,84.67744,,,,,41.311922,-105.581147,2019,12,16,3
West,Knight Hall,2019-12-16T04:00:00,,,,,,84.67744,,,,,41.311922,-105.581147,2019,12,16,4
West,Knight Hall,2019-12-16T05:00:00,,,,,,84.67744,,,,,41.311922,-105.581147,2019,12,16,5
West,Knight Hall,2019-12-16T06:00:00,,,,,,84.67744,,,,,41.311922,-105.581147,2019,12,16,6
West,Knight Hall,2019-12-16T07:00:00,,,,,,84.67744,,,,,41.311922,-105.581147,2019,12,16,7
West,Knight Hall,2019-12-16T08:00:00,,,,,,84.67744,,,,,41.311922,-105.581147,2019,12,16,8
West,Knight Hall,2019-12-16T09:00:00,,,,,,84.67744,,,,,41.311922,-105.581147,2019,12,16,9
West,Knight Hall,2019-12-16T10:00:00,,,,,,84.67744,,,,,41.311922,-105.581147,2019,12,16,10
West,Knight Hall,2019-12-16T11:00:00,,,,,,84.67744,,,,,41.311922,-105.581147,2019,12,16,11
West,Knight Hall,2019-12-16T12:00:00,,,,,,84.67744,,,,,41.311922,-105.581147,2019,12,16,12
West,Knight Hall,2019-12-16T13:00:00,,,,,,84.67744,,,,,41.311922,-105.581147,2019,12,16,13
West,Knight Hall,2019-12-16T14:00:00,,,,,,84.67744,,,,,41.311922,-105.581147,2019,12,16,14
West,Knight Hall,2019-12-16T15:00:00,,,,,,84.67744,,,,,41.311922,-105.581147,2019,12,16,15
West,Knight Hall,2019-12-16T16:00:00,,,,,,84.67744,,,,,41.311922,-105.581147,2019,12,16,16
West,Knight Hall,2019-12-16T17:00:00,,,,,,84.67744,,,,,41.311922,-105.581147,2019,12,16,17
West,Knight Hall,2019-12-16T18:00:00,,,,,,84.67744,,,,,41.311922,-105.581147,2019,12,16,18
West,Knight Hall,2019-12-16T19:00:00,,,,,,84.67744,,,,,41.311922,-105.581147,2019,12,16,19
West,Knight Hall,2019-12-16T20:00:00,,,,,,84.67744,,,,,41.311922,-105.581147,2019,12,16,20
West,Knight Hall,2019-12-16T21:00:00,,,,,,84.67744,,,,,41.311922,-105.581147,2019,12,16,21
West,Knight Hall,2019-12-16T22:00:00,,,,,,84.67744,,,,,41.311922,-105.581147,2019,12,16,22
West,Knight Hall,2019-12-16T23:00:00,,,,,,84.67744,,,,,41.311922,-105.581147,2019,12,16,23
West,Knight Hall,2019-12-17T00:00:00,,,,,,84.67744,,,,,41.311922,-105.581147,2019,12,17,0
West,Knight Hall,2019-12-17T01:00:00,,,,,,84.67744,,,,,41.311922,-105.581147,2019,12,17,1
West,Knight Hall,2019-12-17T02:00:00,,,,,,84.67744,,,,,41.311922,-105.581147,2019,12,17,2
West,Knight Hall,2019-12-17T03:00:00,,,,,,84.67744,,,,,41.311922,-105.581147,2019,12,17,3
West,Knight Hall,2019-12-17T04:00:00,,,,,,84.67744,,,,,41.311922,-105.581147,2019,12,17,4
West,Knight Hall,2019-12-17T05:00:00,,,,,,84.67744,,,,,41.311922,-105.581147,2019,12,17,5
West,Knight Hall,2019-12-17T06:00:00,,,,,,84.67744,,,,,41.311922,-105.581147,2019,12,17,6
West,Knight Hall,2019-12-17T07:00:00,,,,,,84.67744,,,,,41.311922,-105.581147,2019,12,17,7
West,Knight Hall,2019-12-17T08:00:00,,,,,,84.67744,,,,,41.311922,-105.581147,2019,12,17,8
West,Knight Hall,2019-12-17T09:00:00,,,,,,84.67744,,,,,41.311922,-105.581147,2019,12,17,9
West,Knight Hall,2019-12-17T10:00:00,,,,,,84.67744,,,,,41.311922,-105.581147,2019,12,17,10
West,Knight Hall,2019-12-17T11:00:00,,,,,,84.67744,,,,,41.311922,-105.581147,2019,12,17,11
West,Knight Hall,2019-12-17T12:00:00,,,,,,84.67744,,,,,41.311922,-105.581147,2019,12,17,12
West,Knight Hall,2019-12-17T13:00:00,,,,,,84.67744,,,,,41.311922,-105.581147,2019,12,17,13
West,Knight Hall,2019-12-17T14:00:00,,,,,,84.67744,,,,,41.311922,-105.581147,2019,12,17,14
West,Knight Hall,2019-12-17T15:00:00,,,,,,84.67744,,,,,41.311922,-105.581147,2019,12,17,15
West,Knight Hall,2019-12-17T16:00:00,,,,,,84.67744,,,,,41.311922,-105.581147,2019,12,17,16
West,Knight Hall,2019-12-17T17:00:00,,,,,,84.67744,,,,,41.311922,-105.581147,2019,12,17,17
West,Knight Hall,2019-12-17T18:00:00,,,,,,84.67744,,,,,41.311922,-105.581147,2019,12,17,18
West,Knight Hall,2019-12-17T19:00:00,,,,,,84.67744,,,,,41.311922,-105.581147,2019,12,17,19
West,Knight Hall,2019-12-17T20:00:00,,,,,,84.67744,,,,,41.311922,-105.581147,2019,12,17,20
West,Knight Hall,2019-12-17T21:00:00,,,,,,84.67744,,,,,41.311922,-105.581147,2019,12,17,21
West,Knight Hall,2019-12-17T22:00:00,,,,,,84.67744,,,,,41.311922,-105.581147,2019,12,17,22
West,Knight Hall,2019-12-17T23:00:00,,,,,,84.67744,,,,,41.311922,-105.581147,2019,12,17,23
West,Knight Hall,2019-12-18T00:00:00,,,,,,84.67744,,,,,41.311922,-105.581147,2019,12,18,0
West,Knight Hall,2019-12-18T01:00:00,,,,,,84.67744,,,,,41.311922,-105.581147,2019,12,18,1
West,Knight Hall,2019-12-18T02:00:00,,,,,,84.67744,,,,,41.311922,-105.581147,2019,12,18,2
West,Knight Hall,2019-12-18T03:00:00,,,,,,84.67744,,,,,41.311922,-105.581147,2019,12,18,3
West,Knight Hall,2019-12-18T04:00:00,,,,,,84.67744,,,,,41.311922,-105.581147,2019,12,18,4
West,Knight Hall,2019-12-18T05:00:00,,,,,,84.67744,,,,,41.311922,-105.581147,2019,12,18,5
West,Knight Hall,2019-12-18T06:00:00,,,,,,84.67744,,,,,41.311922,-105.581147,2019,12,18,6
West,Knight Hall,2019-12-18T07:00:00,,,,,,84.67744,,,,,41.311922,-105.581147,2019,12,18,7
West,Knight Hall,2019-12-18T08:00:00,,,,,,84.67744,,,,,41.311922,-105.581147,2019,12,18,8
West,Knight Hall,2019-12-18T09:00:00,,,,,,84.67744,,,,,41.311922,-105.581147,2019,12,18,9
West,Knight Hall,2019-12-18T10:00:00,,,,,,84.67744,,,,,41.311922,-105.581147,2019,12,18,10
West,Knight Hall,2019-12-18T11:00:00,,,,,,84.67744,,,,,41.311922,-105.581147,2019,12,18,11
West,Knight Hall,2019-12-18T12:00:00,,,,,,84.67744,,,,,41.311922,-105.581147,2019,12,18,12
West,Knight Hall,2019-12-18T13:00:00,,,,,,84.67744,,,,,41.311922,-105.581147,2019,12,18,13
West,Knight Hall,2019-12-18T14:00:00,,,,,,84.67744,,,,,41.311922,-105.581147,2019,12,18,14
West,Knight Hall,2019-12-18T15:00:00,,,,,,84.67744,,,,,41.311922,-105.581147,2019,12,18,15
West,Knight Hall,2019-12-18T16:00:00,,,,,,84.67744,,,,,41.311922,-105.581147,2019,12,18,16
West,Knight Hall,2019-12-18T17:00:00,,,,,,84.67744,,,,,41.311922,-105.581147,2019,12,18,17
West,Knight Hall,2019-12-18T18:00:00,,,,,,84.67744,,,,,41.311922,-105.581147,2019,12,18,18
West,Knight Hall,2019-12-18T19:00:00,,,,,,84.67744,,,,,41.311922,-105.581147,2019,12,18,19
West,Knight Hall,2019-12-18T20:00:00,,,,,,84.67744,,,,,41.311922,-105.581147,2019,12,18,20
West,Knight Hall,2019-12-18T21:00:00,,,,,,84.67744,,,,,41.311922,-105.581147,2019,12,18,21
West,Knight Hall,2019-12-18T22:00:00,,,,,,84.67744,,,,,41.311922,-105.581147,2019,12,18,22
West,Knight Hall,2019-12-18T23:00:00,,,,,,84.67744,,,,,41.311922,-105.581147,2019,12,18,23
West,Knight Hall,2019-12-19T00:00:00,,,,,,84.67744,,,,,41.311922,-105.581147,2019,12,19,0
West,Knight Hall,2019-12-19T01:00:00,,,,,,84.67744,,,,,41.311922,-105.581147,2019,12,19,1
West,Knight Hall,2019-12-19T02:00:00,,,,,,84.67744,,,,,41.311922,-105.581147,2019,12,19,2
West,Knight Hall,2019-12-19T03:00:00,,,,,,84.67744,,,,,41.311922,-105.581147,2019,12,19,3
West,Knight Hall,2019-12-19T04:00:00,,,,,,84.67744,,,,,41.311922,-105.581147,2019,12,19,4
West,Knight Hall,2019-12-19T05:00:00,,,,,,84.67744,,,,,41.311922,-105.581147,2019,12,19,5
West,Knight Hall,2019-12-19T06:00:00,,,,,,84.67744,,,,,41.311922,-105.581147,2019,12,19,6
West,Knight Hall,2019-12-19T07:00:00,,,,,,84.67744,,,,,41.311922,-105.581147,2019,12,19,7
West,Knight Hall,2019-12-19T08:00:00,,,,,,84.67744,,,,,41.311922,-105.581147,2019,12,19,8
West,Knight Hall,2019-12-19T09:00:00,,,,,,84.67744,,,,,41.311922,-105.581147,2019,12,19,9
West,Knight Hall,2019-12-19T10:00:00,,,,,,84.67744,,,,,41.311922,-105.581147,2019,12,19,10
West,Knight Hall,2019-12-19T11:00:00,,,,,,84.67744,,,,,41.311922,-105.581147,2019,12,19,11
West,Knight Hall,2019-12-19T12:00:00,,,,,,84.67744,,,,,41.311922,-105.581147,2019,12,19,12
West,Knight Hall,2019-12-19T13:00:00,,,,,,84.67744,,,,,41.311922,-105.581147,2019,12,19,13
West,Knight Hall,2019-12-19T14:00:00,,,,,,84.67744,,,,,41.311922,-105.581147,2019,12,19,14
West,Knight Hall,2019-12-19T15:00:00,,,,,,84.67744,,,,,41.311922,-105.581147,2019,12,19,15
West,Knight Hall,2019-12-19T16:00:00,,,,,,84.67744,,,,,41.311922,-105.581147,2019,12,19,16
West,Knight Hall,2019-12-19T17:00:00,,,,,,84.67744,,,,,41.311922,-105.581147,2019,12,19,17
West,Knight Hall,2019-12-19T18:00:00,,,,,,84.67744,,,,,41.311922,-105.581147,2019,12,19,18
West,Knight Hall,2019-12-19T19:00:00,,,,,,84.67744,,,,,41.311922,-105.581147,2019,12,19,19
West,Knight Hall,2019-12-19T20:00:00,,,,,,84.67744,,,,,41.311922,-105.581147,2019,12,19,20
West,Knight Hall,2019-12-19T21:00:00,,,,,,84.67744,,,,,41.311922,-105.581147,2019,12,19,21
West,Knight Hall,2019-12-19T22:00:00,,,,,,84.67744,,,,,41.311922,-105.581147,2019,12,19,22
West,Knight Hall,2019-12-19T23:00:00,,,,,,84.67744,,,,,41.311922,-105.581147,2019,12,19,23
West,Knight Hall,2019-12-20T00:00:00,,,,,,84.67744,,,,,41.311922,-105.581147,2019,12,20,0
West,Knight Hall,2019-12-20T01:00:00,,,,,,84.67744,,,,,41.311922,-105.581147,2019,12,20,1
West,Knight Hall,2019-12-20T02:00:00,,,,,,84.67744,,,,,41.311922,-105.581147,2019,12,20,2
West,Knight Hall,2019-12-20T03:00:00,,,,,,84.67744,,,,,41.311922,-105.581147,2019,12,20,3
West,Knight Hall,2019-12-20T04:00:00,,,,,,84.67744,,,,,41.311922,-105.581147,2019,12,20,4
West,Knight Hall,2019-12-20T05:00:00,,,,,,84.67744,,,,,41.311922,-105.581147,2019,12,20,5
West,Knight Hall,2019-12-20T06:00:00,,,,,,84.67744,,,,,41.311922,-105.581147,2019,12,20,6
West,Knight Hall,2019-12-20T07:00:00,,,,,,84.67744,,,,,41.311922,-105.581147,2019,12,20,7
West,Knight Hall,2019-12-20T08:00:00,,,,,,84.67744,,,,,41.311922,-105.581147,2019,12,20,8
West,Knight Hall,2019-12-20T09:00:00,,,,,,84.67744,,,,,41.311922,-105.581147,2019,12,20,9
West,Knight Hall,2019-12-20T10:00:00,,,,,,84.67744,,,,,41.311922,-105.581147,2019,12,20,10
West,Knight Hall,2019-12-20T11:00:00,,,,,,84.67744,,,,,41.311922,-105.581147,2019,12,20,11
West,Knight Hall,2019-12-20T12:00:00,,,,,,84.67744,,,,,41.311922,-105.581147,2019,12,20,12
West,Knight Hall,2019-12-20T13:00:00,,,,,,84.67744,,,,,41.311922,-105.581147,2019,12,20,13
West,Knight Hall,2019-12-20T14:00:00,,,,,,84.67744,,,,,41.311922,-105.581147,2019,12,20,14
West,Knight Hall,2019-12-20T15:00:00,,,,,,84.67744,,,,,41.311922,-105.581147,2019,12,20,15
West,Knight Hall,2019-12-20T16:00:00,,,,,,84.67744,,,,,41.311922,-105.581147,2019,12,20,16
West,Knight Hall,2019-12-20T17:00:00,,,,,,84.67744,,,,,41.311922,-105.581147,2019,12,20,17
West,Knight Hall,2019-12-20T18:00:00,,,,,,84.67744,,,,,41.311922,-105.581147,2019,12,20,18
West,Knight Hall,2019-12-20T19:00:00,,,,,,84.67744,,,,,41.311922,-105.581147,2019,12,20,19
West,Knight Hall,2019-12-20T20:00:00,,,,,,84.67744,,,,,41.311922,-105.581147,2019,12,20,20
West,Knight Hall,2019-12-20T21:00:00,,,,,,84.67744,,,,,41.311922,-105.581147,2019,12,20,21
West,Knight Hall,2019-12-20T22:00:00,,,,,,84.67744,,,,,41.311922,-105.581147,2019,12,20,22
West,Knight Hall,2019-12-20T23:00:00,,,,,,84.67744,,,,,41.311922,-105.581147,2019,12,20,23
West,Knight Hall,2019-12-21T00:00:00,,,,,,84.67744,,,,,41.311922,-105.581147,2019,12,21,0
West,Knight Hall,2019-12-21T01:00:00,,,,,,84.67744,,,,,41.311922,-105.581147,2019,12,21,1
West,Knight Hall,2019-12-21T02:00:00,,,,,,84.67744,,,,,41.311922,-105.581147,2019,12,21,2
West,Knight Hall,2019-12-21T03:00:00,,,,,,84.67744,,,,,41.311922,-105.581147,2019,12,21,3
West,Knight Hall,2019-12-21T04:00:00,,,,,,84.67744,,,,,41.311922,-105.581147,2019,12,21,4
West,Knight Hall,2019-12-21T05:00:00,,,,,,84.67744,,,,,41.311922,-105.581147,2019,12,21,5
West,Knight Hall,2019-12-21T06:00:00,,,,,,84.67744,,,,,41.311922,-105.581147,2019,12,21,6
West,Knight Hall,2019-12-21T07:00:00,,,,,,84.67744,,,,,41.311922,-105.581147,2019,12,21,7
West,Knight Hall,2019-12-21T08:00:00,,,,,,84.67744,,,,,41.311922,-105.581147,2019,12,21,8
West,Knight Hall,2019-12-21T09:00:00,,,,,,84.67744,,,,,41.311922,-105.581147,2019,12,21,9
West,Knight Hall,2019-12-21T10:00:00,,,,,,84.67744,,,,,41.311922,-105.581147,2019,12,21,10
West,Knight Hall,2019-12-21T11:00:00,,,,,,84.67744,,,,,41.311922,-105.581147,2019,12,21,11
West,Knight Hall,2019-12-21T12:00:00,,,,,,84.67744,,,,,41.311922,-105.581147,2019,12,21,12
West,Knight Hall,2019-12-21T13:00:00,,,,,,84.67744,,,,,41.311922,-105.581147,2019,12,21,13
West,Knight Hall,2019-12-21T14:00:00,,,,,,84.67744,,,,,41.311922,-105.581147,2019,12,21,14
West,Knight Hall,2019-12-21T15:00:00,,,,,,84.67744,,,,,41.311922,-105.581147,2019,12,21,15
West,Knight Hall,2019-12-21T16:00:00,,,,,,84.67744,,,,,41.311922,-105.581147,2019,12,21,16
West,Knight Hall,2019-12-21T17:00:00,,,,,,84.67744,,,,,41.311922,-105.581147,2019,12,21,17
West,Knight Hall,2019-12-21T18:00:00,,,,,,84.67744,,,,,41.311922,-105.581147,2019,12,21,18
West,Knight Hall,2019-12-21T19:00:00,,,,,,84.67744,,,,,41.311922,-105.581147,2019,12,21,19
West,Knight Hall,2019-12-21T20:00:00,,,,,,84.67744,,,,,41.311922,-105.581147,2019,12,21,20
West,Knight Hall,2019-12-21T21:00:00,,,,,,84.67744,,,,,41.311922,-105.581147,2019,12,21,21
West,Knight Hall,2019-12-21T22:00:00,,,,,,84.67744,,,,,41.311922,-105.581147,2019,12,21,22
West,Knight Hall,2019-12-21T23:00:00,,,,,,84.67744,,,,,41.311922,-105.581147,2019,12,21,23
West,Knight Hall,2019-12-22T00:00:00,,,,,,84.67744,,,,,41.311922,-105.581147,2019,12,22,0
West,Knight Hall,2019-12-22T01:00:00,,,,,,84.67744,,,,,41.311922,-105.581147,2019,12,22,1
West,Knight Hall,2019-12-22T02:00:00,,,,,,84.67744,,,,,41.311922,-105.581147,2019,12,22,2
West,Knight Hall,2019-12-22T03:00:00,,,,,,84.67744,,,,,41.311922,-105.581147,2019,12,22,3
West,Knight Hall,2019-12-22T04:00:00,,,,,,84.67744,,,,,41.311922,-105.581147,2019,12,22,4
West,Knight Hall,2019-12-22T05:00:00,,,,,,84.67744,,,,,41.311922,-105.581147,2019,12,22,5
West,Knight Hall,2019-12-22T06:00:00,,,,,,84.67744,,,,,41.311922,-105.581147,2019,12,22,6
West,Knight Hall,2019-12-22T07:00:00,,,,,,84.67744,,,,,41.311922,-105.581147,2019,12,22,7
West,Knight Hall,2019-12-22T08:00:00,,,,,,84.67744,,,,,41.311922,-105.581147,2019,12,22,8
West,Knight Hall,2019-12-22T09:00:00,,,,,,84.67744,,,,,41.311922,-105.581147,2019,12,22,9
West,Knight Hall,2019-12-22T10:00:00,,,,,,84.67744,,,,,41.311922,-105.581147,2019,12,22,10
West,Knight Hall,2019-12-22T11:00:00,,,,,,84.67744,,,,,41.311922,-105.581147,2019,12,22,11
West,Knight Hall,2019-12-22T12:00:00,,,,,,84.67744,,,,,41.311922,-105.581147,2019,12,22,12
West,Knight Hall,2019-12-22T13:00:00,,,,,,84.67744,,,,,41.311922,-105.581147,2019,12,22,13
West,Knight Hall,2019-12-22T14:00:00,,,,,,84.67744,,,,,41.311922,-105.581147,2019,12,22,14
West,Knight Hall,2019-12-22T15:00:00,,,,,,84.67744,,,,,41.311922,-105.581147,2019,12,22,15
West,Knight Hall,2019-12-22T16:00:00,,,,,,84.67744,,,,,41.311922,-105.581147,2019,12,22,16
West,Knight Hall,2019-12-22T17:00:00,,,,,,84.67744,,,,,41.311922,-105.581147,2019,12,22,17
West,Knight Hall,2019-12-22T18:00:00,,,,,,84.67744,,,,,41.311922,-105.581147,2019,12,22,18
West,Knight Hall,2019-12-22T19:00:00,,,,,,84.67744,,,,,41.311922,-105.581147,2019,12,22,19
West,Knight Hall,2019-12-22T20:00:00,,,,,,84.67744,,,,,41.311922,-105.581147,2019,12,22,20
West,Knight Hall,2019-12-22T21:00:00,,,,,,84.67744,,,,,41.311922,-105.581147,2019,12,22,21
West,Knight Hall,2019-12-22T22:00:00,,,,,,84.67744,,,,,41.311922,-105.581147,2019,12,22,22
West,Knight Hall,2019-12-22T23:00:00,,,,,,84.67744,,,,,41.311922,-105.581147,2019,12,22,23
West,Knight Hall,2019-12-23T00:00:00,,,,,,84.67744,,,,,41.311922,-105.581147,2019,12,23,0
West,Knight Hall,2019-12-23T01:00:00,,,,,,84.67744,,,,,41.311922,-105.581147,2019,12,23,1
West,Knight Hall,2019-12-23T02:00:00,,,,,,84.67744,,,,,41.311922,-105.581147,2019,12,23,2
West,Knight Hall,2019-12-23T03:00:00,,,,,,84.67744,,,,,41.311922,-105.581147,2019,12,23,3
West,Knight Hall,2019-12-23T04:00:00,,,,,,84.67744,,,,,41.311922,-105.581147,2019,12,23,4
West,Knight Hall,2019-12-23T05:00:00,,,,,,84.67744,,,,,41.311922,-105.581147,2019,12,23,5
West,Knight Hall,2019-12-23T06:00:00,,,,,,84.67744,,,,,41.311922,-105.581147,2019,12,23,6
West,Knight Hall,2019-12-23T07:00:00,,,,,,84.67744,,,,,41.311922,-105.581147,2019,12,23,7
West,Knight Hall,2019-12-23T08:00:00,,,,,,84.67744,,,,,41.311922,-105.581147,2019,12,23,8
West,Knight Hall,2019-12-23T09:00:00,,,,,,84.67744,,,,,41.311922,-105.581147,2019,12,23,9
West,Knight Hall,2019-12-23T10:00:00,,,,,,84.67744,,,,,41.311922,-105.581147,2019,12,23,10
West,Knight Hall,2019-12-23T11:00:00,,,,,,84.67744,,,,,41.311922,-105.581147,2019,12,23,11
West,Knight Hall,2019-12-23T12:00:00,,,,,,84.67744,,,,,41.311922,-105.581147,2019,12,23,12
West,Knight Hall,2019-12-23T13:00:00,,,,,,84.67744,,,,,41.311922,-105.581147,2019,12,23,13
West,Knight Hall,2019-12-23T14:00:00,,,,,,84.67744,,,,,41.311922,-105.581147,2019,12,23,14
West,Knight Hall,2019-12-23T15:00:00,,,,,,84.67744,,,,,41.311922,-105.581147,2019,12,23,15
West,Knight Hall,2019-12-23T16:00:00,,,,,,84.67744,,,,,41.311922,-105.581147,2019,12,23,16
West,Knight Hall,2019-12-23T17:00:00,,,,,,84.67744,,,,,41.311922,-105.581147,2019,12,23,17
West,Knight Hall,2019-12-23T18:00:00,,,,,,84.67744,,,,,41.311922,-105.581147,2019,12,23,18
West,Knight Hall,2019-12-23T19:00:00,,,,,,84.67744,,,,,41.311922,-105.581147,2019,12,23,19
West,Knight Hall,2019-12-23T20:00:00,,,,,,84.67744,,,,,41.311922,-105.581147,2019,12,23,20
West,Knight Hall,2019-12-23T21:00:00,,,,,,84.67744,,,,,41.311922,-105.581147,2019,12,23,21
West,Knight Hall,2019-12-23T22:00:00,,,,,,84.67744,,,,,41.311922,-105.581147,2019,12,23,22
West,Knight Hall,2019-12-23T23:00:00,,,,,,84.67744,,,,,41.311922,-105.581147,2019,12,23,23
West,Knight Hall,2019-12-24T00:00:00,,,,,,84.67744,,,,,41.311922,-105.581147,2019,12,24,0
West,Knight Hall,2019-12-24T01:00:00,,,,,,84.67744,,,,,41.311922,-105.581147,2019,12,24,1
West,Knight Hall,2019-12-24T02:00:00,,,,,,84.67744,,,,,41.311922,-105.581147,2019,12,24,2
West,Knight Hall,2019-12-24T03:00:00,,,,,,84.67744,,,,,41.311922,-105.581147,2019,12,24,3
West,Knight Hall,2019-12-24T04:00:00,,,,,,84.67744,,,,,41.311922,-105.581147,2019,12,24,4
West,Knight Hall,2019-12-24T05:00:00,,,,,,84.67744,,,,,41.311922,-105.581147,2019,12,24,5
West,Knight Hall,2019-12-24T06:00:00,,,,,,84.67744,,,,,41.311922,-105.581147,2019,12,24,6
West,Knight Hall,2019-12-24T07:00:00,,,,,,84.67744,,,,,41.311922,-105.581147,2019,12,24,7
West,Knight Hall,2019-12-24T08:00:00,,,,,,84.67744,,,,,41.311922,-105.581147,2019,12,24,8
West,Knight Hall,2019-12-24T09:00:00,,,,,,84.67744,,,,,41.311922,-105.581147,2019,12,24,9
West,Knight Hall,2019-12-24T10:00:00,,,,,,84.67744,,,,,41.311922,-105.581147,2019,12,24,10
West,Knight Hall,2019-12-24T11:00:00,,,,,,84.67744,,,,,41.311922,-105.581147,2019,12,24,11
West,Knight Hall,2019-12-24T12:00:00,,,,,,84.67744,,,,,41.311922,-105.581147,2019,12,24,12
West,Knight Hall,2019-12-24T13:00:00,,,,,,84.67744,,,,,41.311922,-105.581147,2019,12,24,13
West,Knight Hall,2019-12-24T14:00:00,,,,,,84.67744,,,,,41.311922,-105.581147,2019,12,24,14
West,Knight Hall,2019-12-24T15:00:00,,,,,,84.67744,,,,,41.311922,-105.581147,2019,12,24,15
West,Knight Hall,2019-12-24T16:00:00,,,,,,84.67744,,,,,41.311922,-105.581147,2019,12,24,16
West,Knight Hall,2019-12-24T17:00:00,,,,,,84.67744,,,,,41.311922,-105.581147,2019,12,24,17
West,Knight Hall,2019-12-24T18:00:00,,,,,,84.67744,,,,,41.311922,-105.581147,2019,12,24,18
West,Knight Hall,2019-12-24T19:00:00,,,,,,84.67744,,,,,41.311922,-105.581147,2019,12,24,19
West,Knight Hall,2019-12-24T20:00:00,,,,,,84.67744,,,,,41.311922,-105.581147,2019,12,24,20
West,Knight Hall,2019-12-24T21:00:00,,,,,,84.67744,,,,,41.311922,-105.581147,2019,12,24,21
West,Knight Hall,2019-12-24T22:00:00,,,,,,84.67744,,,,,41.311922,-105.581147,2019,12,24,22
West,Knight Hall,2019-12-24T23:00:00,,,,,,84.67744,,,,,41.311922,-105.581147,2019,12,24,23
West,Knight Hall,2019-12-25T00:00:00,,,,,,84.67744,,,,,41.311922,-105.581147,2019,12,25,0
West,Knight Hall,2019-12-25T01:00:00,,,,,,84.67744,,,,,41.311922,-105.581147,2019,12,25,1
West,Knight Hall,2019-12-25T02:00:00,,,,,,84.67744,,,,,41.311922,-105.581147,2019,12,25,2
West,Knight Hall,2019-12-25T03:00:00,,,,,,84.67744,,,,,41.311922,-105.581147,2019,12,25,3
West,Knight Hall,2019-12-25T04:00:00,,,,,,84.67744,,,,,41.311922,-105.581147,2019,12,25,4
West,Knight Hall,2019-12-25T05:00:00,,,,,,84.67744,,,,,41.311922,-105.581147,2019,12,25,5
West,Knight Hall,2019-12-25T06:00:00,,,,,,84.67744,,,,,41.311922,-105.581147,2019,12,25,6
West,Knight Hall,2019-12-25T07:00:00,,,,,,84.67744,,,,,41.311922,-105.581147,2019,12,25,7
West,Knight Hall,2019-12-25T08:00:00,,,,,,84.67744,,,,,41.311922,-105.581147,2019,12,25,8
West,Knight Hall,2019-12-25T09:00:00,,,,,,84.67744,,,,,41.311922,-105.581147,2019,12,25,9
West,Knight Hall,2019-12-25T10:00:00,,,,,,84.67744,,,,,41.311922,-105.581147,2019,12,25,10
West,Knight Hall,2019-12-25T11:00:00,,,,,,84.67744,,,,,41.311922,-105.581147,2019,12,25,11
West,Knight Hall,2019-12-25T12:00:00,,,,,,84.67744,,,,,41.311922,-105.581147,2019,12,25,12
West,Knight Hall,2019-12-25T13:00:00,,,,,,84.67744,,,,,41.311922,-105.581147,2019,12,25,13
West,Knight Hall,2019-12-25T14:00:00,,,,,,84.67744,,,,,41.311922,-105.581147,2019,12,25,14
West,Knight Hall,2019-12-25T15:00:00,,,,,,84.67744,,,,,41.311922,-105.581147,2019,12,25,15
West,Knight Hall,2019-12-25T16:00:00,,,,,,84.67744,,,,,41.311922,-105.581147,2019,12,25,16
West,Knight Hall,2019-12-25T17:00:00,,,,,,84.67744,,,,,41.311922,-105.581147,2019,12,25,17
West,Knight Hall,2019-12-25T18:00:00,,,,,,84.67744,,,,,41.311922,-105.581147,2019,12,25,18
West,Knight Hall,2019-12-25T19:00:00,,,,,,84.67744,,,,,41.311922,-105.581147,2019,12,25,19
West,Knight Hall,2019-12-25T20:00:00,,,,,,84.67744,,,,,41.311922,-105.581147,2019,12,25,20
West,Knight Hall,2019-12-25T21:00:00,,,,,,84.67744,,,,,41.311922,-105.581147,2019,12,25,21
West,Knight Hall,2019-12-25T22:00:00,,,,,,84.67744,,,,,41.311922,-105.581147,2019,12,25,22
West,Knight Hall,2019-12-25T23:00:00,,,,,,84.67744,,,,,41.311922,-105.581147,2019,12,25,23
West,Knight Hall,2019-12-26T00:00:00,,,,,,84.67744,,,,,41.311922,-105.581147,2019,12,26,0
West,Knight Hall,2019-12-26T01:00:00,,,,,,84.67744,,,,,41.311922,-105.581147,2019,12,26,1
West,Knight Hall,2019-12-26T02:00:00,,,,,,84.67744,,,,,41.311922,-105.581147,2019,12,26,2
West,Knight Hall,2019-12-26T03:00:00,,,,,,84.67744,,,,,41.311922,-105.581147,2019,12,26,3
West,Knight Hall,2019-12-26T04:00:00,,,,,,84.67744,,,,,41.311922,-105.581147,2019,12,26,4
West,Knight Hall,2019-12-26T05:00:00,,,,,,84.67744,,,,,41.311922,-105.581147,2019,12,26,5
West,Knight Hall,2019-12-26T06:00:00,,,,,,84.67744,,,,,41.311922,-105.581147,2019,12,26,6
West,Knight Hall,2019-12-26T07:00:00,,,,,,84.67744,,,,,41.311922,-105.581147,2019,12,26,7
West,Knight Hall,2019-12-26T08:00:00,,,,,,84.67744,,,,,41.311922,-105.581147,2019,12,26,8
West,Knight Hall,2019-12-26T09:00:00,,,,,,84.67744,,,,,41.311922,-105.581147,2019,12,26,9
West,Knight Hall,2019-12-26T10:00:00,,,,,,84.67744,,,,,41.311922,-105.581147,2019,12,26,10
West,Knight Hall,2019-12-26T11:00:00,,,,,,84.67744,,,,,41.311922,-105.581147,2019,12,26,11
West,Knight Hall,2019-12-26T12:00:00,,,,,,84.67744,,,,,41.311922,-105.581147,2019,12,26,12
West,Knight Hall,2019-12-26T13:00:00,,,,,,84.67744,,,,,41.311922,-105.581147,2019,12,26,13
West,Knight Hall,2019-12-26T14:00:00,,,,,,84.67744,,,,,41.311922,-105.581147,2019,12,26,14
West,Knight Hall,2019-12-26T15:00:00,,,,,,84.67744,,,,,41.311922,-105.581147,2019,12,26,15
West,Knight Hall,2019-12-26T16:00:00,,,,,,84.67744,,,,,41.311922,-105.581147,2019,12,26,16
West,Knight Hall,2019-12-26T17:00:00,,,,,,84.67744,,,,,41.311922,-105.581147,2019,12,26,17
West,Knight Hall,2019-12-26T18:00:00,,,,,,84.67744,,,,,41.311922,-105.581147,2019,12,26,18
West,Knight Hall,2019-12-26T19:00:00,,,,,,84.67744,,,,,41.311922,-105.581147,2019,12,26,19
West,Knight Hall,2019-12-26T20:00:00,,,,,,84.67744,,,,,41.311922,-105.581147,2019,12,26,20
West,Knight Hall,2019-12-26T21:00:00,,,,,,84.67744,,,,,41.311922,-105.581147,2019,12,26,21
West,Knight Hall,2019-12-26T22:00:00,,,,,,84.67744,,,,,41.311922,-105.581147,2019,12,26,22
West,Knight Hall,2019-12-26T23:00:00,,,,,,84.67744,,,,,41.311922,-105.581147,2019,12,26,23
West,Knight Hall,2019-12-27T00:00:00,,,,,,84.67744,,,,,41.311922,-105.581147,2019,12,27,0
West,Knight Hall,2019-12-27T01:00:00,,,,,,84.67744,,,,,41.311922,-105.581147,2019,12,27,1
West,Knight Hall,2019-12-27T02:00:00,,,,,,84.67744,,,,,41.311922,-105.581147,2019,12,27,2
West,Knight Hall,2019-12-27T03:00:00,,,,,,84.67744,,,,,41.311922,-105.581147,2019,12,27,3
West,Knight Hall,2019-12-27T04:00:00,,,,,,84.67744,,,,,41.311922,-105.581147,2019,12,27,4
West,Knight Hall,2019-12-27T05:00:00,,,,,,84.67744,,,,,41.311922,-105.581147,2019,12,27,5
West,Knight Hall,2019-12-27T06:00:00,,,,,,84.67744,,,,,41.311922,-105.581147,2019,12,27,6
West,Knight Hall,2019-12-27T07:00:00,,,,,,84.67744,,,,,41.311922,-105.581147,2019,12,27,7
West,Knight Hall,2019-12-27T08:00:00,,,,,,84.67744,,,,,41.311922,-105.581147,2019,12,27,8
West,Knight Hall,2019-12-27T09:00:00,,,,,,84.67744,,,,,41.311922,-105.581147,2019,12,27,9
West,Knight Hall,2019-12-27T10:00:00,,,,,,84.67744,,,,,41.311922,-105.581147,2019,12,27,10
West,Knight Hall,2019-12-27T11:00:00,,,,,,84.67744,,,,,41.311922,-105.581147,2019,12,27,11
West,Knight Hall,2019-12-27T12:00:00,,,,,,84.67744,,,,,41.311922,-105.581147,2019,12,27,12
West,Knight Hall,2019-12-27T13:00:00,,,,,,84.67744,,,,,41.311922,-105.581147,2019,12,27,13
West,Knight Hall,2019-12-27T14:00:00,,,,,,84.67744,,,,,41.311922,-105.581147,2019,12,27,14
West,Knight Hall,2019-12-27T15:00:00,,,,,,84.67744,,,,,41.311922,-105.581147,2019,12,27,15
West,Knight Hall,2019-12-27T16:00:00,,,,,,84.67744,,,,,41.311922,-105.581147,2019,12,27,16
West,Knight Hall,2019-12-27T17:00:00,,,,,,84.67744,,,,,41.311922,-105.581147,2019,12,27,17
West,Knight Hall,2019-12-27T18:00:00,,,,,,84.67744,,,,,41.311922,-105.581147,2019,12,27,18
West,Knight Hall,2019-12-27T19:00:00,,,,,,84.67744,,,,,41.311922,-105.581147,2019,12,27,19
West,Knight Hall,2019-12-27T20:00:00,,,,,,84.67744,,,,,41.311922,-105.581147,2019,12,27,20
West,Knight Hall,2019-12-27T21:00:00,,,,,,84.67744,,,,,41.311922,-105.581147,2019,12,27,21
West,Knight Hall,2019-12-27T22:00:00,,,,,,84.67744,,,,,41.311922,-105.581147,2019,12,27,22
West,Knight Hall,2019-12-27T23:00:00,,,,,,84.67744,,,,,41.311922,-105.581147,2019,12,27,23
West,Knight Hall,2019-12-28T00:00:00,,,,,,84.67744,,,,,41.311922,-105.581147,2019,12,28,0
West,Knight Hall,2019-12-28T01:00:00,,,,,,84.67744,,,,,41.311922,-105.581147,2019,12,28,1
West,Knight Hall,2019-12-28T02:00:00,,,,,,84.67744,,,,,41.311922,-105.581147,2019,12,28,2
West,Knight Hall,2019-12-28T03:00:00,,,,,,84.67744,,,,,41.311922,-105.581147,2019,12,28,3
West,Knight Hall,2019-12-28T04:00:00,,,,,,84.67744,,,,,41.311922,-105.581147,2019,12,28,4
West,Knight Hall,2019-12-28T05:00:00,,,,,,84.67744,,,,,41.311922,-105.581147,2019,12,28,5
West,Knight Hall,2019-12-28T06:00:00,,,,,,84.67744,,,,,41.311922,-105.581147,2019,12,28,6
West,Knight Hall,2019-12-28T07:00:00,,,,,,84.67744,,,,,41.311922,-105.581147,2019,12,28,7
West,Knight Hall,2019-12-28T08:00:00,,,,,,84.67744,,,,,41.311922,-105.581147,2019,12,28,8
West,Knight Hall,2019-12-28T09:00:00,,,,,,84.67744,,,,,41.311922,-105.581147,2019,12,28,9
West,Knight Hall,2019-12-28T10:00:00,,,,,,84.67744,,,,,41.311922,-105.581147,2019,12,28,10
West,Knight Hall,2019-12-28T11:00:00,,,,,,84.67744,,,,,41.311922,-105.581147,2019,12,28,11
West,Knight Hall,2019-12-28T12:00:00,,,,,,84.67744,,,,,41.311922,-105.581147,2019,12,28,12
West,Knight Hall,2019-12-28T13:00:00,,,,,,84.67744,,,,,41.311922,-105.581147,2019,12,28,13
West,Knight Hall,2019-12-28T14:00:00,,,,,,84.67744,,,,,41.311922,-105.581147,2019,12,28,14
West,Knight Hall,2019-12-28T15:00:00,,,,,,84.67744,,,,,41.311922,-105.581147,2019,12,28,15
West,Knight Hall,2019-12-28T16:00:00,,,,,,84.67744,,,,,41.311922,-105.581147,2019,12,28,16
West,Knight Hall,2019-12-28T17:00:00,,,,,,84.67744,,,,,41.311922,-105.581147,2019,12,28,17
West,Knight Hall,2019-12-28T18:00:00,,,,,,84.67744,,,,,41.311922,-105.581147,2019,12,28,18
West,Knight Hall,2019-12-28T19:00:00,,,,,,84.67744,,,,,41.311922,-105.581147,2019,12,28,19
West,Knight Hall,2019-12-28T20:00:00,,,,,,84.67744,,,,,41.311922,-105.581147,2019,12,28,20
West,Knight Hall,2019-12-28T21:00:00,,,,,,84.67744,,,,,41.311922,-105.581147,2019,12,28,21
West,Knight Hall,2019-12-28T22:00:00,,,,,,84.67744,,,,,41.311922,-105.581147,2019,12,28,22
West,Knight Hall,2019-12-28T23:00:00,,,,,,84.67744,,,,,41.311922,-105.581147,2019,12,28,23
West,Knight Hall,2019-12-29T00:00:00,,,,,,84.67744,,,,,41.311922,-105.581147,2019,12,29,0
West,Knight Hall,2019-12-29T01:00:00,,,,,,84.67744,,,,,41.311922,-105.581147,2019,12,29,1
West,Knight Hall,2019-12-29T02:00:00,,,,,,84.67744,,,,,41.311922,-105.581147,2019,12,29,2
West,Knight Hall,2019-12-29T03:00:00,,,,,,84.67744,,,,,41.311922,-105.581147,2019,12,29,3
West,Knight Hall,2019-12-29T04:00:00,,,,,,84.67744,,,,,41.311922,-105.581147,2019,12,29,4
West,Knight Hall,2019-12-29T05:00:00,,,,,,84.67744,,,,,41.311922,-105.581147,2019,12,29,5
West,Knight Hall,2019-12-29T06:00:00,,,,,,84.67744,,,,,41.311922,-105.581147,2019,12,29,6
West,Knight Hall,2019-12-29T07:00:00,,,,,,84.67744,,,,,41.311922,-105.581147,2019,12,29,7
West,Knight Hall,2019-12-29T08:00:00,,,,,,84.67744,,,,,41.311922,-105.581147,2019,12,29,8
West,Knight Hall,2019-12-29T09:00:00,,,,,,84.67744,,,,,41.311922,-105.581147,2019,12,29,9
West,Knight Hall,2019-12-29T10:00:00,,,,,,84.67744,,,,,41.311922,-105.581147,2019,12,29,10
West,Knight Hall,2019-12-29T11:00:00,,,,,,84.67744,,,,,41.311922,-105.581147,2019,12,29,11
West,Knight Hall,2019-12-29T12:00:00,,,,,,84.67744,,,,,41.311922,-105.581147,2019,12,29,12
West,Knight Hall,2019-12-29T13:00:00,,,,,,84.67744,,,,,41.311922,-105.581147,2019,12,29,13
West,Knight Hall,2019-12-29T14:00:00,,,,,,84.67744,,,,,41.311922,-105.581147,2019,12,29,14
West,Knight Hall,2019-12-29T15:00:00,,,,,,84.67744,,,,,41.311922,-105.581147,2019,12,29,15
West,Knight Hall,2019-12-29T16:00:00,,,,,,84.67744,,,,,41.311922,-105.581147,2019,12,29,16
West,Knight Hall,2019-12-29T17:00:00,,,,,,84.67744,,,,,41.311922,-105.581147,2019,12,29,17
West,Knight Hall,2019-12-29T18:00:00,,,,,,84.67744,,,,,41.311922,-105.581147,2019,12,29,18
West,Knight Hall,2019-12-29T19:00:00,,,,,,84.67744,,,,,41.311922,-105.581147,2019,12,29,19
West,Knight Hall,2019-12-29T20:00:00,,,,,,84.67744,,,,,41.311922,-105.581147,2019,12,29,20
West,Knight Hall,2019-12-29T21:00:00,,,,,,84.67744,,,,,41.311922,-105.581147,2019,12,29,21
West,Knight Hall,2019-12-29T22:00:00,,,,,,84.67744,,,,,41.311922,-105.581147,2019,12,29,22
West,Knight Hall,2019-12-29T23:00:00,,,,,,84.67744,,,,,41.311922,-105.581147,2019,12,29,23
West,Knight Hall,2019-12-30T00:00:00,,,,,,84.67744,,,,,41.311922,-105.581147,2019,12,30,0
West,Knight Hall,2019-12-30T01:00:00,,,,,,84.67744,,,,,41.311922,-105.581147,2019,12,30,1
West,Knight Hall,2019-12-30T02:00:00,,,,,,84.67744,,,,,41.311922,-105.581147,2019,12,30,2
West,Knight Hall,2019-12-30T03:00:00,,,,,,84.67744,,,,,41.311922,-105.581147,2019,12,30,3
West,Knight Hall,2019-12-30T04:00:00,,,,,,84.67744,,,,,41.311922,-105.581147,2019,12,30,4
West,Knight Hall,2019-12-30T05:00:00,,,,,,84.67744,,,,,41.311922,-105.581147,2019,12,30,5
West,Knight Hall,2019-12-30T06:00:00,,,,,,84.67744,,,,,41.311922,-105.581147,2019,12,30,6
West,Knight Hall,2019-12-30T07:00:00,,,,,,84.67744,,,,,41.311922,-105.581147,2019,12,30,7
West,Knight Hall,2019-12-30T08:00:00,,,,,,84.67744,,,,,41.311922,-105.581147,2019,12,30,8
West,Knight Hall,2019-12-30T09:00:00,,,,,,84.67744,,,,,41.311922,-105.581147,2019,12,30,9
West,Knight Hall,2019-12-30T10:00:00,,,,,,84.67744,,,,,41.311922,-105.581147,2019,12,30,10
West,Knight Hall,2019-12-30T11:00:00,,,,,,84.67744,,,,,41.311922,-105.581147,2019,12,30,11
West,Knight Hall,2019-12-30T12:00:00,,,,,,84.67744,,,,,41.311922,-105.581147,2019,12,30,12
West,Knight Hall,2019-12-30T13:00:00,,,,,,84.67744,,,,,41.311922,-105.581147,2019,12,30,13
West,Knight Hall,2019-12-30T14:00:00,,,,,,84.67744,,,,,41.311922,-105.581147,2019,12,30,14
West,Knight Hall,2019-12-30T15:00:00,,,,,,84.67744,,,,,41.311922,-105.581147,2019,12,30,15
West,Knight Hall,2019-12-30T16:00:00,,,,,,84.67744,,,,,41.311922,-105.581147,2019,12,30,16
West,Knight Hall,2019-12-30T17:00:00,,,,,,84.67744,,,,,41.311922,-105.581147,2019,12,30,17
West,Knight Hall,2019-12-30T18:00:00,,,,,,84.67744,,,,,41.311922,-105.581147,2019,12,30,18
West,Knight Hall,2019-12-30T19:00:00,,,,,,84.67744,,,,,41.311922,-105.581147,2019,12,30,19
West,Knight Hall,2019-12-30T20:00:00,,,,,,84.67744,,,,,41.311922,-105.581147,2019,12,30,20
West,Knight Hall,2019-12-30T21:00:00,,,,,,84.67744,,,,,41.311922,-105.581147,2019,12,30,21
West,Knight Hall,2019-12-30T22:00:00,,,,,,84.67744,,,,,41.311922,-105.581147,2019,12,30,22
West,Knight Hall,2019-12-30T23:00:00,,,,,,84.67744,,,,,41.311922,-105.581147,2019,12,30,23
West,Knight Hall,2019-12-31T00:00:00,,,,,,84.67744,,,,,41.311922,-105.581147,2019,12,31,0
West,Knight Hall,2019-12-31T01:00:00,,,,,,84.67744,,,,,41.311922,-105.581147,2019,12,31,1
West,Knight Hall,2019-12-31T02:00:00,,,,,,84.67744,,,,,41.311922,-105.581147,2019,12,31,2
West,Knight Hall,2019-12-31T03:00:00,,,,,,84.67744,,,,,41.311922,-105.581147,2019,12,31,3
West,Knight Hall,2019-12-31T04:00:00,,,,,,84.67744,,,,,41.311922,-105.581147,2019,12,31,4
West,Knight Hall,2019-12-31T05:00:00,,,,,,84.67744,,,,,41.311922,-105.581147,2019,12,31,5
West,Knight Hall,2019-12-31T06:00:00,,,,,,84.67744,,,,,41.311922,-105.581147,2019,12,31,6
West,Knight Hall,2019-12-31T07:00:00,,,,,,84.67744,,,,,41.311922,-105.581147,2019,12,31,7
West,Knight Hall,2019-12-31T08:00:00,,,,,,84.67744,,,,,41.311922,-105.581147,2019,12,31,8
West,Knight Hall,2019-12-31T09:00:00,,,,,,84.67744,,,,,41.311922,-105.581147,2019,12,31,9
West,Knight Hall,2019-12-31T10:00:00,,,,,,84.67744,,,,,41.311922,-105.581147,2019,12,31,10
West,Knight Hall,2019-12-31T11:00:00,,,,,,84.67744,,,,,41.311922,-105.581147,2019,12,31,11
West,Knight Hall,2019-12-31T12:00:00,,,,,,84.67744,,,,,41.311922,-105.581147,2019,12,31,12
West,Knight Hall,2019-12-31T13:00:00,,,,,,84.67744,,,,,41.311922,-105.581147,2019,12,31,13
West,Knight Hall,2019-12-31T14:00:00,,,,,,84.67744,,,,,41.311922,-105.581147,2019,12,31,14
West,Knight Hall,2019-12-31T15:00:00,,,,,,84.67744,,,,,41.311922,-105.581147,2019,12,31,15
West,Knight Hall,2019-12-31T16:00:00,,,,,,84.67744,,,,,41.311922,-105.581147,2019,12,31,16
West,Knight Hall,2019-12-31T17:00:00,,,,,,84.67744,,,,,41.311922,-105.581147,2019,12,31,17
West,Knight Hall,2019-12-31T18:00:00,,,,,,84.67744,,,,,41.311922,-105.581147,2019,12,31,18
West,Knight Hall,2019-12-31T19:00:00,,,,,,84.67744,,,,,41.311922,-105.581147,2019,12,31,19
West,Knight Hall,2019-12-31T20:00:00,,,,,,84.67744,,,,,41.311922,-105.581147,2019,12,31,20
West,Knight Hall,2019-12-31T21:00:00,,,,,,84.67744,,,,,41.311922,-105.581147,2019,12,31,21
West,Knight Hall,2019-12-31T22:00:00,,,,,,84.67744,,,,,41.311922,-105.581147,2019,12,31,22
West,Knight Hall,2019-12-31T23:00:00,,,,,,84.67744,,,,,41.311922,-105.581147,2019,12,31,23
West,Knight Hall,2020-01-01T00:00:00,,,,,,,,,,,41.311922,-105.581147,2020,1,1,0
West,Knight Hall,2020-01-01T01:00:00,,,,,,,,,,,41.311922,-105.581147,2020,1,1,1
West,Knight Hall,2020-01-01T02:00:00,,,,,,,,,,,41.311922,-105.581147,2020,1,1,2
West,Knight Hall,2020-01-01T03:00:00,,,,,,,,,,,41.311922,-105.581147,2020,1,1,3
West,Knight Hall,2020-01-01T04:00:00,,,,,,,,,,,41.311922,-105.581147,2020,1,1,4
West,Knight Hall,2020-01-01T05:00:00,,,,,,,,,,,41.311922,-105.581147,2020,1,1,5
West,Knight Hall,2020-01-01T06:00:00,,,,,,,,,,,41.311922,-105.581147,2020,1,1,6
West,Knight Hall,2020-01-01T07:00:00,,,,,,,,,,,41.311922,-105.581147,2020,1,1,7
West,Knight Hall,2020-01-01T08:00:00,,,,,,,,,,,41.311922,-105.581147,2020,1,1,8
West,Knight Hall,2020-01-01T09:00:00,,,,,,,,,,,41.311922,-105.581147,2020,1,1,9
West,Knight Hall,2020-01-01T10:00:00,,,,,,,,,,,41.311922,-105.581147,2020,1,1,10
West,Knight Hall,2020-01-01T11:00:00,,,,,,,,,,,41.311922,-105.581147,2020,1,1,11
West,Knight Hall,2020-01-01T12:00:00,,,,,,,,,,,41.311922,-105.581147,2020,1,1,12
West,Knight Hall,2020-01-01T13:00:00,,,,,,,,,,,41.311922,-105.581147,2020,1,1,13
West,Knight Hall,2020-01-01T14:00:00,,,,,,,,,,,41.311922,-105.581147,2020,1,1,14
West,Knight Hall,2020-01-01T15:00:00,,,,,,,,,,,41.311922,-105.581147,2020,1,1,15
West,Knight Hall,2020-01-01T16:00:00,,,,,,,,,,,41.311922,-105.581147,2020,1,1,16
West,Knight Hall,2020-01-01T17:00:00,,,,,,,,,,,41.311922,-105.581147,2020,1,1,17
West,Knight Hall,2020-01-01T18:00:00,,,,,,,,,,,41.311922,-105.581147,2020,1,1,18
West,Knight Hall,2020-01-01T19:00:00,,,,,,,,,,,41.311922,-105.581147,2020,1,1,19
West,Knight Hall,2020-01-01T20:00:00,,,,,,,,,,,41.311922,-105.581147,2020,1,1,20
West,Knight Hall,2020-01-01T21:00:00,,,,,,,,,,,41.311922,-105.581147,2020,1,1,21
West,Knight Hall,2020-01-01T22:00:00,,,,,,,,,,,41.311922,-105.581147,2020,1,1,22
West,Knight Hall,2020-01-01T23:00:00,,,,,,,,,,,41.311922,-105.581147,2020,1,1,23
West,Knight Hall,2020-01-02T00:00:00,,,,,,,,,,,41.311922,-105.581147,2020,1,2,0
West,Knight Hall,2020-01-02T01:00:00,,,,,,,,,,,41.311922,-105.581147,2020,1,2,1
West,Knight Hall,2020-01-02T02:00:00,,,,,,,,,,,41.311922,-105.581147,2020,1,2,2
West,Knight Hall,2020-01-02T03:00:00,,,,,,,,,,,41.311922,-105.581147,2020,1,2,3
West,Knight Hall,2020-01-02T04:00:00,,,,,,,,,,,41.311922,-105.581147,2020,1,2,4
West,Knight Hall,2020-01-02T05:00:00,,,,,,,,,,,41.311922,-105.581147,2020,1,2,5
West,Knight Hall,2020-01-02T06:00:00,,,,,,,,,,,41.311922,-105.581147,2020,1,2,6
West,Knight Hall,2020-01-02T07:00:00,,,,,,,,,,,41.311922,-105.581147,2020,1,2,7
West,Knight Hall,2020-01-02T08:00:00,,,,,,,,,,,41.311922,-105.581147,2020,1,2,8
West,Knight Hall,2020-01-02T09:00:00,,,,,,,,,,,41.311922,-105.581147,2020,1,2,9
West,Knight Hall,2020-01-02T10:00:00,,,,,,,,,,,41.311922,-105.581147,2020,1,2,10
West,Knight Hall,2020-01-02T11:00:00,,,,,,,,,,,41.311922,-105.581147,2020,1,2,11
West,Knight Hall,2020-01-02T12:00:00,,,,,,,,,,,41.311922,-105.581147,2020,1,2,12
West,Knight Hall,2020-01-02T13:00:00,,,,,,,,,,,41.311922,-105.581147,2020,1,2,13
West,Knight Hall,2020-01-02T14:00:00,,,,,,,,,,,41.311922,-105.581147,2020,1,2,14
West,Knight Hall,2020-01-02T15:00:00,,,,,,,,,,,41.311922,-105.581147,2020,1,2,15
West,Knight Hall,2020-01-02T16:00:00,,,,,,,,,,,41.311922,-105.581147,2020,1,2,16
West,Knight Hall,2020-01-02T17:00:00,,,,,,,,,,,41.311922,-105.581147,2020,1,2,17
West,Knight Hall,2020-01-02T18:00:00,,,,,,,,,,,41.311922,-105.581147,2020,1,2,18
West,Knight Hall,2020-01-02T19:00:00,,,,,,,,,,,41.311922,-105.581147,2020,1,2,19
West,Knight Hall,2020-01-02T20:00:00,,,,,,,,,,,41.311922,-105.581147,2020,1,2,20
West,Knight Hall,2020-01-02T21:00:00,,,,,,,,,,,41.311922,-105.581147,2020,1,2,21
West,Knight Hall,2020-01-02T22:00:00,,,,,,,,,,,41.311922,-105.581147,2020,1,2,22
West,Knight Hall,2020-01-02T23:00:00,,,,,,,,,,,41.311922,-105.581147,2020,1,2,23
West,Knight Hall,2020-01-03T00:00:00,,,,,,,,,,,41.311922,-105.581147,2020,1,3,0
West,Knight Hall,2020-01-03T01:00:00,,,,,,,,,,,41.311922,-105.581147,2020,1,3,1
West,Knight Hall,2020-01-03T02:00:00,,,,,,,,,,,41.311922,-105.581147,2020,1,3,2
West,Knight Hall,2020-01-03T03:00:00,,,,,,,,,,,41.311922,-105.581147,2020,1,3,3
West,Knight Hall,2020-01-03T04:00:00,,,,,,,,,,,41.311922,-105.581147,2020,1,3,4
West,Knight Hall,2020-01-03T05:00:00,,,,,,,,,,,41.311922,-105.581147,2020,1,3,5
West,Knight Hall,2020-01-03T06:00:00,,,,,,,,,,,41.311922,-105.581147,2020,1,3,6
West,Knight Hall,2020-01-03T07:00:00,,,,,,,,,,,41.311922,-105.581147,2020,1,3,7
West,Knight Hall,2020-01-03T08:00:00,,,,,,,,,,,41.311922,-105.581147,2020,1,3,8
West,Knight Hall,2020-01-03T09:00:00,,,,,,,,,,,41.311922,-105.581147,2020,1,3,9
West,Knight Hall,2020-01-03T10:00:00,,,,,,,,,,,41.311922,-105.581147,2020,1,3,10
West,Knight Hall,2020-01-03T11:00:00,,,,,,,,,,,41.311922,-105.581147,2020,1,3,11
West,Knight Hall,2020-01-03T12:00:00,,,,,,,,,,,41.311922,-105.581147,2020,1,3,12
West,Knight Hall,2020-01-03T13:00:00,,,,,,,,,,,41.311922,-105.581147,2020,1,3,13
West,Knight Hall,2020-01-03T14:00:00,,,,,,,,,,,41.311922,-105.581147,2020,1,3,14
West,Knight Hall,2020-01-03T15:00:00,,,,,,,,,,,41.311922,-105.581147,2020,1,3,15
West,Knight Hall,2020-01-03T16:00:00,,,,,,,,,,,41.311922,-105.581147,2020,1,3,16
West,Knight Hall,2020-01-03T17:00:00,,,,,,,,,,,41.311922,-105.581147,2020,1,3,17
West,Knight Hall,2020-01-03T18:00:00,,,,,,,,,,,41.311922,-105.581147,2020,1,3,18
West,Knight Hall,2020-01-03T19:00:00,,,,,,,,,,,41.311922,-105.581147,2020,1,3,19
West,Knight Hall,2020-01-03T20:00:00,,,,,,,,,,,41.311922,-105.581147,2020,1,3,20
West,Knight Hall,2020-01-03T21:00:00,,,,,,,,,,,41.311922,-105.581147,2020,1,3,21
West,Knight Hall,2020-01-03T22:00:00,,,,,,,,,,,41.311922,-105.581147,2020,1,3,22
West,Knight Hall,2020-01-03T23:00:00,,,,,,,,,,,41.311922,-105.581147,2020,1,3,23
West,Knight Hall,2020-01-04T00:00:00,,,,,,,,,,,41.311922,-105.581147,2020,1,4,0
West,Knight Hall,2020-01-04T01:00:00,,,,,,,,,,,41.311922,-105.581147,2020,1,4,1
West,Knight Hall,2020-01-04T02:00:00,,,,,,,,,,,41.311922,-105.581147,2020,1,4,2
West,Knight Hall,2020-01-04T03:00:00,,,,,,,,,,,41.311922,-105.581147,2020,1,4,3
West,Knight Hall,2020-01-04T04:00:00,,,,,,,,,,,41.311922,-105.581147,2020,1,4,4
West,Knight Hall,2020-01-04T05:00:00,,,,,,,,,,,41.311922,-105.581147,2020,1,4,5
West,Knight Hall,2020-01-04T06:00:00,,,,,,,,,,,41.311922,-105.581147,2020,1,4,6
West,Knight Hall,2020-01-04T07:00:00,,,,,,,,,,,41.311922,-105.581147,2020,1,4,7
West,Knight Hall,2020-01-04T08:00:00,,,,,,,,,,,41.311922,-105.581147,2020,1,4,8
West,Knight Hall,2020-01-04T09:00:00,,,,,,,,,,,41.311922,-105.581147,2020,1,4,9
West,Knight Hall,2020-01-04T10:00:00,,,,,,,,,,,41.311922,-105.581147,2020,1,4,10
West,Knight Hall,2020-01-04T11:00:00,,,,,,,,,,,41.311922,-105.581147,2020,1,4,11
West,Knight Hall,2020-01-04T12:00:00,,,,,,,,,,,41.311922,-105.581147,2020,1,4,12
West,Knight Hall,2020-01-04T13:00:00,,,,,,,,,,,41.311922,-105.581147,2020,1,4,13
West,Knight Hall,2020-01-04T14:00:00,,,,,,,,,,,41.311922,-105.581147,2020,1,4,14
West,Knight Hall,2020-01-04T15:00:00,,,,,,,,,,,41.311922,-105.581147,2020,1,4,15
West,Knight Hall,2020-01-04T16:00:00,,,,,,,,,,,41.311922,-105.581147,2020,1,4,16
West,Knight Hall,2020-01-04T17:00:00,,,,,,,,,,,41.311922,-105.581147,2020,1,4,17
West,Knight Hall,2020-01-04T18:00:00,,,,,,,,,,,41.311922,-105.581147,2020,1,4,18
West,Knight Hall,2020-01-04T19:00:00,,,,,,,,,,,41.311922,-105.581147,2020,1,4,19
West,Knight Hall,2020-01-04T20:00:00,,,,,,,,,,,41.311922,-105.581147,2020,1,4,20
West,Knight Hall,2020-01-04T21:00:00,,,,,,,,,,,41.311922,-105.581147,2020,1,4,21
West,Knight Hall,2020-01-04T22:00:00,,,,,,,,,,,41.311922,-105.581147,2020,1,4,22
West,Knight Hall,2020-01-04T23:00:00,,,,,,,,,,,41.311922,-105.581147,2020,1,4,23
West,Knight Hall,2020-01-05T00:00:00,,,,,,,,,,,41.311922,-105.581147,2020,1,5,0
West,Knight Hall,2020-01-05T01:00:00,,,,,,,,,,,41.311922,-105.581147,2020,1,5,1
West,Knight Hall,2020-01-05T02:00:00,,,,,,,,,,,41.311922,-105.581147,2020,1,5,2
West,Knight Hall,2020-01-05T03:00:00,,,,,,,,,,,41.311922,-105.581147,2020,1,5,3
West,Knight Hall,2020-01-05T04:00:00,,,,,,,,,,,41.311922,-105.581147,2020,1,5,4
West,Knight Hall,2020-01-05T05:00:00,,,,,,,,,,,41.311922,-105.581147,2020,1,5,5
West,Knight Hall,2020-01-05T06:00:00,,,,,,,,,,,41.311922,-105.581147,2020,1,5,6
West,Knight Hall,2020-01-05T07:00:00,,,,,,,,,,,41.311922,-105.581147,2020,1,5,7
West,Knight Hall,2020-01-05T08:00:00,,,,,,,,,,,41.311922,-105.581147,2020,1,5,8
West,Knight Hall,2020-01-05T09:00:00,,,,,,,,,,,41.311922,-105.581147,2020,1,5,9
West,Knight Hall,2020-01-05T10:00:00,,,,,,,,,,,41.311922,-105.581147,2020,1,5,10
West,Knight Hall,2020-01-05T11:00:00,,,,,,,,,,,41.311922,-105.581147,2020,1,5,11
West,Knight Hall,2020-01-05T12:00:00,,,,,,,,,,,41.311922,-105.581147,2020,1,5,12
West,Knight Hall,2020-01-05T13:00:00,,,,,,,,,,,41.311922,-105.581147,2020,1,5,13
West,Knight Hall,2020-01-05T14:00:00,,,,,,,,,,,41.311922,-105.581147,2020,1,5,14
West,Knight Hall,2020-01-05T15:00:00,,,,,,,,,,,41.311922,-105.581147,2020,1,5,15
West,Knight Hall,2020-01-05T16:00:00,,,,,,,,,,,41.311922,-105.581147,2020,1,5,16
West,Knight Hall,2020-01-05T17:00:00,,,,,,,,,,,41.311922,-105.581147,2020,1,5,17
West,Knight Hall,2020-01-05T18:00:00,,,,,,,,,,,41.311922,-105.581147,2020,1,5,18
West,Knight Hall,2020-01-05T19:00:00,,,,,,,,,,,41.311922,-105.581147,2020,1,5,19
West,Knight Hall,2020-01-05T20:00:00,,,,,,,,,,,41.311922,-105.581147,2020,1,5,20
West,Knight Hall,2020-01-05T21:00:00,,,,,,,,,,,41.311922,-105.581147,2020,1,5,21
West,Knight Hall,2020-01-05T22:00:00,,,,,,,,,,,41.311922,-105.581147,2020,1,5,22
West,Knight Hall,2020-01-05T23:00:00,,,,,,,,,,,41.311922,-105.581147,2020,1,5,23
West,Knight Hall,2020-01-06T00:00:00,,,,,,,,,,,41.311922,-105.581147,2020,1,6,0
West,Knight Hall,2020-01-06T01:00:00,,,,,,,,,,,41.311922,-105.581147,2020,1,6,1
West,Knight Hall,2020-01-06T02:00:00,,,,,,,,,,,41.311922,-105.581147,2020,1,6,2
West,Knight Hall,2020-01-06T03:00:00,,,,,,,,,,,41.311922,-105.581147,2020,1,6,3
West,Knight Hall,2020-01-06T04:00:00,,,,,,,,,,,41.311922,-105.581147,2020,1,6,4
West,Knight Hall,2020-01-06T05:00:00,,,,,,,,,,,41.311922,-105.581147,2020,1,6,5
West,Knight Hall,2020-01-06T06:00:00,,,,,,,,,,,41.311922,-105.581147,2020,1,6,6
West,Knight Hall,2020-01-06T07:00:00,,,,,,,,,,,41.311922,-105.581147,2020,1,6,7
West,Knight Hall,2020-01-06T08:00:00,,,,,,,,,,,41.311922,-105.581147,2020,1,6,8
West,Knight Hall,2020-01-06T09:00:00,,,,,,,,,,,41.311922,-105.581147,2020,1,6,9
West,Knight Hall,2020-01-06T10:00:00,,,,,,,,,,,41.311922,-105.581147,2020,1,6,10
West,Knight Hall,2020-01-06T11:00:00,,,,,,,,,,,41.311922,-105.581147,2020,1,6,11
West,Knight Hall,2020-01-06T12:00:00,,,,,,,,,,,41.311922,-105.581147,2020,1,6,12
West,Knight Hall,2020-01-06T13:00:00,,,,,,,,,,,41.311922,-105.581147,2020,1,6,13
West,Knight Hall,2020-01-06T14:00:00,,,,,,,,,,,41.311922,-105.581147,2020,1,6,14
West,Knight Hall,2020-01-06T15:00:00,,,,,,,,,,,41.311922,-105.581147,2020,1,6,15
West,Knight Hall,2020-01-06T16:00:00,,,,,,,,,,,41.311922,-105.581147,2020,1,6,16
West,Knight Hall,2020-01-06T17:00:00,,,,,,,,,,,41.311922,-105.581147,2020,1,6,17
West,Knight Hall,2020-01-06T18:00:00,,,,,,,,,,,41.311922,-105.581147,2020,1,6,18
West,Knight Hall,2020-01-06T19:00:00,,,,,,,,,,,41.311922,-105.581147,2020,1,6,19
West,Knight Hall,2020-01-06T20:00:00,,,,,,,,,,,41.311922,-105.581147,2020,1,6,20
West,Knight Hall,2020-01-06T21:00:00,,,,,,,,,,,41.311922,-105.581147,2020,1,6,21
West,Knight Hall,2020-01-06T22:00:00,,,,,,,,,,,41.311922,-105.581147,2020,1,6,22
West,Knight Hall,2020-01-06T23:00:00,,,,,,,,,,,41.311922,-105.581147,2020,1,6,23
West,Knight Hall,2020-01-07T00:00:00,,,,,,,,,,,41.311922,-105.581147,2020,1,7,0
West,Knight Hall,2020-01-07T01:00:00,,,,,,,,,,,41.311922,-105.581147,2020,1,7,1
West,Knight Hall,2020-01-07T02:00:00,,,,,,,,,,,41.311922,-105.581147,2020,1,7,2
West,Knight Hall,2020-01-07T03:00:00,,,,,,,,,,,41.311922,-105.581147,2020,1,7,3
West,Knight Hall,2020-01-07T04:00:00,,,,,,,,,,,41.311922,-105.581147,2020,1,7,4
West,Knight Hall,2020-01-07T05:00:00,,,,,,,,,,,41.311922,-105.581147,2020,1,7,5
West,Knight Hall,2020-01-07T06:00:00,,,,,,,,,,,41.311922,-105.581147,2020,1,7,6
West,Knight Hall,2020-01-07T07:00:00,,,,,,,,,,,41.311922,-105.581147,2020,1,7,7
West,Knight Hall,2020-01-07T08:00:00,,,,,,,,,,,41.311922,-105.581147,2020,1,7,8
West,Knight Hall,2020-01-07T09:00:00,,,,,,,,,,,41.311922,-105.581147,2020,1,7,9
West,Knight Hall,2020-01-07T10:00:00,,,,,,,,,,,41.311922,-105.581147,2020,1,7,10
West,Knight Hall,2020-01-07T11:00:00,,,,,,,,,,,41.311922,-105.581147,2020,1,7,11
West,Knight Hall,2020-01-07T12:00:00,,,,,,,,,,,41.311922,-105.581147,2020,1,7,12
West,Knight Hall,2020-01-07T13:00:00,,,,,,,,,,,41.311922,-105.581147,2020,1,7,13
West,Knight Hall,2020-01-07T14:00:00,,,,,,,,,,,41.311922,-105.581147,2020,1,7,14
West,Knight Hall,2020-01-07T15:00:00,,,,,,,,,,,41.311922,-105.581147,2020,1,7,15
West,Knight Hall,2020-01-07T16:00:00,,,,,,,,,,,41.311922,-105.581147,2020,1,7,16
West,Knight Hall,2020-01-07T17:00:00,,,,,,,,,,,41.311922,-105.581147,2020,1,7,17
West,Knight Hall,2020-01-07T18:00:00,,,,,,,,,,,41.311922,-105.581147,2020,1,7,18
West,Knight Hall,2020-01-07T19:00:00,,,,,,,,,,,41.311922,-105.581147,2020,1,7,19
West,Knight Hall,2020-01-07T20:00:00,,,,,,,,,,,41.311922,-105.581147,2020,1,7,20
West,Knight Hall,2020-01-07T21:00:00,,,,,,,,,,,41.311922,-105.581147,2020,1,7,21
West,Knight Hall,2020-01-07T22:00:00,,,,,,,,,,,41.311922,-105.581147,2020,1,7,22
West,Knight Hall,2020-01-07T23:00:00,,,,,,,,,,,41.311922,-105.581147,2020,1,7,23
West,Knight Hall,2020-01-08T00:00:00,,,,,,,,,,,41.311922,-105.581147,2020,1,8,0
West,Knight Hall,2020-01-08T01:00:00,,,,,,,,,,,41.311922,-105.581147,2020,1,8,1
West,Knight Hall,2020-01-08T02:00:00,,,,,,,,,,,41.311922,-105.581147,2020,1,8,2
West,Knight Hall,2020-01-08T03:00:00,,,,,,,,,,,41.311922,-105.581147,2020,1,8,3
West,Knight Hall,2020-01-08T04:00:00,,,,,,,,,,,41.311922,-105.581147,2020,1,8,4
West,Knight Hall,2020-01-08T05:00:00,,,,,,,,,,,41.311922,-105.581147,2020,1,8,5
West,Knight Hall,2020-01-08T06:00:00,,,,,,,,,,,41.311922,-105.581147,2020,1,8,6
West,Knight Hall,2020-01-08T07:00:00,,,,,,,,,,,41.311922,-105.581147,2020,1,8,7
West,Knight Hall,2020-01-08T08:00:00,,,,,,,,,,,41.311922,-105.581147,2020,1,8,8
West,Knight Hall,2020-01-08T09:00:00,,,,,,,,,,,41.311922,-105.581147,2020,1,8,9
West,Knight Hall,2020-01-08T10:00:00,,,,,,,,,,,41.311922,-105.581147,2020,1,8,10
West,Knight Hall,2020-01-08T11:00:00,,,,,,,,,,,41.311922,-105.581147,2020,1,8,11
West,Knight Hall,2020-01-08T12:00:00,,,,,,,,,,,41.311922,-105.581147,2020,1,8,12
West,Knight Hall,2020-01-08T13:00:00,,,,,,,,,,,41.311922,-105.581147,2020,1,8,13
West,Knight Hall,2020-01-08T14:00:00,,,,,,,,,,,41.311922,-105.581147,2020,1,8,14
West,Knight Hall,2020-01-08T15:00:00,,,,,,,,,,,41.311922,-105.581147,2020,1,8,15
West,Knight Hall,2020-01-08T16:00:00,,,,,,,,,,,41.311922,-105.581147,2020,1,8,16
West,Knight Hall,2020-01-08T17:00:00,,,,,,,,,,,41.311922,-105.581147,2020,1,8,17
West,Knight Hall,2020-01-08T18:00:00,,,,,,,,,,,41.311922,-105.581147,2020,1,8,18
West,Knight Hall,2020-01-08T19:00:00,,,,,,,,,,,41.311922,-105.581147,2020,1,8,19
West,Knight Hall,2020-01-08T20:00:00,,,,,,,,,,,41.311922,-105.581147,2020,1,8,20
West,Knight Hall,2020-01-08T21:00:00,,,,,,,,,,,41.311922,-105.581147,2020,1,8,21
West,Knight Hall,2020-01-08T22:00:00,,,,,,,,,,,41.311922,-105.581147,2020,1,8,22
West,Knight Hall,2020-01-08T23:00:00,,,,,,,,,,,41.311922,-105.581147,2020,1,8,23
West,Knight Hall,2020-01-09T00:00:00,,,,,,,,,,,41.311922,-105.581147,2020,1,9,0
West,Knight Hall,2020-01-09T01:00:00,,,,,,,,,,,41.311922,-105.581147,2020,1,9,1
West,Knight Hall,2020-01-09T02:00:00,,,,,,,,,,,41.311922,-105.581147,2020,1,9,2
West,Knight Hall,2020-01-09T03:00:00,,,,,,,,,,,41.311922,-105.581147,2020,1,9,3
West,Knight Hall,2020-01-09T04:00:00,,,,,,,,,,,41.311922,-105.581147,2020,1,9,4
West,Knight Hall,2020-01-09T05:00:00,,,,,,,,,,,41.311922,-105.581147,2020,1,9,5
West,Knight Hall,2020-01-09T06:00:00,,,,,,,,,,,41.311922,-105.581147,2020,1,9,6
West,Knight Hall,2020-01-09T07:00:00,,,,,,,,,,,41.311922,-105.581147,2020,1,9,7
West,Knight Hall,2020-01-09T08:00:00,,,,,,,,,,,41.311922,-105.581147,2020,1,9,8
West,Knight Hall,2020-01-09T09:00:00,,,,,,,,,,,41.311922,-105.581147,2020,1,9,9
West,Knight Hall,2020-01-09T10:00:00,,,,,,,,,,,41.311922,-105.581147,2020,1,9,10
West,Knight Hall,2020-01-09T11:00:00,,,,,,,,,,,41.311922,-105.581147,2020,1,9,11
West,Knight Hall,2020-01-09T12:00:00,,,,,,,,,,,41.311922,-105.581147,2020,1,9,12
West,Knight Hall,2020-01-09T13:00:00,,,,,,,,,,,41.311922,-105.581147,2020,1,9,13
West,Knight Hall,2020-01-09T14:00:00,,,,,,,,,,,41.311922,-105.581147,2020,1,9,14
West,Knight Hall,2020-01-09T15:00:00,,,,,,,,,,,41.311922,-105.581147,2020,1,9,15
West,Knight Hall,2020-01-09T16:00:00,,,,,,,,,,,41.311922,-105.581147,2020,1,9,16
West,Knight Hall,2020-01-09T17:00:00,,,,,,,,,,,41.311922,-105.581147,2020,1,9,17
West,Knight Hall,2020-01-09T18:00:00,,,,,,,,,,,41.311922,-105.581147,2020,1,9,18
West,Knight Hall,2020-01-09T19:00:00,,,,,,,,,,,41.311922,-105.581147,2020,1,9,19
West,Knight Hall,2020-01-09T20:00:00,,,,,,,,,,,41.311922,-105.581147,2020,1,9,20
West,Knight Hall,2020-01-09T21:00:00,,,,,,,,,,,41.311922,-105.581147,2020,1,9,21
West,Knight Hall,2020-01-09T22:00:00,,,,,,,,,,,41.311922,-105.581147,2020,1,9,22
West,Knight Hall,2020-01-09T23:00:00,,,,,,,,,,,41.311922,-105.581147,2020,1,9,23
West,Knight Hall,2020-01-10T00:00:00,,,,,,,,,,,41.311922,-105.581147,2020,1,10,0
West,Knight Hall,2020-01-10T01:00:00,,,,,,,,,,,41.311922,-105.581147,2020,1,10,1
West,Knight Hall,2020-01-10T02:00:00,,,,,,,,,,,41.311922,-105.581147,2020,1,10,2
West,Knight Hall,2020-01-10T03:00:00,,,,,,,,,,,41.311922,-105.581147,2020,1,10,3
West,Knight Hall,2020-01-10T04:00:00,,,,,,,,,,,41.311922,-105.581147,2020,1,10,4
West,Knight Hall,2020-01-10T05:00:00,,,,,,,,,,,41.311922,-105.581147,2020,1,10,5
West,Knight Hall,2020-01-10T06:00:00,,,,,,,,,,,41.311922,-105.581147,2020,1,10,6
West,Knight Hall,2020-01-10T07:00:00,,,,,,,,,,,41.311922,-105.581147,2020,1,10,7
West,Knight Hall,2020-01-10T08:00:00,,,,,,,,,,,41.311922,-105.581147,2020,1,10,8
West,Knight Hall,2020-01-10T09:00:00,,,,,,,,,,,41.311922,-105.581147,2020,1,10,9
West,Knight Hall,2020-01-10T10:00:00,,,,,,,,,,,41.311922,-105.581147,2020,1,10,10
West,Knight Hall,2020-01-10T11:00:00,,,,,,,,,,,41.311922,-105.581147,2020,1,10,11
West,Knight Hall,2020-01-10T12:00:00,,,,,,,,,,,41.311922,-105.581147,2020,1,10,12
West,Knight Hall,2020-01-10T13:00:00,,,,,,,,,,,41.311922,-105.581147,2020,1,10,13
West,Knight Hall,2020-01-10T14:00:00,,,,,,,,,,,41.311922,-105.581147,2020,1,10,14
West,Knight Hall,2020-01-10T15:00:00,,,,,,,,,,,41.311922,-105.581147,2020,1,10,15
West,Knight Hall,2020-01-10T16:00:00,,,,,,,,,,,41.311922,-105.581147,2020,1,10,16
West,Knight Hall,2020-01-10T17:00:00,,,,,,,,,,,41.311922,-105.581147,2020,1,10,17
West,Knight Hall,2020-01-10T18:00:00,,,,,,,,,,,41.311922,-105.581147,2020,1,10,18
West,Knight Hall,2020-01-10T19:00:00,,,,,,,,,,,41.311922,-105.581147,2020,1,10,19
West,Knight Hall,2020-01-10T20:00:00,,,,,,,,,,,41.311922,-105.581147,2020,1,10,20
West,Knight Hall,2020-01-10T21:00:00,,,,,,,,,,,41.311922,-105.581147,2020,1,10,21
West,Knight Hall,2020-01-10T22:00:00,,,,,,,,,,,41.311922,-105.581147,2020,1,10,22
West,Knight Hall,2020-01-10T23:00:00,,,,,,,,,,,41.311922,-105.581147,2020,1,10,23
West,Knight Hall,2020-01-11T00:00:00,,,,,,,,,,,41.311922,-105.581147,2020,1,11,0
West,Knight Hall,2020-01-11T01:00:00,,,,,,,,,,,41.311922,-105.581147,2020,1,11,1
West,Knight Hall,2020-01-11T02:00:00,,,,,,,,,,,41.311922,-105.581147,2020,1,11,2
West,Knight Hall,2020-01-11T03:00:00,,,,,,,,,,,41.311922,-105.581147,2020,1,11,3
West,Knight Hall,2020-01-11T04:00:00,,,,,,,,,,,41.311922,-105.581147,2020,1,11,4
West,Knight Hall,2020-01-11T05:00:00,,,,,,,,,,,41.311922,-105.581147,2020,1,11,5
West,Knight Hall,2020-01-11T06:00:00,,,,,,,,,,,41.311922,-105.581147,2020,1,11,6
West,Knight Hall,2020-01-11T07:00:00,,,,,,,,,,,41.311922,-105.581147,2020,1,11,7
West,Knight Hall,2020-01-11T08:00:00,,,,,,,,,,,41.311922,-105.581147,2020,1,11,8
West,Knight Hall,2020-01-11T09:00:00,,,,,,,,,,,41.311922,-105.581147,2020,1,11,9
West,Knight Hall,2020-01-11T10:00:00,,,,,,,,,,,41.311922,-105.581147,2020,1,11,10
West,Knight Hall,2020-01-11T11:00:00,,,,,,,,,,,41.311922,-105.581147,2020,1,11,11
West,Knight Hall,2020-01-11T12:00:00,,,,,,,,,,,41.311922,-105.581147,2020,1,11,12
West,Knight Hall,2020-01-11T13:00:00,,,,,,,,,,,41.311922,-105.581147,2020,1,11,13
West,Knight Hall,2020-01-11T14:00:00,,,,,,,,,,,41.311922,-105.581147,2020,1,11,14
West,Knight Hall,2020-01-11T15:00:00,,,,,,,,,,,41.311922,-105.581147,2020,1,11,15
West,Knight Hall,2020-01-11T16:00:00,,,,,,,,,,,41.311922,-105.581147,2020,1,11,16
West,Knight Hall,2020-01-11T17:00:00,,,,,,,,,,,41.311922,-105.581147,2020,1,11,17
West,Knight Hall,2020-01-11T18:00:00,,,,,,,,,,,41.311922,-105.581147,2020,1,11,18
West,Knight Hall,2020-01-11T19:00:00,,,,,,,,,,,41.311922,-105.581147,2020,1,11,19
West,Knight Hall,2020-01-11T20:00:00,,,,,,,,,,,41.311922,-105.581147,2020,1,11,20
West,Knight Hall,2020-01-11T21:00:00,,,,,,,,,,,41.311922,-105.581147,2020,1,11,21
West,Knight Hall,2020-01-11T22:00:00,,,,,,,,,,,41.311922,-105.581147,2020,1,11,22
West,Knight Hall,2020-01-11T23:00:00,,,,,,,,,,,41.311922,-105.581147,2020,1,11,23
West,Knight Hall,2020-01-12T00:00:00,,,,,,,,,,,41.311922,-105.581147,2020,1,12,0
West,Knight Hall,2020-01-12T01:00:00,,,,,,,,,,,41.311922,-105.581147,2020,1,12,1
West,Knight Hall,2020-01-12T02:00:00,,,,,,,,,,,41.311922,-105.581147,2020,1,12,2
West,Knight Hall,2020-01-12T03:00:00,,,,,,,,,,,41.311922,-105.581147,2020,1,12,3
West,Knight Hall,2020-01-12T04:00:00,,,,,,,,,,,41.311922,-105.581147,2020,1,12,4
West,Knight Hall,2020-01-12T05:00:00,,,,,,,,,,,41.311922,-105.581147,2020,1,12,5
West,Knight Hall,2020-01-12T06:00:00,,,,,,,,,,,41.311922,-105.581147,2020,1,12,6
West,Knight Hall,2020-01-12T07:00:00,,,,,,,,,,,41.311922,-105.581147,2020,1,12,7
West,Knight Hall,2020-01-12T08:00:00,,,,,,,,,,,41.311922,-105.581147,2020,1,12,8
West,Knight Hall,2020-01-12T09:00:00,,,,,,,,,,,41.311922,-105.581147,2020,1,12,9
West,Knight Hall,2020-01-12T10:00:00,,,,,,,,,,,41.311922,-105.581147,2020,1,12,10
West,Knight Hall,2020-01-12T11:00:00,,,,,,,,,,,41.311922,-105.581147,2020,1,12,11
West,Knight Hall,2020-01-12T12:00:00,,,,,,,,,,,41.311922,-105.581147,2020,1,12,12
West,Knight Hall,2020-01-12T13:00:00,,,,,,,,,,,41.311922,-105.581147,2020,1,12,13
West,Knight Hall,2020-01-12T14:00:00,,,,,,,,,,,41.311922,-105.581147,2020,1,12,14
West,Knight Hall,2020-01-12T15:00:00,,,,,,,,,,,41.311922,-105.581147,2020,1,12,15
West,Knight Hall,2020-01-12T16:00:00,,,,,,,,,,,41.311922,-105.581147,2020,1,12,16
West,Knight Hall,2020-01-12T17:00:00,,,,,,,,,,,41.311922,-105.581147,2020,1,12,17
West,Knight Hall,2020-01-12T18:00:00,,,,,,,,,,,41.311922,-105.581147,2020,1,12,18
West,Knight Hall,2020-01-12T19:00:00,,,,,,,,,,,41.311922,-105.581147,2020,1,12,19
West,Knight Hall,2020-01-12T20:00:00,,,,,,,,,,,41.311922,-105.581147,2020,1,12,20
West,Knight Hall,2020-01-12T21:00:00,,,,,,,,,,,41.311922,-105.581147,2020,1,12,21
West,Knight Hall,2020-01-12T22:00:00,,,,,,,,,,,41.311922,-105.581147,2020,1,12,22
West,Knight Hall,2020-01-12T23:00:00,,,,,,,,,,,41.311922,-105.581147,2020,1,12,23
West,Knight Hall,2020-01-13T00:00:00,,,,,,,,,,,41.311922,-105.581147,2020,1,13,0
West,Knight Hall,2020-01-13T01:00:00,,,,,,,,,,,41.311922,-105.581147,2020,1,13,1
West,Knight Hall,2020-01-13T02:00:00,,,,,,,,,,,41.311922,-105.581147,2020,1,13,2
West,Knight Hall,2020-01-13T03:00:00,,,,,,,,,,,41.311922,-105.581147,2020,1,13,3
West,Knight Hall,2020-01-13T04:00:00,,,,,,,,,,,41.311922,-105.581147,2020,1,13,4
West,Knight Hall,2020-01-13T05:00:00,,,,,,,,,,,41.311922,-105.581147,2020,1,13,5
West,Knight Hall,2020-01-13T06:00:00,,,,,,,,,,,41.311922,-105.581147,2020,1,13,6
West,Knight Hall,2020-01-13T07:00:00,,,,,,,,,,,41.311922,-105.581147,2020,1,13,7
West,Knight Hall,2020-01-13T08:00:00,,,,,,,,,,,41.311922,-105.581147,2020,1,13,8
West,Knight Hall,2020-01-13T09:00:00,,,,,,,,,,,41.311922,-105.581147,2020,1,13,9
West,Knight Hall,2020-01-13T10:00:00,,,,,,,,,,,41.311922,-105.581147,2020,1,13,10
West,Knight Hall,2020-01-13T11:00:00,,,,,,,,,,,41.311922,-105.581147,2020,1,13,11
West,Knight Hall,2020-01-13T12:00:00,,,,,,,,,,,41.311922,-105.581147,2020,1,13,12
West,Knight Hall,2020-01-13T13:00:00,,,,,,,,,,,41.311922,-105.581147,2020,1,13,13
West,Knight Hall,2020-01-13T14:00:00,,,,,,,,,,,41.311922,-105.581147,2020,1,13,14
West,Knight Hall,2020-01-13T15:00:00,,,,,,,,,,,41.311922,-105.581147,2020,1,13,15
West,Knight Hall,2020-01-13T16:00:00,,,,,,,,,,,41.311922,-105.581147,2020,1,13,16
West,Knight Hall,2020-01-13T17:00:00,,,,,,,,,,,41.311922,-105.581147,2020,1,13,17
West,Knight Hall,2020-01-13T18:00:00,,,,,,,,,,,41.311922,-105.581147,2020,1,13,18
West,Knight Hall,2020-01-13T19:00:00,,,,,,,,,,,41.311922,-105.581147,2020,1,13,19
West,Knight Hall,2020-01-13T20:00:00,,,,,,,,,,,41.311922,-105.581147,2020,1,13,20
West,Knight Hall,2020-01-13T21:00:00,,,,,,,,,,,41.311922,-105.581147,2020,1,13,21
West,Knight Hall,2020-01-13T22:00:00,,,,,,,,,,,41.311922,-105.581147,2020,1,13,22
West,Knight Hall,2020-01-13T23:00:00,,,,,,,,,,,41.311922,-105.581147,2020,1,13,23
West,Knight Hall,2020-01-14T00:00:00,,,,,,,,,,,41.311922,-105.581147,2020,1,14,0
West,Knight Hall,2020-01-14T01:00:00,,,,,,,,,,,41.311922,-105.581147,2020,1,14,1
West,Knight Hall,2020-01-14T02:00:00,,,,,,,,,,,41.311922,-105.581147,2020,1,14,2
West,Knight Hall,2020-01-14T03:00:00,,,,,,,,,,,41.311922,-105.581147,2020,1,14,3
West,Knight Hall,2020-01-14T04:00:00,,,,,,,,,,,41.311922,-105.581147,2020,1,14,4
West,Knight Hall,2020-01-14T05:00:00,,,,,,,,,,,41.311922,-105.581147,2020,1,14,5
West,Knight Hall,2020-01-14T06:00:00,,,,,,,,,,,41.311922,-105.581147,2020,1,14,6
West,Knight Hall,2020-01-14T07:00:00,,,,,,,,,,,41.311922,-105.581147,2020,1,14,7
West,Knight Hall,2020-01-14T08:00:00,,,,,,,,,,,41.311922,-105.581147,2020,1,14,8
West,Knight Hall,2020-01-14T09:00:00,,,,,,,,,,,41.311922,-105.581147,2020,1,14,9
West,Knight Hall,2020-01-14T10:00:00,,,,,,,,,,,41.311922,-105.581147,2020,1,14,10
West,Knight Hall,2020-01-14T11:00:00,,,,,,,,,,,41.311922,-105.581147,2020,1,14,11
West,Knight Hall,2020-01-14T12:00:00,,,,,,,,,,,41.311922,-105.581147,2020,1,14,12
West,Knight Hall,2020-01-14T13:00:00,,,,,,,,,,,41.311922,-105.581147,2020,1,14,13
West,Knight Hall,2020-01-14T14:00:00,,,,,,,,,,,41.311922,-105.581147,2020,1,14,14
West,Knight Hall,2020-01-14T15:00:00,,,,,,,,,,,41.311922,-105.581147,2020,1,14,15
West,Knight Hall,2020-01-14T16:00:00,,,,,,,,,,,41.311922,-105.581147,2020,1,14,16
West,Knight Hall,2020-01-14T17:00:00,,,,,,,,,,,41.311922,-105.581147,2020,1,14,17
West,Knight Hall,2020-01-14T18:00:00,,,,,,,,,,,41.311922,-105.581147,2020,1,14,18
West,Knight Hall,2020-01-14T19:00:00,,,,,,,,,,,41.311922,-105.581147,2020,1,14,19
West,Knight Hall,2020-01-14T20:00:00,,,,,,,,,,,41.311922,-105.581147,2020,1,14,20
West,Knight Hall,2020-01-14T21:00:00,,,,,,,,,,,41.311922,-105.581147,2020,1,14,21
West,Knight Hall,2020-01-14T22:00:00,,,,,,,,,,,41.311922,-105.581147,2020,1,14,22
West,Knight Hall,2020-01-14T23:00:00,,,,,,,,,,,41.311922,-105.581147,2020,1,14,23
West,Knight Hall,2020-01-15T00:00:00,,,,,,,,,,,41.311922,-105.581147,2020,1,15,0
West,Knight Hall,2020-01-15T01:00:00,,,,,,,,,,,41.311922,-105.581147,2020,1,15,1
West,Knight Hall,2020-01-15T02:00:00,,,,,,,,,,,41.311922,-105.581147,2020,1,15,2
West,Knight Hall,2020-01-15T03:00:00,,,,,,,,,,,41.311922,-105.581147,2020,1,15,3
West,Knight Hall,2020-01-15T04:00:00,,,,,,,,,,,41.311922,-105.581147,2020,1,15,4
West,Knight Hall,2020-01-15T05:00:00,,,,,,,,,,,41.311922,-105.581147,2020,1,15,5
West,Knight Hall,2020-01-15T06:00:00,,,,,,,,,,,41.311922,-105.581147,2020,1,15,6
West,Knight Hall,2020-01-15T07:00:00,,,,,,,,,,,41.311922,-105.581147,2020,1,15,7
West,Knight Hall,2020-01-15T08:00:00,,,,,,,,,,,41.311922,-105.581147,2020,1,15,8
West,Knight Hall,2020-01-15T09:00:00,,,,,,,,,,,41.311922,-105.581147,2020,1,15,9
West,Knight Hall,2020-01-15T10:00:00,,,,,,,,,,,41.311922,-105.581147,2020,1,15,10
West,Knight Hall,2020-01-15T11:00:00,,,,,,,,,,,41.311922,-105.581147,2020,1,15,11
West,Knight Hall,2020-01-15T12:00:00,,,,,,,,,,,41.311922,-105.581147,2020,1,15,12
West,Knight Hall,2020-01-15T13:00:00,,,,,,,,,,,41.311922,-105.581147,2020,1,15,13
West,Knight Hall,2020-01-15T14:00:00,,,,,,,,,,,41.311922,-105.581147,2020,1,15,14
West,Knight Hall,2020-01-15T15:00:00,,,,,,,,,,,41.311922,-105.581147,2020,1,15,15
West,Knight Hall,2020-01-15T16:00:00,,,,,,,,,,,41.311922,-105.581147,2020,1,15,16
West,Knight Hall,2020-01-15T17:00:00,,,,,,,,,,,41.311922,-105.581147,2020,1,15,17
West,Knight Hall,2020-01-15T18:00:00,,,,,,,,,,,41.311922,-105.581147,2020,1,15,18
West,Knight Hall,2020-01-15T19:00:00,,,,,,,,,,,41.311922,-105.581147,2020,1,15,19
West,Knight Hall,2020-01-15T20:00:00,,,,,,,,,,,41.311922,-105.581147,2020,1,15,20
West,Knight Hall,2020-01-15T21:00:00,,,,,,,,,,,41.311922,-105.581147,2020,1,15,21
West,Knight Hall,2020-01-15T22:00:00,,,,,,,,,,,41.311922,-105.581147,2020,1,15,22
West,Knight Hall,2020-01-15T23:00:00,,,,,,,,,,,41.311922,-105.581147,2020,1,15,23
West,Knight Hall,2020-01-16T00:00:00,,,,,,,,,,,41.311922,-105.581147,2020,1,16,0
West,Knight Hall,2020-01-16T01:00:00,,,,,,,,,,,41.311922,-105.581147,2020,1,16,1
West,Knight Hall,2020-01-16T02:00:00,,,,,,,,,,,41.311922,-105.581147,2020,1,16,2
West,Knight Hall,2020-01-16T03:00:00,,,,,,,,,,,41.311922,-105.581147,2020,1,16,3
West,Knight Hall,2020-01-16T04:00:00,,,,,,,,,,,41.311922,-105.581147,2020,1,16,4
West,Knight Hall,2020-01-16T05:00:00,,,,,,,,,,,41.311922,-105.581147,2020,1,16,5
West,Knight Hall,2020-01-16T06:00:00,,,,,,,,,,,41.311922,-105.581147,2020,1,16,6
West,Knight Hall,2020-01-16T07:00:00,,,,,,,,,,,41.311922,-105.581147,2020,1,16,7
West,Knight Hall,2020-01-16T08:00:00,,,,,,,,,,,41.311922,-105.581147,2020,1,16,8
West,Knight Hall,2020-01-16T09:00:00,,,,,,,,,,,41.311922,-105.581147,2020,1,16,9
West,Knight Hall,2020-01-16T10:00:00,,,,,,,,,,,41.311922,-105.581147,2020,1,16,10
West,Knight Hall,2020-01-16T11:00:00,,,,,,,,,,,41.311922,-105.581147,2020,1,16,11
West,Knight Hall,2020-01-16T12:00:00,,,,,,,,,,,41.311922,-105.581147,2020,1,16,12
West,Knight Hall,2020-01-16T13:00:00,,,,,,,,,,,41.311922,-105.581147,2020,1,16,13
West,Knight Hall,2020-01-16T14:00:00,,,,,,,,,,,41.311922,-105.581147,2020,1,16,14
West,Knight Hall,2020-01-16T15:00:00,,,,,,,,,,,41.311922,-105.581147,2020,1,16,15
West,Knight Hall,2020-01-16T16:00:00,,,,,,,,,,,41.311922,-105.581147,2020,1,16,16
West,Knight Hall,2020-01-16T17:00:00,,,,,,,,,,,41.311922,-105.581147,2020,1,16,17
West,Knight Hall,2020-01-16T18:00:00,,,,,,,,,,,41.311922,-105.581147,2020,1,16,18
West,Knight Hall,2020-01-16T19:00:00,,,,,,,,,,,41.311922,-105.581147,2020,1,16,19
West,Knight Hall,2020-01-16T20:00:00,,,,,,,,,,,41.311922,-105.581147,2020,1,16,20
West,Knight Hall,2020-01-16T21:00:00,,,,,,,,,,,41.311922,-105.581147,2020,1,16,21
West,Knight Hall,2020-01-16T22:00:00,,,,,,,,,,,41.311922,-105.581147,2020,1,16,22
West,Knight Hall,2020-01-16T23:00:00,,,,,,,,,,,41.311922,-105.581147,2020,1,16,23
West,Knight Hall,2020-01-17T00:00:00,,,,,,,,,,,41.311922,-105.581147,2020,1,17,0
West,Knight Hall,2020-01-17T01:00:00,,,,,,,,,,,41.311922,-105.581147,2020,1,17,1
West,Knight Hall,2020-01-17T02:00:00,,,,,,,,,,,41.311922,-105.581147,2020,1,17,2
West,Knight Hall,2020-01-17T03:00:00,,,,,,,,,,,41.311922,-105.581147,2020,1,17,3
West,Knight Hall,2020-01-17T04:00:00,,,,,,,,,,,41.311922,-105.581147,2020,1,17,4
West,Knight Hall,2020-01-17T05:00:00,,,,,,,,,,,41.311922,-105.581147,2020,1,17,5
West,Knight Hall,2020-01-17T06:00:00,,,,,,,,,,,41.311922,-105.581147,2020,1,17,6
West,Knight Hall,2020-01-17T07:00:00,,,,,,,,,,,41.311922,-105.581147,2020,1,17,7
West,Knight Hall,2020-01-17T08:00:00,,,,,,,,,,,41.311922,-105.581147,2020,1,17,8
West,Knight Hall,2020-01-17T09:00:00,,,,,,,,,,,41.311922,-105.581147,2020,1,17,9
West,Knight Hall,2020-01-17T10:00:00,,,,,,,,,,,41.311922,-105.581147,2020,1,17,10
West,Knight Hall,2020-01-17T11:00:00,,,,,,,,,,,41.311922,-105.581147,2020,1,17,11
West,Knight Hall,2020-01-17T12:00:00,,,,,,,,,,,41.311922,-105.581147,2020,1,17,12
West,Knight Hall,2020-01-17T13:00:00,,,,,,,,,,,41.311922,-105.581147,2020,1,17,13
West,Knight Hall,2020-01-17T14:00:00,,,,,,,,,,,41.311922,-105.581147,2020,1,17,14
West,Knight Hall,2020-01-17T15:00:00,,,,,,,,,,,41.311922,-105.581147,2020,1,17,15
West,Knight Hall,2020-01-17T16:00:00,,,,,,,,,,,41.311922,-105.581147,2020,1,17,16
West,Knight Hall,2020-01-17T17:00:00,,,,,,,,,,,41.311922,-105.581147,2020,1,17,17
West,Knight Hall,2020-01-17T18:00:00,,,,,,,,,,,41.311922,-105.581147,2020,1,17,18
West,Knight Hall,2020-01-17T19:00:00,,,,,,,,,,,41.311922,-105.581147,2020,1,17,19
West,Knight Hall,2020-01-17T20:00:00,,,,,,,,,,,41.311922,-105.581147,2020,1,17,20
West,Knight Hall,2020-01-17T21:00:00,,,,,,,,,,,41.311922,-105.581147,2020,1,17,21
West,Knight Hall,2020-01-17T22:00:00,,,,,,,,,,,41.311922,-105.581147,2020,1,17,22
West,Knight Hall,2020-01-17T23:00:00,,,,,,,,,,,41.311922,-105.581147,2020,1,17,23
West,Knight Hall,2020-01-18T00:00:00,,,,,,,,,,,41.311922,-105.581147,2020,1,18,0
West,Knight Hall,2020-01-18T01:00:00,,,,,,,,,,,41.311922,-105.581147,2020,1,18,1
West,Knight Hall,2020-01-18T02:00:00,,,,,,,,,,,41.311922,-105.581147,2020,1,18,2
West,Knight Hall,2020-01-18T03:00:00,,,,,,,,,,,41.311922,-105.581147,2020,1,18,3
West,Knight Hall,2020-01-18T04:00:00,,,,,,,,,,,41.311922,-105.581147,2020,1,18,4
West,Knight Hall,2020-01-18T05:00:00,,,,,,,,,,,41.311922,-105.581147,2020,1,18,5
West,Knight Hall,2020-01-18T06:00:00,,,,,,,,,,,41.311922,-105.581147,2020,1,18,6
West,Knight Hall,2020-01-18T07:00:00,,,,,,,,,,,41.311922,-105.581147,2020,1,18,7
West,Knight Hall,2020-01-18T08:00:00,,,,,,,,,,,41.311922,-105.581147,2020,1,18,8
West,Knight Hall,2020-01-18T09:00:00,,,,,,,,,,,41.311922,-105.581147,2020,1,18,9
West,Knight Hall,2020-01-18T10:00:00,,,,,,,,,,,41.311922,-105.581147,2020,1,18,10
West,Knight Hall,2020-01-18T11:00:00,,,,,,,,,,,41.311922,-105.581147,2020,1,18,11
West,Knight Hall,2020-01-18T12:00:00,,,,,,,,,,,41.311922,-105.581147,2020,1,18,12
West,Knight Hall,2020-01-18T13:00:00,,,,,,,,,,,41.311922,-105.581147,2020,1,18,13
West,Knight Hall,2020-01-18T14:00:00,,,,,,,,,,,41.311922,-105.581147,2020,1,18,14
West,Knight Hall,2020-01-18T15:00:00,,,,,,,,,,,41.311922,-105.581147,2020,1,18,15
West,Knight Hall,2020-01-18T16:00:00,,,,,,,,,,,41.311922,-105.581147,2020,1,18,16
West,Knight Hall,2020-01-18T17:00:00,,,,,,,,,,,41.311922,-105.581147,2020,1,18,17
West,Knight Hall,2020-01-18T18:00:00,,,,,,,,,,,41.311922,-105.581147,2020,1,18,18
West,Knight Hall,2020-01-18T19:00:00,,,,,,,,,,,41.311922,-105.581147,2020,1,18,19
West,Knight Hall,2020-01-18T20:00:00,,,,,,,,,,,41.311922,-105.581147,2020,1,18,20
West,Knight Hall,2020-01-18T21:00:00,,,,,,,,,,,41.311922,-105.581147,2020,1,18,21
West,Knight Hall,2020-01-18T22:00:00,,,,,,,,,,,41.311922,-105.581147,2020,1,18,22
West,Knight Hall,2020-01-18T23:00:00,,,,,,,,,,,41.311922,-105.581147,2020,1,18,23
West,Knight Hall,2020-01-19T00:00:00,,,,,,,,,,,41.311922,-105.581147,2020,1,19,0
West,Knight Hall,2020-01-19T01:00:00,,,,,,,,,,,41.311922,-105.581147,2020,1,19,1
West,Knight Hall,2020-01-19T02:00:00,,,,,,,,,,,41.311922,-105.581147,2020,1,19,2
West,Knight Hall,2020-01-19T03:00:00,,,,,,,,,,,41.311922,-105.581147,2020,1,19,3
West,Knight Hall,2020-01-19T04:00:00,,,,,,,,,,,41.311922,-105.581147,2020,1,19,4
West,Knight Hall,2020-01-19T05:00:00,,,,,,,,,,,41.311922,-105.581147,2020,1,19,5
West,Knight Hall,2020-01-19T06:00:00,,,,,,,,,,,41.311922,-105.581147,2020,1,19,6
West,Knight Hall,2020-01-19T07:00:00,,,,,,,,,,,41.311922,-105.581147,2020,1,19,7
West,Knight Hall,2020-01-19T08:00:00,,,,,,,,,,,41.311922,-105.581147,2020,1,19,8
West,Knight Hall,2020-01-19T09:00:00,,,,,,,,,,,41.311922,-105.581147,2020,1,19,9
West,Knight Hall,2020-01-19T10:00:00,,,,,,,,,,,41.311922,-105.581147,2020,1,19,10
West,Knight Hall,2020-01-19T11:00:00,,,,,,,,,,,41.311922,-105.581147,2020,1,19,11
West,Knight Hall,2020-01-19T12:00:00,,,,,,,,,,,41.311922,-105.581147,2020,1,19,12
West,Knight Hall,2020-01-19T13:00:00,,,,,,,,,,,41.311922,-105.581147,2020,1,19,13
West,Knight Hall,2020-01-19T14:00:00,,,,,,,,,,,41.311922,-105.581147,2020,1,19,14
West,Knight Hall,2020-01-19T15:00:00,,,,,,,,,,,41.311922,-105.581147,2020,1,19,15
West,Knight Hall,2020-01-19T16:00:00,,,,,,,,,,,41.311922,-105.581147,2020,1,19,16
West,Knight Hall,2020-01-19T17:00:00,,,,,,,,,,,41.311922,-105.581147,2020,1,19,17
West,Knight Hall,2020-01-19T18:00:00,,,,,,,,,,,41.311922,-105.581147,2020,1,19,18
West,Knight Hall,2020-01-19T19:00:00,,,,,,,,,,,41.311922,-105.581147,2020,1,19,19
West,Knight Hall,2020-01-19T20:00:00,,,,,,,,,,,41.311922,-105.581147,2020,1,19,20
West,Knight Hall,2020-01-19T21:00:00,,,,,,,,,,,41.311922,-105.581147,2020,1,19,21
West,Knight Hall,2020-01-19T22:00:00,,,,,,,,,,,41.311922,-105.581147,2020,1,19,22
West,Knight Hall,2020-01-19T23:00:00,,,,,,,,,,,41.311922,-105.581147,2020,1,19,23
West,Knight Hall,2020-01-20T00:00:00,,,,,,,,,,,41.311922,-105.581147,2020,1,20,0
West,Knight Hall,2020-01-20T01:00:00,,,,,,,,,,,41.311922,-105.581147,2020,1,20,1
West,Knight Hall,2020-01-20T02:00:00,,,,,,,,,,,41.311922,-105.581147,2020,1,20,2
West,Knight Hall,2020-01-20T03:00:00,,,,,,,,,,,41.311922,-105.581147,2020,1,20,3
West,Knight Hall,2020-01-20T04:00:00,,,,,,,,,,,41.311922,-105.581147,2020,1,20,4
West,Knight Hall,2020-01-20T05:00:00,,,,,,,,,,,41.311922,-105.581147,2020,1,20,5
West,Knight Hall,2020-01-20T06:00:00,,,,,,,,,,,41.311922,-105.581147,2020,1,20,6
West,Knight Hall,2020-01-20T07:00:00,,,,,,,,,,,41.311922,-105.581147,2020,1,20,7
West,Knight Hall,2020-01-20T08:00:00,,,,,,,,,,,41.311922,-105.581147,2020,1,20,8
West,Knight Hall,2020-01-20T09:00:00,,,,,,,,,,,41.311922,-105.581147,2020,1,20,9
West,Knight Hall,2020-01-20T10:00:00,,,,,,,,,,,41.311922,-105.581147,2020,1,20,10
West,Knight Hall,2020-01-20T11:00:00,,,,,,,,,,,41.311922,-105.581147,2020,1,20,11
West,Knight Hall,2020-01-20T12:00:00,,,,,,,,,,,41.311922,-105.581147,2020,1,20,12
West,Knight Hall,2020-01-20T13:00:00,,,,,,,,,,,41.311922,-105.581147,2020,1,20,13
West,Knight Hall,2020-01-20T14:00:00,,,,,,,,,,,41.311922,-105.581147,2020,1,20,14
West,Knight Hall,2020-01-20T15:00:00,,,,,,,,,,,41.311922,-105.581147,2020,1,20,15
West,Knight Hall,2020-01-20T16:00:00,,,,,,,,,,,41.311922,-105.581147,2020,1,20,16
West,Knight Hall,2020-01-20T17:00:00,,,,,,,,,,,41.311922,-105.581147,2020,1,20,17
West,Knight Hall,2020-01-20T18:00:00,,,,,,,,,,,41.311922,-105.581147,2020,1,20,18
West,Knight Hall,2020-01-20T19:00:00,,,,,,,,,,,41.311922,-105.581147,2020,1,20,19
West,Knight Hall,2020-01-20T20:00:00,,,,,,,,,,,41.311922,-105.581147,2020,1,20,20
West,Knight Hall,2020-01-20T21:00:00,,,,,,,,,,,41.311922,-105.581147,2020,1,20,21
West,Knight Hall,2020-01-20T22:00:00,,,,,,,,,,,41.311922,-105.581147,2020,1,20,22
West,Knight Hall,2020-01-20T23:00:00,,,,,,,,,,,41.311922,-105.581147,2020,1,20,23
West,Knight Hall,2020-01-21T00:00:00,,,,,,,,,,,41.311922,-105.581147,2020,1,21,0
West,Knight Hall,2020-01-21T01:00:00,,,,,,,,,,,41.311922,-105.581147,2020,1,21,1
West,Knight Hall,2020-01-21T02:00:00,,,,,,,,,,,41.311922,-105.581147,2020,1,21,2
West,Knight Hall,2020-01-21T03:00:00,,,,,,,,,,,41.311922,-105.581147,2020,1,21,3
West,Knight Hall,2020-01-21T04:00:00,,,,,,,,,,,41.311922,-105.581147,2020,1,21,4
West,Knight Hall,2020-01-21T05:00:00,,,,,,,,,,,41.311922,-105.581147,2020,1,21,5
West,Knight Hall,2020-01-21T06:00:00,,,,,,,,,,,41.311922,-105.581147,2020,1,21,6
West,Knight Hall,2020-01-21T07:00:00,,,,,,,,,,,41.311922,-105.581147,2020,1,21,7
West,Knight Hall,2020-01-21T08:00:00,,,,,,,,,,,41.311922,-105.581147,2020,1,21,8
West,Knight Hall,2020-01-21T09:00:00,,,,,,,,,,,41.311922,-105.581147,2020,1,21,9
West,Knight Hall,2020-01-21T10:00:00,,,,,,,,,,,41.311922,-105.581147,2020,1,21,10
West,Knight Hall,2020-01-21T11:00:00,,,,,,,,,,,41.311922,-105.581147,2020,1,21,11
West,Knight Hall,2020-01-21T12:00:00,,,,,,,,,,,41.311922,-105.581147,2020,1,21,12
West,Knight Hall,2020-01-21T13:00:00,,,,,,,,,,,41.311922,-105.581147,2020,1,21,13
West,Knight Hall,2020-01-21T14:00:00,,,,,,,,,,,41.311922,-105.581147,2020,1,21,14
West,Knight Hall,2020-01-21T15:00:00,,,,,,,,,,,41.311922,-105.581147,2020,1,21,15
West,Knight Hall,2020-01-21T16:00:00,,,,,,,,,,,41.311922,-105.581147,2020,1,21,16
West,Knight Hall,2020-01-21T17:00:00,,,,,,,,,,,41.311922,-105.581147,2020,1,21,17
West,Knight Hall,2020-01-21T18:00:00,,,,,,,,,,,41.311922,-105.581147,2020,1,21,18
West,Knight Hall,2020-01-21T19:00:00,,,,,,,,,,,41.311922,-105.581147,2020,1,21,19
West,Knight Hall,2020-01-21T20:00:00,,,,,,,,,,,41.311922,-105.581147,2020,1,21,20
West,Knight Hall,2020-01-21T21:00:00,,,,,,,,,,,41.311922,-105.581147,2020,1,21,21
West,Knight Hall,2020-01-21T22:00:00,,,,,,,,,,,41.311922,-105.581147,2020,1,21,22
West,Knight Hall,2020-01-21T23:00:00,,,,,,,,,,,41.311922,-105.581147,2020,1,21,23
West,Knight Hall,2020-01-22T00:00:00,,,,,,,,,,,41.311922,-105.581147,2020,1,22,0
West,Knight Hall,2020-01-22T01:00:00,,,,,,,,,,,41.311922,-105.581147,2020,1,22,1
West,Knight Hall,2020-01-22T02:00:00,,,,,,,,,,,41.311922,-105.581147,2020,1,22,2
West,Knight Hall,2020-01-22T03:00:00,,,,,,,,,,,41.311922,-105.581147,2020,1,22,3
West,Knight Hall,2020-01-22T04:00:00,,,,,,,,,,,41.311922,-105.581147,2020,1,22,4
West,Knight Hall,2020-01-22T05:00:00,,,,,,,,,,,41.311922,-105.581147,2020,1,22,5
West,Knight Hall,2020-01-22T06:00:00,,,,,,,,,,,41.311922,-105.581147,2020,1,22,6
West,Knight Hall,2020-01-22T07:00:00,,,,,,,,,,,41.311922,-105.581147,2020,1,22,7
West,Knight Hall,2020-01-22T08:00:00,,,,,,,,,,,41.311922,-105.581147,2020,1,22,8
West,Knight Hall,2020-01-22T09:00:00,,,,,,,,,,,41.311922,-105.581147,2020,1,22,9
West,Knight Hall,2020-01-22T10:00:00,,,,,,,,,,,41.311922,-105.581147,2020,1,22,10
West,Knight Hall,2020-01-22T11:00:00,,,,,,,,,,,41.311922,-105.581147,2020,1,22,11
West,Knight Hall,2020-01-22T12:00:00,,,,,,,,,,,41.311922,-105.581147,2020,1,22,12
West,Knight Hall,2020-01-22T13:00:00,,,,,,,,,,,41.311922,-105.581147,2020,1,22,13
West,Knight Hall,2020-01-22T14:00:00,,,,,,,,,,,41.311922,-105.581147,2020,1,22,14
West,Knight Hall,2020-01-22T15:00:00,,,,,,,,,,,41.311922,-105.581147,2020,1,22,15
West,Knight Hall,2020-01-22T16:00:00,,,,,,,,,,,41.311922,-105.581147,2020,1,22,16
West,Knight Hall,2020-01-22T17:00:00,,,,,,,,,,,41.311922,-105.581147,2020,1,22,17
West,Knight Hall,2020-01-22T18:00:00,,,,,,,,,,,41.311922,-105.581147,2020,1,22,18
West,Knight Hall,2020-01-22T19:00:00,,,,,,,,,,,41.311922,-105.581147,2020,1,22,19
West,Knight Hall,2020-01-22T20:00:00,,,,,,,,,,,41.311922,-105.581147,2020,1,22,20
West,Knight Hall,2020-01-22T21:00:00,,,,,,,,,,,41.311922,-105.581147,2020,1,22,21
West,Knight Hall,2020-01-22T22:00:00,,,,,,,,,,,41.311922,-105.581147,2020,1,22,22
West,Knight Hall,2020-01-22T23:00:00,,,,,,,,,,,41.311922,-105.581147,2020,1,22,23
West,Knight Hall,2020-01-23T00:00:00,,,,,,,,,,,41.311922,-105.581147,2020,1,23,0
West,Knight Hall,2020-01-23T01:00:00,,,,,,,,,,,41.311922,-105.581147,2020,1,23,1
West,Knight Hall,2020-01-23T02:00:00,,,,,,,,,,,41.311922,-105.581147,2020,1,23,2
West,Knight Hall,2020-01-23T03:00:00,,,,,,,,,,,41.311922,-105.581147,2020,1,23,3
West,Knight Hall,2020-01-23T04:00:00,,,,,,,,,,,41.311922,-105.581147,2020,1,23,4
West,Knight Hall,2020-01-23T05:00:00,,,,,,,,,,,41.311922,-105.581147,2020,1,23,5
West,Knight Hall,2020-01-23T06:00:00,,,,,,,,,,,41.311922,-105.581147,2020,1,23,6
West,Knight Hall,2020-01-23T07:00:00,,,,,,,,,,,41.311922,-105.581147,2020,1,23,7
West,Knight Hall,2020-01-23T08:00:00,,,,,,,,,,,41.311922,-105.581147,2020,1,23,8
West,Knight Hall,2020-01-23T09:00:00,,,,,,,,,,,41.311922,-105.581147,2020,1,23,9
West,Knight Hall,2020-01-23T10:00:00,,,,,,,,,,,41.311922,-105.581147,2020,1,23,10
West,Knight Hall,2020-01-23T11:00:00,,,,,,,,,,,41.311922,-105.581147,2020,1,23,11
West,Knight Hall,2020-01-23T12:00:00,,,,,,,,,,,41.311922,-105.581147,2020,1,23,12
West,Knight Hall,2020-01-23T13:00:00,,,,,,,,,,,41.311922,-105.581147,2020,1,23,13
West,Knight Hall,2020-01-23T14:00:00,,,,,,,,,,,41.311922,-105.581147,2020,1,23,14
West,Knight Hall,2020-01-23T15:00:00,,,,,,,,,,,41.311922,-105.581147,2020,1,23,15
West,Knight Hall,2020-01-23T16:00:00,,,,,,,,,,,41.311922,-105.581147,2020,1,23,16
West,Knight Hall,2020-01-23T17:00:00,,,,,,,,,,,41.311922,-105.581147,2020,1,23,17
West,Knight Hall,2020-01-23T18:00:00,,,,,,,,,,,41.311922,-105.581147,2020,1,23,18
West,Knight Hall,2020-01-23T19:00:00,,,,,,,,,,,41.311922,-105.581147,2020,1,23,19
West,Knight Hall,2020-01-23T20:00:00,,,,,,,,,,,41.311922,-105.581147,2020,1,23,20
West,Knight Hall,2020-01-23T21:00:00,,,,,,,,,,,41.311922,-105.581147,2020,1,23,21
West,Knight Hall,2020-01-23T22:00:00,,,,,,,,,,,41.311922,-105.581147,2020,1,23,22
West,Knight Hall,2020-01-23T23:00:00,,,,,,,,,,,41.311922,-105.581147,2020,1,23,23
West,Knight Hall,2020-01-24T00:00:00,,,,,,,,,,,41.311922,-105.581147,2020,1,24,0
West,Knight Hall,2020-01-24T01:00:00,,,,,,,,,,,41.311922,-105.581147,2020,1,24,1
West,Knight Hall,2020-01-24T02:00:00,,,,,,,,,,,41.311922,-105.581147,2020,1,24,2
West,Knight Hall,2020-01-24T03:00:00,,,,,,,,,,,41.311922,-105.581147,2020,1,24,3
West,Knight Hall,2020-01-24T04:00:00,,,,,,,,,,,41.311922,-105.581147,2020,1,24,4
West,Knight Hall,2020-01-24T05:00:00,,,,,,,,,,,41.311922,-105.581147,2020,1,24,5
West,Knight Hall,2020-01-24T06:00:00,,,,,,,,,,,41.311922,-105.581147,2020,1,24,6
West,Knight Hall,2020-01-24T07:00:00,,,,,,,,,,,41.311922,-105.581147,2020,1,24,7
West,Knight Hall,2020-01-24T08:00:00,,,,,,,,,,,41.311922,-105.581147,2020,1,24,8
West,Knight Hall,2020-01-24T09:00:00,,,,,,,,,,,41.311922,-105.581147,2020,1,24,9
West,Knight Hall,2020-01-24T10:00:00,,,,,,,,,,,41.311922,-105.581147,2020,1,24,10
West,Knight Hall,2020-01-24T11:00:00,,,,,,,,,,,41.311922,-105.581147,2020,1,24,11
West,Knight Hall,2020-01-24T12:00:00,,,,,,,,,,,41.311922,-105.581147,2020,1,24,12
West,Knight Hall,2020-01-24T13:00:00,,,,,,,,,,,41.311922,-105.581147,2020,1,24,13
West,Knight Hall,2020-01-24T14:00:00,,,,,,,,,,,41.311922,-105.581147,2020,1,24,14
West,Knight Hall,2020-01-24T15:00:00,,,,,,,,,,,41.311922,-105.581147,2020,1,24,15
West,Knight Hall,2020-01-24T16:00:00,,,,,,,,,,,41.311922,-105.581147,2020,1,24,16
West,Knight Hall,2020-01-24T17:00:00,,,,,,,,,,,41.311922,-105.581147,2020,1,24,17
West,Knight Hall,2020-01-24T18:00:00,,,,,,,,,,,41.311922,-105.581147,2020,1,24,18
West,Knight Hall,2020-01-24T19:00:00,,,,,,,,,,,41.311922,-105.581147,2020,1,24,19
West,Knight Hall,2020-01-24T20:00:00,,,,,,,,,,,41.311922,-105.581147,2020,1,24,20
West,Knight Hall,2020-01-24T21:00:00,,,,,,,,,,,41.311922,-105.581147,2020,1,24,21
West,Knight Hall,2020-01-24T22:00:00,,,,,,,,,,,41.311922,-105.581147,2020,1,24,22
West,Knight Hall,2020-01-24T23:00:00,,,,,,,,,,,41.311922,-105.581147,2020,1,24,23
West,Knight Hall,2020-01-25T00:00:00,,,,,,,,,,,41.311922,-105.581147,2020,1,25,0
West,Knight Hall,2020-01-25T01:00:00,,,,,,,,,,,41.311922,-105.581147,2020,1,25,1
West,Knight Hall,2020-01-25T02:00:00,,,,,,,,,,,41.311922,-105.581147,2020,1,25,2
West,Knight Hall,2020-01-25T03:00:00,,,,,,,,,,,41.311922,-105.581147,2020,1,25,3
West,Knight Hall,2020-01-25T04:00:00,,,,,,,,,,,41.311922,-105.581147,2020,1,25,4
West,Knight Hall,2020-01-25T05:00:00,,,,,,,,,,,41.311922,-105.581147,2020,1,25,5
West,Knight Hall,2020-01-25T06:00:00,,,,,,,,,,,41.311922,-105.581147,2020,1,25,6
West,Knight Hall,2020-01-25T07:00:00,,,,,,,,,,,41.311922,-105.581147,2020,1,25,7
West,Knight Hall,2020-01-25T08:00:00,,,,,,,,,,,41.311922,-105.581147,2020,1,25,8
West,Knight Hall,2020-01-25T09:00:00,,,,,,,,,,,41.311922,-105.581147,2020,1,25,9
West,Knight Hall,2020-01-25T10:00:00,,,,,,,,,,,41.311922,-105.581147,2020,1,25,10
West,Knight Hall,2020-01-25T11:00:00,,,,,,,,,,,41.311922,-105.581147,2020,1,25,11
West,Knight Hall,2020-01-25T12:00:00,,,,,,,,,,,41.311922,-105.581147,2020,1,25,12
West,Knight Hall,2020-01-25T13:00:00,,,,,,,,,,,41.311922,-105.581147,2020,1,25,13
West,Knight Hall,2020-01-25T14:00:00,,,,,,,,,,,41.311922,-105.581147,2020,1,25,14
West,Knight Hall,2020-01-25T15:00:00,,,,,,,,,,,41.311922,-105.581147,2020,1,25,15
West,Knight Hall,2020-01-25T16:00:00,,,,,,,,,,,41.311922,-105.581147,2020,1,25,16
West,Knight Hall,2020-01-25T17:00:00,,,,,,,,,,,41.311922,-105.581147,2020,1,25,17
West,Knight Hall,2020-01-25T18:00:00,,,,,,,,,,,41.311922,-105.581147,2020,1,25,18
West,Knight Hall,2020-01-25T19:00:00,,,,,,,,,,,41.311922,-105.581147,2020,1,25,19
West,Knight Hall,2020-01-25T20:00:00,,,,,,,,,,,41.311922,-105.581147,2020,1,25,20
West,Knight Hall,2020-01-25T21:00:00,,,,,,,,,,,41.311922,-105.581147,2020,1,25,21
West,Knight Hall,2020-01-25T22:00:00,,,,,,,,,,,41.311922,-105.581147,2020,1,25,22
West,Knight Hall,2020-01-25T23:00:00,,,,,,,,,,,41.311922,-105.581147,2020,1,25,23
West,Knight Hall,2020-01-26T00:00:00,,,,,,,,,,,41.311922,-105.581147,2020,1,26,0
West,Knight Hall,2020-01-26T01:00:00,,,,,,,,,,,41.311922,-105.581147,2020,1,26,1
West,Knight Hall,2020-01-26T02:00:00,,,,,,,,,,,41.311922,-105.581147,2020,1,26,2
West,Knight Hall,2020-01-26T03:00:00,,,,,,,,,,,41.311922,-105.581147,2020,1,26,3
West,Knight Hall,2020-01-26T04:00:00,,,,,,,,,,,41.311922,-105.581147,2020,1,26,4
West,Knight Hall,2020-01-26T05:00:00,,,,,,,,,,,41.311922,-105.581147,2020,1,26,5
West,Knight Hall,2020-01-26T06:00:00,,,,,,,,,,,41.311922,-105.581147,2020,1,26,6
West,Knight Hall,2020-01-26T07:00:00,,,,,,,,,,,41.311922,-105.581147,2020,1,26,7
West,Knight Hall,2020-01-26T08:00:00,,,,,,,,,,,41.311922,-105.581147,2020,1,26,8
West,Knight Hall,2020-01-26T09:00:00,,,,,,,,,,,41.311922,-105.581147,2020,1,26,9
West,Knight Hall,2020-01-26T10:00:00,,,,,,,,,,,41.311922,-105.581147,2020,1,26,10
West,Knight Hall,2020-01-26T11:00:00,,,,,,,,,,,41.311922,-105.581147,2020,1,26,11
West,Knight Hall,2020-01-26T12:00:00,,,,,,,,,,,41.311922,-105.581147,2020,1,26,12
West,Knight Hall,2020-01-26T13:00:00,,,,,,,,,,,41.311922,-105.581147,2020,1,26,13
West,Knight Hall,2020-01-26T14:00:00,,,,,,,,,,,41.311922,-105.581147,2020,1,26,14
West,Knight Hall,2020-01-26T15:00:00,,,,,,,,,,,41.311922,-105.581147,2020,1,26,15
West,Knight Hall,2020-01-26T16:00:00,,,,,,,,,,,41.311922,-105.581147,2020,1,26,16
West,Knight Hall,2020-01-26T17:00:00,,,,,,,,,,,41.311922,-105.581147,2020,1,26,17
West,Knight Hall,2020-01-26T18:00:00,,,,,,,,,,,41.311922,-105.581147,2020,1,26,18
West,Knight Hall,2020-01-26T19:00:00,,,,,,,,,,,41.311922,-105.581147,2020,1,26,19
West,Knight Hall,2020-01-26T20:00:00,,,,,,,,,,,41.311922,-105.581147,2020,1,26,20
West,Knight Hall,2020-01-26T21:00:00,,,,,,,,,,,41.311922,-105.581147,2020,1,26,21
West,Knight Hall,2020-01-26T22:00:00,,,,,,,,,,,41.311922,-105.581147,2020,1,26,22
West,Knight Hall,2020-01-26T23:00:00,,,,,,,,,,,41.311922,-105.581147,2020,1,26,23
West,Knight Hall,2020-01-27T00:00:00,,,,,,,,,,,41.311922,-105.581147,2020,1,27,0
West,Knight Hall,2020-01-27T01:00:00,,,,,,,,,,,41.311922,-105.581147,2020,1,27,1
West,Knight Hall,2020-01-27T02:00:00,,,,,,,,,,,41.311922,-105.581147,2020,1,27,2
West,Knight Hall,2020-01-27T03:00:00,,,,,,,,,,,41.311922,-105.581147,2020,1,27,3
West,Knight Hall,2020-01-27T04:00:00,,,,,,,,,,,41.311922,-105.581147,2020,1,27,4
West,Knight Hall,2020-01-27T05:00:00,,,,,,,,,,,41.311922,-105.581147,2020,1,27,5
West,Knight Hall,2020-01-27T06:00:00,,,,,,,,,,,41.311922,-105.581147,2020,1,27,6
West,Knight Hall,2020-01-27T07:00:00,,,,,,,,,,,41.311922,-105.581147,2020,1,27,7
West,Knight Hall,2020-01-27T08:00:00,,,,,,,,,,,41.311922,-105.581147,2020,1,27,8
West,Knight Hall,2020-01-27T09:00:00,,,,,,,,,,,41.311922,-105.581147,2020,1,27,9
West,Knight Hall,2020-01-27T10:00:00,,,,,,,,,,,41.311922,-105.581147,2020,1,27,10
West,Knight Hall,2020-01-27T11:00:00,,,,,,,,,,,41.311922,-105.581147,2020,1,27,11
West,Knight Hall,2020-01-27T12:00:00,,,,,,,,,,,41.311922,-105.581147,2020,1,27,12
West,Knight Hall,2020-01-27T13:00:00,,,,,,,,,,,41.311922,-105.581147,2020,1,27,13
West,Knight Hall,2020-01-27T14:00:00,,,,,,,,,,,41.311922,-105.581147,2020,1,27,14
West,Knight Hall,2020-01-27T15:00:00,,,,,,,,,,,41.311922,-105.581147,2020,1,27,15
West,Knight Hall,2020-01-27T16:00:00,,,,,,,,,,,41.311922,-105.581147,2020,1,27,16
West,Knight Hall,2020-01-27T17:00:00,,,,,,,,,,,41.311922,-105.581147,2020,1,27,17
West,Knight Hall,2020-01-27T18:00:00,,,,,,,,,,,41.311922,-105.581147,2020,1,27,18
West,Knight Hall,2020-01-27T19:00:00,,,,,,,,,,,41.311922,-105.581147,2020,1,27,19
West,Knight Hall,2020-01-27T20:00:00,,,,,,,,,,,41.311922,-105.581147,2020,1,27,20
West,Knight Hall,2020-01-27T21:00:00,,,,,,,,,,,41.311922,-105.581147,2020,1,27,21
West,Knight Hall,2020-01-27T22:00:00,,,,,,,,,,,41.311922,-105.581147,2020,1,27,22
West,Knight Hall,2020-01-27T23:00:00,,,,,,,,,,,41.311922,-105.581147,2020,1,27,23
West,Knight Hall,2020-01-28T00:00:00,,,,,,,,,,,41.311922,-105.581147,2020,1,28,0
West,Knight Hall,2020-01-28T01:00:00,,,,,,,,,,,41.311922,-105.581147,2020,1,28,1
West,Knight Hall,2020-01-28T02:00:00,,,,,,,,,,,41.311922,-105.581147,2020,1,28,2
West,Knight Hall,2020-01-28T03:00:00,,,,,,,,,,,41.311922,-105.581147,2020,1,28,3
West,Knight Hall,2020-01-28T04:00:00,,,,,,,,,,,41.311922,-105.581147,2020,1,28,4
West,Knight Hall,2020-01-28T05:00:00,,,,,,,,,,,41.311922,-105.581147,2020,1,28,5
West,Knight Hall,2020-01-28T06:00:00,,,,,,,,,,,41.311922,-105.581147,2020,1,28,6
West,Knight Hall,2020-01-28T07:00:00,,,,,,,,,,,41.311922,-105.581147,2020,1,28,7
West,Knight Hall,2020-01-28T08:00:00,,,,,,,,,,,41.311922,-105.581147,2020,1,28,8
West,Knight Hall,2020-01-28T09:00:00,,,,,,,,,,,41.311922,-105.581147,2020,1,28,9
West,Knight Hall,2020-01-28T10:00:00,,,,,,,,,,,41.311922,-105.581147,2020,1,28,10
West,Knight Hall,2020-01-28T11:00:00,,,,,,,,,,,41.311922,-105.581147,2020,1,28,11
West,Knight Hall,2020-01-28T12:00:00,,,,,,,,,,,41.311922,-105.581147,2020,1,28,12
West,Knight Hall,2020-01-28T13:00:00,,,,,,,,,,,41.311922,-105.581147,2020,1,28,13
West,Knight Hall,2020-01-28T14:00:00,,,,,,,,,,,41.311922,-105.581147,2020,1,28,14
West,Knight Hall,2020-01-28T15:00:00,,,,,,,,,,,41.311922,-105.581147,2020,1,28,15
West,Knight Hall,2020-01-28T16:00:00,,,,,,,,,,,41.311922,-105.581147,2020,1,28,16
West,Knight Hall,2020-01-28T17:00:00,,,,,,,,,,,41.311922,-105.581147,2020,1,28,17
West,Knight Hall,2020-01-28T18:00:00,,,,,,,,,,,41.311922,-105.581147,2020,1,28,18
West,Knight Hall,2020-01-28T19:00:00,,,,,,,,,,,41.311922,-105.581147,2020,1,28,19
West,Knight Hall,2020-01-28T20:00:00,,,,,,,,,,,41.311922,-105.581147,2020,1,28,20
West,Knight Hall,2020-01-28T21:00:00,,,,,,,,,,,41.311922,-105.581147,2020,1,28,21
West,Knight Hall,2020-01-28T22:00:00,,,,,,,,,,,41.311922,-105.581147,2020,1,28,22
West,Knight Hall,2020-01-28T23:00:00,,,,,,,,,,,41.311922,-105.581147,2020,1,28,23
West,Knight Hall,2020-01-29T00:00:00,,,,,,,,,,,41.311922,-105.581147,2020,1,29,0
West,Knight Hall,2020-01-29T01:00:00,,,,,,,,,,,41.311922,-105.581147,2020,1,29,1
West,Knight Hall,2020-01-29T02:00:00,,,,,,,,,,,41.311922,-105.581147,2020,1,29,2
West,Knight Hall,2020-01-29T03:00:00,,,,,,,,,,,41.311922,-105.581147,2020,1,29,3
West,Knight Hall,2020-01-29T04:00:00,,,,,,,,,,,41.311922,-105.581147,2020,1,29,4
West,Knight Hall,2020-01-29T05:00:00,,,,,,,,,,,41.311922,-105.581147,2020,1,29,5
West,Knight Hall,2020-01-29T06:00:00,,,,,,,,,,,41.311922,-105.581147,2020,1,29,6
West,Knight Hall,2020-01-29T07:00:00,,,,,,,,,,,41.311922,-105.581147,2020,1,29,7
West,Knight Hall,2020-01-29T08:00:00,,,,,,,,,,,41.311922,-105.581147,2020,1,29,8
West,Knight Hall,2020-01-29T09:00:00,,,,,,,,,,,41.311922,-105.581147,2020,1,29,9
West,Knight Hall,2020-01-29T10:00:00,,,,,,,,,,,41.311922,-105.581147,2020,1,29,10
West,Knight Hall,2020-01-29T11:00:00,,,,,,,,,,,41.311922,-105.581147,2020,1,29,11
West,Knight Hall,2020-01-29T12:00:00,,,,,,,,,,,41.311922,-105.581147,2020,1,29,12
West,Knight Hall,2020-01-29T13:00:00,,,,,,,,,,,41.311922,-105.581147,2020,1,29,13
West,Knight Hall,2020-01-29T14:00:00,,,,,,,,,,,41.311922,-105.581147,2020,1,29,14
West,Knight Hall,2020-01-29T15:00:00,,,,,,,,,,,41.311922,-105.581147,2020,1,29,15
West,Knight Hall,2020-01-29T16:00:00,,,,,,,,,,,41.311922,-105.581147,2020,1,29,16
West,Knight Hall,2020-01-29T17:00:00,,,,,,,,,,,41.311922,-105.581147,2020,1,29,17
West,Knight Hall,2020-01-29T18:00:00,,,,,,,,,,,41.311922,-105.581147,2020,1,29,18
West,Knight Hall,2020-01-29T19:00:00,,,,,,,,,,,41.311922,-105.581147,2020,1,29,19
West,Knight Hall,2020-01-29T20:00:00,,,,,,,,,,,41.311922,-105.581147,2020,1,29,20
West,Knight Hall,2020-01-29T21:00:00,,,,,,,,,,,41.311922,-105.581147,2020,1,29,21
West,Knight Hall,2020-01-29T22:00:00,,,,,,,,,,,41.311922,-105.581147,2020,1,29,22
West,Knight Hall,2020-01-29T23:00:00,,,,,,,,,,,41.311922,-105.581147,2020,1,29,23
West,Knight Hall,2020-01-30T00:00:00,,,,,,,,,,,41.311922,-105.581147,2020,1,30,0
West,Knight Hall,2020-01-30T01:00:00,,,,,,,,,,,41.311922,-105.581147,2020,1,30,1
West,Knight Hall,2020-01-30T02:00:00,,,,,,,,,,,41.311922,-105.581147,2020,1,30,2
West,Knight Hall,2020-01-30T03:00:00,,,,,,,,,,,41.311922,-105.581147,2020,1,30,3
West,Knight Hall,2020-01-30T04:00:00,,,,,,,,,,,41.311922,-105.581147,2020,1,30,4
West,Knight Hall,2020-01-30T05:00:00,,,,,,,,,,,41.311922,-105.581147,2020,1,30,5
West,Knight Hall,2020-01-30T06:00:00,,,,,,,,,,,41.311922,-105.581147,2020,1,30,6
West,Knight Hall,2020-01-30T07:00:00,,,,,,,,,,,41.311922,-105.581147,2020,1,30,7
West,Knight Hall,2020-01-30T08:00:00,,,,,,,,,,,41.311922,-105.581147,2020,1,30,8
West,Knight Hall,2020-01-30T09:00:00,,,,,,,,,,,41.311922,-105.581147,2020,1,30,9
West,Knight Hall,2020-01-30T10:00:00,,,,,,,,,,,41.311922,-105.581147,2020,1,30,10
West,Knight Hall,2020-01-30T11:00:00,,,,,,,,,,,41.311922,-105.581147,2020,1,30,11
West,Knight Hall,2020-01-30T12:00:00,,,,,,,,,,,41.311922,-105.581147,2020,1,30,12
West,Knight Hall,2020-01-30T13:00:00,,,,,,,,,,,41.311922,-105.581147,2020,1,30,13
West,Knight Hall,2020-01-30T14:00:00,,,,,,,,,,,41.311922,-105.581147,2020,1,30,14
West,Knight Hall,2020-01-30T15:00:00,,,,,,,,,,,41.311922,-105.581147,2020,1,30,15
West,Knight Hall,2020-01-30T16:00:00,,,,,,,,,,,41.311922,-105.581147,2020,1,30,16
West,Knight Hall,2020-01-30T17:00:00,,,,,,,,,,,41.311922,-105.581147,2020,1,30,17
West,Knight Hall,2020-01-30T18:00:00,,,,,,,,,,,41.311922,-105.581147,2020,1,30,18
West,Knight Hall,2020-01-30T19:00:00,,,,,,,,,,,41.311922,-105.581147,2020,1,30,19
West,Knight Hall,2020-01-30T20:00:00,,,,,,,,,,,41.311922,-105.581147,2020,1,30,20
West,Knight Hall,2020-01-30T21:00:00,,,,,,,,,,,41.311922,-105.581147,2020,1,30,21
West,Knight Hall,2020-01-30T22:00:00,,,,,,,,,,,41.311922,-105.581147,2020,1,30,22
West,Knight Hall,2020-01-30T23:00:00,,,,,,,,,,,41.311922,-105.581147,2020,1,30,23
West,Knight Hall,2020-01-31T00:00:00,,,,,,,,,,,41.311922,-105.581147,2020,1,31,0
West,Knight Hall,2020-01-31T01:00:00,,,,,,,,,,,41.311922,-105.581147,2020,1,31,1
West,Knight Hall,2020-01-31T02:00:00,,,,,,,,,,,41.311922,-105.581147,2020,1,31,2
West,Knight Hall,2020-01-31T03:00:00,,,,,,,,,,,41.311922,-105.581147,2020,1,31,3
West,Knight Hall,2020-01-31T04:00:00,,,,,,,,,,,41.311922,-105.581147,2020,1,31,4
West,Knight Hall,2020-01-31T05:00:00,,,,,,,,,,,41.311922,-105.581147,2020,1,31,5
West,Knight Hall,2020-01-31T06:00:00,,,,,,,,,,,41.311922,-105.581147,2020,1,31,6
West,Knight Hall,2020-01-31T07:00:00,,,,,,,,,,,41.311922,-105.581147,2020,1,31,7
West,Knight Hall,2020-01-31T08:00:00,,,,,,,,,,,41.311922,-105.581147,2020,1,31,8
West,Knight Hall,2020-01-31T09:00:00,,,,,,,,,,,41.311922,-105.581147,2020,1,31,9
West,Knight Hall,2020-01-31T10:00:00,,,,,,,,,,,41.311922,-105.581147,2020,1,31,10
West,Knight Hall,2020-01-31T11:00:00,,,,,,,,,,,41.311922,-105.581147,2020,1,31,11
West,Knight Hall,2020-01-31T12:00:00,,,,,,,,,,,41.311922,-105.581147,2020,1,31,12
West,Knight Hall,2020-01-31T13:00:00,,,,,,,,,,,41.311922,-105.581147,2020,1,31,13
West,Knight Hall,2020-01-31T14:00:00,,,,,,,,,,,41.311922,-105.581147,2020,1,31,14
West,Knight Hall,2020-01-31T15:00:00,,,,,,,,,,,41.311922,-105.581147,2020,1,31,15
West,Knight Hall,2020-01-31T16:00:00,,,,,,,,,,,41.311922,-105.581147,2020,1,31,16
West,Knight Hall,2020-01-31T17:00:00,,,,,,,,,,,41.311922,-105.581147,2020,1,31,17
West,Knight Hall,2020-01-31T18:00:00,,,,,,,,,,,41.311922,-105.581147,2020,1,31,18
West,Knight Hall,2020-01-31T19:00:00,,,,,,,,,,,41.311922,-105.581147,2020,1,31,19
West,Knight Hall,2020-01-31T20:00:00,,,,,,,,,,,41.311922,-105.581147,2020,1,31,20
West,Knight Hall,2020-01-31T21:00:00,,,,,,,,,,,41.311922,-105.581147,2020,1,31,21
West,Knight Hall,2020-01-31T22:00:00,,,,,,,,,,,41.311922,-105.581147,2020,1,31,22
West,Knight Hall,2020-01-31T23:00:00,,,,,,,,,,,41.311922,-105.581147,2020,1,31,23
West,Knight Hall,2020-02-01T00:00:00,,,,,,,,,,,41.311922,-105.581147,2020,2,1,0
West,Knight Hall,2020-02-01T01:00:00,,,,,,,,,,,41.311922,-105.581147,2020,2,1,1
West,Knight Hall,2020-02-01T02:00:00,,,,,,,,,,,41.311922,-105.581147,2020,2,1,2
West,Knight Hall,2020-02-01T03:00:00,,,,,,,,,,,41.311922,-105.581147,2020,2,1,3
West,Knight Hall,2020-02-01T04:00:00,,,,,,,,,,,41.311922,-105.581147,2020,2,1,4
West,Knight Hall,2020-02-01T05:00:00,,,,,,,,,,,41.311922,-105.581147,2020,2,1,5
West,Knight Hall,2020-02-01T06:00:00,,,,,,,,,,,41.311922,-105.581147,2020,2,1,6
West,Knight Hall,2020-02-01T07:00:00,,,,,,,,,,,41.311922,-105.581147,2020,2,1,7
West,Knight Hall,2020-02-01T08:00:00,,,,,,,,,,,41.311922,-105.581147,2020,2,1,8
West,Knight Hall,2020-02-01T09:00:00,,,,,,,,,,,41.311922,-105.581147,2020,2,1,9
West,Knight Hall,2020-02-01T10:00:00,,,,,,,,,,,41.311922,-105.581147,2020,2,1,10
West,Knight Hall,2020-02-01T11:00:00,,,,,,,,,,,41.311922,-105.581147,2020,2,1,11
West,Knight Hall,2020-02-01T12:00:00,,,,,,,,,,,41.311922,-105.581147,2020,2,1,12
West,Knight Hall,2020-02-01T13:00:00,,,,,,,,,,,41.311922,-105.581147,2020,2,1,13
West,Knight Hall,2020-02-01T14:00:00,,,,,,,,,,,41.311922,-105.581147,2020,2,1,14
West,Knight Hall,2020-02-01T15:00:00,,,,,,,,,,,41.311922,-105.581147,2020,2,1,15
West,Knight Hall,2020-02-01T16:00:00,,,,,,,,,,,41.311922,-105.581147,2020,2,1,16
West,Knight Hall,2020-02-01T17:00:00,,,,,,,,,,,41.311922,-105.581147,2020,2,1,17
West,Knight Hall,2020-02-01T18:00:00,,,,,,,,,,,41.311922,-105.581147,2020,2,1,18
West,Knight Hall,2020-02-01T19:00:00,,,,,,,,,,,41.311922,-105.581147,2020,2,1,19
West,Knight Hall,2020-02-01T20:00:00,,,,,,,,,,,41.311922,-105.581147,2020,2,1,20
West,Knight Hall,2020-02-01T21:00:00,,,,,,,,,,,41.311922,-105.581147,2020,2,1,21
West,Knight Hall,2020-02-01T22:00:00,,,,,,,,,,,41.311922,-105.581147,2020,2,1,22
West,Knight Hall,2020-02-01T23:00:00,,,,,,,,,,,41.311922,-105.581147,2020,2,1,23
West,Knight Hall,2020-02-02T00:00:00,,,,,,,,,,,41.311922,-105.581147,2020,2,2,0
West,Knight Hall,2020-02-02T01:00:00,,,,,,,,,,,41.311922,-105.581147,2020,2,2,1
West,Knight Hall,2020-02-02T02:00:00,,,,,,,,,,,41.311922,-105.581147,2020,2,2,2
West,Knight Hall,2020-02-02T03:00:00,,,,,,,,,,,41.311922,-105.581147,2020,2,2,3
West,Knight Hall,2020-02-02T04:00:00,,,,,,,,,,,41.311922,-105.581147,2020,2,2,4
West,Knight Hall,2020-02-02T05:00:00,,,,,,,,,,,41.311922,-105.581147,2020,2,2,5
West,Knight Hall,2020-02-02T06:00:00,,,,,,,,,,,41.311922,-105.581147,2020,2,2,6
West,Knight Hall,2020-02-02T07:00:00,,,,,,,,,,,41.311922,-105.581147,2020,2,2,7
West,Knight Hall,2020-02-02T08:00:00,,,,,,,,,,,41.311922,-105.581147,2020,2,2,8
West,Knight Hall,2020-02-02T09:00:00,,,,,,,,,,,41.311922,-105.581147,2020,2,2,9
West,Knight Hall,2020-02-02T10:00:00,,,,,,,,,,,41.311922,-105.581147,2020,2,2,10
West,Knight Hall,2020-02-02T11:00:00,,,,,,,,,,,41.311922,-105.581147,2020,2,2,11
West,Knight Hall,2020-02-02T12:00:00,,,,,,,,,,,41.311922,-105.581147,2020,2,2,12
West,Knight Hall,2020-02-02T13:00:00,,,,,,,,,,,41.311922,-105.581147,2020,2,2,13
West,Knight Hall,2020-02-02T14:00:00,,,,,,,,,,,41.311922,-105.581147,2020,2,2,14
West,Knight Hall,2020-02-02T15:00:00,,,,,,,,,,,41.311922,-105.581147,2020,2,2,15
West,Knight Hall,2020-02-02T16:00:00,,,,,,,,,,,41.311922,-105.581147,2020,2,2,16
West,Knight Hall,2020-02-02T17:00:00,,,,,,,,,,,41.311922,-105.581147,2020,2,2,17
West,Knight Hall,2020-02-02T18:00:00,,,,,,,,,,,41.311922,-105.581147,2020,2,2,18
West,Knight Hall,2020-02-02T19:00:00,,,,,,,,,,,41.311922,-105.581147,2020,2,2,19
West,Knight Hall,2020-02-02T20:00:00,,,,,,,,,,,41.311922,-105.581147,2020,2,2,20
West,Knight Hall,2020-02-02T21:00:00,,,,,,,,,,,41.311922,-105.581147,2020,2,2,21
West,Knight Hall,2020-02-02T22:00:00,,,,,,,,,,,41.311922,-105.581147,2020,2,2,22
West,Knight Hall,2020-02-02T23:00:00,,,,,,,,,,,41.311922,-105.581147,2020,2,2,23
West,Knight Hall,2020-02-03T00:00:00,,,,,,,,,,,41.311922,-105.581147,2020,2,3,0
West,Knight Hall,2020-02-03T01:00:00,,,,,,,,,,,41.311922,-105.581147,2020,2,3,1
West,Knight Hall,2020-02-03T02:00:00,,,,,,,,,,,41.311922,-105.581147,2020,2,3,2
West,Knight Hall,2020-02-03T03:00:00,,,,,,,,,,,41.311922,-105.581147,2020,2,3,3
West,Knight Hall,2020-02-03T04:00:00,,,,,,,,,,,41.311922,-105.581147,2020,2,3,4
West,Knight Hall,2020-02-03T05:00:00,,,,,,,,,,,41.311922,-105.581147,2020,2,3,5
West,Knight Hall,2020-02-03T06:00:00,,,,,,,,,,,41.311922,-105.581147,2020,2,3,6
West,Knight Hall,2020-02-03T07:00:00,,,,,,,,,,,41.311922,-105.581147,2020,2,3,7
West,Knight Hall,2020-02-03T08:00:00,,,,,,,,,,,41.311922,-105.581147,2020,2,3,8
West,Knight Hall,2020-02-03T09:00:00,,,,,,,,,,,41.311922,-105.581147,2020,2,3,9
West,Knight Hall,2020-02-03T10:00:00,,,,,,,,,,,41.311922,-105.581147,2020,2,3,10
West,Knight Hall,2020-02-03T11:00:00,,,,,,,,,,,41.311922,-105.581147,2020,2,3,11
West,Knight Hall,2020-02-03T12:00:00,,,,,,,,,,,41.311922,-105.581147,2020,2,3,12
West,Knight Hall,2020-02-03T13:00:00,,,,,,,,,,,41.311922,-105.581147,2020,2,3,13
West,Knight Hall,2020-02-03T14:00:00,,,,,,,,,,,41.311922,-105.581147,2020,2,3,14
West,Knight Hall,2020-02-03T15:00:00,,,,,,,,,,,41.311922,-105.581147,2020,2,3,15
West,Knight Hall,2020-02-03T16:00:00,,,,,,,,,,,41.311922,-105.581147,2020,2,3,16
West,Knight Hall,2020-02-03T17:00:00,,,,,,,,,,,41.311922,-105.581147,2020,2,3,17
West,Knight Hall,2020-02-03T18:00:00,,,,,,,,,,,41.311922,-105.581147,2020,2,3,18
West,Knight Hall,2020-02-03T19:00:00,,,,,,,,,,,41.311922,-105.581147,2020,2,3,19
West,Knight Hall,2020-02-03T20:00:00,,,,,,,,,,,41.311922,-105.581147,2020,2,3,20
West,Knight Hall,2020-02-03T21:00:00,,,,,,,,,,,41.311922,-105.581147,2020,2,3,21
West,Knight Hall,2020-02-03T22:00:00,,,,,,,,,,,41.311922,-105.581147,2020,2,3,22
West,Knight Hall,2020-02-03T23:00:00,,,,,,,,,,,41.311922,-105.581147,2020,2,3,23
West,Knight Hall,2020-02-04T00:00:00,,,,,,,,,,,41.311922,-105.581147,2020,2,4,0
West,Knight Hall,2020-02-04T01:00:00,,,,,,,,,,,41.311922,-105.581147,2020,2,4,1
West,Knight Hall,2020-02-04T02:00:00,,,,,,,,,,,41.311922,-105.581147,2020,2,4,2
West,Knight Hall,2020-02-04T03:00:00,,,,,,,,,,,41.311922,-105.581147,2020,2,4,3
West,Knight Hall,2020-02-04T04:00:00,,,,,,,,,,,41.311922,-105.581147,2020,2,4,4
West,Knight Hall,2020-02-04T05:00:00,,,,,,,,,,,41.311922,-105.581147,2020,2,4,5
West,Knight Hall,2020-02-04T06:00:00,,,,,,,,,,,41.311922,-105.581147,2020,2,4,6
West,Knight Hall,2020-02-04T07:00:00,,,,,,,,,,,41.311922,-105.581147,2020,2,4,7
West,Knight Hall,2020-02-04T08:00:00,,,,,,,,,,,41.311922,-105.581147,2020,2,4,8
West,Knight Hall,2020-02-04T09:00:00,,,,,,,,,,,41.311922,-105.581147,2020,2,4,9
West,Knight Hall,2020-02-04T10:00:00,,,,,,,,,,,41.311922,-105.581147,2020,2,4,10
West,Knight Hall,2020-02-04T11:00:00,,,,,,,,,,,41.311922,-105.581147,2020,2,4,11
West,Knight Hall,2020-02-04T12:00:00,,,,,,,,,,,41.311922,-105.581147,2020,2,4,12
West,Knight Hall,2020-02-04T13:00:00,,,,,,,,,,,41.311922,-105.581147,2020,2,4,13
West,Knight Hall,2020-02-04T14:00:00,,,,,,,,,,,41.311922,-105.581147,2020,2,4,14
West,Knight Hall,2020-02-04T15:00:00,,,,,,,,,,,41.311922,-105.581147,2020,2,4,15
West,Knight Hall,2020-02-04T16:00:00,,,,,,,,,,,41.311922,-105.581147,2020,2,4,16
West,Knight Hall,2020-02-04T17:00:00,,,,,,,,,,,41.311922,-105.581147,2020,2,4,17
West,Knight Hall,2020-02-04T18:00:00,,,,,,,,,,,41.311922,-105.581147,2020,2,4,18
West,Knight Hall,2020-02-04T19:00:00,,,,,,,,,,,41.311922,-105.581147,2020,2,4,19
West,Knight Hall,2020-02-04T20:00:00,,,,,,,,,,,41.311922,-105.581147,2020,2,4,20
West,Knight Hall,2020-02-04T21:00:00,,,,,,,,,,,41.311922,-105.581147,2020,2,4,21
West,Knight Hall,2020-02-04T22:00:00,,,,,,,,,,,41.311922,-105.581147,2020,2,4,22
West,Knight Hall,2020-02-04T23:00:00,,,,,,,,,,,41.311922,-105.581147,2020,2,4,23
West,Knight Hall,2020-02-05T00:00:00,,,,,,,,,,,41.311922,-105.581147,2020,2,5,0
West,Knight Hall,2020-02-05T01:00:00,,,,,,,,,,,41.311922,-105.581147,2020,2,5,1
West,Knight Hall,2020-02-05T02:00:00,,,,,,,,,,,41.311922,-105.581147,2020,2,5,2
West,Knight Hall,2020-02-05T03:00:00,,,,,,,,,,,41.311922,-105.581147,2020,2,5,3
West,Knight Hall,2020-02-05T04:00:00,,,,,,,,,,,41.311922,-105.581147,2020,2,5,4
West,Knight Hall,2020-02-05T05:00:00,,,,,,,,,,,41.311922,-105.581147,2020,2,5,5
West,Knight Hall,2020-02-05T06:00:00,,,,,,,,,,,41.311922,-105.581147,2020,2,5,6
West,Knight Hall,2020-02-05T07:00:00,,,,,,,,,,,41.311922,-105.581147,2020,2,5,7
West,Knight Hall,2020-02-05T08:00:00,,,,,,,,,,,41.311922,-105.581147,2020,2,5,8
West,Knight Hall,2020-02-05T09:00:00,,,,,,,,,,,41.311922,-105.581147,2020,2,5,9
West,Knight Hall,2020-02-05T10:00:00,,,,,,,,,,,41.311922,-105.581147,2020,2,5,10
West,Knight Hall,2020-02-05T11:00:00,,,,,,,,,,,41.311922,-105.581147,2020,2,5,11
West,Knight Hall,2020-02-05T12:00:00,,,,,,,,,,,41.311922,-105.581147,2020,2,5,12
West,Knight Hall,2020-02-05T13:00:00,,,,,,,,,,,41.311922,-105.581147,2020,2,5,13
West,Knight Hall,2020-02-05T14:00:00,,,,,,,,,,,41.311922,-105.581147,2020,2,5,14
West,Knight Hall,2020-02-05T15:00:00,,,,,,,,,,,41.311922,-105.581147,2020,2,5,15
West,Knight Hall,2020-02-05T16:00:00,,,,,,,,,,,41.311922,-105.581147,2020,2,5,16
West,Knight Hall,2020-02-05T17:00:00,,,,,,,,,,,41.311922,-105.581147,2020,2,5,17
West,Knight Hall,2020-02-05T18:00:00,,,,,,,,,,,41.311922,-105.581147,2020,2,5,18
West,Knight Hall,2020-02-05T19:00:00,,,,,,,,,,,41.311922,-105.581147,2020,2,5,19
West,Knight Hall,2020-02-05T20:00:00,,,,,,,,,,,41.311922,-105.581147,2020,2,5,20
West,Knight Hall,2020-02-05T21:00:00,,,,,,,,,,,41.311922,-105.581147,2020,2,5,21
West,Knight Hall,2020-02-05T22:00:00,,,,,,,,,,,41.311922,-105.581147,2020,2,5,22
West,Knight Hall,2020-02-05T23:00:00,,,,,,,,,,,41.311922,-105.581147,2020,2,5,23
West,Knight Hall,2020-02-06T00:00:00,,,,,,,,,,,41.311922,-105.581147,2020,2,6,0
West,Knight Hall,2020-02-06T01:00:00,,,,,,,,,,,41.311922,-105.581147,2020,2,6,1
West,Knight Hall,2020-02-06T02:00:00,,,,,,,,,,,41.311922,-105.581147,2020,2,6,2
West,Knight Hall,2020-02-06T03:00:00,,,,,,,,,,,41.311922,-105.581147,2020,2,6,3
West,Knight Hall,2020-02-06T04:00:00,,,,,,,,,,,41.311922,-105.581147,2020,2,6,4
West,Knight Hall,2020-02-06T05:00:00,,,,,,,,,,,41.311922,-105.581147,2020,2,6,5
West,Knight Hall,2020-02-06T06:00:00,,,,,,,,,,,41.311922,-105.581147,2020,2,6,6
West,Knight Hall,2020-02-06T07:00:00,,,,,,,,,,,41.311922,-105.581147,2020,2,6,7
West,Knight Hall,2020-02-06T08:00:00,,,,,,,,,,,41.311922,-105.581147,2020,2,6,8
West,Knight Hall,2020-02-06T09:00:00,,,,,,,,,,,41.311922,-105.581147,2020,2,6,9
West,Knight Hall,2020-02-06T10:00:00,,,,,,,,,,,41.311922,-105.581147,2020,2,6,10
West,Knight Hall,2020-02-06T11:00:00,,,,,,,,,,,41.311922,-105.581147,2020,2,6,11
West,Knight Hall,2020-02-06T12:00:00,,,,,,,,,,,41.311922,-105.581147,2020,2,6,12
West,Knight Hall,2020-02-06T13:00:00,,,,,,,,,,,41.311922,-105.581147,2020,2,6,13
West,Knight Hall,2020-02-06T14:00:00,,,,,,,,,,,41.311922,-105.581147,2020,2,6,14
West,Knight Hall,2020-02-06T15:00:00,,,,,,,,,,,41.311922,-105.581147,2020,2,6,15
West,Knight Hall,2020-02-06T16:00:00,,,,,,,,,,,41.311922,-105.581147,2020,2,6,16
West,Knight Hall,2020-02-06T17:00:00,,,,,,,,,,,41.311922,-105.581147,2020,2,6,17
West,Knight Hall,2020-02-06T18:00:00,,,,,,,,,,,41.311922,-105.581147,2020,2,6,18
West,Knight Hall,2020-02-06T19:00:00,,,,,,,,,,,41.311922,-105.581147,2020,2,6,19
West,Knight Hall,2020-02-06T20:00:00,,,,,,,,,,,41.311922,-105.581147,2020,2,6,20
West,Knight Hall,2020-02-06T21:00:00,,,,,,,,,,,41.311922,-105.581147,2020,2,6,21
West,Knight Hall,2020-02-06T22:00:00,,,,,,,,,,,41.311922,-105.581147,2020,2,6,22
West,Knight Hall,2020-02-06T23:00:00,,,,,,,,,,,41.311922,-105.581147,2020,2,6,23
West,Knight Hall,2020-02-07T00:00:00,,,,,,,,,,,41.311922,-105.581147,2020,2,7,0
West,Knight Hall,2020-02-07T01:00:00,,,,,,,,,,,41.311922,-105.581147,2020,2,7,1
West,Knight Hall,2020-02-07T02:00:00,,,,,,,,,,,41.311922,-105.581147,2020,2,7,2
West,Knight Hall,2020-02-07T03:00:00,,,,,,,,,,,41.311922,-105.581147,2020,2,7,3
West,Knight Hall,2020-02-07T04:00:00,,,,,,,,,,,41.311922,-105.581147,2020,2,7,4
West,Knight Hall,2020-02-07T05:00:00,,,,,,,,,,,41.311922,-105.581147,2020,2,7,5
West,Knight Hall,2020-02-07T06:00:00,,,,,,,,,,,41.311922,-105.581147,2020,2,7,6
West,Knight Hall,2020-02-07T07:00:00,,,,,,,,,,,41.311922,-105.581147,2020,2,7,7
West,Knight Hall,2020-02-07T08:00:00,,,,,,,,,,,41.311922,-105.581147,2020,2,7,8
West,Knight Hall,2020-02-07T09:00:00,,,,,,,,,,,41.311922,-105.581147,2020,2,7,9
West,Knight Hall,2020-02-07T10:00:00,,,,,,,,,,,41.311922,-105.581147,2020,2,7,10
West,Knight Hall,2020-02-07T11:00:00,,,,,,,,,,,41.311922,-105.581147,2020,2,7,11
West,Knight Hall,2020-02-07T12:00:00,,,,,,,,,,,41.311922,-105.581147,2020,2,7,12
West,Knight Hall,2020-02-07T13:00:00,,,,,,,,,,,41.311922,-105.581147,2020,2,7,13
West,Knight Hall,2020-02-07T14:00:00,,,,,,,,,,,41.311922,-105.581147,2020,2,7,14
West,Knight Hall,2020-02-07T15:00:00,,,,,,,,,,,41.311922,-105.581147,2020,2,7,15
West,Knight Hall,2020-02-07T16:00:00,,,,,,,,,,,41.311922,-105.581147,2020,2,7,16
West,Knight Hall,2020-02-07T17:00:00,,,,,,,,,,,41.311922,-105.581147,2020,2,7,17
West,Knight Hall,2020-02-07T18:00:00,,,,,,,,,,,41.311922,-105.581147,2020,2,7,18
West,Knight Hall,2020-02-07T19:00:00,,,,,,,,,,,41.311922,-105.581147,2020,2,7,19
West,Knight Hall,2020-02-07T20:00:00,,,,,,,,,,,41.311922,-105.581147,2020,2,7,20
West,Knight Hall,2020-02-07T21:00:00,,,,,,,,,,,41.311922,-105.581147,2020,2,7,21
West,Knight Hall,2020-02-07T22:00:00,,,,,,,,,,,41.311922,-105.581147,2020,2,7,22
West,Knight Hall,2020-02-07T23:00:00,,,,,,,,,,,41.311922,-105.581147,2020,2,7,23
West,Knight Hall,2020-02-08T00:00:00,,,,,,,,,,,41.311922,-105.581147,2020,2,8,0
West,Knight Hall,2020-02-08T01:00:00,,,,,,,,,,,41.311922,-105.581147,2020,2,8,1
West,Knight Hall,2020-02-08T02:00:00,,,,,,,,,,,41.311922,-105.581147,2020,2,8,2
West,Knight Hall,2020-02-08T03:00:00,,,,,,,,,,,41.311922,-105.581147,2020,2,8,3
West,Knight Hall,2020-02-08T04:00:00,,,,,,,,,,,41.311922,-105.581147,2020,2,8,4
West,Knight Hall,2020-02-08T05:00:00,,,,,,,,,,,41.311922,-105.581147,2020,2,8,5
West,Knight Hall,2020-02-08T06:00:00,,,,,,,,,,,41.311922,-105.581147,2020,2,8,6
West,Knight Hall,2020-02-08T07:00:00,,,,,,,,,,,41.311922,-105.581147,2020,2,8,7
West,Knight Hall,2020-02-08T08:00:00,,,,,,,,,,,41.311922,-105.581147,2020,2,8,8
West,Knight Hall,2020-02-08T09:00:00,,,,,,,,,,,41.311922,-105.581147,2020,2,8,9
West,Knight Hall,2020-02-08T10:00:00,,,,,,,,,,,41.311922,-105.581147,2020,2,8,10
West,Knight Hall,2020-02-08T11:00:00,,,,,,,,,,,41.311922,-105.581147,2020,2,8,11
West,Knight Hall,2020-02-08T12:00:00,,,,,,,,,,,41.311922,-105.581147,2020,2,8,12
West,Knight Hall,2020-02-08T13:00:00,,,,,,,,,,,41.311922,-105.581147,2020,2,8,13
West,Knight Hall,2020-02-08T14:00:00,,,,,,,,,,,41.311922,-105.581147,2020,2,8,14
West,Knight Hall,2020-02-08T15:00:00,,,,,,,,,,,41.311922,-105.581147,2020,2,8,15
West,Knight Hall,2020-02-08T16:00:00,,,,,,,,,,,41.311922,-105.581147,2020,2,8,16
West,Knight Hall,2020-02-08T17:00:00,,,,,,,,,,,41.311922,-105.581147,2020,2,8,17
West,Knight Hall,2020-02-08T18:00:00,,,,,,,,,,,41.311922,-105.581147,2020,2,8,18
West,Knight Hall,2020-02-08T19:00:00,,,,,,,,,,,41.311922,-105.581147,2020,2,8,19
West,Knight Hall,2020-02-08T20:00:00,,,,,,,,,,,41.311922,-105.581147,2020,2,8,20
West,Knight Hall,2020-02-08T21:00:00,,,,,,,,,,,41.311922,-105.581147,2020,2,8,21
West,Knight Hall,2020-02-08T22:00:00,,,,,,,,,,,41.311922,-105.581147,2020,2,8,22
West,Knight Hall,2020-02-08T23:00:00,,,,,,,,,,,41.311922,-105.581147,2020,2,8,23
West,Knight Hall,2020-02-09T00:00:00,,,,,,,,,,,41.311922,-105.581147,2020,2,9,0
West,Knight Hall,2020-02-09T01:00:00,,,,,,,,,,,41.311922,-105.581147,2020,2,9,1
West,Knight Hall,2020-02-09T02:00:00,,,,,,,,,,,41.311922,-105.581147,2020,2,9,2
West,Knight Hall,2020-02-09T03:00:00,,,,,,,,,,,41.311922,-105.581147,2020,2,9,3
West,Knight Hall,2020-02-09T04:00:00,,,,,,,,,,,41.311922,-105.581147,2020,2,9,4
West,Knight Hall,2020-02-09T05:00:00,,,,,,,,,,,41.311922,-105.581147,2020,2,9,5
West,Knight Hall,2020-02-09T06:00:00,,,,,,,,,,,41.311922,-105.581147,2020,2,9,6
West,Knight Hall,2020-02-09T07:00:00,,,,,,,,,,,41.311922,-105.581147,2020,2,9,7
West,Knight Hall,2020-02-09T08:00:00,,,,,,,,,,,41.311922,-105.581147,2020,2,9,8
West,Knight Hall,2020-02-09T09:00:00,,,,,,,,,,,41.311922,-105.581147,2020,2,9,9
West,Knight Hall,2020-02-09T10:00:00,,,,,,,,,,,41.311922,-105.581147,2020,2,9,10
West,Knight Hall,2020-02-09T11:00:00,,,,,,,,,,,41.311922,-105.581147,2020,2,9,11
West,Knight Hall,2020-02-09T12:00:00,,,,,,,,,,,41.311922,-105.581147,2020,2,9,12
West,Knight Hall,2020-02-09T13:00:00,,,,,,,,,,,41.311922,-105.581147,2020,2,9,13
West,Knight Hall,2020-02-09T14:00:00,,,,,,,,,,,41.311922,-105.581147,2020,2,9,14
West,Knight Hall,2020-02-09T15:00:00,,,,,,,,,,,41.311922,-105.581147,2020,2,9,15
West,Knight Hall,2020-02-09T16:00:00,,,,,,,,,,,41.311922,-105.581147,2020,2,9,16
West,Knight Hall,2020-02-09T17:00:00,,,,,,,,,,,41.311922,-105.581147,2020,2,9,17
West,Knight Hall,2020-02-09T18:00:00,,,,,,,,,,,41.311922,-105.581147,2020,2,9,18
West,Knight Hall,2020-02-09T19:00:00,,,,,,,,,,,41.311922,-105.581147,2020,2,9,19
West,Knight Hall,2020-02-09T20:00:00,,,,,,,,,,,41.311922,-105.581147,2020,2,9,20
West,Knight Hall,2020-02-09T21:00:00,,,,,,,,,,,41.311922,-105.581147,2020,2,9,21
West,Knight Hall,2020-02-09T22:00:00,,,,,,,,,,,41.311922,-105.581147,2020,2,9,22
West,Knight Hall,2020-02-09T23:00:00,,,,,,,,,,,41.311922,-105.581147,2020,2,9,23
West,Knight Hall,2020-02-10T00:00:00,,,,,,,,,,,41.311922,-105.581147,2020,2,10,0
West,Knight Hall,2020-02-10T01:00:00,,,,,,,,,,,41.311922,-105.581147,2020,2,10,1
West,Knight Hall,2020-02-10T02:00:00,,,,,,,,,,,41.311922,-105.581147,2020,2,10,2
West,Knight Hall,2020-02-10T03:00:00,,,,,,,,,,,41.311922,-105.581147,2020,2,10,3
West,Knight Hall,2020-02-10T04:00:00,,,,,,,,,,,41.311922,-105.581147,2020,2,10,4
West,Knight Hall,2020-02-10T05:00:00,,,,,,,,,,,41.311922,-105.581147,2020,2,10,5
West,Knight Hall,2020-02-10T06:00:00,,,,,,,,,,,41.311922,-105.581147,2020,2,10,6
West,Knight Hall,2020-02-10T07:00:00,,,,,,,,,,,41.311922,-105.581147,2020,2,10,7
West,Knight Hall,2020-02-10T08:00:00,,,,,,,,,,,41.311922,-105.581147,2020,2,10,8
West,Knight Hall,2020-02-10T09:00:00,,,,,,,,,,,41.311922,-105.581147,2020,2,10,9
West,Knight Hall,2020-02-10T10:00:00,,,,,,,,,,,41.311922,-105.581147,2020,2,10,10
West,Knight Hall,2020-02-10T11:00:00,,,,,,,,,,,41.311922,-105.581147,2020,2,10,11
West,Knight Hall,2020-02-10T12:00:00,,,,,,,,,,,41.311922,-105.581147,2020,2,10,12
West,Knight Hall,2020-02-10T13:00:00,,,,,,,,,,,41.311922,-105.581147,2020,2,10,13
West,Knight Hall,2020-02-10T14:00:00,,,,,,,,,,,41.311922,-105.581147,2020,2,10,14
West,Knight Hall,2020-02-10T15:00:00,,,,,,,,,,,41.311922,-105.581147,2020,2,10,15
West,Knight Hall,2020-02-10T16:00:00,,,,,,,,,,,41.311922,-105.581147,2020,2,10,16
West,Knight Hall,2020-02-10T17:00:00,,,,,,,,,,,41.311922,-105.581147,2020,2,10,17
West,Knight Hall,2020-02-10T18:00:00,,,,,,,,,,,41.311922,-105.581147,2020,2,10,18
West,Knight Hall,2020-02-10T19:00:00,,,,,,,,,,,41.311922,-105.581147,2020,2,10,19
West,Knight Hall,2020-02-10T20:00:00,,,,,,,,,,,41.311922,-105.581147,2020,2,10,20
West,Knight Hall,2020-02-10T21:00:00,,,,,,,,,,,41.311922,-105.581147,2020,2,10,21
West,Knight Hall,2020-02-10T22:00:00,,,,,,,,,,,41.311922,-105.581147,2020,2,10,22
West,Knight Hall,2020-02-10T23:00:00,,,,,,,,,,,41.311922,-105.581147,2020,2,10,23
West,Knight Hall,2020-02-11T00:00:00,,,,,,,,,,,41.311922,-105.581147,2020,2,11,0
West,Knight Hall,2020-02-11T01:00:00,,,,,,,,,,,41.311922,-105.581147,2020,2,11,1
West,Knight Hall,2020-02-11T02:00:00,,,,,,,,,,,41.311922,-105.581147,2020,2,11,2
West,Knight Hall,2020-02-11T03:00:00,,,,,,,,,,,41.311922,-105.581147,2020,2,11,3
West,Knight Hall,2020-02-11T04:00:00,,,,,,,,,,,41.311922,-105.581147,2020,2,11,4
West,Knight Hall,2020-02-11T05:00:00,,,,,,,,,,,41.311922,-105.581147,2020,2,11,5
West,Knight Hall,2020-02-11T06:00:00,,,,,,,,,,,41.311922,-105.581147,2020,2,11,6
West,Knight Hall,2020-02-11T07:00:00,,,,,,,,,,,41.311922,-105.581147,2020,2,11,7
West,Knight Hall,2020-02-11T08:00:00,,,,,,,,,,,41.311922,-105.581147,2020,2,11,8
West,Knight Hall,2020-02-11T09:00:00,,,,,,,,,,,41.311922,-105.581147,2020,2,11,9
West,Knight Hall,2020-02-11T10:00:00,,,,,,,,,,,41.311922,-105.581147,2020,2,11,10
West,Knight Hall,2020-02-11T11:00:00,,,,,,,,,,,41.311922,-105.581147,2020,2,11,11
West,Knight Hall,2020-02-11T12:00:00,,,,,,,,,,,41.311922,-105.581147,2020,2,11,12
West,Knight Hall,2020-02-11T13:00:00,,,,,,,,,,,41.311922,-105.581147,2020,2,11,13
West,Knight Hall,2020-02-11T14:00:00,,,,,,,,,,,41.311922,-105.581147,2020,2,11,14
West,Knight Hall,2020-02-11T15:00:00,,,,,,,,,,,41.311922,-105.581147,2020,2,11,15
West,Knight Hall,2020-02-11T16:00:00,,,,,,,,,,,41.311922,-105.581147,2020,2,11,16
West,Knight Hall,2020-02-11T17:00:00,,,,,,,,,,,41.311922,-105.581147,2020,2,11,17
West,Knight Hall,2020-02-11T18:00:00,,,,,,,,,,,41.311922,-105.581147,2020,2,11,18
West,Knight Hall,2020-02-11T19:00:00,,,,,,,,,,,41.311922,-105.581147,2020,2,11,19
West,Knight Hall,2020-02-11T20:00:00,,,,,,,,,,,41.311922,-105.581147,2020,2,11,20
West,Knight Hall,2020-02-11T21:00:00,,,,,,,,,,,41.311922,-105.581147,2020,2,11,21
West,Knight Hall,2020-02-11T22:00:00,,,,,,,,,,,41.311922,-105.581147,2020,2,11,22
West,Knight Hall,2020-02-11T23:00:00,,,,,,,,,,,41.311922,-105.581147,2020,2,11,23
West,Knight Hall,2020-02-12T00:00:00,,,,,,,,,,,41.311922,-105.581147,2020,2,12,0
West,Knight Hall,2020-02-12T01:00:00,,,,,,,,,,,41.311922,-105.581147,2020,2,12,1
West,Knight Hall,2020-02-12T02:00:00,,,,,,,,,,,41.311922,-105.581147,2020,2,12,2
West,Knight Hall,2020-02-12T03:00:00,,,,,,,,,,,41.311922,-105.581147,2020,2,12,3
West,Knight Hall,2020-02-12T04:00:00,,,,,,,,,,,41.311922,-105.581147,2020,2,12,4
West,Knight Hall,2020-02-12T05:00:00,,,,,,,,,,,41.311922,-105.581147,2020,2,12,5
West,Knight Hall,2020-02-12T06:00:00,,,,,,,,,,,41.311922,-105.581147,2020,2,12,6
West,Knight Hall,2020-02-12T07:00:00,,,,,,,,,,,41.311922,-105.581147,2020,2,12,7
West,Knight Hall,2020-02-12T08:00:00,,,,,,,,,,,41.311922,-105.581147,2020,2,12,8
West,Knight Hall,2020-02-12T09:00:00,,,,,,,,,,,41.311922,-105.581147,2020,2,12,9
West,Knight Hall,2020-02-12T10:00:00,,,,,,,,,,,41.311922,-105.581147,2020,2,12,10
West,Knight Hall,2020-02-12T11:00:00,,,,,,,,,,,41.311922,-105.581147,2020,2,12,11
West,Knight Hall,2020-02-12T12:00:00,,,,,,,,,,,41.311922,-105.581147,2020,2,12,12
West,Knight Hall,2020-02-12T13:00:00,,,,,,,,,,,41.311922,-105.581147,2020,2,12,13
West,Knight Hall,2020-02-12T14:00:00,,,,,,,,,,,41.311922,-105.581147,2020,2,12,14
West,Knight Hall,2020-02-12T15:00:00,,,,,,,,,,,41.311922,-105.581147,2020,2,12,15
West,Knight Hall,2020-02-12T16:00:00,,,,,,,,,,,41.311922,-105.581147,2020,2,12,16
West,Knight Hall,2020-02-12T17:00:00,,,,,,,,,,,41.311922,-105.581147,2020,2,12,17
West,Knight Hall,2020-02-12T18:00:00,,,,,,,,,,,41.311922,-105.581147,2020,2,12,18
West,Knight Hall,2020-02-12T19:00:00,,,,,,,,,,,41.311922,-105.581147,2020,2,12,19
West,Knight Hall,2020-02-12T20:00:00,,,,,,,,,,,41.311922,-105.581147,2020,2,12,20
West,Knight Hall,2020-02-12T21:00:00,,,,,,,,,,,41.311922,-105.581147,2020,2,12,21
West,Knight Hall,2020-02-12T22:00:00,,,,,,,,,,,41.311922,-105.581147,2020,2,12,22
West,Knight Hall,2020-02-12T23:00:00,,,,,,,,,,,41.311922,-105.581147,2020,2,12,23
West,Knight Hall,2020-02-13T00:00:00,,,,,,,,,,,41.311922,-105.581147,2020,2,13,0
West,Knight Hall,2020-02-13T01:00:00,,,,,,,,,,,41.311922,-105.581147,2020,2,13,1
West,Knight Hall,2020-02-13T02:00:00,,,,,,,,,,,41.311922,-105.581147,2020,2,13,2
West,Knight Hall,2020-02-13T03:00:00,,,,,,,,,,,41.311922,-105.581147,2020,2,13,3
West,Knight Hall,2020-02-13T04:00:00,,,,,,,,,,,41.311922,-105.581147,2020,2,13,4
West,Knight Hall,2020-02-13T05:00:00,,,,,,,,,,,41.311922,-105.581147,2020,2,13,5
West,Knight Hall,2020-02-13T06:00:00,,,,,,,,,,,41.311922,-105.581147,2020,2,13,6
West,Knight Hall,2020-02-13T07:00:00,,,,,,,,,,,41.311922,-105.581147,2020,2,13,7
West,Knight Hall,2020-02-13T08:00:00,,,,,,,,,,,41.311922,-105.581147,2020,2,13,8
West,Knight Hall,2020-02-13T09:00:00,,,,,,,,,,,41.311922,-105.581147,2020,2,13,9
West,Knight Hall,2020-02-13T10:00:00,,,,,,,,,,,41.311922,-105.581147,2020,2,13,10
West,Knight Hall,2020-02-13T11:00:00,,,,,,,,,,,41.311922,-105.581147,2020,2,13,11
West,Knight Hall,2020-02-13T12:00:00,,,,,,,,,,,41.311922,-105.581147,2020,2,13,12
West,Knight Hall,2020-02-13T13:00:00,,,,,,,,,,,41.311922,-105.581147,2020,2,13,13
West,Knight Hall,2020-02-13T14:00:00,,,,,,,,,,,41.311922,-105.581147,2020,2,13,14
West,Knight Hall,2020-02-13T15:00:00,,,,,,,,,,,41.311922,-105.581147,2020,2,13,15
West,Knight Hall,2020-02-13T16:00:00,,,,,,,,,,,41.311922,-105.581147,2020,2,13,16
West,Knight Hall,2020-02-13T17:00:00,,,,,,,,,,,41.311922,-105.581147,2020,2,13,17
West,Knight Hall,2020-02-13T18:00:00,,,,,,,,,,,41.311922,-105.581147,2020,2,13,18
West,Knight Hall,2020-02-13T19:00:00,,,,,,,,,,,41.311922,-105.581147,2020,2,13,19
West,Knight Hall,2020-02-13T20:00:00,,,,,,,,,,,41.311922,-105.581147,2020,2,13,20
West,Knight Hall,2020-02-13T21:00:00,,,,,,,,,,,41.311922,-105.581147,2020,2,13,21
West,Knight Hall,2020-02-13T22:00:00,,,,,,,,,,,41.311922,-105.581147,2020,2,13,22
West,Knight Hall,2020-02-13T23:00:00,,,,,,,,,,,41.311922,-105.581147,2020,2,13,23
West,Knight Hall,2020-02-14T00:00:00,,,,,,,,,,,41.311922,-105.581147,2020,2,14,0
West,Knight Hall,2020-02-14T01:00:00,,,,,,,,,,,41.311922,-105.581147,2020,2,14,1
West,Knight Hall,2020-02-14T02:00:00,,,,,,,,,,,41.311922,-105.581147,2020,2,14,2
West,Knight Hall,2020-02-14T03:00:00,,,,,,,,,,,41.311922,-105.581147,2020,2,14,3
West,Knight Hall,2020-02-14T04:00:00,,,,,,,,,,,41.311922,-105.581147,2020,2,14,4
West,Knight Hall,2020-02-14T05:00:00,,,,,,,,,,,41.311922,-105.581147,2020,2,14,5
West,Knight Hall,2020-02-14T06:00:00,,,,,,,,,,,41.311922,-105.581147,2020,2,14,6
West,Knight Hall,2020-02-14T07:00:00,,,,,,,,,,,41.311922,-105.581147,2020,2,14,7
West,Knight Hall,2020-02-14T08:00:00,,,,,,,,,,,41.311922,-105.581147,2020,2,14,8
West,Knight Hall,2020-02-14T09:00:00,,,,,,,,,,,41.311922,-105.581147,2020,2,14,9
West,Knight Hall,2020-02-14T10:00:00,,,,,,,,,,,41.311922,-105.581147,2020,2,14,10
West,Knight Hall,2020-02-14T11:00:00,,,,,,,,,,,41.311922,-105.581147,2020,2,14,11
West,Knight Hall,2020-02-14T12:00:00,,,,,,,,,,,41.311922,-105.581147,2020,2,14,12
West,Knight Hall,2020-02-14T13:00:00,,,,,,,,,,,41.311922,-105.581147,2020,2,14,13
West,Knight Hall,2020-02-14T14:00:00,,,,,,,,,,,41.311922,-105.581147,2020,2,14,14
West,Knight Hall,2020-02-14T15:00:00,,,,,,,,,,,41.311922,-105.581147,2020,2,14,15
West,Knight Hall,2020-02-14T16:00:00,,,,,,,,,,,41.311922,-105.581147,2020,2,14,16
West,Knight Hall,2020-02-14T17:00:00,,,,,,,,,,,41.311922,-105.581147,2020,2,14,17
West,Knight Hall,2020-02-14T18:00:00,,,,,,,,,,,41.311922,-105.581147,2020,2,14,18
West,Knight Hall,2020-02-14T19:00:00,,,,,,,,,,,41.311922,-105.581147,2020,2,14,19
West,Knight Hall,2020-02-14T20:00:00,,,,,,,,,,,41.311922,-105.581147,2020,2,14,20
West,Knight Hall,2020-02-14T21:00:00,,,,,,,,,,,41.311922,-105.581147,2020,2,14,21
West,Knight Hall,2020-02-14T22:00:00,,,,,,,,,,,41.311922,-105.581147,2020,2,14,22
West,Knight Hall,2020-02-14T23:00:00,,,,,,,,,,,41.311922,-105.581147,2020,2,14,23
West,Knight Hall,2020-02-15T00:00:00,,,,,,,,,,,41.311922,-105.581147,2020,2,15,0
West,Knight Hall,2020-02-15T01:00:00,,,,,,,,,,,41.311922,-105.581147,2020,2,15,1
West,Knight Hall,2020-02-15T02:00:00,,,,,,,,,,,41.311922,-105.581147,2020,2,15,2
West,Knight Hall,2020-02-15T03:00:00,,,,,,,,,,,41.311922,-105.581147,2020,2,15,3
West,Knight Hall,2020-02-15T04:00:00,,,,,,,,,,,41.311922,-105.581147,2020,2,15,4
West,Knight Hall,2020-02-15T05:00:00,,,,,,,,,,,41.311922,-105.581147,2020,2,15,5
West,Knight Hall,2020-02-15T06:00:00,,,,,,,,,,,41.311922,-105.581147,2020,2,15,6
West,Knight Hall,2020-02-15T07:00:00,,,,,,,,,,,41.311922,-105.581147,2020,2,15,7
West,Knight Hall,2020-02-15T08:00:00,,,,,,,,,,,41.311922,-105.581147,2020,2,15,8
West,Knight Hall,2020-02-15T09:00:00,,,,,,,,,,,41.311922,-105.581147,2020,2,15,9
West,Knight Hall,2020-02-15T10:00:00,,,,,,,,,,,41.311922,-105.581147,2020,2,15,10
West,Knight Hall,2020-02-15T11:00:00,,,,,,,,,,,41.311922,-105.581147,2020,2,15,11
West,Knight Hall,2020-02-15T12:00:00,,,,,,,,,,,41.311922,-105.581147,2020,2,15,12
West,Knight Hall,2020-02-15T13:00:00,,,,,,,,,,,41.311922,-105.581147,2020,2,15,13
West,Knight Hall,2020-02-15T14:00:00,,,,,,,,,,,41.311922,-105.581147,2020,2,15,14
West,Knight Hall,2020-02-15T15:00:00,,,,,,,,,,,41.311922,-105.581147,2020,2,15,15
West,Knight Hall,2020-02-15T16:00:00,,,,,,,,,,,41.311922,-105.581147,2020,2,15,16
West,Knight Hall,2020-02-15T17:00:00,,,,,,,,,,,41.311922,-105.581147,2020,2,15,17
West,Knight Hall,2020-02-15T18:00:00,,,,,,,,,,,41.311922,-105.581147,2020,2,15,18
West,Knight Hall,2020-02-15T19:00:00,,,,,,,,,,,41.311922,-105.581147,2020,2,15,19
West,Knight Hall,2020-02-15T20:00:00,,,,,,,,,,,41.311922,-105.581147,2020,2,15,20
West,Knight Hall,2020-02-15T21:00:00,,,,,,,,,,,41.311922,-105.581147,2020,2,15,21
West,Knight Hall,2020-02-15T22:00:00,,,,,,,,,,,41.311922,-105.581147,2020,2,15,22
West,Knight Hall,2020-02-15T23:00:00,,,,,,,,,,,41.311922,-105.581147,2020,2,15,23
West,Knight Hall,2020-02-16T00:00:00,,,,,,,,,,,41.311922,-105.581147,2020,2,16,0
West,Knight Hall,2020-02-16T01:00:00,,,,,,,,,,,41.311922,-105.581147,2020,2,16,1
West,Knight Hall,2020-02-16T02:00:00,,,,,,,,,,,41.311922,-105.581147,2020,2,16,2
West,Knight Hall,2020-02-16T03:00:00,,,,,,,,,,,41.311922,-105.581147,2020,2,16,3
West,Knight Hall,2020-02-16T04:00:00,,,,,,,,,,,41.311922,-105.581147,2020,2,16,4
West,Knight Hall,2020-02-16T05:00:00,,,,,,,,,,,41.311922,-105.581147,2020,2,16,5
West,Knight Hall,2020-02-16T06:00:00,,,,,,,,,,,41.311922,-105.581147,2020,2,16,6
West,Knight Hall,2020-02-16T07:00:00,,,,,,,,,,,41.311922,-105.581147,2020,2,16,7
West,Knight Hall,2020-02-16T08:00:00,,,,,,,,,,,41.311922,-105.581147,2020,2,16,8
West,Knight Hall,2020-02-16T09:00:00,,,,,,,,,,,41.311922,-105.581147,2020,2,16,9
West,Knight Hall,2020-02-16T10:00:00,,,,,,,,,,,41.311922,-105.581147,2020,2,16,10
West,Knight Hall,2020-02-16T11:00:00,,,,,,,,,,,41.311922,-105.581147,2020,2,16,11
West,Knight Hall,2020-02-16T12:00:00,,,,,,,,,,,41.311922,-105.581147,2020,2,16,12
West,Knight Hall,2020-02-16T13:00:00,,,,,,,,,,,41.311922,-105.581147,2020,2,16,13
West,Knight Hall,2020-02-16T14:00:00,,,,,,,,,,,41.311922,-105.581147,2020,2,16,14
West,Knight Hall,2020-02-16T15:00:00,,,,,,,,,,,41.311922,-105.581147,2020,2,16,15
West,Knight Hall,2020-02-16T16:00:00,,,,,,,,,,,41.311922,-105.581147,2020,2,16,16
West,Knight Hall,2020-02-16T17:00:00,,,,,,,,,,,41.311922,-105.581147,2020,2,16,17
West,Knight Hall,2020-02-16T18:00:00,,,,,,,,,,,41.311922,-105.581147,2020,2,16,18
West,Knight Hall,2020-02-16T19:00:00,,,,,,,,,,,41.311922,-105.581147,2020,2,16,19
West,Knight Hall,2020-02-16T20:00:00,,,,,,,,,,,41.311922,-105.581147,2020,2,16,20
West,Knight Hall,2020-02-16T21:00:00,,,,,,,,,,,41.311922,-105.581147,2020,2,16,21
West,Knight Hall,2020-02-16T22:00:00,,,,,,,,,,,41.311922,-105.581147,2020,2,16,22
West,Knight Hall,2020-02-16T23:00:00,,,,,,,,,,,41.311922,-105.581147,2020,2,16,23
West,Knight Hall,2020-02-17T00:00:00,,,,,,,,,,,41.311922,-105.581147,2020,2,17,0
West,Knight Hall,2020-02-17T01:00:00,,,,,,,,,,,41.311922,-105.581147,2020,2,17,1
West,Knight Hall,2020-02-17T02:00:00,,,,,,,,,,,41.311922,-105.581147,2020,2,17,2
West,Knight Hall,2020-02-17T03:00:00,,,,,,,,,,,41.311922,-105.581147,2020,2,17,3
West,Knight Hall,2020-02-17T04:00:00,,,,,,,,,,,41.311922,-105.581147,2020,2,17,4
West,Knight Hall,2020-02-17T05:00:00,,,,,,,,,,,41.311922,-105.581147,2020,2,17,5
West,Knight Hall,2020-02-17T06:00:00,,,,,,,,,,,41.311922,-105.581147,2020,2,17,6
West,Knight Hall,2020-02-17T07:00:00,,,,,,,,,,,41.311922,-105.581147,2020,2,17,7
West,Knight Hall,2020-02-17T08:00:00,,,,,,,,,,,41.311922,-105.581147,2020,2,17,8
West,Knight Hall,2020-02-17T09:00:00,,,,,,,,,,,41.311922,-105.581147,2020,2,17,9
West,Knight Hall,2020-02-17T10:00:00,,,,,,,,,,,41.311922,-105.581147,2020,2,17,10
West,Knight Hall,2020-02-17T11:00:00,,,,,,,,,,,41.311922,-105.581147,2020,2,17,11
West,Knight Hall,2020-02-17T12:00:00,,,,,,,,,,,41.311922,-105.581147,2020,2,17,12
West,Knight Hall,2020-02-17T13:00:00,,,,,,,,,,,41.311922,-105.581147,2020,2,17,13
West,Knight Hall,2020-02-17T14:00:00,,,,,,,,,,,41.311922,-105.581147,2020,2,17,14
West,Knight Hall,2020-02-17T15:00:00,,,,,,,,,,,41.311922,-105.581147,2020,2,17,15
West,Knight Hall,2020-02-17T16:00:00,,,,,,,,,,,41.311922,-105.581147,2020,2,17,16
West,Knight Hall,2020-02-17T17:00:00,,,,,,,,,,,41.311922,-105.581147,2020,2,17,17
West,Knight Hall,2020-02-17T18:00:00,,,,,,,,,,,41.311922,-105.581147,2020,2,17,18
West,Knight Hall,2020-02-17T19:00:00,,,,,,,,,,,41.311922,-105.581147,2020,2,17,19
West,Knight Hall,2020-02-17T20:00:00,,,,,,,,,,,41.311922,-105.581147,2020,2,17,20
West,Knight Hall,2020-02-17T21:00:00,,,,,,,,,,,41.311922,-105.581147,2020,2,17,21
West,Knight Hall,2020-02-17T22:00:00,,,,,,,,,,,41.311922,-105.581147,2020,2,17,22
West,Knight Hall,2020-02-17T23:00:00,,,,,,,,,,,41.311922,-105.581147,2020,2,17,23
West,Knight Hall,2020-02-18T00:00:00,,,,,,,,,,,41.311922,-105.581147,2020,2,18,0
West,Knight Hall,2020-02-18T01:00:00,,,,,,,,,,,41.311922,-105.581147,2020,2,18,1
West,Knight Hall,2020-02-18T02:00:00,,,,,,,,,,,41.311922,-105.581147,2020,2,18,2
West,Knight Hall,2020-02-18T03:00:00,,,,,,,,,,,41.311922,-105.581147,2020,2,18,3
West,Knight Hall,2020-02-18T04:00:00,,,,,,,,,,,41.311922,-105.581147,2020,2,18,4
West,Knight Hall,2020-02-18T05:00:00,,,,,,,,,,,41.311922,-105.581147,2020,2,18,5
West,Knight Hall,2020-02-18T06:00:00,,,,,,,,,,,41.311922,-105.581147,2020,2,18,6
West,Knight Hall,2020-02-18T07:00:00,,,,,,,,,,,41.311922,-105.581147,2020,2,18,7
West,Knight Hall,2020-02-18T08:00:00,,,,,,,,,,,41.311922,-105.581147,2020,2,18,8
West,Knight Hall,2020-02-18T09:00:00,,,,,,,,,,,41.311922,-105.581147,2020,2,18,9
West,Knight Hall,2020-02-18T10:00:00,,,,,,,,,,,41.311922,-105.581147,2020,2,18,10
West,Knight Hall,2020-02-18T11:00:00,,,,,,,,,,,41.311922,-105.581147,2020,2,18,11
West,Knight Hall,2020-02-18T12:00:00,,,,,,,,,,,41.311922,-105.581147,2020,2,18,12
West,Knight Hall,2020-02-18T13:00:00,,,,,,,,,,,41.311922,-105.581147,2020,2,18,13
West,Knight Hall,2020-02-18T14:00:00,,,,,,,,,,,41.311922,-105.581147,2020,2,18,14
West,Knight Hall,2020-02-18T15:00:00,,,,,,,,,,,41.311922,-105.581147,2020,2,18,15
West,Knight Hall,2020-02-18T16:00:00,,,,,,,,,,,41.311922,-105.581147,2020,2,18,16
West,Knight Hall,2020-02-18T17:00:00,,,,,,,,,,,41.311922,-105.581147,2020,2,18,17
West,Knight Hall,2020-02-18T18:00:00,,,,,,,,,,,41.311922,-105.581147,2020,2,18,18
West,Knight Hall,2020-02-18T19:00:00,,,,,,,,,,,41.311922,-105.581147,2020,2,18,19
West,Knight Hall,2020-02-18T20:00:00,,,,,,,,,,,41.311922,-105.581147,2020,2,18,20
West,Knight Hall,2020-02-18T21:00:00,,,,,,,,,,,41.311922,-105.581147,2020,2,18,21
West,Knight Hall,2020-02-18T22:00:00,,,,,,,,,,,41.311922,-105.581147,2020,2,18,22
West,Knight Hall,2020-02-18T23:00:00,,,,,,,,,,,41.311922,-105.581147,2020,2,18,23
West,Knight Hall,2020-02-19T00:00:00,,,,,,,,,,,41.311922,-105.581147,2020,2,19,0
West,Knight Hall,2020-02-19T01:00:00,,,,,,,,,,,41.311922,-105.581147,2020,2,19,1
West,Knight Hall,2020-02-19T02:00:00,,,,,,,,,,,41.311922,-105.581147,2020,2,19,2
West,Knight Hall,2020-02-19T03:00:00,,,,,,,,,,,41.311922,-105.581147,2020,2,19,3
West,Knight Hall,2020-02-19T04:00:00,,,,,,,,,,,41.311922,-105.581147,2020,2,19,4
West,Knight Hall,2020-02-19T05:00:00,,,,,,,,,,,41.311922,-105.581147,2020,2,19,5
West,Knight Hall,2020-02-19T06:00:00,,,,,,,,,,,41.311922,-105.581147,2020,2,19,6
West,Knight Hall,2020-02-19T07:00:00,,,,,,,,,,,41.311922,-105.581147,2020,2,19,7
West,Knight Hall,2020-02-19T08:00:00,,,,,,,,,,,41.311922,-105.581147,2020,2,19,8
West,Knight Hall,2020-02-19T09:00:00,,,,,,,,,,,41.311922,-105.581147,2020,2,19,9
West,Knight Hall,2020-02-19T10:00:00,,,,,,,,,,,41.311922,-105.581147,2020,2,19,10
West,Knight Hall,2020-02-19T11:00:00,,,,,,,,,,,41.311922,-105.581147,2020,2,19,11
West,Knight Hall,2020-02-19T12:00:00,,,,,,,,,,,41.311922,-105.581147,2020,2,19,12
West,Knight Hall,2020-02-19T13:00:00,,,,,,,,,,,41.311922,-105.581147,2020,2,19,13
West,Knight Hall,2020-02-19T14:00:00,,,,,,,,,,,41.311922,-105.581147,2020,2,19,14
West,Knight Hall,2020-02-19T15:00:00,,,,,,,,,,,41.311922,-105.581147,2020,2,19,15
West,Knight Hall,2020-02-19T16:00:00,,,,,,,,,,,41.311922,-105.581147,2020,2,19,16
West,Knight Hall,2020-02-19T17:00:00,,,,,,,,,,,41.311922,-105.581147,2020,2,19,17
West,Knight Hall,2020-02-19T18:00:00,,,,,,,,,,,41.311922,-105.581147,2020,2,19,18
West,Knight Hall,2020-02-19T19:00:00,,,,,,,,,,,41.311922,-105.581147,2020,2,19,19
West,Knight Hall,2020-02-19T20:00:00,,,,,,,,,,,41.311922,-105.581147,2020,2,19,20
West,Knight Hall,2020-02-19T21:00:00,,,,,,,,,,,41.311922,-105.581147,2020,2,19,21
West,Knight Hall,2020-02-19T22:00:00,,,,,,,,,,,41.311922,-105.581147,2020,2,19,22
West,Knight Hall,2020-02-19T23:00:00,,,,,,,,,,,41.311922,-105.581147,2020,2,19,23
West,Knight Hall,2020-02-20T00:00:00,,,,,,,,,,,41.311922,-105.581147,2020,2,20,0
West,Knight Hall,2020-02-20T01:00:00,,,,,,,,,,,41.311922,-105.581147,2020,2,20,1
West,Knight Hall,2020-02-20T02:00:00,,,,,,,,,,,41.311922,-105.581147,2020,2,20,2
West,Knight Hall,2020-02-20T03:00:00,,,,,,,,,,,41.311922,-105.581147,2020,2,20,3
West,Knight Hall,2020-02-20T04:00:00,,,,,,,,,,,41.311922,-105.581147,2020,2,20,4
West,Knight Hall,2020-02-20T05:00:00,,,,,,,,,,,41.311922,-105.581147,2020,2,20,5
West,Knight Hall,2020-02-20T06:00:00,,,,,,,,,,,41.311922,-105.581147,2020,2,20,6
West,Knight Hall,2020-02-20T07:00:00,,,,,,,,,,,41.311922,-105.581147,2020,2,20,7
West,Knight Hall,2020-02-20T08:00:00,,,,,,,,,,,41.311922,-105.581147,2020,2,20,8
West,Knight Hall,2020-02-20T09:00:00,,,,,,,,,,,41.311922,-105.581147,2020,2,20,9
West,Knight Hall,2020-02-20T10:00:00,,,,,,,,,,,41.311922,-105.581147,2020,2,20,10
West,Knight Hall,2020-02-20T11:00:00,,,,,,,,,,,41.311922,-105.581147,2020,2,20,11
West,Knight Hall,2020-02-20T12:00:00,,,,,,,,,,,41.311922,-105.581147,2020,2,20,12
West,Knight Hall,2020-02-20T13:00:00,,,,,,,,,,,41.311922,-105.581147,2020,2,20,13
West,Knight Hall,2020-02-20T14:00:00,,,,,,,,,,,41.311922,-105.581147,2020,2,20,14
West,Knight Hall,2020-02-20T15:00:00,,,,,,,,,,,41.311922,-105.581147,2020,2,20,15
West,Knight Hall,2020-02-20T16:00:00,,,,,,,,,,,41.311922,-105.581147,2020,2,20,16
West,Knight Hall,2020-02-20T17:00:00,,,,,,,,,,,41.311922,-105.581147,2020,2,20,17
West,Knight Hall,2020-02-20T18:00:00,,,,,,,,,,,41.311922,-105.581147,2020,2,20,18
West,Knight Hall,2020-02-20T19:00:00,,,,,,,,,,,41.311922,-105.581147,2020,2,20,19
West,Knight Hall,2020-02-20T20:00:00,,,,,,,,,,,41.311922,-105.581147,2020,2,20,20
West,Knight Hall,2020-02-20T21:00:00,,,,,,,,,,,41.311922,-105.581147,2020,2,20,21
West,Knight Hall,2020-02-20T22:00:00,,,,,,,,,,,41.311922,-105.581147,2020,2,20,22
West,Knight Hall,2020-02-20T23:00:00,,,,,,,,,,,41.311922,-105.581147,2020,2,20,23
West,Knight Hall,2020-02-21T00:00:00,,,,,,,,,,,41.311922,-105.581147,2020,2,21,0
West,Knight Hall,2020-02-21T01:00:00,,,,,,,,,,,41.311922,-105.581147,2020,2,21,1
West,Knight Hall,2020-02-21T02:00:00,,,,,,,,,,,41.311922,-105.581147,2020,2,21,2
West,Knight Hall,2020-02-21T03:00:00,,,,,,,,,,,41.311922,-105.581147,2020,2,21,3
West,Knight Hall,2020-02-21T04:00:00,,,,,,,,,,,41.311922,-105.581147,2020,2,21,4
West,Knight Hall,2020-02-21T05:00:00,,,,,,,,,,,41.311922,-105.581147,2020,2,21,5
West,Knight Hall,2020-02-21T06:00:00,,,,,,,,,,,41.311922,-105.581147,2020,2,21,6
West,Knight Hall,2020-02-21T07:00:00,,,,,,,,,,,41.311922,-105.581147,2020,2,21,7
West,Knight Hall,2020-02-21T08:00:00,,,,,,,,,,,41.311922,-105.581147,2020,2,21,8
West,Knight Hall,2020-02-21T09:00:00,,,,,,,,,,,41.311922,-105.581147,2020,2,21,9
West,Knight Hall,2020-02-21T10:00:00,,,,,,,,,,,41.311922,-105.581147,2020,2,21,10
West,Knight Hall,2020-02-21T11:00:00,,,,,,,,,,,41.311922,-105.581147,2020,2,21,11
West,Knight Hall,2020-02-21T12:00:00,,,,,,,,,,,41.311922,-105.581147,2020,2,21,12
West,Knight Hall,2020-02-21T13:00:00,,,,,,,,,,,41.311922,-105.581147,2020,2,21,13
West,Knight Hall,2020-02-21T14:00:00,,,,,,,,,,,41.311922,-105.581147,2020,2,21,14
West,Knight Hall,2020-02-21T15:00:00,,,,,,,,,,,41.311922,-105.581147,2020,2,21,15
West,Knight Hall,2020-02-21T16:00:00,,,,,,,,,,,41.311922,-105.581147,2020,2,21,16
West,Knight Hall,2020-02-21T17:00:00,,,,,,,,,,,41.311922,-105.581147,2020,2,21,17
West,Knight Hall,2020-02-21T18:00:00,,,,,,,,,,,41.311922,-105.581147,2020,2,21,18
West,Knight Hall,2020-02-21T19:00:00,,,,,,,,,,,41.311922,-105.581147,2020,2,21,19
West,Knight Hall,2020-02-21T20:00:00,,,,,,,,,,,41.311922,-105.581147,2020,2,21,20
West,Knight Hall,2020-02-21T21:00:00,,,,,,,,,,,41.311922,-105.581147,2020,2,21,21
West,Knight Hall,2020-02-21T22:00:00,,,,,,,,,,,41.311922,-105.581147,2020,2,21,22
West,Knight Hall,2020-02-21T23:00:00,,,,,,,,,,,41.311922,-105.581147,2020,2,21,23
West,Knight Hall,2020-02-22T00:00:00,,,,,,,,,,,41.311922,-105.581147,2020,2,22,0
West,Knight Hall,2020-02-22T01:00:00,,,,,,,,,,,41.311922,-105.581147,2020,2,22,1
West,Knight Hall,2020-02-22T02:00:00,,,,,,,,,,,41.311922,-105.581147,2020,2,22,2
West,Knight Hall,2020-02-22T03:00:00,,,,,,,,,,,41.311922,-105.581147,2020,2,22,3
West,Knight Hall,2020-02-22T04:00:00,,,,,,,,,,,41.311922,-105.581147,2020,2,22,4
West,Knight Hall,2020-02-22T05:00:00,,,,,,,,,,,41.311922,-105.581147,2020,2,22,5
West,Knight Hall,2020-02-22T06:00:00,,,,,,,,,,,41.311922,-105.581147,2020,2,22,6
West,Knight Hall,2020-02-22T07:00:00,,,,,,,,,,,41.311922,-105.581147,2020,2,22,7
West,Knight Hall,2020-02-22T08:00:00,,,,,,,,,,,41.311922,-105.581147,2020,2,22,8
West,Knight Hall,2020-02-22T09:00:00,,,,,,,,,,,41.311922,-105.581147,2020,2,22,9
West,Knight Hall,2020-02-22T10:00:00,,,,,,,,,,,41.311922,-105.581147,2020,2,22,10
West,Knight Hall,2020-02-22T11:00:00,,,,,,,,,,,41.311922,-105.581147,2020,2,22,11
West,Knight Hall,2020-02-22T12:00:00,,,,,,,,,,,41.311922,-105.581147,2020,2,22,12
West,Knight Hall,2020-02-22T13:00:00,,,,,,,,,,,41.311922,-105.581147,2020,2,22,13
West,Knight Hall,2020-02-22T14:00:00,,,,,,,,,,,41.311922,-105.581147,2020,2,22,14
West,Knight Hall,2020-02-22T15:00:00,,,,,,,,,,,41.311922,-105.581147,2020,2,22,15
West,Knight Hall,2020-02-22T16:00:00,,,,,,,,,,,41.311922,-105.581147,2020,2,22,16
West,Knight Hall,2020-02-22T17:00:00,,,,,,,,,,,41.311922,-105.581147,2020,2,22,17
West,Knight Hall,2020-02-22T18:00:00,,,,,,,,,,,41.311922,-105.581147,2020,2,22,18
West,Knight Hall,2020-02-22T19:00:00,,,,,,,,,,,41.311922,-105.581147,2020,2,22,19
West,Knight Hall,2020-02-22T20:00:00,,,,,,,,,,,41.311922,-105.581147,2020,2,22,20
West,Knight Hall,2020-02-22T21:00:00,,,,,,,,,,,41.311922,-105.581147,2020,2,22,21
West,Knight Hall,2020-02-22T22:00:00,,,,,,,,,,,41.311922,-105.581147,2020,2,22,22
West,Knight Hall,2020-02-22T23:00:00,,,,,,,,,,,41.311922,-105.581147,2020,2,22,23
West,Knight Hall,2020-02-23T00:00:00,,,,,,,,,,,41.311922,-105.581147,2020,2,23,0
West,Knight Hall,2020-02-23T01:00:00,,,,,,,,,,,41.311922,-105.581147,2020,2,23,1
West,Knight Hall,2020-02-23T02:00:00,,,,,,,,,,,41.311922,-105.581147,2020,2,23,2
West,Knight Hall,2020-02-23T03:00:00,,,,,,,,,,,41.311922,-105.581147,2020,2,23,3
West,Knight Hall,2020-02-23T04:00:00,,,,,,,,,,,41.311922,-105.581147,2020,2,23,4
West,Knight Hall,2020-02-23T05:00:00,,,,,,,,,,,41.311922,-105.581147,2020,2,23,5
West,Knight Hall,2020-02-23T06:00:00,,,,,,,,,,,41.311922,-105.581147,2020,2,23,6
West,Knight Hall,2020-02-23T07:00:00,,,,,,,,,,,41.311922,-105.581147,2020,2,23,7
West,Knight Hall,2020-02-23T08:00:00,,,,,,,,,,,41.311922,-105.581147,2020,2,23,8
West,Knight Hall,2020-02-23T09:00:00,,,,,,,,,,,41.311922,-105.581147,2020,2,23,9
West,Knight Hall,2020-02-23T10:00:00,,,,,,,,,,,41.311922,-105.581147,2020,2,23,10
West,Knight Hall,2020-02-23T11:00:00,,,,,,,,,,,41.311922,-105.581147,2020,2,23,11
West,Knight Hall,2020-02-23T12:00:00,,,,,,,,,,,41.311922,-105.581147,2020,2,23,12
West,Knight Hall,2020-02-23T13:00:00,,,,,,,,,,,41.311922,-105.581147,2020,2,23,13
West,Knight Hall,2020-02-23T14:00:00,,,,,,,,,,,41.311922,-105.581147,2020,2,23,14
West,Knight Hall,2020-02-23T15:00:00,,,,,,,,,,,41.311922,-105.581147,2020,2,23,15
West,Knight Hall,2020-02-23T16:00:00,,,,,,,,,,,41.311922,-105.581147,2020,2,23,16
West,Knight Hall,2020-02-23T17:00:00,,,,,,,,,,,41.311922,-105.581147,2020,2,23,17
West,Knight Hall,2020-02-23T18:00:00,,,,,,,,,,,41.311922,-105.581147,2020,2,23,18
West,Knight Hall,2020-02-23T19:00:00,,,,,,,,,,,41.311922,-105.581147,2020,2,23,19
West,Knight Hall,2020-02-23T20:00:00,,,,,,,,,,,41.311922,-105.581147,2020,2,23,20
West,Knight Hall,2020-02-23T21:00:00,,,,,,,,,,,41.311922,-105.581147,2020,2,23,21
West,Knight Hall,2020-02-23T22:00:00,,,,,,,,,,,41.311922,-105.581147,2020,2,23,22
West,Knight Hall,2020-02-23T23:00:00,,,,,,,,,,,41.311922,-105.581147,2020,2,23,23
West,Knight Hall,2020-02-24T00:00:00,,,,,,,,,,,41.311922,-105.581147,2020,2,24,0
West,Knight Hall,2020-02-24T01:00:00,,,,,,,,,,,41.311922,-105.581147,2020,2,24,1
West,Knight Hall,2020-02-24T02:00:00,,,,,,,,,,,41.311922,-105.581147,2020,2,24,2
West,Knight Hall,2020-02-24T03:00:00,,,,,,,,,,,41.311922,-105.581147,2020,2,24,3
West,Knight Hall,2020-02-24T04:00:00,,,,,,,,,,,41.311922,-105.581147,2020,2,24,4
West,Knight Hall,2020-02-24T05:00:00,,,,,,,,,,,41.311922,-105.581147,2020,2,24,5
West,Knight Hall,2020-02-24T06:00:00,,,,,,,,,,,41.311922,-105.581147,2020,2,24,6
West,Knight Hall,2020-02-24T07:00:00,,,,,,,,,,,41.311922,-105.581147,2020,2,24,7
West,Knight Hall,2020-02-24T08:00:00,,,,,,,,,,,41.311922,-105.581147,2020,2,24,8
West,Knight Hall,2020-02-24T09:00:00,,,,,,,,,,,41.311922,-105.581147,2020,2,24,9
West,Knight Hall,2020-02-24T10:00:00,,,,,,,,,,,41.311922,-105.581147,2020,2,24,10
West,Knight Hall,2020-02-24T11:00:00,,,,,,,,,,,41.311922,-105.581147,2020,2,24,11
West,Knight Hall,2020-02-24T12:00:00,,,,,,,,,,,41.311922,-105.581147,2020,2,24,12
West,Knight Hall,2020-02-24T13:00:00,,,,,,,,,,,41.311922,-105.581147,2020,2,24,13
West,Knight Hall,2020-02-24T14:00:00,,,,,,,,,,,41.311922,-105.581147,2020,2,24,14
West,Knight Hall,2020-02-24T15:00:00,,,,,,,,,,,41.311922,-105.581147,2020,2,24,15
West,Knight Hall,2020-02-24T16:00:00,,,,,,,,,,,41.311922,-105.581147,2020,2,24,16
West,Knight Hall,2020-02-24T17:00:00,,,,,,,,,,,41.311922,-105.581147,2020,2,24,17
West,Knight Hall,2020-02-24T18:00:00,,,,,,,,,,,41.311922,-105.581147,2020,2,24,18
West,Knight Hall,2020-02-24T19:00:00,,,,,,,,,,,41.311922,-105.581147,2020,2,24,19
West,Knight Hall,2020-02-24T20:00:00,,,,,,,,,,,41.311922,-105.581147,2020,2,24,20
West,Knight Hall,2020-02-24T21:00:00,,,,,,,,,,,41.311922,-105.581147,2020,2,24,21
West,Knight Hall,2020-02-24T22:00:00,,,,,,,,,,,41.311922,-105.581147,2020,2,24,22
West,Knight Hall,2020-02-24T23:00:00,,,,,,,,,,,41.311922,-105.581147,2020,2,24,23
West,Knight Hall,2020-02-25T00:00:00,,,,,,,,,,,41.311922,-105.581147,2020,2,25,0
West,Knight Hall,2020-02-25T01:00:00,,,,,,,,,,,41.311922,-105.581147,2020,2,25,1
West,Knight Hall,2020-02-25T02:00:00,,,,,,,,,,,41.311922,-105.581147,2020,2,25,2
West,Knight Hall,2020-02-25T03:00:00,,,,,,,,,,,41.311922,-105.581147,2020,2,25,3
West,Knight Hall,2020-02-25T04:00:00,,,,,,,,,,,41.311922,-105.581147,2020,2,25,4
West,Knight Hall,2020-02-25T05:00:00,,,,,,,,,,,41.311922,-105.581147,2020,2,25,5
West,Knight Hall,2020-02-25T06:00:00,,,,,,,,,,,41.311922,-105.581147,2020,2,25,6
West,Knight Hall,2020-02-25T07:00:00,,,,,,,,,,,41.311922,-105.581147,2020,2,25,7
West,Knight Hall,2020-02-25T08:00:00,,,,,,,,,,,41.311922,-105.581147,2020,2,25,8
West,Knight Hall,2020-02-25T09:00:00,,,,,,,,,,,41.311922,-105.581147,2020,2,25,9
West,Knight Hall,2020-02-25T10:00:00,,,,,,,,,,,41.311922,-105.581147,2020,2,25,10
West,Knight Hall,2020-02-25T11:00:00,,,,,,,,,,,41.311922,-105.581147,2020,2,25,11
West,Knight Hall,2020-02-25T12:00:00,,,,,,,,,,,41.311922,-105.581147,2020,2,25,12
West,Knight Hall,2020-02-25T13:00:00,,,,,,,,,,,41.311922,-105.581147,2020,2,25,13
West,Knight Hall,2020-02-25T14:00:00,,,,,,,,,,,41.311922,-105.581147,2020,2,25,14
West,Knight Hall,2020-02-25T15:00:00,,,,,,,,,,,41.311922,-105.581147,2020,2,25,15
West,Knight Hall,2020-02-25T16:00:00,,,,,,,,,,,41.311922,-105.581147,2020,2,25,16
West,Knight Hall,2020-02-25T17:00:00,,,,,,,,,,,41.311922,-105.581147,2020,2,25,17
West,Knight Hall,2020-02-25T18:00:00,,,,,,,,,,,41.311922,-105.581147,2020,2,25,18
West,Knight Hall,2020-02-25T19:00:00,,,,,,,,,,,41.311922,-105.581147,2020,2,25,19
West,Knight Hall,2020-02-25T20:00:00,,,,,,,,,,,41.311922,-105.581147,2020,2,25,20
West,Knight Hall,2020-02-25T21:00:00,,,,,,,,,,,41.311922,-105.581147,2020,2,25,21
West,Knight Hall,2020-02-25T22:00:00,,,,,,,,,,,41.311922,-105.581147,2020,2,25,22
West,Knight Hall,2020-02-25T23:00:00,,,,,,,,,,,41.311922,-105.581147,2020,2,25,23
West,Knight Hall,2020-02-26T00:00:00,,,,,,,,,,,41.311922,-105.581147,2020,2,26,0
West,Knight Hall,2020-02-26T01:00:00,,,,,,,,,,,41.311922,-105.581147,2020,2,26,1
West,Knight Hall,2020-02-26T02:00:00,,,,,,,,,,,41.311922,-105.581147,2020,2,26,2
West,Knight Hall,2020-02-26T03:00:00,,,,,,,,,,,41.311922,-105.581147,2020,2,26,3
West,Knight Hall,2020-02-26T04:00:00,,,,,,,,,,,41.311922,-105.581147,2020,2,26,4
West,Knight Hall,2020-02-26T05:00:00,,,,,,,,,,,41.311922,-105.581147,2020,2,26,5
West,Knight Hall,2020-02-26T06:00:00,,,,,,,,,,,41.311922,-105.581147,2020,2,26,6
West,Knight Hall,2020-02-26T07:00:00,,,,,,,,,,,41.311922,-105.581147,2020,2,26,7
West,Knight Hall,2020-02-26T08:00:00,,,,,,,,,,,41.311922,-105.581147,2020,2,26,8
West,Knight Hall,2020-02-26T09:00:00,,,,,,,,,,,41.311922,-105.581147,2020,2,26,9
West,Knight Hall,2020-02-26T10:00:00,,,,,,,,,,,41.311922,-105.581147,2020,2,26,10
West,Knight Hall,2020-02-26T11:00:00,,,,,,,,,,,41.311922,-105.581147,2020,2,26,11
West,Knight Hall,2020-02-26T12:00:00,,,,,,,,,,,41.311922,-105.581147,2020,2,26,12
West,Knight Hall,2020-02-26T13:00:00,,,,,,,,,,,41.311922,-105.581147,2020,2,26,13
West,Knight Hall,2020-02-26T14:00:00,,,,,,,,,,,41.311922,-105.581147,2020,2,26,14
West,Knight Hall,2020-02-26T15:00:00,,,,,,,,,,,41.311922,-105.581147,2020,2,26,15
West,Knight Hall,2020-02-26T16:00:00,,,,,,,,,,,41.311922,-105.581147,2020,2,26,16
West,Knight Hall,2020-02-26T17:00:00,,,,,,,,,,,41.311922,-105.581147,2020,2,26,17
West,Knight Hall,2020-02-26T18:00:00,,,,,,,,,,,41.311922,-105.581147,2020,2,26,18
West,Knight Hall,2020-02-26T19:00:00,,,,,,,,,,,41.311922,-105.581147,2020,2,26,19
West,Knight Hall,2020-02-26T20:00:00,,,,,,,,,,,41.311922,-105.581147,2020,2,26,20
West,Knight Hall,2020-02-26T21:00:00,,,,,,,,,,,41.311922,-105.581147,2020,2,26,21
West,Knight Hall,2020-02-26T22:00:00,,,,,,,,,,,41.311922,-105.581147,2020,2,26,22
West,Knight Hall,2020-02-26T23:00:00,,,,,,,,,,,41.311922,-105.581147,2020,2,26,23
West,Knight Hall,2020-02-27T00:00:00,,,,,,,,,,,41.311922,-105.581147,2020,2,27,0
West,Knight Hall,2020-02-27T01:00:00,,,,,,,,,,,41.311922,-105.581147,2020,2,27,1
West,Knight Hall,2020-02-27T02:00:00,,,,,,,,,,,41.311922,-105.581147,2020,2,27,2
West,Knight Hall,2020-02-27T03:00:00,,,,,,,,,,,41.311922,-105.581147,2020,2,27,3
West,Knight Hall,2020-02-27T04:00:00,,,,,,,,,,,41.311922,-105.581147,2020,2,27,4
West,Knight Hall,2020-02-27T05:00:00,,,,,,,,,,,41.311922,-105.581147,2020,2,27,5
West,Knight Hall,2020-02-27T06:00:00,,,,,,,,,,,41.311922,-105.581147,2020,2,27,6
West,Knight Hall,2020-02-27T07:00:00,,,,,,,,,,,41.311922,-105.581147,2020,2,27,7
West,Knight Hall,2020-02-27T08:00:00,,,,,,,,,,,41.311922,-105.581147,2020,2,27,8
West,Knight Hall,2020-02-27T09:00:00,,,,,,,,,,,41.311922,-105.581147,2020,2,27,9
West,Knight Hall,2020-02-27T10:00:00,,,,,,,,,,,41.311922,-105.581147,2020,2,27,10
West,Knight Hall,2020-02-27T11:00:00,,,,,,,,,,,41.311922,-105.581147,2020,2,27,11
West,Knight Hall,2020-02-27T12:00:00,,,,,,,,,,,41.311922,-105.581147,2020,2,27,12
West,Knight Hall,2020-02-27T13:00:00,,,,,,,,,,,41.311922,-105.581147,2020,2,27,13
West,Knight Hall,2020-02-27T14:00:00,,,,,,,,,,,41.311922,-105.581147,2020,2,27,14
West,Knight Hall,2020-02-27T15:00:00,,,,,,,,,,,41.311922,-105.581147,2020,2,27,15
West,Knight Hall,2020-02-27T16:00:00,,,,,,,,,,,41.311922,-105.581147,2020,2,27,16
West,Knight Hall,2020-02-27T17:00:00,,,,,,,,,,,41.311922,-105.581147,2020,2,27,17
West,Knight Hall,2020-02-27T18:00:00,,,,,,,,,,,41.311922,-105.581147,2020,2,27,18
West,Knight Hall,2020-02-27T19:00:00,,,,,,,,,,,41.311922,-105.581147,2020,2,27,19
West,Knight Hall,2020-02-27T20:00:00,,,,,,,,,,,41.311922,-105.581147,2020,2,27,20
West,Knight Hall,2020-02-27T21:00:00,,,,,,,,,,,41.311922,-105.581147,2020,2,27,21
West,Knight Hall,2020-02-27T22:00:00,,,,,,,,,,,41.311922,-105.581147,2020,2,27,22
West,Knight Hall,2020-02-27T23:00:00,,,,,,,,,,,41.311922,-105.581147,2020,2,27,23
West,Knight Hall,2020-02-28T00:00:00,,,,,,,,,,,41.311922,-105.581147,2020,2,28,0
West,Knight Hall,2020-02-28T01:00:00,,,,,,,,,,,41.311922,-105.581147,2020,2,28,1
West,Knight Hall,2020-02-28T02:00:00,,,,,,,,,,,41.311922,-105.581147,2020,2,28,2
West,Knight Hall,2020-02-28T03:00:00,,,,,,,,,,,41.311922,-105.581147,2020,2,28,3
West,Knight Hall,2020-02-28T04:00:00,,,,,,,,,,,41.311922,-105.581147,2020,2,28,4
West,Knight Hall,2020-02-28T05:00:00,,,,,,,,,,,41.311922,-105.581147,2020,2,28,5
West,Knight Hall,2020-02-28T06:00:00,,,,,,,,,,,41.311922,-105.581147,2020,2,28,6
West,Knight Hall,2020-02-28T07:00:00,,,,,,,,,,,41.311922,-105.581147,2020,2,28,7
West,Knight Hall,2020-02-28T08:00:00,,,,,,,,,,,41.311922,-105.581147,2020,2,28,8
West,Knight Hall,2020-02-28T09:00:00,,,,,,,,,,,41.311922,-105.581147,2020,2,28,9
West,Knight Hall,2020-02-28T10:00:00,,,,,,,,,,,41.311922,-105.581147,2020,2,28,10
West,Knight Hall,2020-02-28T11:00:00,,,,,,,,,,,41.311922,-105.581147,2020,2,28,11
West,Knight Hall,2020-02-28T12:00:00,,,,,,,,,,,41.311922,-105.581147,2020,2,28,12
West,Knight Hall,2020-02-28T13:00:00,,,,,,,,,,,41.311922,-105.581147,2020,2,28,13
West,Knight Hall,2020-02-28T14:00:00,,,,,,,,,,,41.311922,-105.581147,2020,2,28,14
West,Knight Hall,2020-02-28T15:00:00,,,,,,,,,,,41.311922,-105.581147,2020,2,28,15
West,Knight Hall,2020-02-28T16:00:00,,,,,,,,,,,41.311922,-105.581147,2020,2,28,16
West,Knight Hall,2020-02-28T17:00:00,,,,,,,,,,,41.311922,-105.581147,2020,2,28,17
West,Knight Hall,2020-02-28T18:00:00,,,,,,,,,,,41.311922,-105.581147,2020,2,28,18
West,Knight Hall,2020-02-28T19:00:00,,,,,,,,,,,41.311922,-105.581147,2020,2,28,19
West,Knight Hall,2020-02-28T20:00:00,,,,,,,,,,,41.311922,-105.581147,2020,2,28,20
West,Knight Hall,2020-02-28T21:00:00,,,,,,,,,,,41.311922,-105.581147,2020,2,28,21
West,Knight Hall,2020-02-28T22:00:00,,,,,,,,,,,41.311922,-105.581147,2020,2,28,22
West,Knight Hall,2020-02-28T23:00:00,,,,,,,,,,,41.311922,-105.581147,2020,2,28,23
West,Knight Hall,2020-02-29T00:00:00,,,,,,,,,,,41.311922,-105.581147,2020,2,29,0
West,Knight Hall,2020-02-29T01:00:00,,,,,,,,,,,41.311922,-105.581147,2020,2,29,1
West,Knight Hall,2020-02-29T02:00:00,,,,,,,,,,,41.311922,-105.581147,2020,2,29,2
West,Knight Hall,2020-02-29T03:00:00,,,,,,,,,,,41.311922,-105.581147,2020,2,29,3
West,Knight Hall,2020-02-29T04:00:00,,,,,,,,,,,41.311922,-105.581147,2020,2,29,4
West,Knight Hall,2020-02-29T05:00:00,,,,,,,,,,,41.311922,-105.581147,2020,2,29,5
West,Knight Hall,2020-02-29T06:00:00,,,,,,,,,,,41.311922,-105.581147,2020,2,29,6
West,Knight Hall,2020-02-29T07:00:00,,,,,,,,,,,41.311922,-105.581147,2020,2,29,7
West,Knight Hall,2020-02-29T08:00:00,,,,,,,,,,,41.311922,-105.581147,2020,2,29,8
West,Knight Hall,2020-02-29T09:00:00,,,,,,,,,,,41.311922,-105.581147,2020,2,29,9
West,Knight Hall,2020-02-29T10:00:00,,,,,,,,,,,41.311922,-105.581147,2020,2,29,10
West,Knight Hall,2020-02-29T11:00:00,,,,,,,,,,,41.311922,-105.581147,2020,2,29,11
West,Knight Hall,2020-02-29T12:00:00,,,,,,,,,,,41.311922,-105.581147,2020,2,29,12
West,Knight Hall,2020-02-29T13:00:00,,,,,,,,,,,41.311922,-105.581147,2020,2,29,13
West,Knight Hall,2020-02-29T14:00:00,,,,,,,,,,,41.311922,-105.581147,2020,2,29,14
West,Knight Hall,2020-02-29T15:00:00,,,,,,,,,,,41.311922,-105.581147,2020,2,29,15
West,Knight Hall,2020-02-29T16:00:00,,,,,,,,,,,41.311922,-105.581147,2020,2,29,16
West,Knight Hall,2020-02-29T17:00:00,,,,,,,,,,,41.311922,-105.581147,2020,2,29,17
West,Knight Hall,2020-02-29T18:00:00,,,,,,,,,,,41.311922,-105.581147,2020,2,29,18
West,Knight Hall,2020-02-29T19:00:00,,,,,,,,,,,41.311922,-105.581147,2020,2,29,19
West,Knight Hall,2020-02-29T20:00:00,,,,,,,,,,,41.311922,-105.581147,2020,2,29,20
West,Knight Hall,2020-02-29T21:00:00,,,,,,,,,,,41.311922,-105.581147,2020,2,29,21
West,Knight Hall,2020-02-29T22:00:00,,,,,,,,,,,41.311922,-105.581147,2020,2,29,22
West,Knight Hall,2020-02-29T23:00:00,,,,,,,,,,,41.311922,-105.581147,2020,2,29,23
West,Knight Hall,2020-03-01T00:00:00,,,,,,,,,,,41.311922,-105.581147,2020,3,1,0
West,Knight Hall,2020-03-01T01:00:00,,,,,,,,,,,41.311922,-105.581147,2020,3,1,1
West,Knight Hall,2020-03-01T02:00:00,,,,,,,,,,,41.311922,-105.581147,2020,3,1,2
West,Knight Hall,2020-03-01T03:00:00,,,,,,,,,,,41.311922,-105.581147,2020,3,1,3
West,Knight Hall,2020-03-01T04:00:00,,,,,,,,,,,41.311922,-105.581147,2020,3,1,4
West,Knight Hall,2020-03-01T05:00:00,,,,,,,,,,,41.311922,-105.581147,2020,3,1,5
West,Knight Hall,2020-03-01T06:00:00,,,,,,,,,,,41.311922,-105.581147,2020,3,1,6
West,Knight Hall,2020-03-01T07:00:00,,,,,,,,,,,41.311922,-105.581147,2020,3,1,7
West,Knight Hall,2020-03-01T08:00:00,,,,,,,,,,,41.311922,-105.581147,2020,3,1,8
West,Knight Hall,2020-03-01T09:00:00,,,,,,,,,,,41.311922,-105.581147,2020,3,1,9
West,Knight Hall,2020-03-01T10:00:00,,,,,,,,,,,41.311922,-105.581147,2020,3,1,10
West,Knight Hall,2020-03-01T11:00:00,,,,,,,,,,,41.311922,-105.581147,2020,3,1,11
West,Knight Hall,2020-03-01T12:00:00,,,,,,,,,,,41.311922,-105.581147,2020,3,1,12
West,Knight Hall,2020-03-01T13:00:00,,,,,,,,,,,41.311922,-105.581147,2020,3,1,13
West,Knight Hall,2020-03-01T14:00:00,,,,,,,,,,,41.311922,-105.581147,2020,3,1,14
West,Knight Hall,2020-03-01T15:00:00,,,,,,,,,,,41.311922,-105.581147,2020,3,1,15
West,Knight Hall,2020-03-01T16:00:00,,,,,,,,,,,41.311922,-105.581147,2020,3,1,16
West,Knight Hall,2020-03-01T17:00:00,,,,,,,,,,,41.311922,-105.581147,2020,3,1,17
West,Knight Hall,2020-03-01T18:00:00,,,,,,,,,,,41.311922,-105.581147,2020,3,1,18
West,Knight Hall,2020-03-01T19:00:00,,,,,,,,,,,41.311922,-105.581147,2020,3,1,19
West,Knight Hall,2020-03-01T20:00:00,,,,,,,,,,,41.311922,-105.581147,2020,3,1,20
West,Knight Hall,2020-03-01T21:00:00,,,,,,,,,,,41.311922,-105.581147,2020,3,1,21
West,Knight Hall,2020-03-01T22:00:00,,,,,,,,,,,41.311922,-105.581147,2020,3,1,22
West,Knight Hall,2020-03-01T23:00:00,,,,,,,,,,,41.311922,-105.581147,2020,3,1,23
West,Knight Hall,2020-03-02T00:00:00,,,,,,,,,,,41.311922,-105.581147,2020,3,2,0
West,Knight Hall,2020-03-02T01:00:00,,,,,,,,,,,41.311922,-105.581147,2020,3,2,1
West,Knight Hall,2020-03-02T02:00:00,,,,,,,,,,,41.311922,-105.581147,2020,3,2,2
West,Knight Hall,2020-03-02T03:00:00,,,,,,,,,,,41.311922,-105.581147,2020,3,2,3
West,Knight Hall,2020-03-02T04:00:00,,,,,,,,,,,41.311922,-105.581147,2020,3,2,4
West,Knight Hall,2020-03-02T05:00:00,,,,,,,,,,,41.311922,-105.581147,2020,3,2,5
West,Knight Hall,2020-03-02T06:00:00,,,,,,,,,,,41.311922,-105.581147,2020,3,2,6
West,Knight Hall,2020-03-02T07:00:00,,,,,,,,,,,41.311922,-105.581147,2020,3,2,7
West,Knight Hall,2020-03-02T08:00:00,,,,,,,,,,,41.311922,-105.581147,2020,3,2,8
West,Knight Hall,2020-03-02T09:00:00,,,,,,,,,,,41.311922,-105.581147,2020,3,2,9
West,Knight Hall,2020-03-02T10:00:00,,,,,,,,,,,41.311922,-105.581147,2020,3,2,10
West,Knight Hall,2020-03-02T11:00:00,,,,,,,,,,,41.311922,-105.581147,2020,3,2,11
West,Knight Hall,2020-03-02T12:00:00,,,,,,,,,,,41.311922,-105.581147,2020,3,2,12
West,Knight Hall,2020-03-02T13:00:00,,,,,,,,,,,41.311922,-105.581147,2020,3,2,13
West,Knight Hall,2020-03-02T14:00:00,,,,,,,,,,,41.311922,-105.581147,2020,3,2,14
West,Knight Hall,2020-03-02T15:00:00,,,,,,,,,,,41.311922,-105.581147,2020,3,2,15
West,Knight Hall,2020-03-02T16:00:00,,,,,,,,,,,41.311922,-105.581147,2020,3,2,16
West,Knight Hall,2020-03-02T17:00:00,,,,,,,,,,,41.311922,-105.581147,2020,3,2,17
West,Knight Hall,2020-03-02T18:00:00,,,,,,,,,,,41.311922,-105.581147,2020,3,2,18
West,Knight Hall,2020-03-02T19:00:00,,,,,,,,,,,41.311922,-105.581147,2020,3,2,19
West,Knight Hall,2020-03-02T20:00:00,,,,,,,,,,,41.311922,-105.581147,2020,3,2,20
West,Knight Hall,2020-03-02T21:00:00,,,,,,,,,,,41.311922,-105.581147,2020,3,2,21
West,Knight Hall,2020-03-02T22:00:00,,,,,,,,,,,41.311922,-105.581147,2020,3,2,22
West,Knight Hall,2020-03-02T23:00:00,,,,,,,,,,,41.311922,-105.581147,2020,3,2,23
West,Knight Hall,2020-03-03T00:00:00,,,,,,,,,,,41.311922,-105.581147,2020,3,3,0
West,Knight Hall,2020-03-03T01:00:00,,,,,,,,,,,41.311922,-105.581147,2020,3,3,1
West,Knight Hall,2020-03-03T02:00:00,,,,,,,,,,,41.311922,-105.581147,2020,3,3,2
West,Knight Hall,2020-03-03T03:00:00,,,,,,,,,,,41.311922,-105.581147,2020,3,3,3
West,Knight Hall,2020-03-03T04:00:00,,,,,,,,,,,41.311922,-105.581147,2020,3,3,4
West,Knight Hall,2020-03-03T05:00:00,,,,,,,,,,,41.311922,-105.581147,2020,3,3,5
West,Knight Hall,2020-03-03T06:00:00,,,,,,,,,,,41.311922,-105.581147,2020,3,3,6
West,Knight Hall,2020-03-03T07:00:00,,,,,,,,,,,41.311922,-105.581147,2020,3,3,7
West,Knight Hall,2020-03-03T08:00:00,,,,,,,,,,,41.311922,-105.581147,2020,3,3,8
West,Knight Hall,2020-03-03T09:00:00,,,,,,,,,,,41.311922,-105.581147,2020,3,3,9
West,Knight Hall,2020-03-03T10:00:00,,,,,,,,,,,41.311922,-105.581147,2020,3,3,10
West,Knight Hall,2020-03-03T11:00:00,,,,,,,,,,,41.311922,-105.581147,2020,3,3,11
West,Knight Hall,2020-03-03T12:00:00,,,,,,,,,,,41.311922,-105.581147,2020,3,3,12
West,Knight Hall,2020-03-03T13:00:00,,,,,,,,,,,41.311922,-105.581147,2020,3,3,13
West,Knight Hall,2020-03-03T14:00:00,,,,,,,,,,,41.311922,-105.581147,2020,3,3,14
West,Knight Hall,2020-03-03T15:00:00,,,,,,,,,,,41.311922,-105.581147,2020,3,3,15
West,Knight Hall,2020-03-03T16:00:00,,,,,,,,,,,41.311922,-105.581147,2020,3,3,16
West,Knight Hall,2020-03-03T17:00:00,,,,,,,,,,,41.311922,-105.581147,2020,3,3,17
West,Knight Hall,2020-03-03T18:00:00,,,,,,,,,,,41.311922,-105.581147,2020,3,3,18
West,Knight Hall,2020-03-03T19:00:00,,,,,,,,,,,41.311922,-105.581147,2020,3,3,19
West,Knight Hall,2020-03-03T20:00:00,,,,,,,,,,,41.311922,-105.581147,2020,3,3,20
West,Knight Hall,2020-03-03T21:00:00,,,,,,,,,,,41.311922,-105.581147,2020,3,3,21
West,Knight Hall,2020-03-03T22:00:00,,,,,,,,,,,41.311922,-105.581147,2020,3,3,22
West,Knight Hall,2020-03-03T23:00:00,,,,,,,,,,,41.311922,-105.581147,2020,3,3,23
West,Knight Hall,2020-03-04T00:00:00,,,,,,,,,,,41.311922,-105.581147,2020,3,4,0
West,Knight Hall,2020-03-04T01:00:00,,,,,,,,,,,41.311922,-105.581147,2020,3,4,1
West,Knight Hall,2020-03-04T02:00:00,,,,,,,,,,,41.311922,-105.581147,2020,3,4,2
West,Knight Hall,2020-03-04T03:00:00,,,,,,,,,,,41.311922,-105.581147,2020,3,4,3
West,Knight Hall,2020-03-04T04:00:00,,,,,,,,,,,41.311922,-105.581147,2020,3,4,4
West,Knight Hall,2020-03-04T05:00:00,,,,,,,,,,,41.311922,-105.581147,2020,3,4,5
West,Knight Hall,2020-03-04T06:00:00,,,,,,,,,,,41.311922,-105.581147,2020,3,4,6
West,Knight Hall,2020-03-04T07:00:00,,,,,,,,,,,41.311922,-105.581147,2020,3,4,7
West,Knight Hall,2020-03-04T08:00:00,,,,,,,,,,,41.311922,-105.581147,2020,3,4,8
West,Knight Hall,2020-03-04T09:00:00,,,,,,,,,,,41.311922,-105.581147,2020,3,4,9
West,Knight Hall,2020-03-04T10:00:00,,,,,,,,,,,41.311922,-105.581147,2020,3,4,10
West,Knight Hall,2020-03-04T11:00:00,,,,,,,,,,,41.311922,-105.581147,2020,3,4,11
West,Knight Hall,2020-03-04T12:00:00,,,,,,,,,,,41.311922,-105.581147,2020,3,4,12
West,Knight Hall,2020-03-04T13:00:00,,,,,,,,,,,41.311922,-105.581147,2020,3,4,13
West,Knight Hall,2020-03-04T14:00:00,,,,,,,,,,,41.311922,-105.581147,2020,3,4,14
West,Knight Hall,2020-03-04T15:00:00,,,,,,,,,,,41.311922,-105.581147,2020,3,4,15
West,Knight Hall,2020-03-04T16:00:00,,,,,,,,,,,41.311922,-105.581147,2020,3,4,16
West,Knight Hall,2020-03-04T17:00:00,,,,,,,,,,,41.311922,-105.581147,2020,3,4,17
West,Knight Hall,2020-03-04T18:00:00,,,,,,,,,,,41.311922,-105.581147,2020,3,4,18
West,Knight Hall,2020-03-04T19:00:00,,,,,,,,,,,41.311922,-105.581147,2020,3,4,19
West,Knight Hall,2020-03-04T20:00:00,,,,,,,,,,,41.311922,-105.581147,2020,3,4,20
West,Knight Hall,2020-03-04T21:00:00,,,,,,,,,,,41.311922,-105.581147,2020,3,4,21
West,Knight Hall,2020-03-04T22:00:00,,,,,,,,,,,41.311922,-105.581147,2020,3,4,22
West,Knight Hall,2020-03-04T23:00:00,,,,,,,,,,,41.311922,-105.581147,2020,3,4,23
West,Knight Hall,2020-03-05T00:00:00,,,,,,,,,,,41.311922,-105.581147,2020,3,5,0
West,Knight Hall,2020-03-05T01:00:00,,,,,,,,,,,41.311922,-105.581147,2020,3,5,1
West,Knight Hall,2020-03-05T02:00:00,,,,,,,,,,,41.311922,-105.581147,2020,3,5,2
West,Knight Hall,2020-03-05T03:00:00,,,,,,,,,,,41.311922,-105.581147,2020,3,5,3
West,Knight Hall,2020-03-05T04:00:00,,,,,,,,,,,41.311922,-105.581147,2020,3,5,4
West,Knight Hall,2020-03-05T05:00:00,,,,,,,,,,,41.311922,-105.581147,2020,3,5,5
West,Knight Hall,2020-03-05T06:00:00,,,,,,,,,,,41.311922,-105.581147,2020,3,5,6
West,Knight Hall,2020-03-05T07:00:00,,,,,,,,,,,41.311922,-105.581147,2020,3,5,7
West,Knight Hall,2020-03-05T08:00:00,,,,,,,,,,,41.311922,-105.581147,2020,3,5,8
West,Knight Hall,2020-03-05T09:00:00,,,,,,,,,,,41.311922,-105.581147,2020,3,5,9
West,Knight Hall,2020-03-05T10:00:00,,,,,,,,,,,41.311922,-105.581147,2020,3,5,10
West,Knight Hall,2020-03-05T11:00:00,,,,,,,,,,,41.311922,-105.581147,2020,3,5,11
West,Knight Hall,2020-03-05T12:00:00,,,,,,,,,,,41.311922,-105.581147,2020,3,5,12
West,Knight Hall,2020-03-05T13:00:00,,,,,,,,,,,41.311922,-105.581147,2020,3,5,13
West,Knight Hall,2020-03-05T14:00:00,,,,,,,,,,,41.311922,-105.581147,2020,3,5,14
West,Knight Hall,2020-03-05T15:00:00,,,,,,,,,,,41.311922,-105.581147,2020,3,5,15
West,Knight Hall,2020-03-05T16:00:00,,,,,,,,,,,41.311922,-105.581147,2020,3,5,16
West,Knight Hall,2020-03-05T17:00:00,,,,,,,,,,,41.311922,-105.581147,2020,3,5,17
West,Knight Hall,2020-03-05T18:00:00,,,,,,,,,,,41.311922,-105.581147,2020,3,5,18
West,Knight Hall,2020-03-05T19:00:00,,,,,,,,,,,41.311922,-105.581147,2020,3,5,19
West,Knight Hall,2020-03-05T20:00:00,,,,,,,,,,,41.311922,-105.581147,2020,3,5,20
West,Knight Hall,2020-03-05T21:00:00,,,,,,,,,,,41.311922,-105.581147,2020,3,5,21
West,Knight Hall,2020-03-05T22:00:00,,,,,,,,,,,41.311922,-105.581147,2020,3,5,22
West,Knight Hall,2020-03-05T23:00:00,,,,,,,,,,,41.311922,-105.581147,2020,3,5,23
West,Knight Hall,2020-03-06T00:00:00,,,,,,,,,,,41.311922,-105.581147,2020,3,6,0
West,Knight Hall,2020-03-06T01:00:00,,,,,,,,,,,41.311922,-105.581147,2020,3,6,1
West,Knight Hall,2020-03-06T02:00:00,,,,,,,,,,,41.311922,-105.581147,2020,3,6,2
West,Knight Hall,2020-03-06T03:00:00,,,,,,,,,,,41.311922,-105.581147,2020,3,6,3
West,Knight Hall,2020-03-06T04:00:00,,,,,,,,,,,41.311922,-105.581147,2020,3,6,4
West,Knight Hall,2020-03-06T05:00:00,,,,,,,,,,,41.311922,-105.581147,2020,3,6,5
West,Knight Hall,2020-03-06T06:00:00,,,,,,,,,,,41.311922,-105.581147,2020,3,6,6
West,Knight Hall,2020-03-06T07:00:00,,,,,,,,,,,41.311922,-105.581147,2020,3,6,7
West,Knight Hall,2020-03-06T08:00:00,,,,,,,,,,,41.311922,-105.581147,2020,3,6,8
West,Knight Hall,2020-03-06T09:00:00,,,,,,,,,,,41.311922,-105.581147,2020,3,6,9
West,Knight Hall,2020-03-06T10:00:00,,,,,,,,,,,41.311922,-105.581147,2020,3,6,10
West,Knight Hall,2020-03-06T11:00:00,,,,,,,,,,,41.311922,-105.581147,2020,3,6,11
West,Knight Hall,2020-03-06T12:00:00,,,,,,,,,,,41.311922,-105.581147,2020,3,6,12
West,Knight Hall,2020-03-06T13:00:00,,,,,,,,,,,41.311922,-105.581147,2020,3,6,13
West,Knight Hall,2020-03-06T14:00:00,,,,,,,,,,,41.311922,-105.581147,2020,3,6,14
West,Knight Hall,2020-03-06T15:00:00,,,,,,,,,,,41.311922,-105.581147,2020,3,6,15
West,Knight Hall,2020-03-06T16:00:00,,,,,,,,,,,41.311922,-105.581147,2020,3,6,16
West,Knight Hall,2020-03-06T17:00:00,,,,,,,,,,,41.311922,-105.581147,2020,3,6,17
West,Knight Hall,2020-03-06T18:00:00,,,,,,,,,,,41.311922,-105.581147,2020,3,6,18
West,Knight Hall,2020-03-06T19:00:00,,,,,,,,,,,41.311922,-105.581147,2020,3,6,19
West,Knight Hall,2020-03-06T20:00:00,,,,,,,,,,,41.311922,-105.581147,2020,3,6,20
West,Knight Hall,2020-03-06T21:00:00,,,,,,,,,,,41.311922,-105.581147,2020,3,6,21
West,Knight Hall,2020-03-06T22:00:00,,,,,,,,,,,41.311922,-105.581147,2020,3,6,22
West,Knight Hall,2020-03-06T23:00:00,,,,,,,,,,,41.311922,-105.581147,2020,3,6,23
West,Knight Hall,2020-03-07T00:00:00,,,,,,,,,,,41.311922,-105.581147,2020,3,7,0
West,Knight Hall,2020-03-07T01:00:00,,,,,,,,,,,41.311922,-105.581147,2020,3,7,1
West,Knight Hall,2020-03-07T02:00:00,,,,,,,,,,,41.311922,-105.581147,2020,3,7,2
West,Knight Hall,2020-03-07T03:00:00,,,,,,,,,,,41.311922,-105.581147,2020,3,7,3
West,Knight Hall,2020-03-07T04:00:00,,,,,,,,,,,41.311922,-105.581147,2020,3,7,4
West,Knight Hall,2020-03-07T05:00:00,,,,,,,,,,,41.311922,-105.581147,2020,3,7,5
West,Knight Hall,2020-03-07T06:00:00,,,,,,,,,,,41.311922,-105.581147,2020,3,7,6
West,Knight Hall,2020-03-07T07:00:00,,,,,,,,,,,41.311922,-105.581147,2020,3,7,7
West,Knight Hall,2020-03-07T08:00:00,,,,,,,,,,,41.311922,-105.581147,2020,3,7,8
West,Knight Hall,2020-03-07T09:00:00,,,,,,,,,,,41.311922,-105.581147,2020,3,7,9
West,Knight Hall,2020-03-07T10:00:00,,,,,,,,,,,41.311922,-105.581147,2020,3,7,10
West,Knight Hall,2020-03-07T11:00:00,,,,,,,,,,,41.311922,-105.581147,2020,3,7,11
West,Knight Hall,2020-03-07T12:00:00,,,,,,,,,,,41.311922,-105.581147,2020,3,7,12
West,Knight Hall,2020-03-07T13:00:00,,,,,,,,,,,41.311922,-105.581147,2020,3,7,13
West,Knight Hall,2020-03-07T14:00:00,,,,,,,,,,,41.311922,-105.581147,2020,3,7,14
West,Knight Hall,2020-03-07T15:00:00,,,,,,,,,,,41.311922,-105.581147,2020,3,7,15
West,Knight Hall,2020-03-07T16:00:00,,,,,,,,,,,41.311922,-105.581147,2020,3,7,16
West,Knight Hall,2020-03-07T17:00:00,,,,,,,,,,,41.311922,-105.581147,2020,3,7,17
West,Knight Hall,2020-03-07T18:00:00,,,,,,,,,,,41.311922,-105.581147,2020,3,7,18
West,Knight Hall,2020-03-07T19:00:00,,,,,,,,,,,41.311922,-105.581147,2020,3,7,19
West,Knight Hall,2020-03-07T20:00:00,,,,,,,,,,,41.311922,-105.581147,2020,3,7,20
West,Knight Hall,2020-03-07T21:00:00,,,,,,,,,,,41.311922,-105.581147,2020,3,7,21
West,Knight Hall,2020-03-07T22:00:00,,,,,,,,,,,41.311922,-105.581147,2020,3,7,22
West,Knight Hall,2020-03-07T23:00:00,,,,,,,,,,,41.311922,-105.581147,2020,3,7,23
West,Knight Hall,2020-03-08T00:00:00,,,,,,,,,,,41.311922,-105.581147,2020,3,8,0
West,Knight Hall,2020-03-08T01:00:00,,,,,,,,,,,41.311922,-105.581147,2020,3,8,1
West,Knight Hall,2020-03-08T02:00:00,,,,,,,,,,,41.311922,-105.581147,2020,3,8,2
West,Knight Hall,2020-03-08T03:00:00,,,,,,,,,,,41.311922,-105.581147,2020,3,8,3
West,Knight Hall,2020-03-08T04:00:00,,,,,,,,,,,41.311922,-105.581147,2020,3,8,4
West,Knight Hall,2020-03-08T05:00:00,,,,,,,,,,,41.311922,-105.581147,2020,3,8,5
West,Knight Hall,2020-03-08T06:00:00,,,,,,,,,,,41.311922,-105.581147,2020,3,8,6
West,Knight Hall,2020-03-08T07:00:00,,,,,,,,,,,41.311922,-105.581147,2020,3,8,7
West,Knight Hall,2020-03-08T08:00:00,,,,,,,,,,,41.311922,-105.581147,2020,3,8,8
West,Knight Hall,2020-03-08T09:00:00,,,,,,,,,,,41.311922,-105.581147,2020,3,8,9
West,Knight Hall,2020-03-08T10:00:00,,,,,,,,,,,41.311922,-105.581147,2020,3,8,10
West,Knight Hall,2020-03-08T11:00:00,,,,,,,,,,,41.311922,-105.581147,2020,3,8,11
West,Knight Hall,2020-03-08T12:00:00,,,,,,,,,,,41.311922,-105.581147,2020,3,8,12
West,Knight Hall,2020-03-08T13:00:00,,,,,,,,,,,41.311922,-105.581147,2020,3,8,13
West,Knight Hall,2020-03-08T14:00:00,,,,,,,,,,,41.311922,-105.581147,2020,3,8,14
West,Knight Hall,2020-03-08T15:00:00,,,,,,,,,,,41.311922,-105.581147,2020,3,8,15
West,Knight Hall,2020-03-08T16:00:00,,,,,,,,,,,41.311922,-105.581147,2020,3,8,16
West,Knight Hall,2020-03-08T17:00:00,,,,,,,,,,,41.311922,-105.581147,2020,3,8,17
West,Knight Hall,2020-03-08T18:00:00,,,,,,,,,,,41.311922,-105.581147,2020,3,8,18
West,Knight Hall,2020-03-08T19:00:00,,,,,,,,,,,41.311922,-105.581147,2020,3,8,19
West,Knight Hall,2020-03-08T20:00:00,,,,,,,,,,,41.311922,-105.581147,2020,3,8,20
West,Knight Hall,2020-03-08T21:00:00,,,,,,,,,,,41.311922,-105.581147,2020,3,8,21
West,Knight Hall,2020-03-08T22:00:00,,,,,,,,,,,41.311922,-105.581147,2020,3,8,22
West,Knight Hall,2020-03-08T23:00:00,,,,,,,,,,,41.311922,-105.581147,2020,3,8,23
West,Knight Hall,2020-03-09T00:00:00,,,,,,,,,,,41.311922,-105.581147,2020,3,9,0
West,Knight Hall,2020-03-09T01:00:00,,,,,,,,,,,41.311922,-105.581147,2020,3,9,1
West,Knight Hall,2020-03-09T02:00:00,,,,,,,,,,,41.311922,-105.581147,2020,3,9,2
West,Knight Hall,2020-03-09T03:00:00,,,,,,,,,,,41.311922,-105.581147,2020,3,9,3
West,Knight Hall,2020-03-09T04:00:00,,,,,,,,,,,41.311922,-105.581147,2020,3,9,4
West,Knight Hall,2020-03-09T05:00:00,,,,,,,,,,,41.311922,-105.581147,2020,3,9,5
West,Knight Hall,2020-03-09T06:00:00,,,,,,,,,,,41.311922,-105.581147,2020,3,9,6
West,Knight Hall,2020-03-09T07:00:00,,,,,,,,,,,41.311922,-105.581147,2020,3,9,7
West,Knight Hall,2020-03-09T08:00:00,,,,,,,,,,,41.311922,-105.581147,2020,3,9,8
West,Knight Hall,2020-03-09T09:00:00,,,,,,,,,,,41.311922,-105.581147,2020,3,9,9
West,Knight Hall,2020-03-09T10:00:00,,,,,,,,,,,41.311922,-105.581147,2020,3,9,10
West,Knight Hall,2020-03-09T11:00:00,,,,,,,,,,,41.311922,-105.581147,2020,3,9,11
West,Knight Hall,2020-03-09T12:00:00,,,,,,,,,,,41.311922,-105.581147,2020,3,9,12
West,Knight Hall,2020-03-09T13:00:00,,,,,,,,,,,41.311922,-105.581147,2020,3,9,13
West,Knight Hall,2020-03-09T14:00:00,,,,,,,,,,,41.311922,-105.581147,2020,3,9,14
West,Knight Hall,2020-03-09T15:00:00,,,,,,,,,,,41.311922,-105.581147,2020,3,9,15
West,Knight Hall,2020-03-09T16:00:00,,,,,,,,,,,41.311922,-105.581147,2020,3,9,16
West,Knight Hall,2020-03-09T17:00:00,,,,,,,,,,,41.311922,-105.581147,2020,3,9,17
West,Knight Hall,2020-03-09T18:00:00,,,,,,,,,,,41.311922,-105.581147,2020,3,9,18
West,Knight Hall,2020-03-09T19:00:00,,,,,,,,,,,41.311922,-105.581147,2020,3,9,19
West,Knight Hall,2020-03-09T20:00:00,,,,,,,,,,,41.311922,-105.581147,2020,3,9,20
West,Knight Hall,2020-03-09T21:00:00,,,,,,,,,,,41.311922,-105.581147,2020,3,9,21
West,Knight Hall,2020-03-09T22:00:00,,,,,,,,,,,41.311922,-105.581147,2020,3,9,22
West,Knight Hall,2020-03-09T23:00:00,,,,,,,,,,,41.311922,-105.581147,2020,3,9,23
West,Knight Hall,2020-03-10T00:00:00,,,,,,,,,,,41.311922,-105.581147,2020,3,10,0
West,Knight Hall,2020-03-10T01:00:00,,,,,,,,,,,41.311922,-105.581147,2020,3,10,1
West,Knight Hall,2020-03-10T02:00:00,,,,,,,,,,,41.311922,-105.581147,2020,3,10,2
West,Knight Hall,2020-03-10T03:00:00,,,,,,,,,,,41.311922,-105.581147,2020,3,10,3
West,Knight Hall,2020-03-10T04:00:00,,,,,,,,,,,41.311922,-105.581147,2020,3,10,4
West,Knight Hall,2020-03-10T05:00:00,,,,,,,,,,,41.311922,-105.581147,2020,3,10,5
West,Knight Hall,2020-03-10T06:00:00,,,,,,,,,,,41.311922,-105.581147,2020,3,10,6
West,Knight Hall,2020-03-10T07:00:00,,,,,,,,,,,41.311922,-105.581147,2020,3,10,7
West,Knight Hall,2020-03-10T08:00:00,,,,,,,,,,,41.311922,-105.581147,2020,3,10,8
West,Knight Hall,2020-03-10T09:00:00,,,,,,,,,,,41.311922,-105.581147,2020,3,10,9
West,Knight Hall,2020-03-10T10:00:00,,,,,,,,,,,41.311922,-105.581147,2020,3,10,10
West,Knight Hall,2020-03-10T11:00:00,,,,,,,,,,,41.311922,-105.581147,2020,3,10,11
West,Knight Hall,2020-03-10T12:00:00,,,,,,,,,,,41.311922,-105.581147,2020,3,10,12
West,Knight Hall,2020-03-10T13:00:00,,,,,,,,,,,41.311922,-105.581147,2020,3,10,13
West,Knight Hall,2020-03-10T14:00:00,,,,,,,,,,,41.311922,-105.581147,2020,3,10,14
West,Knight Hall,2020-03-10T15:00:00,,,,,,,,,,,41.311922,-105.581147,2020,3,10,15
West,Knight Hall,2020-03-10T16:00:00,,,,,,,,,,,41.311922,-105.581147,2020,3,10,16
West,Knight Hall,2020-03-10T17:00:00,,,,,,,,,,,41.311922,-105.581147,2020,3,10,17
West,Knight Hall,2020-03-10T18:00:00,,,,,,,,,,,41.311922,-105.581147,2020,3,10,18
West,Knight Hall,2020-03-10T19:00:00,,,,,,,,,,,41.311922,-105.581147,2020,3,10,19
West,Knight Hall,2020-03-10T20:00:00,,,,,,,,,,,41.311922,-105.581147,2020,3,10,20
West,Knight Hall,2020-03-10T21:00:00,,,,,,,,,,,41.311922,-105.581147,2020,3,10,21
West,Knight Hall,2020-03-10T22:00:00,,,,,,,,,,,41.311922,-105.581147,2020,3,10,22
West,Knight Hall,2020-03-10T23:00:00,,,,,,,,,,,41.311922,-105.581147,2020,3,10,23
West,Knight Hall,2020-03-11T00:00:00,,,,,,,,,,,41.311922,-105.581147,2020,3,11,0
West,Knight Hall,2020-03-11T01:00:00,,,,,,,,,,,41.311922,-105.581147,2020,3,11,1
West,Knight Hall,2020-03-11T02:00:00,,,,,,,,,,,41.311922,-105.581147,2020,3,11,2
West,Knight Hall,2020-03-11T03:00:00,,,,,,,,,,,41.311922,-105.581147,2020,3,11,3
West,Knight Hall,2020-03-11T04:00:00,,,,,,,,,,,41.311922,-105.581147,2020,3,11,4
West,Knight Hall,2020-03-11T05:00:00,,,,,,,,,,,41.311922,-105.581147,2020,3,11,5
West,Knight Hall,2020-03-11T06:00:00,,,,,,,,,,,41.311922,-105.581147,2020,3,11,6
West,Knight Hall,2020-03-11T07:00:00,,,,,,,,,,,41.311922,-105.581147,2020,3,11,7
West,Knight Hall,2020-03-11T08:00:00,,,,,,,,,,,41.311922,-105.581147,2020,3,11,8
West,Knight Hall,2020-03-11T09:00:00,,,,,,,,,,,41.311922,-105.581147,2020,3,11,9
West,Knight Hall,2020-03-11T10:00:00,,,,,,,,,,,41.311922,-105.581147,2020,3,11,10
West,Knight Hall,2020-03-11T11:00:00,,,,,,,,,,,41.311922,-105.581147,2020,3,11,11
West,Knight Hall,2020-03-11T12:00:00,,,,,,,,,,,41.311922,-105.581147,2020,3,11,12
West,Knight Hall,2020-03-11T13:00:00,,,,,,,,,,,41.311922,-105.581147,2020,3,11,13
West,Knight Hall,2020-03-11T14:00:00,,,,,,,,,,,41.311922,-105.581147,2020,3,11,14
West,Knight Hall,2020-03-11T15:00:00,,,,,,,,,,,41.311922,-105.581147,2020,3,11,15
West,Knight Hall,2020-03-11T16:00:00,,,,,,,,,,,41.311922,-105.581147,2020,3,11,16
West,Knight Hall,2020-03-11T17:00:00,,,,,,,,,,,41.311922,-105.581147,2020,3,11,17
West,Knight Hall,2020-03-11T18:00:00,,,,,,,,,,,41.311922,-105.581147,2020,3,11,18
West,Knight Hall,2020-03-11T19:00:00,,,,,,,,,,,41.311922,-105.581147,2020,3,11,19
West,Knight Hall,2020-03-11T20:00:00,,,,,,,,,,,41.311922,-105.581147,2020,3,11,20
West,Knight Hall,2020-03-11T21:00:00,,,,,,,,,,,41.311922,-105.581147,2020,3,11,21
West,Knight Hall,2020-03-11T22:00:00,,,,,,,,,,,41.311922,-105.581147,2020,3,11,22
West,Knight Hall,2020-03-11T23:00:00,,,,,,,,,,,41.311922,-105.581147,2020,3,11,23
West,Knight Hall,2020-03-12T00:00:00,,,,,,,,,,,41.311922,-105.581147,2020,3,12,0
West,Knight Hall,2020-03-12T01:00:00,,,,,,,,,,,41.311922,-105.581147,2020,3,12,1
West,Knight Hall,2020-03-12T02:00:00,,,,,,,,,,,41.311922,-105.581147,2020,3,12,2
West,Knight Hall,2020-03-12T03:00:00,,,,,,,,,,,41.311922,-105.581147,2020,3,12,3
West,Knight Hall,2020-03-12T04:00:00,,,,,,,,,,,41.311922,-105.581147,2020,3,12,4
West,Knight Hall,2020-03-12T05:00:00,,,,,,,,,,,41.311922,-105.581147,2020,3,12,5
West,Knight Hall,2020-03-12T06:00:00,,,,,,,,,,,41.311922,-105.581147,2020,3,12,6
West,Knight Hall,2020-03-12T07:00:00,,,,,,,,,,,41.311922,-105.581147,2020,3,12,7
West,Knight Hall,2020-03-12T08:00:00,,,,,,,,,,,41.311922,-105.581147,2020,3,12,8
West,Knight Hall,2020-03-12T09:00:00,,,,,,,,,,,41.311922,-105.581147,2020,3,12,9
West,Knight Hall,2020-03-12T10:00:00,,,,,,,,,,,41.311922,-105.581147,2020,3,12,10
West,Knight Hall,2020-03-12T11:00:00,,,,,,,,,,,41.311922,-105.581147,2020,3,12,11
West,Knight Hall,2020-03-12T12:00:00,,,,,,,,,,,41.311922,-105.581147,2020,3,12,12
West,Knight Hall,2020-03-12T13:00:00,,,,,,,,,,,41.311922,-105.581147,2020,3,12,13
West,Knight Hall,2020-03-12T14:00:00,,,,,,,,,,,41.311922,-105.581147,2020,3,12,14
West,Knight Hall,2020-03-12T15:00:00,,,,,,,,,,,41.311922,-105.581147,2020,3,12,15
West,Knight Hall,2020-03-12T16:00:00,,,,,,,,,,,41.311922,-105.581147,2020,3,12,16
West,Knight Hall,2020-03-12T17:00:00,,,,,,,,,,,41.311922,-105.581147,2020,3,12,17
West,Knight Hall,2020-03-12T18:00:00,,,,,,,,,,,41.311922,-105.581147,2020,3,12,18
West,Knight Hall,2020-03-12T19:00:00,,,,,,,,,,,41.311922,-105.581147,2020,3,12,19
West,Knight Hall,2020-03-12T20:00:00,,,,,,,,,,,41.311922,-105.581147,2020,3,12,20
West,Knight Hall,2020-03-12T21:00:00,,,,,,,,,,,41.311922,-105.581147,2020,3,12,21
West,Knight Hall,2020-03-12T22:00:00,,,,,,,,,,,41.311922,-105.581147,2020,3,12,22
West,Knight Hall,2020-03-12T23:00:00,,,,,,,,,,,41.311922,-105.581147,2020,3,12,23
West,Knight Hall,2020-03-13T00:00:00,,,,,,,,,,,41.311922,-105.581147,2020,3,13,0
West,Knight Hall,2020-03-13T01:00:00,,,,,,,,,,,41.311922,-105.581147,2020,3,13,1
West,Knight Hall,2020-03-13T02:00:00,,,,,,,,,,,41.311922,-105.581147,2020,3,13,2
West,Knight Hall,2020-03-13T03:00:00,,,,,,,,,,,41.311922,-105.581147,2020,3,13,3
West,Knight Hall,2020-03-13T04:00:00,,,,,,,,,,,41.311922,-105.581147,2020,3,13,4
West,Knight Hall,2020-03-13T05:00:00,,,,,,,,,,,41.311922,-105.581147,2020,3,13,5
West,Knight Hall,2020-03-13T06:00:00,,,,,,,,,,,41.311922,-105.581147,2020,3,13,6
West,Knight Hall,2020-03-13T07:00:00,,,,,,,,,,,41.311922,-105.581147,2020,3,13,7
West,Knight Hall,2020-03-13T08:00:00,,,,,,,,,,,41.311922,-105.581147,2020,3,13,8
West,Knight Hall,2020-03-13T09:00:00,,,,,,,,,,,41.311922,-105.581147,2020,3,13,9
West,Knight Hall,2020-03-13T10:00:00,,,,,,,,,,,41.311922,-105.581147,2020,3,13,10
West,Knight Hall,2020-03-13T11:00:00,,,,,,,,,,,41.311922,-105.581147,2020,3,13,11
West,Knight Hall,2020-03-13T12:00:00,,,,,,,,,,,41.311922,-105.581147,2020,3,13,12
West,Knight Hall,2020-03-13T13:00:00,,,,,,,,,,,41.311922,-105.581147,2020,3,13,13
West,Knight Hall,2020-03-13T14:00:00,,,,,,,,,,,41.311922,-105.581147,2020,3,13,14
West,Knight Hall,2020-03-13T15:00:00,,,,,,,,,,,41.311922,-105.581147,2020,3,13,15
West,Knight Hall,2020-03-13T16:00:00,,,,,,,,,,,41.311922,-105.581147,2020,3,13,16
West,Knight Hall,2020-03-13T17:00:00,,,,,,,,,,,41.311922,-105.581147,2020,3,13,17
West,Knight Hall,2020-03-13T18:00:00,,,,,,,,,,,41.311922,-105.581147,2020,3,13,18
West,Knight Hall,2020-03-13T19:00:00,,,,,,,,,,,41.311922,-105.581147,2020,3,13,19
West,Knight Hall,2020-03-13T20:00:00,,,,,,,,,,,41.311922,-105.581147,2020,3,13,20
West,Knight Hall,2020-03-13T21:00:00,,,,,,,,,,,41.311922,-105.581147,2020,3,13,21
West,Knight Hall,2020-03-13T22:00:00,,,,,,,,,,,41.311922,-105.581147,2020,3,13,22
West,Knight Hall,2020-03-13T23:00:00,,,,,,,,,,,41.311922,-105.581147,2020,3,13,23
West,Knight Hall,2020-03-14T00:00:00,,,,,,,,,,,41.311922,-105.581147,2020,3,14,0
West,Knight Hall,2020-03-14T01:00:00,,,,,,,,,,,41.311922,-105.581147,2020,3,14,1
West,Knight Hall,2020-03-14T02:00:00,,,,,,,,,,,41.311922,-105.581147,2020,3,14,2
West,Knight Hall,2020-03-14T03:00:00,,,,,,,,,,,41.311922,-105.581147,2020,3,14,3
West,Knight Hall,2020-03-14T04:00:00,,,,,,,,,,,41.311922,-105.581147,2020,3,14,4
West,Knight Hall,2020-03-14T05:00:00,,,,,,,,,,,41.311922,-105.581147,2020,3,14,5
West,Knight Hall,2020-03-14T06:00:00,,,,,,,,,,,41.311922,-105.581147,2020,3,14,6
West,Knight Hall,2020-03-14T07:00:00,,,,,,,,,,,41.311922,-105.581147,2020,3,14,7
West,Knight Hall,2020-03-14T08:00:00,,,,,,,,,,,41.311922,-105.581147,2020,3,14,8
West,Knight Hall,2020-03-14T09:00:00,,,,,,,,,,,41.311922,-105.581147,2020,3,14,9
West,Knight Hall,2020-03-14T10:00:00,,,,,,,,,,,41.311922,-105.581147,2020,3,14,10
West,Knight Hall,2020-03-14T11:00:00,,,,,,,,,,,41.311922,-105.581147,2020,3,14,11
West,Knight Hall,2020-03-14T12:00:00,,,,,,,,,,,41.311922,-105.581147,2020,3,14,12
West,Knight Hall,2020-03-14T13:00:00,,,,,,,,,,,41.311922,-105.581147,2020,3,14,13
West,Knight Hall,2020-03-14T14:00:00,,,,,,,,,,,41.311922,-105.581147,2020,3,14,14
West,Knight Hall,2020-03-14T15:00:00,,,,,,,,,,,41.311922,-105.581147,2020,3,14,15
West,Knight Hall,2020-03-14T16:00:00,,,,,,,,,,,41.311922,-105.581147,2020,3,14,16
West,Knight Hall,2020-03-14T17:00:00,,,,,,,,,,,41.311922,-105.581147,2020,3,14,17
West,Knight Hall,2020-03-14T18:00:00,,,,,,,,,,,41.311922,-105.581147,2020,3,14,18
West,Knight Hall,2020-03-14T19:00:00,,,,,,,,,,,41.311922,-105.581147,2020,3,14,19
West,Knight Hall,2020-03-14T20:00:00,,,,,,,,,,,41.311922,-105.581147,2020,3,14,20
West,Knight Hall,2020-03-14T21:00:00,,,,,,,,,,,41.311922,-105.581147,2020,3,14,21
West,Knight Hall,2020-03-14T22:00:00,,,,,,,,,,,41.311922,-105.581147,2020,3,14,22
West,Knight Hall,2020-03-14T23:00:00,,,,,,,,,,,41.311922,-105.581147,2020,3,14,23
West,Knight Hall,2020-03-15T00:00:00,,,,,,,,,,,41.311922,-105.581147,2020,3,15,0
West,Knight Hall,2020-03-15T01:00:00,,,,,,,,,,,41.311922,-105.581147,2020,3,15,1
West,Knight Hall,2020-03-15T02:00:00,,,,,,,,,,,41.311922,-105.581147,2020,3,15,2
West,Knight Hall,2020-03-15T03:00:00,,,,,,,,,,,41.311922,-105.581147,2020,3,15,3
West,Knight Hall,2020-03-15T04:00:00,,,,,,,,,,,41.311922,-105.581147,2020,3,15,4
West,Knight Hall,2020-03-15T05:00:00,,,,,,,,,,,41.311922,-105.581147,2020,3,15,5
West,Knight Hall,2020-03-15T06:00:00,,,,,,,,,,,41.311922,-105.581147,2020,3,15,6
West,Knight Hall,2020-03-15T07:00:00,,,,,,,,,,,41.311922,-105.581147,2020,3,15,7
West,Knight Hall,2020-03-15T08:00:00,,,,,,,,,,,41.311922,-105.581147,2020,3,15,8
West,Knight Hall,2020-03-15T09:00:00,,,,,,,,,,,41.311922,-105.581147,2020,3,15,9
West,Knight Hall,2020-03-15T10:00:00,,,,,,,,,,,41.311922,-105.581147,2020,3,15,10
West,Knight Hall,2020-03-15T11:00:00,,,,,,,,,,,41.311922,-105.581147,2020,3,15,11
West,Knight Hall,2020-03-15T12:00:00,,,,,,,,,,,41.311922,-105.581147,2020,3,15,12
West,Knight Hall,2020-03-15T13:00:00,,,,,,,,,,,41.311922,-105.581147,2020,3,15,13
West,Knight Hall,2020-03-15T14:00:00,,,,,,,,,,,41.311922,-105.581147,2020,3,15,14
West,Knight Hall,2020-03-15T15:00:00,,,,,,,,,,,41.311922,-105.581147,2020,3,15,15
West,Knight Hall,2020-03-15T16:00:00,,,,,,,,,,,41.311922,-105.581147,2020,3,15,16
West,Knight Hall,2020-03-15T17:00:00,,,,,,,,,,,41.311922,-105.581147,2020,3,15,17
West,Knight Hall,2020-03-15T18:00:00,,,,,,,,,,,41.311922,-105.581147,2020,3,15,18
West,Knight Hall,2020-03-15T19:00:00,,,,,,,,,,,41.311922,-105.581147,2020,3,15,19
West,Knight Hall,2020-03-15T20:00:00,,,,,,,,,,,41.311922,-105.581147,2020,3,15,20
West,Knight Hall,2020-03-15T21:00:00,,,,,,,,,,,41.311922,-105.581147,2020,3,15,21
West,Knight Hall,2020-03-15T22:00:00,,,,,,,,,,,41.311922,-105.581147,2020,3,15,22
West,Knight Hall,2020-03-15T23:00:00,,,,,,,,,,,41.311922,-105.581147,2020,3,15,23
West,Knight Hall,2020-03-16T00:00:00,,,,,,,,,,,41.311922,-105.581147,2020,3,16,0
West,Knight Hall,2020-03-16T01:00:00,,,,,,,,,,,41.311922,-105.581147,2020,3,16,1
West,Knight Hall,2020-03-16T02:00:00,,,,,,,,,,,41.311922,-105.581147,2020,3,16,2
West,Knight Hall,2020-03-16T03:00:00,,,,,,,,,,,41.311922,-105.581147,2020,3,16,3
West,Knight Hall,2020-03-16T04:00:00,,,,,,,,,,,41.311922,-105.581147,2020,3,16,4
West,Knight Hall,2020-03-16T05:00:00,,,,,,,,,,,41.311922,-105.581147,2020,3,16,5
West,Knight Hall,2020-03-16T06:00:00,,,,,,,,,,,41.311922,-105.581147,2020,3,16,6
West,Knight Hall,2020-03-16T07:00:00,,,,,,,,,,,41.311922,-105.581147,2020,3,16,7
West,Knight Hall,2020-03-16T08:00:00,,,,,,,,,,,41.311922,-105.581147,2020,3,16,8
West,Knight Hall,2020-03-16T09:00:00,,,,,,,,,,,41.311922,-105.581147,2020,3,16,9
West,Knight Hall,2020-03-16T10:00:00,,,,,,,,,,,41.311922,-105.581147,2020,3,16,10
West,Knight Hall,2020-03-16T11:00:00,,,,,,,,,,,41.311922,-105.581147,2020,3,16,11
West,Knight Hall,2020-03-16T12:00:00,,,,,,,,,,,41.311922,-105.581147,2020,3,16,12
West,Knight Hall,2020-03-16T13:00:00,,,,,,,,,,,41.311922,-105.581147,2020,3,16,13
West,Knight Hall,2020-03-16T14:00:00,,,,,,,,,,,41.311922,-105.581147,2020,3,16,14
West,Knight Hall,2020-03-16T15:00:00,,,,,,,,,,,41.311922,-105.581147,2020,3,16,15
West,Knight Hall,2020-03-16T16:00:00,,,,,,,,,,,41.311922,-105.581147,2020,3,16,16
West,Knight Hall,2020-03-16T17:00:00,,,,,,,,,,,41.311922,-105.581147,2020,3,16,17
West,Knight Hall,2020-03-16T18:00:00,,,,,,,,,,,41.311922,-105.581147,2020,3,16,18
West,Knight Hall,2020-03-16T19:00:00,,,,,,,,,,,41.311922,-105.581147,2020,3,16,19
West,Knight Hall,2020-03-16T20:00:00,,,,,,,,,,,41.311922,-105.581147,2020,3,16,20
West,Knight Hall,2020-03-16T21:00:00,,,,,,,,,,,41.311922,-105.581147,2020,3,16,21
West,Knight Hall,2020-03-16T22:00:00,,,,,,,,,,,41.311922,-105.581147,2020,3,16,22
West,Knight Hall,2020-03-16T23:00:00,,,,,,,,,,,41.311922,-105.581147,2020,3,16,23
West,Knight Hall,2020-03-17T00:00:00,,,,,,,,,,,41.311922,-105.581147,2020,3,17,0
West,Knight Hall,2020-03-17T01:00:00,,,,,,,,,,,41.311922,-105.581147,2020,3,17,1
West,Knight Hall,2020-03-17T02:00:00,,,,,,,,,,,41.311922,-105.581147,2020,3,17,2
West,Knight Hall,2020-03-17T03:00:00,,,,,,,,,,,41.311922,-105.581147,2020,3,17,3
West,Knight Hall,2020-03-17T04:00:00,,,,,,,,,,,41.311922,-105.581147,2020,3,17,4
West,Knight Hall,2020-03-17T05:00:00,,,,,,,,,,,41.311922,-105.581147,2020,3,17,5
West,Knight Hall,2020-03-17T06:00:00,,,,,,,,,,,41.311922,-105.581147,2020,3,17,6
West,Knight Hall,2020-03-17T07:00:00,,,,,,,,,,,41.311922,-105.581147,2020,3,17,7
West,Knight Hall,2020-03-17T08:00:00,,,,,,,,,,,41.311922,-105.581147,2020,3,17,8
West,Knight Hall,2020-03-17T09:00:00,,,,,,,,,,,41.311922,-105.581147,2020,3,17,9
West,Knight Hall,2020-03-17T10:00:00,,,,,,,,,,,41.311922,-105.581147,2020,3,17,10
West,Knight Hall,2020-03-17T11:00:00,,,,,,,,,,,41.311922,-105.581147,2020,3,17,11
West,Knight Hall,2020-03-17T12:00:00,,,,,,,,,,,41.311922,-105.581147,2020,3,17,12
West,Knight Hall,2020-03-17T13:00:00,,,,,,,,,,,41.311922,-105.581147,2020,3,17,13
West,Knight Hall,2020-03-17T14:00:00,,,,,,,,,,,41.311922,-105.581147,2020,3,17,14
West,Knight Hall,2020-03-17T15:00:00,,,,,,,,,,,41.311922,-105.581147,2020,3,17,15
West,Knight Hall,2020-03-17T16:00:00,,,,,,,,,,,41.311922,-105.581147,2020,3,17,16
West,Knight Hall,2020-03-17T17:00:00,,,,,,,,,,,41.311922,-105.581147,2020,3,17,17
West,Knight Hall,2020-03-17T18:00:00,,,,,,,,,,,41.311922,-105.581147,2020,3,17,18
West,Knight Hall,2020-03-17T19:00:00,,,,,,,,,,,41.311922,-105.581147,2020,3,17,19
West,Knight Hall,2020-03-17T20:00:00,,,,,,,,,,,41.311922,-105.581147,2020,3,17,20
West,Knight Hall,2020-03-17T21:00:00,,,,,,,,,,,41.311922,-105.581147,2020,3,17,21
West,Knight Hall,2020-03-17T22:00:00,,,,,,,,,,,41.311922,-105.581147,2020,3,17,22
West,Knight Hall,2020-03-17T23:00:00,,,,,,,,,,,41.311922,-105.581147,2020,3,17,23
West,Knight Hall,2020-03-18T00:00:00,,,,,,,,,,,41.311922,-105.581147,2020,3,18,0
West,Knight Hall,2020-03-18T01:00:00,,,,,,,,,,,41.311922,-105.581147,2020,3,18,1
West,Knight Hall,2020-03-18T02:00:00,,,,,,,,,,,41.311922,-105.581147,2020,3,18,2
West,Knight Hall,2020-03-18T03:00:00,,,,,,,,,,,41.311922,-105.581147,2020,3,18,3
West,Knight Hall,2020-03-18T04:00:00,,,,,,,,,,,41.311922,-105.581147,2020,3,18,4
West,Knight Hall,2020-03-18T05:00:00,,,,,,,,,,,41.311922,-105.581147,2020,3,18,5
West,Knight Hall,2020-03-18T06:00:00,,,,,,,,,,,41.311922,-105.581147,2020,3,18,6
West,Knight Hall,2020-03-18T07:00:00,,,,,,,,,,,41.311922,-105.581147,2020,3,18,7
West,Knight Hall,2020-03-18T08:00:00,,,,,,,,,,,41.311922,-105.581147,2020,3,18,8
West,Knight Hall,2020-03-18T09:00:00,,,,,,,,,,,41.311922,-105.581147,2020,3,18,9
West,Knight Hall,2020-03-18T10:00:00,,,,,,,,,,,41.311922,-105.581147,2020,3,18,10
West,Knight Hall,2020-03-18T11:00:00,,,,,,,,,,,41.311922,-105.581147,2020,3,18,11
West,Knight Hall,2020-03-18T12:00:00,,,,,,,,,,,41.311922,-105.581147,2020,3,18,12
West,Knight Hall,2020-03-18T13:00:00,,,,,,,,,,,41.311922,-105.581147,2020,3,18,13
West,Knight Hall,2020-03-18T14:00:00,,,,,,,,,,,41.311922,-105.581147,2020,3,18,14
West,Knight Hall,2020-03-18T15:00:00,,,,,,,,,,,41.311922,-105.581147,2020,3,18,15
West,Knight Hall,2020-03-18T16:00:00,,,,,,,,,,,41.311922,-105.581147,2020,3,18,16
West,Knight Hall,2020-03-18T17:00:00,,,,,,,,,,,41.311922,-105.581147,2020,3,18,17
West,Knight Hall,2020-03-18T18:00:00,,,,,,,,,,,41.311922,-105.581147,2020,3,18,18
West,Knight Hall,2020-03-18T19:00:00,,,,,,,,,,,41.311922,-105.581147,2020,3,18,19
West,Knight Hall,2020-03-18T20:00:00,,,,,,,,,,,41.311922,-105.581147,2020,3,18,20
West,Knight Hall,2020-03-18T21:00:00,,,,,,,,,,,41.311922,-105.581147,2020,3,18,21
West,Knight Hall,2020-03-18T22:00:00,,,,,,,,,,,41.311922,-105.581147,2020,3,18,22
West,Knight Hall,2020-03-18T23:00:00,,,,,,,,,,,41.311922,-105.581147,2020,3,18,23
West,Knight Hall,2020-03-19T00:00:00,,,,,,,,,,,41.311922,-105.581147,2020,3,19,0
West,Knight Hall,2020-03-19T01:00:00,,,,,,,,,,,41.311922,-105.581147,2020,3,19,1
West,Knight Hall,2020-03-19T02:00:00,,,,,,,,,,,41.311922,-105.581147,2020,3,19,2
West,Knight Hall,2020-03-19T03:00:00,,,,,,,,,,,41.311922,-105.581147,2020,3,19,3
West,Knight Hall,2020-03-19T04:00:00,,,,,,,,,,,41.311922,-105.581147,2020,3,19,4
West,Knight Hall,2020-03-19T05:00:00,,,,,,,,,,,41.311922,-105.581147,2020,3,19,5
West,Knight Hall,2020-03-19T06:00:00,,,,,,,,,,,41.311922,-105.581147,2020,3,19,6
West,Knight Hall,2020-03-19T07:00:00,,,,,,,,,,,41.311922,-105.581147,2020,3,19,7
West,Knight Hall,2020-03-19T08:00:00,,,,,,,,,,,41.311922,-105.581147,2020,3,19,8
West,Knight Hall,2020-03-19T09:00:00,,,,,,,,,,,41.311922,-105.581147,2020,3,19,9
West,Knight Hall,2020-03-19T10:00:00,,,,,,,,,,,41.311922,-105.581147,2020,3,19,10
West,Knight Hall,2020-03-19T11:00:00,,,,,,,,,,,41.311922,-105.581147,2020,3,19,11
West,Knight Hall,2020-03-19T12:00:00,,,,,,,,,,,41.311922,-105.581147,2020,3,19,12
West,Knight Hall,2020-03-19T13:00:00,,,,,,,,,,,41.311922,-105.581147,2020,3,19,13
West,Knight Hall,2020-03-19T14:00:00,,,,,,,,,,,41.311922,-105.581147,2020,3,19,14
West,Knight Hall,2020-03-19T15:00:00,,,,,,,,,,,41.311922,-105.581147,2020,3,19,15
West,Knight Hall,2020-03-19T16:00:00,,,,,,,,,,,41.311922,-105.581147,2020,3,19,16
West,Knight Hall,2020-03-19T17:00:00,,,,,,,,,,,41.311922,-105.581147,2020,3,19,17
West,Knight Hall,2020-03-19T18:00:00,,,,,,,,,,,41.311922,-105.581147,2020,3,19,18
West,Knight Hall,2020-03-19T19:00:00,,,,,,,,,,,41.311922,-105.581147,2020,3,19,19
West,Knight Hall,2020-03-19T20:00:00,,,,,,,,,,,41.311922,-105.581147,2020,3,19,20
West,Knight Hall,2020-03-19T21:00:00,,,,,,,,,,,41.311922,-105.581147,2020,3,19,21
West,Knight Hall,2020-03-19T22:00:00,,,,,,,,,,,41.311922,-105.581147,2020,3,19,22
West,Knight Hall,2020-03-19T23:00:00,,,,,,,,,,,41.311922,-105.581147,2020,3,19,23
West,Knight Hall,2020-03-20T00:00:00,,,,,,,,,,,41.311922,-105.581147,2020,3,20,0
West,Knight Hall,2020-03-20T01:00:00,,,,,,,,,,,41.311922,-105.581147,2020,3,20,1
West,Knight Hall,2020-03-20T02:00:00,,,,,,,,,,,41.311922,-105.581147,2020,3,20,2
West,Knight Hall,2020-03-20T03:00:00,,,,,,,,,,,41.311922,-105.581147,2020,3,20,3
West,Knight Hall,2020-03-20T04:00:00,,,,,,,,,,,41.311922,-105.581147,2020,3,20,4
West,Knight Hall,2020-03-20T05:00:00,,,,,,,,,,,41.311922,-105.581147,2020,3,20,5
West,Knight Hall,2020-03-20T06:00:00,,,,,,,,,,,41.311922,-105.581147,2020,3,20,6
West,Knight Hall,2020-03-20T07:00:00,,,,,,,,,,,41.311922,-105.581147,2020,3,20,7
West,Knight Hall,2020-03-20T08:00:00,,,,,,,,,,,41.311922,-105.581147,2020,3,20,8
West,Knight Hall,2020-03-20T09:00:00,,,,,,,,,,,41.311922,-105.581147,2020,3,20,9
West,Knight Hall,2020-03-20T10:00:00,,,,,,,,,,,41.311922,-105.581147,2020,3,20,10
West,Knight Hall,2020-03-20T11:00:00,,,,,,,,,,,41.311922,-105.581147,2020,3,20,11
West,Knight Hall,2020-03-20T12:00:00,,,,,,,,,,,41.311922,-105.581147,2020,3,20,12
West,Knight Hall,2020-03-20T13:00:00,,,,,,,,,,,41.311922,-105.581147,2020,3,20,13
West,Knight Hall,2020-03-20T14:00:00,,,,,,,,,,,41.311922,-105.581147,2020,3,20,14
West,Knight Hall,2020-03-20T15:00:00,,,,,,,,,,,41.311922,-105.581147,2020,3,20,15
West,Knight Hall,2020-03-20T16:00:00,,,,,,,,,,,41.311922,-105.581147,2020,3,20,16
West,Knight Hall,2020-03-20T17:00:00,,,,,,,,,,,41.311922,-105.581147,2020,3,20,17
West,Knight Hall,2020-03-20T18:00:00,,,,,,,,,,,41.311922,-105.581147,2020,3,20,18
West,Knight Hall,2020-03-20T19:00:00,,,,,,,,,,,41.311922,-105.581147,2020,3,20,19
West,Knight Hall,2020-03-20T20:00:00,,,,,,,,,,,41.311922,-105.581147,2020,3,20,20
West,Knight Hall,2020-03-20T21:00:00,,,,,,,,,,,41.311922,-105.581147,2020,3,20,21
West,Knight Hall,2020-03-20T22:00:00,,,,,,,,,,,41.311922,-105.581147,2020,3,20,22
West,Knight Hall,2020-03-20T23:00:00,,,,,,,,,,,41.311922,-105.581147,2020,3,20,23
West,Knight Hall,2020-03-21T00:00:00,,,,,,,,,,,41.311922,-105.581147,2020,3,21,0
West,Knight Hall,2020-03-21T01:00:00,,,,,,,,,,,41.311922,-105.581147,2020,3,21,1
West,Knight Hall,2020-03-21T02:00:00,,,,,,,,,,,41.311922,-105.581147,2020,3,21,2
West,Knight Hall,2020-03-21T03:00:00,,,,,,,,,,,41.311922,-105.581147,2020,3,21,3
West,Knight Hall,2020-03-21T04:00:00,,,,,,,,,,,41.311922,-105.581147,2020,3,21,4
West,Knight Hall,2020-03-21T05:00:00,,,,,,,,,,,41.311922,-105.581147,2020,3,21,5
West,Knight Hall,2020-03-21T06:00:00,,,,,,,,,,,41.311922,-105.581147,2020,3,21,6
West,Knight Hall,2020-03-21T07:00:00,,,,,,,,,,,41.311922,-105.581147,2020,3,21,7
West,Knight Hall,2020-03-21T08:00:00,,,,,,,,,,,41.311922,-105.581147,2020,3,21,8
West,Knight Hall,2020-03-21T09:00:00,,,,,,,,,,,41.311922,-105.581147,2020,3,21,9
West,Knight Hall,2020-03-21T10:00:00,,,,,,,,,,,41.311922,-105.581147,2020,3,21,10
West,Knight Hall,2020-03-21T11:00:00,,,,,,,,,,,41.311922,-105.581147,2020,3,21,11
West,Knight Hall,2020-03-21T12:00:00,,,,,,,,,,,41.311922,-105.581147,2020,3,21,12
West,Knight Hall,2020-03-21T13:00:00,,,,,,,,,,,41.311922,-105.581147,2020,3,21,13
West,Knight Hall,2020-03-21T14:00:00,,,,,,,,,,,41.311922,-105.581147,2020,3,21,14
West,Knight Hall,2020-03-21T15:00:00,,,,,,,,,,,41.311922,-105.581147,2020,3,21,15
West,Knight Hall,2020-03-21T16:00:00,,,,,,,,,,,41.311922,-105.581147,2020,3,21,16
West,Knight Hall,2020-03-21T17:00:00,,,,,,,,,,,41.311922,-105.581147,2020,3,21,17
West,Knight Hall,2020-03-21T18:00:00,,,,,,,,,,,41.311922,-105.581147,2020,3,21,18
West,Knight Hall,2020-03-21T19:00:00,,,,,,,,,,,41.311922,-105.581147,2020,3,21,19
West,Knight Hall,2020-03-21T20:00:00,,,,,,,,,,,41.311922,-105.581147,2020,3,21,20
West,Knight Hall,2020-03-21T21:00:00,,,,,,,,,,,41.311922,-105.581147,2020,3,21,21
West,Knight Hall,2020-03-21T22:00:00,,,,,,,,,,,41.311922,-105.581147,2020,3,21,22
West,Knight Hall,2020-03-21T23:00:00,,,,,,,,,,,41.311922,-105.581147,2020,3,21,23
West,Knight Hall,2020-03-22T00:00:00,,,,,,,,,,,41.311922,-105.581147,2020,3,22,0
West,Knight Hall,2020-03-22T01:00:00,,,,,,,,,,,41.311922,-105.581147,2020,3,22,1
West,Knight Hall,2020-03-22T02:00:00,,,,,,,,,,,41.311922,-105.581147,2020,3,22,2
West,Knight Hall,2020-03-22T03:00:00,,,,,,,,,,,41.311922,-105.581147,2020,3,22,3
West,Knight Hall,2020-03-22T04:00:00,,,,,,,,,,,41.311922,-105.581147,2020,3,22,4
West,Knight Hall,2020-03-22T05:00:00,,,,,,,,,,,41.311922,-105.581147,2020,3,22,5
West,Knight Hall,2020-03-22T06:00:00,,,,,,,,,,,41.311922,-105.581147,2020,3,22,6
West,Knight Hall,2020-03-22T07:00:00,,,,,,,,,,,41.311922,-105.581147,2020,3,22,7
West,Knight Hall,2020-03-22T08:00:00,,,,,,,,,,,41.311922,-105.581147,2020,3,22,8
West,Knight Hall,2020-03-22T09:00:00,,,,,,,,,,,41.311922,-105.581147,2020,3,22,9
West,Knight Hall,2020-03-22T10:00:00,,,,,,,,,,,41.311922,-105.581147,2020,3,22,10
West,Knight Hall,2020-03-22T11:00:00,,,,,,,,,,,41.311922,-105.581147,2020,3,22,11
West,Knight Hall,2020-03-22T12:00:00,,,,,,,,,,,41.311922,-105.581147,2020,3,22,12
West,Knight Hall,2020-03-22T13:00:00,,,,,,,,,,,41.311922,-105.581147,2020,3,22,13
West,Knight Hall,2020-03-22T14:00:00,,,,,,,,,,,41.311922,-105.581147,2020,3,22,14
West,Knight Hall,2020-03-22T15:00:00,,,,,,,,,,,41.311922,-105.581147,2020,3,22,15
West,Knight Hall,2020-03-22T16:00:00,,,,,,,,,,,41.311922,-105.581147,2020,3,22,16
West,Knight Hall,2020-03-22T17:00:00,,,,,,,,,,,41.311922,-105.581147,2020,3,22,17
West,Knight Hall,2020-03-22T18:00:00,,,,,,,,,,,41.311922,-105.581147,2020,3,22,18
West,Knight Hall,2020-03-22T19:00:00,,,,,,,,,,,41.311922,-105.581147,2020,3,22,19
West,Knight Hall,2020-03-22T20:00:00,,,,,,,,,,,41.311922,-105.581147,2020,3,22,20
West,Knight Hall,2020-03-22T21:00:00,,,,,,,,,,,41.311922,-105.581147,2020,3,22,21
West,Knight Hall,2020-03-22T22:00:00,,,,,,,,,,,41.311922,-105.581147,2020,3,22,22
West,Knight Hall,2020-03-22T23:00:00,,,,,,,,,,,41.311922,-105.581147,2020,3,22,23
West,Knight Hall,2020-03-23T00:00:00,,,,,,,,,,,41.311922,-105.581147,2020,3,23,0
West,Knight Hall,2020-03-23T01:00:00,,,,,,,,,,,41.311922,-105.581147,2020,3,23,1
West,Knight Hall,2020-03-23T02:00:00,,,,,,,,,,,41.311922,-105.581147,2020,3,23,2
West,Knight Hall,2020-03-23T03:00:00,,,,,,,,,,,41.311922,-105.581147,2020,3,23,3
West,Knight Hall,2020-03-23T04:00:00,,,,,,,,,,,41.311922,-105.581147,2020,3,23,4
West,Knight Hall,2020-03-23T05:00:00,,,,,,,,,,,41.311922,-105.581147,2020,3,23,5
West,Knight Hall,2020-03-23T06:00:00,,,,,,,,,,,41.311922,-105.581147,2020,3,23,6
West,Knight Hall,2020-03-23T07:00:00,,,,,,,,,,,41.311922,-105.581147,2020,3,23,7
West,Knight Hall,2020-03-23T08:00:00,,,,,,,,,,,41.311922,-105.581147,2020,3,23,8
West,Knight Hall,2020-03-23T09:00:00,,,,,,,,,,,41.311922,-105.581147,2020,3,23,9
West,Knight Hall,2020-03-23T10:00:00,,,,,,,,,,,41.311922,-105.581147,2020,3,23,10
West,Knight Hall,2020-03-23T11:00:00,,,,,,,,,,,41.311922,-105.581147,2020,3,23,11
West,Knight Hall,2020-03-23T12:00:00,,,,,,,,,,,41.311922,-105.581147,2020,3,23,12
West,Knight Hall,2020-03-23T13:00:00,,,,,,,,,,,41.311922,-105.581147,2020,3,23,13
West,Knight Hall,2020-03-23T14:00:00,,,,,,,,,,,41.311922,-105.581147,2020,3,23,14
West,Knight Hall,2020-03-23T15:00:00,,,,,,,,,,,41.311922,-105.581147,2020,3,23,15
West,Knight Hall,2020-03-23T16:00:00,,,,,,,,,,,41.311922,-105.581147,2020,3,23,16
West,Knight Hall,2020-03-23T17:00:00,,,,,,,,,,,41.311922,-105.581147,2020,3,23,17
West,Knight Hall,2020-03-23T18:00:00,,,,,,,,,,,41.311922,-105.581147,2020,3,23,18
West,Knight Hall,2020-03-23T19:00:00,,,,,,,,,,,41.311922,-105.581147,2020,3,23,19
West,Knight Hall,2020-03-23T20:00:00,,,,,,,,,,,41.311922,-105.581147,2020,3,23,20
West,Knight Hall,2020-03-23T21:00:00,,,,,,,,,,,41.311922,-105.581147,2020,3,23,21
West,Knight Hall,2020-03-23T22:00:00,,,,,,,,,,,41.311922,-105.581147,2020,3,23,22
West,Knight Hall,2020-03-23T23:00:00,,,,,,,,,,,41.311922,-105.581147,2020,3,23,23
West,Knight Hall,2020-03-24T00:00:00,,,,,,,,,,,41.311922,-105.581147,2020,3,24,0
West,Knight Hall,2020-03-24T01:00:00,,,,,,,,,,,41.311922,-105.581147,2020,3,24,1
West,Knight Hall,2020-03-24T02:00:00,,,,,,,,,,,41.311922,-105.581147,2020,3,24,2
West,Knight Hall,2020-03-24T03:00:00,,,,,,,,,,,41.311922,-105.581147,2020,3,24,3
West,Knight Hall,2020-03-24T04:00:00,,,,,,,,,,,41.311922,-105.581147,2020,3,24,4
West,Knight Hall,2020-03-24T05:00:00,,,,,,,,,,,41.311922,-105.581147,2020,3,24,5
West,Knight Hall,2020-03-24T06:00:00,,,,,,,,,,,41.311922,-105.581147,2020,3,24,6
West,Knight Hall,2020-03-24T07:00:00,,,,,,,,,,,41.311922,-105.581147,2020,3,24,7
West,Knight Hall,2020-03-24T08:00:00,,,,,,,,,,,41.311922,-105.581147,2020,3,24,8
West,Knight Hall,2020-03-24T09:00:00,,,,,,,,,,,41.311922,-105.581147,2020,3,24,9
West,Knight Hall,2020-03-24T10:00:00,,,,,,,,,,,41.311922,-105.581147,2020,3,24,10
West,Knight Hall,2020-03-24T11:00:00,,,,,,,,,,,41.311922,-105.581147,2020,3,24,11
West,Knight Hall,2020-03-24T12:00:00,,,,,,,,,,,41.311922,-105.581147,2020,3,24,12
West,Knight Hall,2020-03-24T13:00:00,,,,,,,,,,,41.311922,-105.581147,2020,3,24,13
West,Knight Hall,2020-03-24T14:00:00,,,,,,,,,,,41.311922,-105.581147,2020,3,24,14
West,Knight Hall,2020-03-24T15:00:00,,,,,,,,,,,41.311922,-105.581147,2020,3,24,15
West,Knight Hall,2020-03-24T16:00:00,,,,,,,,,,,41.311922,-105.581147,2020,3,24,16
West,Knight Hall,2020-03-24T17:00:00,,,,,,,,,,,41.311922,-105.581147,2020,3,24,17
West,Knight Hall,2020-03-24T18:00:00,,,,,,,,,,,41.311922,-105.581147,2020,3,24,18
West,Knight Hall,2020-03-24T19:00:00,,,,,,,,,,,41.311922,-105.581147,2020,3,24,19
West,Knight Hall,2020-03-24T20:00:00,,,,,,,,,,,41.311922,-105.581147,2020,3,24,20
West,Knight Hall,2020-03-24T21:00:00,,,,,,,,,,,41.311922,-105.581147,2020,3,24,21
West,Knight Hall,2020-03-24T22:00:00,,,,,,,,,,,41.311922,-105.581147,2020,3,24,22
West,Knight Hall,2020-03-24T23:00:00,,,,,,,,,,,41.311922,-105.581147,2020,3,24,23
West,Knight Hall,2020-03-25T00:00:00,,,,,,,,,,,41.311922,-105.581147,2020,3,25,0
West,Knight Hall,2020-03-25T01:00:00,,,,,,,,,,,41.311922,-105.581147,2020,3,25,1
West,Knight Hall,2020-03-25T02:00:00,,,,,,,,,,,41.311922,-105.581147,2020,3,25,2
West,Knight Hall,2020-03-25T03:00:00,,,,,,,,,,,41.311922,-105.581147,2020,3,25,3
West,Knight Hall,2020-03-25T04:00:00,,,,,,,,,,,41.311922,-105.581147,2020,3,25,4
West,Knight Hall,2020-03-25T05:00:00,,,,,,,,,,,41.311922,-105.581147,2020,3,25,5
West,Knight Hall,2020-03-25T06:00:00,,,,,,,,,,,41.311922,-105.581147,2020,3,25,6
West,Knight Hall,2020-03-25T07:00:00,,,,,,,,,,,41.311922,-105.581147,2020,3,25,7
West,Knight Hall,2020-03-25T08:00:00,,,,,,,,,,,41.311922,-105.581147,2020,3,25,8
West,Knight Hall,2020-03-25T09:00:00,,,,,,,,,,,41.311922,-105.581147,2020,3,25,9
West,Knight Hall,2020-03-25T10:00:00,,,,,,,,,,,41.311922,-105.581147,2020,3,25,10
West,Knight Hall,2020-03-25T11:00:00,,,,,,,,,,,41.311922,-105.581147,2020,3,25,11
West,Knight Hall,2020-03-25T12:00:00,,,,,,,,,,,41.311922,-105.581147,2020,3,25,12
West,Knight Hall,2020-03-25T13:00:00,,,,,,,,,,,41.311922,-105.581147,2020,3,25,13
West,Knight Hall,2020-03-25T14:00:00,,,,,,,,,,,41.311922,-105.581147,2020,3,25,14
West,Knight Hall,2020-03-25T15:00:00,,,,,,,,,,,41.311922,-105.581147,2020,3,25,15
West,Knight Hall,2020-03-25T16:00:00,,,,,,,,,,,41.311922,-105.581147,2020,3,25,16
West,Knight Hall,2020-03-25T17:00:00,,,,,,,,,,,41.311922,-105.581147,2020,3,25,17
West,Knight Hall,2020-03-25T18:00:00,,,,,,,,,,,41.311922,-105.581147,2020,3,25,18
West,Knight Hall,2020-03-25T19:00:00,,,,,,,,,,,41.311922,-105.581147,2020,3,25,19
West,Knight Hall,2020-03-25T20:00:00,,,,,,,,,,,41.311922,-105.581147,2020,3,25,20
West,Knight Hall,2020-03-25T21:00:00,,,,,,,,,,,41.311922,-105.581147,2020,3,25,21
West,Knight Hall,2020-03-25T22:00:00,,,,,,,,,,,41.311922,-105.581147,2020,3,25,22
West,Knight Hall,2020-03-25T23:00:00,,,,,,,,,,,41.311922,-105.581147,2020,3,25,23
West,Knight Hall,2020-03-26T00:00:00,,,,,,,,,,,41.311922,-105.581147,2020,3,26,0
West,Knight Hall,2020-03-26T01:00:00,,,,,,,,,,,41.311922,-105.581147,2020,3,26,1
West,Knight Hall,2020-03-26T02:00:00,,,,,,,,,,,41.311922,-105.581147,2020,3,26,2
West,Knight Hall,2020-03-26T03:00:00,,,,,,,,,,,41.311922,-105.581147,2020,3,26,3
West,Knight Hall,2020-03-26T04:00:00,,,,,,,,,,,41.311922,-105.581147,2020,3,26,4
West,Knight Hall,2020-03-26T05:00:00,,,,,,,,,,,41.311922,-105.581147,2020,3,26,5
West,Knight Hall,2020-03-26T06:00:00,,,,,,,,,,,41.311922,-105.581147,2020,3,26,6
West,Knight Hall,2020-03-26T07:00:00,,,,,,,,,,,41.311922,-105.581147,2020,3,26,7
West,Knight Hall,2020-03-26T08:00:00,,,,,,,,,,,41.311922,-105.581147,2020,3,26,8
West,Knight Hall,2020-03-26T09:00:00,,,,,,,,,,,41.311922,-105.581147,2020,3,26,9
West,Knight Hall,2020-03-26T10:00:00,,,,,,,,,,,41.311922,-105.581147,2020,3,26,10
West,Knight Hall,2020-03-26T11:00:00,,,,,,,,,,,41.311922,-105.581147,2020,3,26,11
West,Knight Hall,2020-03-26T12:00:00,,,,,,,,,,,41.311922,-105.581147,2020,3,26,12
West,Knight Hall,2020-03-26T13:00:00,,,,,,,,,,,41.311922,-105.581147,2020,3,26,13
West,Knight Hall,2020-03-26T14:00:00,,,,,,,,,,,41.311922,-105.581147,2020,3,26,14
West,Knight Hall,2020-03-26T15:00:00,,,,,,,,,,,41.311922,-105.581147,2020,3,26,15
West,Knight Hall,2020-03-26T16:00:00,,,,,,,,,,,41.311922,-105.581147,2020,3,26,16
West,Knight Hall,2020-03-26T17:00:00,,,,,,,,,,,41.311922,-105.581147,2020,3,26,17
West,Knight Hall,2020-03-26T18:00:00,,,,,,,,,,,41.311922,-105.581147,2020,3,26,18
West,Knight Hall,2020-03-26T19:00:00,,,,,,,,,,,41.311922,-105.581147,2020,3,26,19
West,Knight Hall,2020-03-26T20:00:00,,,,,,,,,,,41.311922,-105.581147,2020,3,26,20
West,Knight Hall,2020-03-26T21:00:00,,,,,,,,,,,41.311922,-105.581147,2020,3,26,21
West,Knight Hall,2020-03-26T22:00:00,,,,,,,,,,,41.311922,-105.581147,2020,3,26,22
West,Knight Hall,2020-03-26T23:00:00,,,,,,,,,,,41.311922,-105.581147,2020,3,26,23
West,Knight Hall,2020-03-27T00:00:00,,,,,,,,,,,41.311922,-105.581147,2020,3,27,0
West,Knight Hall,2020-03-27T01:00:00,,,,,,,,,,,41.311922,-105.581147,2020,3,27,1
West,Knight Hall,2020-03-27T02:00:00,,,,,,,,,,,41.311922,-105.581147,2020,3,27,2
West,Knight Hall,2020-03-27T03:00:00,,,,,,,,,,,41.311922,-105.581147,2020,3,27,3
West,Knight Hall,2020-03-27T04:00:00,,,,,,,,,,,41.311922,-105.581147,2020,3,27,4
West,Knight Hall,2020-03-27T05:00:00,,,,,,,,,,,41.311922,-105.581147,2020,3,27,5
West,Knight Hall,2020-03-27T06:00:00,,,,,,,,,,,41.311922,-105.581147,2020,3,27,6
West,Knight Hall,2020-03-27T07:00:00,,,,,,,,,,,41.311922,-105.581147,2020,3,27,7
West,Knight Hall,2020-03-27T08:00:00,,,,,,,,,,,41.311922,-105.581147,2020,3,27,8
West,Knight Hall,2020-03-27T09:00:00,,,,,,,,,,,41.311922,-105.581147,2020,3,27,9
West,Knight Hall,2020-03-27T10:00:00,,,,,,,,,,,41.311922,-105.581147,2020,3,27,10
West,Knight Hall,2020-03-27T11:00:00,,,,,,,,,,,41.311922,-105.581147,2020,3,27,11
West,Knight Hall,2020-03-27T12:00:00,,,,,,,,,,,41.311922,-105.581147,2020,3,27,12
West,Knight Hall,2020-03-27T13:00:00,,,,,,,,,,,41.311922,-105.581147,2020,3,27,13
West,Knight Hall,2020-03-27T14:00:00,,,,,,,,,,,41.311922,-105.581147,2020,3,27,14
West,Knight Hall,2020-03-27T15:00:00,,,,,,,,,,,41.311922,-105.581147,2020,3,27,15
West,Knight Hall,2020-03-27T16:00:00,,,,,,,,,,,41.311922,-105.581147,2020,3,27,16
West,Knight Hall,2020-03-27T17:00:00,,,,,,,,,,,41.311922,-105.581147,2020,3,27,17
West,Knight Hall,2020-03-27T18:00:00,,,,,,,,,,,41.311922,-105.581147,2020,3,27,18
West,Knight Hall,2020-03-27T19:00:00,,,,,,,,,,,41.311922,-105.581147,2020,3,27,19
West,Knight Hall,2020-03-27T20:00:00,,,,,,,,,,,41.311922,-105.581147,2020,3,27,20
West,Knight Hall,2020-03-27T21:00:00,,,,,,,,,,,41.311922,-105.581147,2020,3,27,21
West,Knight Hall,2020-03-27T22:00:00,,,,,,,,,,,41.311922,-105.581147,2020,3,27,22
West,Knight Hall,2020-03-27T23:00:00,,,,,,,,,,,41.311922,-105.581147,2020,3,27,23
West,Knight Hall,2020-03-28T00:00:00,,,,,,,,,,,41.311922,-105.581147,2020,3,28,0
West,Knight Hall,2020-03-28T01:00:00,,,,,,,,,,,41.311922,-105.581147,2020,3,28,1
West,Knight Hall,2020-03-28T02:00:00,,,,,,,,,,,41.311922,-105.581147,2020,3,28,2
West,Knight Hall,2020-03-28T03:00:00,,,,,,,,,,,41.311922,-105.581147,2020,3,28,3
West,Knight Hall,2020-03-28T04:00:00,,,,,,,,,,,41.311922,-105.581147,2020,3,28,4
West,Knight Hall,2020-03-28T05:00:00,,,,,,,,,,,41.311922,-105.581147,2020,3,28,5
West,Knight Hall,2020-03-28T06:00:00,,,,,,,,,,,41.311922,-105.581147,2020,3,28,6
West,Knight Hall,2020-03-28T07:00:00,,,,,,,,,,,41.311922,-105.581147,2020,3,28,7
West,Knight Hall,2020-03-28T08:00:00,,,,,,,,,,,41.311922,-105.581147,2020,3,28,8
West,Knight Hall,2020-03-28T09:00:00,,,,,,,,,,,41.311922,-105.581147,2020,3,28,9
West,Knight Hall,2020-03-28T10:00:00,,,,,,,,,,,41.311922,-105.581147,2020,3,28,10
West,Knight Hall,2020-03-28T11:00:00,,,,,,,,,,,41.311922,-105.581147,2020,3,28,11
West,Knight Hall,2020-03-28T12:00:00,,,,,,,,,,,41.311922,-105.581147,2020,3,28,12
West,Knight Hall,2020-03-28T13:00:00,,,,,,,,,,,41.311922,-105.581147,2020,3,28,13
West,Knight Hall,2020-03-28T14:00:00,,,,,,,,,,,41.311922,-105.581147,2020,3,28,14
West,Knight Hall,2020-03-28T15:00:00,,,,,,,,,,,41.311922,-105.581147,2020,3,28,15
West,Knight Hall,2020-03-28T16:00:00,,,,,,,,,,,41.311922,-105.581147,2020,3,28,16
West,Knight Hall,2020-03-28T17:00:00,,,,,,,,,,,41.311922,-105.581147,2020,3,28,17
West,Knight Hall,2020-03-28T18:00:00,,,,,,,,,,,41.311922,-105.581147,2020,3,28,18
West,Knight Hall,2020-03-28T19:00:00,,,,,,,,,,,41.311922,-105.581147,2020,3,28,19
West,Knight Hall,2020-03-28T20:00:00,,,,,,,,,,,41.311922,-105.581147,2020,3,28,20
West,Knight Hall,2020-03-28T21:00:00,,,,,,,,,,,41.311922,-105.581147,2020,3,28,21
West,Knight Hall,2020-03-28T22:00:00,,,,,,,,,,,41.311922,-105.581147,2020,3,28,22
West,Knight Hall,2020-03-28T23:00:00,,,,,,,,,,,41.311922,-105.581147,2020,3,28,23
West,Knight Hall,2020-03-29T00:00:00,,,,,,,,,,,41.311922,-105.581147,2020,3,29,0
West,Knight Hall,2020-03-29T01:00:00,,,,,,,,,,,41.311922,-105.581147,2020,3,29,1
West,Knight Hall,2020-03-29T02:00:00,,,,,,,,,,,41.311922,-105.581147,2020,3,29,2
West,Knight Hall,2020-03-29T03:00:00,,,,,,,,,,,41.311922,-105.581147,2020,3,29,3
West,Knight Hall,2020-03-29T04:00:00,,,,,,,,,,,41.311922,-105.581147,2020,3,29,4
West,Knight Hall,2020-03-29T05:00:00,,,,,,,,,,,41.311922,-105.581147,2020,3,29,5
West,Knight Hall,2020-03-29T06:00:00,,,,,,,,,,,41.311922,-105.581147,2020,3,29,6
West,Knight Hall,2020-03-29T07:00:00,,,,,,,,,,,41.311922,-105.581147,2020,3,29,7
West,Knight Hall,2020-03-29T08:00:00,,,,,,,,,,,41.311922,-105.581147,2020,3,29,8
West,Knight Hall,2020-03-29T09:00:00,,,,,,,,,,,41.311922,-105.581147,2020,3,29,9
West,Knight Hall,2020-03-29T10:00:00,,,,,,,,,,,41.311922,-105.581147,2020,3,29,10
West,Knight Hall,2020-03-29T11:00:00,,,,,,,,,,,41.311922,-105.581147,2020,3,29,11
West,Knight Hall,2020-03-29T12:00:00,,,,,,,,,,,41.311922,-105.581147,2020,3,29,12
West,Knight Hall,2020-03-29T13:00:00,,,,,,,,,,,41.311922,-105.581147,2020,3,29,13
West,Knight Hall,2020-03-29T14:00:00,,,,,,,,,,,41.311922,-105.581147,2020,3,29,14
West,Knight Hall,2020-03-29T15:00:00,,,,,,,,,,,41.311922,-105.581147,2020,3,29,15
West,Knight Hall,2020-03-29T16:00:00,,,,,,,,,,,41.311922,-105.581147,2020,3,29,16
West,Knight Hall,2020-03-29T17:00:00,,,,,,,,,,,41.311922,-105.581147,2020,3,29,17
West,Knight Hall,2020-03-29T18:00:00,,,,,,,,,,,41.311922,-105.581147,2020,3,29,18
West,Knight Hall,2020-03-29T19:00:00,,,,,,,,,,,41.311922,-105.581147,2020,3,29,19
West,Knight Hall,2020-03-29T20:00:00,,,,,,,,,,,41.311922,-105.581147,2020,3,29,20
West,Knight Hall,2020-03-29T21:00:00,,,,,,,,,,,41.311922,-105.581147,2020,3,29,21
West,Knight Hall,2020-03-29T22:00:00,,,,,,,,,,,41.311922,-105.581147,2020,3,29,22
West,Knight Hall,2020-03-29T23:00:00,,,,,,,,,,,41.311922,-105.581147,2020,3,29,23
West,Knight Hall,2020-03-30T00:00:00,,,,,,,,,,,41.311922,-105.581147,2020,3,30,0
West,Knight Hall,2020-03-30T01:00:00,,,,,,,,,,,41.311922,-105.581147,2020,3,30,1
West,Knight Hall,2020-03-30T02:00:00,,,,,,,,,,,41.311922,-105.581147,2020,3,30,2
West,Knight Hall,2020-03-30T03:00:00,,,,,,,,,,,41.311922,-105.581147,2020,3,30,3
West,Knight Hall,2020-03-30T04:00:00,,,,,,,,,,,41.311922,-105.581147,2020,3,30,4
West,Knight Hall,2020-03-30T05:00:00,,,,,,,,,,,41.311922,-105.581147,2020,3,30,5
West,Knight Hall,2020-03-30T06:00:00,,,,,,,,,,,41.311922,-105.581147,2020,3,30,6
West,Knight Hall,2020-03-30T07:00:00,,,,,,,,,,,41.311922,-105.581147,2020,3,30,7
West,Knight Hall,2020-03-30T08:00:00,,,,,,,,,,,41.311922,-105.581147,2020,3,30,8
West,Knight Hall,2020-03-30T09:00:00,,,,,,,,,,,41.311922,-105.581147,2020,3,30,9
West,Knight Hall,2020-03-30T10:00:00,,,,,,,,,,,41.311922,-105.581147,2020,3,30,10
West,Knight Hall,2020-03-30T11:00:00,,,,,,,,,,,41.311922,-105.581147,2020,3,30,11
West,Knight Hall,2020-03-30T12:00:00,,,,,,,,,,,41.311922,-105.581147,2020,3,30,12
West,Knight Hall,2020-03-30T13:00:00,,,,,,,,,,,41.311922,-105.581147,2020,3,30,13
West,Knight Hall,2020-03-30T14:00:00,,,,,,,,,,,41.311922,-105.581147,2020,3,30,14
West,Knight Hall,2020-03-30T15:00:00,,,,,,,,,,,41.311922,-105.581147,2020,3,30,15
West,Knight Hall,2020-03-30T16:00:00,,,,,,,,,,,41.311922,-105.581147,2020,3,30,16
West,Knight Hall,2020-03-30T17:00:00,,,,,,,,,,,41.311922,-105.581147,2020,3,30,17
West,Knight Hall,2020-03-30T18:00:00,,,,,,,,,,,41.311922,-105.581147,2020,3,30,18
West,Knight Hall,2020-03-30T19:00:00,,,,,,,,,,,41.311922,-105.581147,2020,3,30,19
West,Knight Hall,2020-03-30T20:00:00,,,,,,,,,,,41.311922,-105.581147,2020,3,30,20
West,Knight Hall,2020-03-30T21:00:00,,,,,,,,,,,41.311922,-105.581147,2020,3,30,21
West,Knight Hall,2020-03-30T22:00:00,,,,,,,,,,,41.311922,-105.581147,2020,3,30,22
West,Knight Hall,2020-03-30T23:00:00,,,,,,,,,,,41.311922,-105.581147,2020,3,30,23
West,Knight Hall,2020-03-31T00:00:00,,,,,,,,,,,41.311922,-105.581147,2020,3,31,0
West,Knight Hall,2020-03-31T01:00:00,,,,,,,,,,,41.311922,-105.581147,2020,3,31,1
West,Knight Hall,2020-03-31T02:00:00,,,,,,,,,,,41.311922,-105.581147,2020,3,31,2
West,Knight Hall,2020-03-31T03:00:00,,,,,,,,,,,41.311922,-105.581147,2020,3,31,3
West,Knight Hall,2020-03-31T04:00:00,,,,,,,,,,,41.311922,-105.581147,2020,3,31,4
West,Knight Hall,2020-03-31T05:00:00,,,,,,,,,,,41.311922,-105.581147,2020,3,31,5
West,Knight Hall,2020-03-31T06:00:00,,,,,,,,,,,41.311922,-105.581147,2020,3,31,6
West,Knight Hall,2020-03-31T07:00:00,,,,,,,,,,,41.311922,-105.581147,2020,3,31,7
West,Knight Hall,2020-03-31T08:00:00,,,,,,,,,,,41.311922,-105.581147,2020,3,31,8
West,Knight Hall,2020-03-31T09:00:00,,,,,,,,,,,41.311922,-105.581147,2020,3,31,9
West,Knight Hall,2020-03-31T10:00:00,,,,,,,,,,,41.311922,-105.581147,2020,3,31,10
West,Knight Hall,2020-03-31T11:00:00,,,,,,,,,,,41.311922,-105.581147,2020,3,31,11
West,Knight Hall,2020-03-31T12:00:00,,,,,,,,,,,41.311922,-105.581147,2020,3,31,12
West,Knight Hall,2020-03-31T13:00:00,,,,,,,,,,,41.311922,-105.581147,2020,3,31,13
West,Knight Hall,2020-03-31T14:00:00,,,,,,,,,,,41.311922,-105.581147,2020,3,31,14
West,Knight Hall,2020-03-31T15:00:00,,,,,,,,,,,41.311922,-105.581147,2020,3,31,15
West,Knight Hall,2020-03-31T16:00:00,,,,,,,,,,,41.311922,-105.581147,2020,3,31,16
West,Knight Hall,2020-03-31T17:00:00,,,,,,,,,,,41.311922,-105.581147,2020,3,31,17
West,Knight Hall,2020-03-31T18:00:00,,,,,,,,,,,41.311922,-105.581147,2020,3,31,18
West,Knight Hall,2020-03-31T19:00:00,,,,,,,,,,,41.311922,-105.581147,2020,3,31,19
West,Knight Hall,2020-03-31T20:00:00,,,,,,,,,,,41.311922,-105.581147,2020,3,31,20
West,Knight Hall,2020-03-31T21:00:00,,,,,,,,,,,41.311922,-105.581147,2020,3,31,21
West,Knight Hall,2020-03-31T22:00:00,,,,,,,,,,,41.311922,-105.581147,2020,3,31,22
West,Knight Hall,2020-03-31T23:00:00,,,,,,,,,,,41.311922,-105.581147,2020,3,31,23
West,Knight Hall,2020-04-01T00:00:00,,,,,,,,,,,41.311922,-105.581147,2020,4,1,0
West,Knight Hall,2020-04-01T01:00:00,,,,,,,,,,,41.311922,-105.581147,2020,4,1,1
West,Knight Hall,2020-04-01T02:00:00,,,,,,,,,,,41.311922,-105.581147,2020,4,1,2
West,Knight Hall,2020-04-01T03:00:00,,,,,,,,,,,41.311922,-105.581147,2020,4,1,3
West,Knight Hall,2020-04-01T04:00:00,,,,,,,,,,,41.311922,-105.581147,2020,4,1,4
West,Knight Hall,2020-04-01T05:00:00,,,,,,,,,,,41.311922,-105.581147,2020,4,1,5
West,Knight Hall,2020-04-01T06:00:00,,,,,,,,,,,41.311922,-105.581147,2020,4,1,6
West,Knight Hall,2020-04-01T07:00:00,,,,,,,,,,,41.311922,-105.581147,2020,4,1,7
West,Knight Hall,2020-04-01T08:00:00,,,,,,,,,,,41.311922,-105.581147,2020,4,1,8
West,Knight Hall,2020-04-01T09:00:00,,,,,,,,,,,41.311922,-105.581147,2020,4,1,9
West,Knight Hall,2020-04-01T10:00:00,,,,,,,,,,,41.311922,-105.581147,2020,4,1,10
West,Knight Hall,2020-04-01T11:00:00,,,,,,,,,,,41.311922,-105.581147,2020,4,1,11
West,Knight Hall,2020-04-01T12:00:00,,,,,,,,,,,41.311922,-105.581147,2020,4,1,12
West,Knight Hall,2020-04-01T13:00:00,,,,,,,,,,,41.311922,-105.581147,2020,4,1,13
West,Knight Hall,2020-04-01T14:00:00,,,,,,,,,,,41.311922,-105.581147,2020,4,1,14
West,Knight Hall,2020-04-01T15:00:00,,,,,,,,,,,41.311922,-105.581147,2020,4,1,15
West,Knight Hall,2020-04-01T16:00:00,,,,,,,,,,,41.311922,-105.581147,2020,4,1,16
West,Knight Hall,2020-04-01T17:00:00,,,,,,,,,,,41.311922,-105.581147,2020,4,1,17
West,Knight Hall,2020-04-01T18:00:00,,,,,,,,,,,41.311922,-105.581147,2020,4,1,18
West,Knight Hall,2020-04-01T19:00:00,,,,,,,,,,,41.311922,-105.581147,2020,4,1,19
West,Knight Hall,2020-04-01T20:00:00,,,,,,,,,,,41.311922,-105.581147,2020,4,1,20
West,Knight Hall,2020-04-01T21:00:00,,,,,,,,,,,41.311922,-105.581147,2020,4,1,21
West,Knight Hall,2020-04-01T22:00:00,,,,,,,,,,,41.311922,-105.581147,2020,4,1,22
West,Knight Hall,2020-04-01T23:00:00,,,,,,,,,,,41.311922,-105.581147,2020,4,1,23
West,Knight Hall,2020-04-02T00:00:00,,,,,,,,,,,41.311922,-105.581147,2020,4,2,0
West,Knight Hall,2020-04-02T01:00:00,,,,,,,,,,,41.311922,-105.581147,2020,4,2,1
West,Knight Hall,2020-04-02T02:00:00,,,,,,,,,,,41.311922,-105.581147,2020,4,2,2
West,Knight Hall,2020-04-02T03:00:00,,,,,,,,,,,41.311922,-105.581147,2020,4,2,3
West,Knight Hall,2020-04-02T04:00:00,,,,,,,,,,,41.311922,-105.581147,2020,4,2,4
West,Knight Hall,2020-04-02T05:00:00,,,,,,,,,,,41.311922,-105.581147,2020,4,2,5
West,Knight Hall,2020-04-02T06:00:00,,,,,,,,,,,41.311922,-105.581147,2020,4,2,6
West,Knight Hall,2020-04-02T07:00:00,,,,,,,,,,,41.311922,-105.581147,2020,4,2,7
West,Knight Hall,2020-04-02T08:00:00,,,,,,,,,,,41.311922,-105.581147,2020,4,2,8
West,Knight Hall,2020-04-02T09:00:00,,,,,,,,,,,41.311922,-105.581147,2020,4,2,9
West,Knight Hall,2020-04-02T10:00:00,,,,,,,,,,,41.311922,-105.581147,2020,4,2,10
West,Knight Hall,2020-04-02T11:00:00,,,,,,,,,,,41.311922,-105.581147,2020,4,2,11
West,Knight Hall,2020-04-02T12:00:00,,,,,,,,,,,41.311922,-105.581147,2020,4,2,12
West,Knight Hall,2020-04-02T13:00:00,,,,,,,,,,,41.311922,-105.581147,2020,4,2,13
West,Knight Hall,2020-04-02T14:00:00,,,,,,,,,,,41.311922,-105.581147,2020,4,2,14
West,Knight Hall,2020-04-02T15:00:00,,,,,,,,,,,41.311922,-105.581147,2020,4,2,15
West,Knight Hall,2020-04-02T16:00:00,,,,,,,,,,,41.311922,-105.581147,2020,4,2,16
West,Knight Hall,2020-04-02T17:00:00,,,,,,,,,,,41.311922,-105.581147,2020,4,2,17
West,Knight Hall,2020-04-02T18:00:00,,,,,,,,,,,41.311922,-105.581147,2020,4,2,18
West,Knight Hall,2020-04-02T19:00:00,,,,,,,,,,,41.311922,-105.581147,2020,4,2,19
West,Knight Hall,2020-04-02T20:00:00,,,,,,,,,,,41.311922,-105.581147,2020,4,2,20
West,Knight Hall,2020-04-02T21:00:00,,,,,,,,,,,41.311922,-105.581147,2020,4,2,21
West,Knight Hall,2020-04-02T22:00:00,,,,,,,,,,,41.311922,-105.581147,2020,4,2,22
West,Knight Hall,2020-04-02T23:00:00,,,,,,,,,,,41.311922,-105.581147,2020,4,2,23
West,Knight Hall,2020-04-03T00:00:00,,,,,,,,,,,41.311922,-105.581147,2020,4,3,0
West,Knight Hall,2020-04-03T01:00:00,,,,,,,,,,,41.311922,-105.581147,2020,4,3,1
West,Knight Hall,2020-04-03T02:00:00,,,,,,,,,,,41.311922,-105.581147,2020,4,3,2
West,Knight Hall,2020-04-03T03:00:00,,,,,,,,,,,41.311922,-105.581147,2020,4,3,3
West,Knight Hall,2020-04-03T04:00:00,,,,,,,,,,,41.311922,-105.581147,2020,4,3,4
West,Knight Hall,2020-04-03T05:00:00,,,,,,,,,,,41.311922,-105.581147,2020,4,3,5
West,Knight Hall,2020-04-03T06:00:00,,,,,,,,,,,41.311922,-105.581147,2020,4,3,6
West,Knight Hall,2020-04-03T07:00:00,,,,,,,,,,,41.311922,-105.581147,2020,4,3,7
West,Knight Hall,2020-04-03T08:00:00,,,,,,,,,,,41.311922,-105.581147,2020,4,3,8
West,Knight Hall,2020-04-03T09:00:00,,,,,,,,,,,41.311922,-105.581147,2020,4,3,9
West,Knight Hall,2020-04-03T10:00:00,,,,,,,,,,,41.311922,-105.581147,2020,4,3,10
West,Knight Hall,2020-04-03T11:00:00,,,,,,,,,,,41.311922,-105.581147,2020,4,3,11
West,Knight Hall,2020-04-03T12:00:00,,,,,,,,,,,41.311922,-105.581147,2020,4,3,12
West,Knight Hall,2020-04-03T13:00:00,,,,,,,,,,,41.311922,-105.581147,2020,4,3,13
West,Knight Hall,2020-04-03T14:00:00,,,,,,,,,,,41.311922,-105.581147,2020,4,3,14
West,Knight Hall,2020-04-03T15:00:00,,,,,,,,,,,41.311922,-105.581147,2020,4,3,15
West,Knight Hall,2020-04-03T16:00:00,,,,,,,,,,,41.311922,-105.581147,2020,4,3,16
West,Knight Hall,2020-04-03T17:00:00,,,,,,,,,,,41.311922,-105.581147,2020,4,3,17
West,Knight Hall,2020-04-03T18:00:00,,,,,,,,,,,41.311922,-105.581147,2020,4,3,18
West,Knight Hall,2020-04-03T19:00:00,,,,,,,,,,,41.311922,-105.581147,2020,4,3,19
West,Knight Hall,2020-04-03T20:00:00,,,,,,,,,,,41.311922,-105.581147,2020,4,3,20
West,Knight Hall,2020-04-03T21:00:00,,,,,,,,,,,41.311922,-105.581147,2020,4,3,21
West,Knight Hall,2020-04-03T22:00:00,,,,,,,,,,,41.311922,-105.581147,2020,4,3,22
West,Knight Hall,2020-04-03T23:00:00,,,,,,,,,,,41.311922,-105.581147,2020,4,3,23
West,Knight Hall,2020-04-04T00:00:00,,,,,,,,,,,41.311922,-105.581147,2020,4,4,0
West,Knight Hall,2020-04-04T01:00:00,,,,,,,,,,,41.311922,-105.581147,2020,4,4,1
West,Knight Hall,2020-04-04T02:00:00,,,,,,,,,,,41.311922,-105.581147,2020,4,4,2
West,Knight Hall,2020-04-04T03:00:00,,,,,,,,,,,41.311922,-105.581147,2020,4,4,3
West,Knight Hall,2020-04-04T04:00:00,,,,,,,,,,,41.311922,-105.581147,2020,4,4,4
West,Knight Hall,2020-04-04T05:00:00,,,,,,,,,,,41.311922,-105.581147,2020,4,4,5
West,Knight Hall,2020-04-04T06:00:00,,,,,,,,,,,41.311922,-105.581147,2020,4,4,6
West,Knight Hall,2020-04-04T07:00:00,,,,,,,,,,,41.311922,-105.581147,2020,4,4,7
West,Knight Hall,2020-04-04T08:00:00,,,,,,,,,,,41.311922,-105.581147,2020,4,4,8
West,Knight Hall,2020-04-04T09:00:00,,,,,,,,,,,41.311922,-105.581147,2020,4,4,9
West,Knight Hall,2020-04-04T10:00:00,,,,,,,,,,,41.311922,-105.581147,2020,4,4,10
West,Knight Hall,2020-04-04T11:00:00,,,,,,,,,,,41.311922,-105.581147,2020,4,4,11
West,Knight Hall,2020-04-04T12:00:00,,,,,,,,,,,41.311922,-105.581147,2020,4,4,12
West,Knight Hall,2020-04-04T13:00:00,,,,,,,,,,,41.311922,-105.581147,2020,4,4,13
West,Knight Hall,2020-04-04T14:00:00,,,,,,,,,,,41.311922,-105.581147,2020,4,4,14
West,Knight Hall,2020-04-04T15:00:00,,,,,,,,,,,41.311922,-105.581147,2020,4,4,15
West,Knight Hall,2020-04-04T16:00:00,,,,,,,,,,,41.311922,-105.581147,2020,4,4,16
West,Knight Hall,2020-04-04T17:00:00,,,,,,,,,,,41.311922,-105.581147,2020,4,4,17
West,Knight Hall,2020-04-04T18:00:00,,,,,,,,,,,41.311922,-105.581147,2020,4,4,18
West,Knight Hall,2020-04-04T19:00:00,,,,,,,,,,,41.311922,-105.581147,2020,4,4,19
West,Knight Hall,2020-04-04T20:00:00,,,,,,,,,,,41.311922,-105.581147,2020,4,4,20
West,Knight Hall,2020-04-04T21:00:00,,,,,,,,,,,41.311922,-105.581147,2020,4,4,21
West,Knight Hall,2020-04-04T22:00:00,,,,,,,,,,,41.311922,-105.581147,2020,4,4,22
West,Knight Hall,2020-04-04T23:00:00,,,,,,,,,,,41.311922,-105.581147,2020,4,4,23
West,Knight Hall,2020-04-05T00:00:00,,,,,,,,,,,41.311922,-105.581147,2020,4,5,0
West,Knight Hall,2020-04-05T01:00:00,,,,,,,,,,,41.311922,-105.581147,2020,4,5,1
West,Knight Hall,2020-04-05T02:00:00,,,,,,,,,,,41.311922,-105.581147,2020,4,5,2
West,Knight Hall,2020-04-05T03:00:00,,,,,,,,,,,41.311922,-105.581147,2020,4,5,3
West,Knight Hall,2020-04-05T04:00:00,,,,,,,,,,,41.311922,-105.581147,2020,4,5,4
West,Knight Hall,2020-04-05T05:00:00,,,,,,,,,,,41.311922,-105.581147,2020,4,5,5
West,Knight Hall,2020-04-05T06:00:00,,,,,,,,,,,41.311922,-105.581147,2020,4,5,6
West,Knight Hall,2020-04-05T07:00:00,,,,,,,,,,,41.311922,-105.581147,2020,4,5,7
West,Knight Hall,2020-04-05T08:00:00,,,,,,,,,,,41.311922,-105.581147,2020,4,5,8
West,Knight Hall,2020-04-05T09:00:00,,,,,,,,,,,41.311922,-105.581147,2020,4,5,9
West,Knight Hall,2020-04-05T10:00:00,,,,,,,,,,,41.311922,-105.581147,2020,4,5,10
West,Knight Hall,2020-04-05T11:00:00,,,,,,,,,,,41.311922,-105.581147,2020,4,5,11
West,Knight Hall,2020-04-05T12:00:00,,,,,,,,,,,41.311922,-105.581147,2020,4,5,12
West,Knight Hall,2020-04-05T13:00:00,,,,,,,,,,,41.311922,-105.581147,2020,4,5,13
West,Knight Hall,2020-04-05T14:00:00,,,,,,,,,,,41.311922,-105.581147,2020,4,5,14
West,Knight Hall,2020-04-05T15:00:00,,,,,,,,,,,41.311922,-105.581147,2020,4,5,15
West,Knight Hall,2020-04-05T16:00:00,,,,,,,,,,,41.311922,-105.581147,2020,4,5,16
West,Knight Hall,2020-04-05T17:00:00,,,,,,,,,,,41.311922,-105.581147,2020,4,5,17
West,Knight Hall,2020-04-05T18:00:00,,,,,,,,,,,41.311922,-105.581147,2020,4,5,18
West,Knight Hall,2020-04-05T19:00:00,,,,,,,,,,,41.311922,-105.581147,2020,4,5,19
West,Knight Hall,2020-04-05T20:00:00,,,,,,,,,,,41.311922,-105.581147,2020,4,5,20
West,Knight Hall,2020-04-05T21:00:00,,,,,,,,,,,41.311922,-105.581147,2020,4,5,21
West,Knight Hall,2020-04-05T22:00:00,,,,,,,,,,,41.311922,-105.581147,2020,4,5,22
West,Knight Hall,2020-04-05T23:00:00,,,,,,,,,,,41.311922,-105.581147,2020,4,5,23
West,Knight Hall,2020-04-06T00:00:00,,,,,,,,,,,41.311922,-105.581147,2020,4,6,0
West,Knight Hall,2020-04-06T01:00:00,,,,,,,,,,,41.311922,-105.581147,2020,4,6,1
West,Knight Hall,2020-04-06T02:00:00,,,,,,,,,,,41.311922,-105.581147,2020,4,6,2
West,Knight Hall,2020-04-06T03:00:00,,,,,,,,,,,41.311922,-105.581147,2020,4,6,3
West,Knight Hall,2020-04-06T04:00:00,,,,,,,,,,,41.311922,-105.581147,2020,4,6,4
West,Knight Hall,2020-04-06T05:00:00,,,,,,,,,,,41.311922,-105.581147,2020,4,6,5
West,Knight Hall,2020-04-06T06:00:00,,,,,,,,,,,41.311922,-105.581147,2020,4,6,6
West,Knight Hall,2020-04-06T07:00:00,,,,,,,,,,,41.311922,-105.581147,2020,4,6,7
West,Knight Hall,2020-04-06T08:00:00,,,,,,,,,,,41.311922,-105.581147,2020,4,6,8
West,Knight Hall,2020-04-06T09:00:00,,,,,,,,,,,41.311922,-105.581147,2020,4,6,9
West,Knight Hall,2020-04-06T10:00:00,,,,,,,,,,,41.311922,-105.581147,2020,4,6,10
West,Knight Hall,2020-04-06T11:00:00,,,,,,,,,,,41.311922,-105.581147,2020,4,6,11
West,Knight Hall,2020-04-06T12:00:00,,,,,,,,,,,41.311922,-105.581147,2020,4,6,12
West,Knight Hall,2020-04-06T13:00:00,,,,,,,,,,,41.311922,-105.581147,2020,4,6,13
West,Knight Hall,2020-04-06T14:00:00,,,,,,,,,,,41.311922,-105.581147,2020,4,6,14
West,Knight Hall,2020-04-06T15:00:00,,,,,,,,,,,41.311922,-105.581147,2020,4,6,15
West,Knight Hall,2020-04-06T16:00:00,,,,,,,,,,,41.311922,-105.581147,2020,4,6,16
West,Knight Hall,2020-04-06T17:00:00,,,,,,,,,,,41.311922,-105.581147,2020,4,6,17
West,Knight Hall,2020-04-06T18:00:00,,,,,,,,,,,41.311922,-105.581147,2020,4,6,18
West,Knight Hall,2020-04-06T19:00:00,,,,,,,,,,,41.311922,-105.581147,2020,4,6,19
West,Knight Hall,2020-04-06T20:00:00,,,,,,,,,,,41.311922,-105.581147,2020,4,6,20
West,Knight Hall,2020-04-06T21:00:00,,,,,,,,,,,41.311922,-105.581147,2020,4,6,21
West,Knight Hall,2020-04-06T22:00:00,,,,,,,,,,,41.311922,-105.581147,2020,4,6,22
West,Knight Hall,2020-04-06T23:00:00,,,,,,,,,,,41.311922,-105.581147,2020,4,6,23
West,Knight Hall,2020-04-07T00:00:00,,,,,,,,,,,41.311922,-105.581147,2020,4,7,0
West,Knight Hall,2020-04-07T01:00:00,,,,,,,,,,,41.311922,-105.581147,2020,4,7,1
West,Knight Hall,2020-04-07T02:00:00,,,,,,,,,,,41.311922,-105.581147,2020,4,7,2
West,Knight Hall,2020-04-07T03:00:00,,,,,,,,,,,41.311922,-105.581147,2020,4,7,3
West,Knight Hall,2020-04-07T04:00:00,,,,,,,,,,,41.311922,-105.581147,2020,4,7,4
West,Knight Hall,2020-04-07T05:00:00,,,,,,,,,,,41.311922,-105.581147,2020,4,7,5
West,Knight Hall,2020-04-07T06:00:00,,,,,,,,,,,41.311922,-105.581147,2020,4,7,6
West,Knight Hall,2020-04-07T07:00:00,,,,,,,,,,,41.311922,-105.581147,2020,4,7,7
West,Knight Hall,2020-04-07T08:00:00,,,,,,,,,,,41.311922,-105.581147,2020,4,7,8
West,Knight Hall,2020-04-07T09:00:00,,,,,,,,,,,41.311922,-105.581147,2020,4,7,9
West,Knight Hall,2020-04-07T10:00:00,,,,,,,,,,,41.311922,-105.581147,2020,4,7,10
West,Knight Hall,2020-04-07T11:00:00,,,,,,,,,,,41.311922,-105.581147,2020,4,7,11
West,Knight Hall,2020-04-07T12:00:00,,,,,,,,,,,41.311922,-105.581147,2020,4,7,12
West,Knight Hall,2020-04-07T13:00:00,,,,,,,,,,,41.311922,-105.581147,2020,4,7,13
West,Knight Hall,2020-04-07T14:00:00,,,,,,,,,,,41.311922,-105.581147,2020,4,7,14
West,Knight Hall,2020-04-07T15:00:00,,,,,,,,,,,41.311922,-105.581147,2020,4,7,15
West,Knight Hall,2020-04-07T16:00:00,,,,,,,,,,,41.311922,-105.581147,2020,4,7,16
West,Knight Hall,2020-04-07T17:00:00,,,,,,,,,,,41.311922,-105.581147,2020,4,7,17
West,Knight Hall,2020-04-07T18:00:00,,,,,,,,,,,41.311922,-105.581147,2020,4,7,18
West,Knight Hall,2020-04-07T19:00:00,,,,,,,,,,,41.311922,-105.581147,2020,4,7,19
West,Knight Hall,2020-04-07T20:00:00,,,,,,,,,,,41.311922,-105.581147,2020,4,7,20
West,Knight Hall,2020-04-07T21:00:00,,,,,,,,,,,41.311922,-105.581147,2020,4,7,21
West,Knight Hall,2020-04-07T22:00:00,,,,,,,,,,,41.311922,-105.581147,2020,4,7,22
West,Knight Hall,2020-04-07T23:00:00,,,,,,,,,,,41.311922,-105.581147,2020,4,7,23
West,Knight Hall,2020-04-08T00:00:00,,,,,,,,,,,41.311922,-105.581147,2020,4,8,0
West,Knight Hall,2020-04-08T01:00:00,,,,,,,,,,,41.311922,-105.581147,2020,4,8,1
West,Knight Hall,2020-04-08T02:00:00,,,,,,,,,,,41.311922,-105.581147,2020,4,8,2
West,Knight Hall,2020-04-08T03:00:00,,,,,,,,,,,41.311922,-105.581147,2020,4,8,3
West,Knight Hall,2020-04-08T04:00:00,,,,,,,,,,,41.311922,-105.581147,2020,4,8,4
West,Knight Hall,2020-04-08T05:00:00,,,,,,,,,,,41.311922,-105.581147,2020,4,8,5
West,Knight Hall,2020-04-08T06:00:00,,,,,,,,,,,41.311922,-105.581147,2020,4,8,6
West,Knight Hall,2020-04-08T07:00:00,,,,,,,,,,,41.311922,-105.581147,2020,4,8,7
West,Knight Hall,2020-04-08T08:00:00,,,,,,,,,,,41.311922,-105.581147,2020,4,8,8
West,Knight Hall,2020-04-08T09:00:00,,,,,,,,,,,41.311922,-105.581147,2020,4,8,9
West,Knight Hall,2020-04-08T10:00:00,,,,,,,,,,,41.311922,-105.581147,2020,4,8,10
West,Knight Hall,2020-04-08T11:00:00,,,,,,,,,,,41.311922,-105.581147,2020,4,8,11
West,Knight Hall,2020-04-08T12:00:00,,,,,,,,,,,41.311922,-105.581147,2020,4,8,12
West,Knight Hall,2020-04-08T13:00:00,,,,,,,,,,,41.311922,-105.581147,2020,4,8,13
West,Knight Hall,2020-04-08T14:00:00,,,,,,,,,,,41.311922,-105.581147,2020,4,8,14
West,Knight Hall,2020-04-08T15:00:00,,,,,,,,,,,41.311922,-105.581147,2020,4,8,15
West,Knight Hall,2020-04-08T16:00:00,,,,,,,,,,,41.311922,-105.581147,2020,4,8,16
West,Knight Hall,2020-04-08T17:00:00,,,,,,,,,,,41.311922,-105.581147,2020,4,8,17
West,Knight Hall,2020-04-08T18:00:00,,,,,,,,,,,41.311922,-105.581147,2020,4,8,18
West,Knight Hall,2020-04-08T19:00:00,,,,,,,,,,,41.311922,-105.581147,2020,4,8,19
West,Knight Hall,2020-04-08T20:00:00,,,,,,,,,,,41.311922,-105.581147,2020,4,8,20
West,Knight Hall,2020-04-08T21:00:00,,,,,,,,,,,41.311922,-105.581147,2020,4,8,21
West,Knight Hall,2020-04-08T22:00:00,,,,,,,,,,,41.311922,-105.581147,2020,4,8,22
West,Knight Hall,2020-04-08T23:00:00,,,,,,,,,,,41.311922,-105.581147,2020,4,8,23
West,Knight Hall,2020-04-09T00:00:00,,,,,,,,,,,41.311922,-105.581147,2020,4,9,0
West,Knight Hall,2020-04-09T01:00:00,,,,,,,,,,,41.311922,-105.581147,2020,4,9,1
West,Knight Hall,2020-04-09T02:00:00,,,,,,,,,,,41.311922,-105.581147,2020,4,9,2
West,Knight Hall,2020-04-09T03:00:00,,,,,,,,,,,41.311922,-105.581147,2020,4,9,3
West,Knight Hall,2020-04-09T04:00:00,,,,,,,,,,,41.311922,-105.581147,2020,4,9,4
West,Knight Hall,2020-04-09T05:00:00,,,,,,,,,,,41.311922,-105.581147,2020,4,9,5
West,Knight Hall,2020-04-09T06:00:00,,,,,,,,,,,41.311922,-105.581147,2020,4,9,6
West,Knight Hall,2020-04-09T07:00:00,,,,,,,,,,,41.311922,-105.581147,2020,4,9,7
West,Knight Hall,2020-04-09T08:00:00,,,,,,,,,,,41.311922,-105.581147,2020,4,9,8
West,Knight Hall,2020-04-09T09:00:00,,,,,,,,,,,41.311922,-105.581147,2020,4,9,9
West,Knight Hall,2020-04-09T10:00:00,,,,,,,,,,,41.311922,-105.581147,2020,4,9,10
West,Knight Hall,2020-04-09T11:00:00,,,,,,,,,,,41.311922,-105.581147,2020,4,9,11
West,Knight Hall,2020-04-09T12:00:00,,,,,,,,,,,41.311922,-105.581147,2020,4,9,12
West,Knight Hall,2020-04-09T13:00:00,,,,,,,,,,,41.311922,-105.581147,2020,4,9,13
West,Knight Hall,2020-04-09T14:00:00,,,,,,,,,,,41.311922,-105.581147,2020,4,9,14
West,Knight Hall,2020-04-09T15:00:00,,,,,,,,,,,41.311922,-105.581147,2020,4,9,15
West,Knight Hall,2020-04-09T16:00:00,,,,,,,,,,,41.311922,-105.581147,2020,4,9,16
West,Knight Hall,2020-04-09T17:00:00,,,,,,,,,,,41.311922,-105.581147,2020,4,9,17
West,Knight Hall,2020-04-09T18:00:00,,,,,,,,,,,41.311922,-105.581147,2020,4,9,18
West,Knight Hall,2020-04-09T19:00:00,,,,,,,,,,,41.311922,-105.581147,2020,4,9,19
West,Knight Hall,2020-04-09T20:00:00,,,,,,,,,,,41.311922,-105.581147,2020,4,9,20
West,Knight Hall,2020-04-09T21:00:00,,,,,,,,,,,41.311922,-105.581147,2020,4,9,21
West,Knight Hall,2020-04-09T22:00:00,,,,,,,,,,,41.311922,-105.581147,2020,4,9,22
West,Knight Hall,2020-04-09T23:00:00,,,,,,,,,,,41.311922,-105.581147,2020,4,9,23
West,Knight Hall,2020-04-10T00:00:00,,,,,,,,,,,41.311922,-105.581147,2020,4,10,0
West,Knight Hall,2020-04-10T01:00:00,,,,,,,,,,,41.311922,-105.581147,2020,4,10,1
West,Knight Hall,2020-04-10T02:00:00,,,,,,,,,,,41.311922,-105.581147,2020,4,10,2
West,Knight Hall,2020-04-10T03:00:00,,,,,,,,,,,41.311922,-105.581147,2020,4,10,3
West,Knight Hall,2020-04-10T04:00:00,,,,,,,,,,,41.311922,-105.581147,2020,4,10,4
West,Knight Hall,2020-04-10T05:00:00,,,,,,,,,,,41.311922,-105.581147,2020,4,10,5
West,Knight Hall,2020-04-10T06:00:00,,,,,,,,,,,41.311922,-105.581147,2020,4,10,6
West,Knight Hall,2020-04-10T07:00:00,,,,,,,,,,,41.311922,-105.581147,2020,4,10,7
West,Knight Hall,2020-04-10T08:00:00,,,,,,,,,,,41.311922,-105.581147,2020,4,10,8
West,Knight Hall,2020-04-10T09:00:00,,,,,,,,,,,41.311922,-105.581147,2020,4,10,9
West,Knight Hall,2020-04-10T10:00:00,,,,,,,,,,,41.311922,-105.581147,2020,4,10,10
West,Knight Hall,2020-04-10T11:00:00,,,,,,,,,,,41.311922,-105.581147,2020,4,10,11
West,Knight Hall,2020-04-10T12:00:00,,,,,,,,,,,41.311922,-105.581147,2020,4,10,12
West,Knight Hall,2020-04-10T13:00:00,,,,,,,,,,,41.311922,-105.581147,2020,4,10,13
West,Knight Hall,2020-04-10T14:00:00,,,,,,,,,,,41.311922,-105.581147,2020,4,10,14
West,Knight Hall,2020-04-10T15:00:00,,,,,,,,,,,41.311922,-105.581147,2020,4,10,15
West,Knight Hall,2020-04-10T16:00:00,,,,,,,,,,,41.311922,-105.581147,2020,4,10,16
West,Knight Hall,2020-04-10T17:00:00,,,,,,,,,,,41.311922,-105.581147,2020,4,10,17
West,Knight Hall,2020-04-10T18:00:00,,,,,,,,,,,41.311922,-105.581147,2020,4,10,18
West,Knight Hall,2020-04-10T19:00:00,,,,,,,,,,,41.311922,-105.581147,2020,4,10,19
West,Knight Hall,2020-04-10T20:00:00,,,,,,,,,,,41.311922,-105.581147,2020,4,10,20
West,Knight Hall,2020-04-10T21:00:00,,,,,,,,,,,41.311922,-105.581147,2020,4,10,21
West,Knight Hall,2020-04-10T22:00:00,,,,,,,,,,,41.311922,-105.581147,2020,4,10,22
West,Knight Hall,2020-04-10T23:00:00,,,,,,,,,,,41.311922,-105.581147,2020,4,10,23
West,Knight Hall,2020-04-11T00:00:00,,,,,,,,,,,41.311922,-105.581147,2020,4,11,0
West,Knight Hall,2020-04-11T01:00:00,,,,,,,,,,,41.311922,-105.581147,2020,4,11,1
West,Knight Hall,2020-04-11T02:00:00,,,,,,,,,,,41.311922,-105.581147,2020,4,11,2
West,Knight Hall,2020-04-11T03:00:00,,,,,,,,,,,41.311922,-105.581147,2020,4,11,3
West,Knight Hall,2020-04-11T04:00:00,,,,,,,,,,,41.311922,-105.581147,2020,4,11,4
West,Knight Hall,2020-04-11T05:00:00,,,,,,,,,,,41.311922,-105.581147,2020,4,11,5
West,Knight Hall,2020-04-11T06:00:00,,,,,,,,,,,41.311922,-105.581147,2020,4,11,6
West,Knight Hall,2020-04-11T07:00:00,,,,,,,,,,,41.311922,-105.581147,2020,4,11,7
West,Knight Hall,2020-04-11T08:00:00,,,,,,,,,,,41.311922,-105.581147,2020,4,11,8
West,Knight Hall,2020-04-11T09:00:00,,,,,,,,,,,41.311922,-105.581147,2020,4,11,9
West,Knight Hall,2020-04-11T10:00:00,,,,,,,,,,,41.311922,-105.581147,2020,4,11,10
West,Knight Hall,2020-04-11T11:00:00,,,,,,,,,,,41.311922,-105.581147,2020,4,11,11
West,Knight Hall,2020-04-11T12:00:00,,,,,,,,,,,41.311922,-105.581147,2020,4,11,12
West,Knight Hall,2020-04-11T13:00:00,,,,,,,,,,,41.311922,-105.581147,2020,4,11,13
West,Knight Hall,2020-04-11T14:00:00,,,,,,,,,,,41.311922,-105.581147,2020,4,11,14
West,Knight Hall,2020-04-11T15:00:00,,,,,,,,,,,41.311922,-105.581147,2020,4,11,15
West,Knight Hall,2020-04-11T16:00:00,,,,,,,,,,,41.311922,-105.581147,2020,4,11,16
West,Knight Hall,2020-04-11T17:00:00,,,,,,,,,,,41.311922,-105.581147,2020,4,11,17
West,Knight Hall,2020-04-11T18:00:00,,,,,,,,,,,41.311922,-105.581147,2020,4,11,18
West,Knight Hall,2020-04-11T19:00:00,,,,,,,,,,,41.311922,-105.581147,2020,4,11,19
West,Knight Hall,2020-04-11T20:00:00,,,,,,,,,,,41.311922,-105.581147,2020,4,11,20
West,Knight Hall,2020-04-11T21:00:00,,,,,,,,,,,41.311922,-105.581147,2020,4,11,21
West,Knight Hall,2020-04-11T22:00:00,,,,,,,,,,,41.311922,-105.581147,2020,4,11,22
West,Knight Hall,2020-04-11T23:00:00,,,,,,,,,,,41.311922,-105.581147,2020,4,11,23
West,Knight Hall,2020-04-12T00:00:00,,,,,,,,,,,41.311922,-105.581147,2020,4,12,0
West,Knight Hall,2020-04-12T01:00:00,,,,,,,,,,,41.311922,-105.581147,2020,4,12,1
West,Knight Hall,2020-04-12T02:00:00,,,,,,,,,,,41.311922,-105.581147,2020,4,12,2
West,Knight Hall,2020-04-12T03:00:00,,,,,,,,,,,41.311922,-105.581147,2020,4,12,3
West,Knight Hall,2020-04-12T04:00:00,,,,,,,,,,,41.311922,-105.581147,2020,4,12,4
West,Knight Hall,2020-04-12T05:00:00,,,,,,,,,,,41.311922,-105.581147,2020,4,12,5
West,Knight Hall,2020-04-12T06:00:00,,,,,,,,,,,41.311922,-105.581147,2020,4,12,6
West,Knight Hall,2020-04-12T07:00:00,,,,,,,,,,,41.311922,-105.581147,2020,4,12,7
West,Knight Hall,2020-04-12T08:00:00,,,,,,,,,,,41.311922,-105.581147,2020,4,12,8
West,Knight Hall,2020-04-12T09:00:00,,,,,,,,,,,41.311922,-105.581147,2020,4,12,9
West,Knight Hall,2020-04-12T10:00:00,,,,,,,,,,,41.311922,-105.581147,2020,4,12,10
West,Knight Hall,2020-04-12T11:00:00,,,,,,,,,,,41.311922,-105.581147,2020,4,12,11
West,Knight Hall,2020-04-12T12:00:00,,,,,,,,,,,41.311922,-105.581147,2020,4,12,12
West,Knight Hall,2020-04-12T13:00:00,,,,,,,,,,,41.311922,-105.581147,2020,4,12,13
West,Knight Hall,2020-04-12T14:00:00,,,,,,,,,,,41.311922,-105.581147,2020,4,12,14
West,Knight Hall,2020-04-12T15:00:00,,,,,,,,,,,41.311922,-105.581147,2020,4,12,15
West,Knight Hall,2020-04-12T16:00:00,,,,,,,,,,,41.311922,-105.581147,2020,4,12,16
West,Knight Hall,2020-04-12T17:00:00,,,,,,,,,,,41.311922,-105.581147,2020,4,12,17
West,Knight Hall,2020-04-12T18:00:00,,,,,,,,,,,41.311922,-105.581147,2020,4,12,18
West,Knight Hall,2020-04-12T19:00:00,,,,,,,,,,,41.311922,-105.581147,2020,4,12,19
West,Knight Hall,2020-04-12T20:00:00,,,,,,,,,,,41.311922,-105.581147,2020,4,12,20
West,Knight Hall,2020-04-12T21:00:00,,,,,,,,,,,41.311922,-105.581147,2020,4,12,21
West,Knight Hall,2020-04-12T22:00:00,,,,,,,,,,,41.311922,-105.581147,2020,4,12,22
West,Knight Hall,2020-04-12T23:00:00,,,,,,,,,,,41.311922,-105.581147,2020,4,12,23
West,Knight Hall,2020-04-13T00:00:00,,,,,,,,,,,41.311922,-105.581147,2020,4,13,0
West,Knight Hall,2020-04-13T01:00:00,,,,,,,,,,,41.311922,-105.581147,2020,4,13,1
West,Knight Hall,2020-04-13T02:00:00,,,,,,,,,,,41.311922,-105.581147,2020,4,13,2
West,Knight Hall,2020-04-13T03:00:00,,,,,,,,,,,41.311922,-105.581147,2020,4,13,3
West,Knight Hall,2020-04-13T04:00:00,,,,,,,,,,,41.311922,-105.581147,2020,4,13,4
West,Knight Hall,2020-04-13T05:00:00,,,,,,,,,,,41.311922,-105.581147,2020,4,13,5
West,Knight Hall,2020-04-13T06:00:00,,,,,,,,,,,41.311922,-105.581147,2020,4,13,6
West,Knight Hall,2020-04-13T07:00:00,,,,,,,,,,,41.311922,-105.581147,2020,4,13,7
West,Knight Hall,2020-04-13T08:00:00,,,,,,,,,,,41.311922,-105.581147,2020,4,13,8
West,Knight Hall,2020-04-13T09:00:00,,,,,,,,,,,41.311922,-105.581147,2020,4,13,9
West,Knight Hall,2020-04-13T10:00:00,,,,,,,,,,,41.311922,-105.581147,2020,4,13,10
West,Knight Hall,2020-04-13T11:00:00,,,,,,,,,,,41.311922,-105.581147,2020,4,13,11
West,Knight Hall,2020-04-13T12:00:00,,,,,,,,,,,41.311922,-105.581147,2020,4,13,12
West,Knight Hall,2020-04-13T13:00:00,,,,,,,,,,,41.311922,-105.581147,2020,4,13,13
West,Knight Hall,2020-04-13T14:00:00,,,,,,,,,,,41.311922,-105.581147,2020,4,13,14
West,Knight Hall,2020-04-13T15:00:00,,,,,,,,,,,41.311922,-105.581147,2020,4,13,15
West,Knight Hall,2020-04-13T16:00:00,,,,,,,,,,,41.311922,-105.581147,2020,4,13,16
West,Knight Hall,2020-04-13T17:00:00,,,,,,,,,,,41.311922,-105.581147,2020,4,13,17
West,Knight Hall,2020-04-13T18:00:00,,,,,,,,,,,41.311922,-105.581147,2020,4,13,18
West,Knight Hall,2020-04-13T19:00:00,,,,,,,,,,,41.311922,-105.581147,2020,4,13,19
West,Knight Hall,2020-04-13T20:00:00,,,,,,,,,,,41.311922,-105.581147,2020,4,13,20
West,Knight Hall,2020-04-13T21:00:00,,,,,,,,,,,41.311922,-105.581147,2020,4,13,21
West,Knight Hall,2020-04-13T22:00:00,,,,,,,,,,,41.311922,-105.581147,2020,4,13,22
West,Knight Hall,2020-04-13T23:00:00,,,,,,,,,,,41.311922,-105.581147,2020,4,13,23
West,Knight Hall,2020-04-14T00:00:00,,,,,,,,,,,41.311922,-105.581147,2020,4,14,0
West,Knight Hall,2020-04-14T01:00:00,,,,,,,,,,,41.311922,-105.581147,2020,4,14,1
West,Knight Hall,2020-04-14T02:00:00,,,,,,,,,,,41.311922,-105.581147,2020,4,14,2
West,Knight Hall,2020-04-14T03:00:00,,,,,,,,,,,41.311922,-105.581147,2020,4,14,3
West,Knight Hall,2020-04-14T04:00:00,,,,,,,,,,,41.311922,-105.581147,2020,4,14,4
West,Knight Hall,2020-04-14T05:00:00,,,,,,,,,,,41.311922,-105.581147,2020,4,14,5
West,Knight Hall,2020-04-14T06:00:00,,,,,,,,,,,41.311922,-105.581147,2020,4,14,6
West,Knight Hall,2020-04-14T07:00:00,,,,,,,,,,,41.311922,-105.581147,2020,4,14,7
West,Knight Hall,2020-04-14T08:00:00,,,,,,,,,,,41.311922,-105.581147,2020,4,14,8
West,Knight Hall,2020-04-14T09:00:00,,,,,,,,,,,41.311922,-105.581147,2020,4,14,9
West,Knight Hall,2020-04-14T10:00:00,,,,,,,,,,,41.311922,-105.581147,2020,4,14,10
West,Knight Hall,2020-04-14T11:00:00,,,,,,,,,,,41.311922,-105.581147,2020,4,14,11
West,Knight Hall,2020-04-14T12:00:00,,,,,,,,,,,41.311922,-105.581147,2020,4,14,12
West,Knight Hall,2020-04-14T13:00:00,,,,,,,,,,,41.311922,-105.581147,2020,4,14,13
West,Knight Hall,2020-04-14T14:00:00,,,,,,,,,,,41.311922,-105.581147,2020,4,14,14
West,Knight Hall,2020-04-14T15:00:00,,,,,,,,,,,41.311922,-105.581147,2020,4,14,15
West,Knight Hall,2020-04-14T16:00:00,,,,,,,,,,,41.311922,-105.581147,2020,4,14,16
West,Knight Hall,2020-04-14T17:00:00,,,,,,,,,,,41.311922,-105.581147,2020,4,14,17
West,Knight Hall,2020-04-14T18:00:00,,,,,,,,,,,41.311922,-105.581147,2020,4,14,18
West,Knight Hall,2020-04-14T19:00:00,,,,,,,,,,,41.311922,-105.581147,2020,4,14,19
West,Knight Hall,2020-04-14T20:00:00,,,,,,,,,,,41.311922,-105.581147,2020,4,14,20
West,Knight Hall,2020-04-14T21:00:00,,,,,,,,,,,41.311922,-105.581147,2020,4,14,21
West,Knight Hall,2020-04-14T22:00:00,,,,,,,,,,,41.311922,-105.581147,2020,4,14,22
West,Knight Hall,2020-04-14T23:00:00,,,,,,,,,,,41.311922,-105.581147,2020,4,14,23
West,Knight Hall,2020-04-15T00:00:00,,,,,,,,,,,41.311922,-105.581147,2020,4,15,0
West,Knight Hall,2020-04-15T01:00:00,,,,,,,,,,,41.311922,-105.581147,2020,4,15,1
West,Knight Hall,2020-04-15T02:00:00,,,,,,,,,,,41.311922,-105.581147,2020,4,15,2
West,Knight Hall,2020-04-15T03:00:00,,,,,,,,,,,41.311922,-105.581147,2020,4,15,3
West,Knight Hall,2020-04-15T04:00:00,,,,,,,,,,,41.311922,-105.581147,2020,4,15,4
West,Knight Hall,2020-04-15T05:00:00,,,,,,,,,,,41.311922,-105.581147,2020,4,15,5
West,Knight Hall,2020-04-15T06:00:00,,,,,,,,,,,41.311922,-105.581147,2020,4,15,6
West,Knight Hall,2020-04-15T07:00:00,,,,,,,,,,,41.311922,-105.581147,2020,4,15,7
West,Knight Hall,2020-04-15T08:00:00,,,,,,,,,,,41.311922,-105.581147,2020,4,15,8
West,Knight Hall,2020-04-15T09:00:00,,,,,,,,,,,41.311922,-105.581147,2020,4,15,9
West,Knight Hall,2020-04-15T10:00:00,,,,,,,,,,,41.311922,-105.581147,2020,4,15,10
West,Knight Hall,2020-04-15T11:00:00,,,,,,,,,,,41.311922,-105.581147,2020,4,15,11
West,Knight Hall,2020-04-15T12:00:00,,,,,,,,,,,41.311922,-105.581147,2020,4,15,12
West,Knight Hall,2020-04-15T13:00:00,,,,,,,,,,,41.311922,-105.581147,2020,4,15,13
West,Knight Hall,2020-04-15T14:00:00,,,,,,,,,,,41.311922,-105.581147,2020,4,15,14
West,Knight Hall,2020-04-15T15:00:00,,,,,,,,,,,41.311922,-105.581147,2020,4,15,15
West,Knight Hall,2020-04-15T16:00:00,,,,,,,,,,,41.311922,-105.581147,2020,4,15,16
West,Knight Hall,2020-04-15T17:00:00,,,,,,,,,,,41.311922,-105.581147,2020,4,15,17
West,Knight Hall,2020-04-15T18:00:00,,,,,,,,,,,41.311922,-105.581147,2020,4,15,18
West,Knight Hall,2020-04-15T19:00:00,,,,,,,,,,,41.311922,-105.581147,2020,4,15,19
West,Knight Hall,2020-04-15T20:00:00,,,,,,,,,,,41.311922,-105.581147,2020,4,15,20
West,Knight Hall,2020-04-15T21:00:00,,,,,,,,,,,41.311922,-105.581147,2020,4,15,21
West,Knight Hall,2020-04-15T22:00:00,,,,,,,,,,,41.311922,-105.581147,2020,4,15,22
West,Knight Hall,2020-04-15T23:00:00,,,,,,,,,,,41.311922,-105.581147,2020,4,15,23
West,Knight Hall,2020-04-16T00:00:00,,,,,,,,,,,41.311922,-105.581147,2020,4,16,0
West,Knight Hall,2020-04-16T01:00:00,,,,,,,,,,,41.311922,-105.581147,2020,4,16,1
West,Knight Hall,2020-04-16T02:00:00,,,,,,,,,,,41.311922,-105.581147,2020,4,16,2
West,Knight Hall,2020-04-16T03:00:00,,,,,,,,,,,41.311922,-105.581147,2020,4,16,3
West,Knight Hall,2020-04-16T04:00:00,,,,,,,,,,,41.311922,-105.581147,2020,4,16,4
West,Knight Hall,2020-04-16T05:00:00,,,,,,,,,,,41.311922,-105.581147,2020,4,16,5
West,Knight Hall,2020-04-16T06:00:00,,,,,,,,,,,41.311922,-105.581147,2020,4,16,6
West,Knight Hall,2020-04-16T07:00:00,,,,,,,,,,,41.311922,-105.581147,2020,4,16,7
West,Knight Hall,2020-04-16T08:00:00,,,,,,,,,,,41.311922,-105.581147,2020,4,16,8
West,Knight Hall,2020-04-16T09:00:00,,,,,,,,,,,41.311922,-105.581147,2020,4,16,9
West,Knight Hall,2020-04-16T10:00:00,,,,,,,,,,,41.311922,-105.581147,2020,4,16,10
West,Knight Hall,2020-04-16T11:00:00,,,,,,,,,,,41.311922,-105.581147,2020,4,16,11
West,Knight Hall,2020-04-16T12:00:00,,,,,,,,,,,41.311922,-105.581147,2020,4,16,12
West,Knight Hall,2020-04-16T13:00:00,,,,,,,,,,,41.311922,-105.581147,2020,4,16,13
West,Knight Hall,2020-04-16T14:00:00,,,,,,,,,,,41.311922,-105.581147,2020,4,16,14
West,Knight Hall,2020-04-16T15:00:00,,,,,,,,,,,41.311922,-105.581147,2020,4,16,15
West,Knight Hall,2020-04-16T16:00:00,,,,,,,,,,,41.311922,-105.581147,2020,4,16,16
West,Knight Hall,2020-04-16T17:00:00,,,,,,,,,,,41.311922,-105.581147,2020,4,16,17
West,Knight Hall,2020-04-16T18:00:00,,,,,,,,,,,41.311922,-105.581147,2020,4,16,18
West,Knight Hall,2020-04-16T19:00:00,,,,,,,,,,,41.311922,-105.581147,2020,4,16,19
West,Knight Hall,2020-04-16T20:00:00,,,,,,,,,,,41.311922,-105.581147,2020,4,16,20
West,Knight Hall,2020-04-16T21:00:00,,,,,,,,,,,41.311922,-105.581147,2020,4,16,21
West,Knight Hall,2020-04-16T22:00:00,,,,,,,,,,,41.311922,-105.581147,2020,4,16,22
West,Knight Hall,2020-04-16T23:00:00,,,,,,,,,,,41.311922,-105.581147,2020,4,16,23
West,Knight Hall,2020-04-17T00:00:00,,,,,,,,,,,41.311922,-105.581147,2020,4,17,0
West,Knight Hall,2020-04-17T01:00:00,,,,,,,,,,,41.311922,-105.581147,2020,4,17,1
West,Knight Hall,2020-04-17T02:00:00,,,,,,,,,,,41.311922,-105.581147,2020,4,17,2
West,Knight Hall,2020-04-17T03:00:00,,,,,,,,,,,41.311922,-105.581147,2020,4,17,3
West,Knight Hall,2020-04-17T04:00:00,,,,,,,,,,,41.311922,-105.581147,2020,4,17,4
West,Knight Hall,2020-04-17T05:00:00,,,,,,,,,,,41.311922,-105.581147,2020,4,17,5
West,Knight Hall,2020-04-17T06:00:00,,,,,,,,,,,41.311922,-105.581147,2020,4,17,6
West,Knight Hall,2020-04-17T07:00:00,,,,,,,,,,,41.311922,-105.581147,2020,4,17,7
West,Knight Hall,2020-04-17T08:00:00,,,,,,,,,,,41.311922,-105.581147,2020,4,17,8
West,Knight Hall,2020-04-17T09:00:00,,,,,,,,,,,41.311922,-105.581147,2020,4,17,9
West,Knight Hall,2020-04-17T10:00:00,,,,,,,,,,,41.311922,-105.581147,2020,4,17,10
West,Knight Hall,2020-04-17T11:00:00,,,,,,,,,,,41.311922,-105.581147,2020,4,17,11
West,Knight Hall,2020-04-17T12:00:00,,,,,,,,,,,41.311922,-105.581147,2020,4,17,12
West,Knight Hall,2020-04-17T13:00:00,,,,,,,,,,,41.311922,-105.581147,2020,4,17,13
West,Knight Hall,2020-04-17T14:00:00,,,,,,,,,,,41.311922,-105.581147,2020,4,17,14
West,Knight Hall,2020-04-17T15:00:00,,,,,,,,,,,41.311922,-105.581147,2020,4,17,15
West,Knight Hall,2020-04-17T16:00:00,,,,,,,,,,,41.311922,-105.581147,2020,4,17,16
West,Knight Hall,2020-04-17T17:00:00,,,,,,,,,,,41.311922,-105.581147,2020,4,17,17
West,Knight Hall,2020-04-17T18:00:00,,,,,,,,,,,41.311922,-105.581147,2020,4,17,18
West,Knight Hall,2020-04-17T19:00:00,,,,,,,,,,,41.311922,-105.581147,2020,4,17,19
West,Knight Hall,2020-04-17T20:00:00,,,,,,,,,,,41.311922,-105.581147,2020,4,17,20
West,Knight Hall,2020-04-17T21:00:00,,,,,,,,,,,41.311922,-105.581147,2020,4,17,21
West,Knight Hall,2020-04-17T22:00:00,,,,,,,,,,,41.311922,-105.581147,2020,4,17,22
West,Knight Hall,2020-04-17T23:00:00,,,,,,,,,,,41.311922,-105.581147,2020,4,17,23
West,Knight Hall,2020-04-18T00:00:00,,,,,,,,,,,41.311922,-105.581147,2020,4,18,0
West,Knight Hall,2020-04-18T01:00:00,,,,,,,,,,,41.311922,-105.581147,2020,4,18,1
West,Knight Hall,2020-04-18T02:00:00,,,,,,,,,,,41.311922,-105.581147,2020,4,18,2
West,Knight Hall,2020-04-18T03:00:00,,,,,,,,,,,41.311922,-105.581147,2020,4,18,3
West,Knight Hall,2020-04-18T04:00:00,,,,,,,,,,,41.311922,-105.581147,2020,4,18,4
West,Knight Hall,2020-04-18T05:00:00,,,,,,,,,,,41.311922,-105.581147,2020,4,18,5
West,Knight Hall,2020-04-18T06:00:00,,,,,,,,,,,41.311922,-105.581147,2020,4,18,6
West,Knight Hall,2020-04-18T07:00:00,,,,,,,,,,,41.311922,-105.581147,2020,4,18,7
West,Knight Hall,2020-04-18T08:00:00,,,,,,,,,,,41.311922,-105.581147,2020,4,18,8
West,Knight Hall,2020-04-18T09:00:00,,,,,,,,,,,41.311922,-105.581147,2020,4,18,9
West,Knight Hall,2020-04-18T10:00:00,,,,,,,,,,,41.311922,-105.581147,2020,4,18,10
West,Knight Hall,2020-04-18T11:00:00,,,,,,,,,,,41.311922,-105.581147,2020,4,18,11
West,Knight Hall,2020-04-18T12:00:00,,,,,,,,,,,41.311922,-105.581147,2020,4,18,12
West,Knight Hall,2020-04-18T13:00:00,,,,,,,,,,,41.311922,-105.581147,2020,4,18,13
West,Knight Hall,2020-04-18T14:00:00,,,,,,,,,,,41.311922,-105.581147,2020,4,18,14
West,Knight Hall,2020-04-18T15:00:00,,,,,,,,,,,41.311922,-105.581147,2020,4,18,15
West,Knight Hall,2020-04-18T16:00:00,,,,,,,,,,,41.311922,-105.581147,2020,4,18,16
West,Knight Hall,2020-04-18T17:00:00,,,,,,,,,,,41.311922,-105.581147,2020,4,18,17
West,Knight Hall,2020-04-18T18:00:00,,,,,,,,,,,41.311922,-105.581147,2020,4,18,18
West,Knight Hall,2020-04-18T19:00:00,,,,,,,,,,,41.311922,-105.581147,2020,4,18,19
West,Knight Hall,2020-04-18T20:00:00,,,,,,,,,,,41.311922,-105.581147,2020,4,18,20
West,Knight Hall,2020-04-18T21:00:00,,,,,,,,,,,41.311922,-105.581147,2020,4,18,21
West,Knight Hall,2020-04-18T22:00:00,,,,,,,,,,,41.311922,-105.581147,2020,4,18,22
West,Knight Hall,2020-04-18T23:00:00,,,,,,,,,,,41.311922,-105.581147,2020,4,18,23
West,Knight Hall,2020-04-19T00:00:00,,,,,,,,,,,41.311922,-105.581147,2020,4,19,0
West,Knight Hall,2020-04-19T01:00:00,,,,,,,,,,,41.311922,-105.581147,2020,4,19,1
West,Knight Hall,2020-04-19T02:00:00,,,,,,,,,,,41.311922,-105.581147,2020,4,19,2
West,Knight Hall,2020-04-19T03:00:00,,,,,,,,,,,41.311922,-105.581147,2020,4,19,3
West,Knight Hall,2020-04-19T04:00:00,,,,,,,,,,,41.311922,-105.581147,2020,4,19,4
West,Knight Hall,2020-04-19T05:00:00,,,,,,,,,,,41.311922,-105.581147,2020,4,19,5
West,Knight Hall,2020-04-19T06:00:00,,,,,,,,,,,41.311922,-105.581147,2020,4,19,6
West,Knight Hall,2020-04-19T07:00:00,,,,,,,,,,,41.311922,-105.581147,2020,4,19,7
West,Knight Hall,2020-04-19T08:00:00,,,,,,,,,,,41.311922,-105.581147,2020,4,19,8
West,Knight Hall,2020-04-19T09:00:00,,,,,,,,,,,41.311922,-105.581147,2020,4,19,9
West,Knight Hall,2020-04-19T10:00:00,,,,,,,,,,,41.311922,-105.581147,2020,4,19,10
West,Knight Hall,2020-04-19T11:00:00,,,,,,,,,,,41.311922,-105.581147,2020,4,19,11
West,Knight Hall,2020-04-19T12:00:00,,,,,,,,,,,41.311922,-105.581147,2020,4,19,12
West,Knight Hall,2020-04-19T13:00:00,,,,,,,,,,,41.311922,-105.581147,2020,4,19,13
West,Knight Hall,2020-04-19T14:00:00,,,,,,,,,,,41.311922,-105.581147,2020,4,19,14
West,Knight Hall,2020-04-19T15:00:00,,,,,,,,,,,41.311922,-105.581147,2020,4,19,15
West,Knight Hall,2020-04-19T16:00:00,,,,,,,,,,,41.311922,-105.581147,2020,4,19,16
West,Knight Hall,2020-04-19T17:00:00,,,,,,,,,,,41.311922,-105.581147,2020,4,19,17
West,Knight Hall,2020-04-19T18:00:00,,,,,,,,,,,41.311922,-105.581147,2020,4,19,18
West,Knight Hall,2020-04-19T19:00:00,,,,,,,,,,,41.311922,-105.581147,2020,4,19,19
West,Knight Hall,2020-04-19T20:00:00,,,,,,,,,,,41.311922,-105.581147,2020,4,19,20
West,Knight Hall,2020-04-19T21:00:00,,,,,,,,,,,41.311922,-105.581147,2020,4,19,21
West,Knight Hall,2020-04-19T22:00:00,,,,,,,,,,,41.311922,-105.581147,2020,4,19,22
West,Knight Hall,2020-04-19T23:00:00,,,,,,,,,,,41.311922,-105.581147,2020,4,19,23
West,Knight Hall,2020-04-20T00:00:00,,,,,,,,,,,41.311922,-105.581147,2020,4,20,0
West,Knight Hall,2020-04-20T01:00:00,,,,,,,,,,,41.311922,-105.581147,2020,4,20,1
West,Knight Hall,2020-04-20T02:00:00,,,,,,,,,,,41.311922,-105.581147,2020,4,20,2
West,Knight Hall,2020-04-20T03:00:00,,,,,,,,,,,41.311922,-105.581147,2020,4,20,3
West,Knight Hall,2020-04-20T04:00:00,,,,,,,,,,,41.311922,-105.581147,2020,4,20,4
West,Knight Hall,2020-04-20T05:00:00,,,,,,,,,,,41.311922,-105.581147,2020,4,20,5
West,Knight Hall,2020-04-20T06:00:00,,,,,,,,,,,41.311922,-105.581147,2020,4,20,6
West,Knight Hall,2020-04-20T07:00:00,,,,,,,,,,,41.311922,-105.581147,2020,4,20,7
West,Knight Hall,2020-04-20T08:00:00,,,,,,,,,,,41.311922,-105.581147,2020,4,20,8
West,Knight Hall,2020-04-20T09:00:00,,,,,,,,,,,41.311922,-105.581147,2020,4,20,9
West,Knight Hall,2020-04-20T10:00:00,,,,,,,,,,,41.311922,-105.581147,2020,4,20,10
West,Knight Hall,2020-04-20T11:00:00,,,,,,,,,,,41.311922,-105.581147,2020,4,20,11
West,Knight Hall,2020-04-20T12:00:00,,,,,,,,,,,41.311922,-105.581147,2020,4,20,12
West,Knight Hall,2020-04-20T13:00:00,,,,,,,,,,,41.311922,-105.581147,2020,4,20,13
West,Knight Hall,2020-04-20T14:00:00,,,,,,,,,,,41.311922,-105.581147,2020,4,20,14
West,Knight Hall,2020-04-20T15:00:00,,,,,,,,,,,41.311922,-105.581147,2020,4,20,15
West,Knight Hall,2020-04-20T16:00:00,,,,,,,,,,,41.311922,-105.581147,2020,4,20,16
West,Knight Hall,2020-04-20T17:00:00,,,,,,,,,,,41.311922,-105.581147,2020,4,20,17
West,Knight Hall,2020-04-20T18:00:00,,,,,,,,,,,41.311922,-105.581147,2020,4,20,18
West,Knight Hall,2020-04-20T19:00:00,,,,,,,,,,,41.311922,-105.581147,2020,4,20,19
West,Knight Hall,2020-04-20T20:00:00,,,,,,,,,,,41.311922,-105.581147,2020,4,20,20
West,Knight Hall,2020-04-20T21:00:00,,,,,,,,,,,41.311922,-105.581147,2020,4,20,21
West,Knight Hall,2020-04-20T22:00:00,,,,,,,,,,,41.311922,-105.581147,2020,4,20,22
West,Knight Hall,2020-04-20T23:00:00,,,,,,,,,,,41.311922,-105.581147,2020,4,20,23
West,Knight Hall,2020-04-21T00:00:00,,,,,,,,,,,41.311922,-105.581147,2020,4,21,0
West,Knight Hall,2020-04-21T01:00:00,,,,,,,,,,,41.311922,-105.581147,2020,4,21,1
West,Knight Hall,2020-04-21T02:00:00,,,,,,,,,,,41.311922,-105.581147,2020,4,21,2
West,Knight Hall,2020-04-21T03:00:00,,,,,,,,,,,41.311922,-105.581147,2020,4,21,3
West,Knight Hall,2020-04-21T04:00:00,,,,,,,,,,,41.311922,-105.581147,2020,4,21,4
West,Knight Hall,2020-04-21T05:00:00,,,,,,,,,,,41.311922,-105.581147,2020,4,21,5
West,Knight Hall,2020-04-21T06:00:00,,,,,,,,,,,41.311922,-105.581147,2020,4,21,6
West,Knight Hall,2020-04-21T07:00:00,,,,,,,,,,,41.311922,-105.581147,2020,4,21,7
West,Knight Hall,2020-04-21T08:00:00,,,,,,,,,,,41.311922,-105.581147,2020,4,21,8
West,Knight Hall,2020-04-21T09:00:00,,,,,,,,,,,41.311922,-105.581147,2020,4,21,9
West,Knight Hall,2020-04-21T10:00:00,,,,,,,,,,,41.311922,-105.581147,2020,4,21,10
West,Knight Hall,2020-04-21T11:00:00,,,,,,,,,,,41.311922,-105.581147,2020,4,21,11
West,Knight Hall,2020-04-21T12:00:00,,,,,,,,,,,41.311922,-105.581147,2020,4,21,12
West,Knight Hall,2020-04-21T13:00:00,,,,,,,,,,,41.311922,-105.581147,2020,4,21,13
West,Knight Hall,2020-04-21T14:00:00,,,,,,,,,,,41.311922,-105.581147,2020,4,21,14
West,Knight Hall,2020-04-21T15:00:00,,,,,,,,,,,41.311922,-105.581147,2020,4,21,15
West,Knight Hall,2020-04-21T16:00:00,,,,,,,,,,,41.311922,-105.581147,2020,4,21,16
West,Knight Hall,2020-04-21T17:00:00,,,,,,,,,,,41.311922,-105.581147,2020,4,21,17
West,Knight Hall,2020-04-21T18:00:00,,,,,,,,,,,41.311922,-105.581147,2020,4,21,18
West,Knight Hall,2020-04-21T19:00:00,,,,,,,,,,,41.311922,-105.581147,2020,4,21,19
West,Knight Hall,2020-04-21T20:00:00,,,,,,,,,,,41.311922,-105.581147,2020,4,21,20
West,Knight Hall,2020-04-21T21:00:00,,,,,,,,,,,41.311922,-105.581147,2020,4,21,21
West,Knight Hall,2020-04-21T22:00:00,,,,,,,,,,,41.311922,-105.581147,2020,4,21,22
West,Knight Hall,2020-04-21T23:00:00,,,,,,,,,,,41.311922,-105.581147,2020,4,21,23
West,Knight Hall,2020-04-22T00:00:00,,,,,,,,,,,41.311922,-105.581147,2020,4,22,0
West,Knight Hall,2020-04-22T01:00:00,,,,,,,,,,,41.311922,-105.581147,2020,4,22,1
West,Knight Hall,2020-04-22T02:00:00,,,,,,,,,,,41.311922,-105.581147,2020,4,22,2
West,Knight Hall,2020-04-22T03:00:00,,,,,,,,,,,41.311922,-105.581147,2020,4,22,3
West,Knight Hall,2020-04-22T04:00:00,,,,,,,,,,,41.311922,-105.581147,2020,4,22,4
West,Knight Hall,2020-04-22T05:00:00,,,,,,,,,,,41.311922,-105.581147,2020,4,22,5
West,Knight Hall,2020-04-22T06:00:00,,,,,,,,,,,41.311922,-105.581147,2020,4,22,6
West,Knight Hall,2020-04-22T07:00:00,,,,,,,,,,,41.311922,-105.581147,2020,4,22,7
West,Knight Hall,2020-04-22T08:00:00,,,,,,,,,,,41.311922,-105.581147,2020,4,22,8
West,Knight Hall,2020-04-22T09:00:00,,,,,,,,,,,41.311922,-105.581147,2020,4,22,9
West,Knight Hall,2020-04-22T10:00:00,,,,,,,,,,,41.311922,-105.581147,2020,4,22,10
West,Knight Hall,2020-04-22T11:00:00,,,,,,,,,,,41.311922,-105.581147,2020,4,22,11
West,Knight Hall,2020-04-22T12:00:00,,,,,,,,,,,41.311922,-105.581147,2020,4,22,12
West,Knight Hall,2020-04-22T13:00:00,,,,,,,,,,,41.311922,-105.581147,2020,4,22,13
West,Knight Hall,2020-04-22T14:00:00,,,,,,,,,,,41.311922,-105.581147,2020,4,22,14
West,Knight Hall,2020-04-22T15:00:00,,,,,,,,,,,41.311922,-105.581147,2020,4,22,15
West,Knight Hall,2020-04-22T16:00:00,,,,,,,,,,,41.311922,-105.581147,2020,4,22,16
West,Knight Hall,2020-04-22T17:00:00,,,,,,,,,,,41.311922,-105.581147,2020,4,22,17
West,Knight Hall,2020-04-22T18:00:00,,,,,,,,,,,41.311922,-105.581147,2020,4,22,18
West,Knight Hall,2020-04-22T19:00:00,,,,,,,,,,,41.311922,-105.581147,2020,4,22,19
West,Knight Hall,2020-04-22T20:00:00,,,,,,,,,,,41.311922,-105.581147,2020,4,22,20
West,Knight Hall,2020-04-22T21:00:00,,,,,,,,,,,41.311922,-105.581147,2020,4,22,21
West,Knight Hall,2020-04-22T22:00:00,,,,,,,,,,,41.311922,-105.581147,2020,4,22,22
West,Knight Hall,2020-04-22T23:00:00,,,,,,,,,,,41.311922,-105.581147,2020,4,22,23
West,Knight Hall,2020-04-23T00:00:00,,,,,,,,,,,41.311922,-105.581147,2020,4,23,0
West,Knight Hall,2020-04-23T01:00:00,,,,,,,,,,,41.311922,-105.581147,2020,4,23,1
West,Knight Hall,2020-04-23T02:00:00,,,,,,,,,,,41.311922,-105.581147,2020,4,23,2
West,Knight Hall,2020-04-23T03:00:00,,,,,,,,,,,41.311922,-105.581147,2020,4,23,3
West,Knight Hall,2020-04-23T04:00:00,,,,,,,,,,,41.311922,-105.581147,2020,4,23,4
West,Knight Hall,2020-04-23T05:00:00,,,,,,,,,,,41.311922,-105.581147,2020,4,23,5
West,Knight Hall,2020-04-23T06:00:00,,,,,,,,,,,41.311922,-105.581147,2020,4,23,6
West,Knight Hall,2020-04-23T07:00:00,,,,,,,,,,,41.311922,-105.581147,2020,4,23,7
West,Knight Hall,2020-04-23T08:00:00,,,,,,,,,,,41.311922,-105.581147,2020,4,23,8
West,Knight Hall,2020-04-23T09:00:00,,,,,,,,,,,41.311922,-105.581147,2020,4,23,9
West,Knight Hall,2020-04-23T10:00:00,,,,,,,,,,,41.311922,-105.581147,2020,4,23,10
West,Knight Hall,2020-04-23T11:00:00,,,,,,,,,,,41.311922,-105.581147,2020,4,23,11
West,Knight Hall,2020-04-23T12:00:00,,,,,,,,,,,41.311922,-105.581147,2020,4,23,12
West,Knight Hall,2020-04-23T13:00:00,,,,,,,,,,,41.311922,-105.581147,2020,4,23,13
West,Knight Hall,2020-04-23T14:00:00,,,,,,,,,,,41.311922,-105.581147,2020,4,23,14
West,Knight Hall,2020-04-23T15:00:00,,,,,,,,,,,41.311922,-105.581147,2020,4,23,15
West,Knight Hall,2020-04-23T16:00:00,,,,,,,,,,,41.311922,-105.581147,2020,4,23,16
West,Knight Hall,2020-04-23T17:00:00,,,,,,,,,,,41.311922,-105.581147,2020,4,23,17
West,Knight Hall,2020-04-23T18:00:00,,,,,,,,,,,41.311922,-105.581147,2020,4,23,18
West,Knight Hall,2020-04-23T19:00:00,,,,,,,,,,,41.311922,-105.581147,2020,4,23,19
West,Knight Hall,2020-04-23T20:00:00,,,,,,,,,,,41.311922,-105.581147,2020,4,23,20
West,Knight Hall,2020-04-23T21:00:00,,,,,,,,,,,41.311922,-105.581147,2020,4,23,21
West,Knight Hall,2020-04-23T22:00:00,,,,,,,,,,,41.311922,-105.581147,2020,4,23,22
West,Knight Hall,2020-04-23T23:00:00,,,,,,,,,,,41.311922,-105.581147,2020,4,23,23
West,Knight Hall,2020-04-24T00:00:00,,,,,,,,,,,41.311922,-105.581147,2020,4,24,0
West,Knight Hall,2020-04-24T01:00:00,,,,,,,,,,,41.311922,-105.581147,2020,4,24,1
West,Knight Hall,2020-04-24T02:00:00,,,,,,,,,,,41.311922,-105.581147,2020,4,24,2
West,Knight Hall,2020-04-24T03:00:00,,,,,,,,,,,41.311922,-105.581147,2020,4,24,3
West,Knight Hall,2020-04-24T04:00:00,,,,,,,,,,,41.311922,-105.581147,2020,4,24,4
West,Knight Hall,2020-04-24T05:00:00,,,,,,,,,,,41.311922,-105.581147,2020,4,24,5
West,Knight Hall,2020-04-24T06:00:00,,,,,,,,,,,41.311922,-105.581147,2020,4,24,6
West,Knight Hall,2020-04-24T07:00:00,,,,,,,,,,,41.311922,-105.581147,2020,4,24,7
West,Knight Hall,2020-04-24T08:00:00,,,,,,,,,,,41.311922,-105.581147,2020,4,24,8
West,Knight Hall,2020-04-24T09:00:00,,,,,,,,,,,41.311922,-105.581147,2020,4,24,9
West,Knight Hall,2020-04-24T10:00:00,,,,,,,,,,,41.311922,-105.581147,2020,4,24,10
West,Knight Hall,2020-04-24T11:00:00,,,,,,,,,,,41.311922,-105.581147,2020,4,24,11
West,Knight Hall,2020-04-24T12:00:00,,,,,,,,,,,41.311922,-105.581147,2020,4,24,12
West,Knight Hall,2020-04-24T13:00:00,,,,,,,,,,,41.311922,-105.581147,2020,4,24,13
West,Knight Hall,2020-04-24T14:00:00,,,,,,,,,,,41.311922,-105.581147,2020,4,24,14
West,Knight Hall,2020-04-24T15:00:00,,,,,,,,,,,41.311922,-105.581147,2020,4,24,15
West,Knight Hall,2020-04-24T16:00:00,,,,,,,,,,,41.311922,-105.581147,2020,4,24,16
West,Knight Hall,2020-04-24T17:00:00,,,,,,,,,,,41.311922,-105.581147,2020,4,24,17
West,Knight Hall,2020-04-24T18:00:00,,,,,,,,,,,41.311922,-105.581147,2020,4,24,18
West,Knight Hall,2020-04-24T19:00:00,,,,,,,,,,,41.311922,-105.581147,2020,4,24,19
West,Knight Hall,2020-04-24T20:00:00,,,,,,,,,,,41.311922,-105.581147,2020,4,24,20
West,Knight Hall,2020-04-24T21:00:00,,,,,,,,,,,41.311922,-105.581147,2020,4,24,21
West,Knight Hall,2020-04-24T22:00:00,,,,,,,,,,,41.311922,-105.581147,2020,4,24,22
West,Knight Hall,2020-04-24T23:00:00,,,,,,,,,,,41.311922,-105.581147,2020,4,24,23
West,Knight Hall,2020-04-25T00:00:00,,,,,,,,,,,41.311922,-105.581147,2020,4,25,0
West,Knight Hall,2020-04-25T01:00:00,,,,,,,,,,,41.311922,-105.581147,2020,4,25,1
West,Knight Hall,2020-04-25T02:00:00,,,,,,,,,,,41.311922,-105.581147,2020,4,25,2
West,Knight Hall,2020-04-25T03:00:00,,,,,,,,,,,41.311922,-105.581147,2020,4,25,3
West,Knight Hall,2020-04-25T04:00:00,,,,,,,,,,,41.311922,-105.581147,2020,4,25,4
West,Knight Hall,2020-04-25T05:00:00,,,,,,,,,,,41.311922,-105.581147,2020,4,25,5
West,Knight Hall,2020-04-25T06:00:00,,,,,,,,,,,41.311922,-105.581147,2020,4,25,6
West,Knight Hall,2020-04-25T07:00:00,,,,,,,,,,,41.311922,-105.581147,2020,4,25,7
West,Knight Hall,2020-04-25T08:00:00,,,,,,,,,,,41.311922,-105.581147,2020,4,25,8
West,Knight Hall,2020-04-25T09:00:00,,,,,,,,,,,41.311922,-105.581147,2020,4,25,9
West,Knight Hall,2020-04-25T10:00:00,,,,,,,,,,,41.311922,-105.581147,2020,4,25,10
West,Knight Hall,2020-04-25T11:00:00,,,,,,,,,,,41.311922,-105.581147,2020,4,25,11
West,Knight Hall,2020-04-25T12:00:00,,,,,,,,,,,41.311922,-105.581147,2020,4,25,12
West,Knight Hall,2020-04-25T13:00:00,,,,,,,,,,,41.311922,-105.581147,2020,4,25,13
West,Knight Hall,2020-04-25T14:00:00,,,,,,,,,,,41.311922,-105.581147,2020,4,25,14
West,Knight Hall,2020-04-25T15:00:00,,,,,,,,,,,41.311922,-105.581147,2020,4,25,15
West,Knight Hall,2020-04-25T16:00:00,,,,,,,,,,,41.311922,-105.581147,2020,4,25,16
West,Knight Hall,2020-04-25T17:00:00,,,,,,,,,,,41.311922,-105.581147,2020,4,25,17
West,Knight Hall,2020-04-25T18:00:00,,,,,,,,,,,41.311922,-105.581147,2020,4,25,18
West,Knight Hall,2020-04-25T19:00:00,,,,,,,,,,,41.311922,-105.581147,2020,4,25,19
West,Knight Hall,2020-04-25T20:00:00,,,,,,,,,,,41.311922,-105.581147,2020,4,25,20
West,Knight Hall,2020-04-25T21:00:00,,,,,,,,,,,41.311922,-105.581147,2020,4,25,21
West,Knight Hall,2020-04-25T22:00:00,,,,,,,,,,,41.311922,-105.581147,2020,4,25,22
West,Knight Hall,2020-04-25T23:00:00,,,,,,,,,,,41.311922,-105.581147,2020,4,25,23
West,Knight Hall,2020-04-26T00:00:00,,,,,,,,,,,41.311922,-105.581147,2020,4,26,0
West,Knight Hall,2020-04-26T01:00:00,,,,,,,,,,,41.311922,-105.581147,2020,4,26,1
West,Knight Hall,2020-04-26T02:00:00,,,,,,,,,,,41.311922,-105.581147,2020,4,26,2
West,Knight Hall,2020-04-26T03:00:00,,,,,,,,,,,41.311922,-105.581147,2020,4,26,3
West,Knight Hall,2020-04-26T04:00:00,,,,,,,,,,,41.311922,-105.581147,2020,4,26,4
West,Knight Hall,2020-04-26T05:00:00,,,,,,,,,,,41.311922,-105.581147,2020,4,26,5
West,Knight Hall,2020-04-26T06:00:00,,,,,,,,,,,41.311922,-105.581147,2020,4,26,6
West,Knight Hall,2020-04-26T07:00:00,,,,,,,,,,,41.311922,-105.581147,2020,4,26,7
West,Knight Hall,2020-04-26T08:00:00,,,,,,,,,,,41.311922,-105.581147,2020,4,26,8
West,Knight Hall,2020-04-26T09:00:00,,,,,,,,,,,41.311922,-105.581147,2020,4,26,9
West,Knight Hall,2020-04-26T10:00:00,,,,,,,,,,,41.311922,-105.581147,2020,4,26,10
West,Knight Hall,2020-04-26T11:00:00,,,,,,,,,,,41.311922,-105.581147,2020,4,26,11
West,Knight Hall,2020-04-26T12:00:00,,,,,,,,,,,41.311922,-105.581147,2020,4,26,12
West,Knight Hall,2020-04-26T13:00:00,,,,,,,,,,,41.311922,-105.581147,2020,4,26,13
West,Knight Hall,2020-04-26T14:00:00,,,,,,,,,,,41.311922,-105.581147,2020,4,26,14
West,Knight Hall,2020-04-26T15:00:00,,,,,,,,,,,41.311922,-105.581147,2020,4,26,15
West,Knight Hall,2020-04-26T16:00:00,,,,,,,,,,,41.311922,-105.581147,2020,4,26,16
West,Knight Hall,2020-04-26T17:00:00,,,,,,,,,,,41.311922,-105.581147,2020,4,26,17
West,Knight Hall,2020-04-26T18:00:00,,,,,,,,,,,41.311922,-105.581147,2020,4,26,18
West,Knight Hall,2020-04-26T19:00:00,,,,,,,,,,,41.311922,-105.581147,2020,4,26,19
West,Knight Hall,2020-04-26T20:00:00,,,,,,,,,,,41.311922,-105.581147,2020,4,26,20
West,Knight Hall,2020-04-26T21:00:00,,,,,,,,,,,41.311922,-105.581147,2020,4,26,21
West,Knight Hall,2020-04-26T22:00:00,,,,,,,,,,,41.311922,-105.581147,2020,4,26,22
West,Knight Hall,2020-04-26T23:00:00,,,,,,,,,,,41.311922,-105.581147,2020,4,26,23
West,Knight Hall,2020-04-27T00:00:00,,,,,,,,,,,41.311922,-105.581147,2020,4,27,0
West,Knight Hall,2020-04-27T01:00:00,,,,,,,,,,,41.311922,-105.581147,2020,4,27,1
West,Knight Hall,2020-04-27T02:00:00,,,,,,,,,,,41.311922,-105.581147,2020,4,27,2
West,Knight Hall,2020-04-27T03:00:00,,,,,,,,,,,41.311922,-105.581147,2020,4,27,3
West,Knight Hall,2020-04-27T04:00:00,,,,,,,,,,,41.311922,-105.581147,2020,4,27,4
West,Knight Hall,2020-04-27T05:00:00,,,,,,,,,,,41.311922,-105.581147,2020,4,27,5
West,Knight Hall,2020-04-27T06:00:00,,,,,,,,,,,41.311922,-105.581147,2020,4,27,6
West,Knight Hall,2020-04-27T07:00:00,,,,,,,,,,,41.311922,-105.581147,2020,4,27,7
West,Knight Hall,2020-04-27T08:00:00,,,,,,,,,,,41.311922,-105.581147,2020,4,27,8
West,Knight Hall,2020-04-27T09:00:00,,,,,,,,,,,41.311922,-105.581147,2020,4,27,9
West,Knight Hall,2020-04-27T10:00:00,,,,,,,,,,,41.311922,-105.581147,2020,4,27,10
West,Knight Hall,2020-04-27T11:00:00,,,,,,,,,,,41.311922,-105.581147,2020,4,27,11
West,Knight Hall,2020-04-27T12:00:00,,,,,,,,,,,41.311922,-105.581147,2020,4,27,12
West,Knight Hall,2020-04-27T13:00:00,,,,,,,,,,,41.311922,-105.581147,2020,4,27,13
West,Knight Hall,2020-04-27T14:00:00,,,,,,,,,,,41.311922,-105.581147,2020,4,27,14
West,Knight Hall,2020-04-27T15:00:00,,,,,,,,,,,41.311922,-105.581147,2020,4,27,15
West,Knight Hall,2020-04-27T16:00:00,,,,,,,,,,,41.311922,-105.581147,2020,4,27,16
West,Knight Hall,2020-04-27T17:00:00,,,,,,,,,,,41.311922,-105.581147,2020,4,27,17
West,Knight Hall,2020-04-27T18:00:00,,,,,,,,,,,41.311922,-105.581147,2020,4,27,18
West,Knight Hall,2020-04-27T19:00:00,,,,,,,,,,,41.311922,-105.581147,2020,4,27,19
West,Knight Hall,2020-04-27T20:00:00,,,,,,,,,,,41.311922,-105.581147,2020,4,27,20
West,Knight Hall,2020-04-27T21:00:00,,,,,,,,,,,41.311922,-105.581147,2020,4,27,21
West,Knight Hall,2020-04-27T22:00:00,,,,,,,,,,,41.311922,-105.581147,2020,4,27,22
West,Knight Hall,2020-04-27T23:00:00,,,,,,,,,,,41.311922,-105.581147,2020,4,27,23
West,Knight Hall,2020-04-28T00:00:00,,,,,,,,,,,41.311922,-105.581147,2020,4,28,0
West,Knight Hall,2020-04-28T01:00:00,,,,,,,,,,,41.311922,-105.581147,2020,4,28,1
West,Knight Hall,2020-04-28T02:00:00,,,,,,,,,,,41.311922,-105.581147,2020,4,28,2
West,Knight Hall,2020-04-28T03:00:00,,,,,,,,,,,41.311922,-105.581147,2020,4,28,3
West,Knight Hall,2020-04-28T04:00:00,,,,,,,,,,,41.311922,-105.581147,2020,4,28,4
West,Knight Hall,2020-04-28T05:00:00,,,,,,,,,,,41.311922,-105.581147,2020,4,28,5
West,Knight Hall,2020-04-28T06:00:00,,,,,,,,,,,41.311922,-105.581147,2020,4,28,6
West,Knight Hall,2020-04-28T07:00:00,,,,,,,,,,,41.311922,-105.581147,2020,4,28,7
West,Knight Hall,2020-04-28T08:00:00,,,,,,,,,,,41.311922,-105.581147,2020,4,28,8
West,Knight Hall,2020-04-28T09:00:00,,,,,,,,,,,41.311922,-105.581147,2020,4,28,9
West,Knight Hall,2020-04-28T10:00:00,,,,,,,,,,,41.311922,-105.581147,2020,4,28,10
West,Knight Hall,2020-04-28T11:00:00,,,,,,,,,,,41.311922,-105.581147,2020,4,28,11
West,Knight Hall,2020-04-28T12:00:00,,,,,,,,,,,41.311922,-105.581147,2020,4,28,12
West,Knight Hall,2020-04-28T13:00:00,,,,,,,,,,,41.311922,-105.581147,2020,4,28,13
West,Knight Hall,2020-04-28T14:00:00,,,,,,,,,,,41.311922,-105.581147,2020,4,28,14
West,Knight Hall,2020-04-28T15:00:00,,,,,,,,,,,41.311922,-105.581147,2020,4,28,15
West,Knight Hall,2020-04-28T16:00:00,,,,,,,,,,,41.311922,-105.581147,2020,4,28,16
West,Knight Hall,2020-04-28T17:00:00,,,,,,,,,,,41.311922,-105.581147,2020,4,28,17
West,Knight Hall,2020-04-28T18:00:00,,,,,,,,,,,41.311922,-105.581147,2020,4,28,18
West,Knight Hall,2020-04-28T19:00:00,,,,,,,,,,,41.311922,-105.581147,2020,4,28,19
West,Knight Hall,2020-04-28T20:00:00,,,,,,,,,,,41.311922,-105.581147,2020,4,28,20
West,Knight Hall,2020-04-28T21:00:00,,,,,,,,,,,41.311922,-105.581147,2020,4,28,21
West,Knight Hall,2020-04-28T22:00:00,,,,,,,,,,,41.311922,-105.581147,2020,4,28,22
West,Knight Hall,2020-04-28T23:00:00,,,,,,,,,,,41.311922,-105.581147,2020,4,28,23
West,Knight Hall,2020-04-29T00:00:00,,,,,,,,,,,41.311922,-105.581147,2020,4,29,0
West,Knight Hall,2020-04-29T01:00:00,,,,,,,,,,,41.311922,-105.581147,2020,4,29,1
West,Knight Hall,2020-04-29T02:00:00,,,,,,,,,,,41.311922,-105.581147,2020,4,29,2
West,Knight Hall,2020-04-29T03:00:00,,,,,,,,,,,41.311922,-105.581147,2020,4,29,3
West,Knight Hall,2020-04-29T04:00:00,,,,,,,,,,,41.311922,-105.581147,2020,4,29,4
West,Knight Hall,2020-04-29T05:00:00,,,,,,,,,,,41.311922,-105.581147,2020,4,29,5
West,Knight Hall,2020-04-29T06:00:00,,,,,,,,,,,41.311922,-105.581147,2020,4,29,6
West,Knight Hall,2020-04-29T07:00:00,,,,,,,,,,,41.311922,-105.581147,2020,4,29,7
West,Knight Hall,2020-04-29T08:00:00,,,,,,,,,,,41.311922,-105.581147,2020,4,29,8
West,Knight Hall,2020-04-29T09:00:00,,,,,,,,,,,41.311922,-105.581147,2020,4,29,9
West,Knight Hall,2020-04-29T10:00:00,,,,,,,,,,,41.311922,-105.581147,2020,4,29,10
West,Knight Hall,2020-04-29T11:00:00,,,,,,,,,,,41.311922,-105.581147,2020,4,29,11
West,Knight Hall,2020-04-29T12:00:00,,,,,,,,,,,41.311922,-105.581147,2020,4,29,12
West,Knight Hall,2020-04-29T13:00:00,,,,,,,,,,,41.311922,-105.581147,2020,4,29,13
West,Knight Hall,2020-04-29T14:00:00,,,,,,,,,,,41.311922,-105.581147,2020,4,29,14
West,Knight Hall,2020-04-29T15:00:00,,,,,,,,,,,41.311922,-105.581147,2020,4,29,15
West,Knight Hall,2020-04-29T16:00:00,,,,,,,,,,,41.311922,-105.581147,2020,4,29,16
West,Knight Hall,2020-04-29T17:00:00,,,,,,,,,,,41.311922,-105.581147,2020,4,29,17
West,Knight Hall,2020-04-29T18:00:00,,,,,,,,,,,41.311922,-105.581147,2020,4,29,18
West,Knight Hall,2020-04-29T19:00:00,,,,,,,,,,,41.311922,-105.581147,2020,4,29,19
West,Knight Hall,2020-04-29T20:00:00,,,,,,,,,,,41.311922,-105.581147,2020,4,29,20
West,Knight Hall,2020-04-29T21:00:00,,,,,,,,,,,41.311922,-105.581147,2020,4,29,21
West,Knight Hall,2020-04-29T22:00:00,,,,,,,,,,,41.311922,-105.581147,2020,4,29,22
West,Knight Hall,2020-04-29T23:00:00,,,,,,,,,,,41.311922,-105.581147,2020,4,29,23
West,Knight Hall,2020-04-30T00:00:00,,,,,,,,,,,41.311922,-105.581147,2020,4,30,0
West,Knight Hall,2020-04-30T01:00:00,,,,,,,,,,,41.311922,-105.581147,2020,4,30,1
West,Knight Hall,2020-04-30T02:00:00,,,,,,,,,,,41.311922,-105.581147,2020,4,30,2
West,Knight Hall,2020-04-30T03:00:00,,,,,,,,,,,41.311922,-105.581147,2020,4,30,3
West,Knight Hall,2020-04-30T04:00:00,,,,,,,,,,,41.311922,-105.581147,2020,4,30,4
West,Knight Hall,2020-04-30T05:00:00,,,,,,,,,,,41.311922,-105.581147,2020,4,30,5
West,Knight Hall,2020-04-30T06:00:00,,,,,,,,,,,41.311922,-105.581147,2020,4,30,6
West,Knight Hall,2020-04-30T07:00:00,,,,,,,,,,,41.311922,-105.581147,2020,4,30,7
West,Knight Hall,2020-04-30T08:00:00,,,,,,,,,,,41.311922,-105.581147,2020,4,30,8
West,Knight Hall,2020-04-30T09:00:00,,,,,,,,,,,41.311922,-105.581147,2020,4,30,9
West,Knight Hall,2020-04-30T10:00:00,,,,,,,,,,,41.311922,-105.581147,2020,4,30,10
West,Knight Hall,2020-04-30T11:00:00,,,,,,,,,,,41.311922,-105.581147,2020,4,30,11
West,Knight Hall,2020-04-30T12:00:00,,,,,,,,,,,41.311922,-105.581147,2020,4,30,12
West,Knight Hall,2020-04-30T13:00:00,,,,,,,,,,,41.311922,-105.581147,2020,4,30,13
West,Knight Hall,2020-04-30T14:00:00,,,,,,,,,,,41.311922,-105.581147,2020,4,30,14
West,Knight Hall,2020-04-30T15:00:00,,,,,,,,,,,41.311922,-105.581147,2020,4,30,15
West,Knight Hall,2020-04-30T16:00:00,,,,,,,,,,,41.311922,-105.581147,2020,4,30,16
West,Knight Hall,2020-04-30T17:00:00,,,,,,,,,,,41.311922,-105.581147,2020,4,30,17
West,Knight Hall,2020-04-30T18:00:00,,,,,,,,,,,41.311922,-105.581147,2020,4,30,18
West,Knight Hall,2020-04-30T19:00:00,,,,,,,,,,,41.311922,-105.581147,2020,4,30,19
West,Knight Hall,2020-04-30T20:00:00,,,,,,,,,,,41.311922,-105.581147,2020,4,30,20
West,Knight Hall,2020-04-30T21:00:00,,,,,,,,,,,41.311922,-105.581147,2020,4,30,21
West,Knight Hall,2020-04-30T22:00:00,,,,,,,,,,,41.311922,-105.581147,2020,4,30,22
West,Knight Hall,2020-04-30T23:00:00,,,,,,,,,,,41.311922,-105.581147,2020,4,30,23
West,Knight Hall,2020-05-01T00:00:00,,,,,,,,,,,41.311922,-105.581147,2020,5,1,0
West,Knight Hall,2020-05-01T01:00:00,,,,,,,,,,,41.311922,-105.581147,2020,5,1,1
West,Knight Hall,2020-05-01T02:00:00,,,,,,,,,,,41.311922,-105.581147,2020,5,1,2
West,Knight Hall,2020-05-01T03:00:00,,,,,,,,,,,41.311922,-105.581147,2020,5,1,3
West,Knight Hall,2020-05-01T04:00:00,,,,,,,,,,,41.311922,-105.581147,2020,5,1,4
West,Knight Hall,2020-05-01T05:00:00,,,,,,,,,,,41.311922,-105.581147,2020,5,1,5
West,Knight Hall,2020-05-01T06:00:00,,,,,,,,,,,41.311922,-105.581147,2020,5,1,6
West,Knight Hall,2020-05-01T07:00:00,,,,,,,,,,,41.311922,-105.581147,2020,5,1,7
West,Knight Hall,2020-05-01T08:00:00,,,,,,,,,,,41.311922,-105.581147,2020,5,1,8
West,Knight Hall,2020-05-01T09:00:00,,,,,,,,,,,41.311922,-105.581147,2020,5,1,9
West,Knight Hall,2020-05-01T10:00:00,,,,,,,,,,,41.311922,-105.581147,2020,5,1,10
West,Knight Hall,2020-05-01T11:00:00,,,,,,,,,,,41.311922,-105.581147,2020,5,1,11
West,Knight Hall,2020-05-01T12:00:00,,,,,,,,,,,41.311922,-105.581147,2020,5,1,12
West,Knight Hall,2020-05-01T13:00:00,,,,,,,,,,,41.311922,-105.581147,2020,5,1,13
West,Knight Hall,2020-05-01T14:00:00,,,,,,,,,,,41.311922,-105.581147,2020,5,1,14
West,Knight Hall,2020-05-01T15:00:00,,,,,,,,,,,41.311922,-105.581147,2020,5,1,15
West,Knight Hall,2020-05-01T16:00:00,,,,,,,,,,,41.311922,-105.581147,2020,5,1,16
West,Knight Hall,2020-05-01T17:00:00,,,,,,,,,,,41.311922,-105.581147,2020,5,1,17
West,Knight Hall,2020-05-01T18:00:00,,,,,,,,,,,41.311922,-105.581147,2020,5,1,18
West,Knight Hall,2020-05-01T19:00:00,,,,,,,,,,,41.311922,-105.581147,2020,5,1,19
West,Knight Hall,2020-05-01T20:00:00,,,,,,,,,,,41.311922,-105.581147,2020,5,1,20
West,Knight Hall,2020-05-01T21:00:00,,,,,,,,,,,41.311922,-105.581147,2020,5,1,21
West,Knight Hall,2020-05-01T22:00:00,,,,,,,,,,,41.311922,-105.581147,2020,5,1,22
West,Knight Hall,2020-05-01T23:00:00,,,,,,,,,,,41.311922,-105.581147,2020,5,1,23
West,Knight Hall,2020-05-02T00:00:00,,,,,,,,,,,41.311922,-105.581147,2020,5,2,0
West,Knight Hall,2020-05-02T01:00:00,,,,,,,,,,,41.311922,-105.581147,2020,5,2,1
West,Knight Hall,2020-05-02T02:00:00,,,,,,,,,,,41.311922,-105.581147,2020,5,2,2
West,Knight Hall,2020-05-02T03:00:00,,,,,,,,,,,41.311922,-105.581147,2020,5,2,3
West,Knight Hall,2020-05-02T04:00:00,,,,,,,,,,,41.311922,-105.581147,2020,5,2,4
West,Knight Hall,2020-05-02T05:00:00,,,,,,,,,,,41.311922,-105.581147,2020,5,2,5
West,Knight Hall,2020-05-02T06:00:00,,,,,,,,,,,41.311922,-105.581147,2020,5,2,6
West,Knight Hall,2020-05-02T07:00:00,,,,,,,,,,,41.311922,-105.581147,2020,5,2,7
West,Knight Hall,2020-05-02T08:00:00,,,,,,,,,,,41.311922,-105.581147,2020,5,2,8
West,Knight Hall,2020-05-02T09:00:00,,,,,,,,,,,41.311922,-105.581147,2020,5,2,9
West,Knight Hall,2020-05-02T10:00:00,,,,,,,,,,,41.311922,-105.581147,2020,5,2,10
West,Knight Hall,2020-05-02T11:00:00,,,,,,,,,,,41.311922,-105.581147,2020,5,2,11
West,Knight Hall,2020-05-02T12:00:00,,,,,,,,,,,41.311922,-105.581147,2020,5,2,12
West,Knight Hall,2020-05-02T13:00:00,,,,,,,,,,,41.311922,-105.581147,2020,5,2,13
West,Knight Hall,2020-05-02T14:00:00,,,,,,,,,,,41.311922,-105.581147,2020,5,2,14
West,Knight Hall,2020-05-02T15:00:00,,,,,,,,,,,41.311922,-105.581147,2020,5,2,15
West,Knight Hall,2020-05-02T16:00:00,,,,,,,,,,,41.311922,-105.581147,2020,5,2,16
West,Knight Hall,2020-05-02T17:00:00,,,,,,,,,,,41.311922,-105.581147,2020,5,2,17
West,Knight Hall,2020-05-02T18:00:00,,,,,,,,,,,41.311922,-105.581147,2020,5,2,18
West,Knight Hall,2020-05-02T19:00:00,,,,,,,,,,,41.311922,-105.581147,2020,5,2,19
West,Knight Hall,2020-05-02T20:00:00,,,,,,,,,,,41.311922,-105.581147,2020,5,2,20
West,Knight Hall,2020-05-02T21:00:00,,,,,,,,,,,41.311922,-105.581147,2020,5,2,21
West,Knight Hall,2020-05-02T22:00:00,,,,,,,,,,,41.311922,-105.581147,2020,5,2,22
West,Knight Hall,2020-05-02T23:00:00,,,,,,,,,,,41.311922,-105.581147,2020,5,2,23
West,Knight Hall,2020-05-03T00:00:00,,,,,,,,,,,41.311922,-105.581147,2020,5,3,0
West,Knight Hall,2020-05-03T01:00:00,,,,,,,,,,,41.311922,-105.581147,2020,5,3,1
West,Knight Hall,2020-05-03T02:00:00,,,,,,,,,,,41.311922,-105.581147,2020,5,3,2
West,Knight Hall,2020-05-03T03:00:00,,,,,,,,,,,41.311922,-105.581147,2020,5,3,3
West,Knight Hall,2020-05-03T04:00:00,,,,,,,,,,,41.311922,-105.581147,2020,5,3,4
West,Knight Hall,2020-05-03T05:00:00,,,,,,,,,,,41.311922,-105.581147,2020,5,3,5
West,Knight Hall,2020-05-03T06:00:00,,,,,,,,,,,41.311922,-105.581147,2020,5,3,6
West,Knight Hall,2020-05-03T07:00:00,,,,,,,,,,,41.311922,-105.581147,2020,5,3,7
West,Knight Hall,2020-05-03T08:00:00,,,,,,,,,,,41.311922,-105.581147,2020,5,3,8
West,Knight Hall,2020-05-03T09:00:00,,,,,,,,,,,41.311922,-105.581147,2020,5,3,9
West,Knight Hall,2020-05-03T10:00:00,,,,,,,,,,,41.311922,-105.581147,2020,5,3,10
West,Knight Hall,2020-05-03T11:00:00,,,,,,,,,,,41.311922,-105.581147,2020,5,3,11
West,Knight Hall,2020-05-03T12:00:00,,,,,,,,,,,41.311922,-105.581147,2020,5,3,12
West,Knight Hall,2020-05-03T13:00:00,,,,,,,,,,,41.311922,-105.581147,2020,5,3,13
West,Knight Hall,2020-05-03T14:00:00,,,,,,,,,,,41.311922,-105.581147,2020,5,3,14
West,Knight Hall,2020-05-03T15:00:00,,,,,,,,,,,41.311922,-105.581147,2020,5,3,15
West,Knight Hall,2020-05-03T16:00:00,,,,,,,,,,,41.311922,-105.581147,2020,5,3,16
West,Knight Hall,2020-05-03T17:00:00,,,,,,,,,,,41.311922,-105.581147,2020,5,3,17
West,Knight Hall,2020-05-03T18:00:00,,,,,,,,,,,41.311922,-105.581147,2020,5,3,18
West,Knight Hall,2020-05-03T19:00:00,,,,,,,,,,,41.311922,-105.581147,2020,5,3,19
West,Knight Hall,2020-05-03T20:00:00,,,,,,,,,,,41.311922,-105.581147,2020,5,3,20
West,Knight Hall,2020-05-03T21:00:00,,,,,,,,,,,41.311922,-105.581147,2020,5,3,21
West,Knight Hall,2020-05-03T22:00:00,,,,,,,,,,,41.311922,-105.581147,2020,5,3,22
West,Knight Hall,2020-05-03T23:00:00,,,,,,,,,,,41.311922,-105.581147,2020,5,3,23
West,Knight Hall,2020-05-04T00:00:00,,,,,,,,,,,41.311922,-105.581147,2020,5,4,0
West,Knight Hall,2020-05-04T01:00:00,,,,,,,,,,,41.311922,-105.581147,2020,5,4,1
West,Knight Hall,2020-05-04T02:00:00,,,,,,,,,,,41.311922,-105.581147,2020,5,4,2
West,Knight Hall,2020-05-04T03:00:00,,,,,,,,,,,41.311922,-105.581147,2020,5,4,3
West,Knight Hall,2020-05-04T04:00:00,,,,,,,,,,,41.311922,-105.581147,2020,5,4,4
West,Knight Hall,2020-05-04T05:00:00,,,,,,,,,,,41.311922,-105.581147,2020,5,4,5
West,Knight Hall,2020-05-04T06:00:00,,,,,,,,,,,41.311922,-105.581147,2020,5,4,6
West,Knight Hall,2020-05-04T07:00:00,,,,,,,,,,,41.311922,-105.581147,2020,5,4,7
West,Knight Hall,2020-05-04T08:00:00,,,,,,,,,,,41.311922,-105.581147,2020,5,4,8
West,Knight Hall,2020-05-04T09:00:00,,,,,,,,,,,41.311922,-105.581147,2020,5,4,9
West,Knight Hall,2020-05-04T10:00:00,,,,,,,,,,,41.311922,-105.581147,2020,5,4,10
West,Knight Hall,2020-05-04T11:00:00,,,,,,,,,,,41.311922,-105.581147,2020,5,4,11
West,Knight Hall,2020-05-04T12:00:00,,,,,,,,,,,41.311922,-105.581147,2020,5,4,12
West,Knight Hall,2020-05-04T13:00:00,,,,,,,,,,,41.311922,-105.581147,2020,5,4,13
West,Knight Hall,2020-05-04T14:00:00,,,,,,,,,,,41.311922,-105.581147,2020,5,4,14
West,Knight Hall,2020-05-04T15:00:00,,,,,,,,,,,41.311922,-105.581147,2020,5,4,15
West,Knight Hall,2020-05-04T16:00:00,,,,,,,,,,,41.311922,-105.581147,2020,5,4,16
West,Knight Hall,2020-05-04T17:00:00,,,,,,,,,,,41.311922,-105.581147,2020,5,4,17
West,Knight Hall,2020-05-04T18:00:00,,,,,,,,,,,41.311922,-105.581147,2020,5,4,18
West,Knight Hall,2020-05-04T19:00:00,,,,,,,,,,,41.311922,-105.581147,2020,5,4,19
West,Knight Hall,2020-05-04T20:00:00,,,,,,,,,,,41.311922,-105.581147,2020,5,4,20
West,Knight Hall,2020-05-04T21:00:00,,,,,,,,,,,41.311922,-105.581147,2020,5,4,21
West,Knight Hall,2020-05-04T22:00:00,,,,,,,,,,,41.311922,-105.581147,2020,5,4,22
West,Knight Hall,2020-05-04T23:00:00,,,,,,,,,,,41.311922,-105.581147,2020,5,4,23
West,Knight Hall,2020-05-05T00:00:00,,,,,,,,,,,41.311922,-105.581147,2020,5,5,0
West,Knight Hall,2020-05-05T01:00:00,,,,,,,,,,,41.311922,-105.581147,2020,5,5,1
West,Knight Hall,2020-05-05T02:00:00,,,,,,,,,,,41.311922,-105.581147,2020,5,5,2
West,Knight Hall,2020-05-05T03:00:00,,,,,,,,,,,41.311922,-105.581147,2020,5,5,3
West,Knight Hall,2020-05-05T04:00:00,,,,,,,,,,,41.311922,-105.581147,2020,5,5,4
West,Knight Hall,2020-05-05T05:00:00,,,,,,,,,,,41.311922,-105.581147,2020,5,5,5
West,Knight Hall,2020-05-05T06:00:00,,,,,,,,,,,41.311922,-105.581147,2020,5,5,6
West,Knight Hall,2020-05-05T07:00:00,,,,,,,,,,,41.311922,-105.581147,2020,5,5,7
West,Knight Hall,2020-05-05T08:00:00,,,,,,,,,,,41.311922,-105.581147,2020,5,5,8
West,Knight Hall,2020-05-05T09:00:00,,,,,,,,,,,41.311922,-105.581147,2020,5,5,9
West,Knight Hall,2020-05-05T10:00:00,,,,,,,,,,,41.311922,-105.581147,2020,5,5,10
West,Knight Hall,2020-05-05T11:00:00,,,,,,,,,,,41.311922,-105.581147,2020,5,5,11
West,Knight Hall,2020-05-05T12:00:00,,,,,,,,,,,41.311922,-105.581147,2020,5,5,12
West,Knight Hall,2020-05-05T13:00:00,,,,,,,,,,,41.311922,-105.581147,2020,5,5,13
West,Knight Hall,2020-05-05T14:00:00,,,,,,,,,,,41.311922,-105.581147,2020,5,5,14
West,Knight Hall,2020-05-05T15:00:00,,,,,,,,,,,41.311922,-105.581147,2020,5,5,15
West,Knight Hall,2020-05-05T16:00:00,,,,,,,,,,,41.311922,-105.581147,2020,5,5,16
West,Knight Hall,2020-05-05T17:00:00,,,,,,,,,,,41.311922,-105.581147,2020,5,5,17
West,Knight Hall,2020-05-05T18:00:00,,,,,,,,,,,41.311922,-105.581147,2020,5,5,18
West,Knight Hall,2020-05-05T19:00:00,,,,,,,,,,,41.311922,-105.581147,2020,5,5,19
West,Knight Hall,2020-05-05T20:00:00,,,,,,,,,,,41.311922,-105.581147,2020,5,5,20
West,Knight Hall,2020-05-05T21:00:00,,,,,,,,,,,41.311922,-105.581147,2020,5,5,21
West,Knight Hall,2020-05-05T22:00:00,,,,,,,,,,,41.311922,-105.581147,2020,5,5,22
West,Knight Hall,2020-05-05T23:00:00,,,,,,,,,,,41.311922,-105.581147,2020,5,5,23
West,Knight Hall,2020-05-06T00:00:00,,,,,,,,,,,41.311922,-105.581147,2020,5,6,0
West,Knight Hall,2020-05-06T01:00:00,,,,,,,,,,,41.311922,-105.581147,2020,5,6,1
West,Knight Hall,2020-05-06T02:00:00,,,,,,,,,,,41.311922,-105.581147,2020,5,6,2
West,Knight Hall,2020-05-06T03:00:00,,,,,,,,,,,41.311922,-105.581147,2020,5,6,3
West,Knight Hall,2020-05-06T04:00:00,,,,,,,,,,,41.311922,-105.581147,2020,5,6,4
West,Knight Hall,2020-05-06T05:00:00,,,,,,,,,,,41.311922,-105.581147,2020,5,6,5
West,Knight Hall,2020-05-06T06:00:00,,,,,,,,,,,41.311922,-105.581147,2020,5,6,6
West,Knight Hall,2020-05-06T07:00:00,,,,,,,,,,,41.311922,-105.581147,2020,5,6,7
West,Knight Hall,2020-05-06T08:00:00,,,,,,,,,,,41.311922,-105.581147,2020,5,6,8
West,Knight Hall,2020-05-06T09:00:00,,,,,,,,,,,41.311922,-105.581147,2020,5,6,9
West,Knight Hall,2020-05-06T10:00:00,,,,,,,,,,,41.311922,-105.581147,2020,5,6,10
West,Knight Hall,2020-05-06T11:00:00,,,,,,,,,,,41.311922,-105.581147,2020,5,6,11
West,Knight Hall,2020-05-06T12:00:00,,,,,,,,,,,41.311922,-105.581147,2020,5,6,12
West,Knight Hall,2020-05-06T13:00:00,,,,,,,,,,,41.311922,-105.581147,2020,5,6,13
West,Knight Hall,2020-05-06T14:00:00,,,,,,,,,,,41.311922,-105.581147,2020,5,6,14
West,Knight Hall,2020-05-06T15:00:00,,,,,,,,,,,41.311922,-105.581147,2020,5,6,15
West,Knight Hall,2020-05-06T16:00:00,,,,,,,,,,,41.311922,-105.581147,2020,5,6,16
West,Knight Hall,2020-05-06T17:00:00,,,,,,,,,,,41.311922,-105.581147,2020,5,6,17
West,Knight Hall,2020-05-06T18:00:00,,,,,,,,,,,41.311922,-105.581147,2020,5,6,18
West,Knight Hall,2020-05-06T19:00:00,,,,,,,,,,,41.311922,-105.581147,2020,5,6,19
West,Knight Hall,2020-05-06T20:00:00,,,,,,,,,,,41.311922,-105.581147,2020,5,6,20
West,Knight Hall,2020-05-06T21:00:00,,,,,,,,,,,41.311922,-105.581147,2020,5,6,21
West,Knight Hall,2020-05-06T22:00:00,,,,,,,,,,,41.311922,-105.581147,2020,5,6,22
West,Knight Hall,2020-05-06T23:00:00,,,,,,,,,,,41.311922,-105.581147,2020,5,6,23
West,Knight Hall,2020-05-07T00:00:00,,,,,,,,,,,41.311922,-105.581147,2020,5,7,0
West,Knight Hall,2020-05-07T01:00:00,,,,,,,,,,,41.311922,-105.581147,2020,5,7,1
West,Knight Hall,2020-05-07T02:00:00,,,,,,,,,,,41.311922,-105.581147,2020,5,7,2
West,Knight Hall,2020-05-07T03:00:00,,,,,,,,,,,41.311922,-105.581147,2020,5,7,3
West,Knight Hall,2020-05-07T04:00:00,,,,,,,,,,,41.311922,-105.581147,2020,5,7,4
West,Knight Hall,2020-05-07T05:00:00,,,,,,,,,,,41.311922,-105.581147,2020,5,7,5
West,Knight Hall,2020-05-07T06:00:00,,,,,,,,,,,41.311922,-105.581147,2020,5,7,6
West,Knight Hall,2020-05-07T07:00:00,,,,,,,,,,,41.311922,-105.581147,2020,5,7,7
West,Knight Hall,2020-05-07T08:00:00,,,,,,,,,,,41.311922,-105.581147,2020,5,7,8
West,Knight Hall,2020-05-07T09:00:00,,,,,,,,,,,41.311922,-105.581147,2020,5,7,9
West,Knight Hall,2020-05-07T10:00:00,,,,,,,,,,,41.311922,-105.581147,2020,5,7,10
West,Knight Hall,2020-05-07T11:00:00,,,,,,,,,,,41.311922,-105.581147,2020,5,7,11
West,Knight Hall,2020-05-07T12:00:00,,,,,,,,,,,41.311922,-105.581147,2020,5,7,12
West,Knight Hall,2020-05-07T13:00:00,,,,,,,,,,,41.311922,-105.581147,2020,5,7,13
West,Knight Hall,2020-05-07T14:00:00,,,,,,,,,,,41.311922,-105.581147,2020,5,7,14
West,Knight Hall,2020-05-07T15:00:00,,,,,,,,,,,41.311922,-105.581147,2020,5,7,15
West,Knight Hall,2020-05-07T16:00:00,,,,,,,,,,,41.311922,-105.581147,2020,5,7,16
West,Knight Hall,2020-05-07T17:00:00,,,,,,,,,,,41.311922,-105.581147,2020,5,7,17
West,Knight Hall,2020-05-07T18:00:00,,,,,,,,,,,41.311922,-105.581147,2020,5,7,18
West,Knight Hall,2020-05-07T19:00:00,,,,,,,,,,,41.311922,-105.581147,2020,5,7,19
West,Knight Hall,2020-05-07T20:00:00,,,,,,,,,,,41.311922,-105.581147,2020,5,7,20
West,Knight Hall,2020-05-07T21:00:00,,,,,,,,,,,41.311922,-105.581147,2020,5,7,21
West,Knight Hall,2020-05-07T22:00:00,,,,,,,,,,,41.311922,-105.581147,2020,5,7,22
West,Knight Hall,2020-05-07T23:00:00,,,,,,,,,,,41.311922,-105.581147,2020,5,7,23
West,Knight Hall,2020-05-08T00:00:00,,,,,,,,,,,41.311922,-105.581147,2020,5,8,0
West,Knight Hall,2020-05-08T01:00:00,,,,,,,,,,,41.311922,-105.581147,2020,5,8,1
West,Knight Hall,2020-05-08T02:00:00,,,,,,,,,,,41.311922,-105.581147,2020,5,8,2
West,Knight Hall,2020-05-08T03:00:00,,,,,,,,,,,41.311922,-105.581147,2020,5,8,3
West,Knight Hall,2020-05-08T04:00:00,,,,,,,,,,,41.311922,-105.581147,2020,5,8,4
West,Knight Hall,2020-05-08T05:00:00,,,,,,,,,,,41.311922,-105.581147,2020,5,8,5
West,Knight Hall,2020-05-08T06:00:00,,,,,,,,,,,41.311922,-105.581147,2020,5,8,6
West,Knight Hall,2020-05-08T07:00:00,,,,,,,,,,,41.311922,-105.581147,2020,5,8,7
West,Knight Hall,2020-05-08T08:00:00,,,,,,,,,,,41.311922,-105.581147,2020,5,8,8
West,Knight Hall,2020-05-08T09:00:00,,,,,,,,,,,41.311922,-105.581147,2020,5,8,9
West,Knight Hall,2020-05-08T10:00:00,,,,,,,,,,,41.311922,-105.581147,2020,5,8,10
West,Knight Hall,2020-05-08T11:00:00,,,,,,,,,,,41.311922,-105.581147,2020,5,8,11
West,Knight Hall,2020-05-08T12:00:00,,,,,,,,,,,41.311922,-105.581147,2020,5,8,12
West,Knight Hall,2020-05-08T13:00:00,,,,,,,,,,,41.311922,-105.581147,2020,5,8,13
West,Knight Hall,2020-05-08T14:00:00,,,,,,,,,,,41.311922,-105.581147,2020,5,8,14
West,Knight Hall,2020-05-08T15:00:00,,,,,,,,,,,41.311922,-105.581147,2020,5,8,15
West,Knight Hall,2020-05-08T16:00:00,,,,,,,,,,,41.311922,-105.581147,2020,5,8,16
West,Knight Hall,2020-05-08T17:00:00,,,,,,,,,,,41.311922,-105.581147,2020,5,8,17
West,Knight Hall,2020-05-08T18:00:00,,,,,,,,,,,41.311922,-105.581147,2020,5,8,18
West,Knight Hall,2020-05-08T19:00:00,,,,,,,,,,,41.311922,-105.581147,2020,5,8,19
West,Knight Hall,2020-05-08T20:00:00,,,,,,,,,,,41.311922,-105.581147,2020,5,8,20
West,Knight Hall,2020-05-08T21:00:00,,,,,,,,,,,41.311922,-105.581147,2020,5,8,21
West,Knight Hall,2020-05-08T22:00:00,,,,,,,,,,,41.311922,-105.581147,2020,5,8,22
West,Knight Hall,2020-05-08T23:00:00,,,,,,,,,,,41.311922,-105.581147,2020,5,8,23
West,Knight Hall,2020-05-09T00:00:00,,,,,,,,,,,41.311922,-105.581147,2020,5,9,0
West,Knight Hall,2020-05-09T01:00:00,,,,,,,,,,,41.311922,-105.581147,2020,5,9,1
West,Knight Hall,2020-05-09T02:00:00,,,,,,,,,,,41.311922,-105.581147,2020,5,9,2
West,Knight Hall,2020-05-09T03:00:00,,,,,,,,,,,41.311922,-105.581147,2020,5,9,3
West,Knight Hall,2020-05-09T04:00:00,,,,,,,,,,,41.311922,-105.581147,2020,5,9,4
West,Knight Hall,2020-05-09T05:00:00,,,,,,,,,,,41.311922,-105.581147,2020,5,9,5
West,Knight Hall,2020-05-09T06:00:00,,,,,,,,,,,41.311922,-105.581147,2020,5,9,6
West,Knight Hall,2020-05-09T07:00:00,,,,,,,,,,,41.311922,-105.581147,2020,5,9,7
West,Knight Hall,2020-05-09T08:00:00,,,,,,,,,,,41.311922,-105.581147,2020,5,9,8
West,Knight Hall,2020-05-09T09:00:00,,,,,,,,,,,41.311922,-105.581147,2020,5,9,9
West,Knight Hall,2020-05-09T10:00:00,,,,,,,,,,,41.311922,-105.581147,2020,5,9,10
West,Knight Hall,2020-05-09T11:00:00,,,,,,,,,,,41.311922,-105.581147,2020,5,9,11
West,Knight Hall,2020-05-09T12:00:00,,,,,,,,,,,41.311922,-105.581147,2020,5,9,12
West,Knight Hall,2020-05-09T13:00:00,,,,,,,,,,,41.311922,-105.581147,2020,5,9,13
West,Knight Hall,2020-05-09T14:00:00,,,,,,,,,,,41.311922,-105.581147,2020,5,9,14
West,Knight Hall,2020-05-09T15:00:00,,,,,,,,,,,41.311922,-105.581147,2020,5,9,15
West,Knight Hall,2020-05-09T16:00:00,,,,,,,,,,,41.311922,-105.581147,2020,5,9,16
West,Knight Hall,2020-05-09T17:00:00,,,,,,,,,,,41.311922,-105.581147,2020,5,9,17
West,Knight Hall,2020-05-09T18:00:00,,,,,,,,,,,41.311922,-105.581147,2020,5,9,18
West,Knight Hall,2020-05-09T19:00:00,,,,,,,,,,,41.311922,-105.581147,2020,5,9,19
West,Knight Hall,2020-05-09T20:00:00,,,,,,,,,,,41.311922,-105.581147,2020,5,9,20
West,Knight Hall,2020-05-09T21:00:00,,,,,,,,,,,41.311922,-105.581147,2020,5,9,21
West,Knight Hall,2020-05-09T22:00:00,,,,,,,,,,,41.311922,-105.581147,2020,5,9,22
West,Knight Hall,2020-05-09T23:00:00,,,,,,,,,,,41.311922,-105.581147,2020,5,9,23
West,Knight Hall,2020-05-10T00:00:00,,,,,,,,,,,41.311922,-105.581147,2020,5,10,0
West,Knight Hall,2020-05-10T01:00:00,,,,,,,,,,,41.311922,-105.581147,2020,5,10,1
West,Knight Hall,2020-05-10T02:00:00,,,,,,,,,,,41.311922,-105.581147,2020,5,10,2
West,Knight Hall,2020-05-10T03:00:00,,,,,,,,,,,41.311922,-105.581147,2020,5,10,3
West,Knight Hall,2020-05-10T04:00:00,,,,,,,,,,,41.311922,-105.581147,2020,5,10,4
West,Knight Hall,2020-05-10T05:00:00,,,,,,,,,,,41.311922,-105.581147,2020,5,10,5
West,Knight Hall,2020-05-10T06:00:00,,,,,,,,,,,41.311922,-105.581147,2020,5,10,6
West,Knight Hall,2020-05-10T07:00:00,,,,,,,,,,,41.311922,-105.581147,2020,5,10,7
West,Knight Hall,2020-05-10T08:00:00,,,,,,,,,,,41.311922,-105.581147,2020,5,10,8
West,Knight Hall,2020-05-10T09:00:00,,,,,,,,,,,41.311922,-105.581147,2020,5,10,9
West,Knight Hall,2020-05-10T10:00:00,,,,,,,,,,,41.311922,-105.581147,2020,5,10,10
West,Knight Hall,2020-05-10T11:00:00,,,,,,,,,,,41.311922,-105.581147,2020,5,10,11
West,Knight Hall,2020-05-10T12:00:00,,,,,,,,,,,41.311922,-105.581147,2020,5,10,12
West,Knight Hall,2020-05-10T13:00:00,,,,,,,,,,,41.311922,-105.581147,2020,5,10,13
West,Knight Hall,2020-05-10T14:00:00,,,,,,,,,,,41.311922,-105.581147,2020,5,10,14
West,Knight Hall,2020-05-10T15:00:00,,,,,,,,,,,41.311922,-105.581147,2020,5,10,15
West,Knight Hall,2020-05-10T16:00:00,,,,,,,,,,,41.311922,-105.581147,2020,5,10,16
West,Knight Hall,2020-05-10T17:00:00,,,,,,,,,,,41.311922,-105.581147,2020,5,10,17
West,Knight Hall,2020-05-10T18:00:00,,,,,,,,,,,41.311922,-105.581147,2020,5,10,18
West,Knight Hall,2020-05-10T19:00:00,,,,,,,,,,,41.311922,-105.581147,2020,5,10,19
West,Knight Hall,2020-05-10T20:00:00,,,,,,,,,,,41.311922,-105.581147,2020,5,10,20
West,Knight Hall,2020-05-10T21:00:00,,,,,,,,,,,41.311922,-105.581147,2020,5,10,21
West,Knight Hall,2020-05-10T22:00:00,,,,,,,,,,,41.311922,-105.581147,2020,5,10,22
West,Knight Hall,2020-05-10T23:00:00,,,,,,,,,,,41.311922,-105.581147,2020,5,10,23
West,Knight Hall,2020-05-11T00:00:00,,,,,,,,,,,41.311922,-105.581147,2020,5,11,0
West,Knight Hall,2020-05-11T01:00:00,,,,,,,,,,,41.311922,-105.581147,2020,5,11,1
West,Knight Hall,2020-05-11T02:00:00,,,,,,,,,,,41.311922,-105.581147,2020,5,11,2
West,Knight Hall,2020-05-11T03:00:00,,,,,,,,,,,41.311922,-105.581147,2020,5,11,3
West,Knight Hall,2020-05-11T04:00:00,,,,,,,,,,,41.311922,-105.581147,2020,5,11,4
West,Knight Hall,2020-05-11T05:00:00,,,,,,,,,,,41.311922,-105.581147,2020,5,11,5
West,Knight Hall,2020-05-11T06:00:00,,,,,,,,,,,41.311922,-105.581147,2020,5,11,6
West,Knight Hall,2020-05-11T07:00:00,,,,,,,,,,,41.311922,-105.581147,2020,5,11,7
West,Knight Hall,2020-05-11T08:00:00,,,,,,,,,,,41.311922,-105.581147,2020,5,11,8
West,Knight Hall,2020-05-11T09:00:00,,,,,,,,,,,41.311922,-105.581147,2020,5,11,9
West,Knight Hall,2020-05-11T10:00:00,,,,,,,,,,,41.311922,-105.581147,2020,5,11,10
West,Knight Hall,2020-05-11T11:00:00,,,,,,,,,,,41.311922,-105.581147,2020,5,11,11
West,Knight Hall,2020-05-11T12:00:00,,,,,,,,,,,41.311922,-105.581147,2020,5,11,12
West,Knight Hall,2020-05-11T13:00:00,,,,,,,,,,,41.311922,-105.581147,2020,5,11,13
West,Knight Hall,2020-05-11T14:00:00,,,,,,,,,,,41.311922,-105.581147,2020,5,11,14
West,Knight Hall,2020-05-11T15:00:00,,,,,,,,,,,41.311922,-105.581147,2020,5,11,15
West,Knight Hall,2020-05-11T16:00:00,,,,,,,,,,,41.311922,-105.581147,2020,5,11,16
West,Knight Hall,2020-05-11T17:00:00,,,,,,,,,,,41.311922,-105.581147,2020,5,11,17
West,Knight Hall,2020-05-11T18:00:00,,,,,,,,,,,41.311922,-105.581147,2020,5,11,18
West,Knight Hall,2020-05-11T19:00:00,,,,,,,,,,,41.311922,-105.581147,2020,5,11,19
West,Knight Hall,2020-05-11T20:00:00,,,,,,,,,,,41.311922,-105.581147,2020,5,11,20
West,Knight Hall,2020-05-11T21:00:00,,,,,,,,,,,41.311922,-105.581147,2020,5,11,21
West,Knight Hall,2020-05-11T22:00:00,,,,,,,,,,,41.311922,-105.581147,2020,5,11,22
West,Knight Hall,2020-05-11T23:00:00,,,,,,,,,,,41.311922,-105.581147,2020,5,11,23
West,Knight Hall,2020-05-12T00:00:00,,,,,,,,,,,41.311922,-105.581147,2020,5,12,0
West,Knight Hall,2020-05-12T01:00:00,,,,,,,,,,,41.311922,-105.581147,2020,5,12,1
West,Knight Hall,2020-05-12T02:00:00,,,,,,,,,,,41.311922,-105.581147,2020,5,12,2
West,Knight Hall,2020-05-12T03:00:00,,,,,,,,,,,41.311922,-105.581147,2020,5,12,3
West,Knight Hall,2020-05-12T04:00:00,,,,,,,,,,,41.311922,-105.581147,2020,5,12,4
West,Knight Hall,2020-05-12T05:00:00,,,,,,,,,,,41.311922,-105.581147,2020,5,12,5
West,Knight Hall,2020-05-12T06:00:00,,,,,,,,,,,41.311922,-105.581147,2020,5,12,6
West,Knight Hall,2020-05-12T07:00:00,,,,,,,,,,,41.311922,-105.581147,2020,5,12,7
West,Knight Hall,2020-05-12T08:00:00,,,,,,,,,,,41.311922,-105.581147,2020,5,12,8
West,Knight Hall,2020-05-12T09:00:00,,,,,,,,,,,41.311922,-105.581147,2020,5,12,9
West,Knight Hall,2020-05-12T10:00:00,,,,,,,,,,,41.311922,-105.581147,2020,5,12,10
West,Knight Hall,2020-05-12T11:00:00,,,,,,,,,,,41.311922,-105.581147,2020,5,12,11
West,Knight Hall,2020-05-12T12:00:00,,,,,,,,,,,41.311922,-105.581147,2020,5,12,12
West,Knight Hall,2020-05-12T13:00:00,,,,,,,,,,,41.311922,-105.581147,2020,5,12,13
West,Knight Hall,2020-05-12T14:00:00,,,,,,,,,,,41.311922,-105.581147,2020,5,12,14
West,Knight Hall,2020-05-12T15:00:00,,,,,,,,,,,41.311922,-105.581147,2020,5,12,15
West,Knight Hall,2020-05-12T16:00:00,,,,,,,,,,,41.311922,-105.581147,2020,5,12,16
West,Knight Hall,2020-05-12T17:00:00,,,,,,,,,,,41.311922,-105.581147,2020,5,12,17
West,Knight Hall,2020-05-12T18:00:00,,,,,,,,,,,41.311922,-105.581147,2020,5,12,18
West,Knight Hall,2020-05-12T19:00:00,,,,,,,,,,,41.311922,-105.581147,2020,5,12,19
West,Knight Hall,2020-05-12T20:00:00,,,,,,,,,,,41.311922,-105.581147,2020,5,12,20
West,Knight Hall,2020-05-12T21:00:00,,,,,,,,,,,41.311922,-105.581147,2020,5,12,21
West,Knight Hall,2020-05-12T22:00:00,,,,,,,,,,,41.311922,-105.581147,2020,5,12,22
West,Knight Hall,2020-05-12T23:00:00,,,,,,,,,,,41.311922,-105.581147,2020,5,12,23
West,Knight Hall,2020-05-13T00:00:00,,,,,,,,,,,41.311922,-105.581147,2020,5,13,0
West,Knight Hall,2020-05-13T01:00:00,,,,,,,,,,,41.311922,-105.581147,2020,5,13,1
West,Knight Hall,2020-05-13T02:00:00,,,,,,,,,,,41.311922,-105.581147,2020,5,13,2
West,Knight Hall,2020-05-13T03:00:00,,,,,,,,,,,41.311922,-105.581147,2020,5,13,3
West,Knight Hall,2020-05-13T04:00:00,,,,,,,,,,,41.311922,-105.581147,2020,5,13,4
West,Knight Hall,2020-05-13T05:00:00,,,,,,,,,,,41.311922,-105.581147,2020,5,13,5
West,Knight Hall,2020-05-13T06:00:00,,,,,,,,,,,41.311922,-105.581147,2020,5,13,6
West,Knight Hall,2020-05-13T07:00:00,,,,,,,,,,,41.311922,-105.581147,2020,5,13,7
West,Knight Hall,2020-05-13T08:00:00,,,,,,,,,,,41.311922,-105.581147,2020,5,13,8
West,Knight Hall,2020-05-13T09:00:00,,,,,,,,,,,41.311922,-105.581147,2020,5,13,9
West,Knight Hall,2020-05-13T10:00:00,,,,,,,,,,,41.311922,-105.581147,2020,5,13,10
West,Knight Hall,2020-05-13T11:00:00,,,,,,,,,,,41.311922,-105.581147,2020,5,13,11
West,Knight Hall,2020-05-13T12:00:00,,,,,,,,,,,41.311922,-105.581147,2020,5,13,12
West,Knight Hall,2020-05-13T13:00:00,,,,,,,,,,,41.311922,-105.581147,2020,5,13,13
West,Knight Hall,2020-05-13T14:00:00,,,,,,,,,,,41.311922,-105.581147,2020,5,13,14
West,Knight Hall,2020-05-13T15:00:00,,,,,,,,,,,41.311922,-105.581147,2020,5,13,15
West,Knight Hall,2020-05-13T16:00:00,,,,,,,,,,,41.311922,-105.581147,2020,5,13,16
West,Knight Hall,2020-05-13T17:00:00,,,,,,,,,,,41.311922,-105.581147,2020,5,13,17
West,Knight Hall,2020-05-13T18:00:00,,,,,,,,,,,41.311922,-105.581147,2020,5,13,18
West,Knight Hall,2020-05-13T19:00:00,,,,,,,,,,,41.311922,-105.581147,2020,5,13,19
West,Knight Hall,2020-05-13T20:00:00,,,,,,,,,,,41.311922,-105.581147,2020,5,13,20
West,Knight Hall,2020-05-13T21:00:00,,,,,,,,,,,41.311922,-105.581147,2020,5,13,21
West,Knight Hall,2020-05-13T22:00:00,,,,,,,,,,,41.311922,-105.581147,2020,5,13,22
West,Knight Hall,2020-05-13T23:00:00,,,,,,,,,,,41.311922,-105.581147,2020,5,13,23
West,Knight Hall,2020-05-14T00:00:00,,,,,,,,,,,41.311922,-105.581147,2020,5,14,0
West,Knight Hall,2020-05-14T01:00:00,,,,,,,,,,,41.311922,-105.581147,2020,5,14,1
West,Knight Hall,2020-05-14T02:00:00,,,,,,,,,,,41.311922,-105.581147,2020,5,14,2
West,Knight Hall,2020-05-14T03:00:00,,,,,,,,,,,41.311922,-105.581147,2020,5,14,3
West,Knight Hall,2020-05-14T04:00:00,,,,,,,,,,,41.311922,-105.581147,2020,5,14,4
West,Knight Hall,2020-05-14T05:00:00,,,,,,,,,,,41.311922,-105.581147,2020,5,14,5
West,Knight Hall,2020-05-14T06:00:00,,,,,,,,,,,41.311922,-105.581147,2020,5,14,6
West,Knight Hall,2020-05-14T07:00:00,,,,,,,,,,,41.311922,-105.581147,2020,5,14,7
West,Knight Hall,2020-05-14T08:00:00,,,,,,,,,,,41.311922,-105.581147,2020,5,14,8
West,Knight Hall,2020-05-14T09:00:00,,,,,,,,,,,41.311922,-105.581147,2020,5,14,9
West,Knight Hall,2020-05-14T10:00:00,,,,,,,,,,,41.311922,-105.581147,2020,5,14,10
West,Knight Hall,2020-05-14T11:00:00,,,,,,,,,,,41.311922,-105.581147,2020,5,14,11
West,Knight Hall,2020-05-14T12:00:00,,,,,,,,,,,41.311922,-105.581147,2020,5,14,12
West,Knight Hall,2020-05-14T13:00:00,,,,,,,,,,,41.311922,-105.581147,2020,5,14,13
West,Knight Hall,2020-05-14T14:00:00,,,,,,,,,,,41.311922,-105.581147,2020,5,14,14
West,Knight Hall,2020-05-14T15:00:00,,,,,,,,,,,41.311922,-105.581147,2020,5,14,15
West,Knight Hall,2020-05-14T16:00:00,,,,,,,,,,,41.311922,-105.581147,2020,5,14,16
West,Knight Hall,2020-05-14T17:00:00,,,,,,,,,,,41.311922,-105.581147,2020,5,14,17
West,Knight Hall,2020-05-14T18:00:00,,,,,,,,,,,41.311922,-105.581147,2020,5,14,18
West,Knight Hall,2020-05-14T19:00:00,,,,,,,,,,,41.311922,-105.581147,2020,5,14,19
West,Knight Hall,2020-05-14T20:00:00,,,,,,,,,,,41.311922,-105.581147,2020,5,14,20
West,Knight Hall,2020-05-14T21:00:00,,,,,,,,,,,41.311922,-105.581147,2020,5,14,21
West,Knight Hall,2020-05-14T22:00:00,,,,,,,,,,,41.311922,-105.581147,2020,5,14,22
West,Knight Hall,2020-05-14T23:00:00,,,,,,,,,,,41.311922,-105.581147,2020,5,14,23
West,Knight Hall,2020-05-15T00:00:00,,,,,,,,,,,41.311922,-105.581147,2020,5,15,0
West,Knight Hall,2020-05-15T01:00:00,,,,,,,,,,,41.311922,-105.581147,2020,5,15,1
West,Knight Hall,2020-05-15T02:00:00,,,,,,,,,,,41.311922,-105.581147,2020,5,15,2
West,Knight Hall,2020-05-15T03:00:00,,,,,,,,,,,41.311922,-105.581147,2020,5,15,3
West,Knight Hall,2020-05-15T04:00:00,,,,,,,,,,,41.311922,-105.581147,2020,5,15,4
West,Knight Hall,2020-05-15T05:00:00,,,,,,,,,,,41.311922,-105.581147,2020,5,15,5
West,Knight Hall,2020-05-15T06:00:00,,,,,,,,,,,41.311922,-105.581147,2020,5,15,6
West,Knight Hall,2020-05-15T07:00:00,,,,,,,,,,,41.311922,-105.581147,2020,5,15,7
West,Knight Hall,2020-05-15T08:00:00,,,,,,,,,,,41.311922,-105.581147,2020,5,15,8
West,Knight Hall,2020-05-15T09:00:00,,,,,,,,,,,41.311922,-105.581147,2020,5,15,9
West,Knight Hall,2020-05-15T10:00:00,,,,,,,,,,,41.311922,-105.581147,2020,5,15,10
West,Knight Hall,2020-05-15T11:00:00,,,,,,,,,,,41.311922,-105.581147,2020,5,15,11
West,Knight Hall,2020-05-15T12:00:00,,,,,,,,,,,41.311922,-105.581147,2020,5,15,12
West,Knight Hall,2020-05-15T13:00:00,,,,,,,,,,,41.311922,-105.581147,2020,5,15,13
West,Knight Hall,2020-05-15T14:00:00,,,,,,,,,,,41.311922,-105.581147,2020,5,15,14
West,Knight Hall,2020-05-15T15:00:00,,,,,,,,,,,41.311922,-105.581147,2020,5,15,15
West,Knight Hall,2020-05-15T16:00:00,,,,,,,,,,,41.311922,-105.581147,2020,5,15,16
West,Knight Hall,2020-05-15T17:00:00,,,,,,,,,,,41.311922,-105.581147,2020,5,15,17
West,Knight Hall,2020-05-15T18:00:00,,,,,,,,,,,41.311922,-105.581147,2020,5,15,18
West,Knight Hall,2020-05-15T19:00:00,,,,,,,,,,,41.311922,-105.581147,2020,5,15,19
West,Knight Hall,2020-05-15T20:00:00,,,,,,,,,,,41.311922,-105.581147,2020,5,15,20
West,Knight Hall,2020-05-15T21:00:00,,,,,,,,,,,41.311922,-105.581147,2020,5,15,21
West,Knight Hall,2020-05-15T22:00:00,,,,,,,,,,,41.311922,-105.581147,2020,5,15,22
West,Knight Hall,2020-05-15T23:00:00,,,,,,,,,,,41.311922,-105.581147,2020,5,15,23
West,Knight Hall,2020-05-16T00:00:00,,,,,,,,,,,41.311922,-105.581147,2020,5,16,0
West,Knight Hall,2020-05-16T01:00:00,,,,,,,,,,,41.311922,-105.581147,2020,5,16,1
West,Knight Hall,2020-05-16T02:00:00,,,,,,,,,,,41.311922,-105.581147,2020,5,16,2
West,Knight Hall,2020-05-16T03:00:00,,,,,,,,,,,41.311922,-105.581147,2020,5,16,3
West,Knight Hall,2020-05-16T04:00:00,,,,,,,,,,,41.311922,-105.581147,2020,5,16,4
West,Knight Hall,2020-05-16T05:00:00,,,,,,,,,,,41.311922,-105.581147,2020,5,16,5
West,Knight Hall,2020-05-16T06:00:00,,,,,,,,,,,41.311922,-105.581147,2020,5,16,6
West,Knight Hall,2020-05-16T07:00:00,,,,,,,,,,,41.311922,-105.581147,2020,5,16,7
West,Knight Hall,2020-05-16T08:00:00,,,,,,,,,,,41.311922,-105.581147,2020,5,16,8
West,Knight Hall,2020-05-16T09:00:00,,,,,,,,,,,41.311922,-105.581147,2020,5,16,9
West,Knight Hall,2020-05-16T10:00:00,,,,,,,,,,,41.311922,-105.581147,2020,5,16,10
West,Knight Hall,2020-05-16T11:00:00,,,,,,,,,,,41.311922,-105.581147,2020,5,16,11
West,Knight Hall,2020-05-16T12:00:00,,,,,,,,,,,41.311922,-105.581147,2020,5,16,12
West,Knight Hall,2020-05-16T13:00:00,,,,,,,,,,,41.311922,-105.581147,2020,5,16,13
West,Knight Hall,2020-05-16T14:00:00,,,,,,,,,,,41.311922,-105.581147,2020,5,16,14
West,Knight Hall,2020-05-16T15:00:00,,,,,,,,,,,41.311922,-105.581147,2020,5,16,15
West,Knight Hall,2020-05-16T16:00:00,,,,,,,,,,,41.311922,-105.581147,2020,5,16,16
West,Knight Hall,2020-05-16T17:00:00,,,,,,,,,,,41.311922,-105.581147,2020,5,16,17
West,Knight Hall,2020-05-16T18:00:00,,,,,,,,,,,41.311922,-105.581147,2020,5,16,18
West,Knight Hall,2020-05-16T19:00:00,,,,,,,,,,,41.311922,-105.581147,2020,5,16,19
West,Knight Hall,2020-05-16T20:00:00,,,,,,,,,,,41.311922,-105.581147,2020,5,16,20
West,Knight Hall,2020-05-16T21:00:00,,,,,,,,,,,41.311922,-105.581147,2020,5,16,21
West,Knight Hall,2020-05-16T22:00:00,,,,,,,,,,,41.311922,-105.581147,2020,5,16,22
West,Knight Hall,2020-05-16T23:00:00,,,,,,,,,,,41.311922,-105.581147,2020,5,16,23
West,Knight Hall,2020-05-17T00:00:00,,,,,,,,,,,41.311922,-105.581147,2020,5,17,0
West,Knight Hall,2020-05-17T01:00:00,,,,,,,,,,,41.311922,-105.581147,2020,5,17,1
West,Knight Hall,2020-05-17T02:00:00,,,,,,,,,,,41.311922,-105.581147,2020,5,17,2
West,Knight Hall,2020-05-17T03:00:00,,,,,,,,,,,41.311922,-105.581147,2020,5,17,3
West,Knight Hall,2020-05-17T04:00:00,,,,,,,,,,,41.311922,-105.581147,2020,5,17,4
West,Knight Hall,2020-05-17T05:00:00,,,,,,,,,,,41.311922,-105.581147,2020,5,17,5
West,Knight Hall,2020-05-17T06:00:00,,,,,,,,,,,41.311922,-105.581147,2020,5,17,6
West,Knight Hall,2020-05-17T07:00:00,,,,,,,,,,,41.311922,-105.581147,2020,5,17,7
West,Knight Hall,2020-05-17T08:00:00,,,,,,,,,,,41.311922,-105.581147,2020,5,17,8
West,Knight Hall,2020-05-17T09:00:00,,,,,,,,,,,41.311922,-105.581147,2020,5,17,9
West,Knight Hall,2020-05-17T10:00:00,,,,,,,,,,,41.311922,-105.581147,2020,5,17,10
West,Knight Hall,2020-05-17T11:00:00,,,,,,,,,,,41.311922,-105.581147,2020,5,17,11
West,Knight Hall,2020-05-17T12:00:00,,,,,,,,,,,41.311922,-105.581147,2020,5,17,12
West,Knight Hall,2020-05-17T13:00:00,,,,,,,,3.0,,,41.311922,-105.581147,2020,5,17,13
West,Knight Hall,2020-05-17T14:00:00,,,,,,,,4.0,,,41.311922,-105.581147,2020,5,17,14
West,Knight Hall,2020-05-17T15:00:00,,,,,,,,3.0,,,41.311922,-105.581147,2020,5,17,15
West,Knight Hall,2020-05-17T16:00:00,,,,,,,,4.0,,,41.311922,-105.581147,2020,5,17,16
West,Knight Hall,2020-05-17T17:00:00,,,,,,,,3.0,,,41.311922,-105.581147,2020,5,17,17
West,Knight Hall,2020-05-17T18:00:00,,,,,,,,4.0,,,41.311922,-105.581147,2020,5,17,18
West,Knight Hall,2020-05-17T19:00:00,,,,,,,,1.0,,,41.311922,-105.581147,2020,5,17,19
West,Knight Hall,2020-05-17T20:00:00,,,,,,,,,,,41.311922,-105.581147,2020,5,17,20
West,Knight Hall,2020-05-17T21:00:00,,,,,,,,,,,41.311922,-105.581147,2020,5,17,21
West,Knight Hall,2020-05-17T22:00:00,,,,,,,,1.0,,,41.311922,-105.581147,2020,5,17,22
West,Knight Hall,2020-05-17T23:00:00,,,,,,,,,,,41.311922,-105.581147,2020,5,17,23
West,Knight Hall,2020-05-18T00:00:00,,,,,,,,,,,41.311922,-105.581147,2020,5,18,0
West,Knight Hall,2020-05-18T01:00:00,,,,,,,,,,,41.311922,-105.581147,2020,5,18,1
West,Knight Hall,2020-05-18T02:00:00,,,,,,,,,,,41.311922,-105.581147,2020,5,18,2
West,Knight Hall,2020-05-18T03:00:00,,,,,,,,1.0,,,41.311922,-105.581147,2020,5,18,3
West,Knight Hall,2020-05-18T04:00:00,,,,,,,,,,,41.311922,-105.581147,2020,5,18,4
West,Knight Hall,2020-05-18T05:00:00,,,,,,,,,,,41.311922,-105.581147,2020,5,18,5
West,Knight Hall,2020-05-18T06:00:00,,,,,,,,,,,41.311922,-105.581147,2020,5,18,6
West,Knight Hall,2020-05-18T07:00:00,,,,,,,,1.0,,,41.311922,-105.581147,2020,5,18,7
West,Knight Hall,2020-05-18T08:00:00,,,,,,,,2.0,,,41.311922,-105.581147,2020,5,18,8
West,Knight Hall,2020-05-18T09:00:00,,,,,,,,3.0,,,41.311922,-105.581147,2020,5,18,9
West,Knight Hall,2020-05-18T10:00:00,,,,,,,,3.0,,,41.311922,-105.581147,2020,5,18,10
West,Knight Hall,2020-05-18T11:00:00,,,,,,,,2.0,,,41.311922,-105.581147,2020,5,18,11
West,Knight Hall,2020-05-18T12:00:00,,,,,,,,2.0,,,41.311922,-105.581147,2020,5,18,12
West,Knight Hall,2020-05-18T13:00:00,,,,,,,,3.0,,,41.311922,-105.581147,2020,5,18,13
West,Knight Hall,2020-05-18T14:00:00,,,,,,,,2.0,,,41.311922,-105.581147,2020,5,18,14
West,Knight Hall,2020-05-18T15:00:00,,,,,,,,2.0,,,41.311922,-105.581147,2020,5,18,15
West,Knight Hall,2020-05-18T16:00:00,,,,,,,,1.0,,,41.311922,-105.581147,2020,5,18,16
West,Knight Hall,2020-05-18T17:00:00,,,,,,,,,,,41.311922,-105.581147,2020,5,18,17
West,Knight Hall,2020-05-18T18:00:00,,,,,,,,1.0,,,41.311922,-105.581147,2020,5,18,18
West,Knight Hall,2020-05-18T19:00:00,,,,,,,,,,,41.311922,-105.581147,2020,5,18,19
West,Knight Hall,2020-05-18T20:00:00,,,,,,,,,,,41.311922,-105.581147,2020,5,18,20
West,Knight Hall,2020-05-18T21:00:00,,,,,,,,,,,41.311922,-105.581147,2020,5,18,21
West,Knight Hall,2020-05-18T22:00:00,,,,,,,,1.0,,,41.311922,-105.581147,2020,5,18,22
West,Knight Hall,2020-05-18T23:00:00,,,,,,,,,,,41.311922,-105.581147,2020,5,18,23
West,Knight Hall,2020-05-19T00:00:00,,,,,,,,,,,41.311922,-105.581147,2020,5,19,0
West,Knight Hall,2020-05-19T01:00:00,,,,,,,,,,,41.311922,-105.581147,2020,5,19,1
West,Knight Hall,2020-05-19T02:00:00,,,,,,,,1.0,,,41.311922,-105.581147,2020,5,19,2
West,Knight Hall,2020-05-19T03:00:00,,,,,,,,,,,41.311922,-105.581147,2020,5,19,3
West,Knight Hall,2020-05-19T04:00:00,,,,,,,,,,,41.311922,-105.581147,2020,5,19,4
West,Knight Hall,2020-05-19T05:00:00,,,,,,,,,,,41.311922,-105.581147,2020,5,19,5
West,Knight Hall,2020-05-19T06:00:00,,,,,,,,1.0,,,41.311922,-105.581147,2020,5,19,6
West,Knight Hall,2020-05-19T07:00:00,,,,,,,,,,,41.311922,-105.581147,2020,5,19,7
West,Knight Hall,2020-05-19T08:00:00,,,,,,,,2.0,,,41.311922,-105.581147,2020,5,19,8
West,Knight Hall,2020-05-19T09:00:00,,,,,,,,3.0,,,41.311922,-105.581147,2020,5,19,9
West,Knight Hall,2020-05-19T10:00:00,,,,,,,,3.0,,,41.311922,-105.581147,2020,5,19,10
West,Knight Hall,2020-05-19T11:00:00,,,,,,,,3.0,,,41.311922,-105.581147,2020,5,19,11
West,Knight Hall,2020-05-19T12:00:00,,,,,,,,3.0,,,41.311922,-105.581147,2020,5,19,12
West,Knight Hall,2020-05-19T13:00:00,,,,,,,,2.0,,,41.311922,-105.581147,2020,5,19,13
West,Knight Hall,2020-05-19T14:00:00,,,,,,,,2.0,,,41.311922,-105.581147,2020,5,19,14
West,Knight Hall,2020-05-19T15:00:00,,,,,,,,2.0,,,41.311922,-105.581147,2020,5,19,15
West,Knight Hall,2020-05-19T16:00:00,,,,,,,,1.0,,,41.311922,-105.581147,2020,5,19,16
West,Knight Hall,2020-05-19T17:00:00,,,,,,,,,,,41.311922,-105.581147,2020,5,19,17
West,Knight Hall,2020-05-19T18:00:00,,,,,,,,,,,41.311922,-105.581147,2020,5,19,18
West,Knight Hall,2020-05-19T19:00:00,,,,,,,,,,,41.311922,-105.581147,2020,5,19,19
West,Knight Hall,2020-05-19T20:00:00,,,,,,,,1.0,,,41.311922,-105.581147,2020,5,19,20
West,Knight Hall,2020-05-19T21:00:00,,,,,,,,,,,41.311922,-105.581147,2020,5,19,21
West,Knight Hall,2020-05-19T22:00:00,,,,,,,,,,,41.311922,-105.581147,2020,5,19,22
West,Knight Hall,2020-05-19T23:00:00,,,,,,,,,,,41.311922,-105.581147,2020,5,19,23
West,Knight Hall,2020-05-20T00:00:00,,,,,,,,1.0,,,41.311922,-105.581147,2020,5,20,0
West,Knight Hall,2020-05-20T01:00:00,,,,,,,,,,,41.311922,-105.581147,2020,5,20,1
West,Knight Hall,2020-05-20T02:00:00,,,,,,,,,,,41.311922,-105.581147,2020,5,20,2
West,Knight Hall,2020-05-20T03:00:00,,,,,,,,,,,41.311922,-105.581147,2020,5,20,3
West,Knight Hall,2020-05-20T04:00:00,,,,,,,,2.0,,,41.311922,-105.581147,2020,5,20,4
West,Knight Hall,2020-05-20T05:00:00,,,,,,,,2.0,,,41.311922,-105.581147,2020,5,20,5
West,Knight Hall,2020-05-20T06:00:00,,,,,,,,2.0,,,41.311922,-105.581147,2020,5,20,6
West,Knight Hall,2020-05-20T07:00:00,,,,,,,,2.0,,,41.311922,-105.581147,2020,5,20,7
West,Knight Hall,2020-05-20T08:00:00,,,,,,,,2.0,,,41.311922,-105.581147,2020,5,20,8
West,Knight Hall,2020-05-20T09:00:00,,,,,,,,3.0,,,41.311922,-105.581147,2020,5,20,9
West,Knight Hall,2020-05-20T10:00:00,,,,,,,,2.0,,,41.311922,-105.581147,2020,5,20,10
West,Knight Hall,2020-05-20T11:00:00,,,,,,,,2.0,,,41.311922,-105.581147,2020,5,20,11
West,Knight Hall,2020-05-20T12:00:00,,,,,,,,2.0,,,41.311922,-105.581147,2020,5,20,12
West,Knight Hall,2020-05-20T13:00:00,,,,,,,,2.0,,,41.311922,-105.581147,2020,5,20,13
West,Knight Hall,2020-05-20T14:00:00,,,,,,,,2.0,,,41.311922,-105.581147,2020,5,20,14
West,Knight Hall,2020-05-20T15:00:00,,,,,,,,2.0,,,41.311922,-105.581147,2020,5,20,15
West,Knight Hall,2020-05-20T16:00:00,,,,,,,,2.0,,,41.311922,-105.581147,2020,5,20,16
West,Knight Hall,2020-05-20T17:00:00,,,,,,,,2.0,,,41.311922,-105.581147,2020,5,20,17
West,Knight Hall,2020-05-20T18:00:00,,,,,,,,2.0,,,41.311922,-105.581147,2020,5,20,18
West,Knight Hall,2020-05-20T19:00:00,,,,,,,,1.0,,,41.311922,-105.581147,2020,5,20,19
West,Knight Hall,2020-05-20T20:00:00,,,,,,,,,,,41.311922,-105.581147,2020,5,20,20
West,Knight Hall,2020-05-20T21:00:00,,,,,,,,1.0,,,41.311922,-105.581147,2020,5,20,21
West,Knight Hall,2020-05-20T22:00:00,,,,,,,,,,,41.311922,-105.581147,2020,5,20,22
West,Knight Hall,2020-05-20T23:00:00,,,,,,,,,,,41.311922,-105.581147,2020,5,20,23
West,Knight Hall,2020-05-21T00:00:00,,,,,,,,,,,41.311922,-105.581147,2020,5,21,0
West,Knight Hall,2020-05-21T01:00:00,,,,,,,,,,,41.311922,-105.581147,2020,5,21,1
West,Knight Hall,2020-05-21T02:00:00,,,,,,,,1.0,,,41.311922,-105.581147,2020,5,21,2
West,Knight Hall,2020-05-21T03:00:00,,,,,,,,,,,41.311922,-105.581147,2020,5,21,3
West,Knight Hall,2020-05-21T04:00:00,,,,,,,,1.0,,,41.311922,-105.581147,2020,5,21,4
West,Knight Hall,2020-05-21T05:00:00,,,,,,,,2.0,,,41.311922,-105.581147,2020,5,21,5
West,Knight Hall,2020-05-21T06:00:00,,,,,,,,1.0,,,41.311922,-105.581147,2020,5,21,6
West,Knight Hall,2020-05-21T07:00:00,,,,,,,,2.0,,,41.311922,-105.581147,2020,5,21,7
West,Knight Hall,2020-05-21T08:00:00,,,,,,,,2.0,,,41.311922,-105.581147,2020,5,21,8
West,Knight Hall,2020-05-21T09:00:00,,,,,,,,2.0,,,41.311922,-105.581147,2020,5,21,9
West,Knight Hall,2020-05-21T10:00:00,,,,,,,,2.0,,,41.311922,-105.581147,2020,5,21,10
West,Knight Hall,2020-05-21T11:00:00,,,,,,,,2.0,,,41.311922,-105.581147,2020,5,21,11
West,Knight Hall,2020-05-21T12:00:00,,,,,,,,2.0,,,41.311922,-105.581147,2020,5,21,12
West,Knight Hall,2020-05-21T13:00:00,,,,,,,,2.0,,,41.311922,-105.581147,2020,5,21,13
West,Knight Hall,2020-05-21T14:00:00,,,,,,,,2.0,,,41.311922,-105.581147,2020,5,21,14
West,Knight Hall,2020-05-21T15:00:00,,,,,,,,2.0,,,41.311922,-105.581147,2020,5,21,15
West,Knight Hall,2020-05-21T16:00:00,,,,,,,,2.0,,,41.311922,-105.581147,2020,5,21,16
West,Knight Hall,2020-05-21T17:00:00,,,,,,,,2.0,,,41.311922,-105.581147,2020,5,21,17
West,Knight Hall,2020-05-21T18:00:00,,,,,,,,2.0,,,41.311922,-105.581147,2020,5,21,18
West,Knight Hall,2020-05-21T19:00:00,,,,,,,,,,,41.311922,-105.581147,2020,5,21,19
West,Knight Hall,2020-05-21T20:00:00,,,,,,,,1.0,,,41.311922,-105.581147,2020,5,21,20
West,Knight Hall,2020-05-21T21:00:00,,,,,,,,,,,41.311922,-105.581147,2020,5,21,21
West,Knight Hall,2020-05-21T22:00:00,,,,,,,,,,,41.311922,-105.581147,2020,5,21,22
West,Knight Hall,2020-05-21T23:00:00,,,,,,,,,,,41.311922,-105.581147,2020,5,21,23
West,Knight Hall,2020-05-22T00:00:00,,,,,,,,,,,41.311922,-105.581147,2020,5,22,0
West,Knight Hall,2020-05-22T01:00:00,,,,,,,,,,,41.311922,-105.581147,2020,5,22,1
West,Knight Hall,2020-05-22T02:00:00,,,,,,,,,,,41.311922,-105.581147,2020,5,22,2
West,Knight Hall,2020-05-22T03:00:00,,,,,,,,1.0,,,41.311922,-105.581147,2020,5,22,3
West,Knight Hall,2020-05-22T04:00:00,,,,,,,,,,,41.311922,-105.581147,2020,5,22,4
West,Knight Hall,2020-05-22T05:00:00,,,,,,,,1.0,,,41.311922,-105.581147,2020,5,22,5
West,Knight Hall,2020-05-22T06:00:00,,,,,,,,2.0,,,41.311922,-105.581147,2020,5,22,6
West,Knight Hall,2020-05-22T07:00:00,,,,,,,,1.0,,,41.311922,-105.581147,2020,5,22,7
West,Knight Hall,2020-05-22T08:00:00,,,,,,,,1.0,,,41.311922,-105.581147,2020,5,22,8
West,Knight Hall,2020-05-22T09:00:00,,,,,,,,2.0,,,41.311922,-105.581147,2020,5,22,9
West,Knight Hall,2020-05-22T10:00:00,,,,,,,,2.0,,,41.311922,-105.581147,2020,5,22,10
West,Knight Hall,2020-05-22T11:00:00,,,,,,,,2.0,,,41.311922,-105.581147,2020,5,22,11
West,Knight Hall,2020-05-22T12:00:00,,,,,,,,2.0,,,41.311922,-105.581147,2020,5,22,12
West,Knight Hall,2020-05-22T13:00:00,,,,,,,,2.0,,,41.311922,-105.581147,2020,5,22,13
West,Knight Hall,2020-05-22T14:00:00,,,,,,,,2.0,,,41.311922,-105.581147,2020,5,22,14
West,Knight Hall,2020-05-22T15:00:00,,,,,,,,1.0,,,41.311922,-105.581147,2020,5,22,15
West,Knight Hall,2020-05-22T16:00:00,,,,,,,,2.0,,,41.311922,-105.581147,2020,5,22,16
West,Knight Hall,2020-05-22T17:00:00,,,,,,,,2.0,,,41.311922,-105.581147,2020,5,22,17
West,Knight Hall,2020-05-22T18:00:00,,,,,,,,1.0,,,41.311922,-105.581147,2020,5,22,18
West,Knight Hall,2020-05-22T19:00:00,,,,,,,,1.0,,,41.311922,-105.581147,2020,5,22,19
West,Knight Hall,2020-05-22T20:00:00,,,,,,,,,,,41.311922,-105.581147,2020,5,22,20
West,Knight Hall,2020-05-22T21:00:00,,,,,,,,,,,41.311922,-105.581147,2020,5,22,21
West,Knight Hall,2020-05-22T22:00:00,,,,,,,,,,,41.311922,-105.581147,2020,5,22,22
West,Knight Hall,2020-05-22T23:00:00,,,,,,,,1.0,,,41.311922,-105.581147,2020,5,22,23
West,Knight Hall,2020-05-23T00:00:00,,,,,,,,,,,41.311922,-105.581147,2020,5,23,0
West,Knight Hall,2020-05-23T01:00:00,,,,,,,,,,,41.311922,-105.581147,2020,5,23,1
West,Knight Hall,2020-05-23T02:00:00,,,,,,,,,,,41.311922,-105.581147,2020,5,23,2
West,Knight Hall,2020-05-23T03:00:00,,,,,,,,,,,41.311922,-105.581147,2020,5,23,3
West,Knight Hall,2020-05-23T04:00:00,,,,,,,,2.0,,,41.311922,-105.581147,2020,5,23,4
West,Knight Hall,2020-05-23T05:00:00,,,,,,,,2.0,,,41.311922,-105.581147,2020,5,23,5
West,Knight Hall,2020-05-23T06:00:00,,,,,,,,1.0,,,41.311922,-105.581147,2020,5,23,6
West,Knight Hall,2020-05-23T07:00:00,,,,,,,,2.0,,,41.311922,-105.581147,2020,5,23,7
West,Knight Hall,2020-05-23T08:00:00,,,,,,,,2.0,,,41.311922,-105.581147,2020,5,23,8
West,Knight Hall,2020-05-23T09:00:00,,,,,,,,2.0,,,41.311922,-105.581147,2020,5,23,9
West,Knight Hall,2020-05-23T10:00:00,,,,,,,,2.0,,,41.311922,-105.581147,2020,5,23,10
West,Knight Hall,2020-05-23T11:00:00,,,,,,,,2.0,,,41.311922,-105.581147,2020,5,23,11
West,Knight Hall,2020-05-23T12:00:00,,,,,,,,2.0,,,41.311922,-105.581147,2020,5,23,12
West,Knight Hall,2020-05-23T13:00:00,,,,,,,,1.0,,,41.311922,-105.581147,2020,5,23,13
West,Knight Hall,2020-05-23T14:00:00,,,,,,,,2.0,,,41.311922,-105.581147,2020,5,23,14
West,Knight Hall,2020-05-23T15:00:00,,,,,,,,2.0,,,41.311922,-105.581147,2020,5,23,15
West,Knight Hall,2020-05-23T16:00:00,,,,,,,,1.0,,,41.311922,-105.581147,2020,5,23,16
West,Knight Hall,2020-05-23T17:00:00,,,,,,,,2.0,,,41.311922,-105.581147,2020,5,23,17
West,Knight Hall,2020-05-23T18:00:00,,,,,,,,2.0,,,41.311922,-105.581147,2020,5,23,18
West,Knight Hall,2020-05-23T19:00:00,,,,,,,,1.0,,,41.311922,-105.581147,2020,5,23,19
West,Knight Hall,2020-05-23T20:00:00,,,,,,,,,,,41.311922,-105.581147,2020,5,23,20
West,Knight Hall,2020-05-23T21:00:00,,,,,,,,,,,41.311922,-105.581147,2020,5,23,21
West,Knight Hall,2020-05-23T22:00:00,,,,,,,,,,,41.311922,-105.581147,2020,5,23,22
West,Knight Hall,2020-05-23T23:00:00,,,,,,,,1.0,,,41.311922,-105.581147,2020,5,23,23
West,Knight Hall,2020-05-24T00:00:00,,,,,,,,,,,41.311922,-105.581147,2020,5,24,0
West,Knight Hall,2020-05-24T01:00:00,,,,,,,,,,,41.311922,-105.581147,2020,5,24,1
West,Knight Hall,2020-05-24T02:00:00,,,,,,,,,,,41.311922,-105.581147,2020,5,24,2
West,Knight Hall,2020-05-24T03:00:00,,,,,,,,,,,41.311922,-105.581147,2020,5,24,3
West,Knight Hall,2020-05-24T04:00:00,,,,,,,,2.0,,,41.311922,-105.581147,2020,5,24,4
West,Knight Hall,2020-05-24T05:00:00,,,,,,,,2.0,,,41.311922,-105.581147,2020,5,24,5
West,Knight Hall,2020-05-24T06:00:00,,,,,,,,2.0,,,41.311922,-105.581147,2020,5,24,6
West,Knight Hall,2020-05-24T07:00:00,,,,,,,,3.0,,,41.311922,-105.581147,2020,5,24,7
West,Knight Hall,2020-05-24T08:00:00,,,,,,,,2.0,,,41.311922,-105.581147,2020,5,24,8
West,Knight Hall,2020-05-24T09:00:00,,,,,,,,2.0,,,41.311922,-105.581147,2020,5,24,9
West,Knight Hall,2020-05-24T10:00:00,,,,,,,,2.0,,,41.311922,-105.581147,2020,5,24,10
West,Knight Hall,2020-05-24T11:00:00,,,,,,,,2.0,,,41.311922,-105.581147,2020,5,24,11
West,Knight Hall,2020-05-24T12:00:00,,,,,,,,2.0,,,41.311922,-105.581147,2020,5,24,12
West,Knight Hall,2020-05-24T13:00:00,,,,,,,,2.0,,,41.311922,-105.581147,2020,5,24,13
West,Knight Hall,2020-05-24T14:00:00,,,,,,,,4.0,,,41.311922,-105.581147,2020,5,24,14
West,Knight Hall,2020-05-24T15:00:00,,,,,,,,2.0,,,41.311922,-105.581147,2020,5,24,15
West,Knight Hall,2020-05-24T16:00:00,,,,,,,,3.0,,,41.311922,-105.581147,2020,5,24,16
West,Knight Hall,2020-05-24T17:00:00,,,,,,,,2.0,,,41.311922,-105.581147,2020,5,24,17
West,Knight Hall,2020-05-24T18:00:00,,,,,,,,1.0,,,41.311922,-105.581147,2020,5,24,18
West,Knight Hall,2020-05-24T19:00:00,,,,,,,,1.0,,,41.311922,-105.581147,2020,5,24,19
West,Knight Hall,2020-05-24T20:00:00,,,,,,,,,,,41.311922,-105.581147,2020,5,24,20
West,Knight Hall,2020-05-24T21:00:00,,,,,,,,,,,41.311922,-105.581147,2020,5,24,21
West,Knight Hall,2020-05-24T22:00:00,,,,,,,,,,,41.311922,-105.581147,2020,5,24,22
West,Knight Hall,2020-05-24T23:00:00,,,,,,,,1.0,,,41.311922,-105.581147,2020,5,24,23
West,Knight Hall,2020-05-25T00:00:00,,,,,,,,,,,41.311922,-105.581147,2020,5,25,0
West,Knight Hall,2020-05-25T01:00:00,,,,,,,,,,,41.311922,-105.581147,2020,5,25,1
West,Knight Hall,2020-05-25T02:00:00,,,,,,,,,,,41.311922,-105.581147,2020,5,25,2
West,Knight Hall,2020-05-25T03:00:00,,,,,,,,1.0,,,41.311922,-105.581147,2020,5,25,3
West,Knight Hall,2020-05-25T04:00:00,,,,,,,,,,,41.311922,-105.581147,2020,5,25,4
West,Knight Hall,2020-05-25T05:00:00,,,,,,,,,,,41.311922,-105.581147,2020,5,25,5
West,Knight Hall,2020-05-25T06:00:00,,,,,,,,,,,41.311922,-105.581147,2020,5,25,6
West,Knight Hall,2020-05-25T07:00:00,,,,,,,,,,,41.311922,-105.581147,2020,5,25,7
West,Knight Hall,2020-05-25T08:00:00,,,,,,,,3.0,,,41.311922,-105.581147,2020,5,25,8
West,Knight Hall,2020-05-25T09:00:00,,,,,,,,3.0,,,41.311922,-105.581147,2020,5,25,9
West,Knight Hall,2020-05-25T10:00:00,,,,,,,,3.0,,,41.311922,-105.581147,2020,5,25,10
West,Knight Hall,2020-05-25T11:00:00,,,,,,,,4.0,,,41.311922,-105.581147,2020,5,25,11
West,Knight Hall,2020-05-25T12:00:00,,,,,,,,4.0,,,41.311922,-105.581147,2020,5,25,12
West,Knight Hall,2020-05-25T13:00:00,,,,,,,,5.0,,,41.311922,-105.581147,2020,5,25,13
West,Knight Hall,2020-05-25T14:00:00,,,,,,,,5.0,,,41.311922,-105.581147,2020,5,25,14
West,Knight Hall,2020-05-25T15:00:00,,,,,,,,5.0,,,41.311922,-105.581147,2020,5,25,15
West,Knight Hall,2020-05-25T16:00:00,,,,,,,,1.0,,,41.311922,-105.581147,2020,5,25,16
West,Knight Hall,2020-05-25T17:00:00,,,,,,,,1.0,,,41.311922,-105.581147,2020,5,25,17
West,Knight Hall,2020-05-25T18:00:00,,,,,,,,,,,41.311922,-105.581147,2020,5,25,18
West,Knight Hall,2020-05-25T19:00:00,,,,,,,,,,,41.311922,-105.581147,2020,5,25,19
West,Knight Hall,2020-05-25T20:00:00,,,,,,,,1.0,,,41.311922,-105.581147,2020,5,25,20
West,Knight Hall,2020-05-25T21:00:00,,,,,,,,,,,41.311922,-105.581147,2020,5,25,21
West,Knight Hall,2020-05-25T22:00:00,,,,,,,,,,,41.311922,-105.581147,2020,5,25,22
West,Knight Hall,2020-05-25T23:00:00,,,,,,,,,,,41.311922,-105.581147,2020,5,25,23
West,Knight Hall,2020-05-26T00:00:00,,,,,,,,1.0,,,41.311922,-105.581147,2020,5,26,0
West,Knight Hall,2020-05-26T01:00:00,,,,,,,,,,,41.311922,-105.581147,2020,5,26,1
West,Knight Hall,2020-05-26T02:00:00,,,,,,,,,,,41.311922,-105.581147,2020,5,26,2
West,Knight Hall,2020-05-26T03:00:00,,,,,,,,,,,41.311922,-105.581147,2020,5,26,3
West,Knight Hall,2020-05-26T04:00:00,,,,,,,,1.0,,,41.311922,-105.581147,2020,5,26,4
West,Knight Hall,2020-05-26T05:00:00,,,,,,,,,,,41.311922,-105.581147,2020,5,26,5
West,Knight Hall,2020-05-26T06:00:00,,,,,,,,,,,41.311922,-105.581147,2020,5,26,6
West,Knight Hall,2020-05-26T07:00:00,,,,,,,,1.0,,,41.311922,-105.581147,2020,5,26,7
West,Knight Hall,2020-05-26T08:00:00,,,,,,,,3.0,,,41.311922,-105.581147,2020,5,26,8
West,Knight Hall,2020-05-26T09:00:00,,,,,,,,5.0,,,41.311922,-105.581147,2020,5,26,9
West,Knight Hall,2020-05-26T10:00:00,,,,,,,,7.0,,,41.311922,-105.581147,2020,5,26,10
West,Knight Hall,2020-05-26T11:00:00,,,,,,,,7.0,,,41.311922,-105.581147,2020,5,26,11
West,Knight Hall,2020-05-26T12:00:00,,,,,,,,6.0,,,41.311922,-105.581147,2020,5,26,12
West,Knight Hall,2020-05-26T13:00:00,,,,,,,,8.0,,,41.311922,-105.581147,2020,5,26,13
West,Knight Hall,2020-05-26T14:00:00,,,,,,,,7.0,,,41.311922,-105.581147,2020,5,26,14
West,Knight Hall,2020-05-26T15:00:00,,,,,,,,6.0,,,41.311922,-105.581147,2020,5,26,15
West,Knight Hall,2020-05-26T16:00:00,,,,,,,,1.0,,,41.311922,-105.581147,2020,5,26,16
West,Knight Hall,2020-05-26T17:00:00,,,,,,,,,,,41.311922,-105.581147,2020,5,26,17
West,Knight Hall,2020-05-26T18:00:00,,,,,,,,1.0,,,41.311922,-105.581147,2020,5,26,18
West,Knight Hall,2020-05-26T19:00:00,,,,,,,,,,,41.311922,-105.581147,2020,5,26,19
West,Knight Hall,2020-05-26T20:00:00,,,,,,,,,,,41.311922,-105.581147,2020,5,26,20
West,Knight Hall,2020-05-26T21:00:00,,,,,,,,1.0,,,41.311922,-105.581147,2020,5,26,21
West,Knight Hall,2020-05-26T22:00:00,,,,,,,,,,,41.311922,-105.581147,2020,5,26,22
West,Knight Hall,2020-05-26T23:00:00,,,,,,,,,,,41.311922,-105.581147,2020,5,26,23
West,Knight Hall,2020-05-27T00:00:00,,,,,,,,,,,41.311922,-105.581147,2020,5,27,0
West,Knight Hall,2020-05-27T01:00:00,,,,,,,,1.0,,,41.311922,-105.581147,2020,5,27,1
West,Knight Hall,2020-05-27T02:00:00,,,,,,,,,,,41.311922,-105.581147,2020,5,27,2
West,Knight Hall,2020-05-27T03:00:00,,,,,,,,,,,41.311922,-105.581147,2020,5,27,3
West,Knight Hall,2020-05-27T04:00:00,,,,,,,,3.0,,,41.311922,-105.581147,2020,5,27,4
West,Knight Hall,2020-05-27T05:00:00,,,,,,,,3.0,,,41.311922,-105.581147,2020,5,27,5
West,Knight Hall,2020-05-27T06:00:00,,,,,,,,3.0,,,41.311922,-105.581147,2020,5,27,6
West,Knight Hall,2020-05-27T07:00:00,,,,,,,,3.0,,,41.311922,-105.581147,2020,5,27,7
West,Knight Hall,2020-05-27T08:00:00,,,,,,,,2.0,,,41.311922,-105.581147,2020,5,27,8
West,Knight Hall,2020-05-27T09:00:00,,,,,,,,3.0,,,41.311922,-105.581147,2020,5,27,9
West,Knight Hall,2020-05-27T10:00:00,,,,,,,,3.0,,,41.311922,-105.581147,2020,5,27,10
West,Knight Hall,2020-05-27T11:00:00,,,,,,,,3.0,,,41.311922,-105.581147,2020,5,27,11
West,Knight Hall,2020-05-27T12:00:00,,,,,,,,2.0,,,41.311922,-105.581147,2020,5,27,12
West,Knight Hall,2020-05-27T13:00:00,,,,,,,,3.0,,,41.311922,-105.581147,2020,5,27,13
West,Knight Hall,2020-05-27T14:00:00,,,,,,,,3.0,,,41.311922,-105.581147,2020,5,27,14
West,Knight Hall,2020-05-27T15:00:00,,,,,,,,2.0,,,41.311922,-105.581147,2020,5,27,15
West,Knight Hall,2020-05-27T16:00:00,,,,,,,,3.0,,,41.311922,-105.581147,2020,5,27,16
West,Knight Hall,2020-05-27T17:00:00,,,,,,,,2.0,,,41.311922,-105.581147,2020,5,27,17
West,Knight Hall,2020-05-27T18:00:00,,,,,,,,2.0,,,41.311922,-105.581147,2020,5,27,18
West,Knight Hall,2020-05-27T19:00:00,,,,,,,,1.0,,,41.311922,-105.581147,2020,5,27,19
West,Knight Hall,2020-05-27T20:00:00,,,,,,,,,,,41.311922,-105.581147,2020,5,27,20
West,Knight Hall,2020-05-27T21:00:00,,,,,,,,1.0,,,41.311922,-105.581147,2020,5,27,21
West,Knight Hall,2020-05-27T22:00:00,,,,,,,,,,,41.311922,-105.581147,2020,5,27,22
West,Knight Hall,2020-05-27T23:00:00,,,,,,,,,,,41.311922,-105.581147,2020,5,27,23
West,Knight Hall,2020-05-28T00:00:00,,,,,,,,,,,41.311922,-105.581147,2020,5,28,0
West,Knight Hall,2020-05-28T01:00:00,,,,,,,,1.0,,,41.311922,-105.581147,2020,5,28,1
West,Knight Hall,2020-05-28T02:00:00,,,,,,,,,,,41.311922,-105.581147,2020,5,28,2
West,Knight Hall,2020-05-28T03:00:00,,,,,,,,,,,41.311922,-105.581147,2020,5,28,3
West,Knight Hall,2020-05-28T04:00:00,,,,,,,,2.0,,,41.311922,-105.581147,2020,5,28,4
West,Knight Hall,2020-05-28T05:00:00,,,,,,,,2.0,,,41.311922,-105.581147,2020,5,28,5
West,Knight Hall,2020-05-28T06:00:00,,,,,,,,2.0,,,41.311922,-105.581147,2020,5,28,6
West,Knight Hall,2020-05-28T07:00:00,,,,,,,,2.0,,,41.311922,-105.581147,2020,5,28,7
West,Knight Hall,2020-05-28T08:00:00,,,,,,,,2.0,,,41.311922,-105.581147,2020,5,28,8
West,Knight Hall,2020-05-28T09:00:00,,,,,,,,3.0,,,41.311922,-105.581147,2020,5,28,9
West,Knight Hall,2020-05-28T10:00:00,,,,,,,,2.0,,,41.311922,-105.581147,2020,5,28,10
West,Knight Hall,2020-05-28T11:00:00,,,,,,,,3.0,,,41.311922,-105.581147,2020,5,28,11
West,Knight Hall,2020-05-28T12:00:00,,,,,,,,1.0,,,41.311922,-105.581147,2020,5,28,12
West,Knight Hall,2020-05-28T13:00:00,,,,,,,,2.0,,,41.311922,-105.581147,2020,5,28,13
West,Knight Hall,2020-05-28T14:00:00,,,,,,,,2.0,,,41.311922,-105.581147,2020,5,28,14
West,Knight Hall,2020-05-28T15:00:00,,,,,,,,2.0,,,41.311922,-105.581147,2020,5,28,15
West,Knight Hall,2020-05-28T16:00:00,,,,,,,,2.0,,,41.311922,-105.581147,2020,5,28,16
West,Knight Hall,2020-05-28T17:00:00,,,,,,,,2.0,,,41.311922,-105.581147,2020,5,28,17
West,Knight Hall,2020-05-28T18:00:00,,,,,,,,2.0,,,41.311922,-105.581147,2020,5,28,18
West,Knight Hall,2020-05-28T19:00:00,,,,,,,,,,,41.311922,-105.581147,2020,5,28,19
West,Knight Hall,2020-05-28T20:00:00,,,,,,,,,,,41.311922,-105.581147,2020,5,28,20
West,Knight Hall,2020-05-28T21:00:00,,,,,,,,1.0,,,41.311922,-105.581147,2020,5,28,21
West,Knight Hall,2020-05-28T22:00:00,,,,,,,,,,,41.311922,-105.581147,2020,5,28,22
West,Knight Hall,2020-05-28T23:00:00,,,,,,,,,,,41.311922,-105.581147,2020,5,28,23
West,Knight Hall,2020-05-29T00:00:00,,,,,,,,,,,41.311922,-105.581147,2020,5,29,0
West,Knight Hall,2020-05-29T01:00:00,,,,,,,,,,,41.311922,-105.581147,2020,5,29,1
West,Knight Hall,2020-05-29T02:00:00,,,,,,,,,,,41.311922,-105.581147,2020,5,29,2
West,Knight Hall,2020-05-29T03:00:00,,,,,,,,1.0,,,41.311922,-105.581147,2020,5,29,3
West,Knight Hall,2020-05-29T04:00:00,,,,,,,,1.0,,,41.311922,-105.581147,2020,5,29,4
West,Knight Hall,2020-05-29T05:00:00,,,,,,,,2.0,,,41.311922,-105.581147,2020,5,29,5
West,Knight Hall,2020-05-29T06:00:00,,,,,,,,1.0,,,41.311922,-105.581147,2020,5,29,6
West,Knight Hall,2020-05-29T07:00:00,,,,,,,,2.0,,,41.311922,-105.581147,2020,5,29,7
West,Knight Hall,2020-05-29T08:00:00,,,,,,,,2.0,,,41.311922,-105.581147,2020,5,29,8
West,Knight Hall,2020-05-29T09:00:00,,,,,,,,2.0,,,41.311922,-105.581147,2020,5,29,9
West,Knight Hall,2020-05-29T10:00:00,,,,,,,,1.0,,,41.311922,-105.581147,2020,5,29,10
West,Knight Hall,2020-05-29T11:00:00,,,,,,,,2.0,,,41.311922,-105.581147,2020,5,29,11
West,Knight Hall,2020-05-29T12:00:00,,,,,,,,1.0,,,41.311922,-105.581147,2020,5,29,12
West,Knight Hall,2020-05-29T13:00:00,,,,,,,,2.0,,,41.311922,-105.581147,2020,5,29,13
West,Knight Hall,2020-05-29T14:00:00,,,,,,,,1.0,,,41.311922,-105.581147,2020,5,29,14
West,Knight Hall,2020-05-29T15:00:00,,,,,,,,1.0,,,41.311922,-105.581147,2020,5,29,15
West,Knight Hall,2020-05-29T16:00:00,,,,,,,,2.0,,,41.311922,-105.581147,2020,5,29,16
West,Knight Hall,2020-05-29T17:00:00,,,,,,,,1.0,,,41.311922,-105.581147,2020,5,29,17
West,Knight Hall,2020-05-29T18:00:00,,,,,,,,1.0,,,41.311922,-105.581147,2020,5,29,18
West,Knight Hall,2020-05-29T19:00:00,,,,,,,,1.0,,,41.311922,-105.581147,2020,5,29,19
West,Knight Hall,2020-05-29T20:00:00,,,,,,,,,,,41.311922,-105.581147,2020,5,29,20
West,Knight Hall,2020-05-29T21:00:00,,,,,,,,,,,41.311922,-105.581147,2020,5,29,21
West,Knight Hall,2020-05-29T22:00:00,,,,,,,,,,,41.311922,-105.581147,2020,5,29,22
West,Knight Hall,2020-05-29T23:00:00,,,,,,,,1.0,,,41.311922,-105.581147,2020,5,29,23
West,Knight Hall,2020-05-30T00:00:00,,,,,,,,,,,41.311922,-105.581147,2020,5,30,0
West,Knight Hall,2020-05-30T01:00:00,,,,,,,,,,,41.311922,-105.581147,2020,5,30,1
West,Knight Hall,2020-05-30T02:00:00,,,,,,,,,,,41.311922,-105.581147,2020,5,30,2
West,Knight Hall,2020-05-30T03:00:00,,,,,,,,1.0,,,41.311922,-105.581147,2020,5,30,3
West,Knight Hall,2020-05-30T04:00:00,,,,,,,,1.0,,,41.311922,-105.581147,2020,5,30,4
West,Knight Hall,2020-05-30T05:00:00,,,,,,,,2.0,,,41.311922,-105.581147,2020,5,30,5
West,Knight Hall,2020-05-30T06:00:00,,,,,,,,2.0,,,41.311922,-105.581147,2020,5,30,6
West,Knight Hall,2020-05-30T07:00:00,,,,,,,,2.0,,,41.311922,-105.581147,2020,5,30,7
West,Knight Hall,2020-05-30T08:00:00,,,,,,,,3.0,,,41.311922,-105.581147,2020,5,30,8
West,Knight Hall,2020-05-30T09:00:00,,,,,,,,2.0,,,41.311922,-105.581147,2020,5,30,9
West,Knight Hall,2020-05-30T10:00:00,,,,,,,,2.0,,,41.311922,-105.581147,2020,5,30,10
West,Knight Hall,2020-05-30T11:00:00,,,,,,,,2.0,,,41.311922,-105.581147,2020,5,30,11
West,Knight Hall,2020-05-30T12:00:00,,,,,,,,4.0,,,41.311922,-105.581147,2020,5,30,12
West,Knight Hall,2020-05-30T13:00:00,,,,,,,,4.0,,,41.311922,-105.581147,2020,5,30,13
West,Knight Hall,2020-05-30T14:00:00,,,,,,,,6.0,,,41.311922,-105.581147,2020,5,30,14
West,Knight Hall,2020-05-30T15:00:00,,,,,,,,6.0,,,41.311922,-105.581147,2020,5,30,15
West,Knight Hall,2020-05-30T16:00:00,,,,,,,,5.0,,,41.311922,-105.581147,2020,5,30,16
West,Knight Hall,2020-05-30T17:00:00,,,,,,,,5.0,,,41.311922,-105.581147,2020,5,30,17
West,Knight Hall,2020-05-30T18:00:00,,,,,,,,4.0,,,41.311922,-105.581147,2020,5,30,18
West,Knight Hall,2020-05-30T19:00:00,,,,,,,,1.0,,,41.311922,-105.581147,2020,5,30,19
West,Knight Hall,2020-05-30T20:00:00,,,,,,,,,,,41.311922,-105.581147,2020,5,30,20
West,Knight Hall,2020-05-30T21:00:00,,,,,,,,,,,41.311922,-105.581147,2020,5,30,21
West,Knight Hall,2020-05-30T22:00:00,,,,,,,,1.0,,,41.311922,-105.581147,2020,5,30,22
West,Knight Hall,2020-05-30T23:00:00,,,,,,,,,,,41.311922,-105.581147,2020,5,30,23
West,Knight Hall,2020-05-31T00:00:00,,,,,,,,,,,41.311922,-105.581147,2020,5,31,0
West,Knight Hall,2020-05-31T01:00:00,,,,,,,,,,,41.311922,-105.581147,2020,5,31,1
West,Knight Hall,2020-05-31T02:00:00,,,,,,,,1.0,,,41.311922,-105.581147,2020,5,31,2
West,Knight Hall,2020-05-31T03:00:00,,,,,,,,,,,41.311922,-105.581147,2020,5,31,3
West,Knight Hall,2020-05-31T04:00:00,,,,,,,,2.0,,,41.311922,-105.581147,2020,5,31,4
West,Knight Hall,2020-05-31T05:00:00,,,,,,,,3.0,,,41.311922,-105.581147,2020,5,31,5
West,Knight Hall,2020-05-31T06:00:00,,,,,,,,3.0,,,41.311922,-105.581147,2020,5,31,6
West,Knight Hall,2020-05-31T07:00:00,,,,,,,,3.0,,,41.311922,-105.581147,2020,5,31,7
West,Knight Hall,2020-05-31T08:00:00,,,,,,,,3.0,,,41.311922,-105.581147,2020,5,31,8
West,Knight Hall,2020-05-31T09:00:00,,,,,,,,4.0,,,41.311922,-105.581147,2020,5,31,9
West,Knight Hall,2020-05-31T10:00:00,,,,,,,,6.0,,,41.311922,-105.581147,2020,5,31,10
West,Knight Hall,2020-05-31T11:00:00,,,,,,,,6.0,,,41.311922,-105.581147,2020,5,31,11
West,Knight Hall,2020-05-31T12:00:00,,,,,,,,5.0,,,41.311922,-105.581147,2020,5,31,12
West,Knight Hall,2020-05-31T13:00:00,,,,,,,,7.0,,,41.311922,-105.581147,2020,5,31,13
West,Knight Hall,2020-05-31T14:00:00,,,,,,,,6.0,,,41.311922,-105.581147,2020,5,31,14
West,Knight Hall,2020-05-31T15:00:00,,,,,,,,6.0,,,41.311922,-105.581147,2020,5,31,15
West,Knight Hall,2020-05-31T16:00:00,,,,,,,,7.0,,,41.311922,-105.581147,2020,5,31,16
West,Knight Hall,2020-05-31T17:00:00,,,,,,,,6.0,,,41.311922,-105.581147,2020,5,31,17
West,Knight Hall,2020-05-31T18:00:00,,,,,,,,2.0,,,41.311922,-105.581147,2020,5,31,18
West,Knight Hall,2020-05-31T19:00:00,,,,,,,,1.0,,,41.311922,-105.581147,2020,5,31,19
West,Knight Hall,2020-05-31T20:00:00,,,,,,,,,,,41.311922,-105.581147,2020,5,31,20
West,Knight Hall,2020-05-31T21:00:00,,,,,,,,1.0,,,41.311922,-105.581147,2020,5,31,21
West,Knight Hall,2020-05-31T22:00:00,,,,,,,,,,,41.311922,-105.581147,2020,5,31,22
West,Knight Hall,2020-05-31T23:00:00,,,,,,,,,,,41.311922,-105.581147,2020,5,31,23
West,Knight Hall,2020-06-01T00:00:00,,,,,,,,1.0,,,41.311922,-105.581147,2020,6,1,0
West,Knight Hall,2020-06-01T01:00:00,,,,,,,,,,,41.311922,-105.581147,2020,6,1,1
West,Knight Hall,2020-06-01T02:00:00,,,,,,,,,,,41.311922,-105.581147,2020,6,1,2
West,Knight Hall,2020-06-01T03:00:00,,,,,,,,,,,41.311922,-105.581147,2020,6,1,3
West,Knight Hall,2020-06-01T04:00:00,,,,,,,,1.0,,,41.311922,-105.581147,2020,6,1,4
West,Knight Hall,2020-06-01T05:00:00,,,,,,,,,,,41.311922,-105.581147,2020,6,1,5
West,Knight Hall,2020-06-01T06:00:00,,,,,,,,,,,41.311922,-105.581147,2020,6,1,6
West,Knight Hall,2020-06-01T07:00:00,,,,,,,,,,,41.311922,-105.581147,2020,6,1,7
West,Knight Hall,2020-06-01T08:00:00,,,,,,,,3.0,,,41.311922,-105.581147,2020,6,1,8
West,Knight Hall,2020-06-01T09:00:00,,,,,,,,4.0,,,41.311922,-105.581147,2020,6,1,9
West,Knight Hall,2020-06-01T10:00:00,,,,,,,,5.0,,,41.311922,-105.581147,2020,6,1,10
West,Knight Hall,2020-06-01T11:00:00,,,,,,,,7.0,,,41.311922,-105.581147,2020,6,1,11
West,Knight Hall,2020-06-01T12:00:00,,,,,,,,6.0,,,41.311922,-105.581147,2020,6,1,12
West,Knight Hall,2020-06-01T13:00:00,,,,,,,,5.0,,,41.311922,-105.581147,2020,6,1,13
West,Knight Hall,2020-06-01T14:00:00,,,,,,,,6.0,,,41.311922,-105.581147,2020,6,1,14
West,Knight Hall,2020-06-01T15:00:00,,,,,,,,4.0,,,41.311922,-105.581147,2020,6,1,15
West,Knight Hall,2020-06-01T16:00:00,,,,,,,,1.0,,,41.311922,-105.581147,2020,6,1,16
West,Knight Hall,2020-06-01T17:00:00,,,,,,,,1.0,,,41.311922,-105.581147,2020,6,1,17
West,Knight Hall,2020-06-01T18:00:00,,,,,,,,,,,41.311922,-105.581147,2020,6,1,18
West,Knight Hall,2020-06-01T19:00:00,,,,,,,,1.0,,,41.311922,-105.581147,2020,6,1,19
West,Knight Hall,2020-06-01T20:00:00,,,,,,,,,,,41.311922,-105.581147,2020,6,1,20
West,Knight Hall,2020-06-01T21:00:00,,,,,,,,,,,41.311922,-105.581147,2020,6,1,21
West,Knight Hall,2020-06-01T22:00:00,,,,,,,,1.0,,,41.311922,-105.581147,2020,6,1,22
West,Knight Hall,2020-06-01T23:00:00,,,,,,,,,,,41.311922,-105.581147,2020,6,1,23
West,Knight Hall,2020-06-02T00:00:00,,,,,,,,,,,41.311922,-105.581147,2020,6,2,0
West,Knight Hall,2020-06-02T01:00:00,,,,,,,,,,,41.311922,-105.581147,2020,6,2,1
West,Knight Hall,2020-06-02T02:00:00,,,,,,,,1.0,,,41.311922,-105.581147,2020,6,2,2
West,Knight Hall,2020-06-02T03:00:00,,,,,,,,,,,41.311922,-105.581147,2020,6,2,3
West,Knight Hall,2020-06-02T04:00:00,,,,,,,,,,,41.311922,-105.581147,2020,6,2,4
West,Knight Hall,2020-06-02T05:00:00,,,,,,,,,,,41.311922,-105.581147,2020,6,2,5
West,Knight Hall,2020-06-02T06:00:00,,,,,,,,1.0,,,41.311922,-105.581147,2020,6,2,6
West,Knight Hall,2020-06-02T07:00:00,,,,,,,,,,,41.311922,-105.581147,2020,6,2,7
West,Knight Hall,2020-06-02T08:00:00,,,,,,,,3.0,,,41.311922,-105.581147,2020,6,2,8
West,Knight Hall,2020-06-02T09:00:00,,,,,,,,5.0,,,41.311922,-105.581147,2020,6,2,9
West,Knight Hall,2020-06-02T10:00:00,,,,,,,,8.0,,,41.311922,-105.581147,2020,6,2,10
West,Knight Hall,2020-06-02T11:00:00,,,,,,,,9.0,,,41.311922,-105.581147,2020,6,2,11
West,Knight Hall,2020-06-02T12:00:00,,,,,,,,8.0,,,41.311922,-105.581147,2020,6,2,12
West,Knight Hall,2020-06-02T13:00:00,,,,,,,,9.0,,,41.311922,-105.581147,2020,6,2,13
West,Knight Hall,2020-06-02T14:00:00,,,,,,,,8.0,,,41.311922,-105.581147,2020,6,2,14
West,Knight Hall,2020-06-02T15:00:00,,,,,,,,6.0,,,41.311922,-105.581147,2020,6,2,15
West,Knight Hall,2020-06-02T16:00:00,,,,,,,,2.0,,,41.311922,-105.581147,2020,6,2,16
West,Knight Hall,2020-06-02T17:00:00,,,,,,,,,,,41.311922,-105.581147,2020,6,2,17
West,Knight Hall,2020-06-02T18:00:00,,,,,,,,,,,41.311922,-105.581147,2020,6,2,18
West,Knight Hall,2020-06-02T19:00:00,,,,,,,,1.0,,,41.311922,-105.581147,2020,6,2,19
West,Knight Hall,2020-06-02T20:00:00,,,,,,,,,,,41.311922,-105.581147,2020,6,2,20
West,Knight Hall,2020-06-02T21:00:00,,,,,,,,,,,41.311922,-105.581147,2020,6,2,21
West,Knight Hall,2020-06-02T22:00:00,,,,,,,,1.0,,,41.311922,-105.581147,2020,6,2,22
West,Knight Hall,2020-06-02T23:00:00,,,,,,,,,,,41.311922,-105.581147,2020,6,2,23
West,Knight Hall,2020-06-03T00:00:00,,,,,,,,,,,41.311922,-105.581147,2020,6,3,0
West,Knight Hall,2020-06-03T01:00:00,,,,,,,,,,,41.311922,-105.581147,2020,6,3,1
West,Knight Hall,2020-06-03T02:00:00,,,,,,,,1.0,,,41.311922,-105.581147,2020,6,3,2
West,Knight Hall,2020-06-03T03:00:00,,,,,,,,,,,41.311922,-105.581147,2020,6,3,3
West,Knight Hall,2020-06-03T04:00:00,,,,,,,,3.0,,,41.311922,-105.581147,2020,6,3,4
West,Knight Hall,2020-06-03T05:00:00,,,,,,,,3.0,,,41.311922,-105.581147,2020,6,3,5
West,Knight Hall,2020-06-03T06:00:00,,,,,,,,3.0,,,41.311922,-105.581147,2020,6,3,6
West,Knight Hall,2020-06-03T07:00:00,,,,,,,,3.0,,,41.311922,-105.581147,2020,6,3,7
West,Knight Hall,2020-06-03T08:00:00,,,,,,,,4.0,,,41.311922,-105.581147,2020,6,3,8
West,Knight Hall,2020-06-03T09:00:00,,,,,,,,5.0,,,41.311922,-105.581147,2020,6,3,9
West,Knight Hall,2020-06-03T10:00:00,,,,,,,,7.0,,,41.311922,-105.581147,2020,6,3,10
West,Knight Hall,2020-06-03T11:00:00,,,,,,,,7.0,,,41.311922,-105.581147,2020,6,3,11
West,Knight Hall,2020-06-03T12:00:00,,,,,,,,8.0,,,41.311922,-105.581147,2020,6,3,12
West,Knight Hall,2020-06-03T13:00:00,,,,,,,,10.0,,,41.311922,-105.581147,2020,6,3,13
West,Knight Hall,2020-06-03T14:00:00,,,,,,,,8.0,,,41.311922,-105.581147,2020,6,3,14
West,Knight Hall,2020-06-03T15:00:00,,,,,,,,8.0,,,41.311922,-105.581147,2020,6,3,15
West,Knight Hall,2020-06-03T16:00:00,,,,,,,,8.0,,,41.311922,-105.581147,2020,6,3,16
West,Knight Hall,2020-06-03T17:00:00,,,,,,,,6.0,,,41.311922,-105.581147,2020,6,3,17
West,Knight Hall,2020-06-03T18:00:00,,,,,,,,5.0,,,41.311922,-105.581147,2020,6,3,18
West,Knight Hall,2020-06-03T19:00:00,,,,,,,,1.0,,,41.311922,-105.581147,2020,6,3,19
West,Knight Hall,2020-06-03T20:00:00,,,,,,,,,,,41.311922,-105.581147,2020,6,3,20
West,Knight Hall,2020-06-03T21:00:00,,,,,,,,,,,41.311922,-105.581147,2020,6,3,21
West,Knight Hall,2020-06-03T22:00:00,,,,,,,,1.0,,,41.311922,-105.581147,2020,6,3,22
West,Knight Hall,2020-06-03T23:00:00,,,,,,,,,,,41.311922,-105.581147,2020,6,3,23
West,Knight Hall,2020-06-04T00:00:00,,,,,,,,,,,41.311922,-105.581147,2020,6,4,0
West,Knight Hall,2020-06-04T01:00:00,,,,,,,,1.0,,,41.311922,-105.581147,2020,6,4,1
West,Knight Hall,2020-06-04T02:00:00,,,,,,,,,,,41.311922,-105.581147,2020,6,4,2
West,Knight Hall,2020-06-04T03:00:00,,,,,,,,,,,41.311922,-105.581147,2020,6,4,3
West,Knight Hall,2020-06-04T04:00:00,,,,,,,,3.0,,,41.311922,-105.581147,2020,6,4,4
West,Knight Hall,2020-06-04T05:00:00,,,,,,,,3.0,,,41.311922,-105.581147,2020,6,4,5
West,Knight Hall,2020-06-04T06:00:00,,,,,,,,3.0,,,41.311922,-105.581147,2020,6,4,6
West,Knight Hall,2020-06-04T07:00:00,,,,,,,,3.0,,,41.311922,-105.581147,2020,6,4,7
West,Knight Hall,2020-06-04T08:00:00,,,,,,,,4.0,,,41.311922,-105.581147,2020,6,4,8
West,Knight Hall,2020-06-04T09:00:00,,,,,,,,5.0,,,41.311922,-105.581147,2020,6,4,9
West,Knight Hall,2020-06-04T10:00:00,,,,,,,,7.0,,,41.311922,-105.581147,2020,6,4,10
West,Knight Hall,2020-06-04T11:00:00,,,,,,,,7.0,,,41.311922,-105.581147,2020,6,4,11
West,Knight Hall,2020-06-04T12:00:00,,,,,,,,7.0,,,41.311922,-105.581147,2020,6,4,12
West,Knight Hall,2020-06-04T13:00:00,,,,,,,,8.0,,,41.311922,-105.581147,2020,6,4,13
West,Knight Hall,2020-06-04T14:00:00,,,,,,,,7.0,,,41.311922,-105.581147,2020,6,4,14
West,Knight Hall,2020-06-04T15:00:00,,,,,,,,4.0,,,41.311922,-105.581147,2020,6,4,15
West,Knight Hall,2020-06-04T16:00:00,,,,,,,,3.0,,,41.311922,-105.581147,2020,6,4,16
West,Knight Hall,2020-06-04T17:00:00,,,,,,,,5.0,,,41.311922,-105.581147,2020,6,4,17
West,Knight Hall,2020-06-04T18:00:00,,,,,,,,5.0,,,41.311922,-105.581147,2020,6,4,18
West,Knight Hall,2020-06-04T19:00:00,,,,,,,,1.0,,,41.311922,-105.581147,2020,6,4,19
West,Knight Hall,2020-06-04T20:00:00,,,,,,,,1.0,,,41.311922,-105.581147,2020,6,4,20
West,Knight Hall,2020-06-04T21:00:00,,,,,,,,,,,41.311922,-105.581147,2020,6,4,21
West,Knight Hall,2020-06-04T22:00:00,,,,,,,,,,,41.311922,-105.581147,2020,6,4,22
West,Knight Hall,2020-06-04T23:00:00,,,,,,,,1.0,,,41.311922,-105.581147,2020,6,4,23
West,Knight Hall,2020-06-05T00:00:00,,,,,,,,,,,41.311922,-105.581147,2020,6,5,0
West,Knight Hall,2020-06-05T01:00:00,,,,,,,,,,,41.311922,-105.581147,2020,6,5,1
West,Knight Hall,2020-06-05T02:00:00,,,,,,,,,,,41.311922,-105.581147,2020,6,5,2
West,Knight Hall,2020-06-05T03:00:00,,,,,,,,1.0,,,41.311922,-105.581147,2020,6,5,3
West,Knight Hall,2020-06-05T04:00:00,,,,,,,,2.0,,,41.311922,-105.581147,2020,6,5,4
West,Knight Hall,2020-06-05T05:00:00,,,,,,,,3.0,,,41.311922,-105.581147,2020,6,5,5
West,Knight Hall,2020-06-05T06:00:00,,,,,,,,2.0,,,41.311922,-105.581147,2020,6,5,6
West,Knight Hall,2020-06-05T07:00:00,,,,,,,,3.0,,,41.311922,-105.581147,2020,6,5,7
West,Knight Hall,2020-06-05T08:00:00,,,,,,,,4.0,,,41.311922,-105.581147,2020,6,5,8
West,Knight Hall,2020-06-05T09:00:00,,,,,,,,4.0,,,41.311922,-105.581147,2020,6,5,9
West,Knight Hall,2020-06-05T10:00:00,,,,,,,,7.0,,,41.311922,-105.581147,2020,6,5,10
West,Knight Hall,2020-06-05T11:00:00,,,,,,,,8.0,,,41.311922,-105.581147,2020,6,5,11
West,Knight Hall,2020-06-05T12:00:00,,,,,,,,8.0,,,41.311922,-105.581147,2020,6,5,12
West,Knight Hall,2020-06-05T13:00:00,,,,,,,,9.0,,,41.311922,-105.581147,2020,6,5,13
West,Knight Hall,2020-06-05T14:00:00,,,,,,,,8.0,,,41.311922,-105.581147,2020,6,5,14
West,Knight Hall,2020-06-05T15:00:00,,,,,,,,8.0,,,41.311922,-105.581147,2020,6,5,15
West,Knight Hall,2020-06-05T16:00:00,,,,,,,,7.0,,,41.311922,-105.581147,2020,6,5,16
West,Knight Hall,2020-06-05T17:00:00,,,,,,,,3.0,,,41.311922,-105.581147,2020,6,5,17
West,Knight Hall,2020-06-05T18:00:00,,,,,,,,2.0,,,41.311922,-105.581147,2020,6,5,18
West,Knight Hall,2020-06-05T19:00:00,,,,,,,,1.0,,,41.311922,-105.581147,2020,6,5,19
West,Knight Hall,2020-06-05T20:00:00,,,,,,,,,,,41.311922,-105.581147,2020,6,5,20
West,Knight Hall,2020-06-05T21:00:00,,,,,,,,,,,41.311922,-105.581147,2020,6,5,21
West,Knight Hall,2020-06-05T22:00:00,,,,,,,,1.0,,,41.311922,-105.581147,2020,6,5,22
West,Knight Hall,2020-06-05T23:00:00,,,,,,,,,,,41.311922,-105.581147,2020,6,5,23
West,Knight Hall,2020-06-06T00:00:00,,,,,,,,,,,41.311922,-105.581147,2020,6,6,0
West,Knight Hall,2020-06-06T01:00:00,,,,,,,,,,,41.311922,-105.581147,2020,6,6,1
West,Knight Hall,2020-06-06T02:00:00,,,,,,,,1.0,,,41.311922,-105.581147,2020,6,6,2
West,Knight Hall,2020-06-06T03:00:00,,,,,,,,,,,41.311922,-105.581147,2020,6,6,3
West,Knight Hall,2020-06-06T04:00:00,,,,,,,,2.0,,,41.311922,-105.581147,2020,6,6,4
West,Knight Hall,2020-06-06T05:00:00,,,,,,,,3.0,,,41.311922,-105.581147,2020,6,6,5
West,Knight Hall,2020-06-06T06:00:00,,,,,,,,3.0,,,41.311922,-105.581147,2020,6,6,6
West,Knight Hall,2020-06-06T07:00:00,,,,,,,,3.0,,,41.311922,-105.581147,2020,6,6,7
West,Knight Hall,2020-06-06T08:00:00,,,,,,,,4.0,,,41.311922,-105.581147,2020,6,6,8
West,Knight Hall,2020-06-06T09:00:00,,,,,,,,5.0,,,41.311922,-105.581147,2020,6,6,9
West,Knight Hall,2020-06-06T10:00:00,,,,,,,,7.0,,,41.311922,-105.581147,2020,6,6,10
West,Knight Hall,2020-06-06T11:00:00,,,,,,,,8.0,,,41.311922,-105.581147,2020,6,6,11
West,Knight Hall,2020-06-06T12:00:00,,,,,,,,9.0,,,41.311922,-105.581147,2020,6,6,12
West,Knight Hall,2020-06-06T13:00:00,,,,,,,,10.0,,,41.311922,-105.581147,2020,6,6,13
West,Knight Hall,2020-06-06T14:00:00,,,,,,,,10.0,,,41.311922,-105.581147,2020,6,6,14
West,Knight Hall,2020-06-06T15:00:00,,,,,,,,11.0,,,41.311922,-105.581147,2020,6,6,15
West,Knight Hall,2020-06-06T16:00:00,,,,,,,,8.0,,,41.311922,-105.581147,2020,6,6,16
West,Knight Hall,2020-06-06T17:00:00,,,,,,,,9.0,,,41.311922,-105.581147,2020,6,6,17
West,Knight Hall,2020-06-06T18:00:00,,,,,,,,7.0,,,41.311922,-105.581147,2020,6,6,18
West,Knight Hall,2020-06-06T19:00:00,,,,,,,,1.0,,,41.311922,-105.581147,2020,6,6,19
West,Knight Hall,2020-06-06T20:00:00,,,,,,,,1.0,,,41.311922,-105.581147,2020,6,6,20
West,Knight Hall,2020-06-06T21:00:00,,,,,,,,,,,41.311922,-105.581147,2020,6,6,21
West,Knight Hall,2020-06-06T22:00:00,,,,,,,,,,,41.311922,-105.581147,2020,6,6,22
West,Knight Hall,2020-06-06T23:00:00,,,,,,,,1.0,,,41.311922,-105.581147,2020,6,6,23
West,Knight Hall,2020-06-07T00:00:00,,,,,,,,,,,41.311922,-105.581147,2020,6,7,0
West,Knight Hall,2020-06-07T01:00:00,,,,,,,,,,,41.311922,-105.581147,2020,6,7,1
West,Knight Hall,2020-06-07T02:00:00,,,,,,,,,,,41.311922,-105.581147,2020,6,7,2
West,Knight Hall,2020-06-07T03:00:00,,,,,,,,1.0,,,41.311922,-105.581147,2020,6,7,3
West,Knight Hall,2020-06-07T04:00:00,,,,,,,,3.0,,,41.311922,-105.581147,2020,6,7,4
West,Knight Hall,2020-06-07T05:00:00,,,,,,,,3.0,,,41.311922,-105.581147,2020,6,7,5
West,Knight Hall,2020-06-07T06:00:00,,,,,,,,2.0,,,41.311922,-105.581147,2020,6,7,6
West,Knight Hall,2020-06-07T07:00:00,,,,,,,,4.0,,,41.311922,-105.581147,2020,6,7,7
West,Knight Hall,2020-06-07T08:00:00,,,,,,,,5.0,,,41.311922,-105.581147,2020,6,7,8
West,Knight Hall,2020-06-07T09:00:00,,,,,,,,7.0,,,41.311922,-105.581147,2020,6,7,9
West,Knight Hall,2020-06-07T10:00:00,,,,,,,,8.0,,,41.311922,-105.581147,2020,6,7,10
West,Knight Hall,2020-06-07T11:00:00,,,,,,,,10.0,,,41.311922,-105.581147,2020,6,7,11
West,Knight Hall,2020-06-07T12:00:00,,,,,,,,10.0,,,41.311922,-105.581147,2020,6,7,12
West,Knight Hall,2020-06-07T13:00:00,,,,,,,,9.0,,,41.311922,-105.581147,2020,6,7,13
West,Knight Hall,2020-06-07T14:00:00,,,,,,,,8.0,,,41.311922,-105.581147,2020,6,7,14
West,Knight Hall,2020-06-07T15:00:00,,,,,,,,11.0,,,41.311922,-105.581147,2020,6,7,15
West,Knight Hall,2020-06-07T16:00:00,,,,,,,,11.0,,,41.311922,-105.581147,2020,6,7,16
West,Knight Hall,2020-06-07T17:00:00,,,,,,,,10.0,,,41.311922,-105.581147,2020,6,7,17
West,Knight Hall,2020-06-07T18:00:00,,,,,,,,8.0,,,41.311922,-105.581147,2020,6,7,18
West,Knight Hall,2020-06-07T19:00:00,,,,,,,,2.0,,,41.311922,-105.581147,2020,6,7,19
West,Knight Hall,2020-06-07T20:00:00,,,,,,,,,,,41.311922,-105.581147,2020,6,7,20
West,Knight Hall,2020-06-07T21:00:00,,,,,,,,,,,41.311922,-105.581147,2020,6,7,21
West,Knight Hall,2020-06-07T22:00:00,,,,,,,,1.0,,,41.311922,-105.581147,2020,6,7,22
West,Knight Hall,2020-06-07T23:00:00,,,,,,,,,,,41.311922,-105.581147,2020,6,7,23
West,Knight Hall,2020-06-08T00:00:00,,,,,,,,,,,41.311922,-105.581147,2020,6,8,0
West,Knight Hall,2020-06-08T01:00:00,,,,,,,,1.0,,,41.311922,-105.581147,2020,6,8,1
West,Knight Hall,2020-06-08T02:00:00,,,,,,,,,,,41.311922,-105.581147,2020,6,8,2
West,Knight Hall,2020-06-08T03:00:00,,,,,,,,,,,41.311922,-105.581147,2020,6,8,3
West,Knight Hall,2020-06-08T04:00:00,,,,,,,,,,,41.311922,-105.581147,2020,6,8,4
West,Knight Hall,2020-06-08T05:00:00,,,,,,,,1.0,,,41.311922,-105.581147,2020,6,8,5
West,Knight Hall,2020-06-08T06:00:00,,,,,,,,,,,41.311922,-105.581147,2020,6,8,6
West,Knight Hall,2020-06-08T07:00:00,,,,,,,,,,,41.311922,-105.581147,2020,6,8,7
West,Knight Hall,2020-06-08T08:00:00,,,,,,,,3.0,,,41.311922,-105.581147,2020,6,8,8
West,Knight Hall,2020-06-08T09:00:00,,,,,,,,3.0,,,41.311922,-105.581147,2020,6,8,9
West,Knight Hall,2020-06-08T10:00:00,,,,,,,,3.0,,,41.311922,-105.581147,2020,6,8,10
West,Knight Hall,2020-06-08T11:00:00,,,,,,,,3.0,,,41.311922,-105.581147,2020,6,8,11
West,Knight Hall,2020-06-08T12:00:00,,,,,,,,5.0,,,41.311922,-105.581147,2020,6,8,12
West,Knight Hall,2020-06-08T13:00:00,,,,,,,,5.0,,,41.311922,-105.581147,2020,6,8,13
West,Knight Hall,2020-06-08T14:00:00,,,,,,,,5.0,,,41.311922,-105.581147,2020,6,8,14
West,Knight Hall,2020-06-08T15:00:00,,,,,,,,3.0,,,41.311922,-105.581147,2020,6,8,15
West,Knight Hall,2020-06-08T16:00:00,,,,,,,,1.0,,,41.311922,-105.581147,2020,6,8,16
West,Knight Hall,2020-06-08T17:00:00,,,,,,,,,,,41.311922,-105.581147,2020,6,8,17
West,Knight Hall,2020-06-08T18:00:00,,,,,,,,1.0,,,41.311922,-105.581147,2020,6,8,18
West,Knight Hall,2020-06-08T19:00:00,,,,,,,,,,,41.311922,-105.581147,2020,6,8,19
West,Knight Hall,2020-06-08T20:00:00,,,,,,,,,,,41.311922,-105.581147,2020,6,8,20
West,Knight Hall,2020-06-08T21:00:00,,,,,,,,,,,41.311922,-105.581147,2020,6,8,21
West,Knight Hall,2020-06-08T22:00:00,,,,,,,,1.0,,,41.311922,-105.581147,2020,6,8,22
West,Knight Hall,2020-06-08T23:00:00,,,,,,,,,,,41.311922,-105.581147,2020,6,8,23
West,Knight Hall,2020-06-09T00:00:00,,,,,,,,,,,41.311922,-105.581147,2020,6,9,0
West,Knight Hall,2020-06-09T01:00:00,,,,,,,,,,,41.311922,-105.581147,2020,6,9,1
West,Knight Hall,2020-06-09T02:00:00,,,,,,,,1.0,,,41.311922,-105.581147,2020,6,9,2
West,Knight Hall,2020-06-09T03:00:00,,,,,,,,,,,41.311922,-105.581147,2020,6,9,3
West,Knight Hall,2020-06-09T04:00:00,,,,,,,,,,,41.311922,-105.581147,2020,6,9,4
West,Knight Hall,2020-06-09T05:00:00,,,,,,,,,,,41.311922,-105.581147,2020,6,9,5
West,Knight Hall,2020-06-09T06:00:00,,,,,,,,,,,41.311922,-105.581147,2020,6,9,6
West,Knight Hall,2020-06-09T07:00:00,,,,,,,,,,,41.311922,-105.581147,2020,6,9,7
West,Knight Hall,2020-06-09T08:00:00,,,,,,,,3.0,,,41.311922,-105.581147,2020,6,9,8
West,Knight Hall,2020-06-09T09:00:00,,,,,,,,2.0,,,41.311922,-105.581147,2020,6,9,9
West,Knight Hall,2020-06-09T10:00:00,,,,,,,,3.0,,,41.311922,-105.581147,2020,6,9,10
West,Knight Hall,2020-06-09T11:00:00,,,,,,,,2.0,,,41.311922,-105.581147,2020,6,9,11
West,Knight Hall,2020-06-09T12:00:00,,,,,,,,3.0,,,41.311922,-105.581147,2020,6,9,12
West,Knight Hall,2020-06-09T13:00:00,,,,,,,,3.0,,,41.311922,-105.581147,2020,6,9,13
West,Knight Hall,2020-06-09T14:00:00,,,,,,,,3.0,,,41.311922,-105.581147,2020,6,9,14
West,Knight Hall,2020-06-09T15:00:00,,,,,,,,3.0,,,41.311922,-105.581147,2020,6,9,15
West,Knight Hall,2020-06-09T16:00:00,,,,,,,,,,,41.311922,-105.581147,2020,6,9,16
West,Knight Hall,2020-06-09T17:00:00,,,,,,,,1.0,,,41.311922,-105.581147,2020,6,9,17
West,Knight Hall,2020-06-09T18:00:00,,,,,,,,,,,41.311922,-105.581147,2020,6,9,18
West,Knight Hall,2020-06-09T19:00:00,,,,,,,,1.0,,,41.311922,-105.581147,2020,6,9,19
West,Knight Hall,2020-06-09T20:00:00,,,,,,,,,,,41.311922,-105.581147,2020,6,9,20
West,Knight Hall,2020-06-09T21:00:00,,,,,,,,,,,41.311922,-105.581147,2020,6,9,21
West,Knight Hall,2020-06-09T22:00:00,,,,,,,,,,,41.311922,-105.581147,2020,6,9,22
West,Knight Hall,2020-06-09T23:00:00,,,,,,,,1.0,,,41.311922,-105.581147,2020,6,9,23
West,Knight Hall,2020-06-10T00:00:00,,,,,,,,,,,41.311922,-105.581147,2020,6,10,0
West,Knight Hall,2020-06-10T01:00:00,,,,,,,,,,,41.311922,-105.581147,2020,6,10,1
West,Knight Hall,2020-06-10T02:00:00,,,,,,,,,,,41.311922,-105.581147,2020,6,10,2
West,Knight Hall,2020-06-10T03:00:00,,,,,,,,,,,41.311922,-105.581147,2020,6,10,3
West,Knight Hall,2020-06-10T04:00:00,,,,,,,,1.0,,,41.311922,-105.581147,2020,6,10,4
West,Knight Hall,2020-06-10T05:00:00,,,,,,,,1.0,,,41.311922,-105.581147,2020,6,10,5
West,Knight Hall,2020-06-10T06:00:00,,,,,,,,1.0,,,41.311922,-105.581147,2020,6,10,6
West,Knight Hall,2020-06-10T07:00:00,,,,,,,,2.0,,,41.311922,-105.581147,2020,6,10,7
West,Knight Hall,2020-06-10T08:00:00,,,,,,,,2.0,,,41.311922,-105.581147,2020,6,10,8
West,Knight Hall,2020-06-10T09:00:00,,,,,,,,3.0,,,41.311922,-105.581147,2020,6,10,9
West,Knight Hall,2020-06-10T10:00:00,,,,,,,,3.0,,,41.311922,-105.581147,2020,6,10,10
West,Knight Hall,2020-06-10T11:00:00,,,,,,,,4.0,,,41.311922,-105.581147,2020,6,10,11
West,Knight Hall,2020-06-10T12:00:00,,,,,,,,5.0,,,41.311922,-105.581147,2020,6,10,12
West,Knight Hall,2020-06-10T13:00:00,,,,,,,,6.0,,,41.311922,-105.581147,2020,6,10,13
West,Knight Hall,2020-06-10T14:00:00,,,,,,,,7.0,,,41.311922,-105.581147,2020,6,10,14
West,Knight Hall,2020-06-10T15:00:00,,,,,,,,6.0,,,41.311922,-105.581147,2020,6,10,15
West,Knight Hall,2020-06-10T16:00:00,,,,,,,,6.0,,,41.311922,-105.581147,2020,6,10,16
West,Knight Hall,2020-06-10T17:00:00,,,,,,,,5.0,,,41.311922,-105.581147,2020,6,10,17
West,Knight Hall,2020-06-10T18:00:00,,,,,,,,4.0,,,41.311922,-105.581147,2020,6,10,18
West,Knight Hall,2020-06-10T19:00:00,,,,,,,,1.0,,,41.311922,-105.581147,2020,6,10,19
West,Knight Hall,2020-06-10T20:00:00,,,,,,,,,,,41.311922,-105.581147,2020,6,10,20
West,Knight Hall,2020-06-10T21:00:00,,,,,,,,1.0,,,41.311922,-105.581147,2020,6,10,21
West,Knight Hall,2020-06-10T22:00:00,,,,,,,,,,,41.311922,-105.581147,2020,6,10,22
West,Knight Hall,2020-06-10T23:00:00,,,,,,,,,,,41.311922,-105.581147,2020,6,10,23
West,Knight Hall,2020-06-11T00:00:00,,,,,,,,,,,41.311922,-105.581147,2020,6,11,0
West,Knight Hall,2020-06-11T01:00:00,,,,,,,,1.0,,,41.311922,-105.581147,2020,6,11,1
West,Knight Hall,2020-06-11T02:00:00,,,,,,,,,,,41.311922,-105.581147,2020,6,11,2
West,Knight Hall,2020-06-11T03:00:00,,,,,,,,,,,41.311922,-105.581147,2020,6,11,3
West,Knight Hall,2020-06-11T04:00:00,,,,,,,,2.0,,,41.311922,-105.581147,2020,6,11,4
West,Knight Hall,2020-06-11T05:00:00,,,,,,,,2.0,,,41.311922,-105.581147,2020,6,11,5
West,Knight Hall,2020-06-11T06:00:00,,,,,,,,3.0,,,41.311922,-105.581147,2020,6,11,6
West,Knight Hall,2020-06-11T07:00:00,,,,,,,,2.0,,,41.311922,-105.581147,2020,6,11,7
West,Knight Hall,2020-06-11T08:00:00,,,,,,,,3.0,,,41.311922,-105.581147,2020,6,11,8
West,Knight Hall,2020-06-11T09:00:00,,,,,,,,4.0,,,41.311922,-105.581147,2020,6,11,9
West,Knight Hall,2020-06-11T10:00:00,,,,,,,,3.0,,,41.311922,-105.581147,2020,6,11,10
West,Knight Hall,2020-06-11T11:00:00,,,,,,,,4.0,,,41.311922,-105.581147,2020,6,11,11
West,Knight Hall,2020-06-11T12:00:00,,,,,,,,4.0,,,41.311922,-105.581147,2020,6,11,12
West,Knight Hall,2020-06-11T13:00:00,,,,,,,,6.0,,,41.311922,-105.581147,2020,6,11,13
West,Knight Hall,2020-06-11T14:00:00,,,,,,,,5.0,,,41.311922,-105.581147,2020,6,11,14
West,Knight Hall,2020-06-11T15:00:00,,,,,,,,6.0,,,41.311922,-105.581147,2020,6,11,15
West,Knight Hall,2020-06-11T16:00:00,,,,,,,,5.0,,,41.311922,-105.581147,2020,6,11,16
West,Knight Hall,2020-06-11T17:00:00,,,,,,,,4.0,,,41.311922,-105.581147,2020,6,11,17
West,Knight Hall,2020-06-11T18:00:00,,,,,,,,3.0,,,41.311922,-105.581147,2020,6,11,18
West,Knight Hall,2020-06-11T19:00:00,,,,,,,,1.0,,,41.311922,-105.581147,2020,6,11,19
West,Knight Hall,2020-06-11T20:00:00,,,,,,,,,,,41.311922,-105.581147,2020,6,11,20
West,Knight Hall,2020-06-11T21:00:00,,,,,,,,,,,41.311922,-105.581147,2020,6,11,21
West,Knight Hall,2020-06-11T22:00:00,,,,,,,,1.0,,,41.311922,-105.581147,2020,6,11,22
West,Knight Hall,2020-06-11T23:00:00,,,,,,,,,,,41.311922,-105.581147,2020,6,11,23
West,Knight Hall,2020-06-12T00:00:00,,,,,,,,,,,41.311922,-105.581147,2020,6,12,0
West,Knight Hall,2020-06-12T01:00:00,,,,,,,,,,,41.311922,-105.581147,2020,6,12,1
West,Knight Hall,2020-06-12T02:00:00,,,,,,,,,,,41.311922,-105.581147,2020,6,12,2
West,Knight Hall,2020-06-12T03:00:00,,,,,,,,1.0,,,41.311922,-105.581147,2020,6,12,3
West,Knight Hall,2020-06-12T04:00:00,,,,,,,,1.0,,,41.311922,-105.581147,2020,6,12,4
West,Knight Hall,2020-06-12T05:00:00,,,,,,,,2.0,,,41.311922,-105.581147,2020,6,12,5
West,Knight Hall,2020-06-12T06:00:00,,,,,,,,2.0,,,41.311922,-105.581147,2020,6,12,6
West,Knight Hall,2020-06-12T07:00:00,,,,,,,,2.0,,,41.311922,-105.581147,2020,6,12,7
West,Knight Hall,2020-06-12T08:00:00,,,,,,,,3.0,,,41.311922,-105.581147,2020,6,12,8
West,Knight Hall,2020-06-12T09:00:00,,,,,,,,3.0,,,41.311922,-105.581147,2020,6,12,9
West,Knight Hall,2020-06-12T10:00:00,,,,,,,,3.0,,,41.311922,-105.581147,2020,6,12,10
West,Knight Hall,2020-06-12T11:00:00,,,,,,,,3.0,,,41.311922,-105.581147,2020,6,12,11
West,Knight Hall,2020-06-12T12:00:00,,,,,,,,5.0,,,41.311922,-105.581147,2020,6,12,12
West,Knight Hall,2020-06-12T13:00:00,,,,,,,,5.0,,,41.311922,-105.581147,2020,6,12,13
West,Knight Hall,2020-06-12T14:00:00,,,,,,,,6.0,,,41.311922,-105.581147,2020,6,12,14
West,Knight Hall,2020-06-12T15:00:00,,,,,,,,7.0,,,41.311922,-105.581147,2020,6,12,15
West,Knight Hall,2020-06-12T16:00:00,,,,,,,,8.0,,,41.311922,-105.581147,2020,6,12,16
West,Knight Hall,2020-06-12T17:00:00,,,,,,,,6.0,,,41.311922,-105.581147,2020,6,12,17
West,Knight Hall,2020-06-12T18:00:00,,,,,,,,7.0,,,41.311922,-105.581147,2020,6,12,18
West,Knight Hall,2020-06-12T19:00:00,,,,,,,,1.0,,,41.311922,-105.581147,2020,6,12,19
West,Knight Hall,2020-06-12T20:00:00,,,,,,,,,,,41.311922,-105.581147,2020,6,12,20
West,Knight Hall,2020-06-12T21:00:00,,,,,,,,,,,41.311922,-105.581147,2020,6,12,21
West,Knight Hall,2020-06-12T22:00:00,,,,,,,,1.0,,,41.311922,-105.581147,2020,6,12,22
West,Knight Hall,2020-06-12T23:00:00,,,,,,,,,,,41.311922,-105.581147,2020,6,12,23
West,Knight Hall,2020-06-13T00:00:00,,,,,,,,,,,41.311922,-105.581147,2020,6,13,0
West,Knight Hall,2020-06-13T01:00:00,,,,,,,,,,,41.311922,-105.581147,2020,6,13,1
West,Knight Hall,2020-06-13T02:00:00,,,,,,,,1.0,,,41.311922,-105.581147,2020,6,13,2
West,Knight Hall,2020-06-13T03:00:00,,,,,,,,,,,41.311922,-105.581147,2020,6,13,3
West,Knight Hall,2020-06-13T04:00:00,,,,,,,,2.0,,,41.311922,-105.581147,2020,6,13,4
West,Knight Hall,2020-06-13T05:00:00,,,,,,,,3.0,,,41.311922,-105.581147,2020,6,13,5
West,Knight Hall,2020-06-13T06:00:00,,,,,,,,2.0,,,41.311922,-105.581147,2020,6,13,6
West,Knight Hall,2020-06-13T07:00:00,,,,,,,,3.0,,,41.311922,-105.581147,2020,6,13,7
West,Knight Hall,2020-06-13T08:00:00,,,,,,,,4.0,,,41.311922,-105.581147,2020,6,13,8
West,Knight Hall,2020-06-13T09:00:00,,,,,,,,7.0,,,41.311922,-105.581147,2020,6,13,9
West,Knight Hall,2020-06-13T10:00:00,,,,,,,,8.0,,,41.311922,-105.581147,2020,6,13,10
West,Knight Hall,2020-06-13T11:00:00,,,,,,,,8.0,,,41.311922,-105.581147,2020,6,13,11
West,Knight Hall,2020-06-13T12:00:00,,,,,,,,9.0,,,41.311922,-105.581147,2020,6,13,12
West,Knight Hall,2020-06-13T13:00:00,,,,,,,,9.0,,,41.311922,-105.581147,2020,6,13,13
West,Knight Hall,2020-06-13T14:00:00,,,,,,,,9.0,,,41.311922,-105.581147,2020,6,13,14
West,Knight Hall,2020-06-13T15:00:00,,,,,,,,9.0,,,41.311922,-105.581147,2020,6,13,15
West,Knight Hall,2020-06-13T16:00:00,,,,,,,,8.0,,,41.311922,-105.581147,2020,6,13,16
West,Knight Hall,2020-06-13T17:00:00,,,,,,,,6.0,,,41.311922,-105.581147,2020,6,13,17
West,Knight Hall,2020-06-13T18:00:00,,,,,,,,3.0,,,41.311922,-105.581147,2020,6,13,18
West,Knight Hall,2020-06-13T19:00:00,,,,,,,,,,,41.311922,-105.581147,2020,6,13,19
West,Knight Hall,2020-06-13T20:00:00,,,,,,,,1.0,,,41.311922,-105.581147,2020,6,13,20
West,Knight Hall,2020-06-13T21:00:00,,,,,,,,,,,41.311922,-105.581147,2020,6,13,21
West,Knight Hall,2020-06-13T22:00:00,,,,,,,,,,,41.311922,-105.581147,2020,6,13,22
West,Knight Hall,2020-06-13T23:00:00,,,,,,,,1.0,,,41.311922,-105.581147,2020,6,13,23
West,Knight Hall,2020-06-14T00:00:00,,,,,,,,,,,41.311922,-105.581147,2020,6,14,0
West,Knight Hall,2020-06-14T01:00:00,,,,,,,,,,,41.311922,-105.581147,2020,6,14,1
West,Knight Hall,2020-06-14T02:00:00,,,,,,,,,,,41.311922,-105.581147,2020,6,14,2
West,Knight Hall,2020-06-14T03:00:00,,,,,,,,1.0,,,41.311922,-105.581147,2020,6,14,3
West,Knight Hall,2020-06-14T04:00:00,,,,,,,,2.0,,,41.311922,-105.581147,2020,6,14,4
West,Knight Hall,2020-06-14T05:00:00,,,,,,,,4.0,,,41.311922,-105.581147,2020,6,14,5
West,Knight Hall,2020-06-14T06:00:00,,,,,,,,3.0,,,41.311922,-105.581147,2020,6,14,6
West,Knight Hall,2020-06-14T07:00:00,,,,,,,,3.0,,,41.311922,-105.581147,2020,6,14,7
West,Knight Hall,2020-06-14T08:00:00,,,,,,,,3.0,,,41.311922,-105.581147,2020,6,14,8
West,Knight Hall,2020-06-14T09:00:00,,,,,,,,4.0,,,41.311922,-105.581147,2020,6,14,9
West,Knight Hall,2020-06-14T10:00:00,20.0,,,,,,,3.0,0.0138,,41.311922,-105.581147,2020,6,14,10
West,Knight Hall,2020-06-14T11:00:00,30.0,,,,,,,5.0,0.0207,,41.311922,-105.581147,2020,6,14,11
West,Knight Hall,2020-06-14T12:00:00,30.0,,,,,,,6.0,0.0207,,41.311922,-105.581147,2020,6,14,12
West,Knight Hall,2020-06-14T13:00:00,30.0,,,,,,,7.0,0.0207,,41.311922,-105.581147,2020,6,14,13
West,Knight Hall,2020-06-14T14:00:00,30.0,,,,,,,8.0,0.0207,,41.311922,-105.581147,2020,6,14,14
West,Knight Hall,2020-06-14T15:00:00,30.0,,,,,,,7.0,0.0207,,41.311922,-105.581147,2020,6,14,15
West,Knight Hall,2020-06-14T16:00:00,30.0,,,,,,,2.0,0.0207,,41.311922,-105.581147,2020,6,14,16
West,Knight Hall,2020-06-14T17:00:00,30.0,,,,,,,3.0,0.0207,,41.311922,-105.581147,2020,6,14,17
West,Knight Hall,2020-06-14T18:00:00,20.0,,,,,,,4.0,0.0138,,41.311922,-105.581147,2020,6,14,18
West,Knight Hall,2020-06-14T19:00:00,30.0,,,,,,,,0.0207,,41.311922,-105.581147,2020,6,14,19
West,Knight Hall,2020-06-14T20:00:00,30.0,,,,,,,1.0,0.0207,,41.311922,-105.581147,2020,6,14,20
West,Knight Hall,2020-06-14T21:00:00,30.0,,,,,,,,0.0207,,41.311922,-105.581147,2020,6,14,21
West,Knight Hall,2020-06-14T22:00:00,30.0,,,,,,,,0.0207,,41.311922,-105.581147,2020,6,14,22
West,Knight Hall,2020-06-14T23:00:00,30.0,,,,,,,,0.0207,,41.311922,-105.581147,2020,6,14,23
West,Knight Hall,2020-06-15T00:00:00,30.0,,,,,,,1.0,0.0207,,41.311922,-105.581147,2020,6,15,0
West,Knight Hall,2020-06-15T01:00:00,30.0,,,,,,,,0.0207,,41.311922,-105.581147,2020,6,15,1
West,Knight Hall,2020-06-15T02:00:00,30.0,,,,,,,,0.0207,,41.311922,-105.581147,2020,6,15,2
West,Knight Hall,2020-06-15T03:00:00,30.0,,,,,,,,0.0207,,41.311922,-105.581147,2020,6,15,3
West,Knight Hall,2020-06-15T04:00:00,30.0,,,,,,,,0.0207,,41.311922,-105.581147,2020,6,15,4
West,Knight Hall,2020-06-15T05:00:00,30.0,,,,,,,1.0,0.0207,,41.311922,-105.581147,2020,6,15,5
West,Knight Hall,2020-06-15T06:00:00,30.0,,,,,,,,0.0207,,41.311922,-105.581147,2020,6,15,6
West,Knight Hall,2020-06-15T07:00:00,50.0,,,,,,,,0.034499999999999996,,41.311922,-105.581147,2020,6,15,7
West,Knight Hall,2020-06-15T08:00:00,60.0,,,,,,,3.0,0.0414,,41.311922,-105.581147,2020,6,15,8
West,Knight Hall,2020-06-15T09:00:00,60.0,,,,,,,3.0,0.0414,,41.311922,-105.581147,2020,6,15,9
West,Knight Hall,2020-06-15T10:00:00,,,,,,,,3.0,,,41.311922,-105.581147,2020,6,15,10
West,Knight Hall,2020-06-15T11:00:00,20.0,,,,,,,5.0,0.0138,,41.311922,-105.581147,2020,6,15,11
West,Knight Hall,2020-06-15T12:00:00,60.0,,,,,,,6.0,0.0414,,41.311922,-105.581147,2020,6,15,12
West,Knight Hall,2020-06-15T13:00:00,60.0,,,,,,,7.0,0.0414,,41.311922,-105.581147,2020,6,15,13
West,Knight Hall,2020-06-15T14:00:00,60.0,,,,,,,6.0,0.0414,,41.311922,-105.581147,2020,6,15,14
West,Knight Hall,2020-06-15T15:00:00,60.0,,,,,,,5.0,0.0414,,41.311922,-105.581147,2020,6,15,15
West,Knight Hall,2020-06-15T16:00:00,50.0,,,,,,,1.0,0.034499999999999996,,41.311922,-105.581147,2020,6,15,16
West,Knight Hall,2020-06-15T17:00:00,40.0,,,,,,,,0.0276,,41.311922,-105.581147,2020,6,15,17
West,Knight Hall,2020-06-15T18:00:00,40.0,,,,,,,,0.0276,,41.311922,-105.581147,2020,6,15,18
West,Knight Hall,2020-06-15T19:00:00,50.0,,,,,,,1.0,0.034499999999999996,,41.311922,-105.581147,2020,6,15,19
West,Knight Hall,2020-06-15T20:00:00,40.0,,,,,,,,0.0276,,41.311922,-105.581147,2020,6,15,20
West,Knight Hall,2020-06-15T21:00:00,30.0,,,,,,,,0.0207,,41.311922,-105.581147,2020,6,15,21
West,Knight Hall,2020-06-15T22:00:00,20.0,,,,,,,,0.0138,,41.311922,-105.581147,2020,6,15,22
West,Knight Hall,2020-06-15T23:00:00,30.0,,,,,,,1.0,0.0207,,41.311922,-105.581147,2020,6,15,23
West,Knight Hall,2020-06-16T00:00:00,20.0,,,,,,,,0.0138,,41.311922,-105.581147,2020,6,16,0
West,Knight Hall,2020-06-16T01:00:00,30.0,,,,,,,,0.0207,,41.311922,-105.581147,2020,6,16,1
West,Knight Hall,2020-06-16T02:00:00,20.0,,,,,,,,0.0138,,41.311922,-105.581147,2020,6,16,2
West,Knight Hall,2020-06-16T03:00:00,30.0,,,,,,,,0.0207,,41.311922,-105.581147,2020,6,16,3
West,Knight Hall,2020-06-16T04:00:00,30.0,,,,,,,1.0,0.0207,,41.311922,-105.581147,2020,6,16,4
West,Knight Hall,2020-06-16T05:00:00,20.0,,,,,,,,0.0138,,41.311922,-105.581147,2020,6,16,5
West,Knight Hall,2020-06-16T06:00:00,30.0,,,,,,,,0.0207,,41.311922,-105.581147,2020,6,16,6
West,Knight Hall,2020-06-16T07:00:00,40.0,,,,,,,,0.0276,,41.311922,-105.581147,2020,6,16,7
West,Knight Hall,2020-06-16T08:00:00,70.0,,,,,,,3.0,0.048299999999999996,,41.311922,-105.581147,2020,6,16,8
West,Knight Hall,2020-06-16T09:00:00,60.0,,,,,,,3.0,0.0414,,41.311922,-105.581147,2020,6,16,9
West,Knight Hall,2020-06-16T10:00:00,70.0,,,,,,,5.0,0.048299999999999996,,41.311922,-105.581147,2020,6,16,10
West,Knight Hall,2020-06-16T11:00:00,70.0,,,,,,,5.0,0.048299999999999996,,41.311922,-105.581147,2020,6,16,11
West,Knight Hall,2020-06-16T12:00:00,60.0,,,,,,,6.0,0.0414,,41.311922,-105.581147,2020,6,16,12
West,Knight Hall,2020-06-16T13:00:00,60.0,,,,,,,5.0,0.0414,,41.311922,-105.581147,2020,6,16,13
West,Knight Hall,2020-06-16T14:00:00,70.0,,,,,,,3.0,0.048299999999999996,,41.311922,-105.581147,2020,6,16,14
West,Knight Hall,2020-06-16T15:00:00,60.0,,,,,,,3.0,0.0414,,41.311922,-105.581147,2020,6,16,15
West,Knight Hall,2020-06-16T16:00:00,50.0,,,,,,,1.0,0.034499999999999996,,41.311922,-105.581147,2020,6,16,16
West,Knight Hall,2020-06-16T17:00:00,50.0,,,,,,,,0.034499999999999996,,41.311922,-105.581147,2020,6,16,17
West,Knight Hall,2020-06-16T18:00:00,30.0,,,,,,,,0.0207,,41.311922,-105.581147,2020,6,16,18
West,Knight Hall,2020-06-16T19:00:00,40.0,,,,,,,1.0,0.0276,,41.311922,-105.581147,2020,6,16,19
West,Knight Hall,2020-06-16T20:00:00,30.0,,,,,,,,0.0207,,41.311922,-105.581147,2020,6,16,20
West,Knight Hall,2020-06-16T21:00:00,30.0,,,,,,,,0.0207,,41.311922,-105.581147,2020,6,16,21
West,Knight Hall,2020-06-16T22:00:00,30.0,,,,,,,,0.0207,,41.311922,-105.581147,2020,6,16,22
West,Knight Hall,2020-06-16T23:00:00,30.0,,,,,,,1.0,0.0207,,41.311922,-105.581147,2020,6,16,23
West,Knight Hall,2020-06-17T00:00:00,20.0,,,,,,,,0.0138,,41.311922,-105.581147,2020,6,17,0
West,Knight Hall,2020-06-17T01:00:00,30.0,,,,,,,,0.0207,,41.311922,-105.581147,2020,6,17,1
West,Knight Hall,2020-06-17T02:00:00,20.0,,,,,,,,0.0138,,41.311922,-105.581147,2020,6,17,2
West,Knight Hall,2020-06-17T03:00:00,20.0,,,,,,,1.0,0.0138,,41.311922,-105.581147,2020,6,17,3
West,Knight Hall,2020-06-17T04:00:00,30.0,,,,,,,1.0,0.0207,,41.311922,-105.581147,2020,6,17,4
West,Knight Hall,2020-06-17T05:00:00,30.0,,,,,,,2.0,0.0207,,41.311922,-105.581147,2020,6,17,5
West,Knight Hall,2020-06-17T06:00:00,30.0,,,,,,,2.0,0.0207,,41.311922,-105.581147,2020,6,17,6
West,Knight Hall,2020-06-17T07:00:00,40.0,,,,,,,3.0,0.0276,,41.311922,-105.581147,2020,6,17,7
West,Knight Hall,2020-06-17T08:00:00,60.0,,,,,,,2.0,0.0414,,41.311922,-105.581147,2020,6,17,8
West,Knight Hall,2020-06-17T09:00:00,70.0,,,,,,,3.0,0.048299999999999996,,41.311922,-105.581147,2020,6,17,9
West,Knight Hall,2020-06-17T10:00:00,60.0,,,,,,,3.0,0.0414,,41.311922,-105.581147,2020,6,17,10
West,Knight Hall,2020-06-17T11:00:00,70.0,,,,,,,4.0,0.048299999999999996,,41.311922,-105.581147,2020,6,17,11
West,Knight Hall,2020-06-17T12:00:00,60.0,,,,,,,5.0,0.0414,,41.311922,-105.581147,2020,6,17,12
West,Knight Hall,2020-06-17T13:00:00,60.0,,,,,,,3.0,0.0414,,41.311922,-105.581147,2020,6,17,13
West,Knight Hall,2020-06-17T14:00:00,60.0,,,,,,,3.0,0.0414,,41.311922,-105.581147,2020,6,17,14
West,Knight Hall,2020-06-17T15:00:00,60.0,,,,,,,5.0,0.0414,,41.311922,-105.581147,2020,6,17,15
West,Knight Hall,2020-06-17T16:00:00,60.0,,,,,,,4.0,0.0414,,41.311922,-105.581147,2020,6,17,16
West,Knight Hall,2020-06-17T17:00:00,40.0,,,,,,,4.0,0.0276,,41.311922,-105.581147,2020,6,17,17
West,Knight Hall,2020-06-17T18:00:00,40.0,,,,,,,3.0,0.0276,,41.311922,-105.581147,2020,6,17,18
West,Knight Hall,2020-06-17T19:00:00,30.0,,,,,,,1.0,0.0207,,41.311922,-105.581147,2020,6,17,19
West,Knight Hall,2020-06-17T20:00:00,30.0,,,,,,,,0.0207,,41.311922,-105.581147,2020,6,17,20
West,Knight Hall,2020-06-17T21:00:00,30.0,,,,,,,,0.0207,,41.311922,-105.581147,2020,6,17,21
West,Knight Hall,2020-06-17T22:00:00,30.0,,,,,,,1.0,0.0207,,41.311922,-105.581147,2020,6,17,22
West,Knight Hall,2020-06-17T23:00:00,20.0,,,,,,,,0.0138,,41.311922,-105.581147,2020,6,17,23
West,Knight Hall,2020-06-18T00:00:00,30.0,,,,,,,,0.0207,,41.311922,-105.581147,2020,6,18,0
West,Knight Hall,2020-06-18T01:00:00,20.0,,,,,,,,0.0138,,41.311922,-105.581147,2020,6,18,1
West,Knight Hall,2020-06-18T02:00:00,20.0,,,,,,,1.0,0.0138,,41.311922,-105.581147,2020,6,18,2
West,Knight Hall,2020-06-18T03:00:00,30.0,,,,,,,,0.0207,,41.311922,-105.581147,2020,6,18,3
West,Knight Hall,2020-06-18T04:00:00,20.0,,,,,,,2.0,0.0138,,41.311922,-105.581147,2020,6,18,4
West,Knight Hall,2020-06-18T05:00:00,30.0,,,,,,,3.0,0.0207,,41.311922,-105.581147,2020,6,18,5
West,Knight Hall,2020-06-18T06:00:00,30.0,,,,,,,2.0,0.0207,,41.311922,-105.581147,2020,6,18,6
West,Knight Hall,2020-06-18T07:00:00,40.0,,,,,,,3.0,0.0276,,41.311922,-105.581147,2020,6,18,7
West,Knight Hall,2020-06-18T08:00:00,60.0,,,,,,,3.0,0.0414,,41.311922,-105.581147,2020,6,18,8
West,Knight Hall,2020-06-18T09:00:00,60.0,,,,,,,3.0,0.0414,,41.311922,-105.581147,2020,6,18,9
West,Knight Hall,2020-06-18T10:00:00,60.0,,,,,,,3.0,0.0414,,41.311922,-105.581147,2020,6,18,10
West,Knight Hall,2020-06-18T11:00:00,60.0,,,,,,,4.0,0.0414,,41.311922,-105.581147,2020,6,18,11
West,Knight Hall,2020-06-18T12:00:00,60.0,,,,,,,4.0,0.0414,,41.311922,-105.581147,2020,6,18,12
West,Knight Hall,2020-06-18T13:00:00,60.0,,,,,,,2.0,0.0414,,41.311922,-105.581147,2020,6,18,13
West,Knight Hall,2020-06-18T14:00:00,60.0,,,,,,,3.0,0.0414,,41.311922,-105.581147,2020,6,18,14
West,Knight Hall,2020-06-18T15:00:00,50.0,,,,,,,3.0,0.034499999999999996,,41.311922,-105.581147,2020,6,18,15
West,Knight Hall,2020-06-18T16:00:00,50.0,,,,,,,3.0,0.034499999999999996,,41.311922,-105.581147,2020,6,18,16
West,Knight Hall,2020-06-18T17:00:00,40.0,,,,,,,3.0,0.0276,,41.311922,-105.581147,2020,6,18,17
West,Knight Hall,2020-06-18T18:00:00,40.0,,,,,,,3.0,0.0276,,41.311922,-105.581147,2020,6,18,18
West,Knight Hall,2020-06-18T19:00:00,30.0,,,,,,,1.0,0.0207,,41.311922,-105.581147,2020,6,18,19
West,Knight Hall,2020-06-18T20:00:00,30.0,,,,,,,,0.0207,,41.311922,-105.581147,2020,6,18,20
West,Knight Hall,2020-06-18T21:00:00,30.0,,,,,,,,0.0207,,41.311922,-105.581147,2020,6,18,21
West,Knight Hall,2020-06-18T22:00:00,20.0,,,,,,,1.0,0.0138,,41.311922,-105.581147,2020,6,18,22
West,Knight Hall,2020-06-18T23:00:00,30.0,,,,,,,,0.0207,,41.311922,-105.581147,2020,6,18,23
West,Knight Hall,2020-06-19T00:00:00,20.0,,,,,,,,0.0138,,41.311922,-105.581147,2020,6,19,0
West,Knight Hall,2020-06-19T01:00:00,30.0,,,,,,,,0.0207,,41.311922,-105.581147,2020,6,19,1
West,Knight Hall,2020-06-19T02:00:00,20.0,,,,,,,,0.0138,,41.311922,-105.581147,2020,6,19,2
West,Knight Hall,2020-06-19T03:00:00,30.0,,,,,,,1.0,0.0207,,41.311922,-105.581147,2020,6,19,3
West,Knight Hall,2020-06-19T04:00:00,20.0,,,,,,,1.0,0.0138,,41.311922,-105.581147,2020,6,19,4
West,Knight Hall,2020-06-19T05:00:00,30.0,,,,,,,2.0,0.0207,,41.311922,-105.581147,2020,6,19,5
West,Knight Hall,2020-06-19T06:00:00,30.0,,,,,,,2.0,0.0207,,41.311922,-105.581147,2020,6,19,6
West,Knight Hall,2020-06-19T07:00:00,40.0,,,,,,,2.0,0.0276,,41.311922,-105.581147,2020,6,19,7
West,Knight Hall,2020-06-19T08:00:00,50.0,,,,,,,3.0,0.034499999999999996,,41.311922,-105.581147,2020,6,19,8
West,Knight Hall,2020-06-19T09:00:00,60.0,,,,,,,4.0,0.0414,,41.311922,-105.581147,2020,6,19,9
West,Knight Hall,2020-06-19T10:00:00,60.0,,,,,,,4.0,0.0414,,41.311922,-105.581147,2020,6,19,10
West,Knight Hall,2020-06-19T11:00:00,60.0,,,,,,,4.0,0.0414,,41.311922,-105.581147,2020,6,19,11
West,Knight Hall,2020-06-19T12:00:00,60.0,,,,,,,6.0,0.0414,,41.311922,-105.581147,2020,6,19,12
West,Knight Hall,2020-06-19T13:00:00,50.0,,,,,,,6.0,0.034499999999999996,,41.311922,-105.581147,2020,6,19,13
West,Knight Hall,2020-06-19T14:00:00,60.0,,,,,,,8.0,0.0414,,41.311922,-105.581147,2020,6,19,14
West,Knight Hall,2020-06-19T15:00:00,60.0,,,,,,,7.0,0.0414,,41.311922,-105.581147,2020,6,19,15
West,Knight Hall,2020-06-19T16:00:00,40.0,,,,,,,7.0,0.0276,,41.311922,-105.581147,2020,6,19,16
West,Knight Hall,2020-06-19T17:00:00,40.0,,,,,,,6.0,0.0276,,41.311922,-105.581147,2020,6,19,17
West,Knight Hall,2020-06-19T18:00:00,40.0,,,,,,,6.0,0.0276,,41.311922,-105.581147,2020,6,19,18
West,Knight Hall,2020-06-19T19:00:00,30.0,,,,,,,1.0,0.0207,,41.311922,-105.581147,2020,6,19,19
West,Knight Hall,2020-06-19T20:00:00,30.0,,,,,,,,0.0207,,41.311922,-105.581147,2020,6,19,20
West,Knight Hall,2020-06-19T21:00:00,30.0,,,,,,,1.0,0.0207,,41.311922,-105.581147,2020,6,19,21
West,Knight Hall,2020-06-19T22:00:00,30.0,,,,,,,,0.0207,,41.311922,-105.581147,2020,6,19,22
West,Knight Hall,2020-06-19T23:00:00,30.0,,,,,,,,0.0207,,41.311922,-105.581147,2020,6,19,23
West,Knight Hall,2020-06-20T00:00:00,20.0,,,,,,,,0.0138,,41.311922,-105.581147,2020,6,20,0
West,Knight Hall,2020-06-20T01:00:00,20.0,,,,,,,1.0,0.0138,,41.311922,-105.581147,2020,6,20,1
West,Knight Hall,2020-06-20T02:00:00,30.0,,,,,,,,0.0207,,41.311922,-105.581147,2020,6,20,2
West,Knight Hall,2020-06-20T03:00:00,20.0,,,,,,,,0.0138,,41.311922,-105.581147,2020,6,20,3
West,Knight Hall,2020-06-20T04:00:00,30.0,,,,,,,3.0,0.0207,,41.311922,-105.581147,2020,6,20,4
West,Knight Hall,2020-06-20T05:00:00,20.0,,,,,,,2.0,0.0138,,41.311922,-105.581147,2020,6,20,5
West,Knight Hall,2020-06-20T06:00:00,30.0,,,,,,,3.0,0.0207,,41.311922,-105.581147,2020,6,20,6
West,Knight Hall,2020-06-20T07:00:00,20.0,,,,,,,3.0,0.0138,,41.311922,-105.581147,2020,6,20,7
West,Knight Hall,2020-06-20T08:00:00,30.0,,,,,,,4.0,0.0207,,41.311922,-105.581147,2020,6,20,8
West,Knight Hall,2020-06-20T09:00:00,30.0,,,,,,,5.0,0.0207,,41.311922,-105.581147,2020,6,20,9
West,Knight Hall,2020-06-20T10:00:00,30.0,,,,,,,6.0,0.0207,,41.311922,-105.581147,2020,6,20,10
West,Knight Hall,2020-06-20T11:00:00,30.0,,,,,,,7.0,0.0207,,41.311922,-105.581147,2020,6,20,11
West,Knight Hall,2020-06-20T12:00:00,30.0,,,,,,,8.0,0.0207,,41.311922,-105.581147,2020,6,20,12
West,Knight Hall,2020-06-20T13:00:00,20.0,,,,,,,9.0,0.0138,,41.311922,-105.581147,2020,6,20,13
West,Knight Hall,2020-06-20T14:00:00,30.0,,,,,,,9.0,0.0207,,41.311922,-105.581147,2020,6,20,14
West,Knight Hall,2020-06-20T15:00:00,30.0,,,,,,,9.0,0.0207,,41.311922,-105.581147,2020,6,20,15
West,Knight Hall,2020-06-20T16:00:00,20.0,,,,,,,8.0,0.0138,,41.311922,-105.581147,2020,6,20,16
West,Knight Hall,2020-06-20T17:00:00,30.0,,,,,,,6.0,0.0207,,41.311922,-105.581147,2020,6,20,17
West,Knight Hall,2020-06-20T18:00:00,20.0,,,,,,,4.0,0.0138,,41.311922,-105.581147,2020,6,20,18
West,Knight Hall,2020-06-20T19:00:00,30.0,,,,,,,1.0,0.0207,,41.311922,-105.581147,2020,6,20,19
West,Knight Hall,2020-06-20T20:00:00,20.0,,,,,,,,0.0138,,41.311922,-105.581147,2020,6,20,20
West,Knight Hall,2020-06-20T21:00:00,30.0,,,,,,,,0.0207,,41.311922,-105.581147,2020,6,20,21
West,Knight Hall,2020-06-20T22:00:00,30.0,,,,,,,1.0,0.0207,,41.311922,-105.581147,2020,6,20,22
West,Knight Hall,2020-06-20T23:00:00,20.0,,,,,,,,0.0138,,41.311922,-105.581147,2020,6,20,23
West,Knight Hall,2020-06-21T00:00:00,30.0,,,,,,,,0.0207,,41.311922,-105.581147,2020,6,21,0
West,Knight Hall,2020-06-21T01:00:00,20.0,,,,,,,,0.0138,,41.311922,-105.581147,2020,6,21,1
West,Knight Hall,2020-06-21T02:00:00,30.0,,,,,,,,0.0207,,41.311922,-105.581147,2020,6,21,2
West,Knight Hall,2020-06-21T03:00:00,20.0,,,,,,,1.0,0.0138,,41.311922,-105.581147,2020,6,21,3
West,Knight Hall,2020-06-21T04:00:00,30.0,,,,,,,2.0,0.0207,,41.311922,-105.581147,2020,6,21,4
West,Knight Hall,2020-06-21T05:00:00,30.0,,,,,,,2.0,0.0207,,41.311922,-105.581147,2020,6,21,5
West,Knight Hall,2020-06-21T06:00:00,20.0,,,,,,,2.0,0.0138,,41.311922,-105.581147,2020,6,21,6
West,Knight Hall,2020-06-21T07:00:00,30.0,,,,,,,2.0,0.0207,,41.311922,-105.581147,2020,6,21,7
West,Knight Hall,2020-06-21T08:00:00,30.0,,,,,,,2.0,0.0207,,41.311922,-105.581147,2020,6,21,8
West,Knight Hall,2020-06-21T09:00:00,30.0,,,,,,,3.0,0.0207,,41.311922,-105.581147,2020,6,21,9
West,Knight Hall,2020-06-21T10:00:00,20.0,,,,,,,3.0,0.0138,,41.311922,-105.581147,2020,6,21,10
West,Knight Hall,2020-06-21T11:00:00,30.0,,,,,,,3.0,0.0207,,41.311922,-105.581147,2020,6,21,11
West,Knight Hall,2020-06-21T12:00:00,30.0,,,,,,,2.0,0.0207,,41.311922,-105.581147,2020,6,21,12
West,Knight Hall,2020-06-21T13:00:00,30.0,,,,,,,3.0,0.0207,,41.311922,-105.581147,2020,6,21,13
West,Knight Hall,2020-06-21T14:00:00,30.0,,,,,,,3.0,0.0207,,41.311922,-105.581147,2020,6,21,14
West,Knight Hall,2020-06-21T15:00:00,30.0,,,,,,,3.0,0.0207,,41.311922,-105.581147,2020,6,21,15
West,Knight Hall,2020-06-21T16:00:00,30.0,,,,,,,3.0,0.0207,,41.311922,-105.581147,2020,6,21,16
West,Knight Hall,2020-06-21T17:00:00,20.0,,,,,,,3.0,0.0138,,41.311922,-105.581147,2020,6,21,17
West,Knight Hall,2020-06-21T18:00:00,30.0,,,,,,,3.0,0.0207,,41.311922,-105.581147,2020,6,21,18
West,Knight Hall,2020-06-21T19:00:00,30.0,,,,,,,1.0,0.0207,,41.311922,-105.581147,2020,6,21,19
West,Knight Hall,2020-06-21T20:00:00,20.0,,,,,,,,0.0138,,41.311922,-105.581147,2020,6,21,20
West,Knight Hall,2020-06-21T21:00:00,30.0,,,,,,,,0.0207,,41.311922,-105.581147,2020,6,21,21
West,Knight Hall,2020-06-21T22:00:00,30.0,,,,,,,,0.0207,,41.311922,-105.581147,2020,6,21,22
West,Knight Hall,2020-06-21T23:00:00,20.0,,,,,,,,0.0138,,41.311922,-105.581147,2020,6,21,23
West,Knight Hall,2020-06-22T00:00:00,30.0,,,,,,,1.0,0.0207,,41.311922,-105.581147,2020,6,22,0
West,Knight Hall,2020-06-22T01:00:00,20.0,,,,,,,,0.0138,,41.311922,-105.581147,2020,6,22,1
West,Knight Hall,2020-06-22T02:00:00,30.0,,,,,,,,0.0207,,41.311922,-105.581147,2020,6,22,2
West,Knight Hall,2020-06-22T03:00:00,20.0,,,,,,,,0.0138,,41.311922,-105.581147,2020,6,22,3
West,Knight Hall,2020-06-22T04:00:00,30.0,,,,,,,,0.0207,,41.311922,-105.581147,2020,6,22,4
West,Knight Hall,2020-06-22T05:00:00,30.0,,,,,,,1.0,0.0207,,41.311922,-105.581147,2020,6,22,5
West,Knight Hall,2020-06-22T06:00:00,30.0,,,,,,,,0.0207,,41.311922,-105.581147,2020,6,22,6
West,Knight Hall,2020-06-22T07:00:00,50.0,,,,,,,,0.034499999999999996,,41.311922,-105.581147,2020,6,22,7
West,Knight Hall,2020-06-22T08:00:00,50.0,,,,,,,3.0,0.034499999999999996,,41.311922,-105.581147,2020,6,22,8
West,Knight Hall,2020-06-22T09:00:00,70.0,,,,,,,2.0,0.048299999999999996,,41.311922,-105.581147,2020,6,22,9
West,Knight Hall,2020-06-22T10:00:00,60.0,,,,,,,3.0,0.0414,,41.311922,-105.581147,2020,6,22,10
West,Knight Hall,2020-06-22T11:00:00,70.0,,,,,,,3.0,0.048299999999999996,,41.311922,-105.581147,2020,6,22,11
West,Knight Hall,2020-06-22T12:00:00,60.0,,,,,,,3.0,0.0414,,41.311922,-105.581147,2020,6,22,12
West,Knight Hall,2020-06-22T13:00:00,60.0,,,,,,,3.0,0.0414,,41.311922,-105.581147,2020,6,22,13
West,Knight Hall,2020-06-22T14:00:00,60.0,,,,,,,3.0,0.0414,,41.311922,-105.581147,2020,6,22,14
West,Knight Hall,2020-06-22T15:00:00,60.0,,,,,,,3.0,0.0414,,41.311922,-105.581147,2020,6,22,15
West,Knight Hall,2020-06-22T16:00:00,60.0,,,,,,,1.0,0.0414,,41.311922,-105.581147,2020,6,22,16
West,Knight Hall,2020-06-22T17:00:00,50.0,,,,,,,,0.034499999999999996,,41.311922,-105.581147,2020,6,22,17
West,Knight Hall,2020-06-22T18:00:00,40.0,,,,,,,,0.0276,,41.311922,-105.581147,2020,6,22,18
West,Knight Hall,2020-06-22T19:00:00,40.0,,,,,,,,0.0276,,41.311922,-105.581147,2020,6,22,19
West,Knight Hall,2020-06-22T20:00:00,30.0,,,,,,,1.0,0.0207,,41.311922,-105.581147,2020,6,22,20
West,Knight Hall,2020-06-22T21:00:00,40.0,,,,,,,,0.0276,,41.311922,-105.581147,2020,6,22,21
West,Knight Hall,2020-06-22T22:00:00,30.0,,,,,,,,0.0207,,41.311922,-105.581147,2020,6,22,22
West,Knight Hall,2020-06-22T23:00:00,30.0,,,,,,,,0.0207,,41.311922,-105.581147,2020,6,22,23
West,Knight Hall,2020-06-23T00:00:00,30.0,,,,,,,1.0,0.0207,,41.311922,-105.581147,2020,6,23,0
West,Knight Hall,2020-06-23T01:00:00,30.0,,,,,,,,0.0207,,41.311922,-105.581147,2020,6,23,1
West,Knight Hall,2020-06-23T02:00:00,20.0,,,,,,,,0.0138,,41.311922,-105.581147,2020,6,23,2
West,Knight Hall,2020-06-23T03:00:00,30.0,,,,,,,,0.0207,,41.311922,-105.581147,2020,6,23,3
West,Knight Hall,2020-06-23T04:00:00,40.0,,,,,,,1.0,0.0276,,41.311922,-105.581147,2020,6,23,4
West,Knight Hall,2020-06-23T05:00:00,30.0,,,,,,,,0.0207,,41.311922,-105.581147,2020,6,23,5
West,Knight Hall,2020-06-23T06:00:00,30.0,,,,,,,,0.0207,,41.311922,-105.581147,2020,6,23,6
West,Knight Hall,2020-06-23T07:00:00,50.0,,,,,,,,0.034499999999999996,,41.311922,-105.581147,2020,6,23,7
West,Knight Hall,2020-06-23T08:00:00,70.0,,,,,,,2.0,0.048299999999999996,,41.311922,-105.581147,2020,6,23,8
West,Knight Hall,2020-06-23T09:00:00,70.0,,,,,,,2.0,0.048299999999999996,,41.311922,-105.581147,2020,6,23,9
West,Knight Hall,2020-06-23T10:00:00,60.0,,,,,,,2.0,0.0414,,41.311922,-105.581147,2020,6,23,10
West,Knight Hall,2020-06-23T11:00:00,70.0,,,,,,,2.0,0.048299999999999996,,41.311922,-105.581147,2020,6,23,11
West,Knight Hall,2020-06-23T12:00:00,70.0,,,,,,,2.0,0.048299999999999996,,41.311922,-105.581147,2020,6,23,12
West,Knight Hall,2020-06-23T13:00:00,70.0,,,,,,,3.0,0.048299999999999996,,41.311922,-105.581147,2020,6,23,13
West,Knight Hall,2020-06-23T14:00:00,70.0,,,,,,,3.0,0.048299999999999996,,41.311922,-105.581147,2020,6,23,14
West,Knight Hall,2020-06-23T15:00:00,60.0,,,,,,,3.0,0.0414,,41.311922,-105.581147,2020,6,23,15
West,Knight Hall,2020-06-23T16:00:00,70.0,,,,,,,1.0,0.048299999999999996,,41.311922,-105.581147,2020,6,23,16
West,Knight Hall,2020-06-23T17:00:00,50.0,,,,,,,,0.034499999999999996,,41.311922,-105.581147,2020,6,23,17
West,Knight Hall,2020-06-23T18:00:00,50.0,,,,,,,,0.034499999999999996,,41.311922,-105.581147,2020,6,23,18
West,Knight Hall,2020-06-23T19:00:00,40.0,,,,,,,1.0,0.0276,,41.311922,-105.581147,2020,6,23,19
West,Knight Hall,2020-06-23T20:00:00,30.0,,,,,,,,0.0207,,41.311922,-105.581147,2020,6,23,20
West,Knight Hall,2020-06-23T21:00:00,40.0,,,,,,,,0.0276,,41.311922,-105.581147,2020,6,23,21
West,Knight Hall,2020-06-23T22:00:00,40.0,,,,,,,1.0,0.0276,,41.311922,-105.581147,2020,6,23,22
West,Knight Hall,2020-06-23T23:00:00,30.0,,,,,,,,0.0207,,41.311922,-105.581147,2020,6,23,23
West,Knight Hall,2020-06-24T00:00:00,30.0,,,,,,,,0.0207,,41.311922,-105.581147,2020,6,24,0
West,Knight Hall,2020-06-24T01:00:00,30.0,,,,,,,,0.0207,,41.311922,-105.581147,2020,6,24,1
West,Knight Hall,2020-06-24T02:00:00,20.0,,,,,,,1.0,0.0138,,41.311922,-105.581147,2020,6,24,2
West,Knight Hall,2020-06-24T03:00:00,30.0,,,,,,,,0.0207,,41.311922,-105.581147,2020,6,24,3
West,Knight Hall,2020-06-24T04:00:00,40.0,,,,,,,2.0,0.0276,,41.311922,-105.581147,2020,6,24,4
West,Knight Hall,2020-06-24T05:00:00,30.0,,,,,,,3.0,0.0207,,41.311922,-105.581147,2020,6,24,5
West,Knight Hall,2020-06-24T06:00:00,40.0,,,,,,,3.0,0.0276,,41.311922,-105.581147,2020,6,24,6
West,Knight Hall,2020-06-24T07:00:00,50.0,,,,,,,3.0,0.034499999999999996,,41.311922,-105.581147,2020,6,24,7
West,Knight Hall,2020-06-24T08:00:00,70.0,,,,,,,3.0,0.048299999999999996,,41.311922,-105.581147,2020,6,24,8
West,Knight Hall,2020-06-24T09:00:00,70.0,,,,,,,4.0,0.048299999999999996,,41.311922,-105.581147,2020,6,24,9
West,Knight Hall,2020-06-24T10:00:00,70.0,,,,,,,5.0,0.048299999999999996,,41.311922,-105.581147,2020,6,24,10
West,Knight Hall,2020-06-24T11:00:00,80.0,,,,,,,6.0,0.0552,,41.311922,-105.581147,2020,6,24,11
West,Knight Hall,2020-06-24T12:00:00,70.0,,,,,,,7.0,0.048299999999999996,,41.311922,-105.581147,2020,6,24,12
West,Knight Hall,2020-06-24T13:00:00,80.0,,,,,,,7.0,0.0552,,41.311922,-105.581147,2020,6,24,13
West,Knight Hall,2020-06-24T14:00:00,70.0,,,,,,,7.0,0.048299999999999996,,41.311922,-105.581147,2020,6,24,14
West,Knight Hall,2020-06-24T15:00:00,70.0,,,,,,,7.0,0.048299999999999996,,41.311922,-105.581147,2020,6,24,15
West,Knight Hall,2020-06-24T16:00:00,60.0,,,,,,,7.0,0.0414,,41.311922,-105.581147,2020,6,24,16
West,Knight Hall,2020-06-24T17:00:00,60.0,,,,,,,6.0,0.0414,,41.311922,-105.581147,2020,6,24,17
West,Knight Hall,2020-06-24T18:00:00,50.0,,,,,,,5.0,0.034499999999999996,,41.311922,-105.581147,2020,6,24,18
West,Knight Hall,2020-06-24T19:00:00,40.0,,,,,,,1.0,0.0276,,41.311922,-105.581147,2020,6,24,19
West,Knight Hall,2020-06-24T20:00:00,30.0,,,,,,,,0.0207,,41.311922,-105.581147,2020,6,24,20
West,Knight Hall,2020-06-24T21:00:00,40.0,,,,,,,,0.0276,,41.311922,-105.581147,2020,6,24,21
West,Knight Hall,2020-06-24T22:00:00,40.0,,,,,,,,0.0276,,41.311922,-105.581147,2020,6,24,22
West,Knight Hall,2020-06-24T23:00:00,30.0,,,,,,,1.0,0.0207,,41.311922,-105.581147,2020,6,24,23
West,Knight Hall,2020-06-25T00:00:00,30.0,,,,,,,,0.0207,,41.311922,-105.581147,2020,6,25,0
West,Knight Hall,2020-06-25T01:00:00,30.0,,,,,,,,0.0207,,41.311922,-105.581147,2020,6,25,1
West,Knight Hall,2020-06-25T02:00:00,30.0,,,,,,,,0.0207,,41.311922,-105.581147,2020,6,25,2
West,Knight Hall,2020-06-25T03:00:00,30.0,,,,,,,1.0,0.0207,,41.311922,-105.581147,2020,6,25,3
West,Knight Hall,2020-06-25T04:00:00,30.0,,,,,,,2.0,0.0207,,41.311922,-105.581147,2020,6,25,4
West,Knight Hall,2020-06-25T05:00:00,40.0,,,,,,,3.0,0.0276,,41.311922,-105.581147,2020,6,25,5
West,Knight Hall,2020-06-25T06:00:00,30.0,,,,,,,2.0,0.0207,,41.311922,-105.581147,2020,6,25,6
West,Knight Hall,2020-06-25T07:00:00,60.0,,,,,,,4.0,0.0414,,41.311922,-105.581147,2020,6,25,7
West,Knight Hall,2020-06-25T08:00:00,70.0,,,,,,,4.0,0.048299999999999996,,41.311922,-105.581147,2020,6,25,8
West,Knight Hall,2020-06-25T09:00:00,70.0,,,,,,,5.0,0.048299999999999996,,41.311922,-105.581147,2020,6,25,9
West,Knight Hall,2020-06-25T10:00:00,70.0,,,,,,,8.0,0.048299999999999996,,41.311922,-105.581147,2020,6,25,10
West,Knight Hall,2020-06-25T11:00:00,70.0,,,,,,,13.0,0.048299999999999996,,41.311922,-105.581147,2020,6,25,11
West,Knight Hall,2020-06-25T12:00:00,70.0,,,,,,,16.0,0.048299999999999996,,41.311922,-105.581147,2020,6,25,12
West,Knight Hall,2020-06-25T13:00:00,70.0,,,,,,,17.0,0.048299999999999996,,41.311922,-105.581147,2020,6,25,13
West,Knight Hall,2020-06-25T14:00:00,60.0,,,,,,,10.0,0.0414,,41.311922,-105.581147,2020,6,25,14
West,Knight Hall,2020-06-25T15:00:00,70.0,,,,,,,13.0,0.048299999999999996,,41.311922,-105.581147,2020,6,25,15
West,Knight Hall,2020-06-25T16:00:00,50.0,,,,,,,12.0,0.034499999999999996,,41.311922,-105.581147,2020,6,25,16
West,Knight Hall,2020-06-25T17:00:00,50.0,,,,,,,11.0,0.034499999999999996,,41.311922,-105.581147,2020,6,25,17
West,Knight Hall,2020-06-25T18:00:00,40.0,,,,,,,6.0,0.0276,,41.311922,-105.581147,2020,6,25,18
West,Knight Hall,2020-06-25T19:00:00,40.0,,,,,,,3.0,0.0276,,41.311922,-105.581147,2020,6,25,19
West,Knight Hall,2020-06-25T20:00:00,30.0,,,,,,,2.0,0.0207,,41.311922,-105.581147,2020,6,25,20
West,Knight Hall,2020-06-25T21:00:00,30.0,,,,,,,,0.0207,,41.311922,-105.581147,2020,6,25,21
West,Knight Hall,2020-06-25T22:00:00,30.0,,,,,,,,0.0207,,41.311922,-105.581147,2020,6,25,22
West,Knight Hall,2020-06-25T23:00:00,30.0,,,,,,,,0.0207,,41.311922,-105.581147,2020,6,25,23
West,Knight Hall,2020-06-26T00:00:00,20.0,,,,,,,,0.0138,,41.311922,-105.581147,2020,6,26,0
West,Knight Hall,2020-06-26T01:00:00,30.0,,,,,,,1.0,0.0207,,41.311922,-105.581147,2020,6,26,1
West,Knight Hall,2020-06-26T02:00:00,20.0,,,,,,,,0.0138,,41.311922,-105.581147,2020,6,26,2
West,Knight Hall,2020-06-26T03:00:00,30.0,,,,,,,,0.0207,,41.311922,-105.581147,2020,6,26,3
West,Knight Hall,2020-06-26T04:00:00,20.0,,,,,,,2.0,0.0138,,41.311922,-105.581147,2020,6,26,4
West,Knight Hall,2020-06-26T05:00:00,30.0,,,,,,,2.0,0.0207,,41.311922,-105.581147,2020,6,26,5
West,Knight Hall,2020-06-26T06:00:00,30.0,,,,,,,2.0,0.0207,,41.311922,-105.581147,2020,6,26,6
West,Knight Hall,2020-06-26T07:00:00,40.0,,,,,,,3.0,0.0276,,41.311922,-105.581147,2020,6,26,7
West,Knight Hall,2020-06-26T08:00:00,60.0,,,,,,,3.0,0.0414,,41.311922,-105.581147,2020,6,26,8
West,Knight Hall,2020-06-26T09:00:00,70.0,,,,,,,7.0,0.048299999999999996,,41.311922,-105.581147,2020,6,26,9
West,Knight Hall,2020-06-26T10:00:00,70.0,,,,,,,10.0,0.048299999999999996,,41.311922,-105.581147,2020,6,26,10
West,Knight Hall,2020-06-26T11:00:00,70.0,,,,,,,15.0,0.048299999999999996,,41.311922,-105.581147,2020,6,26,11
West,Knight Hall,2020-06-26T12:00:00,60.0,,,,,,,17.0,0.0414,,41.311922,-105.581147,2020,6,26,12
West,Knight Hall,2020-06-26T13:00:00,60.0,,,,,,,16.0,0.0414,,41.311922,-105.581147,2020,6,26,13
West,Knight Hall,2020-06-26T14:00:00,60.0,,,,,,,16.0,0.0414,,41.311922,-105.581147,2020,6,26,14
West,Knight Hall,2020-06-26T15:00:00,60.0,,,,,,,17.0,0.0414,,41.311922,-105.581147,2020,6,26,15
West,Knight Hall,2020-06-26T16:00:00,60.0,,,,,,,16.0,0.0414,,41.311922,-105.581147,2020,6,26,16
West,Knight Hall,2020-06-26T17:00:00,40.0,,,,,,,15.0,0.0276,,41.311922,-105.581147,2020,6,26,17
West,Knight Hall,2020-06-26T18:00:00,40.0,,,,,,,12.0,0.0276,,41.311922,-105.581147,2020,6,26,18
West,Knight Hall,2020-06-26T19:00:00,30.0,,,,,,,6.0,0.0207,,41.311922,-105.581147,2020,6,26,19
West,Knight Hall,2020-06-26T20:00:00,30.0,,,,,,,4.0,0.0207,,41.311922,-105.581147,2020,6,26,20
West,Knight Hall,2020-06-26T21:00:00,40.0,,,,,,,2.0,0.0276,,41.311922,-105.581147,2020,6,26,21
West,Knight Hall,2020-06-26T22:00:00,30.0,,,,,,,2.0,0.0207,,41.311922,-105.581147,2020,6,26,22
West,Knight Hall,2020-06-26T23:00:00,20.0,,,,,,,1.0,0.0138,,41.311922,-105.581147,2020,6,26,23
West,Knight Hall,2020-06-27T00:00:00,30.0,,,,,,,,0.0207,,41.311922,-105.581147,2020,6,27,0
West,Knight Hall,2020-06-27T01:00:00,30.0,,,,,,,,0.0207,,41.311922,-105.581147,2020,6,27,1
West,Knight Hall,2020-06-27T02:00:00,20.0,,,,,,,,0.0138,,41.311922,-105.581147,2020,6,27,2
West,Knight Hall,2020-06-27T03:00:00,30.0,,,,,,,1.0,0.0207,,41.311922,-105.581147,2020,6,27,3
West,Knight Hall,2020-06-27T04:00:00,20.0,,,,,,,3.0,0.0138,,41.311922,-105.581147,2020,6,27,4
West,Knight Hall,2020-06-27T05:00:00,30.0,,,,,,,3.0,0.0207,,41.311922,-105.581147,2020,6,27,5
West,Knight Hall,2020-06-27T06:00:00,20.0,,,,,,,4.0,0.0138,,41.311922,-105.581147,2020,6,27,6
West,Knight Hall,2020-06-27T07:00:00,30.0,,,,,,,4.0,0.0207,,41.311922,-105.581147,2020,6,27,7
West,Knight Hall,2020-06-27T08:00:00,30.0,,,,,,,8.0,0.0207,,41.311922,-105.581147,2020,6,27,8
West,Knight Hall,2020-06-27T09:00:00,30.0,,,,,,,10.0,0.0207,,41.311922,-105.581147,2020,6,27,9
West,Knight Hall,2020-06-27T10:00:00,30.0,,,,,,,15.0,0.0207,,41.311922,-105.581147,2020,6,27,10
West,Knight Hall,2020-06-27T11:00:00,30.0,,,,,,,17.0,0.0207,,41.311922,-105.581147,2020,6,27,11
West,Knight Hall,2020-06-27T12:00:00,30.0,,,,,,,17.0,0.0207,,41.311922,-105.581147,2020,6,27,12
West,Knight Hall,2020-06-27T13:00:00,30.0,,,,,,,17.0,0.0207,,41.311922,-105.581147,2020,6,27,13
West,Knight Hall,2020-06-27T14:00:00,30.0,,,,,,,17.0,0.0207,,41.311922,-105.581147,2020,6,27,14
West,Knight Hall,2020-06-27T15:00:00,30.0,,,,,,,18.0,0.0207,,41.311922,-105.581147,2020,6,27,15
West,Knight Hall,2020-06-27T16:00:00,30.0,,,,,,,17.0,0.0207,,41.311922,-105.581147,2020,6,27,16
West,Knight Hall,2020-06-27T17:00:00,20.0,,,,,,,17.0,0.0138,,41.311922,-105.581147,2020,6,27,17
West,Knight Hall,2020-06-27T18:00:00,30.0,,,,,,,15.0,0.0207,,41.311922,-105.581147,2020,6,27,18
West,Knight Hall,2020-06-27T19:00:00,20.0,,,,,,,7.0,0.0138,,41.311922,-105.581147,2020,6,27,19
West,Knight Hall,2020-06-27T20:00:00,30.0,,,,,,,4.0,0.0207,,41.311922,-105.581147,2020,6,27,20
West,Knight Hall,2020-06-27T21:00:00,30.0,,,,,,,3.0,0.0207,,41.311922,-105.581147,2020,6,27,21
West,Knight Hall,2020-06-27T22:00:00,20.0,,,,,,,3.0,0.0138,,41.311922,-105.581147,2020,6,27,22
West,Knight Hall,2020-06-27T23:00:00,30.0,,,,,,,2.0,0.0207,,41.311922,-105.581147,2020,6,27,23
West,Knight Hall,2020-06-28T00:00:00,20.0,,,,,,,1.0,0.0138,,41.311922,-105.581147,2020,6,28,0
West,Knight Hall,2020-06-28T01:00:00,30.0,,,,,,,,0.0207,,41.311922,-105.581147,2020,6,28,1
West,Knight Hall,2020-06-28T02:00:00,20.0,,,,,,,,0.0138,,41.311922,-105.581147,2020,6,28,2
West,Knight Hall,2020-06-28T03:00:00,30.0,,,,,,,,0.0207,,41.311922,-105.581147,2020,6,28,3
West,Knight Hall,2020-06-28T04:00:00,20.0,,,,,,,4.0,0.0138,,41.311922,-105.581147,2020,6,28,4
West,Knight Hall,2020-06-28T05:00:00,30.0,,,,,,,4.0,0.0207,,41.311922,-105.581147,2020,6,28,5
West,Knight Hall,2020-06-28T06:00:00,20.0,,,,,,,4.0,0.0138,,41.311922,-105.581147,2020,6,28,6
West,Knight Hall,2020-06-28T07:00:00,30.0,,,,,,,4.0,0.0207,,41.311922,-105.581147,2020,6,28,7
West,Knight Hall,2020-06-28T08:00:00,30.0,,,,,,,8.0,0.0207,,41.311922,-105.581147,2020,6,28,8
West,Knight Hall,2020-06-28T09:00:00,20.0,,,,,,,12.0,0.0138,,41.311922,-105.581147,2020,6,28,9
West,Knight Hall,2020-06-28T10:00:00,30.0,,,,,,,17.0,0.0207,,41.311922,-105.581147,2020,6,28,10
West,Knight Hall,2020-06-28T11:00:00,30.0,,,,,,,18.0,0.0207,,41.311922,-105.581147,2020,6,28,11
West,Knight Hall,2020-06-28T12:00:00,30.0,,,,,,,17.0,0.0207,,41.311922,-105.581147,2020,6,28,12
West,Knight Hall,2020-06-28T13:00:00,30.0,,,,,,,18.0,0.0207,,41.311922,-105.581147,2020,6,28,13
West,Knight Hall,2020-06-28T14:00:00,30.0,,,,,,,18.0,0.0207,,41.311922,-105.581147,2020,6,28,14
West,Knight Hall,2020-06-28T15:00:00,20.0,,,,,,,18.0,0.0138,,41.311922,-105.581147,2020,6,28,15
West,Knight Hall,2020-06-28T16:00:00,30.0,,,,,,,19.0,0.0207,,41.311922,-105.581147,2020,6,28,16
West,Knight Hall,2020-06-28T17:00:00,20.0,,,,,,,17.0,0.0138,,41.311922,-105.581147,2020,6,28,17
West,Knight Hall,2020-06-28T18:00:00,30.0,,,,,,,16.0,0.0207,,41.311922,-105.581147,2020,6,28,18
West,Knight Hall,2020-06-28T19:00:00,30.0,,,,,,,7.0,0.0207,,41.311922,-105.581147,2020,6,28,19
West,Knight Hall,2020-06-28T20:00:00,30.0,,,,,,,6.0,0.0207,,41.311922,-105.581147,2020,6,28,20
West,Knight Hall,2020-06-28T21:00:00,20.0,,,,,,,5.0,0.0138,,41.311922,-105.581147,2020,6,28,21
West,Knight Hall,2020-06-28T22:00:00,30.0,,,,,,,4.0,0.0207,,41.311922,-105.581147,2020,6,28,22
West,Knight Hall,2020-06-28T23:00:00,20.0,,,,,,,4.0,0.0138,,41.311922,-105.581147,2020,6,28,23
West,Knight Hall,2020-06-29T00:00:00,30.0,,,,,,,3.0,0.0207,,41.311922,-105.581147,2020,6,29,0
West,Knight Hall,2020-06-29T01:00:00,20.0,,,,,,,2.0,0.0138,,41.311922,-105.581147,2020,6,29,1
West,Knight Hall,2020-06-29T02:00:00,30.0,,,,,,,1.0,0.0207,,41.311922,-105.581147,2020,6,29,2
West,Knight Hall,2020-06-29T03:00:00,30.0,,,,,,,1.0,0.0207,,41.311922,-105.581147,2020,6,29,3
West,Knight Hall,2020-06-29T04:00:00,30.0,,,,,,,,0.0207,,41.311922,-105.581147,2020,6,29,4
West,Knight Hall,2020-06-29T05:00:00,20.0,,,,,,,,0.0138,,41.311922,-105.581147,2020,6,29,5
West,Knight Hall,2020-06-29T06:00:00,30.0,,,,,,,1.0,0.0207,,41.311922,-105.581147,2020,6,29,6
West,Knight Hall,2020-06-29T07:00:00,50.0,,,,,,,1.0,0.034499999999999996,,41.311922,-105.581147,2020,6,29,7
West,Knight Hall,2020-06-29T08:00:00,60.0,,,,,,,10.0,0.0414,,41.311922,-105.581147,2020,6,29,8
West,Knight Hall,2020-06-29T09:00:00,70.0,,,,,,,16.0,0.048299999999999996,,41.311922,-105.581147,2020,6,29,9
West,Knight Hall,2020-06-29T10:00:00,60.0,,,,,,,16.0,0.0414,,41.311922,-105.581147,2020,6,29,10
West,Knight Hall,2020-06-29T11:00:00,70.0,,,,,,,16.0,0.048299999999999996,,41.311922,-105.581147,2020,6,29,11
West,Knight Hall,2020-06-29T12:00:00,60.0,,,,,,,17.0,0.0414,,41.311922,-105.581147,2020,6,29,12
West,Knight Hall,2020-06-29T13:00:00,60.0,,,,,,,16.0,0.0414,,41.311922,-105.581147,2020,6,29,13
West,Knight Hall,2020-06-29T14:00:00,70.0,,,,,,,17.0,0.048299999999999996,,41.311922,-105.581147,2020,6,29,14
West,Knight Hall,2020-06-29T15:00:00,60.0,,,,,,,16.0,0.0414,,41.311922,-105.581147,2020,6,29,15
West,Knight Hall,2020-06-29T16:00:00,60.0,,,,,,,8.0,0.0414,,41.311922,-105.581147,2020,6,29,16
West,Knight Hall,2020-06-29T17:00:00,40.0,,,,,,,6.0,0.0276,,41.311922,-105.581147,2020,6,29,17
West,Knight Hall,2020-06-29T18:00:00,40.0,,,,,,,6.0,0.0276,,41.311922,-105.581147,2020,6,29,18
West,Knight Hall,2020-06-29T19:00:00,40.0,,,,,,,6.0,0.0276,,41.311922,-105.581147,2020,6,29,19
West,Knight Hall,2020-06-29T20:00:00,30.0,,,,,,,6.0,0.0207,,41.311922,-105.581147,2020,6,29,20
West,Knight Hall,2020-06-29T21:00:00,30.0,,,,,,,5.0,0.0207,,41.311922,-105.581147,2020,6,29,21
West,Knight Hall,2020-06-29T22:00:00,30.0,,,,,,,4.0,0.0207,,41.311922,-105.581147,2020,6,29,22
West,Knight Hall,2020-06-29T23:00:00,30.0,,,,,,,4.0,0.0207,,41.311922,-105.581147,2020,6,29,23
West,Knight Hall,2020-06-30T00:00:00,20.0,,,,,,,2.0,0.0138,,41.311922,-105.581147,2020,6,30,0
West,Knight Hall,2020-06-30T01:00:00,30.0,,,,,,,3.0,0.0207,,41.311922,-105.581147,2020,6,30,1
West,Knight Hall,2020-06-30T02:00:00,20.0,,,,,,,2.0,0.0138,,41.311922,-105.581147,2020,6,30,2
West,Knight Hall,2020-06-30T03:00:00,30.0,,,,,,,1.0,0.0207,,41.311922,-105.581147,2020,6,30,3
West,Knight Hall,2020-06-30T04:00:00,30.0,,,,,,,,0.0207,,41.311922,-105.581147,2020,6,30,4
West,Knight Hall,2020-06-30T05:00:00,20.0,,,,,,,1.0,0.0138,,41.311922,-105.581147,2020,6,30,5
West,Knight Hall,2020-06-30T06:00:00,30.0,,,,,,,,0.0207,,41.311922,-105.581147,2020,6,30,6
West,Knight Hall,2020-06-30T07:00:00,50.0,,,,,,,2.0,0.034499999999999996,,41.311922,-105.581147,2020,6,30,7
West,Knight Hall,2020-06-30T08:00:00,60.0,,,,,,,9.0,0.0414,,41.311922,-105.581147,2020,6,30,8
West,Knight Hall,2020-06-30T09:00:00,60.0,,,,,,,10.0,0.0414,,41.311922,-105.581147,2020,6,30,9
West,Knight Hall,2020-06-30T10:00:00,60.0,,,,,,,13.0,0.0414,,41.311922,-105.581147,2020,6,30,10
West,Knight Hall,2020-06-30T11:00:00,70.0,,,,,,,13.0,0.048299999999999996,,41.311922,-105.581147,2020,6,30,11
West,Knight Hall,2020-06-30T12:00:00,60.0,,,,,,,16.0,0.0414,,41.311922,-105.581147,2020,6,30,12
West,Knight Hall,2020-06-30T13:00:00,60.0,,,,,,,15.0,0.0414,,41.311922,-105.581147,2020,6,30,13
West,Knight Hall,2020-06-30T14:00:00,50.0,,,,,,,17.0,0.034499999999999996,,41.311922,-105.581147,2020,6,30,14
West,Knight Hall,2020-06-30T15:00:00,60.0,,,,,,,17.0,0.0414,,41.311922,-105.581147,2020,6,30,15
West,Knight Hall,2020-06-30T16:00:00,50.0,,,,,,,7.0,0.034499999999999996,,41.311922,-105.581147,2020,6,30,16
West,Knight Hall,2020-06-30T17:00:00,40.0,,,,,,,6.0,0.0276,,41.311922,-105.581147,2020,6,30,17
West,Knight Hall,2020-06-30T18:00:00,50.0,,,,,,,3.0,0.034499999999999996,,41.311922,-105.581147,2020,6,30,18
West,Knight Hall,2020-06-30T19:00:00,30.0,,,,,,,4.0,0.0207,,41.311922,-105.581147,2020,6,30,19
West,Knight Hall,2020-06-30T20:00:00,30.0,,,,,,,1.0,0.0207,,41.311922,-105.581147,2020,6,30,20
West,Knight Hall,2020-06-30T21:00:00,30.0,,,,,,,,0.0207,,41.311922,-105.581147,2020,6,30,21
West,Knight Hall,2020-06-30T22:00:00,20.0,,,,,,,,0.0138,,41.311922,-105.581147,2020,6,30,22
West,Knight Hall,2020-06-30T23:00:00,30.0,,,,,,,1.0,0.0207,,41.311922,-105.581147,2020,6,30,23
West,Knight Hall,2020-07-01T00:00:00,20.0,,,,,,,,0.0138,,41.311922,-105.581147,2020,7,1,0
West,Knight Hall,2020-07-01T01:00:00,30.0,,,,,,,,0.0207,,41.311922,-105.581147,2020,7,1,1
West,Knight Hall,2020-07-01T02:00:00,20.0,,,,,,,1.0,0.0138,,41.311922,-105.581147,2020,7,1,2
West,Knight Hall,2020-07-01T03:00:00,20.0,,,,,,,,0.0138,,41.311922,-105.581147,2020,7,1,3
West,Knight Hall,2020-07-01T04:00:00,30.0,,,,,,,5.0,0.0207,,41.311922,-105.581147,2020,7,1,4
West,Knight Hall,2020-07-01T05:00:00,30.0,,,,,,,5.0,0.0207,,41.311922,-105.581147,2020,7,1,5
West,Knight Hall,2020-07-01T06:00:00,30.0,,,,,,,4.0,0.0207,,41.311922,-105.581147,2020,7,1,6
West,Knight Hall,2020-07-01T07:00:00,40.0,,,,,,,5.0,0.0276,,41.311922,-105.581147,2020,7,1,7
West,Knight Hall,2020-07-01T08:00:00,60.0,,,,,,,8.0,0.0414,,41.311922,-105.581147,2020,7,1,8
West,Knight Hall,2020-07-01T09:00:00,60.0,,,,,,,10.0,0.0414,,41.311922,-105.581147,2020,7,1,9
West,Knight Hall,2020-07-01T10:00:00,70.0,,,,,,,12.0,0.048299999999999996,,41.311922,-105.581147,2020,7,1,10
West,Knight Hall,2020-07-01T11:00:00,60.0,,,,,,,15.0,0.0414,,41.311922,-105.581147,2020,7,1,11
West,Knight Hall,2020-07-01T12:00:00,60.0,,,,,,,16.0,0.0414,,41.311922,-105.581147,2020,7,1,12
West,Knight Hall,2020-07-01T13:00:00,60.0,,,,,,,16.0,0.0414,,41.311922,-105.581147,2020,7,1,13
West,Knight Hall,2020-07-01T14:00:00,60.0,,,,,,,17.0,0.0414,,41.311922,-105.581147,2020,7,1,14
West,Knight Hall,2020-07-01T15:00:00,60.0,,,,,,,17.0,0.0414,,41.311922,-105.581147,2020,7,1,15
West,Knight Hall,2020-07-01T16:00:00,50.0,,,,,,,17.0,0.034499999999999996,,41.311922,-105.581147,2020,7,1,16
West,Knight Hall,2020-07-01T17:00:00,50.0,,,,,,,17.0,0.034499999999999996,,41.311922,-105.581147,2020,7,1,17
West,Knight Hall,2020-07-01T18:00:00,40.0,,,,,,,16.0,0.0276,,41.311922,-105.581147,2020,7,1,18
West,Knight Hall,2020-07-01T19:00:00,30.0,,,,,,,6.0,0.0207,,41.311922,-105.581147,2020,7,1,19
West,Knight Hall,2020-07-01T20:00:00,30.0,,,,,,,4.0,0.0207,,41.311922,-105.581147,2020,7,1,20
West,Knight Hall,2020-07-01T21:00:00,30.0,,,,,,,2.0,0.0207,,41.311922,-105.581147,2020,7,1,21
West,Knight Hall,2020-07-01T22:00:00,30.0,,,,,,,2.0,0.0207,,41.311922,-105.581147,2020,7,1,22
West,Knight Hall,2020-07-01T23:00:00,20.0,,,,,,,,0.0138,,41.311922,-105.581147,2020,7,1,23
West,Knight Hall,2020-07-02T00:00:00,30.0,,,,,,,,0.0207,,41.311922,-105.581147,2020,7,2,0
West,Knight Hall,2020-07-02T01:00:00,20.0,,,,,,,1.0,0.0138,,41.311922,-105.581147,2020,7,2,1
West,Knight Hall,2020-07-02T02:00:00,20.0,,,,,,,,0.0138,,41.311922,-105.581147,2020,7,2,2
West,Knight Hall,2020-07-02T03:00:00,30.0,,,,,,,,0.0207,,41.311922,-105.581147,2020,7,2,3
West,Knight Hall,2020-07-02T04:00:00,20.0,,,,,,,5.0,0.0138,,41.311922,-105.581147,2020,7,2,4
West,Knight Hall,2020-07-02T05:00:00,30.0,,,,,,,5.0,0.0207,,41.311922,-105.581147,2020,7,2,5
West,Knight Hall,2020-07-02T06:00:00,30.0,,,,,,,4.0,0.0207,,41.311922,-105.581147,2020,7,2,6
West,Knight Hall,2020-07-02T07:00:00,50.0,,,,,,,6.0,0.034499999999999996,,41.311922,-105.581147,2020,7,2,7
West,Knight Hall,2020-07-02T08:00:00,60.0,,,,,,,6.0,0.0414,,41.311922,-105.581147,2020,7,2,8
West,Knight Hall,2020-07-02T09:00:00,70.0,,,,,,,11.0,0.048299999999999996,,41.311922,-105.581147,2020,7,2,9
West,Knight Hall,2020-07-02T10:00:00,60.0,,,,,,,16.0,0.0414,,41.311922,-105.581147,2020,7,2,10
West,Knight Hall,2020-07-02T11:00:00,60.0,,,,,,,18.0,0.0414,,41.311922,-105.581147,2020,7,2,11
West,Knight Hall,2020-07-02T12:00:00,60.0,,,,,,,19.0,0.0414,,41.311922,-105.581147,2020,7,2,12
West,Knight Hall,2020-07-02T13:00:00,60.0,,,,,,,19.0,0.0414,,41.311922,-105.581147,2020,7,2,13
West,Knight Hall,2020-07-02T14:00:00,60.0,,,,,,,16.0,0.0414,,41.311922,-105.581147,2020,7,2,14
West,Knight Hall,2020-07-02T15:00:00,60.0,,,,,,,9.0,0.0414,,41.311922,-105.581147,2020,7,2,15
West,Knight Hall,2020-07-02T16:00:00,50.0,,,,,,,11.0,0.034499999999999996,,41.311922,-105.581147,2020,7,2,16
West,Knight Hall,2020-07-02T17:00:00,50.0,,,,,,,11.0,0.034499999999999996,,41.311922,-105.581147,2020,7,2,17
West,Knight Hall,2020-07-02T18:00:00,30.0,,,,,,,12.0,0.0207,,41.311922,-105.581147,2020,7,2,18
West,Knight Hall,2020-07-02T19:00:00,40.0,,,,,,,6.0,0.0276,,41.311922,-105.581147,2020,7,2,19
West,Knight Hall,2020-07-02T20:00:00,30.0,,,,,,,3.0,0.0207,,41.311922,-105.581147,2020,7,2,20
West,Knight Hall,2020-07-02T21:00:00,30.0,,,,,,,3.0,0.0207,,41.311922,-105.581147,2020,7,2,21
West,Knight Hall,2020-07-02T22:00:00,30.0,,,,,,,2.0,0.0207,,41.311922,-105.581147,2020,7,2,22
West,Knight Hall,2020-07-02T23:00:00,20.0,,,,,,,3.0,0.0138,,41.311922,-105.581147,2020,7,2,23
West,Knight Hall,2020-07-03T00:00:00,30.0,,,,,,,2.0,0.0207,,41.311922,-105.581147,2020,7,3,0
West,Knight Hall,2020-07-03T01:00:00,20.0,,,,,,,2.0,0.0138,,41.311922,-105.581147,2020,7,3,1
West,Knight Hall,2020-07-03T02:00:00,30.0,,,,,,,2.0,0.0207,,41.311922,-105.581147,2020,7,3,2
West,Knight Hall,2020-07-03T03:00:00,20.0,,,,,,,2.0,0.0138,,41.311922,-105.581147,2020,7,3,3
West,Knight Hall,2020-07-03T04:00:00,30.0,,,,,,,7.0,0.0207,,41.311922,-105.581147,2020,7,3,4
West,Knight Hall,2020-07-03T05:00:00,30.0,,,,,,,7.0,0.0207,,41.311922,-105.581147,2020,7,3,5
West,Knight Hall,2020-07-03T06:00:00,30.0,,,,,,,6.0,0.0207,,41.311922,-105.581147,2020,7,3,6
West,Knight Hall,2020-07-03T07:00:00,30.0,,,,,,,8.0,0.0207,,41.311922,-105.581147,2020,7,3,7
West,Knight Hall,2020-07-03T08:00:00,30.0,,,,,,,8.0,0.0207,,41.311922,-105.581147,2020,7,3,8
West,Knight Hall,2020-07-03T09:00:00,40.0,,,,,,,12.0,0.0276,,41.311922,-105.581147,2020,7,3,9
West,Knight Hall,2020-07-03T10:00:00,30.0,,,,,,,14.0,0.0207,,41.311922,-105.581147,2020,7,3,10
West,Knight Hall,2020-07-03T11:00:00,30.0,,,,,,,15.0,0.0207,,41.311922,-105.581147,2020,7,3,11
West,Knight Hall,2020-07-03T12:00:00,30.0,,,,,,,14.0,0.0207,,41.311922,-105.581147,2020,7,3,12
West,Knight Hall,2020-07-03T13:00:00,30.0,,,,,,,16.0,0.0207,,41.311922,-105.581147,2020,7,3,13
West,Knight Hall,2020-07-03T14:00:00,30.0,,,,,,,15.0,0.0207,,41.311922,-105.581147,2020,7,3,14
West,Knight Hall,2020-07-03T15:00:00,30.0,,,,,,,15.0,0.0207,,41.311922,-105.581147,2020,7,3,15
West,Knight Hall,2020-07-03T16:00:00,30.0,,,,,,,15.0,0.0207,,41.311922,-105.581147,2020,7,3,16
West,Knight Hall,2020-07-03T17:00:00,30.0,,,,,,,15.0,0.0207,,41.311922,-105.581147,2020,7,3,17
West,Knight Hall,2020-07-03T18:00:00,30.0,,,,,,,14.0,0.0207,,41.311922,-105.581147,2020,7,3,18
West,Knight Hall,2020-07-03T19:00:00,30.0,,,,,,,7.0,0.0207,,41.311922,-105.581147,2020,7,3,19
West,Knight Hall,2020-07-03T20:00:00,20.0,,,,,,,5.0,0.0138,,41.311922,-105.581147,2020,7,3,20
West,Knight Hall,2020-07-03T21:00:00,30.0,,,,,,,4.0,0.0207,,41.311922,-105.581147,2020,7,3,21
West,Knight Hall,2020-07-03T22:00:00,20.0,,,,,,,3.0,0.0138,,41.311922,-105.581147,2020,7,3,22
West,Knight Hall,2020-07-03T23:00:00,30.0,,,,,,,2.0,0.0207,,41.311922,-105.581147,2020,7,3,23
West,Knight Hall,2020-07-04T00:00:00,20.0,,,,,,,2.0,0.0138,,41.311922,-105.581147,2020,7,4,0
West,Knight Hall,2020-07-04T01:00:00,30.0,,,,,,,2.0,0.0207,,41.311922,-105.581147,2020,7,4,1
West,Knight Hall,2020-07-04T02:00:00,20.0,,,,,,,1.0,0.0138,,41.311922,-105.581147,2020,7,4,2
West,Knight Hall,2020-07-04T03:00:00,30.0,,,,,,,2.0,0.0207,,41.311922,-105.581147,2020,7,4,3
West,Knight Hall,2020-07-04T04:00:00,20.0,,,,,,,5.0,0.0138,,41.311922,-105.581147,2020,7,4,4
West,Knight Hall,2020-07-04T05:00:00,30.0,,,,,,,6.0,0.0207,,41.311922,-105.581147,2020,7,4,5
West,Knight Hall,2020-07-04T06:00:00,20.0,,,,,,,5.0,0.0138,,41.311922,-105.581147,2020,7,4,6
West,Knight Hall,2020-07-04T07:00:00,30.0,,,,,,,7.0,0.0207,,41.311922,-105.581147,2020,7,4,7
West,Knight Hall,2020-07-04T08:00:00,20.0,,,,,,,7.0,0.0138,,41.311922,-105.581147,2020,7,4,8
West,Knight Hall,2020-07-04T09:00:00,30.0,,,,,,,8.0,0.0207,,41.311922,-105.581147,2020,7,4,9
West,Knight Hall,2020-07-04T10:00:00,30.0,,,,,,,11.0,0.0207,,41.311922,-105.581147,2020,7,4,10
West,Knight Hall,2020-07-04T11:00:00,30.0,,,,,,,13.0,0.0207,,41.311922,-105.581147,2020,7,4,11
West,Knight Hall,2020-07-04T12:00:00,30.0,,,,,,,14.0,0.0207,,41.311922,-105.581147,2020,7,4,12
West,Knight Hall,2020-07-04T13:00:00,30.0,,,,,,,15.0,0.0207,,41.311922,-105.581147,2020,7,4,13
West,Knight Hall,2020-07-04T14:00:00,30.0,,,,,,,13.0,0.0207,,41.311922,-105.581147,2020,7,4,14
West,Knight Hall,2020-07-04T15:00:00,30.0,,,,,,,14.0,0.0207,,41.311922,-105.581147,2020,7,4,15
West,Knight Hall,2020-07-04T16:00:00,30.0,,,,,,,13.0,0.0207,,41.311922,-105.581147,2020,7,4,16
West,Knight Hall,2020-07-04T17:00:00,30.0,,,,,,,12.0,0.0207,,41.311922,-105.581147,2020,7,4,17
West,Knight Hall,2020-07-04T18:00:00,20.0,,,,,,,13.0,0.0138,,41.311922,-105.581147,2020,7,4,18
West,Knight Hall,2020-07-04T19:00:00,30.0,,,,,,,7.0,0.0207,,41.311922,-105.581147,2020,7,4,19
West,Knight Hall,2020-07-04T20:00:00,30.0,,,,,,,5.0,0.0207,,41.311922,-105.581147,2020,7,4,20
West,Knight Hall,2020-07-04T21:00:00,30.0,,,,,,,5.0,0.0207,,41.311922,-105.581147,2020,7,4,21
West,Knight Hall,2020-07-04T22:00:00,20.0,,,,,,,2.0,0.0138,,41.311922,-105.581147,2020,7,4,22
West,Knight Hall,2020-07-04T23:00:00,30.0,,,,,,,3.0,0.0207,,41.311922,-105.581147,2020,7,4,23
West,Knight Hall,2020-07-05T00:00:00,20.0,,,,,,,1.0,0.0138,,41.311922,-105.581147,2020,7,5,0
West,Knight Hall,2020-07-05T01:00:00,20.0,,,,,,,2.0,0.0138,,41.311922,-105.581147,2020,7,5,1
West,Knight Hall,2020-07-05T02:00:00,30.0,,,,,,,2.0,0.0207,,41.311922,-105.581147,2020,7,5,2
West,Knight Hall,2020-07-05T03:00:00,20.0,,,,,,,1.0,0.0138,,41.311922,-105.581147,2020,7,5,3
West,Knight Hall,2020-07-05T04:00:00,30.0,,,,,,,6.0,0.0207,,41.311922,-105.581147,2020,7,5,4
West,Knight Hall,2020-07-05T05:00:00,20.0,,,,,,,5.0,0.0138,,41.311922,-105.581147,2020,7,5,5
West,Knight Hall,2020-07-05T06:00:00,30.0,,,,,,,6.0,0.0207,,41.311922,-105.581147,2020,7,5,6
West,Knight Hall,2020-07-05T07:00:00,20.0,,,,,,,6.0,0.0138,,41.311922,-105.581147,2020,7,5,7
West,Knight Hall,2020-07-05T08:00:00,30.0,,,,,,,7.0,0.0207,,41.311922,-105.581147,2020,7,5,8
West,Knight Hall,2020-07-05T09:00:00,30.0,,,,,,,7.0,0.0207,,41.311922,-105.581147,2020,7,5,9
West,Knight Hall,2020-07-05T10:00:00,20.0,,,,,,,10.0,0.0138,,41.311922,-105.581147,2020,7,5,10
West,Knight Hall,2020-07-05T11:00:00,30.0,,,,,,,11.0,0.0207,,41.311922,-105.581147,2020,7,5,11
West,Knight Hall,2020-07-05T12:00:00,30.0,,,,,,,14.0,0.0207,,41.311922,-105.581147,2020,7,5,12
West,Knight Hall,2020-07-05T13:00:00,30.0,,,,,,,12.0,0.0207,,41.311922,-105.581147,2020,7,5,13
West,Knight Hall,2020-07-05T14:00:00,20.0,,,,,,,11.0,0.0138,,41.311922,-105.581147,2020,7,5,14
West,Knight Hall,2020-07-05T15:00:00,30.0,,,,,,,11.0,0.0207,,41.311922,-105.581147,2020,7,5,15
West,Knight Hall,2020-07-05T16:00:00,30.0,,,,,,,13.0,0.0207,,41.311922,-105.581147,2020,7,5,16
West,Knight Hall,2020-07-05T17:00:00,20.0,,,,,,,13.0,0.0138,,41.311922,-105.581147,2020,7,5,17
West,Knight Hall,2020-07-05T18:00:00,20.0,,,,,,,12.0,0.0138,,41.311922,-105.581147,2020,7,5,18
West,Knight Hall,2020-07-05T19:00:00,30.0,,,,,,,5.0,0.0207,,41.311922,-105.581147,2020,7,5,19
West,Knight Hall,2020-07-05T20:00:00,20.0,,,,,,,4.0,0.0138,,41.311922,-105.581147,2020,7,5,20
West,Knight Hall,2020-07-05T21:00:00,30.0,,,,,,,2.0,0.0207,,41.311922,-105.581147,2020,7,5,21
West,Knight Hall,2020-07-05T22:00:00,20.0,,,,,,,2.0,0.0138,,41.311922,-105.581147,2020,7,5,22
West,Knight Hall,2020-07-05T23:00:00,30.0,,,,,,,2.0,0.0207,,41.311922,-105.581147,2020,7,5,23
West,Knight Hall,2020-07-06T00:00:00,20.0,,,,,,,3.0,0.0138,,41.311922,-105.581147,2020,7,6,0
West,Knight Hall,2020-07-06T01:00:00,20.0,,,,,,,1.0,0.0138,,41.311922,-105.581147,2020,7,6,1
West,Knight Hall,2020-07-06T02:00:00,30.0,,,,,,,2.0,0.0207,,41.311922,-105.581147,2020,7,6,2
West,Knight Hall,2020-07-06T03:00:00,20.0,,,,,,,2.0,0.0138,,41.311922,-105.581147,2020,7,6,3
West,Knight Hall,2020-07-06T04:00:00,30.0,,,,,,,1.0,0.0207,,41.311922,-105.581147,2020,7,6,4
West,Knight Hall,2020-07-06T05:00:00,30.0,,,,,,,1.0,0.0207,,41.311922,-105.581147,2020,7,6,5
West,Knight Hall,2020-07-06T06:00:00,30.0,,,,,,,1.0,0.0207,,41.311922,-105.581147,2020,7,6,6
West,Knight Hall,2020-07-06T07:00:00,40.0,,,,,,,2.0,0.0276,,41.311922,-105.581147,2020,7,6,7
West,Knight Hall,2020-07-06T08:00:00,50.0,,,,,,,7.0,0.034499999999999996,,41.311922,-105.581147,2020,7,6,8
West,Knight Hall,2020-07-06T09:00:00,60.0,,,,,,,8.0,0.0414,,41.311922,-105.581147,2020,7,6,9
West,Knight Hall,2020-07-06T10:00:00,60.0,,,,,,,7.0,0.0414,,41.311922,-105.581147,2020,7,6,10
West,Knight Hall,2020-07-06T11:00:00,60.0,,,,,,,9.0,0.0414,,41.311922,-105.581147,2020,7,6,11
West,Knight Hall,2020-07-06T12:00:00,60.0,,,,,,,10.0,0.0414,,41.311922,-105.581147,2020,7,6,12
West,Knight Hall,2020-07-06T13:00:00,60.0,,,,,,,10.0,0.0414,,41.311922,-105.581147,2020,7,6,13
West,Knight Hall,2020-07-06T14:00:00,50.0,,,,,,,11.0,0.034499999999999996,,41.311922,-105.581147,2020,7,6,14
West,Knight Hall,2020-07-06T15:00:00,60.0,,,,,,,12.0,0.0414,,41.311922,-105.581147,2020,7,6,15
West,Knight Hall,2020-07-06T16:00:00,50.0,,,,,,,6.0,0.034499999999999996,,41.311922,-105.581147,2020,7,6,16
West,Knight Hall,2020-07-06T17:00:00,40.0,,,,,,,5.0,0.0276,,41.311922,-105.581147,2020,7,6,17
West,Knight Hall,2020-07-06T18:00:00,40.0,,,,,,,4.0,0.0276,,41.311922,-105.581147,2020,7,6,18
West,Knight Hall,2020-07-06T19:00:00,30.0,,,,,,,1.0,0.0207,,41.311922,-105.581147,2020,7,6,19
West,Knight Hall,2020-07-06T20:00:00,20.0,,,,,,,2.0,0.0138,,41.311922,-105.581147,2020,7,6,20
West,Knight Hall,2020-07-06T21:00:00,30.0,,,,,,,2.0,0.0207,,41.311922,-105.581147,2020,7,6,21
West,Knight Hall,2020-07-06T22:00:00,30.0,,,,,,,1.0,0.0207,,41.311922,-105.581147,2020,7,6,22
West,Knight Hall,2020-07-06T23:00:00,30.0,,,,,,,1.0,0.0207,,41.311922,-105.581147,2020,7,6,23
West,Knight Hall,2020-07-07T00:00:00,20.0,,,,,,,1.0,0.0138,,41.311922,-105.581147,2020,7,7,0
West,Knight Hall,2020-07-07T01:00:00,20.0,,,,,,,2.0,0.0138,,41.311922,-105.581147,2020,7,7,1
West,Knight Hall,2020-07-07T02:00:00,30.0,,,,,,,1.0,0.0207,,41.311922,-105.581147,2020,7,7,2
West,Knight Hall,2020-07-07T03:00:00,20.0,,,,,,,,0.0138,,41.311922,-105.581147,2020,7,7,3
West,Knight Hall,2020-07-07T04:00:00,30.0,,,,,,,1.0,0.0207,,41.311922,-105.581147,2020,7,7,4
West,Knight Hall,2020-07-07T05:00:00,30.0,,,,,,,1.0,0.0207,,41.311922,-105.581147,2020,7,7,5
West,Knight Hall,2020-07-07T06:00:00,30.0,,,,,,,2.0,0.0207,,41.311922,-105.581147,2020,7,7,6
West,Knight Hall,2020-07-07T07:00:00,40.0,,,,,,,1.0,0.0276,,41.311922,-105.581147,2020,7,7,7
West,Knight Hall,2020-07-07T08:00:00,60.0,,,,,,,6.0,0.0414,,41.311922,-105.581147,2020,7,7,8
West,Knight Hall,2020-07-07T09:00:00,60.0,,,,,,,9.0,0.0414,,41.311922,-105.581147,2020,7,7,9
West,Knight Hall,2020-07-07T10:00:00,60.0,,,,,,,9.0,0.0414,,41.311922,-105.581147,2020,7,7,10
West,Knight Hall,2020-07-07T11:00:00,60.0,,,,,,,13.0,0.0414,,41.311922,-105.581147,2020,7,7,11
West,Knight Hall,2020-07-07T12:00:00,60.0,,,,,,,14.0,0.0414,,41.311922,-105.581147,2020,7,7,12
West,Knight Hall,2020-07-07T13:00:00,60.0,,,,,,,14.0,0.0414,,41.311922,-105.581147,2020,7,7,13
West,Knight Hall,2020-07-07T14:00:00,60.0,,,,,,,13.0,0.0414,,41.311922,-105.581147,2020,7,7,14
West,Knight Hall,2020-07-07T15:00:00,60.0,,,,,,,13.0,0.0414,,41.311922,-105.581147,2020,7,7,15
West,Knight Hall,2020-07-07T16:00:00,50.0,,,,,,,6.0,0.034499999999999996,,41.311922,-105.581147,2020,7,7,16
West,Knight Hall,2020-07-07T17:00:00,50.0,,,,,,,6.0,0.034499999999999996,,41.311922,-105.581147,2020,7,7,17
West,Knight Hall,2020-07-07T18:00:00,40.0,,,,,,,3.0,0.0276,,41.311922,-105.581147,2020,7,7,18
West,Knight Hall,2020-07-07T19:00:00,30.0,,,,,,,3.0,0.0207,,41.311922,-105.581147,2020,7,7,19
West,Knight Hall,2020-07-07T20:00:00,30.0,,,,,,,3.0,0.0207,,41.311922,-105.581147,2020,7,7,20
West,Knight Hall,2020-07-07T21:00:00,30.0,,,,,,,2.0,0.0207,,41.311922,-105.581147,2020,7,7,21
West,Knight Hall,2020-07-07T22:00:00,30.0,,,,,,,2.0,0.0207,,41.311922,-105.581147,2020,7,7,22
West,Knight Hall,2020-07-07T23:00:00,30.0,,,,,,,2.0,0.0207,,41.311922,-105.581147,2020,7,7,23
West,Knight Hall,2020-07-08T00:00:00,20.0,,,,,,,2.0,0.0138,,41.311922,-105.581147,2020,7,8,0
West,Knight Hall,2020-07-08T01:00:00,30.0,,,,,,,2.0,0.0207,,41.311922,-105.581147,2020,7,8,1
West,Knight Hall,2020-07-08T02:00:00,20.0,,,,,,,2.0,0.0138,,41.311922,-105.581147,2020,7,8,2
West,Knight Hall,2020-07-08T03:00:00,30.0,,,,,,,2.0,0.0207,,41.311922,-105.581147,2020,7,8,3
West,Knight Hall,2020-07-08T04:00:00,20.0,,,,,,,6.0,0.0138,,41.311922,-105.581147,2020,7,8,4
West,Knight Hall,2020-07-08T05:00:00,30.0,,,,,,,5.0,0.0207,,41.311922,-105.581147,2020,7,8,5
West,Knight Hall,2020-07-08T06:00:00,30.0,,,,,,,5.0,0.0207,,41.311922,-105.581147,2020,7,8,6
West,Knight Hall,2020-07-08T07:00:00,40.0,,,,,,,6.0,0.0276,,41.311922,-105.581147,2020,7,8,7
West,Knight Hall,2020-07-08T08:00:00,70.0,,,,,,,8.0,0.048299999999999996,,41.311922,-105.581147,2020,7,8,8
West,Knight Hall,2020-07-08T09:00:00,60.0,,,,,,,8.0,0.0414,,41.311922,-105.581147,2020,7,8,9
West,Knight Hall,2020-07-08T10:00:00,70.0,,,,,,,11.0,0.048299999999999996,,41.311922,-105.581147,2020,7,8,10
West,Knight Hall,2020-07-08T11:00:00,60.0,,,,,,,13.0,0.0414,,41.311922,-105.581147,2020,7,8,11
West,Knight Hall,2020-07-08T12:00:00,70.0,,,,,,,13.0,0.048299999999999996,,41.311922,-105.581147,2020,7,8,12
West,Knight Hall,2020-07-08T13:00:00,60.0,,,,,,,8.0,0.0414,,41.311922,-105.581147,2020,7,8,13
West,Knight Hall,2020-07-08T14:00:00,70.0,,,,,,,6.0,0.048299999999999996,,41.311922,-105.581147,2020,7,8,14
West,Knight Hall,2020-07-08T15:00:00,60.0,,,,,,,9.0,0.0414,,41.311922,-105.581147,2020,7,8,15
West,Knight Hall,2020-07-08T16:00:00,50.0,,,,,,,9.0,0.034499999999999996,,41.311922,-105.581147,2020,7,8,16
West,Knight Hall,2020-07-08T17:00:00,50.0,,,,,,,10.0,0.034499999999999996,,41.311922,-105.581147,2020,7,8,17
West,Knight Hall,2020-07-08T18:00:00,30.0,,,,,,,7.0,0.0207,,41.311922,-105.581147,2020,7,8,18
West,Knight Hall,2020-07-08T19:00:00,40.0,,,,,,,3.0,0.0276,,41.311922,-105.581147,2020,7,8,19
West,Knight Hall,2020-07-08T20:00:00,30.0,,,,,,,2.0,0.0207,,41.311922,-105.581147,2020,7,8,20
West,Knight Hall,2020-07-08T21:00:00,30.0,,,,,,,2.0,0.0207,,41.311922,-105.581147,2020,7,8,21
West,Knight Hall,2020-07-08T22:00:00,30.0,,,,,,,2.0,0.0207,,41.311922,-105.581147,2020,7,8,22
West,Knight Hall,2020-07-08T23:00:00,20.0,,,,,,,2.0,0.0138,,41.311922,-105.581147,2020,7,8,23
West,Knight Hall,2020-07-09T00:00:00,30.0,,,,,,,1.0,0.0207,,41.311922,-105.581147,2020,7,9,0
West,Knight Hall,2020-07-09T01:00:00,20.0,,,,,,,2.0,0.0138,,41.311922,-105.581147,2020,7,9,1
West,Knight Hall,2020-07-09T02:00:00,30.0,,,,,,,1.0,0.0207,,41.311922,-105.581147,2020,7,9,2
West,Knight Hall,2020-07-09T03:00:00,20.0,,,,,,,1.0,0.0138,,41.311922,-105.581147,2020,7,9,3
West,Knight Hall,2020-07-09T04:00:00,30.0,,,,,,,3.0,0.0207,,41.311922,-105.581147,2020,7,9,4
West,Knight Hall,2020-07-09T05:00:00,30.0,,,,,,,4.0,0.0207,,41.311922,-105.581147,2020,7,9,5
West,Knight Hall,2020-07-09T06:00:00,30.0,,,,,,,4.0,0.0207,,41.311922,-105.581147,2020,7,9,6
West,Knight Hall,2020-07-09T07:00:00,40.0,,,,,,,5.0,0.0276,,41.311922,-105.581147,2020,7,9,7
West,Knight Hall,2020-07-09T08:00:00,70.0,,,,,,,6.0,0.048299999999999996,,41.311922,-105.581147,2020,7,9,8
West,Knight Hall,2020-07-09T09:00:00,60.0,,,,,,,7.0,0.0414,,41.311922,-105.581147,2020,7,9,9
West,Knight Hall,2020-07-09T10:00:00,60.0,,,,,,,9.0,0.0414,,41.311922,-105.581147,2020,7,9,10
West,Knight Hall,2020-07-09T11:00:00,70.0,,,,,,,10.0,0.048299999999999996,,41.311922,-105.581147,2020,7,9,11
West,Knight Hall,2020-07-09T12:00:00,60.0,,,,,,,13.0,0.0414,,41.311922,-105.581147,2020,7,9,12
West,Knight Hall,2020-07-09T13:00:00,60.0,,,,,,,13.0,0.0414,,41.311922,-105.581147,2020,7,9,13
West,Knight Hall,2020-07-09T14:00:00,60.0,,,,,,,13.0,0.0414,,41.311922,-105.581147,2020,7,9,14
West,Knight Hall,2020-07-09T15:00:00,60.0,,,,,,,15.0,0.0414,,41.311922,-105.581147,2020,7,9,15
West,Knight Hall,2020-07-09T16:00:00,50.0,,,,,,,14.0,0.034499999999999996,,41.311922,-105.581147,2020,7,9,16
West,Knight Hall,2020-07-09T17:00:00,50.0,,,,,,,12.0,0.034499999999999996,,41.311922,-105.581147,2020,7,9,17
West,Knight Hall,2020-07-09T18:00:00,50.0,,,,,,,10.0,0.034499999999999996,,41.311922,-105.581147,2020,7,9,18
West,Knight Hall,2020-07-09T19:00:00,30.0,,,,,,,4.0,0.0207,,41.311922,-105.581147,2020,7,9,19
West,Knight Hall,2020-07-09T20:00:00,30.0,,,,,,,3.0,0.0207,,41.311922,-105.581147,2020,7,9,20
West,Knight Hall,2020-07-09T21:00:00,30.0,,,,,,,2.0,0.0207,,41.311922,-105.581147,2020,7,9,21
West,Knight Hall,2020-07-09T22:00:00,30.0,,,,,,,2.0,0.0207,,41.311922,-105.581147,2020,7,9,22
West,Knight Hall,2020-07-09T23:00:00,30.0,,,,,,,1.0,0.0207,,41.311922,-105.581147,2020,7,9,23
West,Knight Hall,2020-07-10T00:00:00,20.0,,,,,,,2.0,0.0138,,41.311922,-105.581147,2020,7,10,0
West,Knight Hall,2020-07-10T01:00:00,30.0,,,,,,,1.0,0.0207,,41.311922,-105.581147,2020,7,10,1
West,Knight Hall,2020-07-10T02:00:00,30.0,,,,,,,1.0,0.0207,,41.311922,-105.581147,2020,7,10,2
West,Knight Hall,2020-07-10T03:00:00,20.0,,,,,,,1.0,0.0138,,41.311922,-105.581147,2020,7,10,3
West,Knight Hall,2020-07-10T04:00:00,30.0,,,,,,,4.0,0.0207,,41.311922,-105.581147,2020,7,10,4
West,Knight Hall,2020-07-10T05:00:00,30.0,,,,,,,3.0,0.0207,,41.311922,-105.581147,2020,7,10,5
West,Knight Hall,2020-07-10T06:00:00,30.0,,,,,,,3.0,0.0207,,41.311922,-105.581147,2020,7,10,6
West,Knight Hall,2020-07-10T07:00:00,50.0,,,,,,,4.0,0.034499999999999996,,41.311922,-105.581147,2020,7,10,7
West,Knight Hall,2020-07-10T08:00:00,50.0,,,,,,,5.0,0.034499999999999996,,41.311922,-105.581147,2020,7,10,8
West,Knight Hall,2020-07-10T09:00:00,60.0,,,,,,,7.0,0.0414,,41.311922,-105.581147,2020,7,10,9
West,Knight Hall,2020-07-10T10:00:00,60.0,,,,,,,8.0,0.0414,,41.311922,-105.581147,2020,7,10,10
West,Knight Hall,2020-07-10T11:00:00,60.0,,,,,,,11.0,0.0414,,41.311922,-105.581147,2020,7,10,11
West,Knight Hall,2020-07-10T12:00:00,60.0,,,,,,,14.0,0.0414,,41.311922,-105.581147,2020,7,10,12
West,Knight Hall,2020-07-10T13:00:00,50.0,,,,,,,14.0,0.034499999999999996,,41.311922,-105.581147,2020,7,10,13
West,Knight Hall,2020-07-10T14:00:00,60.0,,,,,,,14.0,0.0414,,41.311922,-105.581147,2020,7,10,14
West,Knight Hall,2020-07-10T15:00:00,60.0,,,,,,,15.0,0.0414,,41.311922,-105.581147,2020,7,10,15
West,Knight Hall,2020-07-10T16:00:00,50.0,,,,,,,14.0,0.034499999999999996,,41.311922,-105.581147,2020,7,10,16
West,Knight Hall,2020-07-10T17:00:00,40.0,,,,,,,15.0,0.0276,,41.311922,-105.581147,2020,7,10,17
West,Knight Hall,2020-07-10T18:00:00,40.0,,,,,,,15.0,0.0276,,41.311922,-105.581147,2020,7,10,18
West,Knight Hall,2020-07-10T19:00:00,30.0,,,,,,,7.0,0.0207,,41.311922,-105.581147,2020,7,10,19
West,Knight Hall,2020-07-10T20:00:00,30.0,,,,,,,4.0,0.0207,,41.311922,-105.581147,2020,7,10,20
West,Knight Hall,2020-07-10T21:00:00,30.0,,,,,,,3.0,0.0207,,41.311922,-105.581147,2020,7,10,21
West,Knight Hall,2020-07-10T22:00:00,30.0,,,,,,,3.0,0.0207,,41.311922,-105.581147,2020,7,10,22
West,Knight Hall,2020-07-10T23:00:00,30.0,,,,,,,2.0,0.0207,,41.311922,-105.581147,2020,7,10,23
West,Knight Hall,2020-07-11T00:00:00,20.0,,,,,,,3.0,0.0138,,41.311922,-105.581147,2020,7,11,0
West,Knight Hall,2020-07-11T01:00:00,30.0,,,,,,,2.0,0.0207,,41.311922,-105.581147,2020,7,11,1
West,Knight Hall,2020-07-11T02:00:00,20.0,,,,,,,2.0,0.0138,,41.311922,-105.581147,2020,7,11,2
West,Knight Hall,2020-07-11T03:00:00,30.0,,,,,,,2.0,0.0207,,41.311922,-105.581147,2020,7,11,3
West,Knight Hall,2020-07-11T04:00:00,30.0,,,,,,,5.0,0.0207,,41.311922,-105.581147,2020,7,11,4
West,Knight Hall,2020-07-11T05:00:00,20.0,,,,,,,6.0,0.0138,,41.311922,-105.581147,2020,7,11,5
West,Knight Hall,2020-07-11T06:00:00,30.0,,,,,,,6.0,0.0207,,41.311922,-105.581147,2020,7,11,6
West,Knight Hall,2020-07-11T07:00:00,20.0,,,,,,,7.0,0.0138,,41.311922,-105.581147,2020,7,11,7
West,Knight Hall,2020-07-11T08:00:00,40.0,,,,,,,8.0,0.0276,,41.311922,-105.581147,2020,7,11,8
West,Knight Hall,2020-07-11T09:00:00,30.0,,,,,,,12.0,0.0207,,41.311922,-105.581147,2020,7,11,9
West,Knight Hall,2020-07-11T10:00:00,30.0,,,,,,,13.0,0.0207,,41.311922,-105.581147,2020,7,11,10
West,Knight Hall,2020-07-11T11:00:00,30.0,,,,,,,13.0,0.0207,,41.311922,-105.581147,2020,7,11,11
West,Knight Hall,2020-07-11T12:00:00,30.0,,,,,,,13.0,0.0207,,41.311922,-105.581147,2020,7,11,12
West,Knight Hall,2020-07-11T13:00:00,20.0,,,,,,,13.0,0.0138,,41.311922,-105.581147,2020,7,11,13
West,Knight Hall,2020-07-11T14:00:00,30.0,,,,,,,15.0,0.0207,,41.311922,-105.581147,2020,7,11,14
West,Knight Hall,2020-07-11T15:00:00,30.0,,,,,,,15.0,0.0207,,41.311922,-105.581147,2020,7,11,15
West,Knight Hall,2020-07-11T16:00:00,30.0,,,,,,,16.0,0.0207,,41.311922,-105.581147,2020,7,11,16
West,Knight Hall,2020-07-11T17:00:00,30.0,,,,,,,16.0,0.0207,,41.311922,-105.581147,2020,7,11,17
West,Knight Hall,2020-07-11T18:00:00,20.0,,,,,,,15.0,0.0138,,41.311922,-105.581147,2020,7,11,18
West,Knight Hall,2020-07-11T19:00:00,30.0,,,,,,,7.0,0.0207,,41.311922,-105.581147,2020,7,11,19
West,Knight Hall,2020-07-11T20:00:00,30.0,,,,,,,6.0,0.0207,,41.311922,-105.581147,2020,7,11,20
West,Knight Hall,2020-07-11T21:00:00,20.0,,,,,,,4.0,0.0138,,41.311922,-105.581147,2020,7,11,21
West,Knight Hall,2020-07-11T22:00:00,30.0,,,,,,,4.0,0.0207,,41.311922,-105.581147,2020,7,11,22
West,Knight Hall,2020-07-11T23:00:00,30.0,,,,,,,2.0,0.0207,,41.311922,-105.581147,2020,7,11,23
West,Knight Hall,2020-07-12T00:00:00,20.0,,,,,,,2.0,0.0138,,41.311922,-105.581147,2020,7,12,0
West,Knight Hall,2020-07-12T01:00:00,30.0,,,,,,,3.0,0.0207,,41.311922,-105.581147,2020,7,12,1
West,Knight Hall,2020-07-12T02:00:00,30.0,,,,,,,2.0,0.0207,,41.311922,-105.581147,2020,7,12,2
West,Knight Hall,2020-07-12T03:00:00,20.0,,,,,,,2.0,0.0138,,41.311922,-105.581147,2020,7,12,3
West,Knight Hall,2020-07-12T04:00:00,30.0,,,,,,,7.0,0.0207,,41.311922,-105.581147,2020,7,12,4
West,Knight Hall,2020-07-12T05:00:00,30.0,,,,,,,8.0,0.0207,,41.311922,-105.581147,2020,7,12,5
West,Knight Hall,2020-07-12T06:00:00,20.0,,,,,,,7.0,0.0138,,41.311922,-105.581147,2020,7,12,6
West,Knight Hall,2020-07-12T07:00:00,30.0,,,,,,,8.0,0.0207,,41.311922,-105.581147,2020,7,12,7
West,Knight Hall,2020-07-12T08:00:00,30.0,,,,,,,9.0,0.0207,,41.311922,-105.581147,2020,7,12,8
West,Knight Hall,2020-07-12T09:00:00,30.0,,,,,,,10.0,0.0207,,41.311922,-105.581147,2020,7,12,9
West,Knight Hall,2020-07-12T10:00:00,30.0,,,,,,,13.0,0.0207,,41.311922,-105.581147,2020,7,12,10
West,Knight Hall,2020-07-12T11:00:00,20.0,,,,,,,15.0,0.0138,,41.311922,-105.581147,2020,7,12,11
West,Knight Hall,2020-07-12T12:00:00,30.0,,,,,,,15.0,0.0207,,41.311922,-105.581147,2020,7,12,12
West,Knight Hall,2020-07-12T13:00:00,30.0,,,,,,,15.0,0.0207,,41.311922,-105.581147,2020,7,12,13
West,Knight Hall,2020-07-12T14:00:00,30.0,,,,,,,15.0,0.0207,,41.311922,-105.581147,2020,7,12,14
West,Knight Hall,2020-07-12T15:00:00,40.0,,,,,,,15.0,0.0276,,41.311922,-105.581147,2020,7,12,15
West,Knight Hall,2020-07-12T16:00:00,30.0,,,,,,,16.0,0.0207,,41.311922,-105.581147,2020,7,12,16
West,Knight Hall,2020-07-12T17:00:00,30.0,,,,,,,14.0,0.0207,,41.311922,-105.581147,2020,7,12,17
West,Knight Hall,2020-07-12T18:00:00,30.0,,,,,,,14.0,0.0207,,41.311922,-105.581147,2020,7,12,18
West,Knight Hall,2020-07-12T19:00:00,30.0,,,,,,,6.0,0.0207,,41.311922,-105.581147,2020,7,12,19
West,Knight Hall,2020-07-12T20:00:00,30.0,,,,,,,5.0,0.0207,,41.311922,-105.581147,2020,7,12,20
West,Knight Hall,2020-07-12T21:00:00,20.0,,,,,,,4.0,0.0138,,41.311922,-105.581147,2020,7,12,21
West,Knight Hall,2020-07-12T22:00:00,30.0,,,,,,,4.0,0.0207,,41.311922,-105.581147,2020,7,12,22
West,Knight Hall,2020-07-12T23:00:00,20.0,,,,,,,2.0,0.0138,,41.311922,-105.581147,2020,7,12,23
West,Knight Hall,2020-07-13T00:00:00,30.0,,,,,,,3.0,0.0207,,41.311922,-105.581147,2020,7,13,0
West,Knight Hall,2020-07-13T01:00:00,20.0,,,,,,,2.0,0.0138,,41.311922,-105.581147,2020,7,13,1
West,Knight Hall,2020-07-13T02:00:00,30.0,,,,,,,2.0,0.0207,,41.311922,-105.581147,2020,7,13,2
West,Knight Hall,2020-07-13T03:00:00,20.0,,,,,,,1.0,0.0138,,41.311922,-105.581147,2020,7,13,3
West,Knight Hall,2020-07-13T04:00:00,30.0,,,,,,,2.0,0.0207,,41.311922,-105.581147,2020,7,13,4
West,Knight Hall,2020-07-13T05:00:00,30.0,,,,,,,2.0,0.0207,,41.311922,-105.581147,2020,7,13,5
West,Knight Hall,2020-07-13T06:00:00,30.0,,,,,,,1.0,0.0207,,41.311922,-105.581147,2020,7,13,6
West,Knight Hall,2020-07-13T07:00:00,40.0,,,,,,,3.0,0.0276,,41.311922,-105.581147,2020,7,13,7
West,Knight Hall,2020-07-13T08:00:00,60.0,,,,,,,9.0,0.0414,,41.311922,-105.581147,2020,7,13,8
West,Knight Hall,2020-07-13T09:00:00,70.0,,,,,,,12.0,0.048299999999999996,,41.311922,-105.581147,2020,7,13,9
West,Knight Hall,2020-07-13T10:00:00,60.0,,,,,,,14.0,0.0414,,41.311922,-105.581147,2020,7,13,10
West,Knight Hall,2020-07-13T11:00:00,70.0,,,,,,,13.0,0.048299999999999996,,41.311922,-105.581147,2020,7,13,11
West,Knight Hall,2020-07-13T12:00:00,60.0,,,,,,,14.0,0.0414,,41.311922,-105.581147,2020,7,13,12
West,Knight Hall,2020-07-13T13:00:00,60.0,,,,,,,14.0,0.0414,,41.311922,-105.581147,2020,7,13,13
West,Knight Hall,2020-07-13T14:00:00,60.0,,,,,,,13.0,0.0414,,41.311922,-105.581147,2020,7,13,14
West,Knight Hall,2020-07-13T15:00:00,60.0,,,,,,,13.0,0.0414,,41.311922,-105.581147,2020,7,13,15
West,Knight Hall,2020-07-13T16:00:00,50.0,,,,,,,8.0,0.034499999999999996,,41.311922,-105.581147,2020,7,13,16
West,Knight Hall,2020-07-13T17:00:00,40.0,,,,,,,5.0,0.0276,,41.311922,-105.581147,2020,7,13,17
West,Knight Hall,2020-07-13T18:00:00,40.0,,,,,,,6.0,0.0276,,41.311922,-105.581147,2020,7,13,18
West,Knight Hall,2020-07-13T19:00:00,30.0,,,,,,,5.0,0.0207,,41.311922,-105.581147,2020,7,13,19
West,Knight Hall,2020-07-13T20:00:00,30.0,,,,,,,4.0,0.0207,,41.311922,-105.581147,2020,7,13,20
West,Knight Hall,2020-07-13T21:00:00,30.0,,,,,,,5.0,0.0207,,41.311922,-105.581147,2020,7,13,21
West,Knight Hall,2020-07-13T22:00:00,30.0,,,,,,,3.0,0.0207,,41.311922,-105.581147,2020,7,13,22
West,Knight Hall,2020-07-13T23:00:00,30.0,,,,,,,3.0,0.0207,,41.311922,-105.581147,2020,7,13,23
West,Knight Hall,2020-07-14T00:00:00,30.0,,,,,,,2.0,0.0207,,41.311922,-105.581147,2020,7,14,0
West,Knight Hall,2020-07-14T01:00:00,20.0,,,,,,,2.0,0.0138,,41.311922,-105.581147,2020,7,14,1
West,Knight Hall,2020-07-14T02:00:00,30.0,,,,,,,2.0,0.0207,,41.311922,-105.581147,2020,7,14,2
West,Knight Hall,2020-07-14T03:00:00,30.0,,,,,,,2.0,0.0207,,41.311922,-105.581147,2020,7,14,3
West,Knight Hall,2020-07-14T04:00:00,30.0,,,,,,,2.0,0.0207,,41.311922,-105.581147,2020,7,14,4
West,Knight Hall,2020-07-14T05:00:00,30.0,,,,,,,1.0,0.0207,,41.311922,-105.581147,2020,7,14,5
West,Knight Hall,2020-07-14T06:00:00,30.0,,,,,,,2.0,0.0207,,41.311922,-105.581147,2020,7,14,6
West,Knight Hall,2020-07-14T07:00:00,40.0,,,,,,,2.0,0.0276,,41.311922,-105.581147,2020,7,14,7
West,Knight Hall,2020-07-14T08:00:00,60.0,,,,,,,9.0,0.0414,,41.311922,-105.581147,2020,7,14,8
West,Knight Hall,2020-07-14T09:00:00,70.0,,,,,,,10.0,0.048299999999999996,,41.311922,-105.581147,2020,7,14,9
West,Knight Hall,2020-07-14T10:00:00,60.0,,,,,,,13.0,0.0414,,41.311922,-105.581147,2020,7,14,10
West,Knight Hall,2020-07-14T11:00:00,70.0,,,,,,,14.0,0.048299999999999996,,41.311922,-105.581147,2020,7,14,11
West,Knight Hall,2020-07-14T12:00:00,60.0,,,,,,,14.0,0.0414,,41.311922,-105.581147,2020,7,14,12
West,Knight Hall,2020-07-14T13:00:00,60.0,,,,,,,13.0,0.0414,,41.311922,-105.581147,2020,7,14,13
West,Knight Hall,2020-07-14T14:00:00,60.0,,,,,,,13.0,0.0414,,41.311922,-105.581147,2020,7,14,14
West,Knight Hall,2020-07-14T15:00:00,60.0,,,,,,,14.0,0.0414,,41.311922,-105.581147,2020,7,14,15
West,Knight Hall,2020-07-14T16:00:00,60.0,,,,,,,7.0,0.0414,,41.311922,-105.581147,2020,7,14,16
West,Knight Hall,2020-07-14T17:00:00,40.0,,,,,,,6.0,0.0276,,41.311922,-105.581147,2020,7,14,17
West,Knight Hall,2020-07-14T18:00:00,30.0,,,,,,,5.0,0.0207,,41.311922,-105.581147,2020,7,14,18
West,Knight Hall,2020-07-14T19:00:00,40.0,,,,,,,6.0,0.0276,,41.311922,-105.581147,2020,7,14,19
West,Knight Hall,2020-07-14T20:00:00,30.0,,,,,,,5.0,0.0207,,41.311922,-105.581147,2020,7,14,20
West,Knight Hall,2020-07-14T21:00:00,30.0,,,,,,,4.0,0.0207,,41.311922,-105.581147,2020,7,14,21
West,Knight Hall,2020-07-14T22:00:00,20.0,,,,,,,5.0,0.0138,,41.311922,-105.581147,2020,7,14,22
West,Knight Hall,2020-07-14T23:00:00,30.0,,,,,,,4.0,0.0207,,41.311922,-105.581147,2020,7,14,23
West,Knight Hall,2020-07-15T00:00:00,30.0,,,,,,,3.0,0.0207,,41.311922,-105.581147,2020,7,15,0
West,Knight Hall,2020-07-15T01:00:00,20.0,,,,,,,4.0,0.0138,,41.311922,-105.581147,2020,7,15,1
West,Knight Hall,2020-07-15T02:00:00,30.0,,,,,,,3.0,0.0207,,41.311922,-105.581147,2020,7,15,2
West,Knight Hall,2020-07-15T03:00:00,20.0,,,,,,,2.0,0.0138,,41.311922,-105.581147,2020,7,15,3
West,Knight Hall,2020-07-15T04:00:00,30.0,,,,,,,7.0,0.0207,,41.311922,-105.581147,2020,7,15,4
West,Knight Hall,2020-07-15T05:00:00,30.0,,,,,,,7.0,0.0207,,41.311922,-105.581147,2020,7,15,5
West,Knight Hall,2020-07-15T06:00:00,30.0,,,,,,,7.0,0.0207,,41.311922,-105.581147,2020,7,15,6
West,Knight Hall,2020-07-15T07:00:00,40.0,,,,,,,9.0,0.0276,,41.311922,-105.581147,2020,7,15,7
West,Knight Hall,2020-07-15T08:00:00,60.0,,,,,,,9.0,0.0414,,41.311922,-105.581147,2020,7,15,8
West,Knight Hall,2020-07-15T09:00:00,60.0,,,,,,,11.0,0.0414,,41.311922,-105.581147,2020,7,15,9
West,Knight Hall,2020-07-15T10:00:00,70.0,,,,,,,12.0,0.048299999999999996,,41.311922,-105.581147,2020,7,15,10
West,Knight Hall,2020-07-15T11:00:00,60.0,,,,,,,13.0,0.0414,,41.311922,-105.581147,2020,7,15,11
West,Knight Hall,2020-07-15T12:00:00,60.0,,,,,,,11.0,0.0414,,41.311922,-105.581147,2020,7,15,12
West,Knight Hall,2020-07-15T13:00:00,60.0,,,,,,,12.0,0.0414,,41.311922,-105.581147,2020,7,15,13
West,Knight Hall,2020-07-15T14:00:00,60.0,,,,,,,13.0,0.0414,,41.311922,-105.581147,2020,7,15,14
West,Knight Hall,2020-07-15T15:00:00,70.0,,,,,,,13.0,0.048299999999999996,,41.311922,-105.581147,2020,7,15,15
West,Knight Hall,2020-07-15T16:00:00,50.0,,,,,,,12.0,0.034499999999999996,,41.311922,-105.581147,2020,7,15,16
West,Knight Hall,2020-07-15T17:00:00,50.0,,,,,,,13.0,0.034499999999999996,,41.311922,-105.581147,2020,7,15,17
West,Knight Hall,2020-07-15T18:00:00,40.0,,,,,,,13.0,0.0276,,41.311922,-105.581147,2020,7,15,18
West,Knight Hall,2020-07-15T19:00:00,30.0,,,,,,,7.0,0.0207,,41.311922,-105.581147,2020,7,15,19
West,Knight Hall,2020-07-15T20:00:00,40.0,,,,,,,4.0,0.0276,,41.311922,-105.581147,2020,7,15,20
West,Knight Hall,2020-07-15T21:00:00,30.0,,,,,,,4.0,0.0207,,41.311922,-105.581147,2020,7,15,21
West,Knight Hall,2020-07-15T22:00:00,30.0,,,,,,,2.0,0.0207,,41.311922,-105.581147,2020,7,15,22
West,Knight Hall,2020-07-15T23:00:00,20.0,,,,,,,3.0,0.0138,,41.311922,-105.581147,2020,7,15,23
West,Knight Hall,2020-07-16T00:00:00,30.0,,,,,,,2.0,0.0207,,41.311922,-105.581147,2020,7,16,0
West,Knight Hall,2020-07-16T01:00:00,30.0,,,,,,,2.0,0.0207,,41.311922,-105.581147,2020,7,16,1
West,Knight Hall,2020-07-16T02:00:00,20.0,,,,,,,2.0,0.0138,,41.311922,-105.581147,2020,7,16,2
West,Knight Hall,2020-07-16T03:00:00,30.0,,,,,,,1.0,0.0207,,41.311922,-105.581147,2020,7,16,3
West,Knight Hall,2020-07-16T04:00:00,30.0,,,,,,,6.0,0.0207,,41.311922,-105.581147,2020,7,16,4
West,Knight Hall,2020-07-16T05:00:00,30.0,,,,,,,6.0,0.0207,,41.311922,-105.581147,2020,7,16,5
West,Knight Hall,2020-07-16T06:00:00,30.0,,,,,,,6.0,0.0207,,41.311922,-105.581147,2020,7,16,6
West,Knight Hall,2020-07-16T07:00:00,40.0,,,,,,,7.0,0.0276,,41.311922,-105.581147,2020,7,16,7
West,Knight Hall,2020-07-16T08:00:00,60.0,,,,,,,8.0,0.0414,,41.311922,-105.581147,2020,7,16,8
West,Knight Hall,2020-07-16T09:00:00,70.0,,,,,,,12.0,0.048299999999999996,,41.311922,-105.581147,2020,7,16,9
West,Knight Hall,2020-07-16T10:00:00,60.0,,,,,,,15.0,0.0414,,41.311922,-105.581147,2020,7,16,10
West,Knight Hall,2020-07-16T11:00:00,60.0,,,,,,,14.0,0.0414,,41.311922,-105.581147,2020,7,16,11
West,Knight Hall,2020-07-16T12:00:00,60.0,,,,,,,15.0,0.0414,,41.311922,-105.581147,2020,7,16,12
West,Knight Hall,2020-07-16T13:00:00,60.0,,,,,,,14.0,0.0414,,41.311922,-105.581147,2020,7,16,13
West,Knight Hall,2020-07-16T14:00:00,70.0,,,,,,,14.0,0.048299999999999996,,41.311922,-105.581147,2020,7,16,14
West,Knight Hall,2020-07-16T15:00:00,60.0,,,,,,,15.0,0.0414,,41.311922,-105.581147,2020,7,16,15
West,Knight Hall,2020-07-16T16:00:00,50.0,,,,,,,15.0,0.034499999999999996,,41.311922,-105.581147,2020,7,16,16
West,Knight Hall,2020-07-16T17:00:00,50.0,,,,,,,14.0,0.034499999999999996,,41.311922,-105.581147,2020,7,16,17
West,Knight Hall,2020-07-16T18:00:00,40.0,,,,,,,15.0,0.0276,,41.311922,-105.581147,2020,7,16,18
West,Knight Hall,2020-07-16T19:00:00,40.0,,,,,,,7.0,0.0276,,41.311922,-105.581147,2020,7,16,19
West,Knight Hall,2020-07-16T20:00:00,30.0,,,,,,,5.0,0.0207,,41.311922,-105.581147,2020,7,16,20
West,Knight Hall,2020-07-16T21:00:00,30.0,,,,,,,4.0,0.0207,,41.311922,-105.581147,2020,7,16,21
West,Knight Hall,2020-07-16T22:00:00,30.0,,,,,,,4.0,0.0207,,41.311922,-105.581147,2020,7,16,22
West,Knight Hall,2020-07-16T23:00:00,30.0,,,,,,,3.0,0.0207,,41.311922,-105.581147,2020,7,16,23
West,Knight Hall,2020-07-17T00:00:00,20.0,,,,,,,2.0,0.0138,,41.311922,-105.581147,2020,7,17,0
West,Knight Hall,2020-07-17T01:00:00,30.0,,,,,,,2.0,0.0207,,41.311922,-105.581147,2020,7,17,1
West,Knight Hall,2020-07-17T02:00:00,20.0,,,,,,,3.0,0.0138,,41.311922,-105.581147,2020,7,17,2
West,Knight Hall,2020-07-17T03:00:00,30.0,,,,,,,2.0,0.0207,,41.311922,-105.581147,2020,7,17,3
West,Knight Hall,2020-07-17T04:00:00,30.0,,,,,,,6.0,0.0207,,41.311922,-105.581147,2020,7,17,4
West,Knight Hall,2020-07-17T05:00:00,30.0,,,,,,,6.0,0.0207,,41.311922,-105.581147,2020,7,17,5
West,Knight Hall,2020-07-17T06:00:00,30.0,,,,,,,7.0,0.0207,,41.311922,-105.581147,2020,7,17,6
West,Knight Hall,2020-07-17T07:00:00,50.0,,,,,,,7.0,0.034499999999999996,,41.311922,-105.581147,2020,7,17,7
West,Knight Hall,2020-07-17T08:00:00,60.0,,,,,,,9.0,0.0414,,41.311922,-105.581147,2020,7,17,8
West,Knight Hall,2020-07-17T09:00:00,70.0,,,,,,,13.0,0.048299999999999996,,41.311922,-105.581147,2020,7,17,9
West,Knight Hall,2020-07-17T10:00:00,70.0,,,,,,,14.0,0.048299999999999996,,41.311922,-105.581147,2020,7,17,10
West,Knight Hall,2020-07-17T11:00:00,60.0,,,,,,,15.0,0.0414,,41.311922,-105.581147,2020,7,17,11
West,Knight Hall,2020-07-17T12:00:00,60.0,,,,,,,14.0,0.0414,,41.311922,-105.581147,2020,7,17,12
West,Knight Hall,2020-07-17T13:00:00,70.0,,,,,,,15.0,0.048299999999999996,,41.311922,-105.581147,2020,7,17,13
West,Knight Hall,2020-07-17T14:00:00,50.0,,,,,,,15.0,0.034499999999999996,,41.311922,-105.581147,2020,7,17,14
West,Knight Hall,2020-07-17T15:00:00,60.0,,,,,,,15.0,0.0414,,41.311922,-105.581147,2020,7,17,15
West,Knight Hall,2020-07-17T16:00:00,50.0,,,,,,,16.0,0.034499999999999996,,41.311922,-105.581147,2020,7,17,16
West,Knight Hall,2020-07-17T17:00:00,40.0,,,,,,,15.0,0.0276,,41.311922,-105.581147,2020,7,17,17
West,Knight Hall,2020-07-17T18:00:00,30.0,,,,,,,14.0,0.0207,,41.311922,-105.581147,2020,7,17,18
West,Knight Hall,2020-07-17T19:00:00,30.0,,,,,,,7.0,0.0207,,41.311922,-105.581147,2020,7,17,19
West,Knight Hall,2020-07-17T20:00:00,30.0,,,,,,,5.0,0.0207,,41.311922,-105.581147,2020,7,17,20
West,Knight Hall,2020-07-17T21:00:00,30.0,,,,,,,4.0,0.0207,,41.311922,-105.581147,2020,7,17,21
West,Knight Hall,2020-07-17T22:00:00,30.0,,,,,,,2.0,0.0207,,41.311922,-105.581147,2020,7,17,22
West,Knight Hall,2020-07-17T23:00:00,20.0,,,,,,,2.0,0.0138,,41.311922,-105.581147,2020,7,17,23
West,Knight Hall,2020-07-18T00:00:00,30.0,,,,,,,2.0,0.0207,,41.311922,-105.581147,2020,7,18,0
West,Knight Hall,2020-07-18T01:00:00,20.0,,,,,,,2.0,0.0138,,41.311922,-105.581147,2020,7,18,1
West,Knight Hall,2020-07-18T02:00:00,30.0,,,,,,,2.0,0.0207,,41.311922,-105.581147,2020,7,18,2
West,Knight Hall,2020-07-18T03:00:00,20.0,,,,,,,1.0,0.0138,,41.311922,-105.581147,2020,7,18,3
West,Knight Hall,2020-07-18T04:00:00,30.0,,,,,,,7.0,0.0207,,41.311922,-105.581147,2020,7,18,4
West,Knight Hall,2020-07-18T05:00:00,20.0,,,,,,,7.0,0.0138,,41.311922,-105.581147,2020,7,18,5
West,Knight Hall,2020-07-18T06:00:00,30.0,,,,,,,6.0,0.0207,,41.311922,-105.581147,2020,7,18,6
West,Knight Hall,2020-07-18T07:00:00,20.0,,,,,,,7.0,0.0138,,41.311922,-105.581147,2020,7,18,7
West,Knight Hall,2020-07-18T08:00:00,30.0,,,,,,,9.0,0.0207,,41.311922,-105.581147,2020,7,18,8
West,Knight Hall,2020-07-18T09:00:00,30.0,,,,,,,12.0,0.0207,,41.311922,-105.581147,2020,7,18,9
West,Knight Hall,2020-07-18T10:00:00,30.0,,,,,,,15.0,0.0207,,41.311922,-105.581147,2020,7,18,10
West,Knight Hall,2020-07-18T11:00:00,30.0,,,,,,,14.0,0.0207,,41.311922,-105.581147,2020,7,18,11
West,Knight Hall,2020-07-18T12:00:00,30.0,,,,,,,14.0,0.0207,,41.311922,-105.581147,2020,7,18,12
West,Knight Hall,2020-07-18T13:00:00,30.0,,,,,,,15.0,0.0207,,41.311922,-105.581147,2020,7,18,13
West,Knight Hall,2020-07-18T14:00:00,30.0,,,,,,,15.0,0.0207,,41.311922,-105.581147,2020,7,18,14
West,Knight Hall,2020-07-18T15:00:00,30.0,,,,,,,16.0,0.0207,,41.311922,-105.581147,2020,7,18,15
West,Knight Hall,2020-07-18T16:00:00,20.0,,,,,,,17.0,0.0138,,41.311922,-105.581147,2020,7,18,16
West,Knight Hall,2020-07-18T17:00:00,30.0,,,,,,,15.0,0.0207,,41.311922,-105.581147,2020,7,18,17
West,Knight Hall,2020-07-18T18:00:00,20.0,,,,,,,16.0,0.0138,,41.311922,-105.581147,2020,7,18,18
West,Knight Hall,2020-07-18T19:00:00,30.0,,,,,,,7.0,0.0207,,41.311922,-105.581147,2020,7,18,19
West,Knight Hall,2020-07-18T20:00:00,20.0,,,,,,,5.0,0.0138,,41.311922,-105.581147,2020,7,18,20
West,Knight Hall,2020-07-18T21:00:00,20.0,,,,,,,5.0,0.0138,,41.311922,-105.581147,2020,7,18,21
West,Knight Hall,2020-07-18T22:00:00,30.0,,,,,,,3.0,0.0207,,41.311922,-105.581147,2020,7,18,22
West,Knight Hall,2020-07-18T23:00:00,20.0,,,,,,,3.0,0.0138,,41.311922,-105.581147,2020,7,18,23
West,Knight Hall,2020-07-19T00:00:00,30.0,,,,,,,2.0,0.0207,,41.311922,-105.581147,2020,7,19,0
West,Knight Hall,2020-07-19T01:00:00,30.0,,,,,,,2.0,0.0207,,41.311922,-105.581147,2020,7,19,1
West,Knight Hall,2020-07-19T02:00:00,20.0,,,,,,,2.0,0.0138,,41.311922,-105.581147,2020,7,19,2
West,Knight Hall,2020-07-19T03:00:00,30.0,,,,,,,2.0,0.0207,,41.311922,-105.581147,2020,7,19,3
West,Knight Hall,2020-07-19T04:00:00,20.0,,,,,,,7.0,0.0138,,41.311922,-105.581147,2020,7,19,4
West,Knight Hall,2020-07-19T05:00:00,30.0,,,,,,,7.0,0.0207,,41.311922,-105.581147,2020,7,19,5
West,Knight Hall,2020-07-19T06:00:00,20.0,,,,,,,7.0,0.0138,,41.311922,-105.581147,2020,7,19,6
West,Knight Hall,2020-07-19T07:00:00,30.0,,,,,,,7.0,0.0207,,41.311922,-105.581147,2020,7,19,7
West,Knight Hall,2020-07-19T08:00:00,30.0,,,,,,,10.0,0.0207,,41.311922,-105.581147,2020,7,19,8
West,Knight Hall,2020-07-19T09:00:00,30.0,,,,,,,14.0,0.0207,,41.311922,-105.581147,2020,7,19,9
West,Knight Hall,2020-07-19T10:00:00,30.0,,,,,,,15.0,0.0207,,41.311922,-105.581147,2020,7,19,10
West,Knight Hall,2020-07-19T11:00:00,30.0,,,,,,,15.0,0.0207,,41.311922,-105.581147,2020,7,19,11
West,Knight Hall,2020-07-19T12:00:00,20.0,,,,,,,15.0,0.0138,,41.311922,-105.581147,2020,7,19,12
West,Knight Hall,2020-07-19T13:00:00,30.0,,,,,,,17.0,0.0207,,41.311922,-105.581147,2020,7,19,13
West,Knight Hall,2020-07-19T14:00:00,30.0,,,,,,,17.0,0.0207,,41.311922,-105.581147,2020,7,19,14
West,Knight Hall,2020-07-19T15:00:00,30.0,,,,,,,17.0,0.0207,,41.311922,-105.581147,2020,7,19,15
West,Knight Hall,2020-07-19T16:00:00,20.0,,,,,,,18.0,0.0138,,41.311922,-105.581147,2020,7,19,16
West,Knight Hall,2020-07-19T17:00:00,30.0,,,,,,,16.0,0.0207,,41.311922,-105.581147,2020,7,19,17
West,Knight Hall,2020-07-19T18:00:00,30.0,,,,,,,16.0,0.0207,,41.311922,-105.581147,2020,7,19,18
West,Knight Hall,2020-07-19T19:00:00,20.0,,,,,,,8.0,0.0138,,41.311922,-105.581147,2020,7,19,19
West,Knight Hall,2020-07-19T20:00:00,30.0,,,,,,,5.0,0.0207,,41.311922,-105.581147,2020,7,19,20
West,Knight Hall,2020-07-19T21:00:00,20.0,,,,,,,4.0,0.0138,,41.311922,-105.581147,2020,7,19,21
West,Knight Hall,2020-07-19T22:00:00,30.0,,,,,,,3.0,0.0207,,41.311922,-105.581147,2020,7,19,22
West,Knight Hall,2020-07-19T23:00:00,20.0,,,,,,,3.0,0.0138,,41.311922,-105.581147,2020,7,19,23
West,Knight Hall,2020-07-20T00:00:00,30.0,,,,,,,2.0,0.0207,,41.311922,-105.581147,2020,7,20,0
West,Knight Hall,2020-07-20T01:00:00,20.0,,,,,,,2.0,0.0138,,41.311922,-105.581147,2020,7,20,1
West,Knight Hall,2020-07-20T02:00:00,30.0,,,,,,,2.0,0.0207,,41.311922,-105.581147,2020,7,20,2
West,Knight Hall,2020-07-20T03:00:00,20.0,,,,,,,2.0,0.0138,,41.311922,-105.581147,2020,7,20,3
West,Knight Hall,2020-07-20T04:00:00,30.0,,,,,,,2.0,0.0207,,41.311922,-105.581147,2020,7,20,4
West,Knight Hall,2020-07-20T05:00:00,30.0,,,,,,,2.0,0.0207,,41.311922,-105.581147,2020,7,20,5
West,Knight Hall,2020-07-20T06:00:00,30.0,,,,,,,2.0,0.0207,,41.311922,-105.581147,2020,7,20,6
West,Knight Hall,2020-07-20T07:00:00,40.0,,,,,,,2.0,0.0276,,41.311922,-105.581147,2020,7,20,7
West,Knight Hall,2020-07-20T08:00:00,60.0,,,,,,,8.0,0.0414,,41.311922,-105.581147,2020,7,20,8
West,Knight Hall,2020-07-20T09:00:00,70.0,,,,,,,11.0,0.048299999999999996,,41.311922,-105.581147,2020,7,20,9
West,Knight Hall,2020-07-20T10:00:00,60.0,,,,,,,15.0,0.0414,,41.311922,-105.581147,2020,7,20,10
West,Knight Hall,2020-07-20T11:00:00,70.0,,,,,,,15.0,0.048299999999999996,,41.311922,-105.581147,2020,7,20,11
West,Knight Hall,2020-07-20T12:00:00,60.0,,,,,,,14.0,0.0414,,41.311922,-105.581147,2020,7,20,12
West,Knight Hall,2020-07-20T13:00:00,60.0,,,,,,,15.0,0.0414,,41.311922,-105.581147,2020,7,20,13
West,Knight Hall,2020-07-20T14:00:00,60.0,,,,,,,13.0,0.0414,,41.311922,-105.581147,2020,7,20,14
West,Knight Hall,2020-07-20T15:00:00,60.0,,,,,,,15.0,0.0414,,41.311922,-105.581147,2020,7,20,15
West,Knight Hall,2020-07-20T16:00:00,60.0,,,,,,,8.0,0.0414,,41.311922,-105.581147,2020,7,20,16
West,Knight Hall,2020-07-20T17:00:00,40.0,,,,,,,6.0,0.0276,,41.311922,-105.581147,2020,7,20,17
West,Knight Hall,2020-07-20T18:00:00,40.0,,,,,,,5.0,0.0276,,41.311922,-105.581147,2020,7,20,18
West,Knight Hall,2020-07-20T19:00:00,30.0,,,,,,,4.0,0.0207,,41.311922,-105.581147,2020,7,20,19
West,Knight Hall,2020-07-20T20:00:00,40.0,,,,,,,4.0,0.0276,,41.311922,-105.581147,2020,7,20,20
West,Knight Hall,2020-07-20T21:00:00,30.0,,,,,,,3.0,0.0207,,41.311922,-105.581147,2020,7,20,21
West,Knight Hall,2020-07-20T22:00:00,30.0,,,,,,,3.0,0.0207,,41.311922,-105.581147,2020,7,20,22
West,Knight Hall,2020-07-20T23:00:00,30.0,,,,,,,2.0,0.0207,,41.311922,-105.581147,2020,7,20,23
West,Knight Hall,2020-07-21T00:00:00,20.0,,,,,,,2.0,0.0138,,41.311922,-105.581147,2020,7,21,0
West,Knight Hall,2020-07-21T01:00:00,30.0,,,,,,,2.0,0.0207,,41.311922,-105.581147,2020,7,21,1
West,Knight Hall,2020-07-21T02:00:00,20.0,,,,,,,2.0,0.0138,,41.311922,-105.581147,2020,7,21,2
West,Knight Hall,2020-07-21T03:00:00,30.0,,,,,,,1.0,0.0207,,41.311922,-105.581147,2020,7,21,3
West,Knight Hall,2020-07-21T04:00:00,30.0,,,,,,,2.0,0.0207,,41.311922,-105.581147,2020,7,21,4
West,Knight Hall,2020-07-21T05:00:00,30.0,,,,,,,1.0,0.0207,,41.311922,-105.581147,2020,7,21,5
West,Knight Hall,2020-07-21T06:00:00,30.0,,,,,,,2.0,0.0207,,41.311922,-105.581147,2020,7,21,6
West,Knight Hall,2020-07-21T07:00:00,40.0,,,,,,,2.0,0.0276,,41.311922,-105.581147,2020,7,21,7
West,Knight Hall,2020-07-21T08:00:00,60.0,,,,,,,7.0,0.0414,,41.311922,-105.581147,2020,7,21,8
West,Knight Hall,2020-07-21T09:00:00,70.0,,,,,,,10.0,0.048299999999999996,,41.311922,-105.581147,2020,7,21,9
West,Knight Hall,2020-07-21T10:00:00,60.0,,,,,,,11.0,0.0414,,41.311922,-105.581147,2020,7,21,10
West,Knight Hall,2020-07-21T11:00:00,60.0,,,,,,,13.0,0.0414,,41.311922,-105.581147,2020,7,21,11
West,Knight Hall,2020-07-21T12:00:00,60.0,,,,,,,15.0,0.0414,,41.311922,-105.581147,2020,7,21,12
West,Knight Hall,2020-07-21T13:00:00,60.0,,,,,,,16.0,0.0414,,41.311922,-105.581147,2020,7,21,13
West,Knight Hall,2020-07-21T14:00:00,70.0,,,,,,,15.0,0.048299999999999996,,41.311922,-105.581147,2020,7,21,14
West,Knight Hall,2020-07-21T15:00:00,50.0,,,,,,,14.0,0.034499999999999996,,41.311922,-105.581147,2020,7,21,15
West,Knight Hall,2020-07-21T16:00:00,60.0,,,,,,,8.0,0.0414,,41.311922,-105.581147,2020,7,21,16
West,Knight Hall,2020-07-21T17:00:00,40.0,,,,,,,5.0,0.0276,,41.311922,-105.581147,2020,7,21,17
West,Knight Hall,2020-07-21T18:00:00,40.0,,,,,,,6.0,0.0276,,41.311922,-105.581147,2020,7,21,18
West,Knight Hall,2020-07-21T19:00:00,30.0,,,,,,,5.0,0.0207,,41.311922,-105.581147,2020,7,21,19
West,Knight Hall,2020-07-21T20:00:00,30.0,,,,,,,5.0,0.0207,,41.311922,-105.581147,2020,7,21,20
West,Knight Hall,2020-07-21T21:00:00,30.0,,,,,,,4.0,0.0207,,41.311922,-105.581147,2020,7,21,21
West,Knight Hall,2020-07-21T22:00:00,30.0,,,,,,,3.0,0.0207,,41.311922,-105.581147,2020,7,21,22
West,Knight Hall,2020-07-21T23:00:00,30.0,,,,,,,3.0,0.0207,,41.311922,-105.581147,2020,7,21,23
West,Knight Hall,2020-07-22T00:00:00,30.0,,,,,,,2.0,0.0207,,41.311922,-105.581147,2020,7,22,0
West,Knight Hall,2020-07-22T01:00:00,20.0,,,,,,,3.0,0.0138,,41.311922,-105.581147,2020,7,22,1
West,Knight Hall,2020-07-22T02:00:00,30.0,,,,,,,3.0,0.0207,,41.311922,-105.581147,2020,7,22,2
West,Knight Hall,2020-07-22T03:00:00,30.0,,,,,,,2.0,0.0207,,41.311922,-105.581147,2020,7,22,3
West,Knight Hall,2020-07-22T04:00:00,30.0,,,,,,,7.0,0.0207,,41.311922,-105.581147,2020,7,22,4
West,Knight Hall,2020-07-22T05:00:00,30.0,,,,,,,8.0,0.0207,,41.311922,-105.581147,2020,7,22,5
West,Knight Hall,2020-07-22T06:00:00,30.0,,,,,,,8.0,0.0207,,41.311922,-105.581147,2020,7,22,6
West,Knight Hall,2020-07-22T07:00:00,40.0,,,,,,,8.0,0.0276,,41.311922,-105.581147,2020,7,22,7
West,Knight Hall,2020-07-22T08:00:00,60.0,,,,,,,8.0,0.0414,,41.311922,-105.581147,2020,7,22,8
West,Knight Hall,2020-07-22T09:00:00,70.0,,,,,,,9.0,0.048299999999999996,,41.311922,-105.581147,2020,7,22,9
West,Knight Hall,2020-07-22T10:00:00,70.0,,,,,,,10.0,0.048299999999999996,,41.311922,-105.581147,2020,7,22,10
West,Knight Hall,2020-07-22T11:00:00,60.0,,,,,,,15.0,0.0414,,41.311922,-105.581147,2020,7,22,11
West,Knight Hall,2020-07-22T12:00:00,60.0,,,,,,,16.0,0.0414,,41.311922,-105.581147,2020,7,22,12
West,Knight Hall,2020-07-22T13:00:00,60.0,,,,,,,14.0,0.0414,,41.311922,-105.581147,2020,7,22,13
West,Knight Hall,2020-07-22T14:00:00,70.0,,,,,,,12.0,0.048299999999999996,,41.311922,-105.581147,2020,7,22,14
West,Knight Hall,2020-07-22T15:00:00,60.0,,,,,,,10.0,0.0414,,41.311922,-105.581147,2020,7,22,15
West,Knight Hall,2020-07-22T16:00:00,60.0,,,,,,,14.0,0.0414,,41.311922,-105.581147,2020,7,22,16
West,Knight Hall,2020-07-22T17:00:00,40.0,,,,,,,13.0,0.0276,,41.311922,-105.581147,2020,7,22,17
West,Knight Hall,2020-07-22T18:00:00,40.0,,,,,,,12.0,0.0276,,41.311922,-105.581147,2020,7,22,18
West,Knight Hall,2020-07-22T19:00:00,40.0,,,,,,,6.0,0.0276,,41.311922,-105.581147,2020,7,22,19
West,Knight Hall,2020-07-22T20:00:00,30.0,,,,,,,4.0,0.0207,,41.311922,-105.581147,2020,7,22,20
West,Knight Hall,2020-07-22T21:00:00,30.0,,,,,,,3.0,0.0207,,41.311922,-105.581147,2020,7,22,21
West,Knight Hall,2020-07-22T22:00:00,40.0,,,,,,,2.0,0.0276,,41.311922,-105.581147,2020,7,22,22
West,Knight Hall,2020-07-22T23:00:00,20.0,,,,,,,2.0,0.0138,,41.311922,-105.581147,2020,7,22,23
West,Knight Hall,2020-07-23T00:00:00,30.0,,,,,,,2.0,0.0207,,41.311922,-105.581147,2020,7,23,0
West,Knight Hall,2020-07-23T01:00:00,20.0,,,,,,,2.0,0.0138,,41.311922,-105.581147,2020,7,23,1
West,Knight Hall,2020-07-23T02:00:00,30.0,,,,,,,2.0,0.0207,,41.311922,-105.581147,2020,7,23,2
West,Knight Hall,2020-07-23T03:00:00,20.0,,,,,,,2.0,0.0138,,41.311922,-105.581147,2020,7,23,3
West,Knight Hall,2020-07-23T04:00:00,30.0,,,,,,,6.0,0.0207,,41.311922,-105.581147,2020,7,23,4
West,Knight Hall,2020-07-23T05:00:00,30.0,,,,,,,6.0,0.0207,,41.311922,-105.581147,2020,7,23,5
West,Knight Hall,2020-07-23T06:00:00,30.0,,,,,,,5.0,0.0207,,41.311922,-105.581147,2020,7,23,6
West,Knight Hall,2020-07-23T07:00:00,40.0,,,,,,,6.0,0.0276,,41.311922,-105.581147,2020,7,23,7
West,Knight Hall,2020-07-23T08:00:00,60.0,,,,,,,8.0,0.0414,,41.311922,-105.581147,2020,7,23,8
West,Knight Hall,2020-07-23T09:00:00,70.0,,,,,,,9.0,0.048299999999999996,,41.311922,-105.581147,2020,7,23,9
West,Knight Hall,2020-07-23T10:00:00,60.0,,,,,,,11.0,0.0414,,41.311922,-105.581147,2020,7,23,10
West,Knight Hall,2020-07-23T11:00:00,60.0,,,,,,,15.0,0.0414,,41.311922,-105.581147,2020,7,23,11
West,Knight Hall,2020-07-23T12:00:00,60.0,,,,,,,16.0,0.0414,,41.311922,-105.581147,2020,7,23,12
West,Knight Hall,2020-07-23T13:00:00,60.0,,,,,,,15.0,0.0414,,41.311922,-105.581147,2020,7,23,13
West,Knight Hall,2020-07-23T14:00:00,70.0,,,,,,,14.0,0.048299999999999996,,41.311922,-105.581147,2020,7,23,14
West,Knight Hall,2020-07-23T15:00:00,60.0,,,,,,,16.0,0.0414,,41.311922,-105.581147,2020,7,23,15
West,Knight Hall,2020-07-23T16:00:00,50.0,,,,,,,15.0,0.034499999999999996,,41.311922,-105.581147,2020,7,23,16
West,Knight Hall,2020-07-23T17:00:00,50.0,,,,,,,16.0,0.034499999999999996,,41.311922,-105.581147,2020,7,23,17
West,Knight Hall,2020-07-23T18:00:00,40.0,,,,,,,16.0,0.0276,,41.311922,-105.581147,2020,7,23,18
West,Knight Hall,2020-07-23T19:00:00,30.0,,,,,,,7.0,0.0207,,41.311922,-105.581147,2020,7,23,19
West,Knight Hall,2020-07-23T20:00:00,40.0,,,,,,,4.0,0.0276,,41.311922,-105.581147,2020,7,23,20
West,Knight Hall,2020-07-23T21:00:00,30.0,,,,,,,4.0,0.0207,,41.311922,-105.581147,2020,7,23,21
West,Knight Hall,2020-07-23T22:00:00,20.0,,,,,,,3.0,0.0138,,41.311922,-105.581147,2020,7,23,22
West,Knight Hall,2020-07-23T23:00:00,30.0,,,,,,,2.0,0.0207,,41.311922,-105.581147,2020,7,23,23
West,Knight Hall,2020-07-24T00:00:00,30.0,,,,,,,2.0,0.0207,,41.311922,-105.581147,2020,7,24,0
West,Knight Hall,2020-07-24T01:00:00,20.0,,,,,,,2.0,0.0138,,41.311922,-105.581147,2020,7,24,1
West,Knight Hall,2020-07-24T02:00:00,20.0,,,,,,,2.0,0.0138,,41.311922,-105.581147,2020,7,24,2
West,Knight Hall,2020-07-24T03:00:00,30.0,,,,,,,2.0,0.0207,,41.311922,-105.581147,2020,7,24,3
West,Knight Hall,2020-07-24T04:00:00,30.0,,,,,,,6.0,0.0207,,41.311922,-105.581147,2020,7,24,4
West,Knight Hall,2020-07-24T05:00:00,20.0,,,,,,,7.0,0.0138,,41.311922,-105.581147,2020,7,24,5
West,Knight Hall,2020-07-24T06:00:00,30.0,,,,,,,6.0,0.0207,,41.311922,-105.581147,2020,7,24,6
West,Knight Hall,2020-07-24T07:00:00,40.0,,,,,,,6.0,0.0276,,41.311922,-105.581147,2020,7,24,7
West,Knight Hall,2020-07-24T08:00:00,60.0,,,,,,,8.0,0.0414,,41.311922,-105.581147,2020,7,24,8
West,Knight Hall,2020-07-24T09:00:00,60.0,,,,,,,10.0,0.0414,,41.311922,-105.581147,2020,7,24,9
West,Knight Hall,2020-07-24T10:00:00,70.0,,,,,,,15.0,0.048299999999999996,,41.311922,-105.581147,2020,7,24,10
West,Knight Hall,2020-07-24T11:00:00,60.0,,,,,,,16.0,0.0414,,41.311922,-105.581147,2020,7,24,11
West,Knight Hall,2020-07-24T12:00:00,60.0,,,,,,,15.0,0.0414,,41.311922,-105.581147,2020,7,24,12
West,Knight Hall,2020-07-24T13:00:00,50.0,,,,,,,15.0,0.034499999999999996,,41.311922,-105.581147,2020,7,24,13
West,Knight Hall,2020-07-24T14:00:00,60.0,,,,,,,10.0,0.0414,,41.311922,-105.581147,2020,7,24,14
West,Knight Hall,2020-07-24T15:00:00,60.0,,,,,,,12.0,0.0414,,41.311922,-105.581147,2020,7,24,15
West,Knight Hall,2020-07-24T16:00:00,50.0,,,,,,,12.0,0.034499999999999996,,41.311922,-105.581147,2020,7,24,16
West,Knight Hall,2020-07-24T17:00:00,40.0,,,,,,,9.0,0.0276,,41.311922,-105.581147,2020,7,24,17
West,Knight Hall,2020-07-24T18:00:00,40.0,,,,,,,11.0,0.0276,,41.311922,-105.581147,2020,7,24,18
West,Knight Hall,2020-07-24T19:00:00,30.0,,,,,,,5.0,0.0207,,41.311922,-105.581147,2020,7,24,19
West,Knight Hall,2020-07-24T20:00:00,30.0,,,,,,,3.0,0.0207,,41.311922,-105.581147,2020,7,24,20
West,Knight Hall,2020-07-24T21:00:00,20.0,,,,,,,3.0,0.0138,,41.311922,-105.581147,2020,7,24,21
West,Knight Hall,2020-07-24T22:00:00,30.0,,,,,,,2.0,0.0207,,41.311922,-105.581147,2020,7,24,22
West,Knight Hall,2020-07-24T23:00:00,30.0,,,,,,,2.0,0.0207,,41.311922,-105.581147,2020,7,24,23
West,Knight Hall,2020-07-25T00:00:00,20.0,,,,,,,3.0,0.0138,,41.311922,-105.581147,2020,7,25,0
West,Knight Hall,2020-07-25T01:00:00,20.0,,,,,,,3.0,0.0138,,41.311922,-105.581147,2020,7,25,1
West,Knight Hall,2020-07-25T02:00:00,30.0,,,,,,,2.0,0.0207,,41.311922,-105.581147,2020,7,25,2
West,Knight Hall,2020-07-25T03:00:00,20.0,,,,,,,3.0,0.0138,,41.311922,-105.581147,2020,7,25,3
West,Knight Hall,2020-07-25T04:00:00,30.0,,,,,,,6.0,0.0207,,41.311922,-105.581147,2020,7,25,4
West,Knight Hall,2020-07-25T05:00:00,20.0,,,,,,,7.0,0.0138,,41.311922,-105.581147,2020,7,25,5
West,Knight Hall,2020-07-25T06:00:00,20.0,,,,,,,7.0,0.0138,,41.311922,-105.581147,2020,7,25,6
West,Knight Hall,2020-07-25T07:00:00,30.0,,,,,,,7.0,0.0207,,41.311922,-105.581147,2020,7,25,7
West,Knight Hall,2020-07-25T08:00:00,20.0,,,,,,,8.0,0.0138,,41.311922,-105.581147,2020,7,25,8
West,Knight Hall,2020-07-25T09:00:00,30.0,,,,,,,9.0,0.0207,,41.311922,-105.581147,2020,7,25,9
West,Knight Hall,2020-07-25T10:00:00,30.0,,,,,,,11.0,0.0207,,41.311922,-105.581147,2020,7,25,10
West,Knight Hall,2020-07-25T11:00:00,30.0,,,,,,,15.0,0.0207,,41.311922,-105.581147,2020,7,25,11
West,Knight Hall,2020-07-25T12:00:00,20.0,,,,,,,15.0,0.0138,,41.311922,-105.581147,2020,7,25,12
West,Knight Hall,2020-07-25T13:00:00,30.0,,,,,,,15.0,0.0207,,41.311922,-105.581147,2020,7,25,13
West,Knight Hall,2020-07-25T14:00:00,30.0,,,,,,,16.0,0.0207,,41.311922,-105.581147,2020,7,25,14
West,Knight Hall,2020-07-25T15:00:00,30.0,,,,,,,14.0,0.0207,,41.311922,-105.581147,2020,7,25,15
West,Knight Hall,2020-07-25T16:00:00,20.0,,,,,,,15.0,0.0138,,41.311922,-105.581147,2020,7,25,16
West,Knight Hall,2020-07-25T17:00:00,30.0,,,,,,,15.0,0.0207,,41.311922,-105.581147,2020,7,25,17
West,Knight Hall,2020-07-25T18:00:00,20.0,,,,,,,14.0,0.0138,,41.311922,-105.581147,2020,7,25,18
West,Knight Hall,2020-07-25T19:00:00,20.0,,,,,,,7.0,0.0138,,41.311922,-105.581147,2020,7,25,19
West,Knight Hall,2020-07-25T20:00:00,30.0,,,,,,,5.0,0.0207,,41.311922,-105.581147,2020,7,25,20
West,Knight Hall,2020-07-25T21:00:00,20.0,,,,,,,4.0,0.0138,,41.311922,-105.581147,2020,7,25,21
West,Knight Hall,2020-07-25T22:00:00,20.0,,,,,,,4.0,0.0138,,41.311922,-105.581147,2020,7,25,22
West,Knight Hall,2020-07-25T23:00:00,30.0,,,,,,,3.0,0.0207,,41.311922,-105.581147,2020,7,25,23
West,Knight Hall,2020-07-26T00:00:00,20.0,,,,,,,3.0,0.0138,,41.311922,-105.581147,2020,7,26,0
West,Knight Hall,2020-07-26T01:00:00,30.0,,,,,,,2.0,0.0207,,41.311922,-105.581147,2020,7,26,1
West,Knight Hall,2020-07-26T02:00:00,20.0,,,,,,,2.0,0.0138,,41.311922,-105.581147,2020,7,26,2
West,Knight Hall,2020-07-26T03:00:00,20.0,,,,,,,2.0,0.0138,,41.311922,-105.581147,2020,7,26,3
West,Knight Hall,2020-07-26T04:00:00,30.0,,,,,,,6.0,0.0207,,41.311922,-105.581147,2020,7,26,4
West,Knight Hall,2020-07-26T05:00:00,20.0,,,,,,,7.0,0.0138,,41.311922,-105.581147,2020,7,26,5
West,Knight Hall,2020-07-26T06:00:00,30.0,,,,,,,6.0,0.0207,,41.311922,-105.581147,2020,7,26,6
West,Knight Hall,2020-07-26T07:00:00,20.0,,,,,,,8.0,0.0138,,41.311922,-105.581147,2020,7,26,7
West,Knight Hall,2020-07-26T08:00:00,30.0,,,,,,,9.0,0.0207,,41.311922,-105.581147,2020,7,26,8
West,Knight Hall,2020-07-26T09:00:00,20.0,,,,,,,11.0,0.0138,,41.311922,-105.581147,2020,7,26,9
West,Knight Hall,2020-07-26T10:00:00,30.0,,,,,,,15.0,0.0207,,41.311922,-105.581147,2020,7,26,10
West,Knight Hall,2020-07-26T11:00:00,30.0,,,,,,,15.0,0.0207,,41.311922,-105.581147,2020,7,26,11
West,Knight Hall,2020-07-26T12:00:00,20.0,,,,,,,17.0,0.0138,,41.311922,-105.581147,2020,7,26,12
West,Knight Hall,2020-07-26T13:00:00,30.0,,,,,,,15.0,0.0207,,41.311922,-105.581147,2020,7,26,13
West,Knight Hall,2020-07-26T14:00:00,30.0,,,,,,,15.0,0.0207,,41.311922,-105.581147,2020,7,26,14
West,Knight Hall,2020-07-26T15:00:00,30.0,,,,,,,16.0,0.0207,,41.311922,-105.581147,2020,7,26,15
West,Knight Hall,2020-07-26T16:00:00,20.0,,,,,,,15.0,0.0138,,41.311922,-105.581147,2020,7,26,16
West,Knight Hall,2020-07-26T17:00:00,30.0,,,,,,,15.0,0.0207,,41.311922,-105.581147,2020,7,26,17
West,Knight Hall,2020-07-26T18:00:00,20.0,,,,,,,15.0,0.0138,,41.311922,-105.581147,2020,7,26,18
West,Knight Hall,2020-07-26T19:00:00,30.0,,,,,,,6.0,0.0207,,41.311922,-105.581147,2020,7,26,19
West,Knight Hall,2020-07-26T20:00:00,20.0,,,,,,,4.0,0.0138,,41.311922,-105.581147,2020,7,26,20
West,Knight Hall,2020-07-26T21:00:00,30.0,,,,,,,4.0,0.0207,,41.311922,-105.581147,2020,7,26,21
West,Knight Hall,2020-07-26T22:00:00,20.0,,,,,,,3.0,0.0138,,41.311922,-105.581147,2020,7,26,22
West,Knight Hall,2020-07-26T23:00:00,20.0,,,,,,,3.0,0.0138,,41.311922,-105.581147,2020,7,26,23
West,Knight Hall,2020-07-27T00:00:00,30.0,,,,,,,3.0,0.0207,,41.311922,-105.581147,2020,7,27,0
West,Knight Hall,2020-07-27T01:00:00,20.0,,,,,,,2.0,0.0138,,41.311922,-105.581147,2020,7,27,1
West,Knight Hall,2020-07-27T02:00:00,30.0,,,,,,,3.0,0.0207,,41.311922,-105.581147,2020,7,27,2
West,Knight Hall,2020-07-27T03:00:00,20.0,,,,,,,2.0,0.0138,,41.311922,-105.581147,2020,7,27,3
West,Knight Hall,2020-07-27T04:00:00,30.0,,,,,,,2.0,0.0207,,41.311922,-105.581147,2020,7,27,4
West,Knight Hall,2020-07-27T05:00:00,30.0,,,,,,,2.0,0.0207,,41.311922,-105.581147,2020,7,27,5
West,Knight Hall,2020-07-27T06:00:00,30.0,,,,,,,3.0,0.0207,,41.311922,-105.581147,2020,7,27,6
West,Knight Hall,2020-07-27T07:00:00,40.0,,,,,,,2.0,0.0276,,41.311922,-105.581147,2020,7,27,7
West,Knight Hall,2020-07-27T08:00:00,60.0,,,,,,,7.0,0.0414,,41.311922,-105.581147,2020,7,27,8
West,Knight Hall,2020-07-27T09:00:00,60.0,,,,,,,9.0,0.0414,,41.311922,-105.581147,2020,7,27,9
West,Knight Hall,2020-07-27T10:00:00,70.0,,,,,,,9.0,0.048299999999999996,,41.311922,-105.581147,2020,7,27,10
West,Knight Hall,2020-07-27T11:00:00,60.0,,,,,,,10.0,0.0414,,41.311922,-105.581147,2020,7,27,11
West,Knight Hall,2020-07-27T12:00:00,60.0,,,,,,,13.0,0.0414,,41.311922,-105.581147,2020,7,27,12
West,Knight Hall,2020-07-27T13:00:00,60.0,,,,,,,12.0,0.0414,,41.311922,-105.581147,2020,7,27,13
West,Knight Hall,2020-07-27T14:00:00,60.0,,,,,,,9.0,0.0414,,41.311922,-105.581147,2020,7,27,14
West,Knight Hall,2020-07-27T15:00:00,60.0,,,,,,,9.0,0.0414,,41.311922,-105.581147,2020,7,27,15
West,Knight Hall,2020-07-27T16:00:00,50.0,,,,,,,5.0,0.034499999999999996,,41.311922,-105.581147,2020,7,27,16
West,Knight Hall,2020-07-27T17:00:00,50.0,,,,,,,5.0,0.034499999999999996,,41.311922,-105.581147,2020,7,27,17
West,Knight Hall,2020-07-27T18:00:00,30.0,,,,,,,5.0,0.0207,,41.311922,-105.581147,2020,7,27,18
West,Knight Hall,2020-07-27T19:00:00,30.0,,,,,,,2.0,0.0207,,41.311922,-105.581147,2020,7,27,19
West,Knight Hall,2020-07-27T20:00:00,30.0,,,,,,,3.0,0.0207,,41.311922,-105.581147,2020,7,27,20
West,Knight Hall,2020-07-27T21:00:00,30.0,,,,,,,3.0,0.0207,,41.311922,-105.581147,2020,7,27,21
West,Knight Hall,2020-07-27T22:00:00,30.0,,,,,,,2.0,0.0207,,41.311922,-105.581147,2020,7,27,22
West,Knight Hall,2020-07-27T23:00:00,20.0,,,,,,,3.0,0.0138,,41.311922,-105.581147,2020,7,27,23
West,Knight Hall,2020-07-28T00:00:00,30.0,,,,,,,2.0,0.0207,,41.311922,-105.581147,2020,7,28,0
West,Knight Hall,2020-07-28T01:00:00,20.0,,,,,,,2.0,0.0138,,41.311922,-105.581147,2020,7,28,1
West,Knight Hall,2020-07-28T02:00:00,30.0,,,,,,,3.0,0.0207,,41.311922,-105.581147,2020,7,28,2
West,Knight Hall,2020-07-28T03:00:00,20.0,,,,,,,2.0,0.0138,,41.311922,-105.581147,2020,7,28,3
West,Knight Hall,2020-07-28T04:00:00,30.0,,,,,,,2.0,0.0207,,41.311922,-105.581147,2020,7,28,4
West,Knight Hall,2020-07-28T05:00:00,30.0,,,,,,,1.0,0.0207,,41.311922,-105.581147,2020,7,28,5
West,Knight Hall,2020-07-28T06:00:00,30.0,,,,,,,2.0,0.0207,,41.311922,-105.581147,2020,7,28,6
West,Knight Hall,2020-07-28T07:00:00,40.0,,,,,,,2.0,0.0276,,41.311922,-105.581147,2020,7,28,7
West,Knight Hall,2020-07-28T08:00:00,60.0,,,,,,,7.0,0.0414,,41.311922,-105.581147,2020,7,28,8
West,Knight Hall,2020-07-28T09:00:00,70.0,,,,,,,8.0,0.048299999999999996,,41.311922,-105.581147,2020,7,28,9
West,Knight Hall,2020-07-28T10:00:00,60.0,,,,,,,8.0,0.0414,,41.311922,-105.581147,2020,7,28,10
West,Knight Hall,2020-07-28T11:00:00,60.0,,,,,,,12.0,0.0414,,41.311922,-105.581147,2020,7,28,11
West,Knight Hall,2020-07-28T12:00:00,60.0,,,,,,,12.0,0.0414,,41.311922,-105.581147,2020,7,28,12
West,Knight Hall,2020-07-28T13:00:00,60.0,,,,,,,13.0,0.0414,,41.311922,-105.581147,2020,7,28,13
West,Knight Hall,2020-07-28T14:00:00,60.0,,,,,,,14.0,0.0414,,41.311922,-105.581147,2020,7,28,14
West,Knight Hall,2020-07-28T15:00:00,60.0,,,,,,,14.0,0.0414,,41.311922,-105.581147,2020,7,28,15
West,Knight Hall,2020-07-28T16:00:00,50.0,,,,,,,6.0,0.034499999999999996,,41.311922,-105.581147,2020,7,28,16
West,Knight Hall,2020-07-28T17:00:00,40.0,,,,,,,6.0,0.0276,,41.311922,-105.581147,2020,7,28,17
West,Knight Hall,2020-07-28T18:00:00,40.0,,,,,,,5.0,0.0276,,41.311922,-105.581147,2020,7,28,18
West,Knight Hall,2020-07-28T19:00:00,30.0,,,,,,,5.0,0.0207,,41.311922,-105.581147,2020,7,28,19
West,Knight Hall,2020-07-28T20:00:00,40.0,,,,,,,5.0,0.0276,,41.311922,-105.581147,2020,7,28,20
West,Knight Hall,2020-07-28T21:00:00,30.0,,,,,,,3.0,0.0207,,41.311922,-105.581147,2020,7,28,21
West,Knight Hall,2020-07-28T22:00:00,20.0,,,,,,,4.0,0.0138,,41.311922,-105.581147,2020,7,28,22
West,Knight Hall,2020-07-28T23:00:00,30.0,,,,,,,2.0,0.0207,,41.311922,-105.581147,2020,7,28,23
West,Knight Hall,2020-07-29T00:00:00,20.0,,,,,,,3.0,0.0138,,41.311922,-105.581147,2020,7,29,0
West,Knight Hall,2020-07-29T01:00:00,30.0,,,,,,,2.0,0.0207,,41.311922,-105.581147,2020,7,29,1
West,Knight Hall,2020-07-29T02:00:00,20.0,,,,,,,2.0,0.0138,,41.311922,-105.581147,2020,7,29,2
West,Knight Hall,2020-07-29T03:00:00,20.0,,,,,,,2.0,0.0138,,41.311922,-105.581147,2020,7,29,3
West,Knight Hall,2020-07-29T04:00:00,30.0,,,,,,,7.0,0.0207,,41.311922,-105.581147,2020,7,29,4
West,Knight Hall,2020-07-29T05:00:00,30.0,,,,,,,6.0,0.0207,,41.311922,-105.581147,2020,7,29,5
West,Knight Hall,2020-07-29T06:00:00,30.0,,,,,,,6.0,0.0207,,41.311922,-105.581147,2020,7,29,6
West,Knight Hall,2020-07-29T07:00:00,40.0,,,,,,,6.0,0.0276,,41.311922,-105.581147,2020,7,29,7
West,Knight Hall,2020-07-29T08:00:00,60.0,,,,,,,8.0,0.0414,,41.311922,-105.581147,2020,7,29,8
West,Knight Hall,2020-07-29T09:00:00,60.0,,,,,,,9.0,0.0414,,41.311922,-105.581147,2020,7,29,9
West,Knight Hall,2020-07-29T10:00:00,60.0,,,,,,,12.0,0.0414,,41.311922,-105.581147,2020,7,29,10
West,Knight Hall,2020-07-29T11:00:00,60.0,,,,,,,14.0,0.0414,,41.311922,-105.581147,2020,7,29,11
West,Knight Hall,2020-07-29T12:00:00,60.0,,,,,,,15.0,0.0414,,41.311922,-105.581147,2020,7,29,12
West,Knight Hall,2020-07-29T13:00:00,60.0,,,,,,,15.0,0.0414,,41.311922,-105.581147,2020,7,29,13
West,Knight Hall,2020-07-29T14:00:00,60.0,,,,,,,14.0,0.0414,,41.311922,-105.581147,2020,7,29,14
West,Knight Hall,2020-07-29T15:00:00,60.0,,,,,,,15.0,0.0414,,41.311922,-105.581147,2020,7,29,15
West,Knight Hall,2020-07-29T16:00:00,50.0,,,,,,,16.0,0.034499999999999996,,41.311922,-105.581147,2020,7,29,16
West,Knight Hall,2020-07-29T17:00:00,40.0,,,,,,,15.0,0.0276,,41.311922,-105.581147,2020,7,29,17
West,Knight Hall,2020-07-29T18:00:00,40.0,,,,,,,14.0,0.0276,,41.311922,-105.581147,2020,7,29,18
West,Knight Hall,2020-07-29T19:00:00,30.0,,,,,,,7.0,0.0207,,41.311922,-105.581147,2020,7,29,19
West,Knight Hall,2020-07-29T20:00:00,30.0,,,,,,,5.0,0.0207,,41.311922,-105.581147,2020,7,29,20
West,Knight Hall,2020-07-29T21:00:00,30.0,,,,,,,4.0,0.0207,,41.311922,-105.581147,2020,7,29,21
West,Knight Hall,2020-07-29T22:00:00,20.0,,,,,,,3.0,0.0138,,41.311922,-105.581147,2020,7,29,22
West,Knight Hall,2020-07-29T23:00:00,20.0,,,,,,,3.0,0.0138,,41.311922,-105.581147,2020,7,29,23
West,Knight Hall,2020-07-30T00:00:00,30.0,,,,,,,2.0,0.0207,,41.311922,-105.581147,2020,7,30,0
West,Knight Hall,2020-07-30T01:00:00,20.0,,,,,,,2.0,0.0138,,41.311922,-105.581147,2020,7,30,1
West,Knight Hall,2020-07-30T02:00:00,30.0,,,,,,,2.0,0.0207,,41.311922,-105.581147,2020,7,30,2
West,Knight Hall,2020-07-30T03:00:00,20.0,,,,,,,2.0,0.0138,,41.311922,-105.581147,2020,7,30,3
West,Knight Hall,2020-07-30T04:00:00,30.0,,,,,,,6.0,0.0207,,41.311922,-105.581147,2020,7,30,4
West,Knight Hall,2020-07-30T05:00:00,20.0,,,,,,,6.0,0.0138,,41.311922,-105.581147,2020,7,30,5
West,Knight Hall,2020-07-30T06:00:00,30.0,,,,,,,6.0,0.0207,,41.311922,-105.581147,2020,7,30,6
West,Knight Hall,2020-07-30T07:00:00,40.0,,,,,,,7.0,0.0276,,41.311922,-105.581147,2020,7,30,7
West,Knight Hall,2020-07-30T08:00:00,60.0,,,,,,,7.0,0.0414,,41.311922,-105.581147,2020,7,30,8
West,Knight Hall,2020-07-30T09:00:00,60.0,,,,,,,10.0,0.0414,,41.311922,-105.581147,2020,7,30,9
West,Knight Hall,2020-07-30T10:00:00,60.0,,,,,,,13.0,0.0414,,41.311922,-105.581147,2020,7,30,10
West,Knight Hall,2020-07-30T11:00:00,60.0,,,,,,,14.0,0.0414,,41.311922,-105.581147,2020,7,30,11
West,Knight Hall,2020-07-30T12:00:00,60.0,,,,,,,16.0,0.0414,,41.311922,-105.581147,2020,7,30,12
West,Knight Hall,2020-07-30T13:00:00,70.0,,,,,,,15.0,0.048299999999999996,,41.311922,-105.581147,2020,7,30,13
West,Knight Hall,2020-07-30T14:00:00,60.0,,,,,,,16.0,0.0414,,41.311922,-105.581147,2020,7,30,14
West,Knight Hall,2020-07-30T15:00:00,70.0,,,,,,,15.0,0.048299999999999996,,41.311922,-105.581147,2020,7,30,15
West,Knight Hall,2020-07-30T16:00:00,50.0,,,,,,,16.0,0.034499999999999996,,41.311922,-105.581147,2020,7,30,16
West,Knight Hall,2020-07-30T17:00:00,40.0,,,,,,,15.0,0.0276,,41.311922,-105.581147,2020,7,30,17
West,Knight Hall,2020-07-30T18:00:00,30.0,,,,,,,14.0,0.0207,,41.311922,-105.581147,2020,7,30,18
West,Knight Hall,2020-07-30T19:00:00,30.0,,,,,,,7.0,0.0207,,41.311922,-105.581147,2020,7,30,19
West,Knight Hall,2020-07-30T20:00:00,30.0,,,,,,,5.0,0.0207,,41.311922,-105.581147,2020,7,30,20
West,Knight Hall,2020-07-30T21:00:00,20.0,,,,,,,4.0,0.0138,,41.311922,-105.581147,2020,7,30,21
West,Knight Hall,2020-07-30T22:00:00,30.0,,,,,,,4.0,0.0207,,41.311922,-105.581147,2020,7,30,22
West,Knight Hall,2020-07-30T23:00:00,20.0,,,,,,,3.0,0.0138,,41.311922,-105.581147,2020,7,30,23
West,Knight Hall,2020-07-31T00:00:00,,,,,,,,4.0,,,41.311922,-105.581147,2020,7,31,0
West,Knight Hall,2020-07-31T01:00:00,,,,,,,,2.0,,,41.311922,-105.581147,2020,7,31,1
West,Knight Hall,2020-07-31T02:00:00,,,,,,,,3.0,,,41.311922,-105.581147,2020,7,31,2
West,Knight Hall,2020-07-31T03:00:00,,,,,,,,2.0,,,41.311922,-105.581147,2020,7,31,3
West,Knight Hall,2020-07-31T04:00:00,,,,,,,,7.0,,,41.311922,-105.581147,2020,7,31,4
West,Knight Hall,2020-07-31T05:00:00,,,,,,,,7.0,,,41.311922,-105.581147,2020,7,31,5
West,Knight Hall,2020-07-31T06:00:00,,,,,,,,7.0,,,41.311922,-105.581147,2020,7,31,6
West,Knight Hall,2020-07-31T07:00:00,,,,,,,,7.0,,,41.311922,-105.581147,2020,7,31,7
West,Knight Hall,2020-07-31T08:00:00,,,,,,,,9.0,,,41.311922,-105.581147,2020,7,31,8
West,Knight Hall,2020-07-31T09:00:00,,,,,,,,10.0,,,41.311922,-105.581147,2020,7,31,9
West,Knight Hall,2020-07-31T10:00:00,,,,,,,,15.0,,,41.311922,-105.581147,2020,7,31,10
West,Knight Hall,2020-07-31T11:00:00,,,,,,,,16.0,,,41.311922,-105.581147,2020,7,31,11
West,Knight Hall,2020-07-31T12:00:00,,,,,,,,16.0,,,41.311922,-105.581147,2020,7,31,12
West,Knight Hall,2020-07-31T13:00:00,,,,,,,,15.0,,,41.311922,-105.581147,2020,7,31,13
West,Knight Hall,2020-07-31T14:00:00,,,,,,,,15.0,,,41.311922,-105.581147,2020,7,31,14
West,Knight Hall,2020-07-31T15:00:00,,,,,,,,14.0,,,41.311922,-105.581147,2020,7,31,15
West,Knight Hall,2020-07-31T16:00:00,,,,,,,,11.0,,,41.311922,-105.581147,2020,7,31,16
West,Knight Hall,2020-07-31T17:00:00,,,,,,,,11.0,,,41.311922,-105.581147,2020,7,31,17
West,Knight Hall,2020-07-31T18:00:00,,,,,,,,10.0,,,41.311922,-105.581147,2020,7,31,18
West,Knight Hall,2020-07-31T19:00:00,,,,,,,,4.0,,,41.311922,-105.581147,2020,7,31,19
West,Knight Hall,2020-07-31T20:00:00,,,,,,,,3.0,,,41.311922,-105.581147,2020,7,31,20
West,Knight Hall,2020-07-31T21:00:00,,,,,,,,2.0,,,41.311922,-105.581147,2020,7,31,21
West,Knight Hall,2020-07-31T22:00:00,,,,,,,,3.0,,,41.311922,-105.581147,2020,7,31,22
West,Knight Hall,2020-07-31T23:00:00,,,,,,,,2.0,,,41.311922,-105.581147,2020,7,31,23
West,Knight Hall,2020-08-01T00:00:00,,,,,,,,3.0,,,41.311922,-105.581147,2020,8,1,0
West,Knight Hall,2020-08-01T01:00:00,,,,,,,,2.0,,,41.311922,-105.581147,2020,8,1,1
West,Knight Hall,2020-08-01T02:00:00,,,,,,,,2.0,,,41.311922,-105.581147,2020,8,1,2
West,Knight Hall,2020-08-01T03:00:00,,,,,,,,2.0,,,41.311922,-105.581147,2020,8,1,3
West,Knight Hall,2020-08-01T04:00:00,,,,,,,,6.0,,,41.311922,-105.581147,2020,8,1,4
West,Knight Hall,2020-08-01T05:00:00,,,,,,,,7.0,,,41.311922,-105.581147,2020,8,1,5
West,Knight Hall,2020-08-01T06:00:00,,,,,,,,6.0,,,41.311922,-105.581147,2020,8,1,6
West,Knight Hall,2020-08-01T07:00:00,,,,,,,,7.0,,,41.311922,-105.581147,2020,8,1,7
West,Knight Hall,2020-08-01T08:00:00,40.0,,,,,,,7.0,0.0276,,41.311922,-105.581147,2020,8,1,8
West,Knight Hall,2020-08-01T09:00:00,40.0,,,,,,,7.0,0.0276,,41.311922,-105.581147,2020,8,1,9
West,Knight Hall,2020-08-01T10:00:00,30.0,,,,,,,8.0,0.0207,,41.311922,-105.581147,2020,8,1,10
West,Knight Hall,2020-08-01T11:00:00,40.0,,,,,,,8.0,0.0276,,41.311922,-105.581147,2020,8,1,11
West,Knight Hall,2020-08-01T12:00:00,40.0,,,,,,,9.0,0.0276,,41.311922,-105.581147,2020,8,1,12
West,Knight Hall,2020-08-01T13:00:00,30.0,,,,,,,11.0,0.0207,,41.311922,-105.581147,2020,8,1,13
West,Knight Hall,2020-08-01T14:00:00,40.0,,,,,,,12.0,0.0276,,41.311922,-105.581147,2020,8,1,14
West,Knight Hall,2020-08-01T15:00:00,30.0,,,,,,,13.0,0.0207,,41.311922,-105.581147,2020,8,1,15
West,Knight Hall,2020-08-01T16:00:00,30.0,,,,,,,12.0,0.0207,,41.311922,-105.581147,2020,8,1,16
West,Knight Hall,2020-08-01T17:00:00,30.0,,,,,,,13.0,0.0207,,41.311922,-105.581147,2020,8,1,17
West,Knight Hall,2020-08-01T18:00:00,30.0,,,,,,,12.0,0.0207,,41.311922,-105.581147,2020,8,1,18
West,Knight Hall,2020-08-01T19:00:00,20.0,,,,,,,6.0,0.0138,,41.311922,-105.581147,2020,8,1,19
West,Knight Hall,2020-08-01T20:00:00,30.0,,,,,,,4.0,0.0207,,41.311922,-105.581147,2020,8,1,20
West,Knight Hall,2020-08-01T21:00:00,30.0,,,,,,,5.0,0.0207,,41.311922,-105.581147,2020,8,1,21
West,Knight Hall,2020-08-01T22:00:00,30.0,,,,,,,3.0,0.0207,,41.311922,-105.581147,2020,8,1,22
West,Knight Hall,2020-08-01T23:00:00,20.0,,,,,,,3.0,0.0138,,41.311922,-105.581147,2020,8,1,23
West,Knight Hall,2020-08-02T00:00:00,30.0,,,,,,,2.0,0.0207,,41.311922,-105.581147,2020,8,2,0
West,Knight Hall,2020-08-02T01:00:00,30.0,,,,,,,3.0,0.0207,,41.311922,-105.581147,2020,8,2,1
West,Knight Hall,2020-08-02T02:00:00,30.0,,,,,,,2.0,0.0207,,41.311922,-105.581147,2020,8,2,2
West,Knight Hall,2020-08-02T03:00:00,20.0,,,,,,,2.0,0.0138,,41.311922,-105.581147,2020,8,2,3
West,Knight Hall,2020-08-02T04:00:00,30.0,,,,,,,6.0,0.0207,,41.311922,-105.581147,2020,8,2,4
West,Knight Hall,2020-08-02T05:00:00,30.0,,,,,,,6.0,0.0207,,41.311922,-105.581147,2020,8,2,5
West,Knight Hall,2020-08-02T06:00:00,30.0,,,,,,,7.0,0.0207,,41.311922,-105.581147,2020,8,2,6
West,Knight Hall,2020-08-02T07:00:00,20.0,,,,,,,6.0,0.0138,,41.311922,-105.581147,2020,8,2,7
West,Knight Hall,2020-08-02T08:00:00,40.0,,,,,,,8.0,0.0276,,41.311922,-105.581147,2020,8,2,8
West,Knight Hall,2020-08-02T09:00:00,30.0,,,,,,,8.0,0.0207,,41.311922,-105.581147,2020,8,2,9
West,Knight Hall,2020-08-02T10:00:00,30.0,,,,,,,11.0,0.0207,,41.311922,-105.581147,2020,8,2,10
West,Knight Hall,2020-08-02T11:00:00,30.0,,,,,,,14.0,0.0207,,41.311922,-105.581147,2020,8,2,11
West,Knight Hall,2020-08-02T12:00:00,30.0,,,,,,,16.0,0.0207,,41.311922,-105.581147,2020,8,2,12
West,Knight Hall,2020-08-02T13:00:00,40.0,,,,,,,16.0,0.0276,,41.311922,-105.581147,2020,8,2,13
West,Knight Hall,2020-08-02T14:00:00,30.0,,,,,,,17.0,0.0207,,41.311922,-105.581147,2020,8,2,14
West,Knight Hall,2020-08-02T15:00:00,30.0,,,,,,,16.0,0.0207,,41.311922,-105.581147,2020,8,2,15
West,Knight Hall,2020-08-02T16:00:00,30.0,,,,,,,17.0,0.0207,,41.311922,-105.581147,2020,8,2,16
West,Knight Hall,2020-08-02T17:00:00,20.0,,,,,,,16.0,0.0138,,41.311922,-105.581147,2020,8,2,17
West,Knight Hall,2020-08-02T18:00:00,30.0,,,,,,,15.0,0.0207,,41.311922,-105.581147,2020,8,2,18
West,Knight Hall,2020-08-02T19:00:00,30.0,,,,,,,6.0,0.0207,,41.311922,-105.581147,2020,8,2,19
West,Knight Hall,2020-08-02T20:00:00,30.0,,,,,,,5.0,0.0207,,41.311922,-105.581147,2020,8,2,20
West,Knight Hall,2020-08-02T21:00:00,20.0,,,,,,,4.0,0.0138,,41.311922,-105.581147,2020,8,2,21
West,Knight Hall,2020-08-02T22:00:00,30.0,,,,,,,3.0,0.0207,,41.311922,-105.581147,2020,8,2,22
West,Knight Hall,2020-08-02T23:00:00,30.0,,,,,,,3.0,0.0207,,41.311922,-105.581147,2020,8,2,23
West,Knight Hall,2020-08-03T00:00:00,20.0,,,,,,,3.0,0.0138,,41.311922,-105.581147,2020,8,3,0
West,Knight Hall,2020-08-03T01:00:00,30.0,,,,,,,2.0,0.0207,,41.311922,-105.581147,2020,8,3,1
West,Knight Hall,2020-08-03T02:00:00,20.0,,,,,,,2.0,0.0138,,41.311922,-105.581147,2020,8,3,2
West,Knight Hall,2020-08-03T03:00:00,30.0,,,,,,,3.0,0.0207,,41.311922,-105.581147,2020,8,3,3
West,Knight Hall,2020-08-03T04:00:00,30.0,,,,,,,2.0,0.0207,,41.311922,-105.581147,2020,8,3,4
West,Knight Hall,2020-08-03T05:00:00,30.0,,,,,,,2.0,0.0207,,41.311922,-105.581147,2020,8,3,5
West,Knight Hall,2020-08-03T06:00:00,30.0,,,,,,,1.0,0.0207,,41.311922,-105.581147,2020,8,3,6
West,Knight Hall,2020-08-03T07:00:00,40.0,,,,,,,2.0,0.0276,,41.311922,-105.581147,2020,8,3,7
West,Knight Hall,2020-08-03T08:00:00,70.0,,,,,,,8.0,0.048299999999999996,,41.311922,-105.581147,2020,8,3,8
West,Knight Hall,2020-08-03T09:00:00,60.0,,,,,,,10.0,0.0414,,41.311922,-105.581147,2020,8,3,9
West,Knight Hall,2020-08-03T10:00:00,70.0,,,,,,,14.0,0.048299999999999996,,41.311922,-105.581147,2020,8,3,10
West,Knight Hall,2020-08-03T11:00:00,70.0,,,,,,,15.0,0.048299999999999996,,41.311922,-105.581147,2020,8,3,11
West,Knight Hall,2020-08-03T12:00:00,60.0,,,,,,,15.0,0.0414,,41.311922,-105.581147,2020,8,3,12
West,Knight Hall,2020-08-03T13:00:00,70.0,,,,,,,14.0,0.048299999999999996,,41.311922,-105.581147,2020,8,3,13
West,Knight Hall,2020-08-03T14:00:00,60.0,,,,,,,14.0,0.0414,,41.311922,-105.581147,2020,8,3,14
West,Knight Hall,2020-08-03T15:00:00,70.0,,,,,,,14.0,0.048299999999999996,,41.311922,-105.581147,2020,8,3,15
West,Knight Hall,2020-08-03T16:00:00,60.0,,,,,,,7.0,0.0414,,41.311922,-105.581147,2020,8,3,16
West,Knight Hall,2020-08-03T17:00:00,40.0,,,,,,,5.0,0.0276,,41.311922,-105.581147,2020,8,3,17
West,Knight Hall,2020-08-03T18:00:00,40.0,,,,,,,6.0,0.0276,,41.311922,-105.581147,2020,8,3,18
West,Knight Hall,2020-08-03T19:00:00,40.0,,,,,,,5.0,0.0276,,41.311922,-105.581147,2020,8,3,19
West,Knight Hall,2020-08-03T20:00:00,30.0,,,,,,,4.0,0.0207,,41.311922,-105.581147,2020,8,3,20
West,Knight Hall,2020-08-03T21:00:00,30.0,,,,,,,5.0,0.0207,,41.311922,-105.581147,2020,8,3,21
West,Knight Hall,2020-08-03T22:00:00,40.0,,,,,,,4.0,0.0276,,41.311922,-105.581147,2020,8,3,22
West,Knight Hall,2020-08-03T23:00:00,30.0,,,,,,,4.0,0.0207,,41.311922,-105.581147,2020,8,3,23
West,Knight Hall,2020-08-04T00:00:00,20.0,,,,,,,4.0,0.0138,,41.311922,-105.581147,2020,8,4,0
West,Knight Hall,2020-08-04T01:00:00,30.0,,,,,,,3.0,0.0207,,41.311922,-105.581147,2020,8,4,1
West,Knight Hall,2020-08-04T02:00:00,30.0,,,,,,,3.0,0.0207,,41.311922,-105.581147,2020,8,4,2
West,Knight Hall,2020-08-04T03:00:00,30.0,,,,,,,2.0,0.0207,,41.311922,-105.581147,2020,8,4,3
West,Knight Hall,2020-08-04T04:00:00,30.0,,,,,,,2.0,0.0207,,41.311922,-105.581147,2020,8,4,4
West,Knight Hall,2020-08-04T05:00:00,30.0,,,,,,,2.0,0.0207,,41.311922,-105.581147,2020,8,4,5
West,Knight Hall,2020-08-04T06:00:00,40.0,,,,,,,2.0,0.0276,,41.311922,-105.581147,2020,8,4,6
West,Knight Hall,2020-08-04T07:00:00,40.0,,,,,,,2.0,0.0276,,41.311922,-105.581147,2020,8,4,7
West,Knight Hall,2020-08-04T08:00:00,70.0,,,,,,,8.0,0.048299999999999996,,41.311922,-105.581147,2020,8,4,8
West,Knight Hall,2020-08-04T09:00:00,70.0,,,,,,,9.0,0.048299999999999996,,41.311922,-105.581147,2020,8,4,9
West,Knight Hall,2020-08-04T10:00:00,70.0,,,,,,,13.0,0.048299999999999996,,41.311922,-105.581147,2020,8,4,10
West,Knight Hall,2020-08-04T11:00:00,70.0,,,,,,,14.0,0.048299999999999996,,41.311922,-105.581147,2020,8,4,11
West,Knight Hall,2020-08-04T12:00:00,60.0,,,,,,,15.0,0.0414,,41.311922,-105.581147,2020,8,4,12
West,Knight Hall,2020-08-04T13:00:00,70.0,,,,,,,14.0,0.048299999999999996,,41.311922,-105.581147,2020,8,4,13
West,Knight Hall,2020-08-04T14:00:00,60.0,,,,,,,14.0,0.0414,,41.311922,-105.581147,2020,8,4,14
West,Knight Hall,2020-08-04T15:00:00,70.0,,,,,,,14.0,0.048299999999999996,,41.311922,-105.581147,2020,8,4,15
West,Knight Hall,2020-08-04T16:00:00,60.0,,,,,,,7.0,0.0414,,41.311922,-105.581147,2020,8,4,16
West,Knight Hall,2020-08-04T17:00:00,50.0,,,,,,,5.0,0.034499999999999996,,41.311922,-105.581147,2020,8,4,17
West,Knight Hall,2020-08-04T18:00:00,40.0,,,,,,,6.0,0.0276,,41.311922,-105.581147,2020,8,4,18
West,Knight Hall,2020-08-04T19:00:00,30.0,,,,,,,3.0,0.0207,,41.311922,-105.581147,2020,8,4,19
West,Knight Hall,2020-08-04T20:00:00,40.0,,,,,,,2.0,0.0276,,41.311922,-105.581147,2020,8,4,20
West,Knight Hall,2020-08-04T21:00:00,30.0,,,,,,,2.0,0.0207,,41.311922,-105.581147,2020,8,4,21
West,Knight Hall,2020-08-04T22:00:00,30.0,,,,,,,3.0,0.0207,,41.311922,-105.581147,2020,8,4,22
West,Knight Hall,2020-08-04T23:00:00,30.0,,,,,,,2.0,0.0207,,41.311922,-105.581147,2020,8,4,23
West,Knight Hall,2020-08-05T00:00:00,20.0,,,,,,,2.0,0.0138,,41.311922,-105.581147,2020,8,5,0
West,Knight Hall,2020-08-05T01:00:00,30.0,,,,,,,3.0,0.0207,,41.311922,-105.581147,2020,8,5,1
West,Knight Hall,2020-08-05T02:00:00,30.0,,,,,,,2.0,0.0207,,41.311922,-105.581147,2020,8,5,2
West,Knight Hall,2020-08-05T03:00:00,20.0,,,,,,,1.0,0.0138,,41.311922,-105.581147,2020,8,5,3
West,Knight Hall,2020-08-05T04:00:00,30.0,,,,,,,7.0,0.0207,,41.311922,-105.581147,2020,8,5,4
West,Knight Hall,2020-08-05T05:00:00,30.0,,,,,,,6.0,0.0207,,41.311922,-105.581147,2020,8,5,5
West,Knight Hall,2020-08-05T06:00:00,40.0,,,,,,,6.0,0.0276,,41.311922,-105.581147,2020,8,5,6
West,Knight Hall,2020-08-05T07:00:00,40.0,,,,,,,6.0,0.0276,,41.311922,-105.581147,2020,8,5,7
West,Knight Hall,2020-08-05T08:00:00,70.0,,,,,,,8.0,0.048299999999999996,,41.311922,-105.581147,2020,8,5,8
West,Knight Hall,2020-08-05T09:00:00,60.0,,,,,,,9.0,0.0414,,41.311922,-105.581147,2020,8,5,9
West,Knight Hall,2020-08-05T10:00:00,70.0,,,,,,,12.0,0.048299999999999996,,41.311922,-105.581147,2020,8,5,10
West,Knight Hall,2020-08-05T11:00:00,70.0,,,,,,,15.0,0.048299999999999996,,41.311922,-105.581147,2020,8,5,11
West,Knight Hall,2020-08-05T12:00:00,60.0,,,,,,,17.0,0.0414,,41.311922,-105.581147,2020,8,5,12
West,Knight Hall,2020-08-05T13:00:00,70.0,,,,,,,16.0,0.048299999999999996,,41.311922,-105.581147,2020,8,5,13
West,Knight Hall,2020-08-05T14:00:00,60.0,,,,,,,18.0,0.0414,,41.311922,-105.581147,2020,8,5,14
West,Knight Hall,2020-08-05T15:00:00,60.0,,,,,,,17.0,0.0414,,41.311922,-105.581147,2020,8,5,15
West,Knight Hall,2020-08-05T16:00:00,60.0,,,,,,,15.0,0.0414,,41.311922,-105.581147,2020,8,5,16
West,Knight Hall,2020-08-05T17:00:00,50.0,,,,,,,16.0,0.034499999999999996,,41.311922,-105.581147,2020,8,5,17
West,Knight Hall,2020-08-05T18:00:00,40.0,,,,,,,13.0,0.0276,,41.311922,-105.581147,2020,8,5,18
West,Knight Hall,2020-08-05T19:00:00,40.0,,,,,,,5.0,0.0276,,41.311922,-105.581147,2020,8,5,19
West,Knight Hall,2020-08-05T20:00:00,40.0,,,,,,,3.0,0.0276,,41.311922,-105.581147,2020,8,5,20
West,Knight Hall,2020-08-05T21:00:00,30.0,,,,,,,3.0,0.0207,,41.311922,-105.581147,2020,8,5,21
West,Knight Hall,2020-08-05T22:00:00,30.0,,,,,,,2.0,0.0207,,41.311922,-105.581147,2020,8,5,22
West,Knight Hall,2020-08-05T23:00:00,30.0,,,,,,,3.0,0.0207,,41.311922,-105.581147,2020,8,5,23
West,Knight Hall,2020-08-06T00:00:00,30.0,,,,,,,2.0,0.0207,,41.311922,-105.581147,2020,8,6,0
West,Knight Hall,2020-08-06T01:00:00,20.0,,,,,,,3.0,0.0138,,41.311922,-105.581147,2020,8,6,1
West,Knight Hall,2020-08-06T02:00:00,30.0,,,,,,,2.0,0.0207,,41.311922,-105.581147,2020,8,6,2
West,Knight Hall,2020-08-06T03:00:00,20.0,,,,,,,2.0,0.0138,,41.311922,-105.581147,2020,8,6,3
West,Knight Hall,2020-08-06T04:00:00,30.0,,,,,,,9.0,0.0207,,41.311922,-105.581147,2020,8,6,4
West,Knight Hall,2020-08-06T05:00:00,30.0,,,,,,,9.0,0.0207,,41.311922,-105.581147,2020,8,6,5
West,Knight Hall,2020-08-06T06:00:00,40.0,,,,,,,8.0,0.0276,,41.311922,-105.581147,2020,8,6,6
West,Knight Hall,2020-08-06T07:00:00,40.0,,,,,,,8.0,0.0276,,41.311922,-105.581147,2020,8,6,7
West,Knight Hall,2020-08-06T08:00:00,60.0,,,,,,,10.0,0.0414,,41.311922,-105.581147,2020,8,6,8
West,Knight Hall,2020-08-06T09:00:00,60.0,,,,,,,11.0,0.0414,,41.311922,-105.581147,2020,8,6,9
West,Knight Hall,2020-08-06T10:00:00,70.0,,,,,,,15.0,0.048299999999999996,,41.311922,-105.581147,2020,8,6,10
West,Knight Hall,2020-08-06T11:00:00,60.0,,,,,,,16.0,0.0414,,41.311922,-105.581147,2020,8,6,11
West,Knight Hall,2020-08-06T12:00:00,60.0,,,,,,,16.0,0.0414,,41.311922,-105.581147,2020,8,6,12
West,Knight Hall,2020-08-06T13:00:00,60.0,,,,,,,16.0,0.0414,,41.311922,-105.581147,2020,8,6,13
West,Knight Hall,2020-08-06T14:00:00,60.0,,,,,,,17.0,0.0414,,41.311922,-105.581147,2020,8,6,14
West,Knight Hall,2020-08-06T15:00:00,60.0,,,,,,,16.0,0.0414,,41.311922,-105.581147,2020,8,6,15
West,Knight Hall,2020-08-06T16:00:00,60.0,,,,,,,17.0,0.0414,,41.311922,-105.581147,2020,8,6,16
West,Knight Hall,2020-08-06T17:00:00,40.0,,,,,,,16.0,0.0276,,41.311922,-105.581147,2020,8,6,17
West,Knight Hall,2020-08-06T18:00:00,50.0,,,,,,,14.0,0.034499999999999996,,41.311922,-105.581147,2020,8,6,18
West,Knight Hall,2020-08-06T19:00:00,40.0,,,,,,,6.0,0.0276,,41.311922,-105.581147,2020,8,6,19
West,Knight Hall,2020-08-06T20:00:00,40.0,,,,,,,5.0,0.0276,,41.311922,-105.581147,2020,8,6,20
West,Knight Hall,2020-08-06T21:00:00,30.0,,,,,,,4.0,0.0207,,41.311922,-105.581147,2020,8,6,21
West,Knight Hall,2020-08-06T22:00:00,30.0,,,,,,,4.0,0.0207,,41.311922,-105.581147,2020,8,6,22
West,Knight Hall,2020-08-06T23:00:00,30.0,,,,,,,3.0,0.0207,,41.311922,-105.581147,2020,8,6,23
West,Knight Hall,2020-08-07T00:00:00,20.0,,,,,,,3.0,0.0138,,41.311922,-105.581147,2020,8,7,0
West,Knight Hall,2020-08-07T01:00:00,30.0,,,,,,,2.0,0.0207,,41.311922,-105.581147,2020,8,7,1
West,Knight Hall,2020-08-07T02:00:00,30.0,,,,,,,2.0,0.0207,,41.311922,-105.581147,2020,8,7,2
West,Knight Hall,2020-08-07T03:00:00,20.0,,,,,,,2.0,0.0138,,41.311922,-105.581147,2020,8,7,3
West,Knight Hall,2020-08-07T04:00:00,30.0,,,,,,,9.0,0.0207,,41.311922,-105.581147,2020,8,7,4
West,Knight Hall,2020-08-07T05:00:00,30.0,,,,,,,8.0,0.0207,,41.311922,-105.581147,2020,8,7,5
West,Knight Hall,2020-08-07T06:00:00,30.0,,,,,,,8.0,0.0207,,41.311922,-105.581147,2020,8,7,6
West,Knight Hall,2020-08-07T07:00:00,40.0,,,,,,,8.0,0.0276,,41.311922,-105.581147,2020,8,7,7
West,Knight Hall,2020-08-07T08:00:00,60.0,,,,,,,10.0,0.0414,,41.311922,-105.581147,2020,8,7,8
West,Knight Hall,2020-08-07T09:00:00,70.0,,,,,,,11.0,0.048299999999999996,,41.311922,-105.581147,2020,8,7,9
West,Knight Hall,2020-08-07T10:00:00,70.0,,,,,,,13.0,0.048299999999999996,,41.311922,-105.581147,2020,8,7,10
West,Knight Hall,2020-08-07T11:00:00,60.0,,,,,,,17.0,0.0414,,41.311922,-105.581147,2020,8,7,11
West,Knight Hall,2020-08-07T12:00:00,70.0,,,,,,,17.0,0.048299999999999996,,41.311922,-105.581147,2020,8,7,12
West,Knight Hall,2020-08-07T13:00:00,60.0,,,,,,,16.0,0.0414,,41.311922,-105.581147,2020,8,7,13
West,Knight Hall,2020-08-07T14:00:00,60.0,,,,,,,14.0,0.0414,,41.311922,-105.581147,2020,8,7,14
West,Knight Hall,2020-08-07T15:00:00,60.0,,,,,,,14.0,0.0414,,41.311922,-105.581147,2020,8,7,15
West,Knight Hall,2020-08-07T16:00:00,60.0,,,,,,,17.0,0.0414,,41.311922,-105.581147,2020,8,7,16
West,Knight Hall,2020-08-07T17:00:00,40.0,,,,,,,15.0,0.0276,,41.311922,-105.581147,2020,8,7,17
West,Knight Hall,2020-08-07T18:00:00,40.0,,,,,,,13.0,0.0276,,41.311922,-105.581147,2020,8,7,18
West,Knight Hall,2020-08-07T19:00:00,40.0,,,,,,,5.0,0.0276,,41.311922,-105.581147,2020,8,7,19
West,Knight Hall,2020-08-07T20:00:00,40.0,,,,,,,4.0,0.0276,,41.311922,-105.581147,2020,8,7,20
West,Knight Hall,2020-08-07T21:00:00,30.0,,,,,,,4.0,0.0207,,41.311922,-105.581147,2020,8,7,21
West,Knight Hall,2020-08-07T22:00:00,30.0,,,,,,,4.0,0.0207,,41.311922,-105.581147,2020,8,7,22
West,Knight Hall,2020-08-07T23:00:00,30.0,,,,,,,2.0,0.0207,,41.311922,-105.581147,2020,8,7,23
West,Knight Hall,2020-08-08T00:00:00,20.0,,,,,,,3.0,0.0138,,41.311922,-105.581147,2020,8,8,0
West,Knight Hall,2020-08-08T01:00:00,30.0,,,,,,,2.0,0.0207,,41.311922,-105.581147,2020,8,8,1
West,Knight Hall,2020-08-08T02:00:00,20.0,,,,,,,2.0,0.0138,,41.311922,-105.581147,2020,8,8,2
West,Knight Hall,2020-08-08T03:00:00,30.0,,,,,,,3.0,0.0207,,41.311922,-105.581147,2020,8,8,3
West,Knight Hall,2020-08-08T04:00:00,20.0,,,,,,,9.0,0.0138,,41.311922,-105.581147,2020,8,8,4
West,Knight Hall,2020-08-08T05:00:00,30.0,,,,,,,8.0,0.0207,,41.311922,-105.581147,2020,8,8,5
West,Knight Hall,2020-08-08T06:00:00,20.0,,,,,,,9.0,0.0138,,41.311922,-105.581147,2020,8,8,6
West,Knight Hall,2020-08-08T07:00:00,30.0,,,,,,,9.0,0.0207,,41.311922,-105.581147,2020,8,8,7
West,Knight Hall,2020-08-08T08:00:00,30.0,,,,,,,10.0,0.0207,,41.311922,-105.581147,2020,8,8,8
West,Knight Hall,2020-08-08T09:00:00,30.0,,,,,,,10.0,0.0207,,41.311922,-105.581147,2020,8,8,9
West,Knight Hall,2020-08-08T10:00:00,30.0,,,,,,,10.0,0.0207,,41.311922,-105.581147,2020,8,8,10
West,Knight Hall,2020-08-08T11:00:00,40.0,,,,,,,12.0,0.0276,,41.311922,-105.581147,2020,8,8,11
West,Knight Hall,2020-08-08T12:00:00,30.0,,,,,,,13.0,0.0207,,41.311922,-105.581147,2020,8,8,12
West,Knight Hall,2020-08-08T13:00:00,30.0,,,,,,,15.0,0.0207,,41.311922,-105.581147,2020,8,8,13
West,Knight Hall,2020-08-08T14:00:00,30.0,,,,,,,16.0,0.0207,,41.311922,-105.581147,2020,8,8,14
West,Knight Hall,2020-08-08T15:00:00,30.0,,,,,,,15.0,0.0207,,41.311922,-105.581147,2020,8,8,15
West,Knight Hall,2020-08-08T16:00:00,20.0,,,,,,,16.0,0.0138,,41.311922,-105.581147,2020,8,8,16
West,Knight Hall,2020-08-08T17:00:00,30.0,,,,,,,15.0,0.0207,,41.311922,-105.581147,2020,8,8,17
West,Knight Hall,2020-08-08T18:00:00,30.0,,,,,,,13.0,0.0207,,41.311922,-105.581147,2020,8,8,18
West,Knight Hall,2020-08-08T19:00:00,20.0,,,,,,,5.0,0.0138,,41.311922,-105.581147,2020,8,8,19
West,Knight Hall,2020-08-08T20:00:00,30.0,,,,,,,3.0,0.0207,,41.311922,-105.581147,2020,8,8,20
West,Knight Hall,2020-08-08T21:00:00,20.0,,,,,,,3.0,0.0138,,41.311922,-105.581147,2020,8,8,21
West,Knight Hall,2020-08-08T22:00:00,30.0,,,,,,,2.0,0.0207,,41.311922,-105.581147,2020,8,8,22
West,Knight Hall,2020-08-08T23:00:00,30.0,,,,,,,3.0,0.0207,,41.311922,-105.581147,2020,8,8,23
West,Knight Hall,2020-08-09T00:00:00,20.0,,,,,,,3.0,0.0138,,41.311922,-105.581147,2020,8,9,0
West,Knight Hall,2020-08-09T01:00:00,30.0,,,,,,,3.0,0.0207,,41.311922,-105.581147,2020,8,9,1
West,Knight Hall,2020-08-09T02:00:00,20.0,,,,,,,3.0,0.0138,,41.311922,-105.581147,2020,8,9,2
West,Knight Hall,2020-08-09T03:00:00,30.0,,,,,,,2.0,0.0207,,41.311922,-105.581147,2020,8,9,3
West,Knight Hall,2020-08-09T04:00:00,20.0,,,,,,,9.0,0.0138,,41.311922,-105.581147,2020,8,9,4
West,Knight Hall,2020-08-09T05:00:00,30.0,,,,,,,8.0,0.0207,,41.311922,-105.581147,2020,8,9,5
West,Knight Hall,2020-08-09T06:00:00,20.0,,,,,,,7.0,0.0138,,41.311922,-105.581147,2020,8,9,6
West,Knight Hall,2020-08-09T07:00:00,30.0,,,,,,,8.0,0.0207,,41.311922,-105.581147,2020,8,9,7
West,Knight Hall,2020-08-09T08:00:00,30.0,,,,,,,9.0,0.0207,,41.311922,-105.581147,2020,8,9,8
West,Knight Hall,2020-08-09T09:00:00,30.0,,,,,,,11.0,0.0207,,41.311922,-105.581147,2020,8,9,9
West,Knight Hall,2020-08-09T10:00:00,30.0,,,,,,,13.0,0.0207,,41.311922,-105.581147,2020,8,9,10
West,Knight Hall,2020-08-09T11:00:00,30.0,,,,,,,15.0,0.0207,,41.311922,-105.581147,2020,8,9,11
West,Knight Hall,2020-08-09T12:00:00,30.0,,,,,,,16.0,0.0207,,41.311922,-105.581147,2020,8,9,12
West,Knight Hall,2020-08-09T13:00:00,30.0,,,,,,,16.0,0.0207,,41.311922,-105.581147,2020,8,9,13
West,Knight Hall,2020-08-09T14:00:00,30.0,,,,,,,16.0,0.0207,,41.311922,-105.581147,2020,8,9,14
West,Knight Hall,2020-08-09T15:00:00,30.0,,,,,,,16.0,0.0207,,41.311922,-105.581147,2020,8,9,15
West,Knight Hall,2020-08-09T16:00:00,30.0,,,,,,,17.0,0.0207,,41.311922,-105.581147,2020,8,9,16
West,Knight Hall,2020-08-09T17:00:00,30.0,,,,,,,15.0,0.0207,,41.311922,-105.581147,2020,8,9,17
West,Knight Hall,2020-08-09T18:00:00,30.0,,,,,,,14.0,0.0207,,41.311922,-105.581147,2020,8,9,18
West,Knight Hall,2020-08-09T19:00:00,20.0,,,,,,,6.0,0.0138,,41.311922,-105.581147,2020,8,9,19
West,Knight Hall,2020-08-09T20:00:00,30.0,,,,,,,4.0,0.0207,,41.311922,-105.581147,2020,8,9,20
West,Knight Hall,2020-08-09T21:00:00,30.0,,,,,,,4.0,0.0207,,41.311922,-105.581147,2020,8,9,21
West,Knight Hall,2020-08-09T22:00:00,20.0,,,,,,,3.0,0.0138,,41.311922,-105.581147,2020,8,9,22
West,Knight Hall,2020-08-09T23:00:00,30.0,,,,,,,2.0,0.0207,,41.311922,-105.581147,2020,8,9,23
West,Knight Hall,2020-08-10T00:00:00,20.0,,,,,,,3.0,0.0138,,41.311922,-105.581147,2020,8,10,0
West,Knight Hall,2020-08-10T01:00:00,30.0,,,,,,,2.0,0.0207,,41.311922,-105.581147,2020,8,10,1
West,Knight Hall,2020-08-10T02:00:00,30.0,,,,,,,2.0,0.0207,,41.311922,-105.581147,2020,8,10,2
West,Knight Hall,2020-08-10T03:00:00,20.0,,,,,,,2.0,0.0138,,41.311922,-105.581147,2020,8,10,3
West,Knight Hall,2020-08-10T04:00:00,30.0,,,,,,,2.0,0.0207,,41.311922,-105.581147,2020,8,10,4
West,Knight Hall,2020-08-10T05:00:00,30.0,,,,,,,2.0,0.0207,,41.311922,-105.581147,2020,8,10,5
West,Knight Hall,2020-08-10T06:00:00,30.0,,,,,,,2.0,0.0207,,41.311922,-105.581147,2020,8,10,6
West,Knight Hall,2020-08-10T07:00:00,40.0,,,,,,,2.0,0.0276,,41.311922,-105.581147,2020,8,10,7
West,Knight Hall,2020-08-10T08:00:00,70.0,,,,,,,9.0,0.048299999999999996,,41.311922,-105.581147,2020,8,10,8
West,Knight Hall,2020-08-10T09:00:00,70.0,,,,,,,10.0,0.048299999999999996,,41.311922,-105.581147,2020,8,10,9
West,Knight Hall,2020-08-10T10:00:00,70.0,,,,,,,11.0,0.048299999999999996,,41.311922,-105.581147,2020,8,10,10
West,Knight Hall,2020-08-10T11:00:00,60.0,,,,,,,13.0,0.0414,,41.311922,-105.581147,2020,8,10,11
West,Knight Hall,2020-08-10T12:00:00,70.0,,,,,,,14.0,0.048299999999999996,,41.311922,-105.581147,2020,8,10,12
West,Knight Hall,2020-08-10T13:00:00,70.0,,,,,,,14.0,0.048299999999999996,,41.311922,-105.581147,2020,8,10,13
West,Knight Hall,2020-08-10T14:00:00,70.0,,,,,,,14.0,0.048299999999999996,,41.311922,-105.581147,2020,8,10,14
West,Knight Hall,2020-08-10T15:00:00,60.0,,,,,,,14.0,0.0414,,41.311922,-105.581147,2020,8,10,15
West,Knight Hall,2020-08-10T16:00:00,60.0,,,,,,,7.0,0.0414,,41.311922,-105.581147,2020,8,10,16
West,Knight Hall,2020-08-10T17:00:00,50.0,,,,,,,5.0,0.034499999999999996,,41.311922,-105.581147,2020,8,10,17
West,Knight Hall,2020-08-10T18:00:00,40.0,,,,,,,5.0,0.0276,,41.311922,-105.581147,2020,8,10,18
West,Knight Hall,2020-08-10T19:00:00,40.0,,,,,,,4.0,0.0276,,41.311922,-105.581147,2020,8,10,19
West,Knight Hall,2020-08-10T20:00:00,40.0,,,,,,,4.0,0.0276,,41.311922,-105.581147,2020,8,10,20
West,Knight Hall,2020-08-10T21:00:00,30.0,,,,,,,3.0,0.0207,,41.311922,-105.581147,2020,8,10,21
West,Knight Hall,2020-08-10T22:00:00,30.0,,,,,,,3.0,0.0207,,41.311922,-105.581147,2020,8,10,22
West,Knight Hall,2020-08-10T23:00:00,30.0,,,,,,,3.0,0.0207,,41.311922,-105.581147,2020,8,10,23
West,Knight Hall,2020-08-11T00:00:00,30.0,,,,,,,2.0,0.0207,,41.311922,-105.581147,2020,8,11,0
West,Knight Hall,2020-08-11T01:00:00,30.0,,,,,,,3.0,0.0207,,41.311922,-105.581147,2020,8,11,1
West,Knight Hall,2020-08-11T02:00:00,30.0,,,,,,,2.0,0.0207,,41.311922,-105.581147,2020,8,11,2
West,Knight Hall,2020-08-11T03:00:00,20.0,,,,,,,3.0,0.0138,,41.311922,-105.581147,2020,8,11,3
West,Knight Hall,2020-08-11T04:00:00,30.0,,,,,,,2.0,0.0207,,41.311922,-105.581147,2020,8,11,4
West,Knight Hall,2020-08-11T05:00:00,30.0,,,,,,,2.0,0.0207,,41.311922,-105.581147,2020,8,11,5
West,Knight Hall,2020-08-11T06:00:00,40.0,,,,,,,2.0,0.0276,,41.311922,-105.581147,2020,8,11,6
West,Knight Hall,2020-08-11T07:00:00,40.0,,,,,,,2.0,0.0276,,41.311922,-105.581147,2020,8,11,7
West,Knight Hall,2020-08-11T08:00:00,70.0,,,,,,,10.0,0.048299999999999996,,41.311922,-105.581147,2020,8,11,8
West,Knight Hall,2020-08-11T09:00:00,70.0,,,,,,,11.0,0.048299999999999996,,41.311922,-105.581147,2020,8,11,9
West,Knight Hall,2020-08-11T10:00:00,70.0,,,,,,,12.0,0.048299999999999996,,41.311922,-105.581147,2020,8,11,10
West,Knight Hall,2020-08-11T11:00:00,70.0,,,,,,,14.0,0.048299999999999996,,41.311922,-105.581147,2020,8,11,11
West,Knight Hall,2020-08-11T12:00:00,60.0,,,,,,,14.0,0.0414,,41.311922,-105.581147,2020,8,11,12
West,Knight Hall,2020-08-11T13:00:00,70.0,,,,,,,11.0,0.048299999999999996,,41.311922,-105.581147,2020,8,11,13
West,Knight Hall,2020-08-11T14:00:00,70.0,,,,,,,9.0,0.048299999999999996,,41.311922,-105.581147,2020,8,11,14
West,Knight Hall,2020-08-11T15:00:00,60.0,,,,,,,9.0,0.0414,,41.311922,-105.581147,2020,8,11,15
West,Knight Hall,2020-08-11T16:00:00,60.0,,,,,,,4.0,0.0414,,41.311922,-105.581147,2020,8,11,16
West,Knight Hall,2020-08-11T17:00:00,50.0,,,,,,,3.0,0.034499999999999996,,41.311922,-105.581147,2020,8,11,17
West,Knight Hall,2020-08-11T18:00:00,40.0,,,,,,,2.0,0.0276,,41.311922,-105.581147,2020,8,11,18
West,Knight Hall,2020-08-11T19:00:00,40.0,,,,,,,3.0,0.0276,,41.311922,-105.581147,2020,8,11,19
West,Knight Hall,2020-08-11T20:00:00,40.0,,,,,,,2.0,0.0276,,41.311922,-105.581147,2020,8,11,20
West,Knight Hall,2020-08-11T21:00:00,30.0,,,,,,,2.0,0.0207,,41.311922,-105.581147,2020,8,11,21
West,Knight Hall,2020-08-11T22:00:00,30.0,,,,,,,2.0,0.0207,,41.311922,-105.581147,2020,8,11,22
West,Knight Hall,2020-08-11T23:00:00,30.0,,,,,,,3.0,0.0207,,41.311922,-105.581147,2020,8,11,23
West,Knight Hall,2020-08-12T00:00:00,30.0,,,,,,,2.0,0.0207,,41.311922,-105.581147,2020,8,12,0
West,Knight Hall,2020-08-12T01:00:00,30.0,,,,,,,1.0,0.0207,,41.311922,-105.581147,2020,8,12,1
West,Knight Hall,2020-08-12T02:00:00,20.0,,,,,,,2.0,0.0138,,41.311922,-105.581147,2020,8,12,2
West,Knight Hall,2020-08-12T03:00:00,30.0,,,,,,,1.0,0.0207,,41.311922,-105.581147,2020,8,12,3
West,Knight Hall,2020-08-12T04:00:00,30.0,,,,,,,5.0,0.0207,,41.311922,-105.581147,2020,8,12,4
West,Knight Hall,2020-08-12T05:00:00,30.0,,,,,,,5.0,0.0207,,41.311922,-105.581147,2020,8,12,5
West,Knight Hall,2020-08-12T06:00:00,40.0,,,,,,,5.0,0.0276,,41.311922,-105.581147,2020,8,12,6
West,Knight Hall,2020-08-12T07:00:00,40.0,,,,,,,6.0,0.0276,,41.311922,-105.581147,2020,8,12,7
West,Knight Hall,2020-08-12T08:00:00,70.0,,,,,,,7.0,0.048299999999999996,,41.311922,-105.581147,2020,8,12,8
West,Knight Hall,2020-08-12T09:00:00,70.0,,,,,,,10.0,0.048299999999999996,,41.311922,-105.581147,2020,8,12,9
West,Knight Hall,2020-08-12T10:00:00,70.0,,,,,,,10.0,0.048299999999999996,,41.311922,-105.581147,2020,8,12,10
West,Knight Hall,2020-08-12T11:00:00,60.0,,,,,,,12.0,0.0414,,41.311922,-105.581147,2020,8,12,11
West,Knight Hall,2020-08-12T12:00:00,70.0,,,,,,,15.0,0.048299999999999996,,41.311922,-105.581147,2020,8,12,12
West,Knight Hall,2020-08-12T13:00:00,70.0,,,,,,,14.0,0.048299999999999996,,41.311922,-105.581147,2020,8,12,13
West,Knight Hall,2020-08-12T14:00:00,70.0,,,,,,,16.0,0.048299999999999996,,41.311922,-105.581147,2020,8,12,14
West,Knight Hall,2020-08-12T15:00:00,70.0,,,,,,,16.0,0.048299999999999996,,41.311922,-105.581147,2020,8,12,15
West,Knight Hall,2020-08-12T16:00:00,60.0,,,,,,,14.0,0.0414,,41.311922,-105.581147,2020,8,12,16
West,Knight Hall,2020-08-12T17:00:00,50.0,,,,,,,15.0,0.034499999999999996,,41.311922,-105.581147,2020,8,12,17
West,Knight Hall,2020-08-12T18:00:00,40.0,,,,,,,13.0,0.0276,,41.311922,-105.581147,2020,8,12,18
West,Knight Hall,2020-08-12T19:00:00,40.0,,,,,,,5.0,0.0276,,41.311922,-105.581147,2020,8,12,19
West,Knight Hall,2020-08-12T20:00:00,40.0,,,,,,,3.0,0.0276,,41.311922,-105.581147,2020,8,12,20
West,Knight Hall,2020-08-12T21:00:00,30.0,,,,,,,2.0,0.0207,,41.311922,-105.581147,2020,8,12,21
West,Knight Hall,2020-08-12T22:00:00,40.0,,,,,,,3.0,0.0276,,41.311922,-105.581147,2020,8,12,22
West,Knight Hall,2020-08-12T23:00:00,30.0,,,,,,,1.0,0.0207,,41.311922,-105.581147,2020,8,12,23
West,Knight Hall,2020-08-13T00:00:00,20.0,,,,,,,2.0,0.0138,,41.311922,-105.581147,2020,8,13,0
West,Knight Hall,2020-08-13T01:00:00,30.0,,,,,,,2.0,0.0207,,41.311922,-105.581147,2020,8,13,1
West,Knight Hall,2020-08-13T02:00:00,30.0,,,,,,,1.0,0.0207,,41.311922,-105.581147,2020,8,13,2
West,Knight Hall,2020-08-13T03:00:00,20.0,,,,,,,1.0,0.0138,,41.311922,-105.581147,2020,8,13,3
West,Knight Hall,2020-08-13T04:00:00,30.0,,,,,,,5.0,0.0207,,41.311922,-105.581147,2020,8,13,4
West,Knight Hall,2020-08-13T05:00:00,30.0,,,,,,,5.0,0.0207,,41.311922,-105.581147,2020,8,13,5
West,Knight Hall,2020-08-13T06:00:00,40.0,,,,,,,5.0,0.0276,,41.311922,-105.581147,2020,8,13,6
West,Knight Hall,2020-08-13T07:00:00,50.0,,,,,,,6.0,0.034499999999999996,,41.311922,-105.581147,2020,8,13,7
West,Knight Hall,2020-08-13T08:00:00,60.0,,,,,,,8.0,0.0414,,41.311922,-105.581147,2020,8,13,8
West,Knight Hall,2020-08-13T09:00:00,60.0,,,,,,,9.0,0.0414,,41.311922,-105.581147,2020,8,13,9
West,Knight Hall,2020-08-13T10:00:00,70.0,,,,,,,9.0,0.048299999999999996,,41.311922,-105.581147,2020,8,13,10
West,Knight Hall,2020-08-13T11:00:00,70.0,,,,,,,12.0,0.048299999999999996,,41.311922,-105.581147,2020,8,13,11
West,Knight Hall,2020-08-13T12:00:00,70.0,,,,,,,13.0,0.048299999999999996,,41.311922,-105.581147,2020,8,13,12
West,Knight Hall,2020-08-13T13:00:00,60.0,,,,,,,15.0,0.0414,,41.311922,-105.581147,2020,8,13,13
West,Knight Hall,2020-08-13T14:00:00,60.0,,,,,,,14.0,0.0414,,41.311922,-105.581147,2020,8,13,14
West,Knight Hall,2020-08-13T15:00:00,70.0,,,,,,,15.0,0.048299999999999996,,41.311922,-105.581147,2020,8,13,15
West,Knight Hall,2020-08-13T16:00:00,60.0,,,,,,,16.0,0.0414,,41.311922,-105.581147,2020,8,13,16
West,Knight Hall,2020-08-13T17:00:00,50.0,,,,,,,14.0,0.034499999999999996,,41.311922,-105.581147,2020,8,13,17
West,Knight Hall,2020-08-13T18:00:00,40.0,,,,,,,15.0,0.0276,,41.311922,-105.581147,2020,8,13,18
West,Knight Hall,2020-08-13T19:00:00,40.0,,,,,,,5.0,0.0276,,41.311922,-105.581147,2020,8,13,19
West,Knight Hall,2020-08-13T20:00:00,30.0,,,,,,,3.0,0.0207,,41.311922,-105.581147,2020,8,13,20
West,Knight Hall,2020-08-13T21:00:00,30.0,,,,,,,3.0,0.0207,,41.311922,-105.581147,2020,8,13,21
West,Knight Hall,2020-08-13T22:00:00,30.0,,,,,,,2.0,0.0207,,41.311922,-105.581147,2020,8,13,22
West,Knight Hall,2020-08-13T23:00:00,30.0,,,,,,,3.0,0.0207,,41.311922,-105.581147,2020,8,13,23
West,Knight Hall,2020-08-14T00:00:00,30.0,,,,,,,2.0,0.0207,,41.311922,-105.581147,2020,8,14,0
West,Knight Hall,2020-08-14T01:00:00,20.0,,,,,,,3.0,0.0138,,41.311922,-105.581147,2020,8,14,1
West,Knight Hall,2020-08-14T02:00:00,30.0,,,,,,,2.0,0.0207,,41.311922,-105.581147,2020,8,14,2
West,Knight Hall,2020-08-14T03:00:00,20.0,,,,,,,3.0,0.0138,,41.311922,-105.581147,2020,8,14,3
West,Knight Hall,2020-08-14T04:00:00,30.0,,,,,,,7.0,0.0207,,41.311922,-105.581147,2020,8,14,4
West,Knight Hall,2020-08-14T05:00:00,30.0,,,,,,,7.0,0.0207,,41.311922,-105.581147,2020,8,14,5
West,Knight Hall,2020-08-14T06:00:00,30.0,,,,,,,6.0,0.0207,,41.311922,-105.581147,2020,8,14,6
West,Knight Hall,2020-08-14T07:00:00,50.0,,,,,,,7.0,0.034499999999999996,,41.311922,-105.581147,2020,8,14,7
West,Knight Hall,2020-08-14T08:00:00,50.0,,,,,,,8.0,0.034499999999999996,,41.311922,-105.581147,2020,8,14,8
West,Knight Hall,2020-08-14T09:00:00,70.0,,,,,,,10.0,0.048299999999999996,,41.311922,-105.581147,2020,8,14,9
West,Knight Hall,2020-08-14T10:00:00,70.0,,,,,,,11.0,0.048299999999999996,,41.311922,-105.581147,2020,8,14,10
West,Knight Hall,2020-08-14T11:00:00,60.0,,,,,,,15.0,0.0414,,41.311922,-105.581147,2020,8,14,11
West,Knight Hall,2020-08-14T12:00:00,70.0,,,,,,,6.0,0.048299999999999996,,41.311922,-105.581147,2020,8,14,12
West,Knight Hall,2020-08-14T13:00:00,60.0,,,,,,,,0.0414,,41.311922,-105.581147,2020,8,14,13
West,Knight Hall,2020-08-14T14:00:00,60.0,,,,,,,10.0,0.0414,,41.311922,-105.581147,2020,8,14,14
West,Knight Hall,2020-08-14T15:00:00,60.0,,,,,,,19.0,0.0414,,41.311922,-105.581147,2020,8,14,15
West,Knight Hall,2020-08-14T16:00:00,60.0,,,,,,,17.0,0.0414,,41.311922,-105.581147,2020,8,14,16
West,Knight Hall,2020-08-14T17:00:00,40.0,,,,,,,16.0,0.0276,,41.311922,-105.581147,2020,8,14,17
West,Knight Hall,2020-08-14T18:00:00,40.0,,,,,,,12.0,0.0276,,41.311922,-105.581147,2020,8,14,18
West,Knight Hall,2020-08-14T19:00:00,30.0,,,,,,,6.0,0.0207,,41.311922,-105.581147,2020,8,14,19
West,Knight Hall,2020-08-14T20:00:00,30.0,,,,,,,3.0,0.0207,,41.311922,-105.581147,2020,8,14,20
West,Knight Hall,2020-08-14T21:00:00,30.0,,,,,,,3.0,0.0207,,41.311922,-105.581147,2020,8,14,21
West,Knight Hall,2020-08-14T22:00:00,30.0,,,,,,,2.0,0.0207,,41.311922,-105.581147,2020,8,14,22
West,Knight Hall,2020-08-14T23:00:00,30.0,,,,,,,2.0,0.0207,,41.311922,-105.581147,2020,8,14,23
West,Knight Hall,2020-08-15T00:00:00,20.0,,,,,,,2.0,0.0138,,41.311922,-105.581147,2020,8,15,0
West,Knight Hall,2020-08-15T01:00:00,30.0,,,,,,,2.0,0.0207,,41.311922,-105.581147,2020,8,15,1
West,Knight Hall,2020-08-15T02:00:00,30.0,,,,,,,2.0,0.0207,,41.311922,-105.581147,2020,8,15,2
West,Knight Hall,2020-08-15T03:00:00,20.0,,,,,,,2.0,0.0138,,41.311922,-105.581147,2020,8,15,3
West,Knight Hall,2020-08-15T04:00:00,30.0,,,,,,,7.0,0.0207,,41.311922,-105.581147,2020,8,15,4
West,Knight Hall,2020-08-15T05:00:00,20.0,,,,,,,7.0,0.0138,,41.311922,-105.581147,2020,8,15,5
West,Knight Hall,2020-08-15T06:00:00,20.0,,,,,,,6.0,0.0138,,41.311922,-105.581147,2020,8,15,6
West,Knight Hall,2020-08-15T07:00:00,30.0,,,,,,,6.0,0.0207,,41.311922,-105.581147,2020,8,15,7
West,Knight Hall,2020-08-15T08:00:00,30.0,,,,,,,9.0,0.0207,,41.311922,-105.581147,2020,8,15,8
West,Knight Hall,2020-08-15T09:00:00,30.0,,,,,,,11.0,0.0207,,41.311922,-105.581147,2020,8,15,9
West,Knight Hall,2020-08-15T10:00:00,40.0,,,,,,,12.0,0.0276,,41.311922,-105.581147,2020,8,15,10
West,Knight Hall,2020-08-15T11:00:00,30.0,,,,,,,15.0,0.0207,,41.311922,-105.581147,2020,8,15,11
West,Knight Hall,2020-08-15T12:00:00,30.0,,,,,,,17.0,0.0207,,41.311922,-105.581147,2020,8,15,12
West,Knight Hall,2020-08-15T13:00:00,30.0,,,,,,,16.0,0.0207,,41.311922,-105.581147,2020,8,15,13
West,Knight Hall,2020-08-15T14:00:00,40.0,,,,,,,16.0,0.0276,,41.311922,-105.581147,2020,8,15,14
West,Knight Hall,2020-08-15T15:00:00,30.0,,,,,,,16.0,0.0207,,41.311922,-105.581147,2020,8,15,15
West,Knight Hall,2020-08-15T16:00:00,30.0,,,,,,,17.0,0.0207,,41.311922,-105.581147,2020,8,15,16
West,Knight Hall,2020-08-15T17:00:00,20.0,,,,,,,15.0,0.0138,,41.311922,-105.581147,2020,8,15,17
West,Knight Hall,2020-08-15T18:00:00,30.0,,,,,,,14.0,0.0207,,41.311922,-105.581147,2020,8,15,18
West,Knight Hall,2020-08-15T19:00:00,30.0,,,,,,,6.0,0.0207,,41.311922,-105.581147,2020,8,15,19
West,Knight Hall,2020-08-15T20:00:00,20.0,,,,,,,3.0,0.0138,,41.311922,-105.581147,2020,8,15,20
West,Knight Hall,2020-08-15T21:00:00,30.0,,,,,,,3.0,0.0207,,41.311922,-105.581147,2020,8,15,21
West,Knight Hall,2020-08-15T22:00:00,20.0,,,,,,,2.0,0.0138,,41.311922,-105.581147,2020,8,15,22
West,Knight Hall,2020-08-15T23:00:00,30.0,,,,,,,3.0,0.0207,,41.311922,-105.581147,2020,8,15,23
West,Knight Hall,2020-08-16T00:00:00,30.0,,,,,,,2.0,0.0207,,41.311922,-105.581147,2020,8,16,0
West,Knight Hall,2020-08-16T01:00:00,20.0,,,,,,,1.0,0.0138,,41.311922,-105.581147,2020,8,16,1
West,Knight Hall,2020-08-16T02:00:00,30.0,,,,,,,2.0,0.0207,,41.311922,-105.581147,2020,8,16,2
West,Knight Hall,2020-08-16T03:00:00,20.0,,,,,,,2.0,0.0138,,41.311922,-105.581147,2020,8,16,3
West,Knight Hall,2020-08-16T04:00:00,30.0,,,,,,,6.0,0.0207,,41.311922,-105.581147,2020,8,16,4
West,Knight Hall,2020-08-16T05:00:00,20.0,,,,,,,6.0,0.0138,,41.311922,-105.581147,2020,8,16,5
West,Knight Hall,2020-08-16T06:00:00,30.0,,,,,,,5.0,0.0207,,41.311922,-105.581147,2020,8,16,6
West,Knight Hall,2020-08-16T07:00:00,20.0,,,,,,,5.0,0.0138,,41.311922,-105.581147,2020,8,16,7
West,Knight Hall,2020-08-16T08:00:00,30.0,,,,,,,7.0,0.0207,,41.311922,-105.581147,2020,8,16,8
West,Knight Hall,2020-08-16T09:00:00,30.0,,,,,,,10.0,0.0207,,41.311922,-105.581147,2020,8,16,9
West,Knight Hall,2020-08-16T10:00:00,30.0,,,,,,,11.0,0.0207,,41.311922,-105.581147,2020,8,16,10
West,Knight Hall,2020-08-16T11:00:00,30.0,,,,,,,12.0,0.0207,,41.311922,-105.581147,2020,8,16,11
West,Knight Hall,2020-08-16T12:00:00,30.0,,,,,,,14.0,0.0207,,41.311922,-105.581147,2020,8,16,12
West,Knight Hall,2020-08-16T13:00:00,30.0,,,,,,,15.0,0.0207,,41.311922,-105.581147,2020,8,16,13
West,Knight Hall,2020-08-16T14:00:00,30.0,,,,,,,16.0,0.0207,,41.311922,-105.581147,2020,8,16,14
West,Knight Hall,2020-08-16T15:00:00,30.0,,,,,,,15.0,0.0207,,41.311922,-105.581147,2020,8,16,15
West,Knight Hall,2020-08-16T16:00:00,30.0,,,,,,,13.0,0.0207,,41.311922,-105.581147,2020,8,16,16
West,Knight Hall,2020-08-16T17:00:00,30.0,,,,,,,12.0,0.0207,,41.311922,-105.581147,2020,8,16,17
West,Knight Hall,2020-08-16T18:00:00,20.0,,,,,,,10.0,0.0138,,41.311922,-105.581147,2020,8,16,18
West,Knight Hall,2020-08-16T19:00:00,30.0,,,,,,,4.0,0.0207,,41.311922,-105.581147,2020,8,16,19
West,Knight Hall,2020-08-16T20:00:00,30.0,,,,,,,2.0,0.0207,,41.311922,-105.581147,2020,8,16,20
West,Knight Hall,2020-08-16T21:00:00,20.0,,,,,,,3.0,0.0138,,41.311922,-105.581147,2020,8,16,21
West,Knight Hall,2020-08-16T22:00:00,30.0,,,,,,,2.0,0.0207,,41.311922,-105.581147,2020,8,16,22
West,Knight Hall,2020-08-16T23:00:00,20.0,,,,,,,1.0,0.0138,,41.311922,-105.581147,2020,8,16,23
West,Knight Hall,2020-08-17T00:00:00,30.0,,,,,,,2.0,0.0207,,41.311922,-105.581147,2020,8,17,0
West,Knight Hall,2020-08-17T01:00:00,20.0,,,,,,,1.0,0.0138,,41.311922,-105.581147,2020,8,17,1
West,Knight Hall,2020-08-17T02:00:00,30.0,,,,,,,2.0,0.0207,,41.311922,-105.581147,2020,8,17,2
West,Knight Hall,2020-08-17T03:00:00,30.0,,,,,,,1.0,0.0207,,41.311922,-105.581147,2020,8,17,3
West,Knight Hall,2020-08-17T04:00:00,20.0,,,,,,,1.0,0.0138,,41.311922,-105.581147,2020,8,17,4
West,Knight Hall,2020-08-17T05:00:00,30.0,,,,,,,1.0,0.0207,,41.311922,-105.581147,2020,8,17,5
West,Knight Hall,2020-08-17T06:00:00,30.0,,,,,,,1.0,0.0207,,41.311922,-105.581147,2020,8,17,6
West,Knight Hall,2020-08-17T07:00:00,50.0,,,,,,,2.0,0.034499999999999996,,41.311922,-105.581147,2020,8,17,7
West,Knight Hall,2020-08-17T08:00:00,60.0,,,,,,,7.0,0.0414,,41.311922,-105.581147,2020,8,17,8
West,Knight Hall,2020-08-17T09:00:00,70.0,,,,,,,10.0,0.048299999999999996,,41.311922,-105.581147,2020,8,17,9
West,Knight Hall,2020-08-17T10:00:00,70.0,,,,,,,10.0,0.048299999999999996,,41.311922,-105.581147,2020,8,17,10
West,Knight Hall,2020-08-17T11:00:00,70.0,,,,,,,11.0,0.048299999999999996,,41.311922,-105.581147,2020,8,17,11
West,Knight Hall,2020-08-17T12:00:00,60.0,,,,,,,13.0,0.0414,,41.311922,-105.581147,2020,8,17,12
West,Knight Hall,2020-08-17T13:00:00,70.0,,,,,,,12.0,0.048299999999999996,,41.311922,-105.581147,2020,8,17,13
West,Knight Hall,2020-08-17T14:00:00,70.0,,,,,,,13.0,0.048299999999999996,,41.311922,-105.581147,2020,8,17,14
West,Knight Hall,2020-08-17T15:00:00,60.0,,,,,,,13.0,0.0414,,41.311922,-105.581147,2020,8,17,15
West,Knight Hall,2020-08-17T16:00:00,60.0,,,,,,,6.0,0.0414,,41.311922,-105.581147,2020,8,17,16
West,Knight Hall,2020-08-17T17:00:00,50.0,,,,,,,4.0,0.034499999999999996,,41.311922,-105.581147,2020,8,17,17
West,Knight Hall,2020-08-17T18:00:00,40.0,,,,,,,3.0,0.0276,,41.311922,-105.581147,2020,8,17,18
West,Knight Hall,2020-08-17T19:00:00,40.0,,,,,,,3.0,0.0276,,41.311922,-105.581147,2020,8,17,19
West,Knight Hall,2020-08-17T20:00:00,30.0,,,,,,,2.0,0.0207,,41.311922,-105.581147,2020,8,17,20
West,Knight Hall,2020-08-17T21:00:00,40.0,,,,,,,2.0,0.0276,,41.311922,-105.581147,2020,8,17,21
West,Knight Hall,2020-08-17T22:00:00,30.0,,,,,,,2.0,0.0207,,41.311922,-105.581147,2020,8,17,22
West,Knight Hall,2020-08-17T23:00:00,20.0,,,,,,,2.0,0.0138,,41.311922,-105.581147,2020,8,17,23
West,Knight Hall,2020-08-18T00:00:00,30.0,,,,,,,2.0,0.0207,,41.311922,-105.581147,2020,8,18,0
West,Knight Hall,2020-08-18T01:00:00,30.0,,,,,,,1.0,0.0207,,41.311922,-105.581147,2020,8,18,1
West,Knight Hall,2020-08-18T02:00:00,20.0,,,,,,,2.0,0.0138,,41.311922,-105.581147,2020,8,18,2
West,Knight Hall,2020-08-18T03:00:00,30.0,,,,,,,1.0,0.0207,,41.311922,-105.581147,2020,8,18,3
West,Knight Hall,2020-08-18T04:00:00,30.0,,,,,,,1.0,0.0207,,41.311922,-105.581147,2020,8,18,4
West,Knight Hall,2020-08-18T05:00:00,30.0,,,,,,,1.0,0.0207,,41.311922,-105.581147,2020,8,18,5
West,Knight Hall,2020-08-18T06:00:00,30.0,,,,,,,1.0,0.0207,,41.311922,-105.581147,2020,8,18,6
West,Knight Hall,2020-08-18T07:00:00,50.0,,,,,,,2.0,0.034499999999999996,,41.311922,-105.581147,2020,8,18,7
West,Knight Hall,2020-08-18T08:00:00,60.0,,,,,,,7.0,0.0414,,41.311922,-105.581147,2020,8,18,8
West,Knight Hall,2020-08-18T09:00:00,70.0,,,,,,,10.0,0.048299999999999996,,41.311922,-105.581147,2020,8,18,9
West,Knight Hall,2020-08-18T10:00:00,60.0,,,,,,,10.0,0.0414,,41.311922,-105.581147,2020,8,18,10
West,Knight Hall,2020-08-18T11:00:00,70.0,,,,,,,13.0,0.048299999999999996,,41.311922,-105.581147,2020,8,18,11
West,Knight Hall,2020-08-18T12:00:00,70.0,,,,,,,14.0,0.048299999999999996,,41.311922,-105.581147,2020,8,18,12
West,Knight Hall,2020-08-18T13:00:00,70.0,,,,,,,13.0,0.048299999999999996,,41.311922,-105.581147,2020,8,18,13
West,Knight Hall,2020-08-18T14:00:00,70.0,,,,,,,14.0,0.048299999999999996,,41.311922,-105.581147,2020,8,18,14
West,Knight Hall,2020-08-18T15:00:00,70.0,,,,,,,13.0,0.048299999999999996,,41.311922,-105.581147,2020,8,18,15
West,Knight Hall,2020-08-18T16:00:00,60.0,,,,,,,6.0,0.0414,,41.311922,-105.581147,2020,8,18,16
West,Knight Hall,2020-08-18T17:00:00,60.0,,,,,,,5.0,0.0414,,41.311922,-105.581147,2020,8,18,17
West,Knight Hall,2020-08-18T18:00:00,50.0,,,,,,,4.0,0.034499999999999996,,41.311922,-105.581147,2020,8,18,18
West,Knight Hall,2020-08-18T19:00:00,40.0,,,,,,,5.0,0.0276,,41.311922,-105.581147,2020,8,18,19
West,Knight Hall,2020-08-18T20:00:00,40.0,,,,,,,4.0,0.0276,,41.311922,-105.581147,2020,8,18,20
West,Knight Hall,2020-08-18T21:00:00,30.0,,,,,,,3.0,0.0207,,41.311922,-105.581147,2020,8,18,21
West,Knight Hall,2020-08-18T22:00:00,30.0,,,,,,,2.0,0.0207,,41.311922,-105.581147,2020,8,18,22
West,Knight Hall,2020-08-18T23:00:00,40.0,,,,,,,2.0,0.0276,,41.311922,-105.581147,2020,8,18,23
West,Knight Hall,2020-08-19T00:00:00,20.0,,,,,,,2.0,0.0138,,41.311922,-105.581147,2020,8,19,0
West,Knight Hall,2020-08-19T01:00:00,30.0,,,,,,,2.0,0.0207,,41.311922,-105.581147,2020,8,19,1
West,Knight Hall,2020-08-19T02:00:00,30.0,,,,,,,2.0,0.0207,,41.311922,-105.581147,2020,8,19,2
West,Knight Hall,2020-08-19T03:00:00,30.0,,,,,,,1.0,0.0207,,41.311922,-105.581147,2020,8,19,3
West,Knight Hall,2020-08-19T04:00:00,30.0,,,,,,,6.0,0.0207,,41.311922,-105.581147,2020,8,19,4
West,Knight Hall,2020-08-19T05:00:00,30.0,,,,,,,5.0,0.0207,,41.311922,-105.581147,2020,8,19,5
West,Knight Hall,2020-08-19T06:00:00,30.0,,,,,,,6.0,0.0207,,41.311922,-105.581147,2020,8,19,6
West,Knight Hall,2020-08-19T07:00:00,50.0,,,,,,,6.0,0.034499999999999996,,41.311922,-105.581147,2020,8,19,7
West,Knight Hall,2020-08-19T08:00:00,70.0,,,,,,,9.0,0.048299999999999996,,41.311922,-105.581147,2020,8,19,8
West,Knight Hall,2020-08-19T09:00:00,70.0,,,,,,,10.0,0.048299999999999996,,41.311922,-105.581147,2020,8,19,9
West,Knight Hall,2020-08-19T10:00:00,80.0,,,,,,,14.0,0.0552,,41.311922,-105.581147,2020,8,19,10
West,Knight Hall,2020-08-19T11:00:00,70.0,,,,,,,15.0,0.048299999999999996,,41.311922,-105.581147,2020,8,19,11
West,Knight Hall,2020-08-19T12:00:00,70.0,,,,,,,16.0,0.048299999999999996,,41.311922,-105.581147,2020,8,19,12
West,Knight Hall,2020-08-19T13:00:00,70.0,,,,,,,15.0,0.048299999999999996,,41.311922,-105.581147,2020,8,19,13
West,Knight Hall,2020-08-19T14:00:00,70.0,,,,,,,16.0,0.048299999999999996,,41.311922,-105.581147,2020,8,19,14
West,Knight Hall,2020-08-19T15:00:00,70.0,,,,,,,16.0,0.048299999999999996,,41.311922,-105.581147,2020,8,19,15
West,Knight Hall,2020-08-19T16:00:00,70.0,,,,,,,17.0,0.048299999999999996,,41.311922,-105.581147,2020,8,19,16
West,Knight Hall,2020-08-19T17:00:00,50.0,,,,,,,16.0,0.034499999999999996,,41.311922,-105.581147,2020,8,19,17
West,Knight Hall,2020-08-19T18:00:00,50.0,,,,,,,15.0,0.034499999999999996,,41.311922,-105.581147,2020,8,19,18
West,Knight Hall,2020-08-19T19:00:00,40.0,,,,,,,6.0,0.0276,,41.311922,-105.581147,2020,8,19,19
West,Knight Hall,2020-08-19T20:00:00,40.0,,,,,,,4.0,0.0276,,41.311922,-105.581147,2020,8,19,20
West,Knight Hall,2020-08-19T21:00:00,30.0,,,,,,,4.0,0.0207,,41.311922,-105.581147,2020,8,19,21
West,Knight Hall,2020-08-19T22:00:00,30.0,,,,,,,2.0,0.0207,,41.311922,-105.581147,2020,8,19,22
West,Knight Hall,2020-08-19T23:00:00,40.0,,,,,,,3.0,0.0276,,41.311922,-105.581147,2020,8,19,23
West,Knight Hall,2020-08-20T00:00:00,20.0,,,,,,,2.0,0.0138,,41.311922,-105.581147,2020,8,20,0
West,Knight Hall,2020-08-20T01:00:00,30.0,,,,,,,3.0,0.0207,,41.311922,-105.581147,2020,8,20,1
West,Knight Hall,2020-08-20T02:00:00,30.0,,,,,,,2.0,0.0207,,41.311922,-105.581147,2020,8,20,2
West,Knight Hall,2020-08-20T03:00:00,30.0,,,,,,,2.0,0.0207,,41.311922,-105.581147,2020,8,20,3
West,Knight Hall,2020-08-20T04:00:00,30.0,,,,,,,7.0,0.0207,,41.311922,-105.581147,2020,8,20,4
West,Knight Hall,2020-08-20T05:00:00,40.0,,,,,,,6.0,0.0276,,41.311922,-105.581147,2020,8,20,5
West,Knight Hall,2020-08-20T06:00:00,30.0,,,,,,,6.0,0.0207,,41.311922,-105.581147,2020,8,20,6
West,Knight Hall,2020-08-20T07:00:00,50.0,,,,,,,7.0,0.034499999999999996,,41.311922,-105.581147,2020,8,20,7
West,Knight Hall,2020-08-20T08:00:00,70.0,,,,,,,9.0,0.048299999999999996,,41.311922,-105.581147,2020,8,20,8
West,Knight Hall,2020-08-20T09:00:00,70.0,,,,,,,10.0,0.048299999999999996,,41.311922,-105.581147,2020,8,20,9
West,Knight Hall,2020-08-20T10:00:00,70.0,,,,,,,13.0,0.048299999999999996,,41.311922,-105.581147,2020,8,20,10
West,Knight Hall,2020-08-20T11:00:00,70.0,,,,,,,15.0,0.048299999999999996,,41.311922,-105.581147,2020,8,20,11
West,Knight Hall,2020-08-20T12:00:00,70.0,,,,,,,16.0,0.048299999999999996,,41.311922,-105.581147,2020,8,20,12
West,Knight Hall,2020-08-20T13:00:00,70.0,,,,,,,17.0,0.048299999999999996,,41.311922,-105.581147,2020,8,20,13
West,Knight Hall,2020-08-20T14:00:00,70.0,,,,,,,16.0,0.048299999999999996,,41.311922,-105.581147,2020,8,20,14
West,Knight Hall,2020-08-20T15:00:00,70.0,,,,,,,17.0,0.048299999999999996,,41.311922,-105.581147,2020,8,20,15
West,Knight Hall,2020-08-20T16:00:00,70.0,,,,,,,16.0,0.048299999999999996,,41.311922,-105.581147,2020,8,20,16
West,Knight Hall,2020-08-20T17:00:00,50.0,,,,,,,15.0,0.034499999999999996,,41.311922,-105.581147,2020,8,20,17
West,Knight Hall,2020-08-20T18:00:00,50.0,,,,,,,14.0,0.034499999999999996,,41.311922,-105.581147,2020,8,20,18
West,Knight Hall,2020-08-20T19:00:00,40.0,,,,,,,5.0,0.0276,,41.311922,-105.581147,2020,8,20,19
West,Knight Hall,2020-08-20T20:00:00,30.0,,,,,,,4.0,0.0207,,41.311922,-105.581147,2020,8,20,20
West,Knight Hall,2020-08-20T21:00:00,30.0,,,,,,,5.0,0.0207,,41.311922,-105.581147,2020,8,20,21
West,Knight Hall,2020-08-20T22:00:00,40.0,,,,,,,4.0,0.0276,,41.311922,-105.581147,2020,8,20,22
West,Knight Hall,2020-08-20T23:00:00,20.0,,,,,,,2.0,0.0138,,41.311922,-105.581147,2020,8,20,23
West,Knight Hall,2020-08-21T00:00:00,30.0,,,,,,,3.0,0.0207,,41.311922,-105.581147,2020,8,21,0
West,Knight Hall,2020-08-21T01:00:00,30.0,,,,,,,2.0,0.0207,,41.311922,-105.581147,2020,8,21,1
West,Knight Hall,2020-08-21T02:00:00,30.0,,,,,,,3.0,0.0207,,41.311922,-105.581147,2020,8,21,2
West,Knight Hall,2020-08-21T03:00:00,20.0,,,,,,,2.0,0.0138,,41.311922,-105.581147,2020,8,21,3
West,Knight Hall,2020-08-21T04:00:00,30.0,,,,,,,8.0,0.0207,,41.311922,-105.581147,2020,8,21,4
West,Knight Hall,2020-08-21T05:00:00,30.0,,,,,,,8.0,0.0207,,41.311922,-105.581147,2020,8,21,5
West,Knight Hall,2020-08-21T06:00:00,40.0,,,,,,,8.0,0.0276,,41.311922,-105.581147,2020,8,21,6
West,Knight Hall,2020-08-21T07:00:00,40.0,,,,,,,9.0,0.0276,,41.311922,-105.581147,2020,8,21,7
West,Knight Hall,2020-08-21T08:00:00,60.0,,,,,,,9.0,0.0414,,41.311922,-105.581147,2020,8,21,8
West,Knight Hall,2020-08-21T09:00:00,70.0,,,,,,,11.0,0.048299999999999996,,41.311922,-105.581147,2020,8,21,9
West,Knight Hall,2020-08-21T10:00:00,70.0,,,,,,,12.0,0.048299999999999996,,41.311922,-105.581147,2020,8,21,10
West,Knight Hall,2020-08-21T11:00:00,70.0,,,,,,,15.0,0.048299999999999996,,41.311922,-105.581147,2020,8,21,11
West,Knight Hall,2020-08-21T12:00:00,70.0,,,,,,,17.0,0.048299999999999996,,41.311922,-105.581147,2020,8,21,12
West,Knight Hall,2020-08-21T13:00:00,70.0,,,,,,,17.0,0.048299999999999996,,41.311922,-105.581147,2020,8,21,13
West,Knight Hall,2020-08-21T14:00:00,70.0,,,,,,,16.0,0.048299999999999996,,41.311922,-105.581147,2020,8,21,14
West,Knight Hall,2020-08-21T15:00:00,70.0,,,,,,,16.0,0.048299999999999996,,41.311922,-105.581147,2020,8,21,15
West,Knight Hall,2020-08-21T16:00:00,60.0,,,,,,,16.0,0.0414,,41.311922,-105.581147,2020,8,21,16
West,Knight Hall,2020-08-21T17:00:00,50.0,,,,,,,16.0,0.034499999999999996,,41.311922,-105.581147,2020,8,21,17
West,Knight Hall,2020-08-21T18:00:00,40.0,,,,,,,14.0,0.0276,,41.311922,-105.581147,2020,8,21,18
West,Knight Hall,2020-08-21T19:00:00,40.0,,,,,,,5.0,0.0276,,41.311922,-105.581147,2020,8,21,19
West,Knight Hall,2020-08-21T20:00:00,40.0,,,,,,,4.0,0.0276,,41.311922,-105.581147,2020,8,21,20
West,Knight Hall,2020-08-21T21:00:00,30.0,,,,,,,3.0,0.0207,,41.311922,-105.581147,2020,8,21,21
West,Knight Hall,2020-08-21T22:00:00,30.0,,,,,,,3.0,0.0207,,41.311922,-105.581147,2020,8,21,22
West,Knight Hall,2020-08-21T23:00:00,30.0,,,,,,,3.0,0.0207,,41.311922,-105.581147,2020,8,21,23
West,Knight Hall,2020-08-22T00:00:00,20.0,,,,,,,2.0,0.0138,,41.311922,-105.581147,2020,8,22,0
West,Knight Hall,2020-08-22T01:00:00,30.0,,,,,,,2.0,0.0207,,41.311922,-105.581147,2020,8,22,1
West,Knight Hall,2020-08-22T02:00:00,30.0,,,,,,,2.0,0.0207,,41.311922,-105.581147,2020,8,22,2
West,Knight Hall,2020-08-22T03:00:00,20.0,,,,,,,2.0,0.0138,,41.311922,-105.581147,2020,8,22,3
West,Knight Hall,2020-08-22T04:00:00,30.0,,,,,,,9.0,0.0207,,41.311922,-105.581147,2020,8,22,4
West,Knight Hall,2020-08-22T05:00:00,30.0,,,,,,,9.0,0.0207,,41.311922,-105.581147,2020,8,22,5
West,Knight Hall,2020-08-22T06:00:00,20.0,,,,,,,8.0,0.0138,,41.311922,-105.581147,2020,8,22,6
West,Knight Hall,2020-08-22T07:00:00,30.0,,,,,,,8.0,0.0207,,41.311922,-105.581147,2020,8,22,7
West,Knight Hall,2020-08-22T08:00:00,30.0,,,,,,,9.0,0.0207,,41.311922,-105.581147,2020,8,22,8
West,Knight Hall,2020-08-22T09:00:00,40.0,,,,,,,10.0,0.0276,,41.311922,-105.581147,2020,8,22,9
West,Knight Hall,2020-08-22T10:00:00,40.0,,,,,,,13.0,0.0276,,41.311922,-105.581147,2020,8,22,10
West,Knight Hall,2020-08-22T11:00:00,30.0,,,,,,,15.0,0.0207,,41.311922,-105.581147,2020,8,22,11
West,Knight Hall,2020-08-22T12:00:00,40.0,,,,,,,16.0,0.0276,,41.311922,-105.581147,2020,8,22,12
West,Knight Hall,2020-08-22T13:00:00,30.0,,,,,,,15.0,0.0207,,41.311922,-105.581147,2020,8,22,13
West,Knight Hall,2020-08-22T14:00:00,30.0,,,,,,,14.0,0.0207,,41.311922,-105.581147,2020,8,22,14
West,Knight Hall,2020-08-22T15:00:00,40.0,,,,,,,15.0,0.0276,,41.311922,-105.581147,2020,8,22,15
West,Knight Hall,2020-08-22T16:00:00,30.0,,,,,,,14.0,0.0207,,41.311922,-105.581147,2020,8,22,16
West,Knight Hall,2020-08-22T17:00:00,30.0,,,,,,,13.0,0.0207,,41.311922,-105.581147,2020,8,22,17
West,Knight Hall,2020-08-22T18:00:00,20.0,,,,,,,11.0,0.0138,,41.311922,-105.581147,2020,8,22,18
West,Knight Hall,2020-08-22T19:00:00,30.0,,,,,,,3.0,0.0207,,41.311922,-105.581147,2020,8,22,19
West,Knight Hall,2020-08-22T20:00:00,30.0,,,,,,,3.0,0.0207,,41.311922,-105.581147,2020,8,22,20
West,Knight Hall,2020-08-22T21:00:00,30.0,,,,,,,2.0,0.0207,,41.311922,-105.581147,2020,8,22,21
West,Knight Hall,2020-08-22T22:00:00,20.0,,,,,,,3.0,0.0138,,41.311922,-105.581147,2020,8,22,22
West,Knight Hall,2020-08-22T23:00:00,30.0,,,,,,,2.0,0.0207,,41.311922,-105.581147,2020,8,22,23
West,Knight Hall,2020-08-23T00:00:00,30.0,,,,,,,2.0,0.0207,,41.311922,-105.581147,2020,8,23,0
West,Knight Hall,2020-08-23T01:00:00,30.0,,,,,,,2.0,0.0207,,41.311922,-105.581147,2020,8,23,1
West,Knight Hall,2020-08-23T02:00:00,20.0,,,,,,,3.0,0.0138,,41.311922,-105.581147,2020,8,23,2
West,Knight Hall,2020-08-23T03:00:00,30.0,,,,,,,2.0,0.0207,,41.311922,-105.581147,2020,8,23,3
West,Knight Hall,2020-08-23T04:00:00,30.0,,,,,,,7.0,0.0207,,41.311922,-105.581147,2020,8,23,4
West,Knight Hall,2020-08-23T05:00:00,20.0,,,,,,,7.0,0.0138,,41.311922,-105.581147,2020,8,23,5
West,Knight Hall,2020-08-23T06:00:00,30.0,,,,,,,8.0,0.0207,,41.311922,-105.581147,2020,8,23,6
West,Knight Hall,2020-08-23T07:00:00,30.0,,,,,,,7.0,0.0207,,41.311922,-105.581147,2020,8,23,7
West,Knight Hall,2020-08-23T08:00:00,30.0,,,,,,,9.0,0.0207,,41.311922,-105.581147,2020,8,23,8
West,Knight Hall,2020-08-23T09:00:00,30.0,,,,,,,9.0,0.0207,,41.311922,-105.581147,2020,8,23,9
West,Knight Hall,2020-08-23T10:00:00,40.0,,,,,,,12.0,0.0276,,41.311922,-105.581147,2020,8,23,10
West,Knight Hall,2020-08-23T11:00:00,30.0,,,,,,,13.0,0.0207,,41.311922,-105.581147,2020,8,23,11
West,Knight Hall,2020-08-23T12:00:00,30.0,,,,,,,14.0,0.0207,,41.311922,-105.581147,2020,8,23,12
West,Knight Hall,2020-08-23T13:00:00,30.0,,,,,,,15.0,0.0207,,41.311922,-105.581147,2020,8,23,13
West,Knight Hall,2020-08-23T14:00:00,30.0,,,,,,,15.0,0.0207,,41.311922,-105.581147,2020,8,23,14
West,Knight Hall,2020-08-23T15:00:00,40.0,,,,,,,14.0,0.0276,,41.311922,-105.581147,2020,8,23,15
West,Knight Hall,2020-08-23T16:00:00,30.0,,,,,,,14.0,0.0207,,41.311922,-105.581147,2020,8,23,16
West,Knight Hall,2020-08-23T17:00:00,30.0,,,,,,,14.0,0.0207,,41.311922,-105.581147,2020,8,23,17
West,Knight Hall,2020-08-23T18:00:00,30.0,,,,,,,12.0,0.0207,,41.311922,-105.581147,2020,8,23,18
West,Knight Hall,2020-08-23T19:00:00,30.0,,,,,,,3.0,0.0207,,41.311922,-105.581147,2020,8,23,19
West,Knight Hall,2020-08-23T20:00:00,20.0,,,,,,,3.0,0.0138,,41.311922,-105.581147,2020,8,23,20
West,Knight Hall,2020-08-23T21:00:00,30.0,,,,,,,2.0,0.0207,,41.311922,-105.581147,2020,8,23,21
West,Knight Hall,2020-08-23T22:00:00,30.0,,,,,,,2.0,0.0207,,41.311922,-105.581147,2020,8,23,22
West,Knight Hall,2020-08-23T23:00:00,20.0,,,,,,,3.0,0.0138,,41.311922,-105.581147,2020,8,23,23
West,Knight Hall,2020-08-24T00:00:00,30.0,,,,,,,2.0,0.0207,,41.311922,-105.581147,2020,8,24,0
West,Knight Hall,2020-08-24T01:00:00,30.0,,,,,,,2.0,0.0207,,41.311922,-105.581147,2020,8,24,1
West,Knight Hall,2020-08-24T02:00:00,30.0,,,,,,,2.0,0.0207,,41.311922,-105.581147,2020,8,24,2
West,Knight Hall,2020-08-24T03:00:00,20.0,,,,,,,2.0,0.0138,,41.311922,-105.581147,2020,8,24,3
West,Knight Hall,2020-08-24T04:00:00,30.0,,,,,,,2.0,0.0207,,41.311922,-105.581147,2020,8,24,4
West,Knight Hall,2020-08-24T05:00:00,40.0,,,,,,,2.0,0.0276,,41.311922,-105.581147,2020,8,24,5
West,Knight Hall,2020-08-24T06:00:00,30.0,,,,,,,1.0,0.0207,,41.311922,-105.581147,2020,8,24,6
West,Knight Hall,2020-08-24T07:00:00,40.0,,,,,,,2.0,0.0276,,41.311922,-105.581147,2020,8,24,7
West,Knight Hall,2020-08-24T08:00:00,70.0,,,,,,,7.0,0.048299999999999996,,41.311922,-105.581147,2020,8,24,8
West,Knight Hall,2020-08-24T09:00:00,70.0,,,,,,,9.0,0.048299999999999996,,41.311922,-105.581147,2020,8,24,9
West,Knight Hall,2020-08-24T10:00:00,70.0,,,,,,,10.0,0.048299999999999996,,41.311922,-105.581147,2020,8,24,10
West,Knight Hall,2020-08-24T11:00:00,80.0,,,,,,,10.0,0.0552,,41.311922,-105.581147,2020,8,24,11
West,Knight Hall,2020-08-24T12:00:00,70.0,,,,,,,12.0,0.048299999999999996,,41.311922,-105.581147,2020,8,24,12
West,Knight Hall,2020-08-24T13:00:00,80.0,,,,,,,14.0,0.0552,,41.311922,-105.581147,2020,8,24,13
West,Knight Hall,2020-08-24T14:00:00,70.0,,,,,,,13.0,0.048299999999999996,,41.311922,-105.581147,2020,8,24,14
West,Knight Hall,2020-08-24T15:00:00,80.0,,,,,,,13.0,0.0552,,41.311922,-105.581147,2020,8,24,15
West,Knight Hall,2020-08-24T16:00:00,60.0,,,,,,,6.0,0.0414,,41.311922,-105.581147,2020,8,24,16
West,Knight Hall,2020-08-24T17:00:00,60.0,,,,,,,6.0,0.0414,,41.311922,-105.581147,2020,8,24,17
West,Knight Hall,2020-08-24T18:00:00,40.0,,,,,,,3.0,0.0276,,41.311922,-105.581147,2020,8,24,18
West,Knight Hall,2020-08-24T19:00:00,40.0,,,,,,,5.0,0.0276,,41.311922,-105.581147,2020,8,24,19
West,Knight Hall,2020-08-24T20:00:00,40.0,,,,,,,3.0,0.0276,,41.311922,-105.581147,2020,8,24,20
West,Knight Hall,2020-08-24T21:00:00,30.0,,,,,,,3.0,0.0207,,41.311922,-105.581147,2020,8,24,21
West,Knight Hall,2020-08-24T22:00:00,30.0,,,,,,,2.0,0.0207,,41.311922,-105.581147,2020,8,24,22
West,Knight Hall,2020-08-24T23:00:00,30.0,,,,,,,2.0,0.0207,,41.311922,-105.581147,2020,8,24,23
West,Knight Hall,2020-08-25T00:00:00,30.0,,,,,,,,0.0207,,41.311922,-105.581147,2020,8,25,0
West,Knight Hall,2020-08-25T01:00:00,20.0,,,,,,,,0.0138,,41.311922,-105.581147,2020,8,25,1
West,Knight Hall,2020-08-25T02:00:00,30.0,,,,,,,,0.0207,,41.311922,-105.581147,2020,8,25,2
West,Knight Hall,2020-08-25T03:00:00,30.0,,,,,,,,0.0207,,41.311922,-105.581147,2020,8,25,3
West,Knight Hall,2020-08-25T04:00:00,30.0,,,,,,,,0.0207,,41.311922,-105.581147,2020,8,25,4
West,Knight Hall,2020-08-25T05:00:00,30.0,,,,,,,,0.0207,,41.311922,-105.581147,2020,8,25,5
West,Knight Hall,2020-08-25T06:00:00,30.0,,,,,,,,0.0207,,41.311922,-105.581147,2020,8,25,6
West,Knight Hall,2020-08-25T07:00:00,50.0,,,,,,,,0.034499999999999996,,41.311922,-105.581147,2020,8,25,7
West,Knight Hall,2020-08-25T08:00:00,60.0,,,,,,,,0.0414,,41.311922,-105.581147,2020,8,25,8
West,Knight Hall,2020-08-25T09:00:00,70.0,,,,,,,,0.048299999999999996,,41.311922,-105.581147,2020,8,25,9
West,Knight Hall,2020-08-25T10:00:00,80.0,,,,,,,,0.0552,,41.311922,-105.581147,2020,8,25,10
West,Knight Hall,2020-08-25T11:00:00,70.0,,,,,,,,0.048299999999999996,,41.311922,-105.581147,2020,8,25,11
West,Knight Hall,2020-08-25T12:00:00,70.0,,,,,,,,0.048299999999999996,,41.311922,-105.581147,2020,8,25,12
West,Knight Hall,2020-08-25T13:00:00,80.0,,,,,,,,0.0552,,41.311922,-105.581147,2020,8,25,13
West,Knight Hall,2020-08-25T14:00:00,70.0,,,,,,,,0.048299999999999996,,41.311922,-105.581147,2020,8,25,14
West,Knight Hall,2020-08-25T15:00:00,70.0,,,,,,,,0.048299999999999996,,41.311922,-105.581147,2020,8,25,15
West,Knight Hall,2020-08-25T16:00:00,70.0,,,,,,,,0.048299999999999996,,41.311922,-105.581147,2020,8,25,16
West,Knight Hall,2020-08-25T17:00:00,50.0,,,,,,,,0.034499999999999996,,41.311922,-105.581147,2020,8,25,17
West,Knight Hall,2020-08-25T18:00:00,40.0,,,,,,,5.0,0.0276,,41.311922,-105.581147,2020,8,25,18
West,Knight Hall,2020-08-25T19:00:00,30.0,,,,,,,5.0,0.0207,,41.311922,-105.581147,2020,8,25,19
West,Knight Hall,2020-08-25T20:00:00,40.0,,,,,,,4.0,0.0276,,41.311922,-105.581147,2020,8,25,20
West,Knight Hall,2020-08-25T21:00:00,30.0,,,,,,,4.0,0.0207,,41.311922,-105.581147,2020,8,25,21
West,Knight Hall,2020-08-25T22:00:00,30.0,,,,,,,4.0,0.0207,,41.311922,-105.581147,2020,8,25,22
West,Knight Hall,2020-08-25T23:00:00,30.0,,,,,,,2.0,0.0207,,41.311922,-105.581147,2020,8,25,23
West,Knight Hall,2020-08-26T00:00:00,30.0,,,,,,,3.0,0.0207,,41.311922,-105.581147,2020,8,26,0
West,Knight Hall,2020-08-26T01:00:00,20.0,,,,,,,2.0,0.0138,,41.311922,-105.581147,2020,8,26,1
West,Knight Hall,2020-08-26T02:00:00,30.0,,,,,,,2.0,0.0207,,41.311922,-105.581147,2020,8,26,2
West,Knight Hall,2020-08-26T03:00:00,30.0,,,,,,,2.0,0.0207,,41.311922,-105.581147,2020,8,26,3
West,Knight Hall,2020-08-26T04:00:00,30.0,,,,,,,6.0,0.0207,,41.311922,-105.581147,2020,8,26,4
West,Knight Hall,2020-08-26T05:00:00,30.0,,,,,,,6.0,0.0207,,41.311922,-105.581147,2020,8,26,5
West,Knight Hall,2020-08-26T06:00:00,30.0,,,,,,,5.0,0.0207,,41.311922,-105.581147,2020,8,26,6
West,Knight Hall,2020-08-26T07:00:00,40.0,,,,,,,5.0,0.0276,,41.311922,-105.581147,2020,8,26,7
West,Knight Hall,2020-08-26T08:00:00,70.0,,,,,,,7.0,0.048299999999999996,,41.311922,-105.581147,2020,8,26,8
West,Knight Hall,2020-08-26T09:00:00,70.0,,,,,,,8.0,0.048299999999999996,,41.311922,-105.581147,2020,8,26,9
West,Knight Hall,2020-08-26T10:00:00,70.0,,,,,,,9.0,0.048299999999999996,,41.311922,-105.581147,2020,8,26,10
West,Knight Hall,2020-08-26T11:00:00,70.0,,,,,,,10.0,0.048299999999999996,,41.311922,-105.581147,2020,8,26,11
West,Knight Hall,2020-08-26T12:00:00,70.0,,,,,,,12.0,0.048299999999999996,,41.311922,-105.581147,2020,8,26,12
West,Knight Hall,2020-08-26T13:00:00,70.0,,,,,,,11.0,0.048299999999999996,,41.311922,-105.581147,2020,8,26,13
West,Knight Hall,2020-08-26T14:00:00,70.0,,,,,,,13.0,0.048299999999999996,,41.311922,-105.581147,2020,8,26,14
West,Knight Hall,2020-08-26T15:00:00,70.0,,,,,,,13.0,0.048299999999999996,,41.311922,-105.581147,2020,8,26,15
West,Knight Hall,2020-08-26T16:00:00,70.0,,,,,,,14.0,0.048299999999999996,,41.311922,-105.581147,2020,8,26,16
West,Knight Hall,2020-08-26T17:00:00,40.0,,,,,,,13.0,0.0276,,41.311922,-105.581147,2020,8,26,17
West,Knight Hall,2020-08-26T18:00:00,50.0,,,,,,,10.0,0.034499999999999996,,41.311922,-105.581147,2020,8,26,18
West,Knight Hall,2020-08-26T19:00:00,40.0,,,,,,,4.0,0.0276,,41.311922,-105.581147,2020,8,26,19
West,Knight Hall,2020-08-26T20:00:00,40.0,,,,,,,2.0,0.0276,,41.311922,-105.581147,2020,8,26,20
West,Knight Hall,2020-08-26T21:00:00,30.0,,,,,,,2.0,0.0207,,41.311922,-105.581147,2020,8,26,21
West,Knight Hall,2020-08-26T22:00:00,30.0,,,,,,,2.0,0.0207,,41.311922,-105.581147,2020,8,26,22
West,Knight Hall,2020-08-26T23:00:00,30.0,,,,,,,2.0,0.0207,,41.311922,-105.581147,2020,8,26,23
West,Knight Hall,2020-08-27T00:00:00,30.0,,,,,,,1.0,0.0207,,41.311922,-105.581147,2020,8,27,0
West,Knight Hall,2020-08-27T01:00:00,30.0,,,,,,,2.0,0.0207,,41.311922,-105.581147,2020,8,27,1
West,Knight Hall,2020-08-27T02:00:00,20.0,,,,,,,2.0,0.0138,,41.311922,-105.581147,2020,8,27,2
West,Knight Hall,2020-08-27T03:00:00,30.0,,,,,,,1.0,0.0207,,41.311922,-105.581147,2020,8,27,3
West,Knight Hall,2020-08-27T04:00:00,30.0,,,,,,,6.0,0.0207,,41.311922,-105.581147,2020,8,27,4
West,Knight Hall,2020-08-27T05:00:00,30.0,,,,,,,4.0,0.0207,,41.311922,-105.581147,2020,8,27,5
West,Knight Hall,2020-08-27T06:00:00,40.0,,,,,,,4.0,0.0276,,41.311922,-105.581147,2020,8,27,6
West,Knight Hall,2020-08-27T07:00:00,50.0,,,,,,,5.0,0.034499999999999996,,41.311922,-105.581147,2020,8,27,7
West,Knight Hall,2020-08-27T08:00:00,60.0,,,,,,,6.0,0.0414,,41.311922,-105.581147,2020,8,27,8
West,Knight Hall,2020-08-27T09:00:00,70.0,,,,,,,8.0,0.048299999999999996,,41.311922,-105.581147,2020,8,27,9
West,Knight Hall,2020-08-27T10:00:00,70.0,,,,,,,9.0,0.048299999999999996,,41.311922,-105.581147,2020,8,27,10
West,Knight Hall,2020-08-27T11:00:00,70.0,,,,,,,10.0,0.048299999999999996,,41.311922,-105.581147,2020,8,27,11
West,Knight Hall,2020-08-27T12:00:00,70.0,,,,,,,11.0,0.048299999999999996,,41.311922,-105.581147,2020,8,27,12
West,Knight Hall,2020-08-27T13:00:00,70.0,,,,,,,11.0,0.048299999999999996,,41.311922,-105.581147,2020,8,27,13
West,Knight Hall,2020-08-27T14:00:00,70.0,,,,,,,11.0,0.048299999999999996,,41.311922,-105.581147,2020,8,27,14
West,Knight Hall,2020-08-27T15:00:00,70.0,,,,,,,12.0,0.048299999999999996,,41.311922,-105.581147,2020,8,27,15
West,Knight Hall,2020-08-27T16:00:00,60.0,,,,,,,12.0,0.0414,,41.311922,-105.581147,2020,8,27,16
West,Knight Hall,2020-08-27T17:00:00,60.0,,,,,,,11.0,0.0414,,41.311922,-105.581147,2020,8,27,17
West,Knight Hall,2020-08-27T18:00:00,50.0,,,,,,,10.0,0.034499999999999996,,41.311922,-105.581147,2020,8,27,18
West,Knight Hall,2020-08-27T19:00:00,40.0,,,,,,,4.0,0.0276,,41.311922,-105.581147,2020,8,27,19
West,Knight Hall,2020-08-27T20:00:00,30.0,,,,,,,2.0,0.0207,,41.311922,-105.581147,2020,8,27,20
West,Knight Hall,2020-08-27T21:00:00,40.0,,,,,,,2.0,0.0276,,41.311922,-105.581147,2020,8,27,21
West,Knight Hall,2020-08-27T22:00:00,40.0,,,,,,,2.0,0.0276,,41.311922,-105.581147,2020,8,27,22
West,Knight Hall,2020-08-27T23:00:00,30.0,,,,,,,2.0,0.0207,,41.311922,-105.581147,2020,8,27,23
West,Knight Hall,2020-08-28T00:00:00,20.0,,,,,,,1.0,0.0138,,41.311922,-105.581147,2020,8,28,0
West,Knight Hall,2020-08-28T01:00:00,30.0,,,,,,,2.0,0.0207,,41.311922,-105.581147,2020,8,28,1
West,Knight Hall,2020-08-28T02:00:00,30.0,,,,,,,2.0,0.0207,,41.311922,-105.581147,2020,8,28,2
West,Knight Hall,2020-08-28T03:00:00,30.0,,,,,,,1.0,0.0207,,41.311922,-105.581147,2020,8,28,3
West,Knight Hall,2020-08-28T04:00:00,30.0,,,,,,,5.0,0.0207,,41.311922,-105.581147,2020,8,28,4
West,Knight Hall,2020-08-28T05:00:00,30.0,,,,,,,5.0,0.0207,,41.311922,-105.581147,2020,8,28,5
West,Knight Hall,2020-08-28T06:00:00,30.0,,,,,,,5.0,0.0207,,41.311922,-105.581147,2020,8,28,6
West,Knight Hall,2020-08-28T07:00:00,40.0,,,,,,,6.0,0.0276,,41.311922,-105.581147,2020,8,28,7
West,Knight Hall,2020-08-28T08:00:00,60.0,,,,,,,7.0,0.0414,,41.311922,-105.581147,2020,8,28,8
West,Knight Hall,2020-08-28T09:00:00,70.0,,,,,,,9.0,0.048299999999999996,,41.311922,-105.581147,2020,8,28,9
West,Knight Hall,2020-08-28T10:00:00,70.0,,,,,,,11.0,0.048299999999999996,,41.311922,-105.581147,2020,8,28,10
West,Knight Hall,2020-08-28T11:00:00,60.0,,,,,,,13.0,0.0414,,41.311922,-105.581147,2020,8,28,11
West,Knight Hall,2020-08-28T12:00:00,70.0,,,,,,,15.0,0.048299999999999996,,41.311922,-105.581147,2020,8,28,12
West,Knight Hall,2020-08-28T13:00:00,70.0,,,,,,,16.0,0.048299999999999996,,41.311922,-105.581147,2020,8,28,13
West,Knight Hall,2020-08-28T14:00:00,70.0,,,,,,,14.0,0.048299999999999996,,41.311922,-105.581147,2020,8,28,14
West,Knight Hall,2020-08-28T15:00:00,60.0,,,,,,,14.0,0.0414,,41.311922,-105.581147,2020,8,28,15
West,Knight Hall,2020-08-28T16:00:00,60.0,,,,,,,16.0,0.0414,,41.311922,-105.581147,2020,8,28,16
West,Knight Hall,2020-08-28T17:00:00,40.0,,,,,,,16.0,0.0276,,41.311922,-105.581147,2020,8,28,17
West,Knight Hall,2020-08-28T18:00:00,50.0,,,,,,,13.0,0.034499999999999996,,41.311922,-105.581147,2020,8,28,18
West,Knight Hall,2020-08-28T19:00:00,30.0,,,,,,,6.0,0.0207,,41.311922,-105.581147,2020,8,28,19
West,Knight Hall,2020-08-28T20:00:00,40.0,,,,,,,3.0,0.0276,,41.311922,-105.581147,2020,8,28,20
West,Knight Hall,2020-08-28T21:00:00,30.0,,,,,,,2.0,0.0207,,41.311922,-105.581147,2020,8,28,21
West,Knight Hall,2020-08-28T22:00:00,30.0,,,,,,,2.0,0.0207,,41.311922,-105.581147,2020,8,28,22
West,Knight Hall,2020-08-28T23:00:00,30.0,,,,,,,2.0,0.0207,,41.311922,-105.581147,2020,8,28,23
West,Knight Hall,2020-08-29T00:00:00,20.0,,,,,,,2.0,0.0138,,41.311922,-105.581147,2020,8,29,0
West,Knight Hall,2020-08-29T01:00:00,30.0,,,,,,,2.0,0.0207,,41.311922,-105.581147,2020,8,29,1
West,Knight Hall,2020-08-29T02:00:00,30.0,,,,,,,2.0,0.0207,,41.311922,-105.581147,2020,8,29,2
West,Knight Hall,2020-08-29T03:00:00,20.0,,,,,,,2.0,0.0138,,41.311922,-105.581147,2020,8,29,3
West,Knight Hall,2020-08-29T04:00:00,30.0,,,,,,,6.0,0.0207,,41.311922,-105.581147,2020,8,29,4
West,Knight Hall,2020-08-29T05:00:00,20.0,,,,,,,6.0,0.0138,,41.311922,-105.581147,2020,8,29,5
West,Knight Hall,2020-08-29T06:00:00,30.0,,,,,,,7.0,0.0207,,41.311922,-105.581147,2020,8,29,6
West,Knight Hall,2020-08-29T07:00:00,30.0,,,,,,,6.0,0.0207,,41.311922,-105.581147,2020,8,29,7
West,Knight Hall,2020-08-29T08:00:00,30.0,,,,,,,8.0,0.0207,,41.311922,-105.581147,2020,8,29,8
West,Knight Hall,2020-08-29T09:00:00,40.0,,,,,,,10.0,0.0276,,41.311922,-105.581147,2020,8,29,9
West,Knight Hall,2020-08-29T10:00:00,30.0,,,,,,,11.0,0.0207,,41.311922,-105.581147,2020,8,29,10
West,Knight Hall,2020-08-29T11:00:00,30.0,,,,,,,12.0,0.0207,,41.311922,-105.581147,2020,8,29,11
West,Knight Hall,2020-08-29T12:00:00,30.0,,,,,,,13.0,0.0207,,41.311922,-105.581147,2020,8,29,12
West,Knight Hall,2020-08-29T13:00:00,40.0,,,,,,,15.0,0.0276,,41.311922,-105.581147,2020,8,29,13
West,Knight Hall,2020-08-29T14:00:00,30.0,,,,,,,15.0,0.0207,,41.311922,-105.581147,2020,8,29,14
West,Knight Hall,2020-08-29T15:00:00,30.0,,,,,,,17.0,0.0207,,41.311922,-105.581147,2020,8,29,15
West,Knight Hall,2020-08-29T16:00:00,30.0,,,,,,,17.0,0.0207,,41.311922,-105.581147,2020,8,29,16
West,Knight Hall,2020-08-29T17:00:00,30.0,,,,,,,16.0,0.0207,,41.311922,-105.581147,2020,8,29,17
West,Knight Hall,2020-08-29T18:00:00,30.0,,,,,,,12.0,0.0207,,41.311922,-105.581147,2020,8,29,18
West,Knight Hall,2020-08-29T19:00:00,20.0,,,,,,,4.0,0.0138,,41.311922,-105.581147,2020,8,29,19
West,Knight Hall,2020-08-29T20:00:00,30.0,,,,,,,2.0,0.0207,,41.311922,-105.581147,2020,8,29,20
West,Knight Hall,2020-08-29T21:00:00,30.0,,,,,,,3.0,0.0207,,41.311922,-105.581147,2020,8,29,21
West,Knight Hall,2020-08-29T22:00:00,20.0,,,,,,,2.0,0.0138,,41.311922,-105.581147,2020,8,29,22
West,Knight Hall,2020-08-29T23:00:00,30.0,,,,,,,3.0,0.0207,,41.311922,-105.581147,2020,8,29,23
West,Knight Hall,2020-08-30T00:00:00,20.0,,,,,,,2.0,0.0138,,41.311922,-105.581147,2020,8,30,0
West,Knight Hall,2020-08-30T01:00:00,30.0,,,,,,,2.0,0.0207,,41.311922,-105.581147,2020,8,30,1
West,Knight Hall,2020-08-30T02:00:00,30.0,,,,,,,2.0,0.0207,,41.311922,-105.581147,2020,8,30,2
West,Knight Hall,2020-08-30T03:00:00,20.0,,,,,,,2.0,0.0138,,41.311922,-105.581147,2020,8,30,3
West,Knight Hall,2020-08-30T04:00:00,30.0,,,,,,,7.0,0.0207,,41.311922,-105.581147,2020,8,30,4
West,Knight Hall,2020-08-30T05:00:00,30.0,,,,,,,6.0,0.0207,,41.311922,-105.581147,2020,8,30,5
West,Knight Hall,2020-08-30T06:00:00,20.0,,,,,,,6.0,0.0138,,41.311922,-105.581147,2020,8,30,6
West,Knight Hall,2020-08-30T07:00:00,30.0,,,,,,,7.0,0.0207,,41.311922,-105.581147,2020,8,30,7
West,Knight Hall,2020-08-30T08:00:00,30.0,,,,,,,8.0,0.0207,,41.311922,-105.581147,2020,8,30,8
West,Knight Hall,2020-08-30T09:00:00,30.0,,,,,,,10.0,0.0207,,41.311922,-105.581147,2020,8,30,9
West,Knight Hall,2020-08-30T10:00:00,30.0,,,,,,,11.0,0.0207,,41.311922,-105.581147,2020,8,30,10
West,Knight Hall,2020-08-30T11:00:00,30.0,,,,,,,14.0,0.0207,,41.311922,-105.581147,2020,8,30,11
West,Knight Hall,2020-08-30T12:00:00,30.0,,,,,,,13.0,0.0207,,41.311922,-105.581147,2020,8,30,12
West,Knight Hall,2020-08-30T13:00:00,30.0,,,,,,,11.0,0.0207,,41.311922,-105.581147,2020,8,30,13
West,Knight Hall,2020-08-30T14:00:00,30.0,,,,,,,13.0,0.0207,,41.311922,-105.581147,2020,8,30,14
West,Knight Hall,2020-08-30T15:00:00,30.0,,,,,,,15.0,0.0207,,41.311922,-105.581147,2020,8,30,15
West,Knight Hall,2020-08-30T16:00:00,30.0,,,,,,,15.0,0.0207,,41.311922,-105.581147,2020,8,30,16
West,Knight Hall,2020-08-30T17:00:00,30.0,,,,,,,13.0,0.0207,,41.311922,-105.581147,2020,8,30,17
West,Knight Hall,2020-08-30T18:00:00,20.0,,,,,,,10.0,0.0138,,41.311922,-105.581147,2020,8,30,18
West,Knight Hall,2020-08-30T19:00:00,30.0,,,,,,,3.0,0.0207,,41.311922,-105.581147,2020,8,30,19
West,Knight Hall,2020-08-30T20:00:00,30.0,,,,,,,3.0,0.0207,,41.311922,-105.581147,2020,8,30,20
West,Knight Hall,2020-08-30T21:00:00,20.0,,,,,,,2.0,0.0138,,41.311922,-105.581147,2020,8,30,21
West,Knight Hall,2020-08-30T22:00:00,30.0,,,,,,,2.0,0.0207,,41.311922,-105.581147,2020,8,30,22
West,Knight Hall,2020-08-30T23:00:00,30.0,,,,,,,2.0,0.0207,,41.311922,-105.581147,2020,8,30,23
West,Knight Hall,2020-08-31T00:00:00,20.0,,,,,,,1.0,0.0138,,41.311922,-105.581147,2020,8,31,0
West,Knight Hall,2020-08-31T01:00:00,30.0,,,,,,,2.0,0.0207,,41.311922,-105.581147,2020,8,31,1
West,Knight Hall,2020-08-31T02:00:00,30.0,,,,,,,3.0,0.0207,,41.311922,-105.581147,2020,8,31,2
West,Knight Hall,2020-08-31T03:00:00,20.0,,,,,,,1.0,0.0138,,41.311922,-105.581147,2020,8,31,3
West,Knight Hall,2020-08-31T04:00:00,30.0,,,,,,,2.0,0.0207,,41.311922,-105.581147,2020,8,31,4
West,Knight Hall,2020-08-31T05:00:00,30.0,,,,,,,1.0,0.0207,,41.311922,-105.581147,2020,8,31,5
West,Knight Hall,2020-08-31T06:00:00,30.0,,,,,,,1.0,0.0207,,41.311922,-105.581147,2020,8,31,6
West,Knight Hall,2020-08-31T07:00:00,40.0,,,,,,,1.0,0.0276,,41.311922,-105.581147,2020,8,31,7
West,Knight Hall,2020-08-31T08:00:00,70.0,,,,,,,7.0,0.048299999999999996,,41.311922,-105.581147,2020,8,31,8
West,Knight Hall,2020-08-31T09:00:00,70.0,,,,,,,9.0,0.048299999999999996,,41.311922,-105.581147,2020,8,31,9
West,Knight Hall,2020-08-31T10:00:00,70.0,,,,,,,10.0,0.048299999999999996,,41.311922,-105.581147,2020,8,31,10
West,Knight Hall,2020-08-31T11:00:00,70.0,,,,,,,12.0,0.048299999999999996,,41.311922,-105.581147,2020,8,31,11
West,Knight Hall,2020-08-31T12:00:00,70.0,,,,,,,14.0,0.048299999999999996,,41.311922,-105.581147,2020,8,31,12
West,Knight Hall,2020-08-31T13:00:00,60.0,,,,,,,14.0,0.0414,,41.311922,-105.581147,2020,8,31,13
West,Knight Hall,2020-08-31T14:00:00,70.0,,,,,,,14.0,0.048299999999999996,,41.311922,-105.581147,2020,8,31,14
West,Knight Hall,2020-08-31T15:00:00,70.0,,,,,,,14.0,0.048299999999999996,,41.311922,-105.581147,2020,8,31,15
West,Knight Hall,2020-08-31T16:00:00,70.0,,,,,,,7.0,0.048299999999999996,,41.311922,-105.581147,2020,8,31,16
West,Knight Hall,2020-08-31T17:00:00,40.0,,,,,,,4.0,0.0276,,41.311922,-105.581147,2020,8,31,17
West,Knight Hall,2020-08-31T18:00:00,40.0,,,,,,,4.0,0.0276,,41.311922,-105.581147,2020,8,31,18
West,Knight Hall,2020-08-31T19:00:00,40.0,,,,,,,3.0,0.0276,,41.311922,-105.581147,2020,8,31,19
West,Knight Hall,2020-08-31T20:00:00,30.0,,,,,,,3.0,0.0207,,41.311922,-105.581147,2020,8,31,20
West,Knight Hall,2020-08-31T21:00:00,30.0,,,,,,,3.0,0.0207,,41.311922,-105.581147,2020,8,31,21
West,Knight Hall,2020-08-31T22:00:00,30.0,,,,,,,3.0,0.0207,,41.311922,-105.581147,2020,8,31,22
West,Knight Hall,2020-08-31T23:00:00,30.0,,,,,,,3.0,0.0207,,41.311922,-105.581147,2020,8,31,23
West,Knight Hall,2020-09-01T00:00:00,30.0,,,,,,,3.0,0.0207,,41.311922,-105.581147,2020,9,1,0
West,Knight Hall,2020-09-01T01:00:00,30.0,,,,,,,2.0,0.0207,,41.311922,-105.581147,2020,9,1,1
West,Knight Hall,2020-09-01T02:00:00,20.0,,,,,,,3.0,0.0138,,41.311922,-105.581147,2020,9,1,2
West,Knight Hall,2020-09-01T03:00:00,30.0,,,,,,,2.0,0.0207,,41.311922,-105.581147,2020,9,1,3
West,Knight Hall,2020-09-01T04:00:00,30.0,,,,,,,1.0,0.0207,,41.311922,-105.581147,2020,9,1,4
West,Knight Hall,2020-09-01T05:00:00,30.0,,,,,,,2.0,0.0207,,41.311922,-105.581147,2020,9,1,5
West,Knight Hall,2020-09-01T06:00:00,30.0,,,,,,,1.0,0.0207,,41.311922,-105.581147,2020,9,1,6
West,Knight Hall,2020-09-01T07:00:00,50.0,,,,,,,2.0,0.034499999999999996,,41.311922,-105.581147,2020,9,1,7
West,Knight Hall,2020-09-01T08:00:00,70.0,,,,,,,8.0,0.048299999999999996,,41.311922,-105.581147,2020,9,1,8
West,Knight Hall,2020-09-01T09:00:00,70.0,,,,,,,10.0,0.048299999999999996,,41.311922,-105.581147,2020,9,1,9
West,Knight Hall,2020-09-01T10:00:00,70.0,,,,,,,12.0,0.048299999999999996,,41.311922,-105.581147,2020,9,1,10
West,Knight Hall,2020-09-01T11:00:00,70.0,,,,,,,14.0,0.048299999999999996,,41.311922,-105.581147,2020,9,1,11
West,Knight Hall,2020-09-01T12:00:00,70.0,,,,,,,14.0,0.048299999999999996,,41.311922,-105.581147,2020,9,1,12
West,Knight Hall,2020-09-01T13:00:00,70.0,,,,,,,14.0,0.048299999999999996,,41.311922,-105.581147,2020,9,1,13
West,Knight Hall,2020-09-01T14:00:00,60.0,,,,,,,15.0,0.0414,,41.311922,-105.581147,2020,9,1,14
West,Knight Hall,2020-09-01T15:00:00,70.0,,,,,,,14.0,0.048299999999999996,,41.311922,-105.581147,2020,9,1,15
West,Knight Hall,2020-09-01T16:00:00,60.0,,,,,,,6.0,0.0414,,41.311922,-105.581147,2020,9,1,16
West,Knight Hall,2020-09-01T17:00:00,40.0,,,,,,,6.0,0.0276,,41.311922,-105.581147,2020,9,1,17
West,Knight Hall,2020-09-01T18:00:00,50.0,,,,,,,4.0,0.034499999999999996,,41.311922,-105.581147,2020,9,1,18
West,Knight Hall,2020-09-01T19:00:00,30.0,,,,,,,5.0,0.0207,,41.311922,-105.581147,2020,9,1,19
West,Knight Hall,2020-09-01T20:00:00,40.0,,,,,,,4.0,0.0276,,41.311922,-105.581147,2020,9,1,20
West,Knight Hall,2020-09-01T21:00:00,30.0,,,,,,,2.0,0.0207,,41.311922,-105.581147,2020,9,1,21
West,Knight Hall,2020-09-01T22:00:00,30.0,,,,,,,2.0,0.0207,,41.311922,-105.581147,2020,9,1,22
West,Knight Hall,2020-09-01T23:00:00,30.0,,,,,,,2.0,0.0207,,41.311922,-105.581147,2020,9,1,23
West,Knight Hall,2020-09-02T00:00:00,20.0,,,,,,,,0.0138,,41.311922,-105.581147,2020,9,2,0
West,Knight Hall,2020-09-02T01:00:00,30.0,,,,,,,,0.0207,,41.311922,-105.581147,2020,9,2,1
West,Knight Hall,2020-09-02T02:00:00,20.0,,,,,,,,0.0138,,41.311922,-105.581147,2020,9,2,2
West,Knight Hall,2020-09-02T03:00:00,30.0,,,,,,,,0.0207,,41.311922,-105.581147,2020,9,2,3
West,Knight Hall,2020-09-02T04:00:00,30.0,,,,,,,,0.0207,,41.311922,-105.581147,2020,9,2,4
West,Knight Hall,2020-09-02T05:00:00,30.0,,,,,,,,0.0207,,41.311922,-105.581147,2020,9,2,5
West,Knight Hall,2020-09-02T06:00:00,30.0,,,,,,,,0.0207,,41.311922,-105.581147,2020,9,2,6
West,Knight Hall,2020-09-02T07:00:00,40.0,,,,,,,,0.0276,,41.311922,-105.581147,2020,9,2,7
West,Knight Hall,2020-09-02T08:00:00,60.0,,,,,,,,0.0414,,41.311922,-105.581147,2020,9,2,8
West,Knight Hall,2020-09-02T09:00:00,70.0,,,,,,,,0.048299999999999996,,41.311922,-105.581147,2020,9,2,9
West,Knight Hall,2020-09-02T10:00:00,70.0,,,,,,,,0.048299999999999996,,41.311922,-105.581147,2020,9,2,10
West,Knight Hall,2020-09-02T11:00:00,70.0,,,,,,,,0.048299999999999996,,41.311922,-105.581147,2020,9,2,11
West,Knight Hall,2020-09-02T12:00:00,70.0,,,,,,,,0.048299999999999996,,41.311922,-105.581147,2020,9,2,12
West,Knight Hall,2020-09-02T13:00:00,70.0,,,,,,,,0.048299999999999996,,41.311922,-105.581147,2020,9,2,13
West,Knight Hall,2020-09-02T14:00:00,70.0,,,,,,,,0.048299999999999996,,41.311922,-105.581147,2020,9,2,14
West,Knight Hall,2020-09-02T15:00:00,60.0,,,,,,,,0.0414,,41.311922,-105.581147,2020,9,2,15
West,Knight Hall,2020-09-02T16:00:00,70.0,,,,,,,,0.048299999999999996,,41.311922,-105.581147,2020,9,2,16
West,Knight Hall,2020-09-02T17:00:00,50.0,,,,,,,,0.034499999999999996,,41.311922,-105.581147,2020,9,2,17
West,Knight Hall,2020-09-02T18:00:00,40.0,,,,,,,13.0,0.0276,,41.311922,-105.581147,2020,9,2,18
West,Knight Hall,2020-09-02T19:00:00,40.0,,,,,,,6.0,0.0276,,41.311922,-105.581147,2020,9,2,19
West,Knight Hall,2020-09-02T20:00:00,30.0,,,,,,,4.0,0.0207,,41.311922,-105.581147,2020,9,2,20
West,Knight Hall,2020-09-02T21:00:00,40.0,,,,,,,3.0,0.0276,,41.311922,-105.581147,2020,9,2,21
West,Knight Hall,2020-09-02T22:00:00,30.0,,,,,,,3.0,0.0207,,41.311922,-105.581147,2020,9,2,22
West,Knight Hall,2020-09-02T23:00:00,20.0,,,,,,,2.0,0.0138,,41.311922,-105.581147,2020,9,2,23
West,Knight Hall,2020-09-03T00:00:00,30.0,,,,,,,2.0,0.0207,,41.311922,-105.581147,2020,9,3,0
West,Knight Hall,2020-09-03T01:00:00,30.0,,,,,,,3.0,0.0207,,41.311922,-105.581147,2020,9,3,1
West,Knight Hall,2020-09-03T02:00:00,20.0,,,,,,,2.0,0.0138,,41.311922,-105.581147,2020,9,3,2
West,Knight Hall,2020-09-03T03:00:00,30.0,,,,,,,2.0,0.0207,,41.311922,-105.581147,2020,9,3,3
West,Knight Hall,2020-09-03T04:00:00,30.0,,,,,,,6.0,0.0207,,41.311922,-105.581147,2020,9,3,4
West,Knight Hall,2020-09-03T05:00:00,30.0,,,,,,,6.0,0.0207,,41.311922,-105.581147,2020,9,3,5
West,Knight Hall,2020-09-03T06:00:00,30.0,,,,,,,7.0,0.0207,,41.311922,-105.581147,2020,9,3,6
West,Knight Hall,2020-09-03T07:00:00,30.0,,,,,,,6.0,0.0207,,41.311922,-105.581147,2020,9,3,7
West,Knight Hall,2020-09-03T08:00:00,40.0,,,,,,,7.0,0.0276,,41.311922,-105.581147,2020,9,3,8
West,Knight Hall,2020-09-03T09:00:00,50.0,,,,,,,8.0,0.034499999999999996,,41.311922,-105.581147,2020,9,3,9
West,Knight Hall,2020-09-03T10:00:00,40.0,,,,,,,8.0,0.0276,,41.311922,-105.581147,2020,9,3,10
West,Knight Hall,2020-09-03T11:00:00,50.0,,,,,,,11.0,0.034499999999999996,,41.311922,-105.581147,2020,9,3,11
West,Knight Hall,2020-09-03T12:00:00,40.0,,,,,,,14.0,0.0276,,41.311922,-105.581147,2020,9,3,12
West,Knight Hall,2020-09-03T13:00:00,50.0,,,,,,,16.0,0.034499999999999996,,41.311922,-105.581147,2020,9,3,13
West,Knight Hall,2020-09-03T14:00:00,40.0,,,,,,,15.0,0.0276,,41.311922,-105.581147,2020,9,3,14
West,Knight Hall,2020-09-03T15:00:00,50.0,,,,,,,16.0,0.034499999999999996,,41.311922,-105.581147,2020,9,3,15
West,Knight Hall,2020-09-03T16:00:00,40.0,,,,,,,16.0,0.0276,,41.311922,-105.581147,2020,9,3,16
West,Knight Hall,2020-09-03T17:00:00,40.0,,,,,,,16.0,0.0276,,41.311922,-105.581147,2020,9,3,17
West,Knight Hall,2020-09-03T18:00:00,40.0,,,,,,,15.0,0.0276,,41.311922,-105.581147,2020,9,3,18
West,Knight Hall,2020-09-03T19:00:00,30.0,,,,,,,6.0,0.0207,,41.311922,-105.581147,2020,9,3,19
West,Knight Hall,2020-09-03T20:00:00,30.0,,,,,,,4.0,0.0207,,41.311922,-105.581147,2020,9,3,20
West,Knight Hall,2020-09-03T21:00:00,30.0,,,,,,,3.0,0.0207,,41.311922,-105.581147,2020,9,3,21
West,Knight Hall,2020-09-03T22:00:00,30.0,,,,,,,3.0,0.0207,,41.311922,-105.581147,2020,9,3,22
West,Knight Hall,2020-09-03T23:00:00,30.0,,,,,,,2.0,0.0207,,41.311922,-105.581147,2020,9,3,23
West,Knight Hall,2020-09-04T00:00:00,20.0,,,,,,,3.0,0.0138,,41.311922,-105.581147,2020,9,4,0
West,Knight Hall,2020-09-04T01:00:00,30.0,,,,,,,2.0,0.0207,,41.311922,-105.581147,2020,9,4,1
West,Knight Hall,2020-09-04T02:00:00,30.0,,,,,,,2.0,0.0207,,41.311922,-105.581147,2020,9,4,2
West,Knight Hall,2020-09-04T03:00:00,20.0,,,,,,,3.0,0.0138,,41.311922,-105.581147,2020,9,4,3
West,Knight Hall,2020-09-04T04:00:00,30.0,,,,,,,8.0,0.0207,,41.311922,-105.581147,2020,9,4,4
West,Knight Hall,2020-09-04T05:00:00,30.0,,,,,,,8.0,0.0207,,41.311922,-105.581147,2020,9,4,5
West,Knight Hall,2020-09-04T06:00:00,30.0,,,,,,,8.0,0.0207,,41.311922,-105.581147,2020,9,4,6
West,Knight Hall,2020-09-04T07:00:00,30.0,,,,,,,8.0,0.0207,,41.311922,-105.581147,2020,9,4,7
West,Knight Hall,2020-09-04T08:00:00,40.0,,,,,,,9.0,0.0276,,41.311922,-105.581147,2020,9,4,8
West,Knight Hall,2020-09-04T09:00:00,40.0,,,,,,,10.0,0.0276,,41.311922,-105.581147,2020,9,4,9
West,Knight Hall,2020-09-04T10:00:00,40.0,,,,,,,13.0,0.0276,,41.311922,-105.581147,2020,9,4,10
West,Knight Hall,2020-09-04T11:00:00,40.0,,,,,,,15.0,0.0276,,41.311922,-105.581147,2020,9,4,11
West,Knight Hall,2020-09-04T12:00:00,40.0,,,,,,,16.0,0.0276,,41.311922,-105.581147,2020,9,4,12
West,Knight Hall,2020-09-04T13:00:00,40.0,,,,,,,16.0,0.0276,,41.311922,-105.581147,2020,9,4,13
West,Knight Hall,2020-09-04T14:00:00,50.0,,,,,,,16.0,0.034499999999999996,,41.311922,-105.581147,2020,9,4,14
West,Knight Hall,2020-09-04T15:00:00,40.0,,,,,,,16.0,0.0276,,41.311922,-105.581147,2020,9,4,15
West,Knight Hall,2020-09-04T16:00:00,40.0,,,,,,,16.0,0.0276,,41.311922,-105.581147,2020,9,4,16
West,Knight Hall,2020-09-04T17:00:00,30.0,,,,,,,15.0,0.0207,,41.311922,-105.581147,2020,9,4,17
West,Knight Hall,2020-09-04T18:00:00,40.0,,,,,,,14.0,0.0276,,41.311922,-105.581147,2020,9,4,18
West,Knight Hall,2020-09-04T19:00:00,30.0,,,,,,,6.0,0.0207,,41.311922,-105.581147,2020,9,4,19
West,Knight Hall,2020-09-04T20:00:00,30.0,,,,,,,4.0,0.0207,,41.311922,-105.581147,2020,9,4,20
West,Knight Hall,2020-09-04T21:00:00,30.0,,,,,,,3.0,0.0207,,41.311922,-105.581147,2020,9,4,21
West,Knight Hall,2020-09-04T22:00:00,30.0,,,,,,,2.0,0.0207,,41.311922,-105.581147,2020,9,4,22
West,Knight Hall,2020-09-04T23:00:00,20.0,,,,,,,3.0,0.0138,,41.311922,-105.581147,2020,9,4,23
West,Knight Hall,2020-09-05T00:00:00,30.0,,,,,,,2.0,0.0207,,41.311922,-105.581147,2020,9,5,0
West,Knight Hall,2020-09-05T01:00:00,20.0,,,,,,,2.0,0.0138,,41.311922,-105.581147,2020,9,5,1
West,Knight Hall,2020-09-05T02:00:00,30.0,,,,,,,3.0,0.0207,,41.311922,-105.581147,2020,9,5,2
West,Knight Hall,2020-09-05T03:00:00,20.0,,,,,,,2.0,0.0138,,41.311922,-105.581147,2020,9,5,3
West,Knight Hall,2020-09-05T04:00:00,30.0,,,,,,,8.0,0.0207,,41.311922,-105.581147,2020,9,5,4
West,Knight Hall,2020-09-05T05:00:00,30.0,,,,,,,8.0,0.0207,,41.311922,-105.581147,2020,9,5,5
West,Knight Hall,2020-09-05T06:00:00,20.0,,,,,,,7.0,0.0138,,41.311922,-105.581147,2020,9,5,6
West,Knight Hall,2020-09-05T07:00:00,30.0,,,,,,,8.0,0.0207,,41.311922,-105.581147,2020,9,5,7
West,Knight Hall,2020-09-05T08:00:00,30.0,,,,,,,9.0,0.0207,,41.311922,-105.581147,2020,9,5,8
West,Knight Hall,2020-09-05T09:00:00,30.0,,,,,,,11.0,0.0207,,41.311922,-105.581147,2020,9,5,9
West,Knight Hall,2020-09-05T10:00:00,30.0,,,,,,,14.0,0.0207,,41.311922,-105.581147,2020,9,5,10
West,Knight Hall,2020-09-05T11:00:00,30.0,,,,,,,15.0,0.0207,,41.311922,-105.581147,2020,9,5,11
West,Knight Hall,2020-09-05T12:00:00,40.0,,,,,,,15.0,0.0276,,41.311922,-105.581147,2020,9,5,12
West,Knight Hall,2020-09-05T13:00:00,30.0,,,,,,,16.0,0.0207,,41.311922,-105.581147,2020,9,5,13
West,Knight Hall,2020-09-05T14:00:00,30.0,,,,,,,16.0,0.0207,,41.311922,-105.581147,2020,9,5,14
West,Knight Hall,2020-09-05T15:00:00,30.0,,,,,,,15.0,0.0207,,41.311922,-105.581147,2020,9,5,15
West,Knight Hall,2020-09-05T16:00:00,20.0,,,,,,,16.0,0.0138,,41.311922,-105.581147,2020,9,5,16
West,Knight Hall,2020-09-05T17:00:00,30.0,,,,,,,15.0,0.0207,,41.311922,-105.581147,2020,9,5,17
West,Knight Hall,2020-09-05T18:00:00,30.0,,,,,,,14.0,0.0207,,41.311922,-105.581147,2020,9,5,18
West,Knight Hall,2020-09-05T19:00:00,20.0,,,,,,,6.0,0.0138,,41.311922,-105.581147,2020,9,5,19
West,Knight Hall,2020-09-05T20:00:00,30.0,,,,,,,4.0,0.0207,,41.311922,-105.581147,2020,9,5,20
West,Knight Hall,2020-09-05T21:00:00,20.0,,,,,,,3.0,0.0138,,41.311922,-105.581147,2020,9,5,21
West,Knight Hall,2020-09-05T22:00:00,30.0,,,,,,,3.0,0.0207,,41.311922,-105.581147,2020,9,5,22
West,Knight Hall,2020-09-05T23:00:00,30.0,,,,,,,2.0,0.0207,,41.311922,-105.581147,2020,9,5,23
West,Knight Hall,2020-09-06T00:00:00,20.0,,,,,,,3.0,0.0138,,41.311922,-105.581147,2020,9,6,0
West,Knight Hall,2020-09-06T01:00:00,30.0,,,,,,,2.0,0.0207,,41.311922,-105.581147,2020,9,6,1
West,Knight Hall,2020-09-06T02:00:00,30.0,,,,,,,3.0,0.0207,,41.311922,-105.581147,2020,9,6,2
West,Knight Hall,2020-09-06T03:00:00,20.0,,,,,,,2.0,0.0138,,41.311922,-105.581147,2020,9,6,3
West,Knight Hall,2020-09-06T04:00:00,30.0,,,,,,,9.0,0.0207,,41.311922,-105.581147,2020,9,6,4
West,Knight Hall,2020-09-06T05:00:00,20.0,,,,,,,8.0,0.0138,,41.311922,-105.581147,2020,9,6,5
West,Knight Hall,2020-09-06T06:00:00,30.0,,,,,,,8.0,0.0207,,41.311922,-105.581147,2020,9,6,6
West,Knight Hall,2020-09-06T07:00:00,30.0,,,,,,,8.0,0.0207,,41.311922,-105.581147,2020,9,6,7
West,Knight Hall,2020-09-06T08:00:00,30.0,,,,,,,10.0,0.0207,,41.311922,-105.581147,2020,9,6,8
West,Knight Hall,2020-09-06T09:00:00,30.0,,,,,,,11.0,0.0207,,41.311922,-105.581147,2020,9,6,9
West,Knight Hall,2020-09-06T10:00:00,30.0,,,,,,,13.0,0.0207,,41.311922,-105.581147,2020,9,6,10
West,Knight Hall,2020-09-06T11:00:00,30.0,,,,,,,16.0,0.0207,,41.311922,-105.581147,2020,9,6,11
West,Knight Hall,2020-09-06T12:00:00,30.0,,,,,,,18.0,0.0207,,41.311922,-105.581147,2020,9,6,12
West,Knight Hall,2020-09-06T13:00:00,30.0,,,,,,,18.0,0.0207,,41.311922,-105.581147,2020,9,6,13
West,Knight Hall,2020-09-06T14:00:00,30.0,,,,,,,16.0,0.0207,,41.311922,-105.581147,2020,9,6,14
West,Knight Hall,2020-09-06T15:00:00,30.0,,,,,,,11.0,0.0207,,41.311922,-105.581147,2020,9,6,15
West,Knight Hall,2020-09-06T16:00:00,30.0,,,,,,,10.0,0.0207,,41.311922,-105.581147,2020,9,6,16
West,Knight Hall,2020-09-06T17:00:00,30.0,,,,,,,11.0,0.0207,,41.311922,-105.581147,2020,9,6,17
West,Knight Hall,2020-09-06T18:00:00,30.0,,,,,,,3.0,0.0207,,41.311922,-105.581147,2020,9,6,18
West,Knight Hall,2020-09-06T19:00:00,30.0,,,,,,,2.0,0.0207,,41.311922,-105.581147,2020,9,6,19
West,Knight Hall,2020-09-06T20:00:00,20.0,,,,,,,3.0,0.0138,,41.311922,-105.581147,2020,9,6,20
West,Knight Hall,2020-09-06T21:00:00,30.0,,,,,,,2.0,0.0207,,41.311922,-105.581147,2020,9,6,21
West,Knight Hall,2020-09-06T22:00:00,30.0,,,,,,,3.0,0.0207,,41.311922,-105.581147,2020,9,6,22
West,Knight Hall,2020-09-06T23:00:00,30.0,,,,,,,2.0,0.0207,,41.311922,-105.581147,2020,9,6,23
West,Knight Hall,2020-09-07T00:00:00,20.0,,,,,,,2.0,0.0138,,41.311922,-105.581147,2020,9,7,0
West,Knight Hall,2020-09-07T01:00:00,30.0,,,,,,,2.0,0.0207,,41.311922,-105.581147,2020,9,7,1
West,Knight Hall,2020-09-07T02:00:00,30.0,,,,,,,1.0,0.0207,,41.311922,-105.581147,2020,9,7,2
West,Knight Hall,2020-09-07T03:00:00,30.0,,,,,,,2.0,0.0207,,41.311922,-105.581147,2020,9,7,3
West,Knight Hall,2020-09-07T04:00:00,30.0,,,,,,,2.0,0.0207,,41.311922,-105.581147,2020,9,7,4
West,Knight Hall,2020-09-07T05:00:00,30.0,,,,,,,1.0,0.0207,,41.311922,-105.581147,2020,9,7,5
West,Knight Hall,2020-09-07T06:00:00,30.0,,,,,,,2.0,0.0207,,41.311922,-105.581147,2020,9,7,6
West,Knight Hall,2020-09-07T07:00:00,30.0,,,,,,,1.0,0.0207,,41.311922,-105.581147,2020,9,7,7
West,Knight Hall,2020-09-07T08:00:00,40.0,,,,,,,7.0,0.0276,,41.311922,-105.581147,2020,9,7,8
West,Knight Hall,2020-09-07T09:00:00,40.0,,,,,,,9.0,0.0276,,41.311922,-105.581147,2020,9,7,9
West,Knight Hall,2020-09-07T10:00:00,30.0,,,,,,,8.0,0.0207,,41.311922,-105.581147,2020,9,7,10
West,Knight Hall,2020-09-07T11:00:00,40.0,,,,,,,9.0,0.0276,,41.311922,-105.581147,2020,9,7,11
West,Knight Hall,2020-09-07T12:00:00,40.0,,,,,,,10.0,0.0276,,41.311922,-105.581147,2020,9,7,12
West,Knight Hall,2020-09-07T13:00:00,40.0,,,,,,,12.0,0.0276,,41.311922,-105.581147,2020,9,7,13
West,Knight Hall,2020-09-07T14:00:00,40.0,,,,,,,11.0,0.0276,,41.311922,-105.581147,2020,9,7,14
West,Knight Hall,2020-09-07T15:00:00,30.0,,,,,,,12.0,0.0207,,41.311922,-105.581147,2020,9,7,15
West,Knight Hall,2020-09-07T16:00:00,40.0,,,,,,,6.0,0.0276,,41.311922,-105.581147,2020,9,7,16
West,Knight Hall,2020-09-07T17:00:00,40.0,,,,,,,4.0,0.0276,,41.311922,-105.581147,2020,9,7,17
West,Knight Hall,2020-09-07T18:00:00,30.0,,,,,,,3.0,0.0207,,41.311922,-105.581147,2020,9,7,18
West,Knight Hall,2020-09-07T19:00:00,30.0,,,,,,,3.0,0.0207,,41.311922,-105.581147,2020,9,7,19
West,Knight Hall,2020-09-07T20:00:00,30.0,,,,,,,2.0,0.0207,,41.311922,-105.581147,2020,9,7,20
West,Knight Hall,2020-09-07T21:00:00,30.0,,,,,,,2.0,0.0207,,41.311922,-105.581147,2020,9,7,21
West,Knight Hall,2020-09-07T22:00:00,20.0,,,,,,,3.0,0.0138,,41.311922,-105.581147,2020,9,7,22
West,Knight Hall,2020-09-07T23:00:00,30.0,,,,,,,2.0,0.0207,,41.311922,-105.581147,2020,9,7,23
West,Knight Hall,2020-09-08T00:00:00,20.0,,,,,,,1.0,0.0138,,41.311922,-105.581147,2020,9,8,0
West,Knight Hall,2020-09-08T01:00:00,30.0,,,,,,,2.0,0.0207,,41.311922,-105.581147,2020,9,8,1
West,Knight Hall,2020-09-08T02:00:00,20.0,,,,,,,2.0,0.0138,,41.311922,-105.581147,2020,9,8,2
West,Knight Hall,2020-09-08T03:00:00,30.0,,,,,,,1.0,0.0207,,41.311922,-105.581147,2020,9,8,3
West,Knight Hall,2020-09-08T04:00:00,20.0,,,,,,,1.0,0.0138,,41.311922,-105.581147,2020,9,8,4
West,Knight Hall,2020-09-08T05:00:00,30.0,,,,,,,2.0,0.0207,,41.311922,-105.581147,2020,9,8,5
West,Knight Hall,2020-09-08T06:00:00,30.0,,,,,,,1.0,0.0207,,41.311922,-105.581147,2020,9,8,6
West,Knight Hall,2020-09-08T07:00:00,30.0,,,,,,,2.0,0.0207,,41.311922,-105.581147,2020,9,8,7
West,Knight Hall,2020-09-08T08:00:00,40.0,,,,,,,6.0,0.0276,,41.311922,-105.581147,2020,9,8,8
West,Knight Hall,2020-09-08T09:00:00,40.0,,,,,,,8.0,0.0276,,41.311922,-105.581147,2020,9,8,9
West,Knight Hall,2020-09-08T10:00:00,40.0,,,,,,,9.0,0.0276,,41.311922,-105.581147,2020,9,8,10
West,Knight Hall,2020-09-08T11:00:00,40.0,,,,,,,11.0,0.0276,,41.311922,-105.581147,2020,9,8,11
West,Knight Hall,2020-09-08T12:00:00,50.0,,,,,,,13.0,0.034499999999999996,,41.311922,-105.581147,2020,9,8,12
West,Knight Hall,2020-09-08T13:00:00,40.0,,,,,,,13.0,0.0276,,41.311922,-105.581147,2020,9,8,13
West,Knight Hall,2020-09-08T14:00:00,40.0,,,,,,,12.0,0.0276,,41.311922,-105.581147,2020,9,8,14
West,Knight Hall,2020-09-08T15:00:00,40.0,,,,,,,10.0,0.0276,,41.311922,-105.581147,2020,9,8,15
West,Knight Hall,2020-09-08T16:00:00,40.0,,,,,,,3.0,0.0276,,41.311922,-105.581147,2020,9,8,16
West,Knight Hall,2020-09-08T17:00:00,40.0,,,,,,,2.0,0.0276,,41.311922,-105.581147,2020,9,8,17
West,Knight Hall,2020-09-08T18:00:00,30.0,,,,,,,2.0,0.0207,,41.311922,-105.581147,2020,9,8,18
West,Knight Hall,2020-09-08T19:00:00,30.0,,,,,,,2.0,0.0207,,41.311922,-105.581147,2020,9,8,19
West,Knight Hall,2020-09-08T20:00:00,30.0,,,,,,,2.0,0.0207,,41.311922,-105.581147,2020,9,8,20
West,Knight Hall,2020-09-08T21:00:00,30.0,,,,,,,2.0,0.0207,,41.311922,-105.581147,2020,9,8,21
West,Knight Hall,2020-09-08T22:00:00,30.0,,,,,,,1.0,0.0207,,41.311922,-105.581147,2020,9,8,22
West,Knight Hall,2020-09-08T23:00:00,20.0,,,,,,,2.0,0.0138,,41.311922,-105.581147,2020,9,8,23
West,Knight Hall,2020-09-09T00:00:00,30.0,,,,,,,,0.0207,,41.311922,-105.581147,2020,9,9,0
West,Knight Hall,2020-09-09T01:00:00,20.0,,,,,,,,0.0138,,41.311922,-105.581147,2020,9,9,1
West,Knight Hall,2020-09-09T02:00:00,30.0,,,,,,,,0.0207,,41.311922,-105.581147,2020,9,9,2
West,Knight Hall,2020-09-09T03:00:00,30.0,,,,,,,,0.0207,,41.311922,-105.581147,2020,9,9,3
West,Knight Hall,2020-09-09T04:00:00,30.0,,,,,,,,0.0207,,41.311922,-105.581147,2020,9,9,4
West,Knight Hall,2020-09-09T05:00:00,30.0,,,,,,,,0.0207,,41.311922,-105.581147,2020,9,9,5
West,Knight Hall,2020-09-09T06:00:00,30.0,,,,,,,,0.0207,,41.311922,-105.581147,2020,9,9,6
West,Knight Hall,2020-09-09T07:00:00,30.0,,,,,,,,0.0207,,41.311922,-105.581147,2020,9,9,7
West,Knight Hall,2020-09-09T08:00:00,30.0,,,,,,,,0.0207,,41.311922,-105.581147,2020,9,9,8
West,Knight Hall,2020-09-09T09:00:00,40.0,,,,,,,,0.0276,,41.311922,-105.581147,2020,9,9,9
West,Knight Hall,2020-09-09T10:00:00,50.0,,,,,,,,0.034499999999999996,,41.311922,-105.581147,2020,9,9,10
West,Knight Hall,2020-09-09T11:00:00,50.0,,,,,,,,0.034499999999999996,,41.311922,-105.581147,2020,9,9,11
West,Knight Hall,2020-09-09T12:00:00,40.0,,,,,,,,0.0276,,41.311922,-105.581147,2020,9,9,12
West,Knight Hall,2020-09-09T13:00:00,50.0,,,,,,,,0.034499999999999996,,41.311922,-105.581147,2020,9,9,13
West,Knight Hall,2020-09-09T14:00:00,40.0,,,,,,,,0.0276,,41.311922,-105.581147,2020,9,9,14
West,Knight Hall,2020-09-09T15:00:00,40.0,,,,,,,,0.0276,,41.311922,-105.581147,2020,9,9,15
West,Knight Hall,2020-09-09T16:00:00,40.0,,,,,,,,0.0276,,41.311922,-105.581147,2020,9,9,16
West,Knight Hall,2020-09-09T17:00:00,40.0,,,,,,,,0.0276,,41.311922,-105.581147,2020,9,9,17
West,Knight Hall,2020-09-09T18:00:00,30.0,,,,,,,,0.0207,,41.311922,-105.581147,2020,9,9,18
West,Knight Hall,2020-09-09T19:00:00,40.0,,,,,,,,0.0276,,41.311922,-105.581147,2020,9,9,19
West,Knight Hall,2020-09-09T20:00:00,30.0,,,,,,,,0.0207,,41.311922,-105.581147,2020,9,9,20
West,Knight Hall,2020-09-09T21:00:00,30.0,,,,,,,,0.0207,,41.311922,-105.581147,2020,9,9,21
West,Knight Hall,2020-09-09T22:00:00,20.0,,,,,,,,0.0138,,41.311922,-105.581147,2020,9,9,22
West,Knight Hall,2020-09-09T23:00:00,30.0,,,,,,,,0.0207,,41.311922,-105.581147,2020,9,9,23
West,Knight Hall,2020-09-10T00:00:00,30.0,,,,,,,,0.0207,,41.311922,-105.581147,2020,9,10,0
West,Knight Hall,2020-09-10T01:00:00,20.0,,,,,,,,0.0138,,41.311922,-105.581147,2020,9,10,1
West,Knight Hall,2020-09-10T02:00:00,30.0,,,,,,,,0.0207,,41.311922,-105.581147,2020,9,10,2
West,Knight Hall,2020-09-10T03:00:00,20.0,,,,,,,,0.0138,,41.311922,-105.581147,2020,9,10,3
West,Knight Hall,2020-09-10T04:00:00,30.0,,,,,,,,0.0207,,41.311922,-105.581147,2020,9,10,4
West,Knight Hall,2020-09-10T05:00:00,30.0,,,,,,,,0.0207,,41.311922,-105.581147,2020,9,10,5
West,Knight Hall,2020-09-10T06:00:00,30.0,,,,,,,,0.0207,,41.311922,-105.581147,2020,9,10,6
West,Knight Hall,2020-09-10T07:00:00,30.0,,,,,,,,0.0207,,41.311922,-105.581147,2020,9,10,7
West,Knight Hall,2020-09-10T08:00:00,40.0,,,,,,,,0.0276,,41.311922,-105.581147,2020,9,10,8
West,Knight Hall,2020-09-10T09:00:00,50.0,,,,,,,,0.034499999999999996,,41.311922,-105.581147,2020,9,10,9
West,Knight Hall,2020-09-10T10:00:00,50.0,,,,,,,,0.034499999999999996,,41.311922,-105.581147,2020,9,10,10
West,Knight Hall,2020-09-10T11:00:00,50.0,,,,,,,,0.034499999999999996,,41.311922,-105.581147,2020,9,10,11
West,Knight Hall,2020-09-10T12:00:00,40.0,,,,,,,,0.0276,,41.311922,-105.581147,2020,9,10,12
West,Knight Hall,2020-09-10T13:00:00,50.0,,,,,,,,0.034499999999999996,,41.311922,-105.581147,2020,9,10,13
West,Knight Hall,2020-09-10T14:00:00,50.0,,,,,,,,0.034499999999999996,,41.311922,-105.581147,2020,9,10,14
West,Knight Hall,2020-09-10T15:00:00,40.0,,,,,,,,0.0276,,41.311922,-105.581147,2020,9,10,15
West,Knight Hall,2020-09-10T16:00:00,50.0,,,,,,,,0.034499999999999996,,41.311922,-105.581147,2020,9,10,16
West,Knight Hall,2020-09-10T17:00:00,40.0,,,,,,,,0.0276,,41.311922,-105.581147,2020,9,10,17
West,Knight Hall,2020-09-10T18:00:00,30.0,,,,,,,,0.0207,,41.311922,-105.581147,2020,9,10,18
West,Knight Hall,2020-09-10T19:00:00,30.0,,,,,,,,0.0207,,41.311922,-105.581147,2020,9,10,19
West,Knight Hall,2020-09-10T20:00:00,30.0,,,,,,,,0.0207,,41.311922,-105.581147,2020,9,10,20
West,Knight Hall,2020-09-10T21:00:00,30.0,,,,,,,,0.0207,,41.311922,-105.581147,2020,9,10,21
West,Knight Hall,2020-09-10T22:00:00,20.0,,,,,,,,0.0138,,41.311922,-105.581147,2020,9,10,22
West,Knight Hall,2020-09-10T23:00:00,20.0,,,,,,,,0.0138,,41.311922,-105.581147,2020,9,10,23
West,Knight Hall,2020-09-11T00:00:00,30.0,,,,,,,,0.0207,,41.311922,-105.581147,2020,9,11,0
West,Knight Hall,2020-09-11T01:00:00,20.0,,,,,,,,0.0138,,41.311922,-105.581147,2020,9,11,1
West,Knight Hall,2020-09-11T02:00:00,20.0,,,,,,,,0.0138,,41.311922,-105.581147,2020,9,11,2
West,Knight Hall,2020-09-11T03:00:00,30.0,,,,,,,,0.0207,,41.311922,-105.581147,2020,9,11,3
West,Knight Hall,2020-09-11T04:00:00,20.0,,,,,,,,0.0138,,41.311922,-105.581147,2020,9,11,4
West,Knight Hall,2020-09-11T05:00:00,30.0,,,,,,,,0.0207,,41.311922,-105.581147,2020,9,11,5
West,Knight Hall,2020-09-11T06:00:00,30.0,,,,,,,,0.0207,,41.311922,-105.581147,2020,9,11,6
West,Knight Hall,2020-09-11T07:00:00,30.0,,,,,,,,0.0207,,41.311922,-105.581147,2020,9,11,7
West,Knight Hall,2020-09-11T08:00:00,40.0,,,,,,,,0.0276,,41.311922,-105.581147,2020,9,11,8
West,Knight Hall,2020-09-11T09:00:00,50.0,,,,,,,,0.034499999999999996,,41.311922,-105.581147,2020,9,11,9
West,Knight Hall,2020-09-11T10:00:00,40.0,,,,,,,,0.0276,,41.311922,-105.581147,2020,9,11,10
West,Knight Hall,2020-09-11T11:00:00,50.0,,,,,,,,0.034499999999999996,,41.311922,-105.581147,2020,9,11,11
West,Knight Hall,2020-09-11T12:00:00,50.0,,,,,,,,0.034499999999999996,,41.311922,-105.581147,2020,9,11,12
West,Knight Hall,2020-09-11T13:00:00,40.0,,,,,,,,0.0276,,41.311922,-105.581147,2020,9,11,13
West,Knight Hall,2020-09-11T14:00:00,50.0,,,,,,,,0.034499999999999996,,41.311922,-105.581147,2020,9,11,14
West,Knight Hall,2020-09-11T15:00:00,40.0,,,,,,,,0.0276,,41.311922,-105.581147,2020,9,11,15
West,Knight Hall,2020-09-11T16:00:00,30.0,,,,,,,,0.0207,,41.311922,-105.581147,2020,9,11,16
West,Knight Hall,2020-09-11T17:00:00,40.0,,,,,,,,0.0276,,41.311922,-105.581147,2020,9,11,17
West,Knight Hall,2020-09-11T18:00:00,30.0,,,,,,,,0.0207,,41.311922,-105.581147,2020,9,11,18
West,Knight Hall,2020-09-11T19:00:00,30.0,,,,,,,,0.0207,,41.311922,-105.581147,2020,9,11,19
West,Knight Hall,2020-09-11T20:00:00,30.0,,,,,,,,0.0207,,41.311922,-105.581147,2020,9,11,20
West,Knight Hall,2020-09-11T21:00:00,30.0,,,,,,,,0.0207,,41.311922,-105.581147,2020,9,11,21
West,Knight Hall,2020-09-11T22:00:00,20.0,,,,,,,,0.0138,,41.311922,-105.581147,2020,9,11,22
West,Knight Hall,2020-09-11T23:00:00,30.0,,,,,,,,0.0207,,41.311922,-105.581147,2020,9,11,23
West,Knight Hall,2020-09-12T00:00:00,20.0,,,,,,,,0.0138,,41.311922,-105.581147,2020,9,12,0
West,Knight Hall,2020-09-12T01:00:00,30.0,,,,,,,,0.0207,,41.311922,-105.581147,2020,9,12,1
West,Knight Hall,2020-09-12T02:00:00,20.0,,,,,,,,0.0138,,41.311922,-105.581147,2020,9,12,2
West,Knight Hall,2020-09-12T03:00:00,20.0,,,,,,,,0.0138,,41.311922,-105.581147,2020,9,12,3
West,Knight Hall,2020-09-12T04:00:00,20.0,,,,,,,,0.0138,,41.311922,-105.581147,2020,9,12,4
West,Knight Hall,2020-09-12T05:00:00,30.0,,,,,,,,0.0207,,41.311922,-105.581147,2020,9,12,5
West,Knight Hall,2020-09-12T06:00:00,20.0,,,,,,,,0.0138,,41.311922,-105.581147,2020,9,12,6
West,Knight Hall,2020-09-12T07:00:00,20.0,,,,,,,,0.0138,,41.311922,-105.581147,2020,9,12,7
West,Knight Hall,2020-09-12T08:00:00,30.0,,,,,,,,0.0207,,41.311922,-105.581147,2020,9,12,8
West,Knight Hall,2020-09-12T09:00:00,20.0,,,,,,,,0.0138,,41.311922,-105.581147,2020,9,12,9
West,Knight Hall,2020-09-12T10:00:00,30.0,,,,,,,,0.0207,,41.311922,-105.581147,2020,9,12,10
West,Knight Hall,2020-09-12T11:00:00,30.0,,,,,,,,0.0207,,41.311922,-105.581147,2020,9,12,11
West,Knight Hall,2020-09-12T12:00:00,30.0,,,,,,,,0.0207,,41.311922,-105.581147,2020,9,12,12
West,Knight Hall,2020-09-12T13:00:00,30.0,,,,,,,,0.0207,,41.311922,-105.581147,2020,9,12,13
West,Knight Hall,2020-09-12T14:00:00,30.0,,,,,,,,0.0207,,41.311922,-105.581147,2020,9,12,14
West,Knight Hall,2020-09-12T15:00:00,30.0,,,,,,,,0.0207,,41.311922,-105.581147,2020,9,12,15
West,Knight Hall,2020-09-12T16:00:00,20.0,,,,,,,,0.0138,,41.311922,-105.581147,2020,9,12,16
West,Knight Hall,2020-09-12T17:00:00,30.0,,,,,,,,0.0207,,41.311922,-105.581147,2020,9,12,17
West,Knight Hall,2020-09-12T18:00:00,20.0,,,,,,,,0.0138,,41.311922,-105.581147,2020,9,12,18
West,Knight Hall,2020-09-12T19:00:00,20.0,,,,,,,,0.0138,,41.311922,-105.581147,2020,9,12,19
West,Knight Hall,2020-09-12T20:00:00,30.0,,,,,,,,0.0207,,41.311922,-105.581147,2020,9,12,20
West,Knight Hall,2020-09-12T21:00:00,20.0,,,,,,,,0.0138,,41.311922,-105.581147,2020,9,12,21
West,Knight Hall,2020-09-12T22:00:00,30.0,,,,,,,,0.0207,,41.311922,-105.581147,2020,9,12,22
West,Knight Hall,2020-09-12T23:00:00,20.0,,,,,,,,0.0138,,41.311922,-105.581147,2020,9,12,23
West,Knight Hall,2020-09-13T00:00:00,30.0,,,,,,,,0.0207,,41.311922,-105.581147,2020,9,13,0
West,Knight Hall,2020-09-13T01:00:00,20.0,,,,,,,,0.0138,,41.311922,-105.581147,2020,9,13,1
West,Knight Hall,2020-09-13T02:00:00,20.0,,,,,,,,0.0138,,41.311922,-105.581147,2020,9,13,2
West,Knight Hall,2020-09-13T03:00:00,30.0,,,,,,,,0.0207,,41.311922,-105.581147,2020,9,13,3
West,Knight Hall,2020-09-13T04:00:00,20.0,,,,,,,,0.0138,,41.311922,-105.581147,2020,9,13,4
West,Knight Hall,2020-09-13T05:00:00,30.0,,,,,,,,0.0207,,41.311922,-105.581147,2020,9,13,5
West,Knight Hall,2020-09-13T06:00:00,20.0,,,,,,,,0.0138,,41.311922,-105.581147,2020,9,13,6
West,Knight Hall,2020-09-13T07:00:00,20.0,,,,,,,,0.0138,,41.311922,-105.581147,2020,9,13,7
West,Knight Hall,2020-09-13T08:00:00,30.0,,,,,,,,0.0207,,41.311922,-105.581147,2020,9,13,8
West,Knight Hall,2020-09-13T09:00:00,30.0,,,,,,,,0.0207,,41.311922,-105.581147,2020,9,13,9
West,Knight Hall,2020-09-13T10:00:00,20.0,,,,,,,,0.0138,,41.311922,-105.581147,2020,9,13,10
West,Knight Hall,2020-09-13T11:00:00,30.0,,,,,,,,0.0207,,41.311922,-105.581147,2020,9,13,11
West,Knight Hall,2020-09-13T12:00:00,30.0,,,,,,,,0.0207,,41.311922,-105.581147,2020,9,13,12
West,Knight Hall,2020-09-13T13:00:00,30.0,,,,,,,,0.0207,,41.311922,-105.581147,2020,9,13,13
West,Knight Hall,2020-09-13T14:00:00,20.0,,,,,,,,0.0138,,41.311922,-105.581147,2020,9,13,14
West,Knight Hall,2020-09-13T15:00:00,30.0,,,,,,,,0.0207,,41.311922,-105.581147,2020,9,13,15
West,Knight Hall,2020-09-13T16:00:00,30.0,,,,,,,,0.0207,,41.311922,-105.581147,2020,9,13,16
West,Knight Hall,2020-09-13T17:00:00,20.0,,,,,,,,0.0138,,41.311922,-105.581147,2020,9,13,17
West,Knight Hall,2020-09-13T18:00:00,30.0,,,,,,,,0.0207,,41.311922,-105.581147,2020,9,13,18
West,Knight Hall,2020-09-13T19:00:00,20.0,,,,,,,,0.0138,,41.311922,-105.581147,2020,9,13,19
West,Knight Hall,2020-09-13T20:00:00,30.0,,,,,,,,0.0207,,41.311922,-105.581147,2020,9,13,20
West,Knight Hall,2020-09-13T21:00:00,20.0,,,,,,,,0.0138,,41.311922,-105.581147,2020,9,13,21
West,Knight Hall,2020-09-13T22:00:00,30.0,,,,,,,,0.0207,,41.311922,-105.581147,2020,9,13,22
West,Knight Hall,2020-09-13T23:00:00,20.0,,,,,,,,0.0138,,41.311922,-105.581147,2020,9,13,23
West,Knight Hall,2020-09-14T00:00:00,30.0,,,,,,,,0.0207,,41.311922,-105.581147,2020,9,14,0
West,Knight Hall,2020-09-14T01:00:00,20.0,,,,,,,,0.0138,,41.311922,-105.581147,2020,9,14,1
West,Knight Hall,2020-09-14T02:00:00,20.0,,,,,,,,0.0138,,41.311922,-105.581147,2020,9,14,2
West,Knight Hall,2020-09-14T03:00:00,30.0,,,,,,,,0.0207,,41.311922,-105.581147,2020,9,14,3
West,Knight Hall,2020-09-14T04:00:00,30.0,,,,,,,,0.0207,,41.311922,-105.581147,2020,9,14,4
West,Knight Hall,2020-09-14T05:00:00,20.0,,,,,,,,0.0138,,41.311922,-105.581147,2020,9,14,5
West,Knight Hall,2020-09-14T06:00:00,30.0,,,,,,,,0.0207,,41.311922,-105.581147,2020,9,14,6
West,Knight Hall,2020-09-14T07:00:00,30.0,,,,,,,,0.0207,,41.311922,-105.581147,2020,9,14,7
West,Knight Hall,2020-09-14T08:00:00,50.0,,,,,,,,0.034499999999999996,,41.311922,-105.581147,2020,9,14,8
West,Knight Hall,2020-09-14T09:00:00,40.0,,,,,,,,0.0276,,41.311922,-105.581147,2020,9,14,9
West,Knight Hall,2020-09-14T10:00:00,50.0,,,,,,,,0.034499999999999996,,41.311922,-105.581147,2020,9,14,10
West,Knight Hall,2020-09-14T11:00:00,50.0,,,,,,,,0.034499999999999996,,41.311922,-105.581147,2020,9,14,11
West,Knight Hall,2020-09-14T12:00:00,50.0,,,,,,,,0.034499999999999996,,41.311922,-105.581147,2020,9,14,12
West,Knight Hall,2020-09-14T13:00:00,50.0,,,,,,,,0.034499999999999996,,41.311922,-105.581147,2020,9,14,13
West,Knight Hall,2020-09-14T14:00:00,50.0,,,,,,,,0.034499999999999996,,41.311922,-105.581147,2020,9,14,14
West,Knight Hall,2020-09-14T15:00:00,50.0,,,,,,,,0.034499999999999996,,41.311922,-105.581147,2020,9,14,15
West,Knight Hall,2020-09-14T16:00:00,40.0,,,,,,,,0.0276,,41.311922,-105.581147,2020,9,14,16
West,Knight Hall,2020-09-14T17:00:00,50.0,,,,,,,,0.034499999999999996,,41.311922,-105.581147,2020,9,14,17
West,Knight Hall,2020-09-14T18:00:00,30.0,,,,,,,,0.0207,,41.311922,-105.581147,2020,9,14,18
West,Knight Hall,2020-09-14T19:00:00,40.0,,,,,,,,0.0276,,41.311922,-105.581147,2020,9,14,19
West,Knight Hall,2020-09-14T20:00:00,30.0,,,,,,,,0.0207,,41.311922,-105.581147,2020,9,14,20
West,Knight Hall,2020-09-14T21:00:00,20.0,,,,,,,,0.0138,,41.311922,-105.581147,2020,9,14,21
West,Knight Hall,2020-09-14T22:00:00,30.0,,,,,,,,0.0207,,41.311922,-105.581147,2020,9,14,22
West,Knight Hall,2020-09-14T23:00:00,30.0,,,,,,,,0.0207,,41.311922,-105.581147,2020,9,14,23
West,Knight Hall,2020-09-15T00:00:00,20.0,,,,,,,,0.0138,,41.311922,-105.581147,2020,9,15,0
West,Knight Hall,2020-09-15T01:00:00,30.0,,,,,,,,0.0207,,41.311922,-105.581147,2020,9,15,1
West,Knight Hall,2020-09-15T02:00:00,20.0,,,,,,,,0.0138,,41.311922,-105.581147,2020,9,15,2
West,Knight Hall,2020-09-15T03:00:00,30.0,,,,,,,,0.0207,,41.311922,-105.581147,2020,9,15,3
West,Knight Hall,2020-09-15T04:00:00,20.0,,,,,,,,0.0138,,41.311922,-105.581147,2020,9,15,4
West,Knight Hall,2020-09-15T05:00:00,30.0,,,,,,,,0.0207,,41.311922,-105.581147,2020,9,15,5
West,Knight Hall,2020-09-15T06:00:00,30.0,,,,,,,,0.0207,,41.311922,-105.581147,2020,9,15,6
West,Knight Hall,2020-09-15T07:00:00,40.0,,,,,,,,0.0276,,41.311922,-105.581147,2020,9,15,7
West,Knight Hall,2020-09-15T08:00:00,50.0,,,,,,,,0.034499999999999996,,41.311922,-105.581147,2020,9,15,8
West,Knight Hall,2020-09-15T09:00:00,60.0,,,,,,,,0.0414,,41.311922,-105.581147,2020,9,15,9
West,Knight Hall,2020-09-15T10:00:00,70.0,,,,,,,,0.048299999999999996,,41.311922,-105.581147,2020,9,15,10
West,Knight Hall,2020-09-15T11:00:00,60.0,,,,,,,,0.0414,,41.311922,-105.581147,2020,9,15,11
West,Knight Hall,2020-09-15T12:00:00,70.0,,,,,,,,0.048299999999999996,,41.311922,-105.581147,2020,9,15,12
West,Knight Hall,2020-09-15T13:00:00,70.0,,,,,,,,0.048299999999999996,,41.311922,-105.581147,2020,9,15,13
West,Knight Hall,2020-09-15T14:00:00,60.0,,,,,,,,0.0414,,41.311922,-105.581147,2020,9,15,14
West,Knight Hall,2020-09-15T15:00:00,70.0,,,,,,,,0.048299999999999996,,41.311922,-105.581147,2020,9,15,15
West,Knight Hall,2020-09-15T16:00:00,60.0,,,,,,,,0.0414,,41.311922,-105.581147,2020,9,15,16
West,Knight Hall,2020-09-15T17:00:00,40.0,,,,,,,,0.0276,,41.311922,-105.581147,2020,9,15,17
West,Knight Hall,2020-09-15T18:00:00,40.0,,,,,,,,0.0276,,41.311922,-105.581147,2020,9,15,18
West,Knight Hall,2020-09-15T19:00:00,30.0,,,,,,,,0.0207,,41.311922,-105.581147,2020,9,15,19
West,Knight Hall,2020-09-15T20:00:00,30.0,,,,,,,,0.0207,,41.311922,-105.581147,2020,9,15,20
West,Knight Hall,2020-09-15T21:00:00,30.0,,,,,,,,0.0207,,41.311922,-105.581147,2020,9,15,21
West,Knight Hall,2020-09-15T22:00:00,30.0,,,,,,,,0.0207,,41.311922,-105.581147,2020,9,15,22
West,Knight Hall,2020-09-15T23:00:00,20.0,,,,,,,,0.0138,,41.311922,-105.581147,2020,9,15,23
West,Knight Hall,2020-09-16T00:00:00,30.0,,,,,,,,0.0207,,41.311922,-105.581147,2020,9,16,0
West,Knight Hall,2020-09-16T01:00:00,20.0,,,,,,,,0.0138,,41.311922,-105.581147,2020,9,16,1
West,Knight Hall,2020-09-16T02:00:00,30.0,,,,,,,,0.0207,,41.311922,-105.581147,2020,9,16,2
West,Knight Hall,2020-09-16T03:00:00,20.0,,,,,,,,0.0138,,41.311922,-105.581147,2020,9,16,3
West,Knight Hall,2020-09-16T04:00:00,30.0,,,,,,,,0.0207,,41.311922,-105.581147,2020,9,16,4
West,Knight Hall,2020-09-16T05:00:00,30.0,,,,,,,,0.0207,,41.311922,-105.581147,2020,9,16,5
West,Knight Hall,2020-09-16T06:00:00,20.0,,,,,,,,0.0138,,41.311922,-105.581147,2020,9,16,6
West,Knight Hall,2020-09-16T07:00:00,40.0,,,,,,,,0.0276,,41.311922,-105.581147,2020,9,16,7
West,Knight Hall,2020-09-16T08:00:00,60.0,,,,,,,,0.0414,,41.311922,-105.581147,2020,9,16,8
West,Knight Hall,2020-09-16T09:00:00,60.0,,,,,,,,0.0414,,41.311922,-105.581147,2020,9,16,9
West,Knight Hall,2020-09-16T10:00:00,70.0,,,,,,,,0.048299999999999996,,41.311922,-105.581147,2020,9,16,10
West,Knight Hall,2020-09-16T11:00:00,70.0,,,,,,,,0.048299999999999996,,41.311922,-105.581147,2020,9,16,11
West,Knight Hall,2020-09-16T12:00:00,70.0,,,,,,,,0.048299999999999996,,41.311922,-105.581147,2020,9,16,12
West,Knight Hall,2020-09-16T13:00:00,60.0,,,,,,,,0.0414,,41.311922,-105.581147,2020,9,16,13
West,Knight Hall,2020-09-16T14:00:00,60.0,,,,,,,,0.0414,,41.311922,-105.581147,2020,9,16,14
West,Knight Hall,2020-09-16T15:00:00,70.0,,,,,,,,0.048299999999999996,,41.311922,-105.581147,2020,9,16,15
West,Knight Hall,2020-09-16T16:00:00,60.0,,,,,,,,0.0414,,41.311922,-105.581147,2020,9,16,16
West,Knight Hall,2020-09-16T17:00:00,40.0,,,,,,,,0.0276,,41.311922,-105.581147,2020,9,16,17
West,Knight Hall,2020-09-16T18:00:00,40.0,,,,,,,,0.0276,,41.311922,-105.581147,2020,9,16,18
West,Knight Hall,2020-09-16T19:00:00,30.0,,,,,,,,0.0207,,41.311922,-105.581147,2020,9,16,19
West,Knight Hall,2020-09-16T20:00:00,30.0,,,,,,,,0.0207,,41.311922,-105.581147,2020,9,16,20
West,Knight Hall,2020-09-16T21:00:00,30.0,,,,,,,,0.0207,,41.311922,-105.581147,2020,9,16,21
West,Knight Hall,2020-09-16T22:00:00,30.0,,,,,,,,0.0207,,41.311922,-105.581147,2020,9,16,22
West,Knight Hall,2020-09-16T23:00:00,20.0,,,,,,,,0.0138,,41.311922,-105.581147,2020,9,16,23
West,Knight Hall,2020-09-17T00:00:00,30.0,,,,,,,,0.0207,,41.311922,-105.581147,2020,9,17,0
West,Knight Hall,2020-09-17T01:00:00,20.0,,,,,,,,0.0138,,41.311922,-105.581147,2020,9,17,1
West,Knight Hall,2020-09-17T02:00:00,30.0,,,,,,,,0.0207,,41.311922,-105.581147,2020,9,17,2
West,Knight Hall,2020-09-17T03:00:00,20.0,,,,,,,,0.0138,,41.311922,-105.581147,2020,9,17,3
West,Knight Hall,2020-09-17T04:00:00,30.0,,,,,,,,0.0207,,41.311922,-105.581147,2020,9,17,4
West,Knight Hall,2020-09-17T05:00:00,20.0,,,,,,,,0.0138,,41.311922,-105.581147,2020,9,17,5
West,Knight Hall,2020-09-17T06:00:00,30.0,,,,,,,,0.0207,,41.311922,-105.581147,2020,9,17,6
West,Knight Hall,2020-09-17T07:00:00,40.0,,,,,,,,0.0276,,41.311922,-105.581147,2020,9,17,7
West,Knight Hall,2020-09-17T08:00:00,60.0,,,,,,,,0.0414,,41.311922,-105.581147,2020,9,17,8
West,Knight Hall,2020-09-17T09:00:00,60.0,,,,,,,,0.0414,,41.311922,-105.581147,2020,9,17,9
West,Knight Hall,2020-09-17T10:00:00,70.0,,,,,,,,0.048299999999999996,,41.311922,-105.581147,2020,9,17,10
West,Knight Hall,2020-09-17T11:00:00,70.0,,,,,,,,0.048299999999999996,,41.311922,-105.581147,2020,9,17,11
West,Knight Hall,2020-09-17T12:00:00,70.0,,,,,,,,0.048299999999999996,,41.311922,-105.581147,2020,9,17,12
West,Knight Hall,2020-09-17T13:00:00,60.0,,,,,,,,0.0414,,41.311922,-105.581147,2020,9,17,13
West,Knight Hall,2020-09-17T14:00:00,70.0,,,,,,,,0.048299999999999996,,41.311922,-105.581147,2020,9,17,14
West,Knight Hall,2020-09-17T15:00:00,60.0,,,,,,,,0.0414,,41.311922,-105.581147,2020,9,17,15
West,Knight Hall,2020-09-17T16:00:00,60.0,,,,,,,,0.0414,,41.311922,-105.581147,2020,9,17,16
West,Knight Hall,2020-09-17T17:00:00,50.0,,,,,,,,0.034499999999999996,,41.311922,-105.581147,2020,9,17,17
West,Knight Hall,2020-09-17T18:00:00,40.0,,,,,,,,0.0276,,41.311922,-105.581147,2020,9,17,18
West,Knight Hall,2020-09-17T19:00:00,30.0,,,,,,,,0.0207,,41.311922,-105.581147,2020,9,17,19
West,Knight Hall,2020-09-17T20:00:00,30.0,,,,,,,,0.0207,,41.311922,-105.581147,2020,9,17,20
West,Knight Hall,2020-09-17T21:00:00,30.0,,,,,,,,0.0207,,41.311922,-105.581147,2020,9,17,21
West,Knight Hall,2020-09-17T22:00:00,30.0,,,,,,,,0.0207,,41.311922,-105.581147,2020,9,17,22
West,Knight Hall,2020-09-17T23:00:00,20.0,,,,,,,,0.0138,,41.311922,-105.581147,2020,9,17,23
West,Knight Hall,2020-09-18T00:00:00,20.0,,,,,,,,0.0138,,41.311922,-105.581147,2020,9,18,0
West,Knight Hall,2020-09-18T01:00:00,30.0,,,,,,,,0.0207,,41.311922,-105.581147,2020,9,18,1
West,Knight Hall,2020-09-18T02:00:00,20.0,,,,,,,1.0,0.0138,,41.311922,-105.581147,2020,9,18,2
West,Knight Hall,2020-09-18T03:00:00,30.0,,,,,,,,0.0207,,41.311922,-105.581147,2020,9,18,3
West,Knight Hall,2020-09-18T04:00:00,20.0,,,,,,,,0.0138,,41.311922,-105.581147,2020,9,18,4
West,Knight Hall,2020-09-18T05:00:00,30.0,,,,,,,7.0,0.0207,,41.311922,-105.581147,2020,9,18,5
West,Knight Hall,2020-09-18T06:00:00,30.0,,,,,,,8.0,0.0207,,41.311922,-105.581147,2020,9,18,6
West,Knight Hall,2020-09-18T07:00:00,40.0,,,,,,,9.0,0.0276,,41.311922,-105.581147,2020,9,18,7
West,Knight Hall,2020-09-18T08:00:00,60.0,,,,,,,8.0,0.0414,,41.311922,-105.581147,2020,9,18,8
West,Knight Hall,2020-09-18T09:00:00,60.0,,,,,,,7.0,0.0414,,41.311922,-105.581147,2020,9,18,9
West,Knight Hall,2020-09-18T10:00:00,70.0,,,,,,,7.0,0.048299999999999996,,41.311922,-105.581147,2020,9,18,10
West,Knight Hall,2020-09-18T11:00:00,70.0,,,,,,,9.0,0.048299999999999996,,41.311922,-105.581147,2020,9,18,11
West,Knight Hall,2020-09-18T12:00:00,60.0,,,,,,,9.0,0.0414,,41.311922,-105.581147,2020,9,18,12
West,Knight Hall,2020-09-18T13:00:00,70.0,,,,,,,8.0,0.048299999999999996,,41.311922,-105.581147,2020,9,18,13
West,Knight Hall,2020-09-18T14:00:00,60.0,,,,,,,8.0,0.0414,,41.311922,-105.581147,2020,9,18,14
West,Knight Hall,2020-09-18T15:00:00,70.0,,,,,,,5.0,0.048299999999999996,,41.311922,-105.581147,2020,9,18,15
West,Knight Hall,2020-09-18T16:00:00,50.0,,,,,,,5.0,0.034499999999999996,,41.311922,-105.581147,2020,9,18,16
West,Knight Hall,2020-09-18T17:00:00,50.0,,,,,,,1.0,0.034499999999999996,,41.311922,-105.581147,2020,9,18,17
West,Knight Hall,2020-09-18T18:00:00,40.0,,,,,,,1.0,0.0276,,41.311922,-105.581147,2020,9,18,18
West,Knight Hall,2020-09-18T19:00:00,30.0,,,,,,,,0.0207,,41.311922,-105.581147,2020,9,18,19
West,Knight Hall,2020-09-18T20:00:00,30.0,,,,,,,,0.0207,,41.311922,-105.581147,2020,9,18,20
West,Knight Hall,2020-09-18T21:00:00,30.0,,,,,,,,0.0207,,41.311922,-105.581147,2020,9,18,21
West,Knight Hall,2020-09-18T22:00:00,20.0,,,,,,,1.0,0.0138,,41.311922,-105.581147,2020,9,18,22
West,Knight Hall,2020-09-18T23:00:00,30.0,,,,,,,,0.0207,,41.311922,-105.581147,2020,9,18,23
West,Knight Hall,2020-09-19T00:00:00,20.0,,,,,,,,0.0138,,41.311922,-105.581147,2020,9,19,0
West,Knight Hall,2020-09-19T01:00:00,20.0,,,,,,,,0.0138,,41.311922,-105.581147,2020,9,19,1
West,Knight Hall,2020-09-19T02:00:00,30.0,,,,,,,,0.0207,,41.311922,-105.581147,2020,9,19,2
West,Knight Hall,2020-09-19T03:00:00,20.0,,,,,,,1.0,0.0138,,41.311922,-105.581147,2020,9,19,3
West,Knight Hall,2020-09-19T04:00:00,30.0,,,,,,,,0.0207,,41.311922,-105.581147,2020,9,19,4
West,Knight Hall,2020-09-19T05:00:00,20.0,,,,,,,6.0,0.0138,,41.311922,-105.581147,2020,9,19,5
West,Knight Hall,2020-09-19T06:00:00,20.0,,,,,,,9.0,0.0138,,41.311922,-105.581147,2020,9,19,6
West,Knight Hall,2020-09-19T07:00:00,30.0,,,,,,,9.0,0.0207,,41.311922,-105.581147,2020,9,19,7
West,Knight Hall,2020-09-19T08:00:00,30.0,,,,,,,8.0,0.0207,,41.311922,-105.581147,2020,9,19,8
West,Knight Hall,2020-09-19T09:00:00,30.0,,,,,,,6.0,0.0207,,41.311922,-105.581147,2020,9,19,9
West,Knight Hall,2020-09-19T10:00:00,30.0,,,,,,,8.0,0.0207,,41.311922,-105.581147,2020,9,19,10
West,Knight Hall,2020-09-19T11:00:00,30.0,,,,,,,9.0,0.0207,,41.311922,-105.581147,2020,9,19,11
West,Knight Hall,2020-09-19T12:00:00,40.0,,,,,,,9.0,0.0276,,41.311922,-105.581147,2020,9,19,12
West,Knight Hall,2020-09-19T13:00:00,30.0,,,,,,,8.0,0.0207,,41.311922,-105.581147,2020,9,19,13
West,Knight Hall,2020-09-19T14:00:00,20.0,,,,,,,8.0,0.0138,,41.311922,-105.581147,2020,9,19,14
West,Knight Hall,2020-09-19T15:00:00,30.0,,,,,,,9.0,0.0207,,41.311922,-105.581147,2020,9,19,15
West,Knight Hall,2020-09-19T16:00:00,30.0,,,,,,,5.0,0.0207,,41.311922,-105.581147,2020,9,19,16
West,Knight Hall,2020-09-19T17:00:00,20.0,,,,,,,1.0,0.0138,,41.311922,-105.581147,2020,9,19,17
West,Knight Hall,2020-09-19T18:00:00,30.0,,,,,,,,0.0207,,41.311922,-105.581147,2020,9,19,18
West,Knight Hall,2020-09-19T19:00:00,20.0,,,,,,,,0.0138,,41.311922,-105.581147,2020,9,19,19
West,Knight Hall,2020-09-19T20:00:00,20.0,,,,,,,1.0,0.0138,,41.311922,-105.581147,2020,9,19,20
West,Knight Hall,2020-09-19T21:00:00,30.0,,,,,,,,0.0207,,41.311922,-105.581147,2020,9,19,21
West,Knight Hall,2020-09-19T22:00:00,20.0,,,,,,,,0.0138,,41.311922,-105.581147,2020,9,19,22
West,Knight Hall,2020-09-19T23:00:00,30.0,,,,,,,,0.0207,,41.311922,-105.581147,2020,9,19,23
West,Knight Hall,2020-09-20T00:00:00,20.0,,,,,,,,0.0138,,41.311922,-105.581147,2020,9,20,0
West,Knight Hall,2020-09-20T01:00:00,20.0,,,,,,,,0.0138,,41.311922,-105.581147,2020,9,20,1
West,Knight Hall,2020-09-20T02:00:00,30.0,,,,,,,,0.0207,,41.311922,-105.581147,2020,9,20,2
West,Knight Hall,2020-09-20T03:00:00,20.0,,,,,,,,0.0138,,41.311922,-105.581147,2020,9,20,3
West,Knight Hall,2020-09-20T04:00:00,30.0,,,,,,,,0.0207,,41.311922,-105.581147,2020,9,20,4
West,Knight Hall,2020-09-20T05:00:00,20.0,,,,,,,,0.0138,,41.311922,-105.581147,2020,9,20,5
West,Knight Hall,2020-09-20T06:00:00,20.0,,,,,,,,0.0138,,41.311922,-105.581147,2020,9,20,6
West,Knight Hall,2020-09-20T07:00:00,30.0,,,,,,,,0.0207,,41.311922,-105.581147,2020,9,20,7
West,Knight Hall,2020-09-20T08:00:00,20.0,,,,,,,,0.0138,,41.311922,-105.581147,2020,9,20,8
West,Knight Hall,2020-09-20T09:00:00,30.0,,,,,,,,0.0207,,41.311922,-105.581147,2020,9,20,9
West,Knight Hall,2020-09-20T10:00:00,30.0,,,,,,,,0.0207,,41.311922,-105.581147,2020,9,20,10
West,Knight Hall,2020-09-20T11:00:00,20.0,,,,,,,,0.0138,,41.311922,-105.581147,2020,9,20,11
West,Knight Hall,2020-09-20T12:00:00,30.0,,,,,,,,0.0207,,41.311922,-105.581147,2020,9,20,12
West,Knight Hall,2020-09-20T13:00:00,30.0,,,,,,,,0.0207,,41.311922,-105.581147,2020,9,20,13
West,Knight Hall,2020-09-20T14:00:00,30.0,,,,,,,1.0,0.0207,,41.311922,-105.581147,2020,9,20,14
West,Knight Hall,2020-09-20T15:00:00,30.0,,,,,,,8.0,0.0207,,41.311922,-105.581147,2020,9,20,15
West,Knight Hall,2020-09-20T16:00:00,20.0,,,,,,,6.0,0.0138,,41.311922,-105.581147,2020,9,20,16
West,Knight Hall,2020-09-20T17:00:00,30.0,,,,,,,1.0,0.0207,,41.311922,-105.581147,2020,9,20,17
West,Knight Hall,2020-09-20T18:00:00,20.0,,,,,,,,0.0138,,41.311922,-105.581147,2020,9,20,18
West,Knight Hall,2020-09-20T19:00:00,20.0,,,,,,,,0.0138,,41.311922,-105.581147,2020,9,20,19
West,Knight Hall,2020-09-20T20:00:00,30.0,,,,,,,,0.0207,,41.311922,-105.581147,2020,9,20,20
West,Knight Hall,2020-09-20T21:00:00,20.0,,,,,,,1.0,0.0138,,41.311922,-105.581147,2020,9,20,21
West,Knight Hall,2020-09-20T22:00:00,30.0,,,,,,,,0.0207,,41.311922,-105.581147,2020,9,20,22
West,Knight Hall,2020-09-20T23:00:00,20.0,,,,,,,,0.0138,,41.311922,-105.581147,2020,9,20,23
West,Knight Hall,2020-09-21T00:00:00,20.0,,,,,,,,0.0138,,41.311922,-105.581147,2020,9,21,0
West,Knight Hall,2020-09-21T01:00:00,30.0,,,,,,,1.0,0.0207,,41.311922,-105.581147,2020,9,21,1
West,Knight Hall,2020-09-21T02:00:00,20.0,,,,,,,,0.0138,,41.311922,-105.581147,2020,9,21,2
West,Knight Hall,2020-09-21T03:00:00,30.0,,,,,,,,0.0207,,41.311922,-105.581147,2020,9,21,3
West,Knight Hall,2020-09-21T04:00:00,20.0,,,,,,,,0.0138,,41.311922,-105.581147,2020,9,21,4
West,Knight Hall,2020-09-21T05:00:00,30.0,,,,,,,1.0,0.0207,,41.311922,-105.581147,2020,9,21,5
West,Knight Hall,2020-09-21T06:00:00,30.0,,,,,,,,0.0207,,41.311922,-105.581147,2020,9,21,6
West,Knight Hall,2020-09-21T07:00:00,30.0,,,,,,,1.0,0.0207,,41.311922,-105.581147,2020,9,21,7
West,Knight Hall,2020-09-21T08:00:00,70.0,,,,,,,,0.048299999999999996,,41.311922,-105.581147,2020,9,21,8
West,Knight Hall,2020-09-21T09:00:00,60.0,,,,,,,,0.0414,,41.311922,-105.581147,2020,9,21,9
West,Knight Hall,2020-09-21T10:00:00,80.0,,,,,,,,0.0552,,41.311922,-105.581147,2020,9,21,10
West,Knight Hall,2020-09-21T11:00:00,60.0,,,,,,,1.0,0.0414,,41.311922,-105.581147,2020,9,21,11
West,Knight Hall,2020-09-21T12:00:00,70.0,,,,,,,,0.048299999999999996,,41.311922,-105.581147,2020,9,21,12
West,Knight Hall,2020-09-21T13:00:00,70.0,,,,,,,,0.048299999999999996,,41.311922,-105.581147,2020,9,21,13
West,Knight Hall,2020-09-21T14:00:00,70.0,,,,,,,,0.048299999999999996,,41.311922,-105.581147,2020,9,21,14
West,Knight Hall,2020-09-21T15:00:00,70.0,,,,,,,1.0,0.048299999999999996,,41.311922,-105.581147,2020,9,21,15
West,Knight Hall,2020-09-21T16:00:00,60.0,,,,,,,,0.0414,,41.311922,-105.581147,2020,9,21,16
West,Knight Hall,2020-09-21T17:00:00,40.0,,,,,,,,0.0276,,41.311922,-105.581147,2020,9,21,17
West,Knight Hall,2020-09-21T18:00:00,40.0,,,,,,,,0.0276,,41.311922,-105.581147,2020,9,21,18
West,Knight Hall,2020-09-21T19:00:00,40.0,,,,,,,,0.0276,,41.311922,-105.581147,2020,9,21,19
West,Knight Hall,2020-09-21T20:00:00,20.0,,,,,,,1.0,0.0138,,41.311922,-105.581147,2020,9,21,20
West,Knight Hall,2020-09-21T21:00:00,30.0,,,,,,,,0.0207,,41.311922,-105.581147,2020,9,21,21
West,Knight Hall,2020-09-21T22:00:00,30.0,,,,,,,,0.0207,,41.311922,-105.581147,2020,9,21,22
West,Knight Hall,2020-09-21T23:00:00,20.0,,,,,,,,0.0138,,41.311922,-105.581147,2020,9,21,23
West,Knight Hall,2020-09-22T00:00:00,30.0,,,,,,,1.0,0.0207,,41.311922,-105.581147,2020,9,22,0
West,Knight Hall,2020-09-22T01:00:00,20.0,,,,,,,,0.0138,,41.311922,-105.581147,2020,9,22,1
West,Knight Hall,2020-09-22T02:00:00,30.0,,,,,,,1.0,0.0207,,41.311922,-105.581147,2020,9,22,2
West,Knight Hall,2020-09-22T03:00:00,20.0,,,,,,,1.0,0.0138,,41.311922,-105.581147,2020,9,22,3
West,Knight Hall,2020-09-22T04:00:00,30.0,,,,,,,,0.0207,,41.311922,-105.581147,2020,9,22,4
West,Knight Hall,2020-09-22T05:00:00,20.0,,,,,,,1.0,0.0138,,41.311922,-105.581147,2020,9,22,5
West,Knight Hall,2020-09-22T06:00:00,30.0,,,,,,,1.0,0.0207,,41.311922,-105.581147,2020,9,22,6
West,Knight Hall,2020-09-22T07:00:00,40.0,,,,,,,1.0,0.0276,,41.311922,-105.581147,2020,9,22,7
West,Knight Hall,2020-09-22T08:00:00,60.0,,,,,,,,0.0414,,41.311922,-105.581147,2020,9,22,8
West,Knight Hall,2020-09-22T09:00:00,70.0,,,,,,,,0.048299999999999996,,41.311922,-105.581147,2020,9,22,9
West,Knight Hall,2020-09-22T10:00:00,70.0,,,,,,,1.0,0.048299999999999996,,41.311922,-105.581147,2020,9,22,10
West,Knight Hall,2020-09-22T11:00:00,70.0,,,,,,,,0.048299999999999996,,41.311922,-105.581147,2020,9,22,11
West,Knight Hall,2020-09-22T12:00:00,70.0,,,,,,,,0.048299999999999996,,41.311922,-105.581147,2020,9,22,12
West,Knight Hall,2020-09-22T13:00:00,60.0,,,,,,,,0.0414,,41.311922,-105.581147,2020,9,22,13
West,Knight Hall,2020-09-22T14:00:00,70.0,,,,,,,,0.048299999999999996,,41.311922,-105.581147,2020,9,22,14
West,Knight Hall,2020-09-22T15:00:00,70.0,,,,,,,1.0,0.048299999999999996,,41.311922,-105.581147,2020,9,22,15
West,Knight Hall,2020-09-22T16:00:00,60.0,,,,,,,2.0,0.0414,,41.311922,-105.581147,2020,9,22,16
West,Knight Hall,2020-09-22T17:00:00,50.0,,,,,,,5.0,0.034499999999999996,,41.311922,-105.581147,2020,9,22,17
West,Knight Hall,2020-09-22T18:00:00,40.0,,,,,,,5.0,0.0276,,41.311922,-105.581147,2020,9,22,18
West,Knight Hall,2020-09-22T19:00:00,30.0,,,,,,,6.0,0.0207,,41.311922,-105.581147,2020,9,22,19
West,Knight Hall,2020-09-22T20:00:00,30.0,,,,,,,6.0,0.0207,,41.311922,-105.581147,2020,9,22,20
West,Knight Hall,2020-09-22T21:00:00,30.0,,,,,,,6.0,0.0207,,41.311922,-105.581147,2020,9,22,21
West,Knight Hall,2020-09-22T22:00:00,30.0,,,,,,,8.0,0.0207,,41.311922,-105.581147,2020,9,22,22
West,Knight Hall,2020-09-22T23:00:00,20.0,,,,,,,7.0,0.0138,,41.311922,-105.581147,2020,9,22,23
West,Knight Hall,2020-09-23T00:00:00,30.0,,,,,,,2.0,0.0207,,41.311922,-105.581147,2020,9,23,0
West,Knight Hall,2020-09-23T01:00:00,20.0,,,,,,,,0.0138,,41.311922,-105.581147,2020,9,23,1
West,Knight Hall,2020-09-23T02:00:00,30.0,,,,,,,,0.0207,,41.311922,-105.581147,2020,9,23,2
West,Knight Hall,2020-09-23T03:00:00,20.0,,,,,,,1.0,0.0138,,41.311922,-105.581147,2020,9,23,3
West,Knight Hall,2020-09-23T04:00:00,30.0,,,,,,,,0.0207,,41.311922,-105.581147,2020,9,23,4
West,Knight Hall,2020-09-23T05:00:00,20.0,,,,,,,6.0,0.0138,,41.311922,-105.581147,2020,9,23,5
West,Knight Hall,2020-09-23T06:00:00,30.0,,,,,,,8.0,0.0207,,41.311922,-105.581147,2020,9,23,6
West,Knight Hall,2020-09-23T07:00:00,40.0,,,,,,,8.0,0.0276,,41.311922,-105.581147,2020,9,23,7
West,Knight Hall,2020-09-23T08:00:00,60.0,,,,,,,8.0,0.0414,,41.311922,-105.581147,2020,9,23,8
West,Knight Hall,2020-09-23T09:00:00,70.0,,,,,,,6.0,0.048299999999999996,,41.311922,-105.581147,2020,9,23,9
West,Knight Hall,2020-09-23T10:00:00,60.0,,,,,,,5.0,0.0414,,41.311922,-105.581147,2020,9,23,10
West,Knight Hall,2020-09-23T11:00:00,70.0,,,,,,,7.0,0.048299999999999996,,41.311922,-105.581147,2020,9,23,11
West,Knight Hall,2020-09-23T12:00:00,80.0,,,,,,,8.0,0.0552,,41.311922,-105.581147,2020,9,23,12
West,Knight Hall,2020-09-23T13:00:00,60.0,,,,,,,7.0,0.0414,,41.311922,-105.581147,2020,9,23,13
West,Knight Hall,2020-09-23T14:00:00,70.0,,,,,,,8.0,0.048299999999999996,,41.311922,-105.581147,2020,9,23,14
West,Knight Hall,2020-09-23T15:00:00,70.0,,,,,,,7.0,0.048299999999999996,,41.311922,-105.581147,2020,9,23,15
West,Knight Hall,2020-09-23T16:00:00,60.0,,,,,,,5.0,0.0414,,41.311922,-105.581147,2020,9,23,16
West,Knight Hall,2020-09-23T17:00:00,40.0,,,,,,,1.0,0.0276,,41.311922,-105.581147,2020,9,23,17
West,Knight Hall,2020-09-23T18:00:00,40.0,,,,,,,1.0,0.0276,,41.311922,-105.581147,2020,9,23,18
West,Knight Hall,2020-09-23T19:00:00,40.0,,,,,,,,0.0276,,41.311922,-105.581147,2020,9,23,19
West,Knight Hall,2020-09-23T20:00:00,30.0,,,,,,,,0.0207,,41.311922,-105.581147,2020,9,23,20
West,Knight Hall,2020-09-23T21:00:00,30.0,,,,,,,,0.0207,,41.311922,-105.581147,2020,9,23,21
West,Knight Hall,2020-09-23T22:00:00,30.0,,,,,,,,0.0207,,41.311922,-105.581147,2020,9,23,22
West,Knight Hall,2020-09-23T23:00:00,20.0,,,,,,,1.0,0.0138,,41.311922,-105.581147,2020,9,23,23
West,Knight Hall,2020-09-24T00:00:00,20.0,,,,,,,,0.0138,,41.311922,-105.581147,2020,9,24,0
West,Knight Hall,2020-09-24T01:00:00,30.0,,,,,,,,0.0207,,41.311922,-105.581147,2020,9,24,1
West,Knight Hall,2020-09-24T02:00:00,30.0,,,,,,,,0.0207,,41.311922,-105.581147,2020,9,24,2
West,Knight Hall,2020-09-24T03:00:00,20.0,,,,,,,,0.0138,,41.311922,-105.581147,2020,9,24,3
West,Knight Hall,2020-09-24T04:00:00,30.0,,,,,,,1.0,0.0207,,41.311922,-105.581147,2020,9,24,4
West,Knight Hall,2020-09-24T05:00:00,30.0,,,,,,,6.0,0.0207,,41.311922,-105.581147,2020,9,24,5
West,Knight Hall,2020-09-24T06:00:00,30.0,,,,,,,8.0,0.0207,,41.311922,-105.581147,2020,9,24,6
West,Knight Hall,2020-09-24T07:00:00,40.0,,,,,,,8.0,0.0276,,41.311922,-105.581147,2020,9,24,7
West,Knight Hall,2020-09-24T08:00:00,60.0,,,,,,,8.0,0.0414,,41.311922,-105.581147,2020,9,24,8
West,Knight Hall,2020-09-24T09:00:00,60.0,,,,,,,6.0,0.0414,,41.311922,-105.581147,2020,9,24,9
West,Knight Hall,2020-09-24T10:00:00,70.0,,,,,,,5.0,0.048299999999999996,,41.311922,-105.581147,2020,9,24,10
West,Knight Hall,2020-09-24T11:00:00,70.0,,,,,,,6.0,0.048299999999999996,,41.311922,-105.581147,2020,9,24,11
West,Knight Hall,2020-09-24T12:00:00,60.0,,,,,,,7.0,0.0414,,41.311922,-105.581147,2020,9,24,12
West,Knight Hall,2020-09-24T13:00:00,60.0,,,,,,,8.0,0.0414,,41.311922,-105.581147,2020,9,24,13
West,Knight Hall,2020-09-24T14:00:00,70.0,,,,,,,7.0,0.048299999999999996,,41.311922,-105.581147,2020,9,24,14
West,Knight Hall,2020-09-24T15:00:00,60.0,,,,,,,7.0,0.0414,,41.311922,-105.581147,2020,9,24,15
West,Knight Hall,2020-09-24T16:00:00,70.0,,,,,,,5.0,0.048299999999999996,,41.311922,-105.581147,2020,9,24,16
West,Knight Hall,2020-09-24T17:00:00,40.0,,,,,,,2.0,0.0276,,41.311922,-105.581147,2020,9,24,17
West,Knight Hall,2020-09-24T18:00:00,40.0,,,,,,,,0.0276,,41.311922,-105.581147,2020,9,24,18
West,Knight Hall,2020-09-24T19:00:00,40.0,,,,,,,,0.0276,,41.311922,-105.581147,2020,9,24,19
West,Knight Hall,2020-09-24T20:00:00,30.0,,,,,,,,0.0207,,41.311922,-105.581147,2020,9,24,20
West,Knight Hall,2020-09-24T21:00:00,30.0,,,,,,,,0.0207,,41.311922,-105.581147,2020,9,24,21
West,Knight Hall,2020-09-24T22:00:00,20.0,,,,,,,1.0,0.0138,,41.311922,-105.581147,2020,9,24,22
West,Knight Hall,2020-09-24T23:00:00,30.0,,,,,,,,0.0207,,41.311922,-105.581147,2020,9,24,23
West,Knight Hall,2020-09-25T00:00:00,20.0,,,,,,,,0.0138,,41.311922,-105.581147,2020,9,25,0
West,Knight Hall,2020-09-25T01:00:00,30.0,,,,,,,,0.0207,,41.311922,-105.581147,2020,9,25,1
West,Knight Hall,2020-09-25T02:00:00,20.0,,,,,,,1.0,0.0138,,41.311922,-105.581147,2020,9,25,2
West,Knight Hall,2020-09-25T03:00:00,30.0,,,,,,,,0.0207,,41.311922,-105.581147,2020,9,25,3
West,Knight Hall,2020-09-25T04:00:00,20.0,,,,,,,,0.0138,,41.311922,-105.581147,2020,9,25,4
West,Knight Hall,2020-09-25T05:00:00,30.0,,,,,,,6.0,0.0207,,41.311922,-105.581147,2020,9,25,5
West,Knight Hall,2020-09-25T06:00:00,30.0,,,,,,,7.0,0.0207,,41.311922,-105.581147,2020,9,25,6
West,Knight Hall,2020-09-25T07:00:00,40.0,,,,,,,8.0,0.0276,,41.311922,-105.581147,2020,9,25,7
West,Knight Hall,2020-09-25T08:00:00,60.0,,,,,,,7.0,0.0414,,41.311922,-105.581147,2020,9,25,8
West,Knight Hall,2020-09-25T09:00:00,70.0,,,,,,,6.0,0.048299999999999996,,41.311922,-105.581147,2020,9,25,9
West,Knight Hall,2020-09-25T10:00:00,60.0,,,,,,,5.0,0.0414,,41.311922,-105.581147,2020,9,25,10
West,Knight Hall,2020-09-25T11:00:00,70.0,,,,,,,5.0,0.048299999999999996,,41.311922,-105.581147,2020,9,25,11
West,Knight Hall,2020-09-25T12:00:00,60.0,,,,,,,6.0,0.0414,,41.311922,-105.581147,2020,9,25,12
West,Knight Hall,2020-09-25T13:00:00,70.0,,,,,,,8.0,0.048299999999999996,,41.311922,-105.581147,2020,9,25,13
West,Knight Hall,2020-09-25T14:00:00,60.0,,,,,,,7.0,0.0414,,41.311922,-105.581147,2020,9,25,14
West,Knight Hall,2020-09-25T15:00:00,60.0,,,,,,,7.0,0.0414,,41.311922,-105.581147,2020,9,25,15
West,Knight Hall,2020-09-25T16:00:00,60.0,,,,,,,5.0,0.0414,,41.311922,-105.581147,2020,9,25,16
West,Knight Hall,2020-09-25T17:00:00,40.0,,,,,,,1.0,0.0276,,41.311922,-105.581147,2020,9,25,17
West,Knight Hall,2020-09-25T18:00:00,40.0,,,,,,,,0.0276,,41.311922,-105.581147,2020,9,25,18
West,Knight Hall,2020-09-25T19:00:00,30.0,,,,,,,1.0,0.0207,,41.311922,-105.581147,2020,9,25,19
West,Knight Hall,2020-09-25T20:00:00,30.0,,,,,,,,0.0207,,41.311922,-105.581147,2020,9,25,20
West,Knight Hall,2020-09-25T21:00:00,30.0,,,,,,,,0.0207,,41.311922,-105.581147,2020,9,25,21
West,Knight Hall,2020-09-25T22:00:00,20.0,,,,,,,,0.0138,,41.311922,-105.581147,2020,9,25,22
West,Knight Hall,2020-09-25T23:00:00,30.0,,,,,,,,0.0207,,41.311922,-105.581147,2020,9,25,23
West,Knight Hall,2020-09-26T00:00:00,20.0,,,,,,,,0.0138,,41.311922,-105.581147,2020,9,26,0
West,Knight Hall,2020-09-26T01:00:00,30.0,,,,,,,1.0,0.0207,,41.311922,-105.581147,2020,9,26,1
West,Knight Hall,2020-09-26T02:00:00,20.0,,,,,,,,0.0138,,41.311922,-105.581147,2020,9,26,2
West,Knight Hall,2020-09-26T03:00:00,20.0,,,,,,,,0.0138,,41.311922,-105.581147,2020,9,26,3
West,Knight Hall,2020-09-26T04:00:00,30.0,,,,,,,,0.0207,,41.311922,-105.581147,2020,9,26,4
West,Knight Hall,2020-09-26T05:00:00,20.0,,,,,,,3.0,0.0138,,41.311922,-105.581147,2020,9,26,5
West,Knight Hall,2020-09-26T06:00:00,30.0,,,,,,,3.0,0.0207,,41.311922,-105.581147,2020,9,26,6
West,Knight Hall,2020-09-26T07:00:00,20.0,,,,,,,3.0,0.0138,,41.311922,-105.581147,2020,9,26,7
West,Knight Hall,2020-09-26T08:00:00,30.0,,,,,,,2.0,0.0207,,41.311922,-105.581147,2020,9,26,8
West,Knight Hall,2020-09-26T09:00:00,30.0,,,,,,,4.0,0.0207,,41.311922,-105.581147,2020,9,26,9
West,Knight Hall,2020-09-26T10:00:00,20.0,,,,,,,7.0,0.0138,,41.311922,-105.581147,2020,9,26,10
West,Knight Hall,2020-09-26T11:00:00,30.0,,,,,,,8.0,0.0207,,41.311922,-105.581147,2020,9,26,11
West,Knight Hall,2020-09-26T12:00:00,30.0,,,,,,,8.0,0.0207,,41.311922,-105.581147,2020,9,26,12
West,Knight Hall,2020-09-26T13:00:00,30.0,,,,,,,9.0,0.0207,,41.311922,-105.581147,2020,9,26,13
West,Knight Hall,2020-09-26T14:00:00,30.0,,,,,,,8.0,0.0207,,41.311922,-105.581147,2020,9,26,14
West,Knight Hall,2020-09-26T15:00:00,30.0,,,,,,,8.0,0.0207,,41.311922,-105.581147,2020,9,26,15
West,Knight Hall,2020-09-26T16:00:00,20.0,,,,,,,5.0,0.0138,,41.311922,-105.581147,2020,9,26,16
West,Knight Hall,2020-09-26T17:00:00,20.0,,,,,,,1.0,0.0138,,41.311922,-105.581147,2020,9,26,17
West,Knight Hall,2020-09-26T18:00:00,30.0,,,,,,,1.0,0.0207,,41.311922,-105.581147,2020,9,26,18
West,Knight Hall,2020-09-26T19:00:00,20.0,,,,,,,,0.0138,,41.311922,-105.581147,2020,9,26,19
West,Knight Hall,2020-09-26T20:00:00,30.0,,,,,,,,0.0207,,41.311922,-105.581147,2020,9,26,20
West,Knight Hall,2020-09-26T21:00:00,20.0,,,,,,,,0.0138,,41.311922,-105.581147,2020,9,26,21
West,Knight Hall,2020-09-26T22:00:00,20.0,,,,,,,,0.0138,,41.311922,-105.581147,2020,9,26,22
West,Knight Hall,2020-09-26T23:00:00,30.0,,,,,,,,0.0207,,41.311922,-105.581147,2020,9,26,23
West,Knight Hall,2020-09-27T00:00:00,20.0,,,,,,,1.0,0.0138,,41.311922,-105.581147,2020,9,27,0
West,Knight Hall,2020-09-27T01:00:00,30.0,,,,,,,,0.0207,,41.311922,-105.581147,2020,9,27,1
West,Knight Hall,2020-09-27T02:00:00,20.0,,,,,,,,0.0138,,41.311922,-105.581147,2020,9,27,2
West,Knight Hall,2020-09-27T03:00:00,20.0,,,,,,,,0.0138,,41.311922,-105.581147,2020,9,27,3
West,Knight Hall,2020-09-27T04:00:00,30.0,,,,,,,,0.0207,,41.311922,-105.581147,2020,9,27,4
West,Knight Hall,2020-09-27T05:00:00,30.0,,,,,,,3.0,0.0207,,41.311922,-105.581147,2020,9,27,5
West,Knight Hall,2020-09-27T06:00:00,20.0,,,,,,,3.0,0.0138,,41.311922,-105.581147,2020,9,27,6
West,Knight Hall,2020-09-27T07:00:00,30.0,,,,,,,2.0,0.0207,,41.311922,-105.581147,2020,9,27,7
West,Knight Hall,2020-09-27T08:00:00,20.0,,,,,,,3.0,0.0138,,41.311922,-105.581147,2020,9,27,8
West,Knight Hall,2020-09-27T09:00:00,30.0,,,,,,,3.0,0.0207,,41.311922,-105.581147,2020,9,27,9
West,Knight Hall,2020-09-27T10:00:00,30.0,,,,,,,4.0,0.0207,,41.311922,-105.581147,2020,9,27,10
West,Knight Hall,2020-09-27T11:00:00,30.0,,,,,,,5.0,0.0207,,41.311922,-105.581147,2020,9,27,11
West,Knight Hall,2020-09-27T12:00:00,30.0,,,,,,,6.0,0.0207,,41.311922,-105.581147,2020,9,27,12
West,Knight Hall,2020-09-27T13:00:00,30.0,,,,,,,4.0,0.0207,,41.311922,-105.581147,2020,9,27,13
West,Knight Hall,2020-09-27T14:00:00,30.0,,,,,,,2.0,0.0207,,41.311922,-105.581147,2020,9,27,14
West,Knight Hall,2020-09-27T15:00:00,30.0,,,,,,,3.0,0.0207,,41.311922,-105.581147,2020,9,27,15
West,Knight Hall,2020-09-27T16:00:00,20.0,,,,,,,3.0,0.0138,,41.311922,-105.581147,2020,9,27,16
West,Knight Hall,2020-09-27T17:00:00,30.0,,,,,,,2.0,0.0207,,41.311922,-105.581147,2020,9,27,17
West,Knight Hall,2020-09-27T18:00:00,30.0,,,,,,,,0.0207,,41.311922,-105.581147,2020,9,27,18
West,Knight Hall,2020-09-27T19:00:00,30.0,,,,,,,,0.0207,,41.311922,-105.581147,2020,9,27,19
West,Knight Hall,2020-09-27T20:00:00,30.0,,,,,,,,0.0207,,41.311922,-105.581147,2020,9,27,20
West,Knight Hall,2020-09-27T21:00:00,20.0,,,,,,,,0.0138,,41.311922,-105.581147,2020,9,27,21
West,Knight Hall,2020-09-27T22:00:00,30.0,,,,,,,,0.0207,,41.311922,-105.581147,2020,9,27,22
West,Knight Hall,2020-09-27T23:00:00,30.0,,,,,,,1.0,0.0207,,41.311922,-105.581147,2020,9,27,23
West,Knight Hall,2020-09-28T00:00:00,20.0,,,,,,,,0.0138,,41.311922,-105.581147,2020,9,28,0
West,Knight Hall,2020-09-28T01:00:00,30.0,,,,,,,,0.0207,,41.311922,-105.581147,2020,9,28,1
West,Knight Hall,2020-09-28T02:00:00,20.0,,,,,,,,0.0138,,41.311922,-105.581147,2020,9,28,2
West,Knight Hall,2020-09-28T03:00:00,30.0,,,,,,,,0.0207,,41.311922,-105.581147,2020,9,28,3
West,Knight Hall,2020-09-28T04:00:00,30.0,,,,,,,,0.0207,,41.311922,-105.581147,2020,9,28,4
West,Knight Hall,2020-09-28T05:00:00,30.0,,,,,,,1.0,0.0207,,41.311922,-105.581147,2020,9,28,5
West,Knight Hall,2020-09-28T06:00:00,30.0,,,,,,,,0.0207,,41.311922,-105.581147,2020,9,28,6
West,Knight Hall,2020-09-28T07:00:00,40.0,,,,,,,,0.0276,,41.311922,-105.581147,2020,9,28,7
West,Knight Hall,2020-09-28T08:00:00,70.0,,,,,,,,0.048299999999999996,,41.311922,-105.581147,2020,9,28,8
West,Knight Hall,2020-09-28T09:00:00,60.0,,,,,,,1.0,0.0414,,41.311922,-105.581147,2020,9,28,9
West,Knight Hall,2020-09-28T10:00:00,70.0,,,,,,,,0.048299999999999996,,41.311922,-105.581147,2020,9,28,10
West,Knight Hall,2020-09-28T11:00:00,70.0,,,,,,,,0.048299999999999996,,41.311922,-105.581147,2020,9,28,11
West,Knight Hall,2020-09-28T12:00:00,70.0,,,,,,,,0.048299999999999996,,41.311922,-105.581147,2020,9,28,12
West,Knight Hall,2020-09-28T13:00:00,70.0,,,,,,,,0.048299999999999996,,41.311922,-105.581147,2020,9,28,13
West,Knight Hall,2020-09-28T14:00:00,70.0,,,,,,,,0.048299999999999996,,41.311922,-105.581147,2020,9,28,14
West,Knight Hall,2020-09-28T15:00:00,60.0,,,,,,,,0.0414,,41.311922,-105.581147,2020,9,28,15
West,Knight Hall,2020-09-28T16:00:00,70.0,,,,,,,1.0,0.048299999999999996,,41.311922,-105.581147,2020,9,28,16
West,Knight Hall,2020-09-28T17:00:00,40.0,,,,,,,,0.0276,,41.311922,-105.581147,2020,9,28,17
West,Knight Hall,2020-09-28T18:00:00,40.0,,,,,,,,0.0276,,41.311922,-105.581147,2020,9,28,18
West,Knight Hall,2020-09-28T19:00:00,40.0,,,,,,,,0.0276,,41.311922,-105.581147,2020,9,28,19
West,Knight Hall,2020-09-28T20:00:00,30.0,,,,,,,,0.0207,,41.311922,-105.581147,2020,9,28,20
West,Knight Hall,2020-09-28T21:00:00,30.0,,,,,,,,0.0207,,41.311922,-105.581147,2020,9,28,21
West,Knight Hall,2020-09-28T22:00:00,30.0,,,,,,,1.0,0.0207,,41.311922,-105.581147,2020,9,28,22
West,Knight Hall,2020-09-28T23:00:00,30.0,,,,,,,,0.0207,,41.311922,-105.581147,2020,9,28,23
West,Knight Hall,2020-09-29T00:00:00,20.0,,,,,,,,0.0138,,41.311922,-105.581147,2020,9,29,0
West,Knight Hall,2020-09-29T01:00:00,30.0,,,,,,,,0.0207,,41.311922,-105.581147,2020,9,29,1
West,Knight Hall,2020-09-29T02:00:00,30.0,,,,,,,,0.0207,,41.311922,-105.581147,2020,9,29,2
West,Knight Hall,2020-09-29T03:00:00,20.0,,,,,,,1.0,0.0138,,41.311922,-105.581147,2020,9,29,3
West,Knight Hall,2020-09-29T04:00:00,30.0,,,,,,,,0.0207,,41.311922,-105.581147,2020,9,29,4
West,Knight Hall,2020-09-29T05:00:00,30.0,,,,,,,,0.0207,,41.311922,-105.581147,2020,9,29,5
West,Knight Hall,2020-09-29T06:00:00,30.0,,,,,,,,0.0207,,41.311922,-105.581147,2020,9,29,6
West,Knight Hall,2020-09-29T07:00:00,40.0,,,,,,,,0.0276,,41.311922,-105.581147,2020,9,29,7
West,Knight Hall,2020-09-29T08:00:00,70.0,,,,,,,,0.048299999999999996,,41.311922,-105.581147,2020,9,29,8
West,Knight Hall,2020-09-29T09:00:00,60.0,,,,,,,,0.0414,,41.311922,-105.581147,2020,9,29,9
West,Knight Hall,2020-09-29T10:00:00,70.0,,,,,,,1.0,0.048299999999999996,,41.311922,-105.581147,2020,9,29,10
West,Knight Hall,2020-09-29T11:00:00,70.0,,,,,,,,0.048299999999999996,,41.311922,-105.581147,2020,9,29,11
West,Knight Hall,2020-09-29T12:00:00,70.0,,,,,,,,0.048299999999999996,,41.311922,-105.581147,2020,9,29,12
West,Knight Hall,2020-09-29T13:00:00,60.0,,,,,,,,0.0414,,41.311922,-105.581147,2020,9,29,13
West,Knight Hall,2020-09-29T14:00:00,70.0,,,,,,,,0.048299999999999996,,41.311922,-105.581147,2020,9,29,14
West,Knight Hall,2020-09-29T15:00:00,60.0,,,,,,,1.0,0.0414,,41.311922,-105.581147,2020,9,29,15
West,Knight Hall,2020-09-29T16:00:00,60.0,,,,,,,3.0,0.0414,,41.311922,-105.581147,2020,9,29,16
West,Knight Hall,2020-09-29T17:00:00,50.0,,,,,,,9.0,0.034499999999999996,,41.311922,-105.581147,2020,9,29,17
West,Knight Hall,2020-09-29T18:00:00,40.0,,,,,,,7.0,0.0276,,41.311922,-105.581147,2020,9,29,18
West,Knight Hall,2020-09-29T19:00:00,30.0,,,,,,,7.0,0.0207,,41.311922,-105.581147,2020,9,29,19
West,Knight Hall,2020-09-29T20:00:00,30.0,,,,,,,4.0,0.0207,,41.311922,-105.581147,2020,9,29,20
West,Knight Hall,2020-09-29T21:00:00,30.0,,,,,,,3.0,0.0207,,41.311922,-105.581147,2020,9,29,21
West,Knight Hall,2020-09-29T22:00:00,30.0,,,,,,,3.0,0.0207,,41.311922,-105.581147,2020,9,29,22
West,Knight Hall,2020-09-29T23:00:00,20.0,,,,,,,3.0,0.0138,,41.311922,-105.581147,2020,9,29,23
West,Knight Hall,2020-09-30T00:00:00,30.0,,,,,,,1.0,0.0207,,41.311922,-105.581147,2020,9,30,0
West,Knight Hall,2020-09-30T01:00:00,30.0,,,,,,,,0.0207,,41.311922,-105.581147,2020,9,30,1
West,Knight Hall,2020-09-30T02:00:00,20.0,,,,,,,,0.0138,,41.311922,-105.581147,2020,9,30,2
West,Knight Hall,2020-09-30T03:00:00,30.0,,,,,,,,0.0207,,41.311922,-105.581147,2020,9,30,3
West,Knight Hall,2020-09-30T04:00:00,30.0,,,,,,,1.0,0.0207,,41.311922,-105.581147,2020,9,30,4
West,Knight Hall,2020-09-30T05:00:00,30.0,,,,,,,2.0,0.0207,,41.311922,-105.581147,2020,9,30,5
West,Knight Hall,2020-09-30T06:00:00,40.0,,,,,,,4.0,0.0276,,41.311922,-105.581147,2020,9,30,6
West,Knight Hall,2020-09-30T07:00:00,40.0,,,,,,,3.0,0.0276,,41.311922,-105.581147,2020,9,30,7
West,Knight Hall,2020-09-30T08:00:00,60.0,,,,,,,3.0,0.0414,,41.311922,-105.581147,2020,9,30,8
West,Knight Hall,2020-09-30T09:00:00,70.0,,,,,,,3.0,0.048299999999999996,,41.311922,-105.581147,2020,9,30,9
West,Knight Hall,2020-09-30T10:00:00,70.0,,,,,,,3.0,0.048299999999999996,,41.311922,-105.581147,2020,9,30,10
West,Knight Hall,2020-09-30T11:00:00,70.0,,,,,,,3.0,0.048299999999999996,,41.311922,-105.581147,2020,9,30,11
West,Knight Hall,2020-09-30T12:00:00,70.0,,,,,,,4.0,0.048299999999999996,,41.311922,-105.581147,2020,9,30,12
West,Knight Hall,2020-09-30T13:00:00,60.0,,,,,,,4.0,0.0414,,41.311922,-105.581147,2020,9,30,13
West,Knight Hall,2020-09-30T14:00:00,70.0,,,,,,,2.0,0.048299999999999996,,41.311922,-105.581147,2020,9,30,14
West,Knight Hall,2020-09-30T15:00:00,60.0,,,,,,,3.0,0.0414,,41.311922,-105.581147,2020,9,30,15
West,Knight Hall,2020-09-30T16:00:00,70.0,,,,,,,3.0,0.048299999999999996,,41.311922,-105.581147,2020,9,30,16
West,Knight Hall,2020-09-30T17:00:00,40.0,,,,,,,1.0,0.0276,,41.311922,-105.581147,2020,9,30,17
West,Knight Hall,2020-09-30T18:00:00,40.0,,,,,,,1.0,0.0276,,41.311922,-105.581147,2020,9,30,18
West,Knight Hall,2020-09-30T19:00:00,30.0,,,,,,,,0.0207,,41.311922,-105.581147,2020,9,30,19
West,Knight Hall,2020-09-30T20:00:00,30.0,,,,,,,,0.0207,,41.311922,-105.581147,2020,9,30,20
West,Knight Hall,2020-09-30T21:00:00,30.0,,,,,,,,0.0207,,41.311922,-105.581147,2020,9,30,21
West,Knight Hall,2020-09-30T22:00:00,30.0,,,,,,,1.0,0.0207,,41.311922,-105.581147,2020,9,30,22
West,Knight Hall,2020-09-30T23:00:00,30.0,,,,,,,,0.0207,,41.311922,-105.581147,2020,9,30,23
West,Knight Hall,2020-10-01T00:00:00,20.0,,,,,,,,0.0138,,41.311922,-105.581147,2020,10,1,0
West,Knight Hall,2020-10-01T01:00:00,30.0,,,,,,,,0.0207,,41.311922,-105.581147,2020,10,1,1
West,Knight Hall,2020-10-01T02:00:00,30.0,,,,,,,,0.0207,,41.311922,-105.581147,2020,10,1,2
West,Knight Hall,2020-10-01T03:00:00,20.0,,,,,,,1.0,0.0138,,41.311922,-105.581147,2020,10,1,3
West,Knight Hall,2020-10-01T04:00:00,30.0,,,,,,,,0.0207,,41.311922,-105.581147,2020,10,1,4
West,Knight Hall,2020-10-01T05:00:00,30.0,,,,,,,6.0,0.0207,,41.311922,-105.581147,2020,10,1,5
West,Knight Hall,2020-10-01T06:00:00,40.0,,,,,,,8.0,0.0276,,41.311922,-105.581147,2020,10,1,6
West,Knight Hall,2020-10-01T07:00:00,40.0,,,,,,,8.0,0.0276,,41.311922,-105.581147,2020,10,1,7
West,Knight Hall,2020-10-01T08:00:00,60.0,,,,,,,6.0,0.0414,,41.311922,-105.581147,2020,10,1,8
West,Knight Hall,2020-10-01T09:00:00,60.0,,,,,,,7.0,0.0414,,41.311922,-105.581147,2020,10,1,9
West,Knight Hall,2020-10-01T10:00:00,70.0,,,,,,,7.0,0.048299999999999996,,41.311922,-105.581147,2020,10,1,10
West,Knight Hall,2020-10-01T11:00:00,70.0,,,,,,,7.0,0.048299999999999996,,41.311922,-105.581147,2020,10,1,11
West,Knight Hall,2020-10-01T12:00:00,60.0,,,,,,,6.0,0.0414,,41.311922,-105.581147,2020,10,1,12
West,Knight Hall,2020-10-01T13:00:00,60.0,,,,,,,6.0,0.0414,,41.311922,-105.581147,2020,10,1,13
West,Knight Hall,2020-10-01T14:00:00,70.0,,,,,,,7.0,0.048299999999999996,,41.311922,-105.581147,2020,10,1,14
West,Knight Hall,2020-10-01T15:00:00,60.0,,,,,,,6.0,0.0414,,41.311922,-105.581147,2020,10,1,15
West,Knight Hall,2020-10-01T16:00:00,60.0,,,,,,,8.0,0.0414,,41.311922,-105.581147,2020,10,1,16
West,Knight Hall,2020-10-01T17:00:00,50.0,,,,,,,3.0,0.034499999999999996,,41.311922,-105.581147,2020,10,1,17
West,Knight Hall,2020-10-01T18:00:00,40.0,,,,,,,,0.0276,,41.311922,-105.581147,2020,10,1,18
West,Knight Hall,2020-10-01T19:00:00,30.0,,,,,,,,0.0207,,41.311922,-105.581147,2020,10,1,19
West,Knight Hall,2020-10-01T20:00:00,30.0,,,,,,,,0.0207,,41.311922,-105.581147,2020,10,1,20
West,Knight Hall,2020-10-01T21:00:00,30.0,,,,,,,1.0,0.0207,,41.311922,-105.581147,2020,10,1,21
West,Knight Hall,2020-10-01T22:00:00,30.0,,,,,,,,0.0207,,41.311922,-105.581147,2020,10,1,22
West,Knight Hall,2020-10-01T23:00:00,30.0,,,,,,,1.0,0.0207,,41.311922,-105.581147,2020,10,1,23
West,Knight Hall,2020-10-02T00:00:00,20.0,,,,,,,1.0,0.0138,,41.311922,-105.581147,2020,10,2,0
West,Knight Hall,2020-10-02T01:00:00,30.0,,,,,,,1.0,0.0207,,41.311922,-105.581147,2020,10,2,1
West,Knight Hall,2020-10-02T02:00:00,20.0,,,,,,,1.0,0.0138,,41.311922,-105.581147,2020,10,2,2
West,Knight Hall,2020-10-02T03:00:00,30.0,,,,,,,,0.0207,,41.311922,-105.581147,2020,10,2,3
West,Knight Hall,2020-10-02T04:00:00,30.0,,,,,,,2.0,0.0207,,41.311922,-105.581147,2020,10,2,4
West,Knight Hall,2020-10-02T05:00:00,30.0,,,,,,,6.0,0.0207,,41.311922,-105.581147,2020,10,2,5
West,Knight Hall,2020-10-02T06:00:00,30.0,,,,,,,8.0,0.0207,,41.311922,-105.581147,2020,10,2,6
West,Knight Hall,2020-10-02T07:00:00,40.0,,,,,,,8.0,0.0276,,41.311922,-105.581147,2020,10,2,7
West,Knight Hall,2020-10-02T08:00:00,60.0,,,,,,,8.0,0.0414,,41.311922,-105.581147,2020,10,2,8
West,Knight Hall,2020-10-02T09:00:00,70.0,,,,,,,7.0,0.048299999999999996,,41.311922,-105.581147,2020,10,2,9
West,Knight Hall,2020-10-02T10:00:00,70.0,,,,,,,5.0,0.048299999999999996,,41.311922,-105.581147,2020,10,2,10
West,Knight Hall,2020-10-02T11:00:00,70.0,,,,,,,5.0,0.048299999999999996,,41.311922,-105.581147,2020,10,2,11
West,Knight Hall,2020-10-02T12:00:00,60.0,,,,,,,3.0,0.0414,,41.311922,-105.581147,2020,10,2,12
West,Knight Hall,2020-10-02T13:00:00,70.0,,,,,,,4.0,0.048299999999999996,,41.311922,-105.581147,2020,10,2,13
West,Knight Hall,2020-10-02T14:00:00,60.0,,,,,,,3.0,0.0414,,41.311922,-105.581147,2020,10,2,14
West,Knight Hall,2020-10-02T15:00:00,60.0,,,,,,,3.0,0.0414,,41.311922,-105.581147,2020,10,2,15
West,Knight Hall,2020-10-02T16:00:00,60.0,,,,,,,3.0,0.0414,,41.311922,-105.581147,2020,10,2,16
West,Knight Hall,2020-10-02T17:00:00,50.0,,,,,,,1.0,0.034499999999999996,,41.311922,-105.581147,2020,10,2,17
West,Knight Hall,2020-10-02T18:00:00,30.0,,,,,,,,0.0207,,41.311922,-105.581147,2020,10,2,18
West,Knight Hall,2020-10-02T19:00:00,40.0,,,,,,,1.0,0.0276,,41.311922,-105.581147,2020,10,2,19
West,Knight Hall,2020-10-02T20:00:00,30.0,,,,,,,,0.0207,,41.311922,-105.581147,2020,10,2,20
West,Knight Hall,2020-10-02T21:00:00,30.0,,,,,,,1.0,0.0207,,41.311922,-105.581147,2020,10,2,21
West,Knight Hall,2020-10-02T22:00:00,30.0,,,,,,,1.0,0.0207,,41.311922,-105.581147,2020,10,2,22
West,Knight Hall,2020-10-02T23:00:00,20.0,,,,,,,1.0,0.0138,,41.311922,-105.581147,2020,10,2,23
West,Knight Hall,2020-10-03T00:00:00,30.0,,,,,,,1.0,0.0207,,41.311922,-105.581147,2020,10,3,0
West,Knight Hall,2020-10-03T01:00:00,30.0,,,,,,,1.0,0.0207,,41.311922,-105.581147,2020,10,3,1
West,Knight Hall,2020-10-03T02:00:00,20.0,,,,,,,2.0,0.0138,,41.311922,-105.581147,2020,10,3,2
West,Knight Hall,2020-10-03T03:00:00,30.0,,,,,,,1.0,0.0207,,41.311922,-105.581147,2020,10,3,3
West,Knight Hall,2020-10-03T04:00:00,30.0,,,,,,,1.0,0.0207,,41.311922,-105.581147,2020,10,3,4
West,Knight Hall,2020-10-03T05:00:00,20.0,,,,,,,4.0,0.0138,,41.311922,-105.581147,2020,10,3,5
West,Knight Hall,2020-10-03T06:00:00,30.0,,,,,,,3.0,0.0207,,41.311922,-105.581147,2020,10,3,6
West,Knight Hall,2020-10-03T07:00:00,20.0,,,,,,,4.0,0.0138,,41.311922,-105.581147,2020,10,3,7
West,Knight Hall,2020-10-03T08:00:00,30.0,,,,,,,4.0,0.0207,,41.311922,-105.581147,2020,10,3,8
West,Knight Hall,2020-10-03T09:00:00,40.0,,,,,,,3.0,0.0276,,41.311922,-105.581147,2020,10,3,9
West,Knight Hall,2020-10-03T10:00:00,30.0,,,,,,,3.0,0.0207,,41.311922,-105.581147,2020,10,3,10
West,Knight Hall,2020-10-03T11:00:00,30.0,,,,,,,3.0,0.0207,,41.311922,-105.581147,2020,10,3,11
West,Knight Hall,2020-10-03T12:00:00,30.0,,,,,,,,0.0207,,41.311922,-105.581147,2020,10,3,12
West,Knight Hall,2020-10-03T13:00:00,30.0,,,,,,,,0.0207,,41.311922,-105.581147,2020,10,3,13
West,Knight Hall,2020-10-03T14:00:00,30.0,,,,,,,4.0,0.0207,,41.311922,-105.581147,2020,10,3,14
West,Knight Hall,2020-10-03T15:00:00,30.0,,,,,,,3.0,0.0207,,41.311922,-105.581147,2020,10,3,15
West,Knight Hall,2020-10-03T16:00:00,20.0,,,,,,,1.0,0.0138,,41.311922,-105.581147,2020,10,3,16
West,Knight Hall,2020-10-03T17:00:00,30.0,,,,,,,,0.0207,,41.311922,-105.581147,2020,10,3,17
West,Knight Hall,2020-10-03T18:00:00,20.0,,,,,,,,0.0138,,41.311922,-105.581147,2020,10,3,18
West,Knight Hall,2020-10-03T19:00:00,30.0,,,,,,,,0.0207,,41.311922,-105.581147,2020,10,3,19
West,Knight Hall,2020-10-03T20:00:00,20.0,,,,,,,1.0,0.0138,,41.311922,-105.581147,2020,10,3,20
West,Knight Hall,2020-10-03T21:00:00,30.0,,,,,,,,0.0207,,41.311922,-105.581147,2020,10,3,21
West,Knight Hall,2020-10-03T22:00:00,20.0,,,,,,,,0.0138,,41.311922,-105.581147,2020,10,3,22
West,Knight Hall,2020-10-03T23:00:00,30.0,,,,,,,,0.0207,,41.311922,-105.581147,2020,10,3,23
West,Knight Hall,2020-10-04T00:00:00,30.0,,,,,,,,0.0207,,41.311922,-105.581147,2020,10,4,0
West,Knight Hall,2020-10-04T01:00:00,30.0,,,,,,,,0.0207,,41.311922,-105.581147,2020,10,4,1
West,Knight Hall,2020-10-04T02:00:00,20.0,,,,,,,1.0,0.0138,,41.311922,-105.581147,2020,10,4,2
West,Knight Hall,2020-10-04T03:00:00,30.0,,,,,,,,0.0207,,41.311922,-105.581147,2020,10,4,3
West,Knight Hall,2020-10-04T04:00:00,30.0,,,,,,,1.0,0.0207,,41.311922,-105.581147,2020,10,4,4
West,Knight Hall,2020-10-04T05:00:00,20.0,,,,,,,4.0,0.0138,,41.311922,-105.581147,2020,10,4,5
West,Knight Hall,2020-10-04T06:00:00,30.0,,,,,,,5.0,0.0207,,41.311922,-105.581147,2020,10,4,6
West,Knight Hall,2020-10-04T07:00:00,30.0,,,,,,,6.0,0.0207,,41.311922,-105.581147,2020,10,4,7
West,Knight Hall,2020-10-04T08:00:00,30.0,,,,,,,4.0,0.0207,,41.311922,-105.581147,2020,10,4,8
West,Knight Hall,2020-10-04T09:00:00,30.0,,,,,,,5.0,0.0207,,41.311922,-105.581147,2020,10,4,9
West,Knight Hall,2020-10-04T10:00:00,20.0,,,,,,,6.0,0.0138,,41.311922,-105.581147,2020,10,4,10
West,Knight Hall,2020-10-04T11:00:00,30.0,,,,,,,7.0,0.0207,,41.311922,-105.581147,2020,10,4,11
West,Knight Hall,2020-10-04T12:00:00,30.0,,,,,,,7.0,0.0207,,41.311922,-105.581147,2020,10,4,12
West,Knight Hall,2020-10-04T13:00:00,30.0,,,,,,,7.0,0.0207,,41.311922,-105.581147,2020,10,4,13
West,Knight Hall,2020-10-04T14:00:00,30.0,,,,,,,7.0,0.0207,,41.311922,-105.581147,2020,10,4,14
West,Knight Hall,2020-10-04T15:00:00,30.0,,,,,,,7.0,0.0207,,41.311922,-105.581147,2020,10,4,15
West,Knight Hall,2020-10-04T16:00:00,30.0,,,,,,,4.0,0.0207,,41.311922,-105.581147,2020,10,4,16
West,Knight Hall,2020-10-04T17:00:00,20.0,,,,,,,1.0,0.0138,,41.311922,-105.581147,2020,10,4,17
West,Knight Hall,2020-10-04T18:00:00,30.0,,,,,,,1.0,0.0207,,41.311922,-105.581147,2020,10,4,18
West,Knight Hall,2020-10-04T19:00:00,20.0,,,,,,,,0.0138,,41.311922,-105.581147,2020,10,4,19
West,Knight Hall,2020-10-04T20:00:00,30.0,,,,,,,,0.0207,,41.311922,-105.581147,2020,10,4,20
West,Knight Hall,2020-10-04T21:00:00,20.0,,,,,,,,0.0138,,41.311922,-105.581147,2020,10,4,21
West,Knight Hall,2020-10-04T22:00:00,30.0,,,,,,,1.0,0.0207,,41.311922,-105.581147,2020,10,4,22
West,Knight Hall,2020-10-04T23:00:00,20.0,,,,,,,,0.0138,,41.311922,-105.581147,2020,10,4,23
West,Knight Hall,2020-10-05T00:00:00,30.0,,,,,,,,0.0207,,41.311922,-105.581147,2020,10,5,0
West,Knight Hall,2020-10-05T01:00:00,30.0,,,,,,,1.0,0.0207,,41.311922,-105.581147,2020,10,5,1
West,Knight Hall,2020-10-05T02:00:00,20.0,,,,,,,,0.0138,,41.311922,-105.581147,2020,10,5,2
West,Knight Hall,2020-10-05T03:00:00,30.0,,,,,,,1.0,0.0207,,41.311922,-105.581147,2020,10,5,3
West,Knight Hall,2020-10-05T04:00:00,30.0,,,,,,,1.0,0.0207,,41.311922,-105.581147,2020,10,5,4
West,Knight Hall,2020-10-05T05:00:00,30.0,,,,,,,1.0,0.0207,,41.311922,-105.581147,2020,10,5,5
West,Knight Hall,2020-10-05T06:00:00,30.0,,,,,,,1.0,0.0207,,41.311922,-105.581147,2020,10,5,6
West,Knight Hall,2020-10-05T07:00:00,40.0,,,,,,,1.0,0.0276,,41.311922,-105.581147,2020,10,5,7
West,Knight Hall,2020-10-05T08:00:00,60.0,,,,,,,1.0,0.0414,,41.311922,-105.581147,2020,10,5,8
West,Knight Hall,2020-10-05T09:00:00,60.0,,,,,,,1.0,0.0414,,41.311922,-105.581147,2020,10,5,9
West,Knight Hall,2020-10-05T10:00:00,70.0,,,,,,,1.0,0.048299999999999996,,41.311922,-105.581147,2020,10,5,10
West,Knight Hall,2020-10-05T11:00:00,70.0,,,,,,,,0.048299999999999996,,41.311922,-105.581147,2020,10,5,11
West,Knight Hall,2020-10-05T12:00:00,60.0,,,,,,,,0.0414,,41.311922,-105.581147,2020,10,5,12
West,Knight Hall,2020-10-05T13:00:00,70.0,,,,,,,,0.048299999999999996,,41.311922,-105.581147,2020,10,5,13
West,Knight Hall,2020-10-05T14:00:00,70.0,,,,,,,,0.048299999999999996,,41.311922,-105.581147,2020,10,5,14
West,Knight Hall,2020-10-05T15:00:00,60.0,,,,,,,1.0,0.0414,,41.311922,-105.581147,2020,10,5,15
West,Knight Hall,2020-10-05T16:00:00,70.0,,,,,,,,0.048299999999999996,,41.311922,-105.581147,2020,10,5,16
West,Knight Hall,2020-10-05T17:00:00,40.0,,,,,,,,0.0276,,41.311922,-105.581147,2020,10,5,17
West,Knight Hall,2020-10-05T18:00:00,40.0,,,,,,,,0.0276,,41.311922,-105.581147,2020,10,5,18
West,Knight Hall,2020-10-05T19:00:00,30.0,,,,,,,,0.0207,,41.311922,-105.581147,2020,10,5,19
West,Knight Hall,2020-10-05T20:00:00,30.0,,,,,,,1.0,0.0207,,41.311922,-105.581147,2020,10,5,20
West,Knight Hall,2020-10-05T21:00:00,30.0,,,,,,,,0.0207,,41.311922,-105.581147,2020,10,5,21
West,Knight Hall,2020-10-05T22:00:00,30.0,,,,,,,,0.0207,,41.311922,-105.581147,2020,10,5,22
West,Knight Hall,2020-10-05T23:00:00,30.0,,,,,,,,0.0207,,41.311922,-105.581147,2020,10,5,23
West,Knight Hall,2020-10-06T00:00:00,30.0,,,,,,,1.0,0.0207,,41.311922,-105.581147,2020,10,6,0
West,Knight Hall,2020-10-06T01:00:00,20.0,,,,,,,,0.0138,,41.311922,-105.581147,2020,10,6,1
West,Knight Hall,2020-10-06T02:00:00,30.0,,,,,,,1.0,0.0207,,41.311922,-105.581147,2020,10,6,2
West,Knight Hall,2020-10-06T03:00:00,30.0,,,,,,,,0.0207,,41.311922,-105.581147,2020,10,6,3
West,Knight Hall,2020-10-06T04:00:00,30.0,,,,,,,1.0,0.0207,,41.311922,-105.581147,2020,10,6,4
West,Knight Hall,2020-10-06T05:00:00,30.0,,,,,,,2.0,0.0207,,41.311922,-105.581147,2020,10,6,5
West,Knight Hall,2020-10-06T06:00:00,30.0,,,,,,,1.0,0.0207,,41.311922,-105.581147,2020,10,6,6
West,Knight Hall,2020-10-06T07:00:00,40.0,,,,,,,1.0,0.0276,,41.311922,-105.581147,2020,10,6,7
West,Knight Hall,2020-10-06T08:00:00,60.0,,,,,,,2.0,0.0414,,41.311922,-105.581147,2020,10,6,8
West,Knight Hall,2020-10-06T09:00:00,70.0,,,,,,,1.0,0.048299999999999996,,41.311922,-105.581147,2020,10,6,9
West,Knight Hall,2020-10-06T10:00:00,60.0,,,,,,,,0.0414,,41.311922,-105.581147,2020,10,6,10
West,Knight Hall,2020-10-06T11:00:00,70.0,,,,,,,,0.048299999999999996,,41.311922,-105.581147,2020,10,6,11
West,Knight Hall,2020-10-06T12:00:00,70.0,,,,,,,1.0,0.048299999999999996,,41.311922,-105.581147,2020,10,6,12
West,Knight Hall,2020-10-06T13:00:00,70.0,,,,,,,,0.048299999999999996,,41.311922,-105.581147,2020,10,6,13
West,Knight Hall,2020-10-06T14:00:00,60.0,,,,,,,,0.0414,,41.311922,-105.581147,2020,10,6,14
West,Knight Hall,2020-10-06T15:00:00,70.0,,,,,,,,0.048299999999999996,,41.311922,-105.581147,2020,10,6,15
West,Knight Hall,2020-10-06T16:00:00,60.0,,,,,,,2.0,0.0414,,41.311922,-105.581147,2020,10,6,16
West,Knight Hall,2020-10-06T17:00:00,50.0,,,,,,,4.0,0.034499999999999996,,41.311922,-105.581147,2020,10,6,17
West,Knight Hall,2020-10-06T18:00:00,40.0,,,,,,,5.0,0.0276,,41.311922,-105.581147,2020,10,6,18
West,Knight Hall,2020-10-06T19:00:00,40.0,,,,,,,5.0,0.0276,,41.311922,-105.581147,2020,10,6,19
West,Knight Hall,2020-10-06T20:00:00,30.0,,,,,,,4.0,0.0207,,41.311922,-105.581147,2020,10,6,20
West,Knight Hall,2020-10-06T21:00:00,20.0,,,,,,,5.0,0.0138,,41.311922,-105.581147,2020,10,6,21
West,Knight Hall,2020-10-06T22:00:00,30.0,,,,,,,5.0,0.0207,,41.311922,-105.581147,2020,10,6,22
West,Knight Hall,2020-10-06T23:00:00,30.0,,,,,,,5.0,0.0207,,41.311922,-105.581147,2020,10,6,23
West,Knight Hall,2020-10-07T00:00:00,30.0,,,,,,,2.0,0.0207,,41.311922,-105.581147,2020,10,7,0
West,Knight Hall,2020-10-07T01:00:00,30.0,,,,,,,1.0,0.0207,,41.311922,-105.581147,2020,10,7,1
West,Knight Hall,2020-10-07T02:00:00,20.0,,,,,,,1.0,0.0138,,41.311922,-105.581147,2020,10,7,2
West,Knight Hall,2020-10-07T03:00:00,30.0,,,,,,,1.0,0.0207,,41.311922,-105.581147,2020,10,7,3
West,Knight Hall,2020-10-07T04:00:00,30.0,,,,,,,2.0,0.0207,,41.311922,-105.581147,2020,10,7,4
West,Knight Hall,2020-10-07T05:00:00,30.0,,,,,,,4.0,0.0207,,41.311922,-105.581147,2020,10,7,5
West,Knight Hall,2020-10-07T06:00:00,30.0,,,,,,,5.0,0.0207,,41.311922,-105.581147,2020,10,7,6
West,Knight Hall,2020-10-07T07:00:00,40.0,,,,,,,5.0,0.0276,,41.311922,-105.581147,2020,10,7,7
West,Knight Hall,2020-10-07T08:00:00,70.0,,,,,,,5.0,0.048299999999999996,,41.311922,-105.581147,2020,10,7,8
West,Knight Hall,2020-10-07T09:00:00,70.0,,,,,,,4.0,0.048299999999999996,,41.311922,-105.581147,2020,10,7,9
West,Knight Hall,2020-10-07T10:00:00,80.0,,,,,,,5.0,0.0552,,41.311922,-105.581147,2020,10,7,10
West,Knight Hall,2020-10-07T11:00:00,70.0,,,,,,,3.0,0.048299999999999996,,41.311922,-105.581147,2020,10,7,11
West,Knight Hall,2020-10-07T12:00:00,70.0,,,,,,,4.0,0.048299999999999996,,41.311922,-105.581147,2020,10,7,12
West,Knight Hall,2020-10-07T13:00:00,70.0,,,,,,,6.0,0.048299999999999996,,41.311922,-105.581147,2020,10,7,13
West,Knight Hall,2020-10-07T14:00:00,70.0,,,,,,,6.0,0.048299999999999996,,41.311922,-105.581147,2020,10,7,14
West,Knight Hall,2020-10-07T15:00:00,60.0,,,,,,,6.0,0.0414,,41.311922,-105.581147,2020,10,7,15
West,Knight Hall,2020-10-07T16:00:00,70.0,,,,,,,5.0,0.048299999999999996,,41.311922,-105.581147,2020,10,7,16
West,Knight Hall,2020-10-07T17:00:00,50.0,,,,,,,,0.034499999999999996,,41.311922,-105.581147,2020,10,7,17
West,Knight Hall,2020-10-07T18:00:00,40.0,,,,,,,1.0,0.0276,,41.311922,-105.581147,2020,10,7,18
West,Knight Hall,2020-10-07T19:00:00,30.0,,,,,,,,0.0207,,41.311922,-105.581147,2020,10,7,19
West,Knight Hall,2020-10-07T20:00:00,30.0,,,,,,,,0.0207,,41.311922,-105.581147,2020,10,7,20
West,Knight Hall,2020-10-07T21:00:00,30.0,,,,,,,,0.0207,,41.311922,-105.581147,2020,10,7,21
West,Knight Hall,2020-10-07T22:00:00,30.0,,,,,,,1.0,0.0207,,41.311922,-105.581147,2020,10,7,22
West,Knight Hall,2020-10-07T23:00:00,30.0,,,,,,,,0.0207,,41.311922,-105.581147,2020,10,7,23
West,Knight Hall,2020-10-08T00:00:00,20.0,,,,,,,1.0,0.0138,,41.311922,-105.581147,2020,10,8,0
West,Knight Hall,2020-10-08T01:00:00,30.0,,,,,,,,0.0207,,41.311922,-105.581147,2020,10,8,1
West,Knight Hall,2020-10-08T02:00:00,30.0,,,,,,,,0.0207,,41.311922,-105.581147,2020,10,8,2
West,Knight Hall,2020-10-08T03:00:00,20.0,,,,,,,1.0,0.0138,,41.311922,-105.581147,2020,10,8,3
West,Knight Hall,2020-10-08T04:00:00,30.0,,,,,,,,0.0207,,41.311922,-105.581147,2020,10,8,4
West,Knight Hall,2020-10-08T05:00:00,30.0,,,,,,,4.0,0.0207,,41.311922,-105.581147,2020,10,8,5
West,Knight Hall,2020-10-08T06:00:00,40.0,,,,,,,5.0,0.0276,,41.311922,-105.581147,2020,10,8,6
West,Knight Hall,2020-10-08T07:00:00,40.0,,,,,,,5.0,0.0276,,41.311922,-105.581147,2020,10,8,7
West,Knight Hall,2020-10-08T08:00:00,70.0,,,,,,,5.0,0.048299999999999996,,41.311922,-105.581147,2020,10,8,8
West,Knight Hall,2020-10-08T09:00:00,60.0,,,,,,,4.0,0.0414,,41.311922,-105.581147,2020,10,8,9
West,Knight Hall,2020-10-08T10:00:00,70.0,,,,,,,5.0,0.048299999999999996,,41.311922,-105.581147,2020,10,8,10
West,Knight Hall,2020-10-08T11:00:00,70.0,,,,,,,4.0,0.048299999999999996,,41.311922,-105.581147,2020,10,8,11
West,Knight Hall,2020-10-08T12:00:00,70.0,,,,,,,4.0,0.048299999999999996,,41.311922,-105.581147,2020,10,8,12
West,Knight Hall,2020-10-08T13:00:00,70.0,,,,,,,7.0,0.048299999999999996,,41.311922,-105.581147,2020,10,8,13
West,Knight Hall,2020-10-08T14:00:00,70.0,,,,,,,6.0,0.048299999999999996,,41.311922,-105.581147,2020,10,8,14
West,Knight Hall,2020-10-08T15:00:00,60.0,,,,,,,6.0,0.0414,,41.311922,-105.581147,2020,10,8,15
West,Knight Hall,2020-10-08T16:00:00,70.0,,,,,,,3.0,0.048299999999999996,,41.311922,-105.581147,2020,10,8,16
West,Knight Hall,2020-10-08T17:00:00,50.0,,,,,,,2.0,0.034499999999999996,,41.311922,-105.581147,2020,10,8,17
West,Knight Hall,2020-10-08T18:00:00,40.0,,,,,,,,0.0276,,41.311922,-105.581147,2020,10,8,18
West,Knight Hall,2020-10-08T19:00:00,40.0,,,,,,,,0.0276,,41.311922,-105.581147,2020,10,8,19
West,Knight Hall,2020-10-08T20:00:00,30.0,,,,,,,,0.0207,,41.311922,-105.581147,2020,10,8,20
West,Knight Hall,2020-10-08T21:00:00,30.0,,,,,,,1.0,0.0207,,41.311922,-105.581147,2020,10,8,21
West,Knight Hall,2020-10-08T22:00:00,30.0,,,,,,,,0.0207,,41.311922,-105.581147,2020,10,8,22
West,Knight Hall,2020-10-08T23:00:00,30.0,,,,,,,,0.0207,,41.311922,-105.581147,2020,10,8,23
West,Knight Hall,2020-10-09T00:00:00,20.0,,,,,,,,0.0138,,41.311922,-105.581147,2020,10,9,0
West,Knight Hall,2020-10-09T01:00:00,30.0,,,,,,,,0.0207,,41.311922,-105.581147,2020,10,9,1
West,Knight Hall,2020-10-09T02:00:00,30.0,,,,,,,,0.0207,,41.311922,-105.581147,2020,10,9,2
West,Knight Hall,2020-10-09T03:00:00,20.0,,,,,,,,0.0138,,41.311922,-105.581147,2020,10,9,3
West,Knight Hall,2020-10-09T04:00:00,30.0,,,,,,,,0.0207,,41.311922,-105.581147,2020,10,9,4
West,Knight Hall,2020-10-09T05:00:00,30.0,,,,,,,,0.0207,,41.311922,-105.581147,2020,10,9,5
West,Knight Hall,2020-10-09T06:00:00,40.0,,,,,,,,0.0276,,41.311922,-105.581147,2020,10,9,6
West,Knight Hall,2020-10-09T07:00:00,40.0,,,,,,,,0.0276,,41.311922,-105.581147,2020,10,9,7
West,Knight Hall,2020-10-09T08:00:00,60.0,,,,,,,,0.0414,,41.311922,-105.581147,2020,10,9,8
West,Knight Hall,2020-10-09T09:00:00,70.0,,,,,,,,0.048299999999999996,,41.311922,-105.581147,2020,10,9,9
West,Knight Hall,2020-10-09T10:00:00,70.0,,,,,,,,0.048299999999999996,,41.311922,-105.581147,2020,10,9,10
West,Knight Hall,2020-10-09T11:00:00,70.0,,,,,,,,0.048299999999999996,,41.311922,-105.581147,2020,10,9,11
West,Knight Hall,2020-10-09T12:00:00,60.0,,,,,,,,0.0414,,41.311922,-105.581147,2020,10,9,12
West,Knight Hall,2020-10-09T13:00:00,70.0,,,,,,,,0.048299999999999996,,41.311922,-105.581147,2020,10,9,13
West,Knight Hall,2020-10-09T14:00:00,70.0,,,,,,,,0.048299999999999996,,41.311922,-105.581147,2020,10,9,14
West,Knight Hall,2020-10-09T15:00:00,60.0,,,,,,,,0.0414,,41.311922,-105.581147,2020,10,9,15
West,Knight Hall,2020-10-09T16:00:00,60.0,,,,,,,,0.0414,,41.311922,-105.581147,2020,10,9,16
West,Knight Hall,2020-10-09T17:00:00,40.0,,,,,,,,0.0276,,41.311922,-105.581147,2020,10,9,17
West,Knight Hall,2020-10-09T18:00:00,40.0,,,,,,,,0.0276,,41.311922,-105.581147,2020,10,9,18
West,Knight Hall,2020-10-09T19:00:00,30.0,,,,,,,1.0,0.0207,,41.311922,-105.581147,2020,10,9,19
West,Knight Hall,2020-10-09T20:00:00,30.0,,,,,,,,0.0207,,41.311922,-105.581147,2020,10,9,20
West,Knight Hall,2020-10-09T21:00:00,30.0,,,,,,,1.0,0.0207,,41.311922,-105.581147,2020,10,9,21
West,Knight Hall,2020-10-09T22:00:00,30.0,,,,,,,2.0,0.0207,,41.311922,-105.581147,2020,10,9,22
West,Knight Hall,2020-10-09T23:00:00,30.0,,,,,,,1.0,0.0207,,41.311922,-105.581147,2020,10,9,23
West,Knight Hall,2020-10-10T00:00:00,20.0,,,,,,,2.0,0.0138,,41.311922,-105.581147,2020,10,10,0
West,Knight Hall,2020-10-10T01:00:00,30.0,,,,,,,2.0,0.0207,,41.311922,-105.581147,2020,10,10,1
West,Knight Hall,2020-10-10T02:00:00,30.0,,,,,,,1.0,0.0207,,41.311922,-105.581147,2020,10,10,2
West,Knight Hall,2020-10-10T03:00:00,20.0,,,,,,,2.0,0.0138,,41.311922,-105.581147,2020,10,10,3
West,Knight Hall,2020-10-10T04:00:00,30.0,,,,,,,2.0,0.0207,,41.311922,-105.581147,2020,10,10,4
West,Knight Hall,2020-10-10T05:00:00,20.0,,,,,,,6.0,0.0138,,41.311922,-105.581147,2020,10,10,5
West,Knight Hall,2020-10-10T06:00:00,30.0,,,,,,,6.0,0.0207,,41.311922,-105.581147,2020,10,10,6
West,Knight Hall,2020-10-10T07:00:00,30.0,,,,,,,6.0,0.0207,,41.311922,-105.581147,2020,10,10,7
West,Knight Hall,2020-10-10T08:00:00,30.0,,,,,,,2.0,0.0207,,41.311922,-105.581147,2020,10,10,8
West,Knight Hall,2020-10-10T09:00:00,30.0,,,,,,,,0.0207,,41.311922,-105.581147,2020,10,10,9
West,Knight Hall,2020-10-10T10:00:00,30.0,,,,,,,,0.0207,,41.311922,-105.581147,2020,10,10,10
West,Knight Hall,2020-10-10T11:00:00,30.0,,,,,,,,0.0207,,41.311922,-105.581147,2020,10,10,11
West,Knight Hall,2020-10-10T12:00:00,40.0,,,,,,,,0.0276,,41.311922,-105.581147,2020,10,10,12
West,Knight Hall,2020-10-10T13:00:00,30.0,,,,,,,,0.0207,,41.311922,-105.581147,2020,10,10,13
West,Knight Hall,2020-10-10T14:00:00,30.0,,,,,,,,0.0207,,41.311922,-105.581147,2020,10,10,14
West,Knight Hall,2020-10-10T15:00:00,30.0,,,,,,,,0.0207,,41.311922,-105.581147,2020,10,10,15
West,Knight Hall,2020-10-10T16:00:00,20.0,,,,,,,,0.0138,,41.311922,-105.581147,2020,10,10,16
West,Knight Hall,2020-10-10T17:00:00,30.0,,,,,,,,0.0207,,41.311922,-105.581147,2020,10,10,17
West,Knight Hall,2020-10-10T18:00:00,30.0,,,,,,,,0.0207,,41.311922,-105.581147,2020,10,10,18
West,Knight Hall,2020-10-10T19:00:00,30.0,,,,,,,,0.0207,,41.311922,-105.581147,2020,10,10,19
West,Knight Hall,2020-10-10T20:00:00,20.0,,,,,,,,0.0138,,41.311922,-105.581147,2020,10,10,20
West,Knight Hall,2020-10-10T21:00:00,30.0,,,,,,,,0.0207,,41.311922,-105.581147,2020,10,10,21
West,Knight Hall,2020-10-10T22:00:00,20.0,,,,,,,,0.0138,,41.311922,-105.581147,2020,10,10,22
West,Knight Hall,2020-10-10T23:00:00,30.0,,,,,,,,0.0207,,41.311922,-105.581147,2020,10,10,23
West,Knight Hall,2020-10-11T00:00:00,30.0,,,,,,,,0.0207,,41.311922,-105.581147,2020,10,11,0
West,Knight Hall,2020-10-11T01:00:00,20.0,,,,,,,,0.0138,,41.311922,-105.581147,2020,10,11,1
West,Knight Hall,2020-10-11T02:00:00,30.0,,,,,,,,0.0207,,41.311922,-105.581147,2020,10,11,2
West,Knight Hall,2020-10-11T03:00:00,30.0,,,,,,,,0.0207,,41.311922,-105.581147,2020,10,11,3
West,Knight Hall,2020-10-11T04:00:00,20.0,,,,,,,,0.0138,,41.311922,-105.581147,2020,10,11,4
West,Knight Hall,2020-10-11T05:00:00,30.0,,,,,,,,0.0207,,41.311922,-105.581147,2020,10,11,5
West,Knight Hall,2020-10-11T06:00:00,20.0,,,,,,,,0.0138,,41.311922,-105.581147,2020,10,11,6
West,Knight Hall,2020-10-11T07:00:00,30.0,,,,,,,,0.0207,,41.311922,-105.581147,2020,10,11,7
West,Knight Hall,2020-10-11T08:00:00,30.0,,,,,,,,0.0207,,41.311922,-105.581147,2020,10,11,8
West,Knight Hall,2020-10-11T09:00:00,20.0,,,,,,,,0.0138,,41.311922,-105.581147,2020,10,11,9
West,Knight Hall,2020-10-11T10:00:00,30.0,,,,,,,,0.0207,,41.311922,-105.581147,2020,10,11,10
West,Knight Hall,2020-10-11T11:00:00,30.0,,,,,,,,0.0207,,41.311922,-105.581147,2020,10,11,11
West,Knight Hall,2020-10-11T12:00:00,30.0,,,,,,,,0.0207,,41.311922,-105.581147,2020,10,11,12
West,Knight Hall,2020-10-11T13:00:00,30.0,,,,,,,,0.0207,,41.311922,-105.581147,2020,10,11,13
West,Knight Hall,2020-10-11T14:00:00,30.0,,,,,,,,0.0207,,41.311922,-105.581147,2020,10,11,14
West,Knight Hall,2020-10-11T15:00:00,30.0,,,,,,,,0.0207,,41.311922,-105.581147,2020,10,11,15
West,Knight Hall,2020-10-11T16:00:00,30.0,,,,,,,,0.0207,,41.311922,-105.581147,2020,10,11,16
West,Knight Hall,2020-10-11T17:00:00,30.0,,,,,,,,0.0207,,41.311922,-105.581147,2020,10,11,17
West,Knight Hall,2020-10-11T18:00:00,20.0,,,,,,,,0.0138,,41.311922,-105.581147,2020,10,11,18
West,Knight Hall,2020-10-11T19:00:00,30.0,,,,,,,,0.0207,,41.311922,-105.581147,2020,10,11,19
West,Knight Hall,2020-10-11T20:00:00,30.0,,,,,,,,0.0207,,41.311922,-105.581147,2020,10,11,20
West,Knight Hall,2020-10-11T21:00:00,20.0,,,,,,,,0.0138,,41.311922,-105.581147,2020,10,11,21
West,Knight Hall,2020-10-11T22:00:00,30.0,,,,,,,,0.0207,,41.311922,-105.581147,2020,10,11,22
West,Knight Hall,2020-10-11T23:00:00,30.0,,,,,,,,0.0207,,41.311922,-105.581147,2020,10,11,23
West,Knight Hall,2020-10-12T00:00:00,30.0,,,,,,,,0.0207,,41.311922,-105.581147,2020,10,12,0
West,Knight Hall,2020-10-12T01:00:00,20.0,,,,,,,,0.0138,,41.311922,-105.581147,2020,10,12,1
West,Knight Hall,2020-10-12T02:00:00,30.0,,,,,,,,0.0207,,41.311922,-105.581147,2020,10,12,2
West,Knight Hall,2020-10-12T03:00:00,30.0,,,,,,,,0.0207,,41.311922,-105.581147,2020,10,12,3
West,Knight Hall,2020-10-12T04:00:00,30.0,,,,,,,,0.0207,,41.311922,-105.581147,2020,10,12,4
West,Knight Hall,2020-10-12T05:00:00,30.0,,,,,,,,0.0207,,41.311922,-105.581147,2020,10,12,5
West,Knight Hall,2020-10-12T06:00:00,30.0,,,,,,,,0.0207,,41.311922,-105.581147,2020,10,12,6
West,Knight Hall,2020-10-12T07:00:00,40.0,,,,,,,,0.0276,,41.311922,-105.581147,2020,10,12,7
West,Knight Hall,2020-10-12T08:00:00,60.0,,,,,,,,0.0414,,41.311922,-105.581147,2020,10,12,8
West,Knight Hall,2020-10-12T09:00:00,70.0,,,,,,,,0.048299999999999996,,41.311922,-105.581147,2020,10,12,9
West,Knight Hall,2020-10-12T10:00:00,70.0,,,,,,,,0.048299999999999996,,41.311922,-105.581147,2020,10,12,10
West,Knight Hall,2020-10-12T11:00:00,70.0,,,,,,,,0.048299999999999996,,41.311922,-105.581147,2020,10,12,11
West,Knight Hall,2020-10-12T12:00:00,60.0,,,,,,,,0.0414,,41.311922,-105.581147,2020,10,12,12
West,Knight Hall,2020-10-12T13:00:00,60.0,,,,,,,,0.0414,,41.311922,-105.581147,2020,10,12,13
West,Knight Hall,2020-10-12T14:00:00,70.0,,,,,,,,0.048299999999999996,,41.311922,-105.581147,2020,10,12,14
West,Knight Hall,2020-10-12T15:00:00,60.0,,,,,,,,0.0414,,41.311922,-105.581147,2020,10,12,15
West,Knight Hall,2020-10-12T16:00:00,70.0,,,,,,,,0.048299999999999996,,41.311922,-105.581147,2020,10,12,16
West,Knight Hall,2020-10-12T17:00:00,40.0,,,,,,,,0.0276,,41.311922,-105.581147,2020,10,12,17
West,Knight Hall,2020-10-12T18:00:00,40.0,,,,,,,,0.0276,,41.311922,-105.581147,2020,10,12,18
West,Knight Hall,2020-10-12T19:00:00,30.0,,,,,,,,0.0207,,41.311922,-105.581147,2020,10,12,19
West,Knight Hall,2020-10-12T20:00:00,40.0,,,,,,,,0.0276,,41.311922,-105.581147,2020,10,12,20
West,Knight Hall,2020-10-12T21:00:00,30.0,,,,,,,,0.0207,,41.311922,-105.581147,2020,10,12,21
West,Knight Hall,2020-10-12T22:00:00,30.0,,,,,,,,0.0207,,41.311922,-105.581147,2020,10,12,22
West,Knight Hall,2020-10-12T23:00:00,30.0,,,,,,,,0.0207,,41.311922,-105.581147,2020,10,12,23
West,Knight Hall,2020-10-13T00:00:00,30.0,,,,,,,,0.0207,,41.311922,-105.581147,2020,10,13,0
West,Knight Hall,2020-10-13T01:00:00,20.0,,,,,,,,0.0138,,41.311922,-105.581147,2020,10,13,1
West,Knight Hall,2020-10-13T02:00:00,30.0,,,,,,,,0.0207,,41.311922,-105.581147,2020,10,13,2
West,Knight Hall,2020-10-13T03:00:00,30.0,,,,,,,,0.0207,,41.311922,-105.581147,2020,10,13,3
West,Knight Hall,2020-10-13T04:00:00,20.0,,,,,,,,0.0138,,41.311922,-105.581147,2020,10,13,4
West,Knight Hall,2020-10-13T05:00:00,40.0,,,,,,,,0.0276,,41.311922,-105.581147,2020,10,13,5
West,Knight Hall,2020-10-13T06:00:00,30.0,,,,,,,,0.0207,,41.311922,-105.581147,2020,10,13,6
West,Knight Hall,2020-10-13T07:00:00,40.0,,,,,,,,0.0276,,41.311922,-105.581147,2020,10,13,7
West,Knight Hall,2020-10-13T08:00:00,60.0,,,,,,,,0.0414,,41.311922,-105.581147,2020,10,13,8
West,Knight Hall,2020-10-13T09:00:00,70.0,,,,,,,,0.048299999999999996,,41.311922,-105.581147,2020,10,13,9
West,Knight Hall,2020-10-13T10:00:00,70.0,,,,,,,,0.048299999999999996,,41.311922,-105.581147,2020,10,13,10
West,Knight Hall,2020-10-13T11:00:00,60.0,,,,,,,,0.0414,,41.311922,-105.581147,2020,10,13,11
West,Knight Hall,2020-10-13T12:00:00,70.0,,,,,,,,0.048299999999999996,,41.311922,-105.581147,2020,10,13,12
West,Knight Hall,2020-10-13T13:00:00,70.0,,,,,,,,0.048299999999999996,,41.311922,-105.581147,2020,10,13,13
West,Knight Hall,2020-10-13T14:00:00,60.0,,,,,,,,0.0414,,41.311922,-105.581147,2020,10,13,14
West,Knight Hall,2020-10-13T15:00:00,70.0,,,,,,,,0.048299999999999996,,41.311922,-105.581147,2020,10,13,15
West,Knight Hall,2020-10-13T16:00:00,60.0,,,,,,,,0.0414,,41.311922,-105.581147,2020,10,13,16
West,Knight Hall,2020-10-13T17:00:00,40.0,,,,,,,,0.0276,,41.311922,-105.581147,2020,10,13,17
West,Knight Hall,2020-10-13T18:00:00,40.0,,,,,,,,0.0276,,41.311922,-105.581147,2020,10,13,18
West,Knight Hall,2020-10-13T19:00:00,40.0,,,,,,,,0.0276,,41.311922,-105.581147,2020,10,13,19
West,Knight Hall,2020-10-13T20:00:00,30.0,,,,,,,,0.0207,,41.311922,-105.581147,2020,10,13,20
West,Knight Hall,2020-10-13T21:00:00,30.0,,,,,,,,0.0207,,41.311922,-105.581147,2020,10,13,21
West,Knight Hall,2020-10-13T22:00:00,30.0,,,,,,,,0.0207,,41.311922,-105.581147,2020,10,13,22
West,Knight Hall,2020-10-13T23:00:00,20.0,,,,,,,,0.0138,,41.311922,-105.581147,2020,10,13,23
West,Knight Hall,2020-10-14T00:00:00,30.0,,,,,,,,0.0207,,41.311922,-105.581147,2020,10,14,0
West,Knight Hall,2020-10-14T01:00:00,20.0,,,,,,,,0.0138,,41.311922,-105.581147,2020,10,14,1
West,Knight Hall,2020-10-14T02:00:00,30.0,,,,,,,,0.0207,,41.311922,-105.581147,2020,10,14,2
West,Knight Hall,2020-10-14T03:00:00,20.0,,,,,,,,0.0138,,41.311922,-105.581147,2020,10,14,3
West,Knight Hall,2020-10-14T04:00:00,30.0,,,,,,,,0.0207,,41.311922,-105.581147,2020,10,14,4
West,Knight Hall,2020-10-14T05:00:00,30.0,,,,,,,,0.0207,,41.311922,-105.581147,2020,10,14,5
West,Knight Hall,2020-10-14T06:00:00,30.0,,,,,,,,0.0207,,41.311922,-105.581147,2020,10,14,6
West,Knight Hall,2020-10-14T07:00:00,40.0,,,,,,,,0.0276,,41.311922,-105.581147,2020,10,14,7
West,Knight Hall,2020-10-14T08:00:00,60.0,,,,,,,,0.0414,,41.311922,-105.581147,2020,10,14,8
West,Knight Hall,2020-10-14T09:00:00,60.0,,,,,,,,0.0414,,41.311922,-105.581147,2020,10,14,9
West,Knight Hall,2020-10-14T10:00:00,70.0,,,,,,,,0.048299999999999996,,41.311922,-105.581147,2020,10,14,10
West,Knight Hall,2020-10-14T11:00:00,70.0,,,,,,,,0.048299999999999996,,41.311922,-105.581147,2020,10,14,11
West,Knight Hall,2020-10-14T12:00:00,60.0,,,,,,,,0.0414,,41.311922,-105.581147,2020,10,14,12
West,Knight Hall,2020-10-14T13:00:00,60.0,,,,,,,,0.0414,,41.311922,-105.581147,2020,10,14,13
West,Knight Hall,2020-10-14T14:00:00,60.0,,,,,,,,0.0414,,41.311922,-105.581147,2020,10,14,14
West,Knight Hall,2020-10-14T15:00:00,70.0,,,,,,,,0.048299999999999996,,41.311922,-105.581147,2020,10,14,15
West,Knight Hall,2020-10-14T16:00:00,60.0,,,,,,,,0.0414,,41.311922,-105.581147,2020,10,14,16
West,Knight Hall,2020-10-14T17:00:00,40.0,,,,,,,,0.0276,,41.311922,-105.581147,2020,10,14,17
West,Knight Hall,2020-10-14T18:00:00,40.0,,,,,,,,0.0276,,41.311922,-105.581147,2020,10,14,18
West,Knight Hall,2020-10-14T19:00:00,40.0,,,,,,,,0.0276,,41.311922,-105.581147,2020,10,14,19
West,Knight Hall,2020-10-14T20:00:00,30.0,,,,,,,,0.0207,,41.311922,-105.581147,2020,10,14,20
West,Knight Hall,2020-10-14T21:00:00,30.0,,,,,,,,0.0207,,41.311922,-105.581147,2020,10,14,21
West,Knight Hall,2020-10-14T22:00:00,30.0,,,,,,,,0.0207,,41.311922,-105.581147,2020,10,14,22
West,Knight Hall,2020-10-14T23:00:00,30.0,,,,,,,,0.0207,,41.311922,-105.581147,2020,10,14,23
West,Knight Hall,2020-10-15T00:00:00,20.0,,,,,,,,0.0138,,41.311922,-105.581147,2020,10,15,0
West,Knight Hall,2020-10-15T01:00:00,30.0,,,,,,,,0.0207,,41.311922,-105.581147,2020,10,15,1
West,Knight Hall,2020-10-15T02:00:00,30.0,,,,,,,,0.0207,,41.311922,-105.581147,2020,10,15,2
West,Knight Hall,2020-10-15T03:00:00,20.0,,,,,,,,0.0138,,41.311922,-105.581147,2020,10,15,3
West,Knight Hall,2020-10-15T04:00:00,30.0,,,,,,,,0.0207,,41.311922,-105.581147,2020,10,15,4
West,Knight Hall,2020-10-15T05:00:00,30.0,,,,,,,,0.0207,,41.311922,-105.581147,2020,10,15,5
West,Knight Hall,2020-10-15T06:00:00,30.0,,,,,,,,0.0207,,41.311922,-105.581147,2020,10,15,6
West,Knight Hall,2020-10-15T07:00:00,50.0,,,,,,,,0.034499999999999996,,41.311922,-105.581147,2020,10,15,7
West,Knight Hall,2020-10-15T08:00:00,60.0,,,,,,,,0.0414,,41.311922,-105.581147,2020,10,15,8
West,Knight Hall,2020-10-15T09:00:00,70.0,,,,,,,,0.048299999999999996,,41.311922,-105.581147,2020,10,15,9
West,Knight Hall,2020-10-15T10:00:00,60.0,,,,,,,,0.0414,,41.311922,-105.581147,2020,10,15,10
West,Knight Hall,2020-10-15T11:00:00,70.0,,,,,,,,0.048299999999999996,,41.311922,-105.581147,2020,10,15,11
West,Knight Hall,2020-10-15T12:00:00,60.0,,,,,,,,0.0414,,41.311922,-105.581147,2020,10,15,12
West,Knight Hall,2020-10-15T13:00:00,70.0,,,,,,,,0.048299999999999996,,41.311922,-105.581147,2020,10,15,13
West,Knight Hall,2020-10-15T14:00:00,70.0,,,,,,,,0.048299999999999996,,41.311922,-105.581147,2020,10,15,14
West,Knight Hall,2020-10-15T15:00:00,60.0,,,,,,,,0.0414,,41.311922,-105.581147,2020,10,15,15
West,Knight Hall,2020-10-15T16:00:00,60.0,,,,,,,,0.0414,,41.311922,-105.581147,2020,10,15,16
West,Knight Hall,2020-10-15T17:00:00,50.0,,,,,,,,0.034499999999999996,,41.311922,-105.581147,2020,10,15,17
West,Knight Hall,2020-10-15T18:00:00,40.0,,,,,,,,0.0276,,41.311922,-105.581147,2020,10,15,18
West,Knight Hall,2020-10-15T19:00:00,40.0,,,,,,,,0.0276,,41.311922,-105.581147,2020,10,15,19
West,Knight Hall,2020-10-15T20:00:00,40.0,,,,,,,,0.0276,,41.311922,-105.581147,2020,10,15,20
West,Knight Hall,2020-10-15T21:00:00,30.0,,,,,,,,0.0207,,41.311922,-105.581147,2020,10,15,21
West,Knight Hall,2020-10-15T22:00:00,30.0,,,,,,,,0.0207,,41.311922,-105.581147,2020,10,15,22
West,Knight Hall,2020-10-15T23:00:00,30.0,,,,,,,,0.0207,,41.311922,-105.581147,2020,10,15,23
West,Knight Hall,2020-10-16T00:00:00,20.0,,,,,,,,0.0138,,41.311922,-105.581147,2020,10,16,0
West,Knight Hall,2020-10-16T01:00:00,30.0,,,,,,,,0.0207,,41.311922,-105.581147,2020,10,16,1
West,Knight Hall,2020-10-16T02:00:00,30.0,,,,,,,,0.0207,,41.311922,-105.581147,2020,10,16,2
West,Knight Hall,2020-10-16T03:00:00,20.0,,,,,,,,0.0138,,41.311922,-105.581147,2020,10,16,3
West,Knight Hall,2020-10-16T04:00:00,30.0,,,,,,,,0.0207,,41.311922,-105.581147,2020,10,16,4
West,Knight Hall,2020-10-16T05:00:00,30.0,,,,,,,,0.0207,,41.311922,-105.581147,2020,10,16,5
West,Knight Hall,2020-10-16T06:00:00,40.0,,,,,,,,0.0276,,41.311922,-105.581147,2020,10,16,6
West,Knight Hall,2020-10-16T07:00:00,40.0,,,,,,,,0.0276,,41.311922,-105.581147,2020,10,16,7
West,Knight Hall,2020-10-16T08:00:00,60.0,,,,,,,,0.0414,,41.311922,-105.581147,2020,10,16,8
West,Knight Hall,2020-10-16T09:00:00,70.0,,,,,,,,0.048299999999999996,,41.311922,-105.581147,2020,10,16,9
West,Knight Hall,2020-10-16T10:00:00,60.0,,,,,,,,0.0414,,41.311922,-105.581147,2020,10,16,10
West,Knight Hall,2020-10-16T11:00:00,70.0,,,,,,,,0.048299999999999996,,41.311922,-105.581147,2020,10,16,11
West,Knight Hall,2020-10-16T12:00:00,60.0,,,,,,,,0.0414,,41.311922,-105.581147,2020,10,16,12
West,Knight Hall,2020-10-16T13:00:00,60.0,,,,,,,,0.0414,,41.311922,-105.581147,2020,10,16,13
West,Knight Hall,2020-10-16T14:00:00,70.0,,,,,,,,0.048299999999999996,,41.311922,-105.581147,2020,10,16,14
West,Knight Hall,2020-10-16T15:00:00,60.0,,,,,,,,0.0414,,41.311922,-105.581147,2020,10,16,15
West,Knight Hall,2020-10-16T16:00:00,60.0,,,,,,,,0.0414,,41.311922,-105.581147,2020,10,16,16
West,Knight Hall,2020-10-16T17:00:00,40.0,,,,,,,,0.0276,,41.311922,-105.581147,2020,10,16,17
West,Knight Hall,2020-10-16T18:00:00,40.0,,,,,,,,0.0276,,41.311922,-105.581147,2020,10,16,18
West,Knight Hall,2020-10-16T19:00:00,30.0,,,,,,,,0.0207,,41.311922,-105.581147,2020,10,16,19
West,Knight Hall,2020-10-16T20:00:00,30.0,,,,,,,,0.0207,,41.311922,-105.581147,2020,10,16,20
West,Knight Hall,2020-10-16T21:00:00,30.0,,,,,,,,0.0207,,41.311922,-105.581147,2020,10,16,21
West,Knight Hall,2020-10-16T22:00:00,30.0,,,,,,,,0.0207,,41.311922,-105.581147,2020,10,16,22
West,Knight Hall,2020-10-16T23:00:00,30.0,,,,,,,,0.0207,,41.311922,-105.581147,2020,10,16,23
West,Knight Hall,2020-10-17T00:00:00,20.0,,,,,,,,0.0138,,41.311922,-105.581147,2020,10,17,0
West,Knight Hall,2020-10-17T01:00:00,30.0,,,,,,,,0.0207,,41.311922,-105.581147,2020,10,17,1
West,Knight Hall,2020-10-17T02:00:00,30.0,,,,,,,,0.0207,,41.311922,-105.581147,2020,10,17,2
West,Knight Hall,2020-10-17T03:00:00,20.0,,,,,,,,0.0138,,41.311922,-105.581147,2020,10,17,3
West,Knight Hall,2020-10-17T04:00:00,30.0,,,,,,,,0.0207,,41.311922,-105.581147,2020,10,17,4
West,Knight Hall,2020-10-17T05:00:00,30.0,,,,,,,,0.0207,,41.311922,-105.581147,2020,10,17,5
West,Knight Hall,2020-10-17T06:00:00,20.0,,,,,,,,0.0138,,41.311922,-105.581147,2020,10,17,6
West,Knight Hall,2020-10-17T07:00:00,30.0,,,,,,,,0.0207,,41.311922,-105.581147,2020,10,17,7
West,Knight Hall,2020-10-17T08:00:00,40.0,,,,,,,,0.0276,,41.311922,-105.581147,2020,10,17,8
West,Knight Hall,2020-10-17T09:00:00,30.0,,,,,,,,0.0207,,41.311922,-105.581147,2020,10,17,9
West,Knight Hall,2020-10-17T10:00:00,40.0,,,,,,,,0.0276,,41.311922,-105.581147,2020,10,17,10
West,Knight Hall,2020-10-17T11:00:00,30.0,,,,,,,,0.0207,,41.311922,-105.581147,2020,10,17,11
West,Knight Hall,2020-10-17T12:00:00,40.0,,,,,,,,0.0276,,41.311922,-105.581147,2020,10,17,12
West,Knight Hall,2020-10-17T13:00:00,30.0,,,,,,,,0.0207,,41.311922,-105.581147,2020,10,17,13
West,Knight Hall,2020-10-17T14:00:00,30.0,,,,,,,,0.0207,,41.311922,-105.581147,2020,10,17,14
West,Knight Hall,2020-10-17T15:00:00,20.0,,,,,,,,0.0138,,41.311922,-105.581147,2020,10,17,15
West,Knight Hall,2020-10-17T16:00:00,30.0,,,,,,,,0.0207,,41.311922,-105.581147,2020,10,17,16
West,Knight Hall,2020-10-17T17:00:00,20.0,,,,,,,,0.0138,,41.311922,-105.581147,2020,10,17,17
West,Knight Hall,2020-10-17T18:00:00,30.0,,,,,,,,0.0207,,41.311922,-105.581147,2020,10,17,18
West,Knight Hall,2020-10-17T19:00:00,20.0,,,,,,,,0.0138,,41.311922,-105.581147,2020,10,17,19
West,Knight Hall,2020-10-17T20:00:00,30.0,,,,,,,,0.0207,,41.311922,-105.581147,2020,10,17,20
West,Knight Hall,2020-10-17T21:00:00,30.0,,,,,,,,0.0207,,41.311922,-105.581147,2020,10,17,21
West,Knight Hall,2020-10-17T22:00:00,20.0,,,,,,,,0.0138,,41.311922,-105.581147,2020,10,17,22
West,Knight Hall,2020-10-17T23:00:00,30.0,,,,,,,,0.0207,,41.311922,-105.581147,2020,10,17,23
West,Knight Hall,2020-10-18T00:00:00,30.0,,,,,,,,0.0207,,41.311922,-105.581147,2020,10,18,0
West,Knight Hall,2020-10-18T01:00:00,20.0,,,,,,,,0.0138,,41.311922,-105.581147,2020,10,18,1
West,Knight Hall,2020-10-18T02:00:00,30.0,,,,,,,,0.0207,,41.311922,-105.581147,2020,10,18,2
West,Knight Hall,2020-10-18T03:00:00,30.0,,,,,,,,0.0207,,41.311922,-105.581147,2020,10,18,3
West,Knight Hall,2020-10-18T04:00:00,20.0,,,,,,,,0.0138,,41.311922,-105.581147,2020,10,18,4
West,Knight Hall,2020-10-18T05:00:00,30.0,,,,,,,,0.0207,,41.311922,-105.581147,2020,10,18,5
West,Knight Hall,2020-10-18T06:00:00,30.0,,,,,,,,0.0207,,41.311922,-105.581147,2020,10,18,6
West,Knight Hall,2020-10-18T07:00:00,30.0,,,,,,,,0.0207,,41.311922,-105.581147,2020,10,18,7
West,Knight Hall,2020-10-18T08:00:00,40.0,,,,,,,,0.0276,,41.311922,-105.581147,2020,10,18,8
West,Knight Hall,2020-10-18T09:00:00,30.0,,,,,,,,0.0207,,41.311922,-105.581147,2020,10,18,9
West,Knight Hall,2020-10-18T10:00:00,30.0,,,,,,,,0.0207,,41.311922,-105.581147,2020,10,18,10
West,Knight Hall,2020-10-18T11:00:00,30.0,,,,,,,,0.0207,,41.311922,-105.581147,2020,10,18,11
West,Knight Hall,2020-10-18T12:00:00,40.0,,,,,,,,0.0276,,41.311922,-105.581147,2020,10,18,12
West,Knight Hall,2020-10-18T13:00:00,30.0,,,,,,,,0.0207,,41.311922,-105.581147,2020,10,18,13
West,Knight Hall,2020-10-18T14:00:00,30.0,,,,,,,,0.0207,,41.311922,-105.581147,2020,10,18,14
West,Knight Hall,2020-10-18T15:00:00,30.0,,,,,,,,0.0207,,41.311922,-105.581147,2020,10,18,15
West,Knight Hall,2020-10-18T16:00:00,30.0,,,,,,,,0.0207,,41.311922,-105.581147,2020,10,18,16
West,Knight Hall,2020-10-18T17:00:00,30.0,,,,,,,,0.0207,,41.311922,-105.581147,2020,10,18,17
West,Knight Hall,2020-10-18T18:00:00,30.0,,,,,,,,0.0207,,41.311922,-105.581147,2020,10,18,18
West,Knight Hall,2020-10-18T19:00:00,20.0,,,,,,,,0.0138,,41.311922,-105.581147,2020,10,18,19
West,Knight Hall,2020-10-18T20:00:00,30.0,,,,,,,,0.0207,,41.311922,-105.581147,2020,10,18,20
West,Knight Hall,2020-10-18T21:00:00,20.0,,,,,,,,0.0138,,41.311922,-105.581147,2020,10,18,21
West,Knight Hall,2020-10-18T22:00:00,20.0,,,,,,,,0.0138,,41.311922,-105.581147,2020,10,18,22
West,Knight Hall,2020-10-18T23:00:00,30.0,,,,,,,,0.0207,,41.311922,-105.581147,2020,10,18,23
West,Knight Hall,2020-10-19T00:00:00,20.0,,,,,,,,0.0138,,41.311922,-105.581147,2020,10,19,0
West,Knight Hall,2020-10-19T01:00:00,30.0,,,,,,,,0.0207,,41.311922,-105.581147,2020,10,19,1
West,Knight Hall,2020-10-19T02:00:00,30.0,,,,,,,,0.0207,,41.311922,-105.581147,2020,10,19,2
West,Knight Hall,2020-10-19T03:00:00,20.0,,,,,,,,0.0138,,41.311922,-105.581147,2020,10,19,3
West,Knight Hall,2020-10-19T04:00:00,30.0,,,,,,,,0.0207,,41.311922,-105.581147,2020,10,19,4
West,Knight Hall,2020-10-19T05:00:00,30.0,,,,,,,,0.0207,,41.311922,-105.581147,2020,10,19,5
West,Knight Hall,2020-10-19T06:00:00,30.0,,,,,,,,0.0207,,41.311922,-105.581147,2020,10,19,6
West,Knight Hall,2020-10-19T07:00:00,40.0,,,,,,,,0.0276,,41.311922,-105.581147,2020,10,19,7
West,Knight Hall,2020-10-19T08:00:00,60.0,,,,,,,,0.0414,,41.311922,-105.581147,2020,10,19,8
West,Knight Hall,2020-10-19T09:00:00,70.0,,,,,,,,0.048299999999999996,,41.311922,-105.581147,2020,10,19,9
West,Knight Hall,2020-10-19T10:00:00,80.0,,,,,,,,0.0552,,41.311922,-105.581147,2020,10,19,10
West,Knight Hall,2020-10-19T11:00:00,70.0,,,,,,,,0.048299999999999996,,41.311922,-105.581147,2020,10,19,11
West,Knight Hall,2020-10-19T12:00:00,70.0,,,,,,,,0.048299999999999996,,41.311922,-105.581147,2020,10,19,12
West,Knight Hall,2020-10-19T13:00:00,70.0,,,,,,,,0.048299999999999996,,41.311922,-105.581147,2020,10,19,13
West,Knight Hall,2020-10-19T14:00:00,70.0,,,,,,,,0.048299999999999996,,41.311922,-105.581147,2020,10,19,14
West,Knight Hall,2020-10-19T15:00:00,70.0,,,,,,,,0.048299999999999996,,41.311922,-105.581147,2020,10,19,15
West,Knight Hall,2020-10-19T16:00:00,70.0,,,,,,,,0.048299999999999996,,41.311922,-105.581147,2020,10,19,16
West,Knight Hall,2020-10-19T17:00:00,50.0,,,,,,,,0.034499999999999996,,41.311922,-105.581147,2020,10,19,17
West,Knight Hall,2020-10-19T18:00:00,40.0,,,,,,,,0.0276,,41.311922,-105.581147,2020,10,19,18
West,Knight Hall,2020-10-19T19:00:00,40.0,,,,,,,,0.0276,,41.311922,-105.581147,2020,10,19,19
West,Knight Hall,2020-10-19T20:00:00,30.0,,,,,,,,0.0207,,41.311922,-105.581147,2020,10,19,20
West,Knight Hall,2020-10-19T21:00:00,30.0,,,,,,,,0.0207,,41.311922,-105.581147,2020,10,19,21
West,Knight Hall,2020-10-19T22:00:00,40.0,,,,,,,,0.0276,,41.311922,-105.581147,2020,10,19,22
West,Knight Hall,2020-10-19T23:00:00,20.0,,,,,,,,0.0138,,41.311922,-105.581147,2020,10,19,23
West,Knight Hall,2020-10-20T00:00:00,30.0,,,,,,,,0.0207,,41.311922,-105.581147,2020,10,20,0
West,Knight Hall,2020-10-20T01:00:00,30.0,,,,,,,,0.0207,,41.311922,-105.581147,2020,10,20,1
West,Knight Hall,2020-10-20T02:00:00,20.0,,,,,,,,0.0138,,41.311922,-105.581147,2020,10,20,2
West,Knight Hall,2020-10-20T03:00:00,30.0,,,,,,,,0.0207,,41.311922,-105.581147,2020,10,20,3
West,Knight Hall,2020-10-20T04:00:00,30.0,,,,,,,,0.0207,,41.311922,-105.581147,2020,10,20,4
West,Knight Hall,2020-10-20T05:00:00,30.0,,,,,,,,0.0207,,41.311922,-105.581147,2020,10,20,5
West,Knight Hall,2020-10-20T06:00:00,40.0,,,,,,,,0.0276,,41.311922,-105.581147,2020,10,20,6
West,Knight Hall,2020-10-20T07:00:00,40.0,,,,,,,,0.0276,,41.311922,-105.581147,2020,10,20,7
West,Knight Hall,2020-10-20T08:00:00,60.0,,,,,,,,0.0414,,41.311922,-105.581147,2020,10,20,8
West,Knight Hall,2020-10-20T09:00:00,70.0,,,,,,,,0.048299999999999996,,41.311922,-105.581147,2020,10,20,9
West,Knight Hall,2020-10-20T10:00:00,70.0,,,,,,,,0.048299999999999996,,41.311922,-105.581147,2020,10,20,10
West,Knight Hall,2020-10-20T11:00:00,80.0,,,,,,,,0.0552,,41.311922,-105.581147,2020,10,20,11
West,Knight Hall,2020-10-20T12:00:00,70.0,,,,,,,,0.048299999999999996,,41.311922,-105.581147,2020,10,20,12
West,Knight Hall,2020-10-20T13:00:00,60.0,,,,,,,,0.0414,,41.311922,-105.581147,2020,10,20,13
West,Knight Hall,2020-10-20T14:00:00,70.0,,,,,,,,0.048299999999999996,,41.311922,-105.581147,2020,10,20,14
West,Knight Hall,2020-10-20T15:00:00,70.0,,,,,,,,0.048299999999999996,,41.311922,-105.581147,2020,10,20,15
West,Knight Hall,2020-10-20T16:00:00,70.0,,,,,,,,0.048299999999999996,,41.311922,-105.581147,2020,10,20,16
West,Knight Hall,2020-10-20T17:00:00,50.0,,,,,,,,0.034499999999999996,,41.311922,-105.581147,2020,10,20,17
West,Knight Hall,2020-10-20T18:00:00,40.0,,,,,,,,0.0276,,41.311922,-105.581147,2020,10,20,18
West,Knight Hall,2020-10-20T19:00:00,40.0,,,,,,,,0.0276,,41.311922,-105.581147,2020,10,20,19
West,Knight Hall,2020-10-20T20:00:00,40.0,,,,,,,,0.0276,,41.311922,-105.581147,2020,10,20,20
West,Knight Hall,2020-10-20T21:00:00,30.0,,,,,,,,0.0207,,41.311922,-105.581147,2020,10,20,21
West,Knight Hall,2020-10-20T22:00:00,30.0,,,,,,,,0.0207,,41.311922,-105.581147,2020,10,20,22
West,Knight Hall,2020-10-20T23:00:00,30.0,,,,,,,,0.0207,,41.311922,-105.581147,2020,10,20,23
West,Knight Hall,2020-10-21T00:00:00,30.0,,,,,,,,0.0207,,41.311922,-105.581147,2020,10,21,0
West,Knight Hall,2020-10-21T01:00:00,20.0,,,,,,,,0.0138,,41.311922,-105.581147,2020,10,21,1
West,Knight Hall,2020-10-21T02:00:00,30.0,,,,,,,,0.0207,,41.311922,-105.581147,2020,10,21,2
West,Knight Hall,2020-10-21T03:00:00,30.0,,,,,,,,0.0207,,41.311922,-105.581147,2020,10,21,3
West,Knight Hall,2020-10-21T04:00:00,30.0,,,,,,,,0.0207,,41.311922,-105.581147,2020,10,21,4
West,Knight Hall,2020-10-21T05:00:00,30.0,,,,,,,,0.0207,,41.311922,-105.581147,2020,10,21,5
West,Knight Hall,2020-10-21T06:00:00,30.0,,,,,,,,0.0207,,41.311922,-105.581147,2020,10,21,6
West,Knight Hall,2020-10-21T07:00:00,40.0,,,,,,,,0.0276,,41.311922,-105.581147,2020,10,21,7
West,Knight Hall,2020-10-21T08:00:00,60.0,,,,,,,,0.0414,,41.311922,-105.581147,2020,10,21,8
West,Knight Hall,2020-10-21T09:00:00,80.0,,,,,,,,0.0552,,41.311922,-105.581147,2020,10,21,9
West,Knight Hall,2020-10-21T10:00:00,60.0,,,,,,,,0.0414,,41.311922,-105.581147,2020,10,21,10
West,Knight Hall,2020-10-21T11:00:00,70.0,,,,,,,,0.048299999999999996,,41.311922,-105.581147,2020,10,21,11
West,Knight Hall,2020-10-21T12:00:00,70.0,,,,,,,,0.048299999999999996,,41.311922,-105.581147,2020,10,21,12
West,Knight Hall,2020-10-21T13:00:00,60.0,,,,,,,,0.0414,,41.311922,-105.581147,2020,10,21,13
West,Knight Hall,2020-10-21T14:00:00,70.0,,,,,,,,0.048299999999999996,,41.311922,-105.581147,2020,10,21,14
West,Knight Hall,2020-10-21T15:00:00,70.0,,,,,,,,0.048299999999999996,,41.311922,-105.581147,2020,10,21,15
West,Knight Hall,2020-10-21T16:00:00,60.0,,,,,,,,0.0414,,41.311922,-105.581147,2020,10,21,16
West,Knight Hall,2020-10-21T17:00:00,50.0,,,,,,,,0.034499999999999996,,41.311922,-105.581147,2020,10,21,17
West,Knight Hall,2020-10-21T18:00:00,40.0,,,,,,,,0.0276,,41.311922,-105.581147,2020,10,21,18
West,Knight Hall,2020-10-21T19:00:00,40.0,,,,,,,,0.0276,,41.311922,-105.581147,2020,10,21,19
West,Knight Hall,2020-10-21T20:00:00,30.0,,,,,,,,0.0207,,41.311922,-105.581147,2020,10,21,20
West,Knight Hall,2020-10-21T21:00:00,30.0,,,,,,,,0.0207,,41.311922,-105.581147,2020,10,21,21
West,Knight Hall,2020-10-21T22:00:00,20.0,,,,,,,,0.0138,,41.311922,-105.581147,2020,10,21,22
West,Knight Hall,2020-10-21T23:00:00,30.0,,,,,,,,0.0207,,41.311922,-105.581147,2020,10,21,23
West,Knight Hall,2020-10-22T00:00:00,30.0,,,,,,,,0.0207,,41.311922,-105.581147,2020,10,22,0
West,Knight Hall,2020-10-22T01:00:00,20.0,,,,,,,,0.0138,,41.311922,-105.581147,2020,10,22,1
West,Knight Hall,2020-10-22T02:00:00,30.0,,,,,,,,0.0207,,41.311922,-105.581147,2020,10,22,2
West,Knight Hall,2020-10-22T03:00:00,30.0,,,,,,,,0.0207,,41.311922,-105.581147,2020,10,22,3
West,Knight Hall,2020-10-22T04:00:00,30.0,,,,,,,,0.0207,,41.311922,-105.581147,2020,10,22,4
West,Knight Hall,2020-10-22T05:00:00,30.0,,,,,,,,0.0207,,41.311922,-105.581147,2020,10,22,5
West,Knight Hall,2020-10-22T06:00:00,30.0,,,,,,,,0.0207,,41.311922,-105.581147,2020,10,22,6
West,Knight Hall,2020-10-22T07:00:00,40.0,,,,,,,,0.0276,,41.311922,-105.581147,2020,10,22,7
West,Knight Hall,2020-10-22T08:00:00,60.0,,,,,,,,0.0414,,41.311922,-105.581147,2020,10,22,8
West,Knight Hall,2020-10-22T09:00:00,60.0,,,,,,,,0.0414,,41.311922,-105.581147,2020,10,22,9
West,Knight Hall,2020-10-22T10:00:00,80.0,,,,,,,,0.0552,,41.311922,-105.581147,2020,10,22,10
West,Knight Hall,2020-10-22T11:00:00,70.0,,,,,,,,0.048299999999999996,,41.311922,-105.581147,2020,10,22,11
West,Knight Hall,2020-10-22T12:00:00,60.0,,,,,,,,0.0414,,41.311922,-105.581147,2020,10,22,12
West,Knight Hall,2020-10-22T13:00:00,70.0,,,,,,,,0.048299999999999996,,41.311922,-105.581147,2020,10,22,13
West,Knight Hall,2020-10-22T14:00:00,60.0,,,,,,,,0.0414,,41.311922,-105.581147,2020,10,22,14
West,Knight Hall,2020-10-22T15:00:00,70.0,,,,,,,,0.048299999999999996,,41.311922,-105.581147,2020,10,22,15
West,Knight Hall,2020-10-22T16:00:00,60.0,,,,,,,,0.0414,,41.311922,-105.581147,2020,10,22,16
West,Knight Hall,2020-10-22T17:00:00,40.0,,,,,,,,0.0276,,41.311922,-105.581147,2020,10,22,17
West,Knight Hall,2020-10-22T18:00:00,40.0,,,,,,,,0.0276,,41.311922,-105.581147,2020,10,22,18
West,Knight Hall,2020-10-22T19:00:00,40.0,,,,,,,,0.0276,,41.311922,-105.581147,2020,10,22,19
West,Knight Hall,2020-10-22T20:00:00,30.0,,,,,,,,0.0207,,41.311922,-105.581147,2020,10,22,20
West,Knight Hall,2020-10-22T21:00:00,30.0,,,,,,,,0.0207,,41.311922,-105.581147,2020,10,22,21
West,Knight Hall,2020-10-22T22:00:00,40.0,,,,,,,,0.0276,,41.311922,-105.581147,2020,10,22,22
West,Knight Hall,2020-10-22T23:00:00,20.0,,,,,,,,0.0138,,41.311922,-105.581147,2020,10,22,23
West,Knight Hall,2020-10-23T00:00:00,30.0,,,,,,,,0.0207,,41.311922,-105.581147,2020,10,23,0
West,Knight Hall,2020-10-23T01:00:00,30.0,,,,,,,,0.0207,,41.311922,-105.581147,2020,10,23,1
West,Knight Hall,2020-10-23T02:00:00,20.0,,,,,,,,0.0138,,41.311922,-105.581147,2020,10,23,2
West,Knight Hall,2020-10-23T03:00:00,30.0,,,,,,,,0.0207,,41.311922,-105.581147,2020,10,23,3
West,Knight Hall,2020-10-23T04:00:00,30.0,,,,,,,,0.0207,,41.311922,-105.581147,2020,10,23,4
West,Knight Hall,2020-10-23T05:00:00,30.0,,,,,,,,0.0207,,41.311922,-105.581147,2020,10,23,5
West,Knight Hall,2020-10-23T06:00:00,30.0,,,,,,,,0.0207,,41.311922,-105.581147,2020,10,23,6
West,Knight Hall,2020-10-23T07:00:00,40.0,,,,,,,,0.0276,,41.311922,-105.581147,2020,10,23,7
West,Knight Hall,2020-10-23T08:00:00,60.0,,,,,,,,0.0414,,41.311922,-105.581147,2020,10,23,8
West,Knight Hall,2020-10-23T09:00:00,60.0,,,,,,,,0.0414,,41.311922,-105.581147,2020,10,23,9
West,Knight Hall,2020-10-23T10:00:00,70.0,,,,,,,,0.048299999999999996,,41.311922,-105.581147,2020,10,23,10
West,Knight Hall,2020-10-23T11:00:00,70.0,,,,,,,,0.048299999999999996,,41.311922,-105.581147,2020,10,23,11
West,Knight Hall,2020-10-23T12:00:00,60.0,,,,,,,,0.0414,,41.311922,-105.581147,2020,10,23,12
West,Knight Hall,2020-10-23T13:00:00,70.0,,,,,,,,0.048299999999999996,,41.311922,-105.581147,2020,10,23,13
West,Knight Hall,2020-10-23T14:00:00,60.0,,,,,,,,0.0414,,41.311922,-105.581147,2020,10,23,14
West,Knight Hall,2020-10-23T15:00:00,70.0,,,,,,,,0.048299999999999996,,41.311922,-105.581147,2020,10,23,15
West,Knight Hall,2020-10-23T16:00:00,60.0,,,,,,,,0.0414,,41.311922,-105.581147,2020,10,23,16
West,Knight Hall,2020-10-23T17:00:00,40.0,,,,,,,,0.0276,,41.311922,-105.581147,2020,10,23,17
West,Knight Hall,2020-10-23T18:00:00,40.0,,,,,,,,0.0276,,41.311922,-105.581147,2020,10,23,18
West,Knight Hall,2020-10-23T19:00:00,40.0,,,,,,,,0.0276,,41.311922,-105.581147,2020,10,23,19
West,Knight Hall,2020-10-23T20:00:00,30.0,,,,,,,,0.0207,,41.311922,-105.581147,2020,10,23,20
West,Knight Hall,2020-10-23T21:00:00,30.0,,,,,,,,0.0207,,41.311922,-105.581147,2020,10,23,21
West,Knight Hall,2020-10-23T22:00:00,30.0,,,,,,,,0.0207,,41.311922,-105.581147,2020,10,23,22
West,Knight Hall,2020-10-23T23:00:00,20.0,,,,,,,,0.0138,,41.311922,-105.581147,2020,10,23,23
West,Knight Hall,2020-10-24T00:00:00,30.0,,,,,,,,0.0207,,41.311922,-105.581147,2020,10,24,0
West,Knight Hall,2020-10-24T01:00:00,20.0,,,,,,,,0.0138,,41.311922,-105.581147,2020,10,24,1
West,Knight Hall,2020-10-24T02:00:00,30.0,,,,,,,,0.0207,,41.311922,-105.581147,2020,10,24,2
West,Knight Hall,2020-10-24T03:00:00,30.0,,,,,,,,0.0207,,41.311922,-105.581147,2020,10,24,3
West,Knight Hall,2020-10-24T04:00:00,20.0,,,,,,,,0.0138,,41.311922,-105.581147,2020,10,24,4
West,Knight Hall,2020-10-24T05:00:00,30.0,,,,,,,,0.0207,,41.311922,-105.581147,2020,10,24,5
West,Knight Hall,2020-10-24T06:00:00,30.0,,,,,,,,0.0207,,41.311922,-105.581147,2020,10,24,6
West,Knight Hall,2020-10-24T07:00:00,20.0,,,,,,,,0.0138,,41.311922,-105.581147,2020,10,24,7
West,Knight Hall,2020-10-24T08:00:00,30.0,,,,,,,,0.0207,,41.311922,-105.581147,2020,10,24,8
West,Knight Hall,2020-10-24T09:00:00,30.0,,,,,,,,0.0207,,41.311922,-105.581147,2020,10,24,9
West,Knight Hall,2020-10-24T10:00:00,30.0,,,,,,,,0.0207,,41.311922,-105.581147,2020,10,24,10
West,Knight Hall,2020-10-24T11:00:00,30.0,,,,,,,,0.0207,,41.311922,-105.581147,2020,10,24,11
West,Knight Hall,2020-10-24T12:00:00,30.0,,,,,,,,0.0207,,41.311922,-105.581147,2020,10,24,12
West,Knight Hall,2020-10-24T13:00:00,30.0,,,,,,,,0.0207,,41.311922,-105.581147,2020,10,24,13
West,Knight Hall,2020-10-24T14:00:00,30.0,,,,,,,,0.0207,,41.311922,-105.581147,2020,10,24,14
West,Knight Hall,2020-10-24T15:00:00,30.0,,,,,,,,0.0207,,41.311922,-105.581147,2020,10,24,15
West,Knight Hall,2020-10-24T16:00:00,30.0,,,,,,,,0.0207,,41.311922,-105.581147,2020,10,24,16
West,Knight Hall,2020-10-24T17:00:00,30.0,,,,,,,,0.0207,,41.311922,-105.581147,2020,10,24,17
West,Knight Hall,2020-10-24T18:00:00,20.0,,,,,,,,0.0138,,41.311922,-105.581147,2020,10,24,18
West,Knight Hall,2020-10-24T19:00:00,30.0,,,,,,,,0.0207,,41.311922,-105.581147,2020,10,24,19
West,Knight Hall,2020-10-24T20:00:00,30.0,,,,,,,,0.0207,,41.311922,-105.581147,2020,10,24,20
West,Knight Hall,2020-10-24T21:00:00,30.0,,,,,,,,0.0207,,41.311922,-105.581147,2020,10,24,21
West,Knight Hall,2020-10-24T22:00:00,30.0,,,,,,,,0.0207,,41.311922,-105.581147,2020,10,24,22
West,Knight Hall,2020-10-24T23:00:00,30.0,,,,,,,,0.0207,,41.311922,-105.581147,2020,10,24,23
West,Knight Hall,2020-10-25T00:00:00,30.0,,,,,,,,0.0207,,41.311922,-105.581147,2020,10,25,0
West,Knight Hall,2020-10-25T01:00:00,20.0,,,,,,,,0.0138,,41.311922,-105.581147,2020,10,25,1
West,Knight Hall,2020-10-25T02:00:00,30.0,,,,,,,,0.0207,,41.311922,-105.581147,2020,10,25,2
West,Knight Hall,2020-10-25T03:00:00,30.0,,,,,,,,0.0207,,41.311922,-105.581147,2020,10,25,3
West,Knight Hall,2020-10-25T04:00:00,10.0,,,,,,,,0.0069,,41.311922,-105.581147,2020,10,25,4
West,Knight Hall,2020-10-25T05:00:00,,,,,,,,,,,41.311922,-105.581147,2020,10,25,5
West,Knight Hall,2020-10-25T06:00:00,10.0,,,,,,,,0.0069,,41.311922,-105.581147,2020,10,25,6
West,Knight Hall,2020-10-25T07:00:00,20.0,,,,,,,,0.0138,,41.311922,-105.581147,2020,10,25,7
West,Knight Hall,2020-10-25T08:00:00,30.0,,,,,,,,0.0207,,41.311922,-105.581147,2020,10,25,8
West,Knight Hall,2020-10-25T09:00:00,20.0,,,,,,,,0.0138,,41.311922,-105.581147,2020,10,25,9
West,Knight Hall,2020-10-25T10:00:00,30.0,,,,,,,,0.0207,,41.311922,-105.581147,2020,10,25,10
West,Knight Hall,2020-10-25T11:00:00,20.0,,,,,,,,0.0138,,41.311922,-105.581147,2020,10,25,11
West,Knight Hall,2020-10-25T12:00:00,30.0,,,,,,,,0.0207,,41.311922,-105.581147,2020,10,25,12
West,Knight Hall,2020-10-25T13:00:00,20.0,,,,,,,,0.0138,,41.311922,-105.581147,2020,10,25,13
West,Knight Hall,2020-10-25T14:00:00,30.0,,,,,,,,0.0207,,41.311922,-105.581147,2020,10,25,14
West,Knight Hall,2020-10-25T15:00:00,30.0,,,,,,,,0.0207,,41.311922,-105.581147,2020,10,25,15
West,Knight Hall,2020-10-25T16:00:00,20.0,,,,,,,,0.0138,,41.311922,-105.581147,2020,10,25,16
West,Knight Hall,2020-10-25T17:00:00,20.0,,,,,,,,0.0138,,41.311922,-105.581147,2020,10,25,17
West,Knight Hall,2020-10-25T18:00:00,30.0,,,,,,,,0.0207,,41.311922,-105.581147,2020,10,25,18
West,Knight Hall,2020-10-25T19:00:00,20.0,,,,,,,,0.0138,,41.311922,-105.581147,2020,10,25,19
West,Knight Hall,2020-10-25T20:00:00,20.0,,,,,,,,0.0138,,41.311922,-105.581147,2020,10,25,20
West,Knight Hall,2020-10-25T21:00:00,20.0,,,,,,,,0.0138,,41.311922,-105.581147,2020,10,25,21
West,Knight Hall,2020-10-25T22:00:00,30.0,,,,,,,,0.0207,,41.311922,-105.581147,2020,10,25,22
West,Knight Hall,2020-10-25T23:00:00,20.0,,,,,,,,0.0138,,41.311922,-105.581147,2020,10,25,23
West,Knight Hall,2020-10-26T00:00:00,20.0,,,,,,,,0.0138,,41.311922,-105.581147,2020,10,26,0
West,Knight Hall,2020-10-26T01:00:00,30.0,,,,,,,,0.0207,,41.311922,-105.581147,2020,10,26,1
West,Knight Hall,2020-10-26T02:00:00,20.0,,,,,,,,0.0138,,41.311922,-105.581147,2020,10,26,2
West,Knight Hall,2020-10-26T03:00:00,20.0,,,,,,,,0.0138,,41.311922,-105.581147,2020,10,26,3
West,Knight Hall,2020-10-26T04:00:00,30.0,,,,,,,,0.0207,,41.311922,-105.581147,2020,10,26,4
West,Knight Hall,2020-10-26T05:00:00,20.0,,,,,,,,0.0138,,41.311922,-105.581147,2020,10,26,5
West,Knight Hall,2020-10-26T06:00:00,30.0,,,,,,,,0.0207,,41.311922,-105.581147,2020,10,26,6
West,Knight Hall,2020-10-26T07:00:00,40.0,,,,,,,,0.0276,,41.311922,-105.581147,2020,10,26,7
West,Knight Hall,2020-10-26T08:00:00,60.0,,,,,,,,0.0414,,41.311922,-105.581147,2020,10,26,8
West,Knight Hall,2020-10-26T09:00:00,70.0,,,,,,,,0.048299999999999996,,41.311922,-105.581147,2020,10,26,9
West,Knight Hall,2020-10-26T10:00:00,70.0,,,,,,,,0.048299999999999996,,41.311922,-105.581147,2020,10,26,10
West,Knight Hall,2020-10-26T11:00:00,70.0,,,,,,,,0.048299999999999996,,41.311922,-105.581147,2020,10,26,11
West,Knight Hall,2020-10-26T12:00:00,70.0,,,,,,,,0.048299999999999996,,41.311922,-105.581147,2020,10,26,12
West,Knight Hall,2020-10-26T13:00:00,70.0,,,,,,,,0.048299999999999996,,41.311922,-105.581147,2020,10,26,13
West,Knight Hall,2020-10-26T14:00:00,70.0,,,,,,,,0.048299999999999996,,41.311922,-105.581147,2020,10,26,14
West,Knight Hall,2020-10-26T15:00:00,60.0,,,,,,,,0.0414,,41.311922,-105.581147,2020,10,26,15
West,Knight Hall,2020-10-26T16:00:00,60.0,,,,,,,,0.0414,,41.311922,-105.581147,2020,10,26,16
West,Knight Hall,2020-10-26T17:00:00,50.0,,,,,,,,0.034499999999999996,,41.311922,-105.581147,2020,10,26,17
West,Knight Hall,2020-10-26T18:00:00,40.0,,,,,,,,0.0276,,41.311922,-105.581147,2020,10,26,18
West,Knight Hall,2020-10-26T19:00:00,30.0,,,,,,,,0.0207,,41.311922,-105.581147,2020,10,26,19
West,Knight Hall,2020-10-26T20:00:00,20.0,,,,,,,,0.0138,,41.311922,-105.581147,2020,10,26,20
West,Knight Hall,2020-10-26T21:00:00,30.0,,,,,,,,0.0207,,41.311922,-105.581147,2020,10,26,21
West,Knight Hall,2020-10-26T22:00:00,30.0,,,,,,,,0.0207,,41.311922,-105.581147,2020,10,26,22
West,Knight Hall,2020-10-26T23:00:00,20.0,,,,,,,,0.0138,,41.311922,-105.581147,2020,10,26,23
West,Knight Hall,2020-10-27T00:00:00,30.0,,,,,,,,0.0207,,41.311922,-105.581147,2020,10,27,0
West,Knight Hall,2020-10-27T01:00:00,20.0,,,,,,,,0.0138,,41.311922,-105.581147,2020,10,27,1
West,Knight Hall,2020-10-27T02:00:00,20.0,,,,,,,,0.0138,,41.311922,-105.581147,2020,10,27,2
West,Knight Hall,2020-10-27T03:00:00,30.0,,,,,,,,0.0207,,41.311922,-105.581147,2020,10,27,3
West,Knight Hall,2020-10-27T04:00:00,20.0,,,,,,,,0.0138,,41.311922,-105.581147,2020,10,27,4
West,Knight Hall,2020-10-27T05:00:00,30.0,,,,,,,,0.0207,,41.311922,-105.581147,2020,10,27,5
West,Knight Hall,2020-10-27T06:00:00,30.0,,,,,,,,0.0207,,41.311922,-105.581147,2020,10,27,6
West,Knight Hall,2020-10-27T07:00:00,40.0,,,,,,,,0.0276,,41.311922,-105.581147,2020,10,27,7
West,Knight Hall,2020-10-27T08:00:00,60.0,,,,,,,,0.0414,,41.311922,-105.581147,2020,10,27,8
West,Knight Hall,2020-10-27T09:00:00,70.0,,,,,,,,0.048299999999999996,,41.311922,-105.581147,2020,10,27,9
West,Knight Hall,2020-10-27T10:00:00,70.0,,,,,,,,0.048299999999999996,,41.311922,-105.581147,2020,10,27,10
West,Knight Hall,2020-10-27T11:00:00,80.0,,,,,,,,0.0552,,41.311922,-105.581147,2020,10,27,11
West,Knight Hall,2020-10-27T12:00:00,60.0,,,,,,,,0.0414,,41.311922,-105.581147,2020,10,27,12
West,Knight Hall,2020-10-27T13:00:00,70.0,,,,,,,,0.048299999999999996,,41.311922,-105.581147,2020,10,27,13
West,Knight Hall,2020-10-27T14:00:00,70.0,,,,,,,,0.048299999999999996,,41.311922,-105.581147,2020,10,27,14
West,Knight Hall,2020-10-27T15:00:00,60.0,,,,,,,,0.0414,,41.311922,-105.581147,2020,10,27,15
West,Knight Hall,2020-10-27T16:00:00,60.0,,,,,,,,0.0414,,41.311922,-105.581147,2020,10,27,16
West,Knight Hall,2020-10-27T17:00:00,50.0,,,,,,,,0.034499999999999996,,41.311922,-105.581147,2020,10,27,17
West,Knight Hall,2020-10-27T18:00:00,40.0,,,,,,,,0.0276,,41.311922,-105.581147,2020,10,27,18
West,Knight Hall,2020-10-27T19:00:00,30.0,,,,,,,,0.0207,,41.311922,-105.581147,2020,10,27,19
West,Knight Hall,2020-10-27T20:00:00,30.0,,,,,,,,0.0207,,41.311922,-105.581147,2020,10,27,20
West,Knight Hall,2020-10-27T21:00:00,30.0,,,,,,,,0.0207,,41.311922,-105.581147,2020,10,27,21
West,Knight Hall,2020-10-27T22:00:00,30.0,,,,,,,,0.0207,,41.311922,-105.581147,2020,10,27,22
West,Knight Hall,2020-10-27T23:00:00,30.0,,,,,,,,0.0207,,41.311922,-105.581147,2020,10,27,23
West,Knight Hall,2020-10-28T00:00:00,30.0,,,,,,,,0.0207,,41.311922,-105.581147,2020,10,28,0
West,Knight Hall,2020-10-28T01:00:00,20.0,,,,,,,,0.0138,,41.311922,-105.581147,2020,10,28,1
West,Knight Hall,2020-10-28T02:00:00,30.0,,,,,,,,0.0207,,41.311922,-105.581147,2020,10,28,2
West,Knight Hall,2020-10-28T03:00:00,20.0,,,,,,,,0.0138,,41.311922,-105.581147,2020,10,28,3
West,Knight Hall,2020-10-28T04:00:00,30.0,,,,,,,,0.0207,,41.311922,-105.581147,2020,10,28,4
West,Knight Hall,2020-10-28T05:00:00,20.0,,,,,,,,0.0138,,41.311922,-105.581147,2020,10,28,5
West,Knight Hall,2020-10-28T06:00:00,40.0,,,,,,,,0.0276,,41.311922,-105.581147,2020,10,28,6
West,Knight Hall,2020-10-28T07:00:00,30.0,,,,,,,,0.0207,,41.311922,-105.581147,2020,10,28,7
West,Knight Hall,2020-10-28T08:00:00,70.0,,,,,,,,0.048299999999999996,,41.311922,-105.581147,2020,10,28,8
West,Knight Hall,2020-10-28T09:00:00,70.0,,,,,,,,0.048299999999999996,,41.311922,-105.581147,2020,10,28,9
West,Knight Hall,2020-10-28T10:00:00,80.0,,,,,,,,0.0552,,41.311922,-105.581147,2020,10,28,10
West,Knight Hall,2020-10-28T11:00:00,70.0,,,,,,,,0.048299999999999996,,41.311922,-105.581147,2020,10,28,11
West,Knight Hall,2020-10-28T12:00:00,70.0,,,,,,,,0.048299999999999996,,41.311922,-105.581147,2020,10,28,12
West,Knight Hall,2020-10-28T13:00:00,60.0,,,,,,,,0.0414,,41.311922,-105.581147,2020,10,28,13
West,Knight Hall,2020-10-28T14:00:00,70.0,,,,,,,,0.048299999999999996,,41.311922,-105.581147,2020,10,28,14
West,Knight Hall,2020-10-28T15:00:00,70.0,,,,,,,,0.048299999999999996,,41.311922,-105.581147,2020,10,28,15
West,Knight Hall,2020-10-28T16:00:00,60.0,,,,,,,,0.0414,,41.311922,-105.581147,2020,10,28,16
West,Knight Hall,2020-10-28T17:00:00,50.0,,,,,,,,0.034499999999999996,,41.311922,-105.581147,2020,10,28,17
West,Knight Hall,2020-10-28T18:00:00,40.0,,,,,,,,0.0276,,41.311922,-105.581147,2020,10,28,18
West,Knight Hall,2020-10-28T19:00:00,30.0,,,,,,,,0.0207,,41.311922,-105.581147,2020,10,28,19
West,Knight Hall,2020-10-28T20:00:00,30.0,,,,,,,,0.0207,,41.311922,-105.581147,2020,10,28,20
West,Knight Hall,2020-10-28T21:00:00,30.0,,,,,,,,0.0207,,41.311922,-105.581147,2020,10,28,21
West,Knight Hall,2020-10-28T22:00:00,30.0,,,,,,,,0.0207,,41.311922,-105.581147,2020,10,28,22
West,Knight Hall,2020-10-28T23:00:00,30.0,,,,,,,,0.0207,,41.311922,-105.581147,2020,10,28,23
West,Knight Hall,2020-10-29T00:00:00,20.0,,,,,,,,0.0138,,41.311922,-105.581147,2020,10,29,0
West,Knight Hall,2020-10-29T01:00:00,30.0,,,,,,,,0.0207,,41.311922,-105.581147,2020,10,29,1
West,Knight Hall,2020-10-29T02:00:00,20.0,,,,,,,,0.0138,,41.311922,-105.581147,2020,10,29,2
West,Knight Hall,2020-10-29T03:00:00,30.0,,,,,,,,0.0207,,41.311922,-105.581147,2020,10,29,3
West,Knight Hall,2020-10-29T04:00:00,30.0,,,,,,,,0.0207,,41.311922,-105.581147,2020,10,29,4
West,Knight Hall,2020-10-29T05:00:00,30.0,,,,,,,,0.0207,,41.311922,-105.581147,2020,10,29,5
West,Knight Hall,2020-10-29T06:00:00,30.0,,,,,,,,0.0207,,41.311922,-105.581147,2020,10,29,6
West,Knight Hall,2020-10-29T07:00:00,40.0,,,,,,,,0.0276,,41.311922,-105.581147,2020,10,29,7
West,Knight Hall,2020-10-29T08:00:00,60.0,,,,,,,,0.0414,,41.311922,-105.581147,2020,10,29,8
West,Knight Hall,2020-10-29T09:00:00,60.0,,,,,,,,0.0414,,41.311922,-105.581147,2020,10,29,9
West,Knight Hall,2020-10-29T10:00:00,70.0,,,,,,,,0.048299999999999996,,41.311922,-105.581147,2020,10,29,10
West,Knight Hall,2020-10-29T11:00:00,80.0,,,,,,,,0.0552,,41.311922,-105.581147,2020,10,29,11
West,Knight Hall,2020-10-29T12:00:00,60.0,,,,,,,,0.0414,,41.311922,-105.581147,2020,10,29,12
West,Knight Hall,2020-10-29T13:00:00,70.0,,,,,,,,0.048299999999999996,,41.311922,-105.581147,2020,10,29,13
West,Knight Hall,2020-10-29T14:00:00,60.0,,,,,,,,0.0414,,41.311922,-105.581147,2020,10,29,14
West,Knight Hall,2020-10-29T15:00:00,70.0,,,,,,,,0.048299999999999996,,41.311922,-105.581147,2020,10,29,15
West,Knight Hall,2020-10-29T16:00:00,60.0,,,,,,,,0.0414,,41.311922,-105.581147,2020,10,29,16
West,Knight Hall,2020-10-29T17:00:00,50.0,,,,,,,,0.034499999999999996,,41.311922,-105.581147,2020,10,29,17
West,Knight Hall,2020-10-29T18:00:00,40.0,,,,,,,,0.0276,,41.311922,-105.581147,2020,10,29,18
West,Knight Hall,2020-10-29T19:00:00,30.0,,,,,,,,0.0207,,41.311922,-105.581147,2020,10,29,19
West,Knight Hall,2020-10-29T20:00:00,40.0,,,,,,,,0.0276,,41.311922,-105.581147,2020,10,29,20
West,Knight Hall,2020-10-29T21:00:00,30.0,,,,,,,,0.0207,,41.311922,-105.581147,2020,10,29,21
West,Knight Hall,2020-10-29T22:00:00,30.0,,,,,,,,0.0207,,41.311922,-105.581147,2020,10,29,22
West,Knight Hall,2020-10-29T23:00:00,20.0,,,,,,,,0.0138,,41.311922,-105.581147,2020,10,29,23
West,Knight Hall,2020-10-30T00:00:00,30.0,,,,,,,,0.0207,,41.311922,-105.581147,2020,10,30,0
West,Knight Hall,2020-10-30T01:00:00,20.0,,,,,,,,0.0138,,41.311922,-105.581147,2020,10,30,1
West,Knight Hall,2020-10-30T02:00:00,30.0,,,,,,,,0.0207,,41.311922,-105.581147,2020,10,30,2
West,Knight Hall,2020-10-30T03:00:00,30.0,,,,,,,,0.0207,,41.311922,-105.581147,2020,10,30,3
West,Knight Hall,2020-10-30T04:00:00,20.0,,,,,,,,0.0138,,41.311922,-105.581147,2020,10,30,4
West,Knight Hall,2020-10-30T05:00:00,30.0,,,,,,,,0.0207,,41.311922,-105.581147,2020,10,30,5
West,Knight Hall,2020-10-30T06:00:00,30.0,,,,,,,,0.0207,,41.311922,-105.581147,2020,10,30,6
West,Knight Hall,2020-10-30T07:00:00,40.0,,,,,,,,0.0276,,41.311922,-105.581147,2020,10,30,7
West,Knight Hall,2020-10-30T08:00:00,60.0,,,,,,,,0.0414,,41.311922,-105.581147,2020,10,30,8
West,Knight Hall,2020-10-30T09:00:00,70.0,,,,,,,,0.048299999999999996,,41.311922,-105.581147,2020,10,30,9
West,Knight Hall,2020-10-30T10:00:00,60.0,,,,,,,,0.0414,,41.311922,-105.581147,2020,10,30,10
West,Knight Hall,2020-10-30T11:00:00,70.0,,,,,,,,0.048299999999999996,,41.311922,-105.581147,2020,10,30,11
West,Knight Hall,2020-10-30T12:00:00,70.0,,,,,,,,0.048299999999999996,,41.311922,-105.581147,2020,10,30,12
West,Knight Hall,2020-10-30T13:00:00,70.0,,,,,,,,0.048299999999999996,,41.311922,-105.581147,2020,10,30,13
West,Knight Hall,2020-10-30T14:00:00,60.0,,,,,,,,0.0414,,41.311922,-105.581147,2020,10,30,14
West,Knight Hall,2020-10-30T15:00:00,70.0,,,,,,,,0.048299999999999996,,41.311922,-105.581147,2020,10,30,15
West,Knight Hall,2020-10-30T16:00:00,60.0,,,,,,,,0.0414,,41.311922,-105.581147,2020,10,30,16
West,Knight Hall,2020-10-30T17:00:00,40.0,,,,,,,,0.0276,,41.311922,-105.581147,2020,10,30,17
West,Knight Hall,2020-10-30T18:00:00,40.0,,,,,,,,0.0276,,41.311922,-105.581147,2020,10,30,18
West,Knight Hall,2020-10-30T19:00:00,30.0,,,,,,,,0.0207,,41.311922,-105.581147,2020,10,30,19
West,Knight Hall,2020-10-30T20:00:00,30.0,,,,,,,,0.0207,,41.311922,-105.581147,2020,10,30,20
West,Knight Hall,2020-10-30T21:00:00,30.0,,,,,,,,0.0207,,41.311922,-105.581147,2020,10,30,21
West,Knight Hall,2020-10-30T22:00:00,30.0,,,,,,,,0.0207,,41.311922,-105.581147,2020,10,30,22
West,Knight Hall,2020-10-30T23:00:00,20.0,,,,,,,,0.0138,,41.311922,-105.581147,2020,10,30,23
West,Knight Hall,2020-10-31T00:00:00,30.0,,,,,,,,0.0207,,41.311922,-105.581147,2020,10,31,0
West,Knight Hall,2020-10-31T01:00:00,20.0,,,,,,,,0.0138,,41.311922,-105.581147,2020,10,31,1
West,Knight Hall,2020-10-31T02:00:00,30.0,,,,,,,,0.0207,,41.311922,-105.581147,2020,10,31,2
West,Knight Hall,2020-10-31T03:00:00,30.0,,,,,,,,0.0207,,41.311922,-105.581147,2020,10,31,3
West,Knight Hall,2020-10-31T04:00:00,20.0,,,,,,,,0.0138,,41.311922,-105.581147,2020,10,31,4
West,Knight Hall,2020-10-31T05:00:00,30.0,,,,,,,,0.0207,,41.311922,-105.581147,2020,10,31,5
West,Knight Hall,2020-10-31T06:00:00,20.0,,,,,,,,0.0138,,41.311922,-105.581147,2020,10,31,6
West,Knight Hall,2020-10-31T07:00:00,30.0,,,,,,,,0.0207,,41.311922,-105.581147,2020,10,31,7
West,Knight Hall,2020-10-31T08:00:00,30.0,,,,,,,,0.0207,,41.311922,-105.581147,2020,10,31,8
West,Knight Hall,2020-10-31T09:00:00,20.0,,,,,,,,0.0138,,41.311922,-105.581147,2020,10,31,9
West,Knight Hall,2020-10-31T10:00:00,40.0,,,,,,,,0.0276,,41.311922,-105.581147,2020,10,31,10
West,Knight Hall,2020-10-31T11:00:00,30.0,,,,,,,,0.0207,,41.311922,-105.581147,2020,10,31,11
West,Knight Hall,2020-10-31T12:00:00,30.0,,,,,,,,0.0207,,41.311922,-105.581147,2020,10,31,12
West,Knight Hall,2020-10-31T13:00:00,30.0,,,,,,,,0.0207,,41.311922,-105.581147,2020,10,31,13
West,Knight Hall,2020-10-31T14:00:00,30.0,,,,,,,,0.0207,,41.311922,-105.581147,2020,10,31,14
West,Knight Hall,2020-10-31T15:00:00,30.0,,,,,,,,0.0207,,41.311922,-105.581147,2020,10,31,15
West,Knight Hall,2020-10-31T16:00:00,20.0,,,,,,,,0.0138,,41.311922,-105.581147,2020,10,31,16
West,Knight Hall,2020-10-31T17:00:00,30.0,,,,,,,,0.0207,,41.311922,-105.581147,2020,10,31,17
West,Knight Hall,2020-10-31T18:00:00,30.0,,,,,,,,0.0207,,41.311922,-105.581147,2020,10,31,18
West,Knight Hall,2020-10-31T19:00:00,30.0,,,,,,,,0.0207,,41.311922,-105.581147,2020,10,31,19
West,Knight Hall,2020-10-31T20:00:00,30.0,,,,,,,,0.0207,,41.311922,-105.581147,2020,10,31,20
West,Knight Hall,2020-10-31T21:00:00,20.0,,,,,,,,0.0138,,41.311922,-105.581147,2020,10,31,21
West,Knight Hall,2020-10-31T22:00:00,20.0,,,,,,,,0.0138,,41.311922,-105.581147,2020,10,31,22
West,Knight Hall,2020-10-31T23:00:00,30.0,,,,,,,,0.0207,,41.311922,-105.581147,2020,10,31,23
West,Knight Hall,2020-11-01T00:00:00,30.0,,,,,,,,0.0207,,41.311922,-105.581147,2020,11,1,0
West,Knight Hall,2020-11-01T01:00:00,50.0,,,,,,,,0.034499999999999996,,41.311922,-105.581147,2020,11,1,1
West,Knight Hall,2020-11-01T02:00:00,30.0,,,,,,,,0.0207,,41.311922,-105.581147,2020,11,1,2
West,Knight Hall,2020-11-01T03:00:00,20.0,,,,,,,,0.0138,,41.311922,-105.581147,2020,11,1,3
West,Knight Hall,2020-11-01T04:00:00,30.0,,,,,,,,0.0207,,41.311922,-105.581147,2020,11,1,4
West,Knight Hall,2020-11-01T05:00:00,30.0,,,,,,,,0.0207,,41.311922,-105.581147,2020,11,1,5
West,Knight Hall,2020-11-01T06:00:00,20.0,,,,,,,,0.0138,,41.311922,-105.581147,2020,11,1,6
West,Knight Hall,2020-11-01T07:00:00,30.0,,,,,,,,0.0207,,41.311922,-105.581147,2020,11,1,7
West,Knight Hall,2020-11-01T08:00:00,30.0,,,,,,,,0.0207,,41.311922,-105.581147,2020,11,1,8
West,Knight Hall,2020-11-01T09:00:00,30.0,,,,,,,,0.0207,,41.311922,-105.581147,2020,11,1,9
West,Knight Hall,2020-11-01T10:00:00,30.0,,,,,,,,0.0207,,41.311922,-105.581147,2020,11,1,10
West,Knight Hall,2020-11-01T11:00:00,30.0,,,,,,,,0.0207,,41.311922,-105.581147,2020,11,1,11
West,Knight Hall,2020-11-01T12:00:00,20.0,,,,,,,,0.0138,,41.311922,-105.581147,2020,11,1,12
West,Knight Hall,2020-11-01T13:00:00,30.0,,,,,,,,0.0207,,41.311922,-105.581147,2020,11,1,13
West,Knight Hall,2020-11-01T14:00:00,30.0,,,,,,,,0.0207,,41.311922,-105.581147,2020,11,1,14
West,Knight Hall,2020-11-01T15:00:00,30.0,,,,,,,,0.0207,,41.311922,-105.581147,2020,11,1,15
West,Knight Hall,2020-11-01T16:00:00,30.0,,,,,,,,0.0207,,41.311922,-105.581147,2020,11,1,16
West,Knight Hall,2020-11-01T17:00:00,20.0,,,,,,,,0.0138,,41.311922,-105.581147,2020,11,1,17
West,Knight Hall,2020-11-01T18:00:00,30.0,,,,,,,,0.0207,,41.311922,-105.581147,2020,11,1,18
West,Knight Hall,2020-11-01T19:00:00,30.0,,,,,,,,0.0207,,41.311922,-105.581147,2020,11,1,19
West,Knight Hall,2020-11-01T20:00:00,20.0,,,,,,,,0.0138,,41.311922,-105.581147,2020,11,1,20
West,Knight Hall,2020-11-01T21:00:00,30.0,,,,,,,,0.0207,,41.311922,-105.581147,2020,11,1,21
West,Knight Hall,2020-11-01T22:00:00,20.0,,,,,,,,0.0138,,41.311922,-105.581147,2020,11,1,22
West,Knight Hall,2020-11-01T23:00:00,30.0,,,,,,,,0.0207,,41.311922,-105.581147,2020,11,1,23
West,Knight Hall,2020-11-02T00:00:00,20.0,,,,,,,,0.0138,,41.311922,-105.581147,2020,11,2,0
West,Knight Hall,2020-11-02T01:00:00,30.0,,,,,,,,0.0207,,41.311922,-105.581147,2020,11,2,1
West,Knight Hall,2020-11-02T02:00:00,20.0,,,,,,,,0.0138,,41.311922,-105.581147,2020,11,2,2
West,Knight Hall,2020-11-02T03:00:00,30.0,,,,,,,,0.0207,,41.311922,-105.581147,2020,11,2,3
West,Knight Hall,2020-11-02T04:00:00,30.0,,,,,,,,0.0207,,41.311922,-105.581147,2020,11,2,4
West,Knight Hall,2020-11-02T05:00:00,20.0,,,,,,,,0.0138,,41.311922,-105.581147,2020,11,2,5
West,Knight Hall,2020-11-02T06:00:00,40.0,,,,,,,,0.0276,,41.311922,-105.581147,2020,11,2,6
West,Knight Hall,2020-11-02T07:00:00,40.0,,,,,,,,0.0276,,41.311922,-105.581147,2020,11,2,7
West,Knight Hall,2020-11-02T08:00:00,60.0,,,,,,,,0.0414,,41.311922,-105.581147,2020,11,2,8
West,Knight Hall,2020-11-02T09:00:00,70.0,,,,,,,,0.048299999999999996,,41.311922,-105.581147,2020,11,2,9
West,Knight Hall,2020-11-02T10:00:00,80.0,,,,,,,,0.0552,,41.311922,-105.581147,2020,11,2,10
West,Knight Hall,2020-11-02T11:00:00,70.0,,,,,,,,0.048299999999999996,,41.311922,-105.581147,2020,11,2,11
West,Knight Hall,2020-11-02T12:00:00,70.0,,,,,,,,0.048299999999999996,,41.311922,-105.581147,2020,11,2,12
West,Knight Hall,2020-11-02T13:00:00,60.0,,,,,,,,0.0414,,41.311922,-105.581147,2020,11,2,13
West,Knight Hall,2020-11-02T14:00:00,70.0,,,,,,,,0.048299999999999996,,41.311922,-105.581147,2020,11,2,14
West,Knight Hall,2020-11-02T15:00:00,70.0,,,,,,,,0.048299999999999996,,41.311922,-105.581147,2020,11,2,15
West,Knight Hall,2020-11-02T16:00:00,60.0,,,,,,,,0.0414,,41.311922,-105.581147,2020,11,2,16
West,Knight Hall,2020-11-02T17:00:00,50.0,,,,,,,,0.034499999999999996,,41.311922,-105.581147,2020,11,2,17
West,Knight Hall,2020-11-02T18:00:00,40.0,,,,,,,,0.0276,,41.311922,-105.581147,2020,11,2,18
West,Knight Hall,2020-11-02T19:00:00,40.0,,,,,,,,0.0276,,41.311922,-105.581147,2020,11,2,19
West,Knight Hall,2020-11-02T20:00:00,30.0,,,,,,,,0.0207,,41.311922,-105.581147,2020,11,2,20
West,Knight Hall,2020-11-02T21:00:00,30.0,,,,,,,,0.0207,,41.311922,-105.581147,2020,11,2,21
West,Knight Hall,2020-11-02T22:00:00,30.0,,,,,,,,0.0207,,41.311922,-105.581147,2020,11,2,22
West,Knight Hall,2020-11-02T23:00:00,20.0,,,,,,,,0.0138,,41.311922,-105.581147,2020,11,2,23
West,Knight Hall,2020-11-03T00:00:00,30.0,,,,,,,,0.0207,,41.311922,-105.581147,2020,11,3,0
West,Knight Hall,2020-11-03T01:00:00,20.0,,,,,,,,0.0138,,41.311922,-105.581147,2020,11,3,1
West,Knight Hall,2020-11-03T02:00:00,30.0,,,,,,,,0.0207,,41.311922,-105.581147,2020,11,3,2
West,Knight Hall,2020-11-03T03:00:00,20.0,,,,,,,,0.0138,,41.311922,-105.581147,2020,11,3,3
West,Knight Hall,2020-11-03T04:00:00,30.0,,,,,,,,0.0207,,41.311922,-105.581147,2020,11,3,4
West,Knight Hall,2020-11-03T05:00:00,30.0,,,,,,,,0.0207,,41.311922,-105.581147,2020,11,3,5
West,Knight Hall,2020-11-03T06:00:00,30.0,,,,,,,,0.0207,,41.311922,-105.581147,2020,11,3,6
West,Knight Hall,2020-11-03T07:00:00,40.0,,,,,,,,0.0276,,41.311922,-105.581147,2020,11,3,7
West,Knight Hall,2020-11-03T08:00:00,70.0,,,,,,,,0.048299999999999996,,41.311922,-105.581147,2020,11,3,8
West,Knight Hall,2020-11-03T09:00:00,60.0,,,,,,,,0.0414,,41.311922,-105.581147,2020,11,3,9
West,Knight Hall,2020-11-03T10:00:00,70.0,,,,,,,,0.048299999999999996,,41.311922,-105.581147,2020,11,3,10
West,Knight Hall,2020-11-03T11:00:00,70.0,,,,,,,,0.048299999999999996,,41.311922,-105.581147,2020,11,3,11
West,Knight Hall,2020-11-03T12:00:00,70.0,,,,,,,,0.048299999999999996,,41.311922,-105.581147,2020,11,3,12
West,Knight Hall,2020-11-03T13:00:00,60.0,,,,,,,,0.0414,,41.311922,-105.581147,2020,11,3,13
West,Knight Hall,2020-11-03T14:00:00,70.0,,,,,,,,0.048299999999999996,,41.311922,-105.581147,2020,11,3,14
West,Knight Hall,2020-11-03T15:00:00,60.0,,,,,,,,0.0414,,41.311922,-105.581147,2020,11,3,15
West,Knight Hall,2020-11-03T16:00:00,60.0,,,,,,,,0.0414,,41.311922,-105.581147,2020,11,3,16
West,Knight Hall,2020-11-03T17:00:00,50.0,,,,,,,,0.034499999999999996,,41.311922,-105.581147,2020,11,3,17
West,Knight Hall,2020-11-03T18:00:00,40.0,,,,,,,,0.0276,,41.311922,-105.581147,2020,11,3,18
West,Knight Hall,2020-11-03T19:00:00,40.0,,,,,,,,0.0276,,41.311922,-105.581147,2020,11,3,19
West,Knight Hall,2020-11-03T20:00:00,30.0,,,,,,,,0.0207,,41.311922,-105.581147,2020,11,3,20
West,Knight Hall,2020-11-03T21:00:00,30.0,,,,,,,,0.0207,,41.311922,-105.581147,2020,11,3,21
West,Knight Hall,2020-11-03T22:00:00,30.0,,,,,,,,0.0207,,41.311922,-105.581147,2020,11,3,22
West,Knight Hall,2020-11-03T23:00:00,30.0,,,,,,,,0.0207,,41.311922,-105.581147,2020,11,3,23
West,Knight Hall,2020-11-04T00:00:00,20.0,,,,,,,,0.0138,,41.311922,-105.581147,2020,11,4,0
West,Knight Hall,2020-11-04T01:00:00,30.0,,,,,,,,0.0207,,41.311922,-105.581147,2020,11,4,1
West,Knight Hall,2020-11-04T02:00:00,30.0,,,,,,,,0.0207,,41.311922,-105.581147,2020,11,4,2
West,Knight Hall,2020-11-04T03:00:00,20.0,,,,,,,,0.0138,,41.311922,-105.581147,2020,11,4,3
West,Knight Hall,2020-11-04T04:00:00,30.0,,,,,,,,0.0207,,41.311922,-105.581147,2020,11,4,4
West,Knight Hall,2020-11-04T05:00:00,30.0,,,,,,,,0.0207,,41.311922,-105.581147,2020,11,4,5
West,Knight Hall,2020-11-04T06:00:00,30.0,,,,,,,,0.0207,,41.311922,-105.581147,2020,11,4,6
West,Knight Hall,2020-11-04T07:00:00,40.0,,,,,,,,0.0276,,41.311922,-105.581147,2020,11,4,7
West,Knight Hall,2020-11-04T08:00:00,70.0,,,,,,,,0.048299999999999996,,41.311922,-105.581147,2020,11,4,8
West,Knight Hall,2020-11-04T09:00:00,70.0,,,,,,,,0.048299999999999996,,41.311922,-105.581147,2020,11,4,9
West,Knight Hall,2020-11-04T10:00:00,80.0,,,,,,,,0.0552,,41.311922,-105.581147,2020,11,4,10
West,Knight Hall,2020-11-04T11:00:00,70.0,,,,,,,,0.048299999999999996,,41.311922,-105.581147,2020,11,4,11
West,Knight Hall,2020-11-04T12:00:00,70.0,,,,,,,,0.048299999999999996,,41.311922,-105.581147,2020,11,4,12
West,Knight Hall,2020-11-04T13:00:00,70.0,,,,,,,,0.048299999999999996,,41.311922,-105.581147,2020,11,4,13
West,Knight Hall,2020-11-04T14:00:00,70.0,,,,,,,,0.048299999999999996,,41.311922,-105.581147,2020,11,4,14
West,Knight Hall,2020-11-04T15:00:00,60.0,,,,,,,,0.0414,,41.311922,-105.581147,2020,11,4,15
West,Knight Hall,2020-11-04T16:00:00,70.0,,,,,,,,0.048299999999999996,,41.311922,-105.581147,2020,11,4,16
West,Knight Hall,2020-11-04T17:00:00,50.0,,,,,,,,0.034499999999999996,,41.311922,-105.581147,2020,11,4,17
West,Knight Hall,2020-11-04T18:00:00,40.0,,,,,,,,0.0276,,41.311922,-105.581147,2020,11,4,18
West,Knight Hall,2020-11-04T19:00:00,40.0,,,,,,,,0.0276,,41.311922,-105.581147,2020,11,4,19
West,Knight Hall,2020-11-04T20:00:00,30.0,,,,,,,,0.0207,,41.311922,-105.581147,2020,11,4,20
West,Knight Hall,2020-11-04T21:00:00,30.0,,,,,,,,0.0207,,41.311922,-105.581147,2020,11,4,21
West,Knight Hall,2020-11-04T22:00:00,30.0,,,,,,,,0.0207,,41.311922,-105.581147,2020,11,4,22
West,Knight Hall,2020-11-04T23:00:00,30.0,,,,,,,,0.0207,,41.311922,-105.581147,2020,11,4,23
West,Knight Hall,2020-11-05T00:00:00,30.0,,,,,,,,0.0207,,41.311922,-105.581147,2020,11,5,0
West,Knight Hall,2020-11-05T01:00:00,20.0,,,,,,,,0.0138,,41.311922,-105.581147,2020,11,5,1
West,Knight Hall,2020-11-05T02:00:00,30.0,,,,,,,,0.0207,,41.311922,-105.581147,2020,11,5,2
West,Knight Hall,2020-11-05T03:00:00,20.0,,,,,,,,0.0138,,41.311922,-105.581147,2020,11,5,3
West,Knight Hall,2020-11-05T04:00:00,30.0,,,,,,,,0.0207,,41.311922,-105.581147,2020,11,5,4
West,Knight Hall,2020-11-05T05:00:00,30.0,,,,,,,,0.0207,,41.311922,-105.581147,2020,11,5,5
West,Knight Hall,2020-11-05T06:00:00,30.0,,,,,,,,0.0207,,41.311922,-105.581147,2020,11,5,6
West,Knight Hall,2020-11-05T07:00:00,50.0,,,,,,,,0.034499999999999996,,41.311922,-105.581147,2020,11,5,7
West,Knight Hall,2020-11-05T08:00:00,60.0,,,,,,,,0.0414,,41.311922,-105.581147,2020,11,5,8
West,Knight Hall,2020-11-05T09:00:00,70.0,,,,,,,,0.048299999999999996,,41.311922,-105.581147,2020,11,5,9
West,Knight Hall,2020-11-05T10:00:00,60.0,,,,,,,,0.0414,,41.311922,-105.581147,2020,11,5,10
West,Knight Hall,2020-11-05T11:00:00,70.0,,,,,,,,0.048299999999999996,,41.311922,-105.581147,2020,11,5,11
West,Knight Hall,2020-11-05T12:00:00,70.0,,,,,,,,0.048299999999999996,,41.311922,-105.581147,2020,11,5,12
West,Knight Hall,2020-11-05T13:00:00,70.0,,,,,,,,0.048299999999999996,,41.311922,-105.581147,2020,11,5,13
West,Knight Hall,2020-11-05T14:00:00,60.0,,,,,,,,0.0414,,41.311922,-105.581147,2020,11,5,14
West,Knight Hall,2020-11-05T15:00:00,70.0,,,,,,,,0.048299999999999996,,41.311922,-105.581147,2020,11,5,15
West,Knight Hall,2020-11-05T16:00:00,60.0,,,,,,,,0.0414,,41.311922,-105.581147,2020,11,5,16
West,Knight Hall,2020-11-05T17:00:00,50.0,,,,,,,,0.034499999999999996,,41.311922,-105.581147,2020,11,5,17
West,Knight Hall,2020-11-05T18:00:00,40.0,,,,,,,,0.0276,,41.311922,-105.581147,2020,11,5,18
West,Knight Hall,2020-11-05T19:00:00,30.0,,,,,,,,0.0207,,41.311922,-105.581147,2020,11,5,19
West,Knight Hall,2020-11-05T20:00:00,30.0,,,,,,,,0.0207,,41.311922,-105.581147,2020,11,5,20
West,Knight Hall,2020-11-05T21:00:00,40.0,,,,,,,,0.0276,,41.311922,-105.581147,2020,11,5,21
West,Knight Hall,2020-11-05T22:00:00,30.0,,,,,,,,0.0207,,41.311922,-105.581147,2020,11,5,22
West,Knight Hall,2020-11-05T23:00:00,20.0,,,,,,,,0.0138,,41.311922,-105.581147,2020,11,5,23
West,Knight Hall,2020-11-06T00:00:00,30.0,,,,,,,,0.0207,,41.311922,-105.581147,2020,11,6,0
West,Knight Hall,2020-11-06T01:00:00,20.0,,,,,,,,0.0138,,41.311922,-105.581147,2020,11,6,1
West,Knight Hall,2020-11-06T02:00:00,30.0,,,,,,,,0.0207,,41.311922,-105.581147,2020,11,6,2
West,Knight Hall,2020-11-06T03:00:00,30.0,,,,,,,,0.0207,,41.311922,-105.581147,2020,11,6,3
West,Knight Hall,2020-11-06T04:00:00,20.0,,,,,,,,0.0138,,41.311922,-105.581147,2020,11,6,4
West,Knight Hall,2020-11-06T05:00:00,30.0,,,,,,,,0.0207,,41.311922,-105.581147,2020,11,6,5
West,Knight Hall,2020-11-06T06:00:00,30.0,,,,,,,,0.0207,,41.311922,-105.581147,2020,11,6,6
West,Knight Hall,2020-11-06T07:00:00,40.0,,,,,,,,0.0276,,41.311922,-105.581147,2020,11,6,7
West,Knight Hall,2020-11-06T08:00:00,60.0,,,,,,,,0.0414,,41.311922,-105.581147,2020,11,6,8
West,Knight Hall,2020-11-06T09:00:00,70.0,,,,,,,,0.048299999999999996,,41.311922,-105.581147,2020,11,6,9
West,Knight Hall,2020-11-06T10:00:00,70.0,,,,,,,,0.048299999999999996,,41.311922,-105.581147,2020,11,6,10
West,Knight Hall,2020-11-06T11:00:00,70.0,,,,,,,,0.048299999999999996,,41.311922,-105.581147,2020,11,6,11
West,Knight Hall,2020-11-06T12:00:00,60.0,,,,,,,,0.0414,,41.311922,-105.581147,2020,11,6,12
West,Knight Hall,2020-11-06T13:00:00,70.0,,,,,,,,0.048299999999999996,,41.311922,-105.581147,2020,11,6,13
West,Knight Hall,2020-11-06T14:00:00,70.0,,,,,,,,0.048299999999999996,,41.311922,-105.581147,2020,11,6,14
West,Knight Hall,2020-11-06T15:00:00,60.0,,,,,,,,0.0414,,41.311922,-105.581147,2020,11,6,15
West,Knight Hall,2020-11-06T16:00:00,60.0,,,,,,,,0.0414,,41.311922,-105.581147,2020,11,6,16
West,Knight Hall,2020-11-06T17:00:00,40.0,,,,,,,,0.0276,,41.311922,-105.581147,2020,11,6,17
West,Knight Hall,2020-11-06T18:00:00,40.0,,,,,,,,0.0276,,41.311922,-105.581147,2020,11,6,18
West,Knight Hall,2020-11-06T19:00:00,40.0,,,,,,,,0.0276,,41.311922,-105.581147,2020,11,6,19
West,Knight Hall,2020-11-06T20:00:00,40.0,,,,,,,,0.0276,,41.311922,-105.581147,2020,11,6,20
West,Knight Hall,2020-11-06T21:00:00,40.0,,,,,,,,0.0276,,41.311922,-105.581147,2020,11,6,21
West,Knight Hall,2020-11-06T22:00:00,30.0,,,,,,,,0.0207,,41.311922,-105.581147,2020,11,6,22
West,Knight Hall,2020-11-06T23:00:00,20.0,,,,,,,,0.0138,,41.311922,-105.581147,2020,11,6,23
West,Knight Hall,2020-11-07T00:00:00,30.0,,,,,,,,0.0207,,41.311922,-105.581147,2020,11,7,0
West,Knight Hall,2020-11-07T01:00:00,20.0,,,,,,,,0.0138,,41.311922,-105.581147,2020,11,7,1
West,Knight Hall,2020-11-07T02:00:00,30.0,,,,,,,,0.0207,,41.311922,-105.581147,2020,11,7,2
West,Knight Hall,2020-11-07T03:00:00,30.0,,,,,,,,0.0207,,41.311922,-105.581147,2020,11,7,3
West,Knight Hall,2020-11-07T04:00:00,20.0,,,,,,,,0.0138,,41.311922,-105.581147,2020,11,7,4
West,Knight Hall,2020-11-07T05:00:00,30.0,,,,,,,,0.0207,,41.311922,-105.581147,2020,11,7,5
West,Knight Hall,2020-11-07T06:00:00,20.0,,,,,,,,0.0138,,41.311922,-105.581147,2020,11,7,6
West,Knight Hall,2020-11-07T07:00:00,30.0,,,,,,,,0.0207,,41.311922,-105.581147,2020,11,7,7
West,Knight Hall,2020-11-07T08:00:00,20.0,,,,,,,,0.0138,,41.311922,-105.581147,2020,11,7,8
West,Knight Hall,2020-11-07T09:00:00,40.0,,,,,,,,0.0276,,41.311922,-105.581147,2020,11,7,9
West,Knight Hall,2020-11-07T10:00:00,30.0,,,,,,,,0.0207,,41.311922,-105.581147,2020,11,7,10
West,Knight Hall,2020-11-07T11:00:00,30.0,,,,,,,,0.0207,,41.311922,-105.581147,2020,11,7,11
West,Knight Hall,2020-11-07T12:00:00,30.0,,,,,,,,0.0207,,41.311922,-105.581147,2020,11,7,12
West,Knight Hall,2020-11-07T13:00:00,20.0,,,,,,,,0.0138,,41.311922,-105.581147,2020,11,7,13
West,Knight Hall,2020-11-07T14:00:00,30.0,,,,,,,,0.0207,,41.311922,-105.581147,2020,11,7,14
West,Knight Hall,2020-11-07T15:00:00,30.0,,,,,,,,0.0207,,41.311922,-105.581147,2020,11,7,15
West,Knight Hall,2020-11-07T16:00:00,20.0,,,,,,,,0.0138,,41.311922,-105.581147,2020,11,7,16
West,Knight Hall,2020-11-07T17:00:00,30.0,,,,,,,,0.0207,,41.311922,-105.581147,2020,11,7,17
West,Knight Hall,2020-11-07T18:00:00,20.0,,,,,,,,0.0138,,41.311922,-105.581147,2020,11,7,18
West,Knight Hall,2020-11-07T19:00:00,30.0,,,,,,,,0.0207,,41.311922,-105.581147,2020,11,7,19
West,Knight Hall,2020-11-07T20:00:00,20.0,,,,,,,,0.0138,,41.311922,-105.581147,2020,11,7,20
West,Knight Hall,2020-11-07T21:00:00,30.0,,,,,,,,0.0207,,41.311922,-105.581147,2020,11,7,21
West,Knight Hall,2020-11-07T22:00:00,20.0,,,,,,,,0.0138,,41.311922,-105.581147,2020,11,7,22
West,Knight Hall,2020-11-07T23:00:00,30.0,,,,,,,,0.0207,,41.311922,-105.581147,2020,11,7,23
West,Knight Hall,2020-11-08T00:00:00,20.0,,,,,,,,0.0138,,41.311922,-105.581147,2020,11,8,0
West,Knight Hall,2020-11-08T01:00:00,30.0,,,,,,,,0.0207,,41.311922,-105.581147,2020,11,8,1
West,Knight Hall,2020-11-08T02:00:00,20.0,,,,,,,,0.0138,,41.311922,-105.581147,2020,11,8,2
West,Knight Hall,2020-11-08T03:00:00,30.0,,,,,,,,0.0207,,41.311922,-105.581147,2020,11,8,3
West,Knight Hall,2020-11-08T04:00:00,30.0,,,,,,,,0.0207,,41.311922,-105.581147,2020,11,8,4
West,Knight Hall,2020-11-08T05:00:00,20.0,,,,,,,,0.0138,,41.311922,-105.581147,2020,11,8,5
West,Knight Hall,2020-11-08T06:00:00,30.0,,,,,,,,0.0207,,41.311922,-105.581147,2020,11,8,6
West,Knight Hall,2020-11-08T07:00:00,20.0,,,,,,,,0.0138,,41.311922,-105.581147,2020,11,8,7
West,Knight Hall,2020-11-08T08:00:00,30.0,,,,,,,,0.0207,,41.311922,-105.581147,2020,11,8,8
West,Knight Hall,2020-11-08T09:00:00,30.0,,,,,,,,0.0207,,41.311922,-105.581147,2020,11,8,9
West,Knight Hall,2020-11-08T10:00:00,30.0,,,,,,,,0.0207,,41.311922,-105.581147,2020,11,8,10
West,Knight Hall,2020-11-08T11:00:00,30.0,,,,,,,,0.0207,,41.311922,-105.581147,2020,11,8,11
West,Knight Hall,2020-11-08T12:00:00,30.0,,,,,,,,0.0207,,41.311922,-105.581147,2020,11,8,12
West,Knight Hall,2020-11-08T13:00:00,30.0,,,,,,,,0.0207,,41.311922,-105.581147,2020,11,8,13
West,Knight Hall,2020-11-08T14:00:00,30.0,,,,,,,,0.0207,,41.311922,-105.581147,2020,11,8,14
West,Knight Hall,2020-11-08T15:00:00,30.0,,,,,,,,0.0207,,41.311922,-105.581147,2020,11,8,15
West,Knight Hall,2020-11-08T16:00:00,20.0,,,,,,,,0.0138,,41.311922,-105.581147,2020,11,8,16
West,Knight Hall,2020-11-08T17:00:00,30.0,,,,,,,,0.0207,,41.311922,-105.581147,2020,11,8,17
West,Knight Hall,2020-11-08T18:00:00,30.0,,,,,,,,0.0207,,41.311922,-105.581147,2020,11,8,18
West,Knight Hall,2020-11-08T19:00:00,20.0,,,,,,,,0.0138,,41.311922,-105.581147,2020,11,8,19
West,Knight Hall,2020-11-08T20:00:00,30.0,,,,,,,,0.0207,,41.311922,-105.581147,2020,11,8,20
West,Knight Hall,2020-11-08T21:00:00,30.0,,,,,,,,0.0207,,41.311922,-105.581147,2020,11,8,21
West,Knight Hall,2020-11-08T22:00:00,20.0,,,,,,,,0.0138,,41.311922,-105.581147,2020,11,8,22
West,Knight Hall,2020-11-08T23:00:00,30.0,,,,,,,,0.0207,,41.311922,-105.581147,2020,11,8,23
West,Knight Hall,2020-11-09T00:00:00,20.0,,,,,,,,0.0138,,41.311922,-105.581147,2020,11,9,0
West,Knight Hall,2020-11-09T01:00:00,30.0,,,,,,,,0.0207,,41.311922,-105.581147,2020,11,9,1
West,Knight Hall,2020-11-09T02:00:00,20.0,,,,,,,,0.0138,,41.311922,-105.581147,2020,11,9,2
West,Knight Hall,2020-11-09T03:00:00,30.0,,,,,,,,0.0207,,41.311922,-105.581147,2020,11,9,3
West,Knight Hall,2020-11-09T04:00:00,20.0,,,,,,,,0.0138,,41.311922,-105.581147,2020,11,9,4
West,Knight Hall,2020-11-09T05:00:00,30.0,,,,,,,,0.0207,,41.311922,-105.581147,2020,11,9,5
West,Knight Hall,2020-11-09T06:00:00,30.0,,,,,,,,0.0207,,41.311922,-105.581147,2020,11,9,6
West,Knight Hall,2020-11-09T07:00:00,40.0,,,,,,,,0.0276,,41.311922,-105.581147,2020,11,9,7
West,Knight Hall,2020-11-09T08:00:00,60.0,,,,,,,,0.0414,,41.311922,-105.581147,2020,11,9,8
West,Knight Hall,2020-11-09T09:00:00,60.0,,,,,,,,0.0414,,41.311922,-105.581147,2020,11,9,9
West,Knight Hall,2020-11-09T10:00:00,70.0,,,,,,,,0.048299999999999996,,41.311922,-105.581147,2020,11,9,10
West,Knight Hall,2020-11-09T11:00:00,70.0,,,,,,,,0.048299999999999996,,41.311922,-105.581147,2020,11,9,11
West,Knight Hall,2020-11-09T12:00:00,60.0,,,,,,,,0.0414,,41.311922,-105.581147,2020,11,9,12
West,Knight Hall,2020-11-09T13:00:00,70.0,,,,,,,,0.048299999999999996,,41.311922,-105.581147,2020,11,9,13
West,Knight Hall,2020-11-09T14:00:00,60.0,,,,,,,,0.0414,,41.311922,-105.581147,2020,11,9,14
West,Knight Hall,2020-11-09T15:00:00,70.0,,,,,,,,0.048299999999999996,,41.311922,-105.581147,2020,11,9,15
West,Knight Hall,2020-11-09T16:00:00,60.0,,,,,,,,0.0414,,41.311922,-105.581147,2020,11,9,16
West,Knight Hall,2020-11-09T17:00:00,50.0,,,,,,,,0.034499999999999996,,41.311922,-105.581147,2020,11,9,17
West,Knight Hall,2020-11-09T18:00:00,40.0,,,,,,,,0.0276,,41.311922,-105.581147,2020,11,9,18
West,Knight Hall,2020-11-09T19:00:00,40.0,,,,,,,,0.0276,,41.311922,-105.581147,2020,11,9,19
West,Knight Hall,2020-11-09T20:00:00,30.0,,,,,,,,0.0207,,41.311922,-105.581147,2020,11,9,20
West,Knight Hall,2020-11-09T21:00:00,30.0,,,,,,,,0.0207,,41.311922,-105.581147,2020,11,9,21
West,Knight Hall,2020-11-09T22:00:00,30.0,,,,,,,,0.0207,,41.311922,-105.581147,2020,11,9,22
West,Knight Hall,2020-11-09T23:00:00,30.0,,,,,,,,0.0207,,41.311922,-105.581147,2020,11,9,23
West,Knight Hall,2020-11-10T00:00:00,20.0,,,,,,,,0.0138,,41.311922,-105.581147,2020,11,10,0
West,Knight Hall,2020-11-10T01:00:00,30.0,,,,,,,,0.0207,,41.311922,-105.581147,2020,11,10,1
West,Knight Hall,2020-11-10T02:00:00,20.0,,,,,,,,0.0138,,41.311922,-105.581147,2020,11,10,2
West,Knight Hall,2020-11-10T03:00:00,30.0,,,,,,,,0.0207,,41.311922,-105.581147,2020,11,10,3
West,Knight Hall,2020-11-10T04:00:00,30.0,,,,,,,,0.0207,,41.311922,-105.581147,2020,11,10,4
West,Knight Hall,2020-11-10T05:00:00,30.0,,,,,,,,0.0207,,41.311922,-105.581147,2020,11,10,5
West,Knight Hall,2020-11-10T06:00:00,30.0,,,,,,,,0.0207,,41.311922,-105.581147,2020,11,10,6
West,Knight Hall,2020-11-10T07:00:00,40.0,,,,,,,,0.0276,,41.311922,-105.581147,2020,11,10,7
West,Knight Hall,2020-11-10T08:00:00,60.0,,,,,,,,0.0414,,41.311922,-105.581147,2020,11,10,8
West,Knight Hall,2020-11-10T09:00:00,60.0,,,,,,,,0.0414,,41.311922,-105.581147,2020,11,10,9
West,Knight Hall,2020-11-10T10:00:00,60.0,,,,,,,,0.0414,,41.311922,-105.581147,2020,11,10,10
West,Knight Hall,2020-11-10T11:00:00,60.0,,,,,,,,0.0414,,41.311922,-105.581147,2020,11,10,11
West,Knight Hall,2020-11-10T12:00:00,60.0,,,,,,,,0.0414,,41.311922,-105.581147,2020,11,10,12
West,Knight Hall,2020-11-10T13:00:00,70.0,,,,,,,,0.048299999999999996,,41.311922,-105.581147,2020,11,10,13
West,Knight Hall,2020-11-10T14:00:00,60.0,,,,,,,,0.0414,,41.311922,-105.581147,2020,11,10,14
West,Knight Hall,2020-11-10T15:00:00,60.0,,,,,,,,0.0414,,41.311922,-105.581147,2020,11,10,15
West,Knight Hall,2020-11-10T16:00:00,60.0,,,,,,,,0.0414,,41.311922,-105.581147,2020,11,10,16
West,Knight Hall,2020-11-10T17:00:00,40.0,,,,,,,,0.0276,,41.311922,-105.581147,2020,11,10,17
West,Knight Hall,2020-11-10T18:00:00,40.0,,,,,,,,0.0276,,41.311922,-105.581147,2020,11,10,18
West,Knight Hall,2020-11-10T19:00:00,30.0,,,,,,,,0.0207,,41.311922,-105.581147,2020,11,10,19
West,Knight Hall,2020-11-10T20:00:00,40.0,,,,,,,,0.0276,,41.311922,-105.581147,2020,11,10,20
West,Knight Hall,2020-11-10T21:00:00,30.0,,,,,,,,0.0207,,41.311922,-105.581147,2020,11,10,21
West,Knight Hall,2020-11-10T22:00:00,30.0,,,,,,,,0.0207,,41.311922,-105.581147,2020,11,10,22
West,Knight Hall,2020-11-10T23:00:00,20.0,,,,,,,,0.0138,,41.311922,-105.581147,2020,11,10,23
West,Knight Hall,2020-11-11T00:00:00,30.0,,,,,,,,0.0207,,41.311922,-105.581147,2020,11,11,0
West,Knight Hall,2020-11-11T01:00:00,30.0,,,,,,,,0.0207,,41.311922,-105.581147,2020,11,11,1
West,Knight Hall,2020-11-11T02:00:00,20.0,,,,,,,,0.0138,,41.311922,-105.581147,2020,11,11,2
West,Knight Hall,2020-11-11T03:00:00,30.0,,,,,,,,0.0207,,41.311922,-105.581147,2020,11,11,3
West,Knight Hall,2020-11-11T04:00:00,20.0,,,,,,,,0.0138,,41.311922,-105.581147,2020,11,11,4
West,Knight Hall,2020-11-11T05:00:00,30.0,,,,,,,,0.0207,,41.311922,-105.581147,2020,11,11,5
West,Knight Hall,2020-11-11T06:00:00,40.0,,,,,,,,0.0276,,41.311922,-105.581147,2020,11,11,6
West,Knight Hall,2020-11-11T07:00:00,40.0,,,,,,,,0.0276,,41.311922,-105.581147,2020,11,11,7
West,Knight Hall,2020-11-11T08:00:00,60.0,,,,,,,,0.0414,,41.311922,-105.581147,2020,11,11,8
West,Knight Hall,2020-11-11T09:00:00,60.0,,,,,,,,0.0414,,41.311922,-105.581147,2020,11,11,9
West,Knight Hall,2020-11-11T10:00:00,70.0,,,,,,,,0.048299999999999996,,41.311922,-105.581147,2020,11,11,10
West,Knight Hall,2020-11-11T11:00:00,70.0,,,,,,,,0.048299999999999996,,41.311922,-105.581147,2020,11,11,11
West,Knight Hall,2020-11-11T12:00:00,60.0,,,,,,,,0.0414,,41.311922,-105.581147,2020,11,11,12
West,Knight Hall,2020-11-11T13:00:00,60.0,,,,,,,,0.0414,,41.311922,-105.581147,2020,11,11,13
West,Knight Hall,2020-11-11T14:00:00,70.0,,,,,,,,0.048299999999999996,,41.311922,-105.581147,2020,11,11,14
West,Knight Hall,2020-11-11T15:00:00,60.0,,,,,,,,0.0414,,41.311922,-105.581147,2020,11,11,15
West,Knight Hall,2020-11-11T16:00:00,60.0,,,,,,,,0.0414,,41.311922,-105.581147,2020,11,11,16
West,Knight Hall,2020-11-11T17:00:00,50.0,,,,,,,,0.034499999999999996,,41.311922,-105.581147,2020,11,11,17
West,Knight Hall,2020-11-11T18:00:00,40.0,,,,,,,,0.0276,,41.311922,-105.581147,2020,11,11,18
West,Knight Hall,2020-11-11T19:00:00,30.0,,,,,,,,0.0207,,41.311922,-105.581147,2020,11,11,19
West,Knight Hall,2020-11-11T20:00:00,40.0,,,,,,,,0.0276,,41.311922,-105.581147,2020,11,11,20
West,Knight Hall,2020-11-11T21:00:00,30.0,,,,,,,,0.0207,,41.311922,-105.581147,2020,11,11,21
West,Knight Hall,2020-11-11T22:00:00,30.0,,,,,,,,0.0207,,41.311922,-105.581147,2020,11,11,22
West,Knight Hall,2020-11-11T23:00:00,30.0,,,,,,,,0.0207,,41.311922,-105.581147,2020,11,11,23
West,Knight Hall,2020-11-12T00:00:00,20.0,,,,,,,,0.0138,,41.311922,-105.581147,2020,11,12,0
West,Knight Hall,2020-11-12T01:00:00,30.0,,,,,,,,0.0207,,41.311922,-105.581147,2020,11,12,1
West,Knight Hall,2020-11-12T02:00:00,20.0,,,,,,,,0.0138,,41.311922,-105.581147,2020,11,12,2
West,Knight Hall,2020-11-12T03:00:00,30.0,,,,,,,,0.0207,,41.311922,-105.581147,2020,11,12,3
West,Knight Hall,2020-11-12T04:00:00,20.0,,,,,,,,0.0138,,41.311922,-105.581147,2020,11,12,4
West,Knight Hall,2020-11-12T05:00:00,30.0,,,,,,,,0.0207,,41.311922,-105.581147,2020,11,12,5
West,Knight Hall,2020-11-12T06:00:00,30.0,,,,,,,,0.0207,,41.311922,-105.581147,2020,11,12,6
West,Knight Hall,2020-11-12T07:00:00,40.0,,,,,,,,0.0276,,41.311922,-105.581147,2020,11,12,7
West,Knight Hall,2020-11-12T08:00:00,60.0,,,,,,,,0.0414,,41.311922,-105.581147,2020,11,12,8
West,Knight Hall,2020-11-12T09:00:00,50.0,,,,,,,,0.034499999999999996,,41.311922,-105.581147,2020,11,12,9
West,Knight Hall,2020-11-12T10:00:00,60.0,,,,,,,,0.0414,,41.311922,-105.581147,2020,11,12,10
West,Knight Hall,2020-11-12T11:00:00,60.0,,,,,,,,0.0414,,41.311922,-105.581147,2020,11,12,11
West,Knight Hall,2020-11-12T12:00:00,60.0,,,,,,,,0.0414,,41.311922,-105.581147,2020,11,12,12
West,Knight Hall,2020-11-12T13:00:00,60.0,,,,,,,,0.0414,,41.311922,-105.581147,2020,11,12,13
West,Knight Hall,2020-11-12T14:00:00,60.0,,,,,,,,0.0414,,41.311922,-105.581147,2020,11,12,14
West,Knight Hall,2020-11-12T15:00:00,60.0,,,,,,,,0.0414,,41.311922,-105.581147,2020,11,12,15
West,Knight Hall,2020-11-12T16:00:00,60.0,,,,,,,,0.0414,,41.311922,-105.581147,2020,11,12,16
West,Knight Hall,2020-11-12T17:00:00,50.0,,,,,,,,0.034499999999999996,,41.311922,-105.581147,2020,11,12,17
West,Knight Hall,2020-11-12T18:00:00,30.0,,,,,,,,0.0207,,41.311922,-105.581147,2020,11,12,18
West,Knight Hall,2020-11-12T19:00:00,40.0,,,,,,,,0.0276,,41.311922,-105.581147,2020,11,12,19
West,Knight Hall,2020-11-12T20:00:00,30.0,,,,,,,,0.0207,,41.311922,-105.581147,2020,11,12,20
West,Knight Hall,2020-11-12T21:00:00,30.0,,,,,,,,0.0207,,41.311922,-105.581147,2020,11,12,21
West,Knight Hall,2020-11-12T22:00:00,30.0,,,,,,,,0.0207,,41.311922,-105.581147,2020,11,12,22
West,Knight Hall,2020-11-12T23:00:00,20.0,,,,,,,,0.0138,,41.311922,-105.581147,2020,11,12,23
West,Knight Hall,2020-11-13T00:00:00,30.0,,,,,,,,0.0207,,41.311922,-105.581147,2020,11,13,0
West,Knight Hall,2020-11-13T01:00:00,20.0,,,,,,,,0.0138,,41.311922,-105.581147,2020,11,13,1
West,Knight Hall,2020-11-13T02:00:00,30.0,,,,,,,,0.0207,,41.311922,-105.581147,2020,11,13,2
West,Knight Hall,2020-11-13T03:00:00,20.0,,,,,,,,0.0138,,41.311922,-105.581147,2020,11,13,3
West,Knight Hall,2020-11-13T04:00:00,30.0,,,,,,,,0.0207,,41.311922,-105.581147,2020,11,13,4
West,Knight Hall,2020-11-13T05:00:00,30.0,,,,,,,,0.0207,,41.311922,-105.581147,2020,11,13,5
West,Knight Hall,2020-11-13T06:00:00,30.0,,,,,,,,0.0207,,41.311922,-105.581147,2020,11,13,6
West,Knight Hall,2020-11-13T07:00:00,40.0,,,,,,,,0.0276,,41.311922,-105.581147,2020,11,13,7
West,Knight Hall,2020-11-13T08:00:00,50.0,,,,,,,,0.034499999999999996,,41.311922,-105.581147,2020,11,13,8
West,Knight Hall,2020-11-13T09:00:00,60.0,,,,,,,,0.0414,,41.311922,-105.581147,2020,11,13,9
West,Knight Hall,2020-11-13T10:00:00,60.0,,,,,,,,0.0414,,41.311922,-105.581147,2020,11,13,10
West,Knight Hall,2020-11-13T11:00:00,70.0,,,,,,,,0.048299999999999996,,41.311922,-105.581147,2020,11,13,11
West,Knight Hall,2020-11-13T12:00:00,60.0,,,,,,,,0.0414,,41.311922,-105.581147,2020,11,13,12
West,Knight Hall,2020-11-13T13:00:00,50.0,,,,,,,,0.034499999999999996,,41.311922,-105.581147,2020,11,13,13
West,Knight Hall,2020-11-13T14:00:00,60.0,,,,,,,,0.0414,,41.311922,-105.581147,2020,11,13,14
West,Knight Hall,2020-11-13T15:00:00,60.0,,,,,,,,0.0414,,41.311922,-105.581147,2020,11,13,15
West,Knight Hall,2020-11-13T16:00:00,50.0,,,,,,,,0.034499999999999996,,41.311922,-105.581147,2020,11,13,16
West,Knight Hall,2020-11-13T17:00:00,40.0,,,,,,,,0.0276,,41.311922,-105.581147,2020,11,13,17
West,Knight Hall,2020-11-13T18:00:00,30.0,,,,,,,,0.0207,,41.311922,-105.581147,2020,11,13,18
West,Knight Hall,2020-11-13T19:00:00,40.0,,,,,,,,0.0276,,41.311922,-105.581147,2020,11,13,19
West,Knight Hall,2020-11-13T20:00:00,30.0,,,,,,,,0.0207,,41.311922,-105.581147,2020,11,13,20
West,Knight Hall,2020-11-13T21:00:00,30.0,,,,,,,,0.0207,,41.311922,-105.581147,2020,11,13,21
West,Knight Hall,2020-11-13T22:00:00,20.0,,,,,,,,0.0138,,41.311922,-105.581147,2020,11,13,22
West,Knight Hall,2020-11-13T23:00:00,30.0,,,,,,,,0.0207,,41.311922,-105.581147,2020,11,13,23
West,Knight Hall,2020-11-14T00:00:00,20.0,,,,,,,,0.0138,,41.311922,-105.581147,2020,11,14,0
West,Knight Hall,2020-11-14T01:00:00,30.0,,,,,,,,0.0207,,41.311922,-105.581147,2020,11,14,1
West,Knight Hall,2020-11-14T02:00:00,20.0,,,,,,,,0.0138,,41.311922,-105.581147,2020,11,14,2
West,Knight Hall,2020-11-14T03:00:00,30.0,,,,,,,,0.0207,,41.311922,-105.581147,2020,11,14,3
West,Knight Hall,2020-11-14T04:00:00,30.0,,,,,,,,0.0207,,41.311922,-105.581147,2020,11,14,4
West,Knight Hall,2020-11-14T05:00:00,20.0,,,,,,,,0.0138,,41.311922,-105.581147,2020,11,14,5
West,Knight Hall,2020-11-14T06:00:00,30.0,,,,,,,,0.0207,,41.311922,-105.581147,2020,11,14,6
West,Knight Hall,2020-11-14T07:00:00,30.0,,,,,,,,0.0207,,41.311922,-105.581147,2020,11,14,7
West,Knight Hall,2020-11-14T08:00:00,30.0,,,,,,,,0.0207,,41.311922,-105.581147,2020,11,14,8
West,Knight Hall,2020-11-14T09:00:00,20.0,,,,,,,,0.0138,,41.311922,-105.581147,2020,11,14,9
West,Knight Hall,2020-11-14T10:00:00,30.0,,,,,,,,0.0207,,41.311922,-105.581147,2020,11,14,10
West,Knight Hall,2020-11-14T11:00:00,40.0,,,,,,,,0.0276,,41.311922,-105.581147,2020,11,14,11
West,Knight Hall,2020-11-14T12:00:00,30.0,,,,,,,,0.0207,,41.311922,-105.581147,2020,11,14,12
West,Knight Hall,2020-11-14T13:00:00,30.0,,,,,,,,0.0207,,41.311922,-105.581147,2020,11,14,13
West,Knight Hall,2020-11-14T14:00:00,40.0,,,,,,,,0.0276,,41.311922,-105.581147,2020,11,14,14
West,Knight Hall,2020-11-14T15:00:00,30.0,,,,,,,,0.0207,,41.311922,-105.581147,2020,11,14,15
West,Knight Hall,2020-11-14T16:00:00,30.0,,,,,,,,0.0207,,41.311922,-105.581147,2020,11,14,16
West,Knight Hall,2020-11-14T17:00:00,20.0,,,,,,,,0.0138,,41.311922,-105.581147,2020,11,14,17
West,Knight Hall,2020-11-14T18:00:00,30.0,,,,,,,,0.0207,,41.311922,-105.581147,2020,11,14,18
West,Knight Hall,2020-11-14T19:00:00,20.0,,,,,,,,0.0138,,41.311922,-105.581147,2020,11,14,19
West,Knight Hall,2020-11-14T20:00:00,30.0,,,,,,,,0.0207,,41.311922,-105.581147,2020,11,14,20
West,Knight Hall,2020-11-14T21:00:00,30.0,,,,,,,,0.0207,,41.311922,-105.581147,2020,11,14,21
West,Knight Hall,2020-11-14T22:00:00,20.0,,,,,,,,0.0138,,41.311922,-105.581147,2020,11,14,22
West,Knight Hall,2020-11-14T23:00:00,30.0,,,,,,,,0.0207,,41.311922,-105.581147,2020,11,14,23
West,Knight Hall,2020-11-15T00:00:00,20.0,,,,,,,,0.0138,,41.311922,-105.581147,2020,11,15,0
West,Knight Hall,2020-11-15T01:00:00,30.0,,,,,,,,0.0207,,41.311922,-105.581147,2020,11,15,1
West,Knight Hall,2020-11-15T02:00:00,20.0,,,,,,,,0.0138,,41.311922,-105.581147,2020,11,15,2
West,Knight Hall,2020-11-15T03:00:00,30.0,,,,,,,,0.0207,,41.311922,-105.581147,2020,11,15,3
West,Knight Hall,2020-11-15T04:00:00,30.0,,,,,,,,0.0207,,41.311922,-105.581147,2020,11,15,4
West,Knight Hall,2020-11-15T05:00:00,20.0,,,,,,,,0.0138,,41.311922,-105.581147,2020,11,15,5
West,Knight Hall,2020-11-15T06:00:00,30.0,,,,,,,,0.0207,,41.311922,-105.581147,2020,11,15,6
West,Knight Hall,2020-11-15T07:00:00,20.0,,,,,,,,0.0138,,41.311922,-105.581147,2020,11,15,7
West,Knight Hall,2020-11-15T08:00:00,30.0,,,,,,,,0.0207,,41.311922,-105.581147,2020,11,15,8
West,Knight Hall,2020-11-15T09:00:00,40.0,,,,,,,,0.0276,,41.311922,-105.581147,2020,11,15,9
West,Knight Hall,2020-11-15T10:00:00,30.0,,,,,,,,0.0207,,41.311922,-105.581147,2020,11,15,10
West,Knight Hall,2020-11-15T11:00:00,30.0,,,,,,,,0.0207,,41.311922,-105.581147,2020,11,15,11
West,Knight Hall,2020-11-15T12:00:00,30.0,,,,,,,,0.0207,,41.311922,-105.581147,2020,11,15,12
West,Knight Hall,2020-11-15T13:00:00,30.0,,,,,,,,0.0207,,41.311922,-105.581147,2020,11,15,13
West,Knight Hall,2020-11-15T14:00:00,30.0,,,,,,,,0.0207,,41.311922,-105.581147,2020,11,15,14
West,Knight Hall,2020-11-15T15:00:00,30.0,,,,,,,,0.0207,,41.311922,-105.581147,2020,11,15,15
West,Knight Hall,2020-11-15T16:00:00,30.0,,,,,,,,0.0207,,41.311922,-105.581147,2020,11,15,16
West,Knight Hall,2020-11-15T17:00:00,20.0,,,,,,,,0.0138,,41.311922,-105.581147,2020,11,15,17
West,Knight Hall,2020-11-15T18:00:00,30.0,,,,,,,,0.0207,,41.311922,-105.581147,2020,11,15,18
West,Knight Hall,2020-11-15T19:00:00,30.0,,,,,,,,0.0207,,41.311922,-105.581147,2020,11,15,19
West,Knight Hall,2020-11-15T20:00:00,20.0,,,,,,,,0.0138,,41.311922,-105.581147,2020,11,15,20
West,Knight Hall,2020-11-15T21:00:00,30.0,,,,,,,,0.0207,,41.311922,-105.581147,2020,11,15,21
West,Knight Hall,2020-11-15T22:00:00,30.0,,,,,,,,0.0207,,41.311922,-105.581147,2020,11,15,22
West,Knight Hall,2020-11-15T23:00:00,20.0,,,,,,,,0.0138,,41.311922,-105.581147,2020,11,15,23
West,Knight Hall,2020-11-16T00:00:00,30.0,,,,,,,,0.0207,,41.311922,-105.581147,2020,11,16,0
West,Knight Hall,2020-11-16T01:00:00,30.0,,,,,,,,0.0207,,41.311922,-105.581147,2020,11,16,1
West,Knight Hall,2020-11-16T02:00:00,30.0,,,,,,,,0.0207,,41.311922,-105.581147,2020,11,16,2
West,Knight Hall,2020-11-16T03:00:00,20.0,,,,,,,,0.0138,,41.311922,-105.581147,2020,11,16,3
West,Knight Hall,2020-11-16T04:00:00,30.0,,,,,,,,0.0207,,41.311922,-105.581147,2020,11,16,4
West,Knight Hall,2020-11-16T05:00:00,30.0,,,,,,,,0.0207,,41.311922,-105.581147,2020,11,16,5
West,Knight Hall,2020-11-16T06:00:00,40.0,,,,,,,,0.0276,,41.311922,-105.581147,2020,11,16,6
West,Knight Hall,2020-11-16T07:00:00,30.0,,,,,,,,0.0207,,41.311922,-105.581147,2020,11,16,7
West,Knight Hall,2020-11-16T08:00:00,60.0,,,,,,,,0.0414,,41.311922,-105.581147,2020,11,16,8
West,Knight Hall,2020-11-16T09:00:00,60.0,,,,,,,,0.0414,,41.311922,-105.581147,2020,11,16,9
West,Knight Hall,2020-11-16T10:00:00,60.0,,,,,,,,0.0414,,41.311922,-105.581147,2020,11,16,10
West,Knight Hall,2020-11-16T11:00:00,60.0,,,,,,,,0.0414,,41.311922,-105.581147,2020,11,16,11
West,Knight Hall,2020-11-16T12:00:00,70.0,,,,,,,,0.048299999999999996,,41.311922,-105.581147,2020,11,16,12
West,Knight Hall,2020-11-16T13:00:00,60.0,,,,,,,,0.0414,,41.311922,-105.581147,2020,11,16,13
West,Knight Hall,2020-11-16T14:00:00,60.0,,,,,,,,0.0414,,41.311922,-105.581147,2020,11,16,14
West,Knight Hall,2020-11-16T15:00:00,70.0,,,,,,,,0.048299999999999996,,41.311922,-105.581147,2020,11,16,15
West,Knight Hall,2020-11-16T16:00:00,60.0,,,,,,,,0.0414,,41.311922,-105.581147,2020,11,16,16
West,Knight Hall,2020-11-16T17:00:00,40.0,,,,,,,,0.0276,,41.311922,-105.581147,2020,11,16,17
West,Knight Hall,2020-11-16T18:00:00,40.0,,,,,,,,0.0276,,41.311922,-105.581147,2020,11,16,18
West,Knight Hall,2020-11-16T19:00:00,40.0,,,,,,,,0.0276,,41.311922,-105.581147,2020,11,16,19
West,Knight Hall,2020-11-16T20:00:00,30.0,,,,,,,,0.0207,,41.311922,-105.581147,2020,11,16,20
West,Knight Hall,2020-11-16T21:00:00,40.0,,,,,,,,0.0276,,41.311922,-105.581147,2020,11,16,21
West,Knight Hall,2020-11-16T22:00:00,30.0,,,,,,,,0.0207,,41.311922,-105.581147,2020,11,16,22
West,Knight Hall,2020-11-16T23:00:00,20.0,,,,,,,,0.0138,,41.311922,-105.581147,2020,11,16,23
West,Knight Hall,2020-11-17T00:00:00,30.0,,,,,,,,0.0207,,41.311922,-105.581147,2020,11,17,0
West,Knight Hall,2020-11-17T01:00:00,30.0,,,,,,,,0.0207,,41.311922,-105.581147,2020,11,17,1
West,Knight Hall,2020-11-17T02:00:00,20.0,,,,,,,,0.0138,,41.311922,-105.581147,2020,11,17,2
West,Knight Hall,2020-11-17T03:00:00,30.0,,,,,,,,0.0207,,41.311922,-105.581147,2020,11,17,3
West,Knight Hall,2020-11-17T04:00:00,20.0,,,,,,,,0.0138,,41.311922,-105.581147,2020,11,17,4
West,Knight Hall,2020-11-17T05:00:00,30.0,,,,,,,,0.0207,,41.311922,-105.581147,2020,11,17,5
West,Knight Hall,2020-11-17T06:00:00,30.0,,,,,,,,0.0207,,41.311922,-105.581147,2020,11,17,6
West,Knight Hall,2020-11-17T07:00:00,40.0,,,,,,,,0.0276,,41.311922,-105.581147,2020,11,17,7
West,Knight Hall,2020-11-17T08:00:00,50.0,,,,,,,,0.034499999999999996,,41.311922,-105.581147,2020,11,17,8
West,Knight Hall,2020-11-17T09:00:00,60.0,,,,,,,,0.0414,,41.311922,-105.581147,2020,11,17,9
West,Knight Hall,2020-11-17T10:00:00,70.0,,,,,,,,0.048299999999999996,,41.311922,-105.581147,2020,11,17,10
West,Knight Hall,2020-11-17T11:00:00,60.0,,,,,,,,0.0414,,41.311922,-105.581147,2020,11,17,11
West,Knight Hall,2020-11-17T12:00:00,70.0,,,,,,,,0.048299999999999996,,41.311922,-105.581147,2020,11,17,12
West,Knight Hall,2020-11-17T13:00:00,60.0,,,,,,,,0.0414,,41.311922,-105.581147,2020,11,17,13
West,Knight Hall,2020-11-17T14:00:00,60.0,,,,,,,,0.0414,,41.311922,-105.581147,2020,11,17,14
West,Knight Hall,2020-11-17T15:00:00,60.0,,,,,,,,0.0414,,41.311922,-105.581147,2020,11,17,15
West,Knight Hall,2020-11-17T16:00:00,60.0,,,,,,,,0.0414,,41.311922,-105.581147,2020,11,17,16
West,Knight Hall,2020-11-17T17:00:00,50.0,,,,,,,,0.034499999999999996,,41.311922,-105.581147,2020,11,17,17
West,Knight Hall,2020-11-17T18:00:00,40.0,,,,,,,,0.0276,,41.311922,-105.581147,2020,11,17,18
West,Knight Hall,2020-11-17T19:00:00,30.0,,,,,,,,0.0207,,41.311922,-105.581147,2020,11,17,19
West,Knight Hall,2020-11-17T20:00:00,30.0,,,,,,,,0.0207,,41.311922,-105.581147,2020,11,17,20
West,Knight Hall,2020-11-17T21:00:00,30.0,,,,,,,,0.0207,,41.311922,-105.581147,2020,11,17,21
West,Knight Hall,2020-11-17T22:00:00,30.0,,,,,,,,0.0207,,41.311922,-105.581147,2020,11,17,22
West,Knight Hall,2020-11-17T23:00:00,30.0,,,,,,,,0.0207,,41.311922,-105.581147,2020,11,17,23
West,Knight Hall,2020-11-18T00:00:00,30.0,,,,,,,,0.0207,,41.311922,-105.581147,2020,11,18,0
West,Knight Hall,2020-11-18T01:00:00,20.0,,,,,,,,0.0138,,41.311922,-105.581147,2020,11,18,1
West,Knight Hall,2020-11-18T02:00:00,30.0,,,,,,,,0.0207,,41.311922,-105.581147,2020,11,18,2
West,Knight Hall,2020-11-18T03:00:00,20.0,,,,,,,,0.0138,,41.311922,-105.581147,2020,11,18,3
West,Knight Hall,2020-11-18T04:00:00,30.0,,,,,,,,0.0207,,41.311922,-105.581147,2020,11,18,4
West,Knight Hall,2020-11-18T05:00:00,30.0,,,,,,,,0.0207,,41.311922,-105.581147,2020,11,18,5
West,Knight Hall,2020-11-18T06:00:00,30.0,,,,,,,,0.0207,,41.311922,-105.581147,2020,11,18,6
West,Knight Hall,2020-11-18T07:00:00,40.0,,,,,,,,0.0276,,41.311922,-105.581147,2020,11,18,7
West,Knight Hall,2020-11-18T08:00:00,60.0,,,,,,,,0.0414,,41.311922,-105.581147,2020,11,18,8
West,Knight Hall,2020-11-18T09:00:00,70.0,,,,,,,,0.048299999999999996,,41.311922,-105.581147,2020,11,18,9
West,Knight Hall,2020-11-18T10:00:00,60.0,,,,,,,,0.0414,,41.311922,-105.581147,2020,11,18,10
West,Knight Hall,2020-11-18T11:00:00,60.0,,,,,,,,0.0414,,41.311922,-105.581147,2020,11,18,11
West,Knight Hall,2020-11-18T12:00:00,70.0,,,,,,,,0.048299999999999996,,41.311922,-105.581147,2020,11,18,12
West,Knight Hall,2020-11-18T13:00:00,60.0,,,,,,,,0.0414,,41.311922,-105.581147,2020,11,18,13
West,Knight Hall,2020-11-18T14:00:00,70.0,,,,,,,,0.048299999999999996,,41.311922,-105.581147,2020,11,18,14
West,Knight Hall,2020-11-18T15:00:00,60.0,,,,,,,,0.0414,,41.311922,-105.581147,2020,11,18,15
West,Knight Hall,2020-11-18T16:00:00,50.0,,,,,,,,0.034499999999999996,,41.311922,-105.581147,2020,11,18,16
West,Knight Hall,2020-11-18T17:00:00,50.0,,,,,,,,0.034499999999999996,,41.311922,-105.581147,2020,11,18,17
West,Knight Hall,2020-11-18T18:00:00,40.0,,,,,,,,0.0276,,41.311922,-105.581147,2020,11,18,18
West,Knight Hall,2020-11-18T19:00:00,40.0,,,,,,,,0.0276,,41.311922,-105.581147,2020,11,18,19
West,Knight Hall,2020-11-18T20:00:00,30.0,,,,,,,,0.0207,,41.311922,-105.581147,2020,11,18,20
West,Knight Hall,2020-11-18T21:00:00,30.0,,,,,,,,0.0207,,41.311922,-105.581147,2020,11,18,21
West,Knight Hall,2020-11-18T22:00:00,30.0,,,,,,,,0.0207,,41.311922,-105.581147,2020,11,18,22
West,Knight Hall,2020-11-18T23:00:00,30.0,,,,,,,,0.0207,,41.311922,-105.581147,2020,11,18,23
West,Knight Hall,2020-11-19T00:00:00,30.0,,,,,,,,0.0207,,41.311922,-105.581147,2020,11,19,0
West,Knight Hall,2020-11-19T01:00:00,20.0,,,,,,,,0.0138,,41.311922,-105.581147,2020,11,19,1
West,Knight Hall,2020-11-19T02:00:00,30.0,,,,,,,,0.0207,,41.311922,-105.581147,2020,11,19,2
West,Knight Hall,2020-11-19T03:00:00,20.0,,,,,,,,0.0138,,41.311922,-105.581147,2020,11,19,3
West,Knight Hall,2020-11-19T04:00:00,30.0,,,,,,,,0.0207,,41.311922,-105.581147,2020,11,19,4
West,Knight Hall,2020-11-19T05:00:00,30.0,,,,,,,,0.0207,,41.311922,-105.581147,2020,11,19,5
West,Knight Hall,2020-11-19T06:00:00,30.0,,,,,,,,0.0207,,41.311922,-105.581147,2020,11,19,6
West,Knight Hall,2020-11-19T07:00:00,40.0,,,,,,,,0.0276,,41.311922,-105.581147,2020,11,19,7
West,Knight Hall,2020-11-19T08:00:00,60.0,,,,,,,,0.0414,,41.311922,-105.581147,2020,11,19,8
West,Knight Hall,2020-11-19T09:00:00,60.0,,,,,,,,0.0414,,41.311922,-105.581147,2020,11,19,9
West,Knight Hall,2020-11-19T10:00:00,60.0,,,,,,,,0.0414,,41.311922,-105.581147,2020,11,19,10
West,Knight Hall,2020-11-19T11:00:00,70.0,,,,,,,,0.048299999999999996,,41.311922,-105.581147,2020,11,19,11
West,Knight Hall,2020-11-19T12:00:00,60.0,,,,,,,,0.0414,,41.311922,-105.581147,2020,11,19,12
West,Knight Hall,2020-11-19T13:00:00,60.0,,,,,,,,0.0414,,41.311922,-105.581147,2020,11,19,13
West,Knight Hall,2020-11-19T14:00:00,70.0,,,,,,,,0.048299999999999996,,41.311922,-105.581147,2020,11,19,14
West,Knight Hall,2020-11-19T15:00:00,60.0,,,,,,,,0.0414,,41.311922,-105.581147,2020,11,19,15
West,Knight Hall,2020-11-19T16:00:00,60.0,,,,,,,,0.0414,,41.311922,-105.581147,2020,11,19,16
West,Knight Hall,2020-11-19T17:00:00,40.0,,,,,,,,0.0276,,41.311922,-105.581147,2020,11,19,17
West,Knight Hall,2020-11-19T18:00:00,40.0,,,,,,,,0.0276,,41.311922,-105.581147,2020,11,19,18
West,Knight Hall,2020-11-19T19:00:00,40.0,,,,,,,,0.0276,,41.311922,-105.581147,2020,11,19,19
West,Knight Hall,2020-11-19T20:00:00,30.0,,,,,,,,0.0207,,41.311922,-105.581147,2020,11,19,20
West,Knight Hall,2020-11-19T21:00:00,30.0,,,,,,,,0.0207,,41.311922,-105.581147,2020,11,19,21
West,Knight Hall,2020-11-19T22:00:00,20.0,,,,,,,,0.0138,,41.311922,-105.581147,2020,11,19,22
West,Knight Hall,2020-11-19T23:00:00,30.0,,,,,,,,0.0207,,41.311922,-105.581147,2020,11,19,23
West,Knight Hall,2020-11-20T00:00:00,30.0,,,,,,,,0.0207,,41.311922,-105.581147,2020,11,20,0
West,Knight Hall,2020-11-20T01:00:00,20.0,,,,,,,,0.0138,,41.311922,-105.581147,2020,11,20,1
West,Knight Hall,2020-11-20T02:00:00,30.0,,,,,,,,0.0207,,41.311922,-105.581147,2020,11,20,2
West,Knight Hall,2020-11-20T03:00:00,20.0,,,,,,,,0.0138,,41.311922,-105.581147,2020,11,20,3
West,Knight Hall,2020-11-20T04:00:00,30.0,,,,,,,,0.0207,,41.311922,-105.581147,2020,11,20,4
West,Knight Hall,2020-11-20T05:00:00,30.0,,,,,,,,0.0207,,41.311922,-105.581147,2020,11,20,5
West,Knight Hall,2020-11-20T06:00:00,30.0,,,,,,,,0.0207,,41.311922,-105.581147,2020,11,20,6
West,Knight Hall,2020-11-20T07:00:00,40.0,,,,,,,,0.0276,,41.311922,-105.581147,2020,11,20,7
West,Knight Hall,2020-11-20T08:00:00,50.0,,,,,,,,0.034499999999999996,,41.311922,-105.581147,2020,11,20,8
West,Knight Hall,2020-11-20T09:00:00,60.0,,,,,,,,0.0414,,41.311922,-105.581147,2020,11,20,9
West,Knight Hall,2020-11-20T10:00:00,60.0,,,,,,,,0.0414,,41.311922,-105.581147,2020,11,20,10
West,Knight Hall,2020-11-20T11:00:00,60.0,,,,,,,,0.0414,,41.311922,-105.581147,2020,11,20,11
West,Knight Hall,2020-11-20T12:00:00,60.0,,,,,,,,0.0414,,41.311922,-105.581147,2020,11,20,12
West,Knight Hall,2020-11-20T13:00:00,60.0,,,,,,,,0.0414,,41.311922,-105.581147,2020,11,20,13
West,Knight Hall,2020-11-20T14:00:00,60.0,,,,,,,,0.0414,,41.311922,-105.581147,2020,11,20,14
West,Knight Hall,2020-11-20T15:00:00,60.0,,,,,,,,0.0414,,41.311922,-105.581147,2020,11,20,15
West,Knight Hall,2020-11-20T16:00:00,50.0,,,,,,,,0.034499999999999996,,41.311922,-105.581147,2020,11,20,16
West,Knight Hall,2020-11-20T17:00:00,50.0,,,,,,,,0.034499999999999996,,41.311922,-105.581147,2020,11,20,17
West,Knight Hall,2020-11-20T18:00:00,40.0,,,,,,,,0.0276,,41.311922,-105.581147,2020,11,20,18
West,Knight Hall,2020-11-20T19:00:00,30.0,,,,,,,,0.0207,,41.311922,-105.581147,2020,11,20,19
West,Knight Hall,2020-11-20T20:00:00,30.0,,,,,,,,0.0207,,41.311922,-105.581147,2020,11,20,20
West,Knight Hall,2020-11-20T21:00:00,30.0,,,,,,,,0.0207,,41.311922,-105.581147,2020,11,20,21
West,Knight Hall,2020-11-20T22:00:00,30.0,,,,,,,,0.0207,,41.311922,-105.581147,2020,11,20,22
West,Knight Hall,2020-11-20T23:00:00,20.0,,,,,,,,0.0138,,41.311922,-105.581147,2020,11,20,23
West,Knight Hall,2020-11-21T00:00:00,30.0,,,,,,,,0.0207,,41.311922,-105.581147,2020,11,21,0
West,Knight Hall,2020-11-21T01:00:00,20.0,,,,,,,,0.0138,,41.311922,-105.581147,2020,11,21,1
West,Knight Hall,2020-11-21T02:00:00,30.0,,,,,,,,0.0207,,41.311922,-105.581147,2020,11,21,2
West,Knight Hall,2020-11-21T03:00:00,20.0,,,,,,,,0.0138,,41.311922,-105.581147,2020,11,21,3
West,Knight Hall,2020-11-21T04:00:00,30.0,,,,,,,,0.0207,,41.311922,-105.581147,2020,11,21,4
West,Knight Hall,2020-11-21T05:00:00,20.0,,,,,,,,0.0138,,41.311922,-105.581147,2020,11,21,5
West,Knight Hall,2020-11-21T06:00:00,30.0,,,,,,,,0.0207,,41.311922,-105.581147,2020,11,21,6
West,Knight Hall,2020-11-21T07:00:00,30.0,,,,,,,,0.0207,,41.311922,-105.581147,2020,11,21,7
West,Knight Hall,2020-11-21T08:00:00,30.0,,,,,,,,0.0207,,41.311922,-105.581147,2020,11,21,8
West,Knight Hall,2020-11-21T09:00:00,30.0,,,,,,,,0.0207,,41.311922,-105.581147,2020,11,21,9
West,Knight Hall,2020-11-21T10:00:00,30.0,,,,,,,,0.0207,,41.311922,-105.581147,2020,11,21,10
West,Knight Hall,2020-11-21T11:00:00,40.0,,,,,,,,0.0276,,41.311922,-105.581147,2020,11,21,11
West,Knight Hall,2020-11-21T12:00:00,30.0,,,,,,,,0.0207,,41.311922,-105.581147,2020,11,21,12
West,Knight Hall,2020-11-21T13:00:00,30.0,,,,,,,,0.0207,,41.311922,-105.581147,2020,11,21,13
West,Knight Hall,2020-11-21T14:00:00,30.0,,,,,,,,0.0207,,41.311922,-105.581147,2020,11,21,14
West,Knight Hall,2020-11-21T15:00:00,20.0,,,,,,,,0.0138,,41.311922,-105.581147,2020,11,21,15
West,Knight Hall,2020-11-21T16:00:00,30.0,,,,,,,,0.0207,,41.311922,-105.581147,2020,11,21,16
West,Knight Hall,2020-11-21T17:00:00,30.0,,,,,,,,0.0207,,41.311922,-105.581147,2020,11,21,17
West,Knight Hall,2020-11-21T18:00:00,20.0,,,,,,,,0.0138,,41.311922,-105.581147,2020,11,21,18
West,Knight Hall,2020-11-21T19:00:00,30.0,,,,,,,,0.0207,,41.311922,-105.581147,2020,11,21,19
West,Knight Hall,2020-11-21T20:00:00,20.0,,,,,,,,0.0138,,41.311922,-105.581147,2020,11,21,20
West,Knight Hall,2020-11-21T21:00:00,30.0,,,,,,,,0.0207,,41.311922,-105.581147,2020,11,21,21
West,Knight Hall,2020-11-21T22:00:00,30.0,,,,,,,,0.0207,,41.311922,-105.581147,2020,11,21,22
West,Knight Hall,2020-11-21T23:00:00,20.0,,,,,,,,0.0138,,41.311922,-105.581147,2020,11,21,23
West,Knight Hall,2020-11-22T00:00:00,30.0,,,,,,,,0.0207,,41.311922,-105.581147,2020,11,22,0
West,Knight Hall,2020-11-22T01:00:00,20.0,,,,,,,,0.0138,,41.311922,-105.581147,2020,11,22,1
West,Knight Hall,2020-11-22T02:00:00,30.0,,,,,,,,0.0207,,41.311922,-105.581147,2020,11,22,2
West,Knight Hall,2020-11-22T03:00:00,30.0,,,,,,,,0.0207,,41.311922,-105.581147,2020,11,22,3
West,Knight Hall,2020-11-22T04:00:00,20.0,,,,,,,,0.0138,,41.311922,-105.581147,2020,11,22,4
West,Knight Hall,2020-11-22T05:00:00,30.0,,,,,,,,0.0207,,41.311922,-105.581147,2020,11,22,5
West,Knight Hall,2020-11-22T06:00:00,30.0,,,,,,,,0.0207,,41.311922,-105.581147,2020,11,22,6
West,Knight Hall,2020-11-22T07:00:00,20.0,,,,,,,,0.0138,,41.311922,-105.581147,2020,11,22,7
West,Knight Hall,2020-11-22T08:00:00,30.0,,,,,,,,0.0207,,41.311922,-105.581147,2020,11,22,8
West,Knight Hall,2020-11-22T09:00:00,30.0,,,,,,,,0.0207,,41.311922,-105.581147,2020,11,22,9
West,Knight Hall,2020-11-22T10:00:00,30.0,,,,,,,,0.0207,,41.311922,-105.581147,2020,11,22,10
West,Knight Hall,2020-11-22T11:00:00,30.0,,,,,,,,0.0207,,41.311922,-105.581147,2020,11,22,11
West,Knight Hall,2020-11-22T12:00:00,30.0,,,,,,,,0.0207,,41.311922,-105.581147,2020,11,22,12
West,Knight Hall,2020-11-22T13:00:00,30.0,,,,,,,,0.0207,,41.311922,-105.581147,2020,11,22,13
West,Knight Hall,2020-11-22T14:00:00,30.0,,,,,,,,0.0207,,41.311922,-105.581147,2020,11,22,14
West,Knight Hall,2020-11-22T15:00:00,30.0,,,,,,,,0.0207,,41.311922,-105.581147,2020,11,22,15
West,Knight Hall,2020-11-22T16:00:00,20.0,,,,,,,,0.0138,,41.311922,-105.581147,2020,11,22,16
West,Knight Hall,2020-11-22T17:00:00,30.0,,,,,,,,0.0207,,41.311922,-105.581147,2020,11,22,17
West,Knight Hall,2020-11-22T18:00:00,30.0,,,,,,,,0.0207,,41.311922,-105.581147,2020,11,22,18
West,Knight Hall,2020-11-22T19:00:00,20.0,,,,,,,,0.0138,,41.311922,-105.581147,2020,11,22,19
West,Knight Hall,2020-11-22T20:00:00,30.0,,,,,,,,0.0207,,41.311922,-105.581147,2020,11,22,20
West,Knight Hall,2020-11-22T21:00:00,30.0,,,,,,,,0.0207,,41.311922,-105.581147,2020,11,22,21
West,Knight Hall,2020-11-22T22:00:00,20.0,,,,,,,,0.0138,,41.311922,-105.581147,2020,11,22,22
West,Knight Hall,2020-11-22T23:00:00,30.0,,,,,,,,0.0207,,41.311922,-105.581147,2020,11,22,23
West,Knight Hall,2020-11-23T00:00:00,20.0,,,,,,,,0.0138,,41.311922,-105.581147,2020,11,23,0
West,Knight Hall,2020-11-23T01:00:00,30.0,,,,,,,,0.0207,,41.311922,-105.581147,2020,11,23,1
West,Knight Hall,2020-11-23T02:00:00,30.0,,,,,,,,0.0207,,41.311922,-105.581147,2020,11,23,2
West,Knight Hall,2020-11-23T03:00:00,20.0,,,,,,,,0.0138,,41.311922,-105.581147,2020,11,23,3
West,Knight Hall,2020-11-23T04:00:00,30.0,,,,,,,,0.0207,,41.311922,-105.581147,2020,11,23,4
West,Knight Hall,2020-11-23T05:00:00,30.0,,,,,,,,0.0207,,41.311922,-105.581147,2020,11,23,5
West,Knight Hall,2020-11-23T06:00:00,30.0,,,,,,,,0.0207,,41.311922,-105.581147,2020,11,23,6
West,Knight Hall,2020-11-23T07:00:00,40.0,,,,,,,,0.0276,,41.311922,-105.581147,2020,11,23,7
West,Knight Hall,2020-11-23T08:00:00,60.0,,,,,,,,0.0414,,41.311922,-105.581147,2020,11,23,8
West,Knight Hall,2020-11-23T09:00:00,60.0,,,,,,,,0.0414,,41.311922,-105.581147,2020,11,23,9
West,Knight Hall,2020-11-23T10:00:00,60.0,,,,,,,,0.0414,,41.311922,-105.581147,2020,11,23,10
West,Knight Hall,2020-11-23T11:00:00,70.0,,,,,,,,0.048299999999999996,,41.311922,-105.581147,2020,11,23,11
West,Knight Hall,2020-11-23T12:00:00,60.0,,,,,,,,0.0414,,41.311922,-105.581147,2020,11,23,12
West,Knight Hall,2020-11-23T13:00:00,70.0,,,,,,,,0.048299999999999996,,41.311922,-105.581147,2020,11,23,13
West,Knight Hall,2020-11-23T14:00:00,60.0,,,,,,,,0.0414,,41.311922,-105.581147,2020,11,23,14
West,Knight Hall,2020-11-23T15:00:00,60.0,,,,,,,,0.0414,,41.311922,-105.581147,2020,11,23,15
West,Knight Hall,2020-11-23T16:00:00,60.0,,,,,,,,0.0414,,41.311922,-105.581147,2020,11,23,16
West,Knight Hall,2020-11-23T17:00:00,50.0,,,,,,,,0.034499999999999996,,41.311922,-105.581147,2020,11,23,17
West,Knight Hall,2020-11-23T18:00:00,40.0,,,,,,,,0.0276,,41.311922,-105.581147,2020,11,23,18
West,Knight Hall,2020-11-23T19:00:00,30.0,,,,,,,,0.0207,,41.311922,-105.581147,2020,11,23,19
West,Knight Hall,2020-11-23T20:00:00,40.0,,,,,,,,0.0276,,41.311922,-105.581147,2020,11,23,20
West,Knight Hall,2020-11-23T21:00:00,30.0,,,,,,,,0.0207,,41.311922,-105.581147,2020,11,23,21
West,Knight Hall,2020-11-23T22:00:00,30.0,,,,,,,,0.0207,,41.311922,-105.581147,2020,11,23,22
West,Knight Hall,2020-11-23T23:00:00,30.0,,,,,,,,0.0207,,41.311922,-105.581147,2020,11,23,23
West,Knight Hall,2020-11-24T00:00:00,20.0,,,,,,,,0.0138,,41.311922,-105.581147,2020,11,24,0
West,Knight Hall,2020-11-24T01:00:00,30.0,,,,,,,,0.0207,,41.311922,-105.581147,2020,11,24,1
West,Knight Hall,2020-11-24T02:00:00,20.0,,,,,,,,0.0138,,41.311922,-105.581147,2020,11,24,2
West,Knight Hall,2020-11-24T03:00:00,30.0,,,,,,,,0.0207,,41.311922,-105.581147,2020,11,24,3
West,Knight Hall,2020-11-24T04:00:00,30.0,,,,,,,,0.0207,,41.311922,-105.581147,2020,11,24,4
West,Knight Hall,2020-11-24T05:00:00,30.0,,,,,,,,0.0207,,41.311922,-105.581147,2020,11,24,5
West,Knight Hall,2020-11-24T06:00:00,30.0,,,,,,,,0.0207,,41.311922,-105.581147,2020,11,24,6
West,Knight Hall,2020-11-24T07:00:00,40.0,,,,,,,,0.0276,,41.311922,-105.581147,2020,11,24,7
West,Knight Hall,2020-11-24T08:00:00,50.0,,,,,,,,0.034499999999999996,,41.311922,-105.581147,2020,11,24,8
West,Knight Hall,2020-11-24T09:00:00,70.0,,,,,,,,0.048299999999999996,,41.311922,-105.581147,2020,11,24,9
West,Knight Hall,2020-11-24T10:00:00,60.0,,,,,,,,0.0414,,41.311922,-105.581147,2020,11,24,10
West,Knight Hall,2020-11-24T11:00:00,70.0,,,,,,,,0.048299999999999996,,41.311922,-105.581147,2020,11,24,11
West,Knight Hall,2020-11-24T12:00:00,60.0,,,,,,,,0.0414,,41.311922,-105.581147,2020,11,24,12
West,Knight Hall,2020-11-24T13:00:00,60.0,,,,,,,,0.0414,,41.311922,-105.581147,2020,11,24,13
West,Knight Hall,2020-11-24T14:00:00,60.0,,,,,,,,0.0414,,41.311922,-105.581147,2020,11,24,14
West,Knight Hall,2020-11-24T15:00:00,60.0,,,,,,,,0.0414,,41.311922,-105.581147,2020,11,24,15
West,Knight Hall,2020-11-24T16:00:00,50.0,,,,,,,,0.034499999999999996,,41.311922,-105.581147,2020,11,24,16
West,Knight Hall,2020-11-24T17:00:00,40.0,,,,,,,,0.0276,,41.311922,-105.581147,2020,11,24,17
West,Knight Hall,2020-11-24T18:00:00,40.0,,,,,,,,0.0276,,41.311922,-105.581147,2020,11,24,18
West,Knight Hall,2020-11-24T19:00:00,30.0,,,,,,,,0.0207,,41.311922,-105.581147,2020,11,24,19
West,Knight Hall,2020-11-24T20:00:00,40.0,,,,,,,,0.0276,,41.311922,-105.581147,2020,11,24,20
West,Knight Hall,2020-11-24T21:00:00,30.0,,,,,,,,0.0207,,41.311922,-105.581147,2020,11,24,21
West,Knight Hall,2020-11-24T22:00:00,30.0,,,,,,,,0.0207,,41.311922,-105.581147,2020,11,24,22
West,Knight Hall,2020-11-24T23:00:00,20.0,,,,,,,,0.0138,,41.311922,-105.581147,2020,11,24,23
West,Knight Hall,2020-11-25T00:00:00,30.0,,,,,,,,0.0207,,41.311922,-105.581147,2020,11,25,0
West,Knight Hall,2020-11-25T01:00:00,30.0,,,,,,,,0.0207,,41.311922,-105.581147,2020,11,25,1
West,Knight Hall,2020-11-25T02:00:00,20.0,,,,,,,,0.0138,,41.311922,-105.581147,2020,11,25,2
West,Knight Hall,2020-11-25T03:00:00,30.0,,,,,,,,0.0207,,41.311922,-105.581147,2020,11,25,3
West,Knight Hall,2020-11-25T04:00:00,30.0,,,,,,,,0.0207,,41.311922,-105.581147,2020,11,25,4
West,Knight Hall,2020-11-25T05:00:00,30.0,,,,,,,,0.0207,,41.311922,-105.581147,2020,11,25,5
West,Knight Hall,2020-11-25T06:00:00,30.0,,,,,,,,0.0207,,41.311922,-105.581147,2020,11,25,6
West,Knight Hall,2020-11-25T07:00:00,40.0,,,,,,,,0.0276,,41.311922,-105.581147,2020,11,25,7
West,Knight Hall,2020-11-25T08:00:00,50.0,,,,,,,,0.034499999999999996,,41.311922,-105.581147,2020,11,25,8
West,Knight Hall,2020-11-25T09:00:00,60.0,,,,,,,,0.0414,,41.311922,-105.581147,2020,11,25,9
West,Knight Hall,2020-11-25T10:00:00,60.0,,,,,,,,0.0414,,41.311922,-105.581147,2020,11,25,10
West,Knight Hall,2020-11-25T11:00:00,60.0,,,,,,,,0.0414,,41.311922,-105.581147,2020,11,25,11
West,Knight Hall,2020-11-25T12:00:00,50.0,,,,,,,,0.034499999999999996,,41.311922,-105.581147,2020,11,25,12
West,Knight Hall,2020-11-25T13:00:00,60.0,,,,,,,,0.0414,,41.311922,-105.581147,2020,11,25,13
West,Knight Hall,2020-11-25T14:00:00,40.0,,,,,,,,0.0276,,41.311922,-105.581147,2020,11,25,14
West,Knight Hall,2020-11-25T15:00:00,40.0,,,,,,,,0.0276,,41.311922,-105.581147,2020,11,25,15
West,Knight Hall,2020-11-25T16:00:00,40.0,,,,,,,,0.0276,,41.311922,-105.581147,2020,11,25,16
West,Knight Hall,2020-11-25T17:00:00,30.0,,,,,,,,0.0207,,41.311922,-105.581147,2020,11,25,17
West,Knight Hall,2020-11-25T18:00:00,40.0,,,,,,,,0.0276,,41.311922,-105.581147,2020,11,25,18
West,Knight Hall,2020-11-25T19:00:00,20.0,,,,,,,,0.0138,,41.311922,-105.581147,2020,11,25,19
West,Knight Hall,2020-11-25T20:00:00,30.0,,,,,,,,0.0207,,41.311922,-105.581147,2020,11,25,20
West,Knight Hall,2020-11-25T21:00:00,30.0,,,,,,,,0.0207,,41.311922,-105.581147,2020,11,25,21
West,Knight Hall,2020-11-25T22:00:00,20.0,,,,,,,,0.0138,,41.311922,-105.581147,2020,11,25,22
West,Knight Hall,2020-11-25T23:00:00,30.0,,,,,,,,0.0207,,41.311922,-105.581147,2020,11,25,23
West,Knight Hall,2020-11-26T00:00:00,20.0,,,,,,,,0.0138,,41.311922,-105.581147,2020,11,26,0
West,Knight Hall,2020-11-26T01:00:00,30.0,,,,,,,,0.0207,,41.311922,-105.581147,2020,11,26,1
West,Knight Hall,2020-11-26T02:00:00,20.0,,,,,,,,0.0138,,41.311922,-105.581147,2020,11,26,2
West,Knight Hall,2020-11-26T03:00:00,30.0,,,,,,,,0.0207,,41.311922,-105.581147,2020,11,26,3
West,Knight Hall,2020-11-26T04:00:00,30.0,,,,,,,,0.0207,,41.311922,-105.581147,2020,11,26,4
West,Knight Hall,2020-11-26T05:00:00,30.0,,,,,,,,0.0207,,41.311922,-105.581147,2020,11,26,5
West,Knight Hall,2020-11-26T06:00:00,20.0,,,,,,,,0.0138,,41.311922,-105.581147,2020,11,26,6
West,Knight Hall,2020-11-26T07:00:00,30.0,,,,,,,,0.0207,,41.311922,-105.581147,2020,11,26,7
West,Knight Hall,2020-11-26T08:00:00,40.0,,,,,,,,0.0276,,41.311922,-105.581147,2020,11,26,8
West,Knight Hall,2020-11-26T09:00:00,30.0,,,,,,,,0.0207,,41.311922,-105.581147,2020,11,26,9
West,Knight Hall,2020-11-26T10:00:00,30.0,,,,,,,,0.0207,,41.311922,-105.581147,2020,11,26,10
West,Knight Hall,2020-11-26T11:00:00,30.0,,,,,,,,0.0207,,41.311922,-105.581147,2020,11,26,11
West,Knight Hall,2020-11-26T12:00:00,30.0,,,,,,,,0.0207,,41.311922,-105.581147,2020,11,26,12
West,Knight Hall,2020-11-26T13:00:00,30.0,,,,,,,,0.0207,,41.311922,-105.581147,2020,11,26,13
West,Knight Hall,2020-11-26T14:00:00,20.0,,,,,,,,0.0138,,41.311922,-105.581147,2020,11,26,14
West,Knight Hall,2020-11-26T15:00:00,30.0,,,,,,,,0.0207,,41.311922,-105.581147,2020,11,26,15
West,Knight Hall,2020-11-26T16:00:00,30.0,,,,,,,,0.0207,,41.311922,-105.581147,2020,11,26,16
West,Knight Hall,2020-11-26T17:00:00,30.0,,,,,,,,0.0207,,41.311922,-105.581147,2020,11,26,17
West,Knight Hall,2020-11-26T18:00:00,30.0,,,,,,,,0.0207,,41.311922,-105.581147,2020,11,26,18
West,Knight Hall,2020-11-26T19:00:00,30.0,,,,,,,,0.0207,,41.311922,-105.581147,2020,11,26,19
West,Knight Hall,2020-11-26T20:00:00,30.0,,,,,,,,0.0207,,41.311922,-105.581147,2020,11,26,20
West,Knight Hall,2020-11-26T21:00:00,20.0,,,,,,,,0.0138,,41.311922,-105.581147,2020,11,26,21
West,Knight Hall,2020-11-26T22:00:00,30.0,,,,,,,,0.0207,,41.311922,-105.581147,2020,11,26,22
West,Knight Hall,2020-11-26T23:00:00,20.0,,,,,,,,0.0138,,41.311922,-105.581147,2020,11,26,23
West,Knight Hall,2020-11-27T00:00:00,30.0,,,,,,,,0.0207,,41.311922,-105.581147,2020,11,27,0
West,Knight Hall,2020-11-27T01:00:00,30.0,,,,,,,,0.0207,,41.311922,-105.581147,2020,11,27,1
West,Knight Hall,2020-11-27T02:00:00,20.0,,,,,,,,0.0138,,41.311922,-105.581147,2020,11,27,2
West,Knight Hall,2020-11-27T03:00:00,30.0,,,,,,,,0.0207,,41.311922,-105.581147,2020,11,27,3
West,Knight Hall,2020-11-27T04:00:00,30.0,,,,,,,,0.0207,,41.311922,-105.581147,2020,11,27,4
West,Knight Hall,2020-11-27T05:00:00,30.0,,,,,,,,0.0207,,41.311922,-105.581147,2020,11,27,5
West,Knight Hall,2020-11-27T06:00:00,30.0,,,,,,,,0.0207,,41.311922,-105.581147,2020,11,27,6
West,Knight Hall,2020-11-27T07:00:00,30.0,,,,,,,,0.0207,,41.311922,-105.581147,2020,11,27,7
West,Knight Hall,2020-11-27T08:00:00,30.0,,,,,,,,0.0207,,41.311922,-105.581147,2020,11,27,8
West,Knight Hall,2020-11-27T09:00:00,30.0,,,,,,,,0.0207,,41.311922,-105.581147,2020,11,27,9
West,Knight Hall,2020-11-27T10:00:00,30.0,,,,,,,,0.0207,,41.311922,-105.581147,2020,11,27,10
West,Knight Hall,2020-11-27T11:00:00,30.0,,,,,,,,0.0207,,41.311922,-105.581147,2020,11,27,11
West,Knight Hall,2020-11-27T12:00:00,30.0,,,,,,,,0.0207,,41.311922,-105.581147,2020,11,27,12
West,Knight Hall,2020-11-27T13:00:00,30.0,,,,,,,,0.0207,,41.311922,-105.581147,2020,11,27,13
West,Knight Hall,2020-11-27T14:00:00,30.0,,,,,,,,0.0207,,41.311922,-105.581147,2020,11,27,14
West,Knight Hall,2020-11-27T15:00:00,30.0,,,,,,,,0.0207,,41.311922,-105.581147,2020,11,27,15
West,Knight Hall,2020-11-27T16:00:00,30.0,,,,,,,,0.0207,,41.311922,-105.581147,2020,11,27,16
West,Knight Hall,2020-11-27T17:00:00,30.0,,,,,,,,0.0207,,41.311922,-105.581147,2020,11,27,17
West,Knight Hall,2020-11-27T18:00:00,30.0,,,,,,,,0.0207,,41.311922,-105.581147,2020,11,27,18
West,Knight Hall,2020-11-27T19:00:00,20.0,,,,,,,,0.0138,,41.311922,-105.581147,2020,11,27,19
West,Knight Hall,2020-11-27T20:00:00,30.0,,,,,,,,0.0207,,41.311922,-105.581147,2020,11,27,20
West,Knight Hall,2020-11-27T21:00:00,20.0,,,,,,,,0.0138,,41.311922,-105.581147,2020,11,27,21
West,Knight Hall,2020-11-27T22:00:00,30.0,,,,,,,,0.0207,,41.311922,-105.581147,2020,11,27,22
West,Knight Hall,2020-11-27T23:00:00,20.0,,,,,,,,0.0138,,41.311922,-105.581147,2020,11,27,23
West,Knight Hall,2020-11-28T00:00:00,30.0,,,,,,,,0.0207,,41.311922,-105.581147,2020,11,28,0
West,Knight Hall,2020-11-28T01:00:00,20.0,,,,,,,,0.0138,,41.311922,-105.581147,2020,11,28,1
West,Knight Hall,2020-11-28T02:00:00,30.0,,,,,,,,0.0207,,41.311922,-105.581147,2020,11,28,2
West,Knight Hall,2020-11-28T03:00:00,20.0,,,,,,,,0.0138,,41.311922,-105.581147,2020,11,28,3
West,Knight Hall,2020-11-28T04:00:00,30.0,,,,,,,,0.0207,,41.311922,-105.581147,2020,11,28,4
West,Knight Hall,2020-11-28T05:00:00,20.0,,,,,,,,0.0138,,41.311922,-105.581147,2020,11,28,5
West,Knight Hall,2020-11-28T06:00:00,30.0,,,,,,,,0.0207,,41.311922,-105.581147,2020,11,28,6
West,Knight Hall,2020-11-28T07:00:00,20.0,,,,,,,,0.0138,,41.311922,-105.581147,2020,11,28,7
West,Knight Hall,2020-11-28T08:00:00,30.0,,,,,,,,0.0207,,41.311922,-105.581147,2020,11,28,8
West,Knight Hall,2020-11-28T09:00:00,30.0,,,,,,,,0.0207,,41.311922,-105.581147,2020,11,28,9
West,Knight Hall,2020-11-28T10:00:00,30.0,,,,,,,,0.0207,,41.311922,-105.581147,2020,11,28,10
West,Knight Hall,2020-11-28T11:00:00,30.0,,,,,,,,0.0207,,41.311922,-105.581147,2020,11,28,11
West,Knight Hall,2020-11-28T12:00:00,30.0,,,,,,,,0.0207,,41.311922,-105.581147,2020,11,28,12
West,Knight Hall,2020-11-28T13:00:00,30.0,,,,,,,,0.0207,,41.311922,-105.581147,2020,11,28,13
West,Knight Hall,2020-11-28T14:00:00,30.0,,,,,,,,0.0207,,41.311922,-105.581147,2020,11,28,14
West,Knight Hall,2020-11-28T15:00:00,20.0,,,,,,,,0.0138,,41.311922,-105.581147,2020,11,28,15
West,Knight Hall,2020-11-28T16:00:00,30.0,,,,,,,,0.0207,,41.311922,-105.581147,2020,11,28,16
West,Knight Hall,2020-11-28T17:00:00,20.0,,,,,,,,0.0138,,41.311922,-105.581147,2020,11,28,17
West,Knight Hall,2020-11-28T18:00:00,30.0,,,,,,,,0.0207,,41.311922,-105.581147,2020,11,28,18
West,Knight Hall,2020-11-28T19:00:00,30.0,,,,,,,,0.0207,,41.311922,-105.581147,2020,11,28,19
West,Knight Hall,2020-11-28T20:00:00,20.0,,,,,,,,0.0138,,41.311922,-105.581147,2020,11,28,20
West,Knight Hall,2020-11-28T21:00:00,30.0,,,,,,,,0.0207,,41.311922,-105.581147,2020,11,28,21
West,Knight Hall,2020-11-28T22:00:00,20.0,,,,,,,,0.0138,,41.311922,-105.581147,2020,11,28,22
West,Knight Hall,2020-11-28T23:00:00,30.0,,,,,,,,0.0207,,41.311922,-105.581147,2020,11,28,23
West,Knight Hall,2020-11-29T00:00:00,20.0,,,,,,,,0.0138,,41.311922,-105.581147,2020,11,29,0
West,Knight Hall,2020-11-29T01:00:00,30.0,,,,,,,,0.0207,,41.311922,-105.581147,2020,11,29,1
West,Knight Hall,2020-11-29T02:00:00,20.0,,,,,,,,0.0138,,41.311922,-105.581147,2020,11,29,2
West,Knight Hall,2020-11-29T03:00:00,30.0,,,,,,,,0.0207,,41.311922,-105.581147,2020,11,29,3
West,Knight Hall,2020-11-29T04:00:00,30.0,,,,,,,,0.0207,,41.311922,-105.581147,2020,11,29,4
West,Knight Hall,2020-11-29T05:00:00,20.0,,,,,,,,0.0138,,41.311922,-105.581147,2020,11,29,5
West,Knight Hall,2020-11-29T06:00:00,30.0,,,,,,,,0.0207,,41.311922,-105.581147,2020,11,29,6
West,Knight Hall,2020-11-29T07:00:00,20.0,,,,,,,,0.0138,,41.311922,-105.581147,2020,11,29,7
West,Knight Hall,2020-11-29T08:00:00,30.0,,,,,,,,0.0207,,41.311922,-105.581147,2020,11,29,8
West,Knight Hall,2020-11-29T09:00:00,30.0,,,,,,,,0.0207,,41.311922,-105.581147,2020,11,29,9
West,Knight Hall,2020-11-29T10:00:00,30.0,,,,,,,,0.0207,,41.311922,-105.581147,2020,11,29,10
West,Knight Hall,2020-11-29T11:00:00,20.0,,,,,,,,0.0138,,41.311922,-105.581147,2020,11,29,11
West,Knight Hall,2020-11-29T12:00:00,30.0,,,,,,,,0.0207,,41.311922,-105.581147,2020,11,29,12
West,Knight Hall,2020-11-29T13:00:00,30.0,,,,,,,,0.0207,,41.311922,-105.581147,2020,11,29,13
West,Knight Hall,2020-11-29T14:00:00,30.0,,,,,,,,0.0207,,41.311922,-105.581147,2020,11,29,14
West,Knight Hall,2020-11-29T15:00:00,30.0,,,,,,,,0.0207,,41.311922,-105.581147,2020,11,29,15
West,Knight Hall,2020-11-29T16:00:00,30.0,,,,,,,,0.0207,,41.311922,-105.581147,2020,11,29,16
West,Knight Hall,2020-11-29T17:00:00,20.0,,,,,,,,0.0138,,41.311922,-105.581147,2020,11,29,17
West,Knight Hall,2020-11-29T18:00:00,30.0,,,,,,,,0.0207,,41.311922,-105.581147,2020,11,29,18
West,Knight Hall,2020-11-29T19:00:00,20.0,,,,,,,,0.0138,,41.311922,-105.581147,2020,11,29,19
West,Knight Hall,2020-11-29T20:00:00,30.0,,,,,,,,0.0207,,41.311922,-105.581147,2020,11,29,20
West,Knight Hall,2020-11-29T21:00:00,30.0,,,,,,,,0.0207,,41.311922,-105.581147,2020,11,29,21
West,Knight Hall,2020-11-29T22:00:00,20.0,,,,,,,,0.0138,,41.311922,-105.581147,2020,11,29,22
West,Knight Hall,2020-11-29T23:00:00,30.0,,,,,,,,0.0207,,41.311922,-105.581147,2020,11,29,23
West,Knight Hall,2020-11-30T00:00:00,20.0,,,,,,,,0.0138,,41.311922,-105.581147,2020,11,30,0
West,Knight Hall,2020-11-30T01:00:00,30.0,,,,,,,,0.0207,,41.311922,-105.581147,2020,11,30,1
West,Knight Hall,2020-11-30T02:00:00,20.0,,,,,,,,0.0138,,41.311922,-105.581147,2020,11,30,2
West,Knight Hall,2020-11-30T03:00:00,30.0,,,,,,,,0.0207,,41.311922,-105.581147,2020,11,30,3
West,Knight Hall,2020-11-30T04:00:00,30.0,,,,,,,,0.0207,,41.311922,-105.581147,2020,11,30,4
West,Knight Hall,2020-11-30T05:00:00,30.0,,,,,,,,0.0207,,41.311922,-105.581147,2020,11,30,5
West,Knight Hall,2020-11-30T06:00:00,30.0,,,,,,,,0.0207,,41.311922,-105.581147,2020,11,30,6
West,Knight Hall,2020-11-30T07:00:00,30.0,,,,,,,,0.0207,,41.311922,-105.581147,2020,11,30,7
West,Knight Hall,2020-11-30T08:00:00,60.0,,,,,,,,0.0414,,41.311922,-105.581147,2020,11,30,8
West,Knight Hall,2020-11-30T09:00:00,60.0,,,,,,,,0.0414,,41.311922,-105.581147,2020,11,30,9
West,Knight Hall,2020-11-30T10:00:00,70.0,,,,,,,,0.048299999999999996,,41.311922,-105.581147,2020,11,30,10
West,Knight Hall,2020-11-30T11:00:00,70.0,,,,,,,,0.048299999999999996,,41.311922,-105.581147,2020,11,30,11
West,Knight Hall,2020-11-30T12:00:00,60.0,,,,,,,,0.0414,,41.311922,-105.581147,2020,11,30,12
West,Knight Hall,2020-11-30T13:00:00,70.0,,,,,,,,0.048299999999999996,,41.311922,-105.581147,2020,11,30,13
West,Knight Hall,2020-11-30T14:00:00,60.0,,,,,,,,0.0414,,41.311922,-105.581147,2020,11,30,14
West,Knight Hall,2020-11-30T15:00:00,60.0,,,,,,,,0.0414,,41.311922,-105.581147,2020,11,30,15
West,Knight Hall,2020-11-30T16:00:00,60.0,,,,,,,,0.0414,,41.311922,-105.581147,2020,11,30,16
West,Knight Hall,2020-11-30T17:00:00,50.0,,,,,,,,0.034499999999999996,,41.311922,-105.581147,2020,11,30,17
West,Knight Hall,2020-11-30T18:00:00,40.0,,,,,,,,0.0276,,41.311922,-105.581147,2020,11,30,18
West,Knight Hall,2020-11-30T19:00:00,30.0,,,,,,,,0.0207,,41.311922,-105.581147,2020,11,30,19
West,Knight Hall,2020-11-30T20:00:00,30.0,,,,,,,,0.0207,,41.311922,-105.581147,2020,11,30,20
West,Knight Hall,2020-11-30T21:00:00,30.0,,,,,,,,0.0207,,41.311922,-105.581147,2020,11,30,21
West,Knight Hall,2020-11-30T22:00:00,30.0,,,,,,,,0.0207,,41.311922,-105.581147,2020,11,30,22
West,Knight Hall,2020-11-30T23:00:00,30.0,,,,,,,,0.0207,,41.311922,-105.581147,2020,11,30,23
West,Knight Hall,2020-12-01T00:00:00,30.0,,,,,,,,0.0207,,41.311922,-105.581147,2020,12,1,0
West,Knight Hall,2020-12-01T01:00:00,30.0,,,,,,,,0.0207,,41.311922,-105.581147,2020,12,1,1
West,Knight Hall,2020-12-01T02:00:00,20.0,,,,,,,,0.0138,,41.311922,-105.581147,2020,12,1,2
West,Knight Hall,2020-12-01T03:00:00,30.0,,,,,,,,0.0207,,41.311922,-105.581147,2020,12,1,3
West,Knight Hall,2020-12-01T04:00:00,30.0,,,,,,,,0.0207,,41.311922,-105.581147,2020,12,1,4
West,Knight Hall,2020-12-01T05:00:00,30.0,,,,,,,,0.0207,,41.311922,-105.581147,2020,12,1,5
West,Knight Hall,2020-12-01T06:00:00,30.0,,,,,,,,0.0207,,41.311922,-105.581147,2020,12,1,6
West,Knight Hall,2020-12-01T07:00:00,40.0,,,,,,,,0.0276,,41.311922,-105.581147,2020,12,1,7
West,Knight Hall,2020-12-01T08:00:00,60.0,,,,,,,,0.0414,,41.311922,-105.581147,2020,12,1,8
West,Knight Hall,2020-12-01T09:00:00,80.0,,,,,,,,0.0552,,41.311922,-105.581147,2020,12,1,9
West,Knight Hall,2020-12-01T10:00:00,70.0,,,,,,,,0.048299999999999996,,41.311922,-105.581147,2020,12,1,10
West,Knight Hall,2020-12-01T11:00:00,70.0,,,,,,,,0.048299999999999996,,41.311922,-105.581147,2020,12,1,11
West,Knight Hall,2020-12-01T12:00:00,60.0,,,,,,,,0.0414,,41.311922,-105.581147,2020,12,1,12
West,Knight Hall,2020-12-01T13:00:00,70.0,,,,,,,,0.048299999999999996,,41.311922,-105.581147,2020,12,1,13
West,Knight Hall,2020-12-01T14:00:00,60.0,,,,,,,,0.0414,,41.311922,-105.581147,2020,12,1,14
West,Knight Hall,2020-12-01T15:00:00,70.0,,,,,,,,0.048299999999999996,,41.311922,-105.581147,2020,12,1,15
West,Knight Hall,2020-12-01T16:00:00,70.0,,,,,,,,0.048299999999999996,,41.311922,-105.581147,2020,12,1,16
West,Knight Hall,2020-12-01T17:00:00,50.0,,,,,,,,0.034499999999999996,,41.311922,-105.581147,2020,12,1,17
West,Knight Hall,2020-12-01T18:00:00,40.0,,,,,,,,0.0276,,41.311922,-105.581147,2020,12,1,18
West,Knight Hall,2020-12-01T19:00:00,30.0,,,,,,,,0.0207,,41.311922,-105.581147,2020,12,1,19
West,Knight Hall,2020-12-01T20:00:00,40.0,,,,,,,,0.0276,,41.311922,-105.581147,2020,12,1,20
West,Knight Hall,2020-12-01T21:00:00,30.0,,,,,,,,0.0207,,41.311922,-105.581147,2020,12,1,21
West,Knight Hall,2020-12-01T22:00:00,30.0,,,,,,,,0.0207,,41.311922,-105.581147,2020,12,1,22
West,Knight Hall,2020-12-01T23:00:00,30.0,,,,,,,,0.0207,,41.311922,-105.581147,2020,12,1,23
West,Knight Hall,2020-12-02T00:00:00,20.0,,,,,,,,0.0138,,41.311922,-105.581147,2020,12,2,0
West,Knight Hall,2020-12-02T01:00:00,30.0,,,,,,,,0.0207,,41.311922,-105.581147,2020,12,2,1
West,Knight Hall,2020-12-02T02:00:00,20.0,,,,,,,,0.0138,,41.311922,-105.581147,2020,12,2,2
West,Knight Hall,2020-12-02T03:00:00,30.0,,,,,,,,0.0207,,41.311922,-105.581147,2020,12,2,3
West,Knight Hall,2020-12-02T04:00:00,30.0,,,,,,,,0.0207,,41.311922,-105.581147,2020,12,2,4
West,Knight Hall,2020-12-02T05:00:00,30.0,,,,,,,,0.0207,,41.311922,-105.581147,2020,12,2,5
West,Knight Hall,2020-12-02T06:00:00,40.0,,,,,,,,0.0276,,41.311922,-105.581147,2020,12,2,6
West,Knight Hall,2020-12-02T07:00:00,30.0,,,,,,,,0.0207,,41.311922,-105.581147,2020,12,2,7
West,Knight Hall,2020-12-02T08:00:00,60.0,,,,,,,,0.0414,,41.311922,-105.581147,2020,12,2,8
West,Knight Hall,2020-12-02T09:00:00,70.0,,,,,,,,0.048299999999999996,,41.311922,-105.581147,2020,12,2,9
West,Knight Hall,2020-12-02T10:00:00,70.0,,,,,,,,0.048299999999999996,,41.311922,-105.581147,2020,12,2,10
West,Knight Hall,2020-12-02T11:00:00,70.0,,,,,,,,0.048299999999999996,,41.311922,-105.581147,2020,12,2,11
West,Knight Hall,2020-12-02T12:00:00,60.0,,,,,,,,0.0414,,41.311922,-105.581147,2020,12,2,12
West,Knight Hall,2020-12-02T13:00:00,60.0,,,,,,,,0.0414,,41.311922,-105.581147,2020,12,2,13
West,Knight Hall,2020-12-02T14:00:00,60.0,,,,,,,,0.0414,,41.311922,-105.581147,2020,12,2,14
West,Knight Hall,2020-12-02T15:00:00,60.0,,,,,,,,0.0414,,41.311922,-105.581147,2020,12,2,15
West,Knight Hall,2020-12-02T16:00:00,50.0,,,,,,,,0.034499999999999996,,41.311922,-105.581147,2020,12,2,16
West,Knight Hall,2020-12-02T17:00:00,50.0,,,,,,,,0.034499999999999996,,41.311922,-105.581147,2020,12,2,17
West,Knight Hall,2020-12-02T18:00:00,30.0,,,,,,,,0.0207,,41.311922,-105.581147,2020,12,2,18
West,Knight Hall,2020-12-02T19:00:00,40.0,,,,,,,,0.0276,,41.311922,-105.581147,2020,12,2,19
West,Knight Hall,2020-12-02T20:00:00,30.0,,,,,,,,0.0207,,41.311922,-105.581147,2020,12,2,20
West,Knight Hall,2020-12-02T21:00:00,30.0,,,,,,,,0.0207,,41.311922,-105.581147,2020,12,2,21
West,Knight Hall,2020-12-02T22:00:00,30.0,,,,,,,,0.0207,,41.311922,-105.581147,2020,12,2,22
West,Knight Hall,2020-12-02T23:00:00,20.0,,,,,,,,0.0138,,41.311922,-105.581147,2020,12,2,23
West,Knight Hall,2020-12-03T00:00:00,30.0,,,,,,,,0.0207,,41.311922,-105.581147,2020,12,3,0
West,Knight Hall,2020-12-03T01:00:00,30.0,,,,,,,,0.0207,,41.311922,-105.581147,2020,12,3,1
West,Knight Hall,2020-12-03T02:00:00,20.0,,,,,,,,0.0138,,41.311922,-105.581147,2020,12,3,2
West,Knight Hall,2020-12-03T03:00:00,30.0,,,,,,,,0.0207,,41.311922,-105.581147,2020,12,3,3
West,Knight Hall,2020-12-03T04:00:00,30.0,,,,,,,,0.0207,,41.311922,-105.581147,2020,12,3,4
West,Knight Hall,2020-12-03T05:00:00,30.0,,,,,,,,0.0207,,41.311922,-105.581147,2020,12,3,5
West,Knight Hall,2020-12-03T06:00:00,30.0,,,,,,,,0.0207,,41.311922,-105.581147,2020,12,3,6
West,Knight Hall,2020-12-03T07:00:00,40.0,,,,,,,,0.0276,,41.311922,-105.581147,2020,12,3,7
West,Knight Hall,2020-12-03T08:00:00,60.0,,,,,,,,0.0414,,41.311922,-105.581147,2020,12,3,8
West,Knight Hall,2020-12-03T09:00:00,70.0,,,,,,,,0.048299999999999996,,41.311922,-105.581147,2020,12,3,9
West,Knight Hall,2020-12-03T10:00:00,60.0,,,,,,,,0.0414,,41.311922,-105.581147,2020,12,3,10
West,Knight Hall,2020-12-03T11:00:00,70.0,,,,,,,,0.048299999999999996,,41.311922,-105.581147,2020,12,3,11
West,Knight Hall,2020-12-03T12:00:00,60.0,,,,,,,,0.0414,,41.311922,-105.581147,2020,12,3,12
West,Knight Hall,2020-12-03T13:00:00,60.0,,,,,,,,0.0414,,41.311922,-105.581147,2020,12,3,13
West,Knight Hall,2020-12-03T14:00:00,70.0,,,,,,,,0.048299999999999996,,41.311922,-105.581147,2020,12,3,14
West,Knight Hall,2020-12-03T15:00:00,60.0,,,,,,,,0.0414,,41.311922,-105.581147,2020,12,3,15
West,Knight Hall,2020-12-03T16:00:00,60.0,,,,,,,,0.0414,,41.311922,-105.581147,2020,12,3,16
West,Knight Hall,2020-12-03T17:00:00,40.0,,,,,,,,0.0276,,41.311922,-105.581147,2020,12,3,17
West,Knight Hall,2020-12-03T18:00:00,40.0,,,,,,,,0.0276,,41.311922,-105.581147,2020,12,3,18
West,Knight Hall,2020-12-03T19:00:00,30.0,,,,,,,,0.0207,,41.311922,-105.581147,2020,12,3,19
West,Knight Hall,2020-12-03T20:00:00,40.0,,,,,,,,0.0276,,41.311922,-105.581147,2020,12,3,20
West,Knight Hall,2020-12-03T21:00:00,30.0,,,,,,,,0.0207,,41.311922,-105.581147,2020,12,3,21
West,Knight Hall,2020-12-03T22:00:00,30.0,,,,,,,,0.0207,,41.311922,-105.581147,2020,12,3,22
West,Knight Hall,2020-12-03T23:00:00,20.0,,,,,,,,0.0138,,41.311922,-105.581147,2020,12,3,23
West,Knight Hall,2020-12-04T00:00:00,30.0,,,,,,,,0.0207,,41.311922,-105.581147,2020,12,4,0
West,Knight Hall,2020-12-04T01:00:00,30.0,,,,,,,,0.0207,,41.311922,-105.581147,2020,12,4,1
West,Knight Hall,2020-12-04T02:00:00,20.0,,,,,,,,0.0138,,41.311922,-105.581147,2020,12,4,2
West,Knight Hall,2020-12-04T03:00:00,30.0,,,,,,,,0.0207,,41.311922,-105.581147,2020,12,4,3
West,Knight Hall,2020-12-04T04:00:00,30.0,,,,,,,,0.0207,,41.311922,-105.581147,2020,12,4,4
West,Knight Hall,2020-12-04T05:00:00,30.0,,,,,,,,0.0207,,41.311922,-105.581147,2020,12,4,5
West,Knight Hall,2020-12-04T06:00:00,30.0,,,,,,,,0.0207,,41.311922,-105.581147,2020,12,4,6
West,Knight Hall,2020-12-04T07:00:00,40.0,,,,,,,,0.0276,,41.311922,-105.581147,2020,12,4,7
West,Knight Hall,2020-12-04T08:00:00,60.0,,,,,,,,0.0414,,41.311922,-105.581147,2020,12,4,8
West,Knight Hall,2020-12-04T09:00:00,60.0,,,,,,,,0.0414,,41.311922,-105.581147,2020,12,4,9
West,Knight Hall,2020-12-04T10:00:00,60.0,,,,,,,,0.0414,,41.311922,-105.581147,2020,12,4,10
West,Knight Hall,2020-12-04T11:00:00,70.0,,,,,,,,0.048299999999999996,,41.311922,-105.581147,2020,12,4,11
West,Knight Hall,2020-12-04T12:00:00,60.0,,,,,,,,0.0414,,41.311922,-105.581147,2020,12,4,12
West,Knight Hall,2020-12-04T13:00:00,60.0,,,,,,,,0.0414,,41.311922,-105.581147,2020,12,4,13
West,Knight Hall,2020-12-04T14:00:00,60.0,,,,,,,,0.0414,,41.311922,-105.581147,2020,12,4,14
West,Knight Hall,2020-12-04T15:00:00,60.0,,,,,,,,0.0414,,41.311922,-105.581147,2020,12,4,15
West,Knight Hall,2020-12-04T16:00:00,60.0,,,,,,,,0.0414,,41.311922,-105.581147,2020,12,4,16
West,Knight Hall,2020-12-04T17:00:00,40.0,,,,,,,,0.0276,,41.311922,-105.581147,2020,12,4,17
West,Knight Hall,2020-12-04T18:00:00,40.0,,,,,,,,0.0276,,41.311922,-105.581147,2020,12,4,18
West,Knight Hall,2020-12-04T19:00:00,30.0,,,,,,,,0.0207,,41.311922,-105.581147,2020,12,4,19
West,Knight Hall,2020-12-04T20:00:00,30.0,,,,,,,,0.0207,,41.311922,-105.581147,2020,12,4,20
West,Knight Hall,2020-12-04T21:00:00,30.0,,,,,,,,0.0207,,41.311922,-105.581147,2020,12,4,21
West,Knight Hall,2020-12-04T22:00:00,40.0,,,,,,,,0.0276,,41.311922,-105.581147,2020,12,4,22
West,Knight Hall,2020-12-04T23:00:00,20.0,,,,,,,,0.0138,,41.311922,-105.581147,2020,12,4,23
West,Knight Hall,2020-12-05T00:00:00,30.0,,,,,,,,0.0207,,41.311922,-105.581147,2020,12,5,0
West,Knight Hall,2020-12-05T01:00:00,30.0,,,,,,,,0.0207,,41.311922,-105.581147,2020,12,5,1
West,Knight Hall,2020-12-05T02:00:00,20.0,,,,,,,,0.0138,,41.311922,-105.581147,2020,12,5,2
West,Knight Hall,2020-12-05T03:00:00,30.0,,,,,,,,0.0207,,41.311922,-105.581147,2020,12,5,3
West,Knight Hall,2020-12-05T04:00:00,30.0,,,,,,,,0.0207,,41.311922,-105.581147,2020,12,5,4
West,Knight Hall,2020-12-05T05:00:00,20.0,,,,,,,,0.0138,,41.311922,-105.581147,2020,12,5,5
West,Knight Hall,2020-12-05T06:00:00,30.0,,,,,,,,0.0207,,41.311922,-105.581147,2020,12,5,6
West,Knight Hall,2020-12-05T07:00:00,30.0,,,,,,,,0.0207,,41.311922,-105.581147,2020,12,5,7
West,Knight Hall,2020-12-05T08:00:00,20.0,,,,,,,,0.0138,,41.311922,-105.581147,2020,12,5,8
West,Knight Hall,2020-12-05T09:00:00,40.0,,,,,,,,0.0276,,41.311922,-105.581147,2020,12,5,9
West,Knight Hall,2020-12-05T10:00:00,30.0,,,,,,,,0.0207,,41.311922,-105.581147,2020,12,5,10
West,Knight Hall,2020-12-05T11:00:00,30.0,,,,,,,,0.0207,,41.311922,-105.581147,2020,12,5,11
West,Knight Hall,2020-12-05T12:00:00,30.0,,,,,,,,0.0207,,41.311922,-105.581147,2020,12,5,12
West,Knight Hall,2020-12-05T13:00:00,30.0,,,,,,,,0.0207,,41.311922,-105.581147,2020,12,5,13
West,Knight Hall,2020-12-05T14:00:00,30.0,,,,,,,,0.0207,,41.311922,-105.581147,2020,12,5,14
West,Knight Hall,2020-12-05T15:00:00,30.0,,,,,,,,0.0207,,41.311922,-105.581147,2020,12,5,15
West,Knight Hall,2020-12-05T16:00:00,30.0,,,,,,,,0.0207,,41.311922,-105.581147,2020,12,5,16
West,Knight Hall,2020-12-05T17:00:00,20.0,,,,,,,,0.0138,,41.311922,-105.581147,2020,12,5,17
West,Knight Hall,2020-12-05T18:00:00,30.0,,,,,,,,0.0207,,41.311922,-105.581147,2020,12,5,18
West,Knight Hall,2020-12-05T19:00:00,30.0,,,,,,,,0.0207,,41.311922,-105.581147,2020,12,5,19
West,Knight Hall,2020-12-05T20:00:00,30.0,,,,,,,,0.0207,,41.311922,-105.581147,2020,12,5,20
West,Knight Hall,2020-12-05T21:00:00,20.0,,,,,,,,0.0138,,41.311922,-105.581147,2020,12,5,21
West,Knight Hall,2020-12-05T22:00:00,30.0,,,,,,,,0.0207,,41.311922,-105.581147,2020,12,5,22
West,Knight Hall,2020-12-05T23:00:00,30.0,,,,,,,,0.0207,,41.311922,-105.581147,2020,12,5,23
West,Knight Hall,2020-12-06T00:00:00,30.0,,,,,,,,0.0207,,41.311922,-105.581147,2020,12,6,0
West,Knight Hall,2020-12-06T01:00:00,30.0,,,,,,,,0.0207,,41.311922,-105.581147,2020,12,6,1
West,Knight Hall,2020-12-06T02:00:00,20.0,,,,,,,,0.0138,,41.311922,-105.581147,2020,12,6,2
West,Knight Hall,2020-12-06T03:00:00,30.0,,,,,,,,0.0207,,41.311922,-105.581147,2020,12,6,3
West,Knight Hall,2020-12-06T04:00:00,30.0,,,,,,,,0.0207,,41.311922,-105.581147,2020,12,6,4
West,Knight Hall,2020-12-06T05:00:00,30.0,,,,,,,,0.0207,,41.311922,-105.581147,2020,12,6,5
West,Knight Hall,2020-12-06T06:00:00,20.0,,,,,,,,0.0138,,41.311922,-105.581147,2020,12,6,6
West,Knight Hall,2020-12-06T07:00:00,30.0,,,,,,,,0.0207,,41.311922,-105.581147,2020,12,6,7
West,Knight Hall,2020-12-06T08:00:00,30.0,,,,,,,,0.0207,,41.311922,-105.581147,2020,12,6,8
West,Knight Hall,2020-12-06T09:00:00,30.0,,,,,,,,0.0207,,41.311922,-105.581147,2020,12,6,9
West,Knight Hall,2020-12-06T10:00:00,30.0,,,,,,,,0.0207,,41.311922,-105.581147,2020,12,6,10
West,Knight Hall,2020-12-06T11:00:00,30.0,,,,,,,,0.0207,,41.311922,-105.581147,2020,12,6,11
West,Knight Hall,2020-12-06T12:00:00,30.0,,,,,,,,0.0207,,41.311922,-105.581147,2020,12,6,12
West,Knight Hall,2020-12-06T13:00:00,30.0,,,,,,,,0.0207,,41.311922,-105.581147,2020,12,6,13
West,Knight Hall,2020-12-06T14:00:00,30.0,,,,,,,,0.0207,,41.311922,-105.581147,2020,12,6,14
West,Knight Hall,2020-12-06T15:00:00,30.0,,,,,,,,0.0207,,41.311922,-105.581147,2020,12,6,15
West,Knight Hall,2020-12-06T16:00:00,30.0,,,,,,,,0.0207,,41.311922,-105.581147,2020,12,6,16
West,Knight Hall,2020-12-06T17:00:00,30.0,,,,,,,,0.0207,,41.311922,-105.581147,2020,12,6,17
West,Knight Hall,2020-12-06T18:00:00,20.0,,,,,,,,0.0138,,41.311922,-105.581147,2020,12,6,18
West,Knight Hall,2020-12-06T19:00:00,30.0,,,,,,,,0.0207,,41.311922,-105.581147,2020,12,6,19
West,Knight Hall,2020-12-06T20:00:00,30.0,,,,,,,,0.0207,,41.311922,-105.581147,2020,12,6,20
West,Knight Hall,2020-12-06T21:00:00,30.0,,,,,,,,0.0207,,41.311922,-105.581147,2020,12,6,21
West,Knight Hall,2020-12-06T22:00:00,30.0,,,,,,,,0.0207,,41.311922,-105.581147,2020,12,6,22
West,Knight Hall,2020-12-06T23:00:00,20.0,,,,,,,,0.0138,,41.311922,-105.581147,2020,12,6,23
West,Knight Hall,2020-12-07T00:00:00,30.0,,,,,,,,0.0207,,41.311922,-105.581147,2020,12,7,0
West,Knight Hall,2020-12-07T01:00:00,30.0,,,,,,,,0.0207,,41.311922,-105.581147,2020,12,7,1
West,Knight Hall,2020-12-07T02:00:00,30.0,,,,,,,,0.0207,,41.311922,-105.581147,2020,12,7,2
West,Knight Hall,2020-12-07T03:00:00,30.0,,,,,,,,0.0207,,41.311922,-105.581147,2020,12,7,3
West,Knight Hall,2020-12-07T04:00:00,30.0,,,,,,,,0.0207,,41.311922,-105.581147,2020,12,7,4
West,Knight Hall,2020-12-07T05:00:00,30.0,,,,,,,,0.0207,,41.311922,-105.581147,2020,12,7,5
West,Knight Hall,2020-12-07T06:00:00,30.0,,,,,,,,0.0207,,41.311922,-105.581147,2020,12,7,6
West,Knight Hall,2020-12-07T07:00:00,40.0,,,,,,,,0.0276,,41.311922,-105.581147,2020,12,7,7
West,Knight Hall,2020-12-07T08:00:00,60.0,,,,,,,,0.0414,,41.311922,-105.581147,2020,12,7,8
West,Knight Hall,2020-12-07T09:00:00,70.0,,,,,,,,0.048299999999999996,,41.311922,-105.581147,2020,12,7,9
West,Knight Hall,2020-12-07T10:00:00,70.0,,,,,,,,0.048299999999999996,,41.311922,-105.581147,2020,12,7,10
West,Knight Hall,2020-12-07T11:00:00,70.0,,,,,,,,0.048299999999999996,,41.311922,-105.581147,2020,12,7,11
West,Knight Hall,2020-12-07T12:00:00,60.0,,,,,,,,0.0414,,41.311922,-105.581147,2020,12,7,12
West,Knight Hall,2020-12-07T13:00:00,60.0,,,,,,,,0.0414,,41.311922,-105.581147,2020,12,7,13
West,Knight Hall,2020-12-07T14:00:00,70.0,,,,,,,,0.048299999999999996,,41.311922,-105.581147,2020,12,7,14
West,Knight Hall,2020-12-07T15:00:00,60.0,,,,,,,,0.0414,,41.311922,-105.581147,2020,12,7,15
West,Knight Hall,2020-12-07T16:00:00,60.0,,,,,,,,0.0414,,41.311922,-105.581147,2020,12,7,16
West,Knight Hall,2020-12-07T17:00:00,50.0,,,,,,,,0.034499999999999996,,41.311922,-105.581147,2020,12,7,17
West,Knight Hall,2020-12-07T18:00:00,40.0,,,,,,,,0.0276,,41.311922,-105.581147,2020,12,7,18
West,Knight Hall,2020-12-07T19:00:00,40.0,,,,,,,,0.0276,,41.311922,-105.581147,2020,12,7,19
West,Knight Hall,2020-12-07T20:00:00,30.0,,,,,,,,0.0207,,41.311922,-105.581147,2020,12,7,20
West,Knight Hall,2020-12-07T21:00:00,30.0,,,,,,,,0.0207,,41.311922,-105.581147,2020,12,7,21
West,Knight Hall,2020-12-07T22:00:00,30.0,,,,,,,,0.0207,,41.311922,-105.581147,2020,12,7,22
West,Knight Hall,2020-12-07T23:00:00,30.0,,,,,,,,0.0207,,41.311922,-105.581147,2020,12,7,23
West,Knight Hall,2020-12-08T00:00:00,30.0,,,,,,,,0.0207,,41.311922,-105.581147,2020,12,8,0
West,Knight Hall,2020-12-08T01:00:00,30.0,,,,,,,,0.0207,,41.311922,-105.581147,2020,12,8,1
West,Knight Hall,2020-12-08T02:00:00,20.0,,,,,,,,0.0138,,41.311922,-105.581147,2020,12,8,2
West,Knight Hall,2020-12-08T03:00:00,30.0,,,,,,,,0.0207,,41.311922,-105.581147,2020,12,8,3
West,Knight Hall,2020-12-08T04:00:00,30.0,,,,,,,,0.0207,,41.311922,-105.581147,2020,12,8,4
West,Knight Hall,2020-12-08T05:00:00,30.0,,,,,,,,0.0207,,41.311922,-105.581147,2020,12,8,5
West,Knight Hall,2020-12-08T06:00:00,30.0,,,,,,,,0.0207,,41.311922,-105.581147,2020,12,8,6
West,Knight Hall,2020-12-08T07:00:00,40.0,,,,,,,,0.0276,,41.311922,-105.581147,2020,12,8,7
West,Knight Hall,2020-12-08T08:00:00,70.0,,,,,,,,0.048299999999999996,,41.311922,-105.581147,2020,12,8,8
West,Knight Hall,2020-12-08T09:00:00,70.0,,,,,,,,0.048299999999999996,,41.311922,-105.581147,2020,12,8,9
West,Knight Hall,2020-12-08T10:00:00,70.0,,,,,,,,0.048299999999999996,,41.311922,-105.581147,2020,12,8,10
West,Knight Hall,2020-12-08T11:00:00,70.0,,,,,,,,0.048299999999999996,,41.311922,-105.581147,2020,12,8,11
West,Knight Hall,2020-12-08T12:00:00,60.0,,,,,,,,0.0414,,41.311922,-105.581147,2020,12,8,12
West,Knight Hall,2020-12-08T13:00:00,70.0,,,,,,,,0.048299999999999996,,41.311922,-105.581147,2020,12,8,13
West,Knight Hall,2020-12-08T14:00:00,60.0,,,,,,,,0.0414,,41.311922,-105.581147,2020,12,8,14
West,Knight Hall,2020-12-08T15:00:00,60.0,,,,,,,,0.0414,,41.311922,-105.581147,2020,12,8,15
West,Knight Hall,2020-12-08T16:00:00,60.0,,,,,,,,0.0414,,41.311922,-105.581147,2020,12,8,16
West,Knight Hall,2020-12-08T17:00:00,50.0,,,,,,,,0.034499999999999996,,41.311922,-105.581147,2020,12,8,17
West,Knight Hall,2020-12-08T18:00:00,30.0,,,,,,,,0.0207,,41.311922,-105.581147,2020,12,8,18
West,Knight Hall,2020-12-08T19:00:00,40.0,,,,,,,,0.0276,,41.311922,-105.581147,2020,12,8,19
West,Knight Hall,2020-12-08T20:00:00,30.0,,,,,,,,0.0207,,41.311922,-105.581147,2020,12,8,20
West,Knight Hall,2020-12-08T21:00:00,30.0,,,,,,,,0.0207,,41.311922,-105.581147,2020,12,8,21
West,Knight Hall,2020-12-08T22:00:00,30.0,,,,,,,,0.0207,,41.311922,-105.581147,2020,12,8,22
West,Knight Hall,2020-12-08T23:00:00,30.0,,,,,,,,0.0207,,41.311922,-105.581147,2020,12,8,23
West,Knight Hall,2020-12-09T00:00:00,20.0,,,,,,,,0.0138,,41.311922,-105.581147,2020,12,9,0
West,Knight Hall,2020-12-09T01:00:00,30.0,,,,,,,,0.0207,,41.311922,-105.581147,2020,12,9,1
West,Knight Hall,2020-12-09T02:00:00,30.0,,,,,,,,0.0207,,41.311922,-105.581147,2020,12,9,2
West,Knight Hall,2020-12-09T03:00:00,20.0,,,,,,,,0.0138,,41.311922,-105.581147,2020,12,9,3
West,Knight Hall,2020-12-09T04:00:00,30.0,,,,,,,,0.0207,,41.311922,-105.581147,2020,12,9,4
West,Knight Hall,2020-12-09T05:00:00,30.0,,,,,,,,0.0207,,41.311922,-105.581147,2020,12,9,5
West,Knight Hall,2020-12-09T06:00:00,40.0,,,,,,,,0.0276,,41.311922,-105.581147,2020,12,9,6
West,Knight Hall,2020-12-09T07:00:00,30.0,,,,,,,,0.0207,,41.311922,-105.581147,2020,12,9,7
West,Knight Hall,2020-12-09T08:00:00,60.0,,,,,,,,0.0414,,41.311922,-105.581147,2020,12,9,8
West,Knight Hall,2020-12-09T09:00:00,70.0,,,,,,,,0.048299999999999996,,41.311922,-105.581147,2020,12,9,9
West,Knight Hall,2020-12-09T10:00:00,70.0,,,,,,,,0.048299999999999996,,41.311922,-105.581147,2020,12,9,10
West,Knight Hall,2020-12-09T11:00:00,60.0,,,,,,,,0.0414,,41.311922,-105.581147,2020,12,9,11
West,Knight Hall,2020-12-09T12:00:00,60.0,,,,,,,,0.0414,,41.311922,-105.581147,2020,12,9,12
West,Knight Hall,2020-12-09T13:00:00,60.0,,,,,,,,0.0414,,41.311922,-105.581147,2020,12,9,13
West,Knight Hall,2020-12-09T14:00:00,70.0,,,,,,,,0.048299999999999996,,41.311922,-105.581147,2020,12,9,14
West,Knight Hall,2020-12-09T15:00:00,60.0,,,,,,,,0.0414,,41.311922,-105.581147,2020,12,9,15
West,Knight Hall,2020-12-09T16:00:00,60.0,,,,,,,,0.0414,,41.311922,-105.581147,2020,12,9,16
West,Knight Hall,2020-12-09T17:00:00,40.0,,,,,,,,0.0276,,41.311922,-105.581147,2020,12,9,17
West,Knight Hall,2020-12-09T18:00:00,40.0,,,,,,,,0.0276,,41.311922,-105.581147,2020,12,9,18
West,Knight Hall,2020-12-09T19:00:00,30.0,,,,,,,,0.0207,,41.311922,-105.581147,2020,12,9,19
West,Knight Hall,2020-12-09T20:00:00,30.0,,,,,,,,0.0207,,41.311922,-105.581147,2020,12,9,20
West,Knight Hall,2020-12-09T21:00:00,30.0,,,,,,,,0.0207,,41.311922,-105.581147,2020,12,9,21
West,Knight Hall,2020-12-09T22:00:00,30.0,,,,,,,,0.0207,,41.311922,-105.581147,2020,12,9,22
West,Knight Hall,2020-12-09T23:00:00,30.0,,,,,,,,0.0207,,41.311922,-105.581147,2020,12,9,23
West,Knight Hall,2020-12-10T00:00:00,20.0,,,,,,,,0.0138,,41.311922,-105.581147,2020,12,10,0
West,Knight Hall,2020-12-10T01:00:00,30.0,,,,,,,,0.0207,,41.311922,-105.581147,2020,12,10,1
West,Knight Hall,2020-12-10T02:00:00,30.0,,,,,,,,0.0207,,41.311922,-105.581147,2020,12,10,2
West,Knight Hall,2020-12-10T03:00:00,20.0,,,,,,,,0.0138,,41.311922,-105.581147,2020,12,10,3
West,Knight Hall,2020-12-10T04:00:00,30.0,,,,,,,,0.0207,,41.311922,-105.581147,2020,12,10,4
West,Knight Hall,2020-12-10T05:00:00,40.0,,,,,,,,0.0276,,41.311922,-105.581147,2020,12,10,5
West,Knight Hall,2020-12-10T06:00:00,30.0,,,,,,,,0.0207,,41.311922,-105.581147,2020,12,10,6
West,Knight Hall,2020-12-10T07:00:00,40.0,,,,,,,,0.0276,,41.311922,-105.581147,2020,12,10,7
West,Knight Hall,2020-12-10T08:00:00,60.0,,,,,,,,0.0414,,41.311922,-105.581147,2020,12,10,8
West,Knight Hall,2020-12-10T09:00:00,60.0,,,,,,,,0.0414,,41.311922,-105.581147,2020,12,10,9
West,Knight Hall,2020-12-10T10:00:00,80.0,,,,,,,,0.0552,,41.311922,-105.581147,2020,12,10,10
West,Knight Hall,2020-12-10T11:00:00,60.0,,,,,,,,0.0414,,41.311922,-105.581147,2020,12,10,11
West,Knight Hall,2020-12-10T12:00:00,70.0,,,,,,,,0.048299999999999996,,41.311922,-105.581147,2020,12,10,12
West,Knight Hall,2020-12-10T13:00:00,60.0,,,,,,,,0.0414,,41.311922,-105.581147,2020,12,10,13
West,Knight Hall,2020-12-10T14:00:00,60.0,,,,,,,,0.0414,,41.311922,-105.581147,2020,12,10,14
West,Knight Hall,2020-12-10T15:00:00,60.0,,,,,,,,0.0414,,41.311922,-105.581147,2020,12,10,15
West,Knight Hall,2020-12-10T16:00:00,60.0,,,,,,,,0.0414,,41.311922,-105.581147,2020,12,10,16
West,Knight Hall,2020-12-10T17:00:00,50.0,,,,,,,,0.034499999999999996,,41.311922,-105.581147,2020,12,10,17
West,Knight Hall,2020-12-10T18:00:00,40.0,,,,,,,,0.0276,,41.311922,-105.581147,2020,12,10,18
West,Knight Hall,2020-12-10T19:00:00,30.0,,,,,,,,0.0207,,41.311922,-105.581147,2020,12,10,19
West,Knight Hall,2020-12-10T20:00:00,30.0,,,,,,,,0.0207,,41.311922,-105.581147,2020,12,10,20
West,Knight Hall,2020-12-10T21:00:00,30.0,,,,,,,,0.0207,,41.311922,-105.581147,2020,12,10,21
West,Knight Hall,2020-12-10T22:00:00,30.0,,,,,,,,0.0207,,41.311922,-105.581147,2020,12,10,22
West,Knight Hall,2020-12-10T23:00:00,30.0,,,,,,,,0.0207,,41.311922,-105.581147,2020,12,10,23
West,Knight Hall,2020-12-11T00:00:00,30.0,,,,,,,,0.0207,,41.311922,-105.581147,2020,12,11,0
West,Knight Hall,2020-12-11T01:00:00,20.0,,,,,,,,0.0138,,41.311922,-105.581147,2020,12,11,1
West,Knight Hall,2020-12-11T02:00:00,30.0,,,,,,,,0.0207,,41.311922,-105.581147,2020,12,11,2
West,Knight Hall,2020-12-11T03:00:00,30.0,,,,,,,,0.0207,,41.311922,-105.581147,2020,12,11,3
West,Knight Hall,2020-12-11T04:00:00,30.0,,,,,,,,0.0207,,41.311922,-105.581147,2020,12,11,4
West,Knight Hall,2020-12-11T05:00:00,30.0,,,,,,,,0.0207,,41.311922,-105.581147,2020,12,11,5
West,Knight Hall,2020-12-11T06:00:00,40.0,,,,,,,,0.0276,,41.311922,-105.581147,2020,12,11,6
West,Knight Hall,2020-12-11T07:00:00,30.0,,,,,,,,0.0207,,41.311922,-105.581147,2020,12,11,7
West,Knight Hall,2020-12-11T08:00:00,70.0,,,,,,,,0.048299999999999996,,41.311922,-105.581147,2020,12,11,8
West,Knight Hall,2020-12-11T09:00:00,70.0,,,,,,,,0.048299999999999996,,41.311922,-105.581147,2020,12,11,9
West,Knight Hall,2020-12-11T10:00:00,70.0,,,,,,,,0.048299999999999996,,41.311922,-105.581147,2020,12,11,10
West,Knight Hall,2020-12-11T11:00:00,70.0,,,,,,,,0.048299999999999996,,41.311922,-105.581147,2020,12,11,11
West,Knight Hall,2020-12-11T12:00:00,60.0,,,,,,,,0.0414,,41.311922,-105.581147,2020,12,11,12
West,Knight Hall,2020-12-11T13:00:00,70.0,,,,,,,,0.048299999999999996,,41.311922,-105.581147,2020,12,11,13
West,Knight Hall,2020-12-11T14:00:00,60.0,,,,,,,,0.0414,,41.311922,-105.581147,2020,12,11,14
West,Knight Hall,2020-12-11T15:00:00,70.0,,,,,,,,0.048299999999999996,,41.311922,-105.581147,2020,12,11,15
West,Knight Hall,2020-12-11T16:00:00,60.0,,,,,,,,0.0414,,41.311922,-105.581147,2020,12,11,16
West,Knight Hall,2020-12-11T17:00:00,50.0,,,,,,,,0.034499999999999996,,41.311922,-105.581147,2020,12,11,17
West,Knight Hall,2020-12-11T18:00:00,40.0,,,,,,,,0.0276,,41.311922,-105.581147,2020,12,11,18
West,Knight Hall,2020-12-11T19:00:00,40.0,,,,,,,,0.0276,,41.311922,-105.581147,2020,12,11,19
West,Knight Hall,2020-12-11T20:00:00,30.0,,,,,,,,0.0207,,41.311922,-105.581147,2020,12,11,20
West,Knight Hall,2020-12-11T21:00:00,30.0,,,,,,,,0.0207,,41.311922,-105.581147,2020,12,11,21
West,Knight Hall,2020-12-11T22:00:00,20.0,,,,,,,,0.0138,,41.311922,-105.581147,2020,12,11,22
West,Knight Hall,2020-12-11T23:00:00,30.0,,,,,,,,0.0207,,41.311922,-105.581147,2020,12,11,23
West,Knight Hall,2020-12-12T00:00:00,30.0,,,,,,,,0.0207,,41.311922,-105.581147,2020,12,12,0
West,Knight Hall,2020-12-12T01:00:00,20.0,,,,,,,,0.0138,,41.311922,-105.581147,2020,12,12,1
West,Knight Hall,2020-12-12T02:00:00,30.0,,,,,,,,0.0207,,41.311922,-105.581147,2020,12,12,2
West,Knight Hall,2020-12-12T03:00:00,30.0,,,,,,,,0.0207,,41.311922,-105.581147,2020,12,12,3
West,Knight Hall,2020-12-12T04:00:00,20.0,,,,,,,,0.0138,,41.311922,-105.581147,2020,12,12,4
West,Knight Hall,2020-12-12T05:00:00,30.0,,,,,,,,0.0207,,41.311922,-105.581147,2020,12,12,5
West,Knight Hall,2020-12-12T06:00:00,30.0,,,,,,,,0.0207,,41.311922,-105.581147,2020,12,12,6
West,Knight Hall,2020-12-12T07:00:00,30.0,,,,,,,,0.0207,,41.311922,-105.581147,2020,12,12,7
West,Knight Hall,2020-12-12T08:00:00,30.0,,,,,,,,0.0207,,41.311922,-105.581147,2020,12,12,8
West,Knight Hall,2020-12-12T09:00:00,30.0,,,,,,,,0.0207,,41.311922,-105.581147,2020,12,12,9
West,Knight Hall,2020-12-12T10:00:00,30.0,,,,,,,,0.0207,,41.311922,-105.581147,2020,12,12,10
West,Knight Hall,2020-12-12T11:00:00,30.0,,,,,,,,0.0207,,41.311922,-105.581147,2020,12,12,11
West,Knight Hall,2020-12-12T12:00:00,40.0,,,,,,,,0.0276,,41.311922,-105.581147,2020,12,12,12
West,Knight Hall,2020-12-12T13:00:00,30.0,,,,,,,,0.0207,,41.311922,-105.581147,2020,12,12,13
West,Knight Hall,2020-12-12T14:00:00,30.0,,,,,,,,0.0207,,41.311922,-105.581147,2020,12,12,14
West,Knight Hall,2020-12-12T15:00:00,30.0,,,,,,,,0.0207,,41.311922,-105.581147,2020,12,12,15
West,Knight Hall,2020-12-12T16:00:00,30.0,,,,,,,,0.0207,,41.311922,-105.581147,2020,12,12,16
West,Knight Hall,2020-12-12T17:00:00,30.0,,,,,,,,0.0207,,41.311922,-105.581147,2020,12,12,17
West,Knight Hall,2020-12-12T18:00:00,30.0,,,,,,,,0.0207,,41.311922,-105.581147,2020,12,12,18
West,Knight Hall,2020-12-12T19:00:00,30.0,,,,,,,,0.0207,,41.311922,-105.581147,2020,12,12,19
West,Knight Hall,2020-12-12T20:00:00,20.0,,,,,,,,0.0138,,41.311922,-105.581147,2020,12,12,20
West,Knight Hall,2020-12-12T21:00:00,30.0,,,,,,,,0.0207,,41.311922,-105.581147,2020,12,12,21
West,Knight Hall,2020-12-12T22:00:00,30.0,,,,,,,,0.0207,,41.311922,-105.581147,2020,12,12,22
West,Knight Hall,2020-12-12T23:00:00,30.0,,,,,,,,0.0207,,41.311922,-105.581147,2020,12,12,23
West,Knight Hall,2020-12-13T00:00:00,20.0,,,,,,,,0.0138,,41.311922,-105.581147,2020,12,13,0
West,Knight Hall,2020-12-13T01:00:00,30.0,,,,,,,,0.0207,,41.311922,-105.581147,2020,12,13,1
West,Knight Hall,2020-12-13T02:00:00,30.0,,,,,,,,0.0207,,41.311922,-105.581147,2020,12,13,2
West,Knight Hall,2020-12-13T03:00:00,20.0,,,,,,,,0.0138,,41.311922,-105.581147,2020,12,13,3
West,Knight Hall,2020-12-13T04:00:00,30.0,,,,,,,,0.0207,,41.311922,-105.581147,2020,12,13,4
West,Knight Hall,2020-12-13T05:00:00,30.0,,,,,,,,0.0207,,41.311922,-105.581147,2020,12,13,5
West,Knight Hall,2020-12-13T06:00:00,20.0,,,,,,,,0.0138,,41.311922,-105.581147,2020,12,13,6
West,Knight Hall,2020-12-13T07:00:00,30.0,,,,,,,,0.0207,,41.311922,-105.581147,2020,12,13,7
West,Knight Hall,2020-12-13T08:00:00,30.0,,,,,,,,0.0207,,41.311922,-105.581147,2020,12,13,8
West,Knight Hall,2020-12-13T09:00:00,30.0,,,,,,,,0.0207,,41.311922,-105.581147,2020,12,13,9
West,Knight Hall,2020-12-13T10:00:00,30.0,,,,,,,,0.0207,,41.311922,-105.581147,2020,12,13,10
West,Knight Hall,2020-12-13T11:00:00,30.0,,,,,,,,0.0207,,41.311922,-105.581147,2020,12,13,11
West,Knight Hall,2020-12-13T12:00:00,30.0,,,,,,,,0.0207,,41.311922,-105.581147,2020,12,13,12
West,Knight Hall,2020-12-13T13:00:00,20.0,,,,,,,,0.0138,,41.311922,-105.581147,2020,12,13,13
West,Knight Hall,2020-12-13T14:00:00,30.0,,,,,,,,0.0207,,41.311922,-105.581147,2020,12,13,14
West,Knight Hall,2020-12-13T15:00:00,30.0,,,,,,,,0.0207,,41.311922,-105.581147,2020,12,13,15
West,Knight Hall,2020-12-13T16:00:00,30.0,,,,,,,,0.0207,,41.311922,-105.581147,2020,12,13,16
West,Knight Hall,2020-12-13T17:00:00,30.0,,,,,,,,0.0207,,41.311922,-105.581147,2020,12,13,17
West,Knight Hall,2020-12-13T18:00:00,30.0,,,,,,,,0.0207,,41.311922,-105.581147,2020,12,13,18
West,Knight Hall,2020-12-13T19:00:00,20.0,,,,,,,,0.0138,,41.311922,-105.581147,2020,12,13,19
West,Knight Hall,2020-12-13T20:00:00,30.0,,,,,,,,0.0207,,41.311922,-105.581147,2020,12,13,20
West,Knight Hall,2020-12-13T21:00:00,30.0,,,,,,,,0.0207,,41.311922,-105.581147,2020,12,13,21
West,Knight Hall,2020-12-13T22:00:00,20.0,,,,,,,,0.0138,,41.311922,-105.581147,2020,12,13,22
West,Knight Hall,2020-12-13T23:00:00,30.0,,,,,,,,0.0207,,41.311922,-105.581147,2020,12,13,23
West,Knight Hall,2020-12-14T00:00:00,30.0,,,,,,,,0.0207,,41.311922,-105.581147,2020,12,14,0
West,Knight Hall,2020-12-14T01:00:00,20.0,,,,,,,,0.0138,,41.311922,-105.581147,2020,12,14,1
West,Knight Hall,2020-12-14T02:00:00,30.0,,,,,,,,0.0207,,41.311922,-105.581147,2020,12,14,2
West,Knight Hall,2020-12-14T03:00:00,30.0,,,,,,,,0.0207,,41.311922,-105.581147,2020,12,14,3
West,Knight Hall,2020-12-14T04:00:00,20.0,,,,,,,,0.0138,,41.311922,-105.581147,2020,12,14,4
West,Knight Hall,2020-12-14T05:00:00,30.0,,,,,,,,0.0207,,41.311922,-105.581147,2020,12,14,5
West,Knight Hall,2020-12-14T06:00:00,40.0,,,,,,,,0.0276,,41.311922,-105.581147,2020,12,14,6
West,Knight Hall,2020-12-14T07:00:00,30.0,,,,,,,,0.0207,,41.311922,-105.581147,2020,12,14,7
West,Knight Hall,2020-12-14T08:00:00,60.0,,,,,,,,0.0414,,41.311922,-105.581147,2020,12,14,8
West,Knight Hall,2020-12-14T09:00:00,70.0,,,,,,,,0.048299999999999996,,41.311922,-105.581147,2020,12,14,9
West,Knight Hall,2020-12-14T10:00:00,70.0,,,,,,,,0.048299999999999996,,41.311922,-105.581147,2020,12,14,10
West,Knight Hall,2020-12-14T11:00:00,70.0,,,,,,,,0.048299999999999996,,41.311922,-105.581147,2020,12,14,11
West,Knight Hall,2020-12-14T12:00:00,60.0,,,,,,,,0.0414,,41.311922,-105.581147,2020,12,14,12
West,Knight Hall,2020-12-14T13:00:00,60.0,,,,,,,,0.0414,,41.311922,-105.581147,2020,12,14,13
West,Knight Hall,2020-12-14T14:00:00,70.0,,,,,,,,0.048299999999999996,,41.311922,-105.581147,2020,12,14,14
West,Knight Hall,2020-12-14T15:00:00,60.0,,,,,,,,0.0414,,41.311922,-105.581147,2020,12,14,15
West,Knight Hall,2020-12-14T16:00:00,60.0,,,,,,,,0.0414,,41.311922,-105.581147,2020,12,14,16
West,Knight Hall,2020-12-14T17:00:00,50.0,,,,,,,,0.034499999999999996,,41.311922,-105.581147,2020,12,14,17
West,Knight Hall,2020-12-14T18:00:00,40.0,,,,,,,,0.0276,,41.311922,-105.581147,2020,12,14,18
West,Knight Hall,2020-12-14T19:00:00,40.0,,,,,,,,0.0276,,41.311922,-105.581147,2020,12,14,19
West,Knight Hall,2020-12-14T20:00:00,30.0,,,,,,,,0.0207,,41.311922,-105.581147,2020,12,14,20
West,Knight Hall,2020-12-14T21:00:00,30.0,,,,,,,,0.0207,,41.311922,-105.581147,2020,12,14,21
West,Knight Hall,2020-12-14T22:00:00,30.0,,,,,,,,0.0207,,41.311922,-105.581147,2020,12,14,22
West,Knight Hall,2020-12-14T23:00:00,30.0,,,,,,,,0.0207,,41.311922,-105.581147,2020,12,14,23
West,Knight Hall,2020-12-15T00:00:00,30.0,,,,,,,,0.0207,,41.311922,-105.581147,2020,12,15,0
West,Knight Hall,2020-12-15T01:00:00,30.0,,,,,,,,0.0207,,41.311922,-105.581147,2020,12,15,1
West,Knight Hall,2020-12-15T02:00:00,30.0,,,,,,,,0.0207,,41.311922,-105.581147,2020,12,15,2
West,Knight Hall,2020-12-15T03:00:00,30.0,,,,,,,,0.0207,,41.311922,-105.581147,2020,12,15,3
West,Knight Hall,2020-12-15T04:00:00,30.0,,,,,,,,0.0207,,41.311922,-105.581147,2020,12,15,4
West,Knight Hall,2020-12-15T05:00:00,40.0,,,,,,,,0.0276,,41.311922,-105.581147,2020,12,15,5
West,Knight Hall,2020-12-15T06:00:00,30.0,,,,,,,,0.0207,,41.311922,-105.581147,2020,12,15,6
West,Knight Hall,2020-12-15T07:00:00,40.0,,,,,,,,0.0276,,41.311922,-105.581147,2020,12,15,7
West,Knight Hall,2020-12-15T08:00:00,60.0,,,,,,,,0.0414,,41.311922,-105.581147,2020,12,15,8
West,Knight Hall,2020-12-15T09:00:00,70.0,,,,,,,,0.048299999999999996,,41.311922,-105.581147,2020,12,15,9
West,Knight Hall,2020-12-15T10:00:00,70.0,,,,,,,,0.048299999999999996,,41.311922,-105.581147,2020,12,15,10
West,Knight Hall,2020-12-15T11:00:00,70.0,,,,,,,,0.048299999999999996,,41.311922,-105.581147,2020,12,15,11
West,Knight Hall,2020-12-15T12:00:00,70.0,,,,,,,,0.048299999999999996,,41.311922,-105.581147,2020,12,15,12
West,Knight Hall,2020-12-15T13:00:00,60.0,,,,,,,,0.0414,,41.311922,-105.581147,2020,12,15,13
West,Knight Hall,2020-12-15T14:00:00,60.0,,,,,,,,0.0414,,41.311922,-105.581147,2020,12,15,14
West,Knight Hall,2020-12-15T15:00:00,60.0,,,,,,,,0.0414,,41.311922,-105.581147,2020,12,15,15
West,Knight Hall,2020-12-15T16:00:00,60.0,,,,,,,,0.0414,,41.311922,-105.581147,2020,12,15,16
West,Knight Hall,2020-12-15T17:00:00,40.0,,,,,,,,0.0276,,41.311922,-105.581147,2020,12,15,17
West,Knight Hall,2020-12-15T18:00:00,40.0,,,,,,,,0.0276,,41.311922,-105.581147,2020,12,15,18
West,Knight Hall,2020-12-15T19:00:00,30.0,,,,,,,,0.0207,,41.311922,-105.581147,2020,12,15,19
West,Knight Hall,2020-12-15T20:00:00,40.0,,,,,,,,0.0276,,41.311922,-105.581147,2020,12,15,20
West,Knight Hall,2020-12-15T21:00:00,30.0,,,,,,,,0.0207,,41.311922,-105.581147,2020,12,15,21
West,Knight Hall,2020-12-15T22:00:00,30.0,,,,,,,,0.0207,,41.311922,-105.581147,2020,12,15,22
West,Knight Hall,2020-12-15T23:00:00,30.0,,,,,,,,0.0207,,41.311922,-105.581147,2020,12,15,23
West,Knight Hall,2020-12-16T00:00:00,20.0,,,,,,,,0.0138,,41.311922,-105.581147,2020,12,16,0
West,Knight Hall,2020-12-16T01:00:00,30.0,,,,,,,,0.0207,,41.311922,-105.581147,2020,12,16,1
West,Knight Hall,2020-12-16T02:00:00,30.0,,,,,,,,0.0207,,41.311922,-105.581147,2020,12,16,2
West,Knight Hall,2020-12-16T03:00:00,30.0,,,,,,,,0.0207,,41.311922,-105.581147,2020,12,16,3
West,Knight Hall,2020-12-16T04:00:00,20.0,,,,,,,,0.0138,,41.311922,-105.581147,2020,12,16,4
West,Knight Hall,2020-12-16T05:00:00,40.0,,,,,,,,0.0276,,41.311922,-105.581147,2020,12,16,5
West,Knight Hall,2020-12-16T06:00:00,30.0,,,,,,,,0.0207,,41.311922,-105.581147,2020,12,16,6
West,Knight Hall,2020-12-16T07:00:00,40.0,,,,,,,,0.0276,,41.311922,-105.581147,2020,12,16,7
West,Knight Hall,2020-12-16T08:00:00,60.0,,,,,,,,0.0414,,41.311922,-105.581147,2020,12,16,8
West,Knight Hall,2020-12-16T09:00:00,60.0,,,,,,,,0.0414,,41.311922,-105.581147,2020,12,16,9
West,Knight Hall,2020-12-16T10:00:00,70.0,,,,,,,,0.048299999999999996,,41.311922,-105.581147,2020,12,16,10
West,Knight Hall,2020-12-16T11:00:00,70.0,,,,,,,,0.048299999999999996,,41.311922,-105.581147,2020,12,16,11
West,Knight Hall,2020-12-16T12:00:00,60.0,,,,,,,,0.0414,,41.311922,-105.581147,2020,12,16,12
West,Knight Hall,2020-12-16T13:00:00,70.0,,,,,,,,0.048299999999999996,,41.311922,-105.581147,2020,12,16,13
West,Knight Hall,2020-12-16T14:00:00,60.0,,,,,,,,0.0414,,41.311922,-105.581147,2020,12,16,14
West,Knight Hall,2020-12-16T15:00:00,60.0,,,,,,,,0.0414,,41.311922,-105.581147,2020,12,16,15
West,Knight Hall,2020-12-16T16:00:00,60.0,,,,,,,,0.0414,,41.311922,-105.581147,2020,12,16,16
West,Knight Hall,2020-12-16T17:00:00,40.0,,,,,,,,0.0276,,41.311922,-105.581147,2020,12,16,17
West,Knight Hall,2020-12-16T18:00:00,40.0,,,,,,,,0.0276,,41.311922,-105.581147,2020,12,16,18
West,Knight Hall,2020-12-16T19:00:00,30.0,,,,,,,,0.0207,,41.311922,-105.581147,2020,12,16,19
West,Knight Hall,2020-12-16T20:00:00,30.0,,,,,,,,0.0207,,41.311922,-105.581147,2020,12,16,20
West,Knight Hall,2020-12-16T21:00:00,30.0,,,,,,,,0.0207,,41.311922,-105.581147,2020,12,16,21
West,Knight Hall,2020-12-16T22:00:00,30.0,,,,,,,,0.0207,,41.311922,-105.581147,2020,12,16,22
West,Knight Hall,2020-12-16T23:00:00,30.0,,,,,,,,0.0207,,41.311922,-105.581147,2020,12,16,23
West,Knight Hall,2020-12-17T00:00:00,30.0,,,,,,,,0.0207,,41.311922,-105.581147,2020,12,17,0
West,Knight Hall,2020-12-17T01:00:00,20.0,,,,,,,,0.0138,,41.311922,-105.581147,2020,12,17,1
West,Knight Hall,2020-12-17T02:00:00,30.0,,,,,,,,0.0207,,41.311922,-105.581147,2020,12,17,2
West,Knight Hall,2020-12-17T03:00:00,30.0,,,,,,,,0.0207,,41.311922,-105.581147,2020,12,17,3
West,Knight Hall,2020-12-17T04:00:00,30.0,,,,,,,,0.0207,,41.311922,-105.581147,2020,12,17,4
West,Knight Hall,2020-12-17T05:00:00,30.0,,,,,,,,0.0207,,41.311922,-105.581147,2020,12,17,5
West,Knight Hall,2020-12-17T06:00:00,30.0,,,,,,,,0.0207,,41.311922,-105.581147,2020,12,17,6
West,Knight Hall,2020-12-17T07:00:00,30.0,,,,,,,,0.0207,,41.311922,-105.581147,2020,12,17,7
West,Knight Hall,2020-12-17T08:00:00,70.0,,,,,,,,0.048299999999999996,,41.311922,-105.581147,2020,12,17,8
West,Knight Hall,2020-12-17T09:00:00,60.0,,,,,,,,0.0414,,41.311922,-105.581147,2020,12,17,9
West,Knight Hall,2020-12-17T10:00:00,70.0,,,,,,,,0.048299999999999996,,41.311922,-105.581147,2020,12,17,10
West,Knight Hall,2020-12-17T11:00:00,70.0,,,,,,,,0.048299999999999996,,41.311922,-105.581147,2020,12,17,11
West,Knight Hall,2020-12-17T12:00:00,60.0,,,,,,,,0.0414,,41.311922,-105.581147,2020,12,17,12
West,Knight Hall,2020-12-17T13:00:00,60.0,,,,,,,,0.0414,,41.311922,-105.581147,2020,12,17,13
West,Knight Hall,2020-12-17T14:00:00,70.0,,,,,,,,0.048299999999999996,,41.311922,-105.581147,2020,12,17,14
West,Knight Hall,2020-12-17T15:00:00,60.0,,,,,,,,0.0414,,41.311922,-105.581147,2020,12,17,15
West,Knight Hall,2020-12-17T16:00:00,60.0,,,,,,,,0.0414,,41.311922,-105.581147,2020,12,17,16
West,Knight Hall,2020-12-17T17:00:00,50.0,,,,,,,,0.034499999999999996,,41.311922,-105.581147,2020,12,17,17
West,Knight Hall,2020-12-17T18:00:00,40.0,,,,,,,,0.0276,,41.311922,-105.581147,2020,12,17,18
West,Knight Hall,2020-12-17T19:00:00,40.0,,,,,,,,0.0276,,41.311922,-105.581147,2020,12,17,19
West,Knight Hall,2020-12-17T20:00:00,30.0,,,,,,,,0.0207,,41.311922,-105.581147,2020,12,17,20
West,Knight Hall,2020-12-17T21:00:00,40.0,,,,,,,,0.0276,,41.311922,-105.581147,2020,12,17,21
West,Knight Hall,2020-12-17T22:00:00,30.0,,,,,,,,0.0207,,41.311922,-105.581147,2020,12,17,22
West,Knight Hall,2020-12-17T23:00:00,20.0,,,,,,,,0.0138,,41.311922,-105.581147,2020,12,17,23
West,Knight Hall,2020-12-18T00:00:00,30.0,,,,,,,,0.0207,,41.311922,-105.581147,2020,12,18,0
West,Knight Hall,2020-12-18T01:00:00,30.0,,,,,,,,0.0207,,41.311922,-105.581147,2020,12,18,1
West,Knight Hall,2020-12-18T02:00:00,20.0,,,,,,,,0.0138,,41.311922,-105.581147,2020,12,18,2
West,Knight Hall,2020-12-18T03:00:00,30.0,,,,,,,,0.0207,,41.311922,-105.581147,2020,12,18,3
West,Knight Hall,2020-12-18T04:00:00,30.0,,,,,,,,0.0207,,41.311922,-105.581147,2020,12,18,4
West,Knight Hall,2020-12-18T05:00:00,30.0,,,,,,,,0.0207,,41.311922,-105.581147,2020,12,18,5
West,Knight Hall,2020-12-18T06:00:00,40.0,,,,,,,,0.0276,,41.311922,-105.581147,2020,12,18,6
West,Knight Hall,2020-12-18T07:00:00,40.0,,,,,,,,0.0276,,41.311922,-105.581147,2020,12,18,7
West,Knight Hall,2020-12-18T08:00:00,60.0,,,,,,,,0.0414,,41.311922,-105.581147,2020,12,18,8
West,Knight Hall,2020-12-18T09:00:00,60.0,,,,,,,,0.0414,,41.311922,-105.581147,2020,12,18,9
West,Knight Hall,2020-12-18T10:00:00,70.0,,,,,,,,0.048299999999999996,,41.311922,-105.581147,2020,12,18,10
West,Knight Hall,2020-12-18T11:00:00,70.0,,,,,,,,0.048299999999999996,,41.311922,-105.581147,2020,12,18,11
West,Knight Hall,2020-12-18T12:00:00,60.0,,,,,,,,0.0414,,41.311922,-105.581147,2020,12,18,12
West,Knight Hall,2020-12-18T13:00:00,60.0,,,,,,,,0.0414,,41.311922,-105.581147,2020,12,18,13
West,Knight Hall,2020-12-18T14:00:00,60.0,,,,,,,,0.0414,,41.311922,-105.581147,2020,12,18,14
West,Knight Hall,2020-12-18T15:00:00,60.0,,,,,,,,0.0414,,41.311922,-105.581147,2020,12,18,15
West,Knight Hall,2020-12-18T16:00:00,20.0,,,,,,,,0.0138,,41.311922,-105.581147,2020,12,18,16
West,Knight Hall,2020-12-18T17:00:00,,,,,,,,,,,41.311922,-105.581147,2020,12,18,17
West,Knight Hall,2020-12-18T18:00:00,,,,,,,,,,,41.311922,-105.581147,2020,12,18,18
West,Knight Hall,2020-12-18T19:00:00,,,,,,,,,,,41.311922,-105.581147,2020,12,18,19
West,Knight Hall,2020-12-18T20:00:00,,,,,,,,,,,41.311922,-105.581147,2020,12,18,20
West,Knight Hall,2020-12-18T21:00:00,,,,,,,,,,,41.311922,-105.581147,2020,12,18,21
West,Knight Hall,2020-12-18T22:00:00,,,,,,,,,,,41.311922,-105.581147,2020,12,18,22
West,Knight Hall,2020-12-18T23:00:00,,,,,,,,,,,41.311922,-105.581147,2020,12,18,23
West,Knight Hall,2020-12-19T00:00:00,20.0,,,,,,,,0.0138,,41.311922,-105.581147,2020,12,19,0
West,Knight Hall,2020-12-19T01:00:00,30.0,,,,,,,,0.0207,,41.311922,-105.581147,2020,12,19,1
West,Knight Hall,2020-12-19T02:00:00,30.0,,,,,,,,0.0207,,41.311922,-105.581147,2020,12,19,2
West,Knight Hall,2020-12-19T03:00:00,20.0,,,,,,,,0.0138,,41.311922,-105.581147,2020,12,19,3
West,Knight Hall,2020-12-19T04:00:00,30.0,,,,,,,,0.0207,,41.311922,-105.581147,2020,12,19,4
West,Knight Hall,2020-12-19T05:00:00,30.0,,,,,,,,0.0207,,41.311922,-105.581147,2020,12,19,5
West,Knight Hall,2020-12-19T06:00:00,20.0,,,,,,,,0.0138,,41.311922,-105.581147,2020,12,19,6
West,Knight Hall,2020-12-19T07:00:00,30.0,,,,,,,,0.0207,,41.311922,-105.581147,2020,12,19,7
West,Knight Hall,2020-12-19T08:00:00,30.0,,,,,,,,0.0207,,41.311922,-105.581147,2020,12,19,8
West,Knight Hall,2020-12-19T09:00:00,30.0,,,,,,,,0.0207,,41.311922,-105.581147,2020,12,19,9
West,Knight Hall,2020-12-19T10:00:00,30.0,,,,,,,,0.0207,,41.311922,-105.581147,2020,12,19,10
West,Knight Hall,2020-12-19T11:00:00,40.0,,,,,,,,0.0276,,41.311922,-105.581147,2020,12,19,11
West,Knight Hall,2020-12-19T12:00:00,30.0,,,,,,,,0.0207,,41.311922,-105.581147,2020,12,19,12
West,Knight Hall,2020-12-19T13:00:00,30.0,,,,,,,,0.0207,,41.311922,-105.581147,2020,12,19,13
West,Knight Hall,2020-12-19T14:00:00,30.0,,,,,,,,0.0207,,41.311922,-105.581147,2020,12,19,14
West,Knight Hall,2020-12-19T15:00:00,30.0,,,,,,,,0.0207,,41.311922,-105.581147,2020,12,19,15
West,Knight Hall,2020-12-19T16:00:00,20.0,,,,,,,,0.0138,,41.311922,-105.581147,2020,12,19,16
West,Knight Hall,2020-12-19T17:00:00,30.0,,,,,,,,0.0207,,41.311922,-105.581147,2020,12,19,17
West,Knight Hall,2020-12-19T18:00:00,30.0,,,,,,,,0.0207,,41.311922,-105.581147,2020,12,19,18
West,Knight Hall,2020-12-19T19:00:00,30.0,,,,,,,,0.0207,,41.311922,-105.581147,2020,12,19,19
West,Knight Hall,2020-12-19T20:00:00,20.0,,,,,,,,0.0138,,41.311922,-105.581147,2020,12,19,20
West,Knight Hall,2020-12-19T21:00:00,30.0,,,,,,,,0.0207,,41.311922,-105.581147,2020,12,19,21
West,Knight Hall,2020-12-19T22:00:00,30.0,,,,,,,,0.0207,,41.311922,-105.581147,2020,12,19,22
West,Knight Hall,2020-12-19T23:00:00,30.0,,,,,,,,0.0207,,41.311922,-105.581147,2020,12,19,23
West,Knight Hall,2020-12-20T00:00:00,20.0,,,,,,,,0.0138,,41.311922,-105.581147,2020,12,20,0
West,Knight Hall,2020-12-20T01:00:00,30.0,,,,,,,,0.0207,,41.311922,-105.581147,2020,12,20,1
West,Knight Hall,2020-12-20T02:00:00,30.0,,,,,,,,0.0207,,41.311922,-105.581147,2020,12,20,2
West,Knight Hall,2020-12-20T03:00:00,30.0,,,,,,,,0.0207,,41.311922,-105.581147,2020,12,20,3
West,Knight Hall,2020-12-20T04:00:00,20.0,,,,,,,,0.0138,,41.311922,-105.581147,2020,12,20,4
West,Knight Hall,2020-12-20T05:00:00,30.0,,,,,,,,0.0207,,41.311922,-105.581147,2020,12,20,5
West,Knight Hall,2020-12-20T06:00:00,30.0,,,,,,,,0.0207,,41.311922,-105.581147,2020,12,20,6
West,Knight Hall,2020-12-20T07:00:00,30.0,,,,,,,,0.0207,,41.311922,-105.581147,2020,12,20,7
West,Knight Hall,2020-12-20T08:00:00,30.0,,,,,,,,0.0207,,41.311922,-105.581147,2020,12,20,8
West,Knight Hall,2020-12-20T09:00:00,30.0,,,,,,,,0.0207,,41.311922,-105.581147,2020,12,20,9
West,Knight Hall,2020-12-20T10:00:00,30.0,,,,,,,,0.0207,,41.311922,-105.581147,2020,12,20,10
West,Knight Hall,2020-12-20T11:00:00,30.0,,,,,,,,0.0207,,41.311922,-105.581147,2020,12,20,11
West,Knight Hall,2020-12-20T12:00:00,30.0,,,,,,,,0.0207,,41.311922,-105.581147,2020,12,20,12
West,Knight Hall,2020-12-20T13:00:00,30.0,,,,,,,,0.0207,,41.311922,-105.581147,2020,12,20,13
West,Knight Hall,2020-12-20T14:00:00,30.0,,,,,,,,0.0207,,41.311922,-105.581147,2020,12,20,14
West,Knight Hall,2020-12-20T15:00:00,30.0,,,,,,,,0.0207,,41.311922,-105.581147,2020,12,20,15
West,Knight Hall,2020-12-20T16:00:00,30.0,,,,,,,,0.0207,,41.311922,-105.581147,2020,12,20,16
West,Knight Hall,2020-12-20T17:00:00,20.0,,,,,,,,0.0138,,41.311922,-105.581147,2020,12,20,17
West,Knight Hall,2020-12-20T18:00:00,30.0,,,,,,,,0.0207,,41.311922,-105.581147,2020,12,20,18
West,Knight Hall,2020-12-20T19:00:00,30.0,,,,,,,,0.0207,,41.311922,-105.581147,2020,12,20,19
West,Knight Hall,2020-12-20T20:00:00,30.0,,,,,,,,0.0207,,41.311922,-105.581147,2020,12,20,20
West,Knight Hall,2020-12-20T21:00:00,20.0,,,,,,,,0.0138,,41.311922,-105.581147,2020,12,20,21
West,Knight Hall,2020-12-20T22:00:00,30.0,,,,,,,,0.0207,,41.311922,-105.581147,2020,12,20,22
West,Knight Hall,2020-12-20T23:00:00,30.0,,,,,,,,0.0207,,41.311922,-105.581147,2020,12,20,23
West,Knight Hall,2020-12-21T00:00:00,30.0,,,,,,,,0.0207,,41.311922,-105.581147,2020,12,21,0
West,Knight Hall,2020-12-21T01:00:00,20.0,,,,,,,,0.0138,,41.311922,-105.581147,2020,12,21,1
West,Knight Hall,2020-12-21T02:00:00,30.0,,,,,,,,0.0207,,41.311922,-105.581147,2020,12,21,2
West,Knight Hall,2020-12-21T03:00:00,30.0,,,,,,,,0.0207,,41.311922,-105.581147,2020,12,21,3
West,Knight Hall,2020-12-21T04:00:00,30.0,,,,,,,,0.0207,,41.311922,-105.581147,2020,12,21,4
West,Knight Hall,2020-12-21T05:00:00,30.0,,,,,,,,0.0207,,41.311922,-105.581147,2020,12,21,5
West,Knight Hall,2020-12-21T06:00:00,30.0,,,,,,,,0.0207,,41.311922,-105.581147,2020,12,21,6
West,Knight Hall,2020-12-21T07:00:00,40.0,,,,,,,,0.0276,,41.311922,-105.581147,2020,12,21,7
West,Knight Hall,2020-12-21T08:00:00,60.0,,,,,,,,0.0414,,41.311922,-105.581147,2020,12,21,8
West,Knight Hall,2020-12-21T09:00:00,60.0,,,,,,,,0.0414,,41.311922,-105.581147,2020,12,21,9
West,Knight Hall,2020-12-21T10:00:00,60.0,,,,,,,,0.0414,,41.311922,-105.581147,2020,12,21,10
West,Knight Hall,2020-12-21T11:00:00,70.0,,,,,,,,0.048299999999999996,,41.311922,-105.581147,2020,12,21,11
West,Knight Hall,2020-12-21T12:00:00,60.0,,,,,,,,0.0414,,41.311922,-105.581147,2020,12,21,12
West,Knight Hall,2020-12-21T13:00:00,60.0,,,,,,,,0.0414,,41.311922,-105.581147,2020,12,21,13
West,Knight Hall,2020-12-21T14:00:00,60.0,,,,,,,,0.0414,,41.311922,-105.581147,2020,12,21,14
West,Knight Hall,2020-12-21T15:00:00,70.0,,,,,,,,0.048299999999999996,,41.311922,-105.581147,2020,12,21,15
West,Knight Hall,2020-12-21T16:00:00,60.0,,,,,,,,0.0414,,41.311922,-105.581147,2020,12,21,16
West,Knight Hall,2020-12-21T17:00:00,40.0,,,,,,,,0.0276,,41.311922,-105.581147,2020,12,21,17
West,Knight Hall,2020-12-21T18:00:00,40.0,,,,,,,,0.0276,,41.311922,-105.581147,2020,12,21,18
West,Knight Hall,2020-12-21T19:00:00,30.0,,,,,,,,0.0207,,41.311922,-105.581147,2020,12,21,19
West,Knight Hall,2020-12-21T20:00:00,30.0,,,,,,,,0.0207,,41.311922,-105.581147,2020,12,21,20
West,Knight Hall,2020-12-21T21:00:00,30.0,,,,,,,,0.0207,,41.311922,-105.581147,2020,12,21,21
West,Knight Hall,2020-12-21T22:00:00,40.0,,,,,,,,0.0276,,41.311922,-105.581147,2020,12,21,22
West,Knight Hall,2020-12-21T23:00:00,20.0,,,,,,,,0.0138,,41.311922,-105.581147,2020,12,21,23
West,Knight Hall,2020-12-22T00:00:00,30.0,,,,,,,,0.0207,,41.311922,-105.581147,2020,12,22,0
West,Knight Hall,2020-12-22T01:00:00,30.0,,,,,,,,0.0207,,41.311922,-105.581147,2020,12,22,1
West,Knight Hall,2020-12-22T02:00:00,20.0,,,,,,,,0.0138,,41.311922,-105.581147,2020,12,22,2
West,Knight Hall,2020-12-22T03:00:00,30.0,,,,,,,,0.0207,,41.311922,-105.581147,2020,12,22,3
West,Knight Hall,2020-12-22T04:00:00,30.0,,,,,,,,0.0207,,41.311922,-105.581147,2020,12,22,4
West,Knight Hall,2020-12-22T05:00:00,30.0,,,,,,,,0.0207,,41.311922,-105.581147,2020,12,22,5
West,Knight Hall,2020-12-22T06:00:00,30.0,,,,,,,,0.0207,,41.311922,-105.581147,2020,12,22,6
West,Knight Hall,2020-12-22T07:00:00,40.0,,,,,,,,0.0276,,41.311922,-105.581147,2020,12,22,7
West,Knight Hall,2020-12-22T08:00:00,50.0,,,,,,,,0.034499999999999996,,41.311922,-105.581147,2020,12,22,8
West,Knight Hall,2020-12-22T09:00:00,70.0,,,,,,,,0.048299999999999996,,41.311922,-105.581147,2020,12,22,9
West,Knight Hall,2020-12-22T10:00:00,60.0,,,,,,,,0.0414,,41.311922,-105.581147,2020,12,22,10
West,Knight Hall,2020-12-22T11:00:00,70.0,,,,,,,,0.048299999999999996,,41.311922,-105.581147,2020,12,22,11
West,Knight Hall,2020-12-22T12:00:00,60.0,,,,,,,,0.0414,,41.311922,-105.581147,2020,12,22,12
West,Knight Hall,2020-12-22T13:00:00,60.0,,,,,,,,0.0414,,41.311922,-105.581147,2020,12,22,13
West,Knight Hall,2020-12-22T14:00:00,60.0,,,,,,,,0.0414,,41.311922,-105.581147,2020,12,22,14
West,Knight Hall,2020-12-22T15:00:00,60.0,,,,,,,,0.0414,,41.311922,-105.581147,2020,12,22,15
West,Knight Hall,2020-12-22T16:00:00,60.0,,,,,,,,0.0414,,41.311922,-105.581147,2020,12,22,16
West,Knight Hall,2020-12-22T17:00:00,50.0,,,,,,,,0.034499999999999996,,41.311922,-105.581147,2020,12,22,17
West,Knight Hall,2020-12-22T18:00:00,50.0,,,,,,,,0.034499999999999996,,41.311922,-105.581147,2020,12,22,18
West,Knight Hall,2020-12-22T19:00:00,40.0,,,,,,,,0.0276,,41.311922,-105.581147,2020,12,22,19
West,Knight Hall,2020-12-22T20:00:00,40.0,,,,,,,,0.0276,,41.311922,-105.581147,2020,12,22,20
West,Knight Hall,2020-12-22T21:00:00,30.0,,,,,,,,0.0207,,41.311922,-105.581147,2020,12,22,21
West,Knight Hall,2020-12-22T22:00:00,30.0,,,,,,,,0.0207,,41.311922,-105.581147,2020,12,22,22
West,Knight Hall,2020-12-22T23:00:00,30.0,,,,,,,,0.0207,,41.311922,-105.581147,2020,12,22,23
West,Knight Hall,2020-12-23T00:00:00,30.0,,,,,,,,0.0207,,41.311922,-105.581147,2020,12,23,0
West,Knight Hall,2020-12-23T01:00:00,30.0,,,,,,,,0.0207,,41.311922,-105.581147,2020,12,23,1
West,Knight Hall,2020-12-23T02:00:00,30.0,,,,,,,,0.0207,,41.311922,-105.581147,2020,12,23,2
West,Knight Hall,2020-12-23T03:00:00,20.0,,,,,,,,0.0138,,41.311922,-105.581147,2020,12,23,3
West,Knight Hall,2020-12-23T04:00:00,30.0,,,,,,,,0.0207,,41.311922,-105.581147,2020,12,23,4
West,Knight Hall,2020-12-23T05:00:00,40.0,,,,,,,,0.0276,,41.311922,-105.581147,2020,12,23,5
West,Knight Hall,2020-12-23T06:00:00,30.0,,,,,,,,0.0207,,41.311922,-105.581147,2020,12,23,6
West,Knight Hall,2020-12-23T07:00:00,40.0,,,,,,,,0.0276,,41.311922,-105.581147,2020,12,23,7
West,Knight Hall,2020-12-23T08:00:00,50.0,,,,,,,,0.034499999999999996,,41.311922,-105.581147,2020,12,23,8
West,Knight Hall,2020-12-23T09:00:00,60.0,,,,,,,,0.0414,,41.311922,-105.581147,2020,12,23,9
West,Knight Hall,2020-12-23T10:00:00,60.0,,,,,,,,0.0414,,41.311922,-105.581147,2020,12,23,10
West,Knight Hall,2020-12-23T11:00:00,60.0,,,,,,,,0.0414,,41.311922,-105.581147,2020,12,23,11
West,Knight Hall,2020-12-23T12:00:00,60.0,,,,,,,,0.0414,,41.311922,-105.581147,2020,12,23,12
West,Knight Hall,2020-12-23T13:00:00,60.0,,,,,,,,0.0414,,41.311922,-105.581147,2020,12,23,13
West,Knight Hall,2020-12-23T14:00:00,50.0,,,,,,,,0.034499999999999996,,41.311922,-105.581147,2020,12,23,14
West,Knight Hall,2020-12-23T15:00:00,60.0,,,,,,,,0.0414,,41.311922,-105.581147,2020,12,23,15
West,Knight Hall,2020-12-23T16:00:00,50.0,,,,,,,,0.034499999999999996,,41.311922,-105.581147,2020,12,23,16
West,Knight Hall,2020-12-23T17:00:00,50.0,,,,,,,,0.034499999999999996,,41.311922,-105.581147,2020,12,23,17
West,Knight Hall,2020-12-23T18:00:00,30.0,,,,,,,,0.0207,,41.311922,-105.581147,2020,12,23,18
West,Knight Hall,2020-12-23T19:00:00,30.0,,,,,,,,0.0207,,41.311922,-105.581147,2020,12,23,19
West,Knight Hall,2020-12-23T20:00:00,30.0,,,,,,,,0.0207,,41.311922,-105.581147,2020,12,23,20
West,Knight Hall,2020-12-23T21:00:00,30.0,,,,,,,,0.0207,,41.311922,-105.581147,2020,12,23,21
West,Knight Hall,2020-12-23T22:00:00,20.0,,,,,,,,0.0138,,41.311922,-105.581147,2020,12,23,22
West,Knight Hall,2020-12-23T23:00:00,30.0,,,,,,,,0.0207,,41.311922,-105.581147,2020,12,23,23
West,Knight Hall,2020-12-24T00:00:00,30.0,,,,,,,,0.0207,,41.311922,-105.581147,2020,12,24,0
West,Knight Hall,2020-12-24T01:00:00,20.0,,,,,,,,0.0138,,41.311922,-105.581147,2020,12,24,1
West,Knight Hall,2020-12-24T02:00:00,30.0,,,,,,,,0.0207,,41.311922,-105.581147,2020,12,24,2
West,Knight Hall,2020-12-24T03:00:00,30.0,,,,,,,,0.0207,,41.311922,-105.581147,2020,12,24,3
West,Knight Hall,2020-12-24T04:00:00,30.0,,,,,,,,0.0207,,41.311922,-105.581147,2020,12,24,4
West,Knight Hall,2020-12-24T05:00:00,30.0,,,,,,,,0.0207,,41.311922,-105.581147,2020,12,24,5
West,Knight Hall,2020-12-24T06:00:00,30.0,,,,,,,,0.0207,,41.311922,-105.581147,2020,12,24,6
West,Knight Hall,2020-12-24T07:00:00,30.0,,,,,,,,0.0207,,41.311922,-105.581147,2020,12,24,7
West,Knight Hall,2020-12-24T08:00:00,40.0,,,,,,,,0.0276,,41.311922,-105.581147,2020,12,24,8
West,Knight Hall,2020-12-24T09:00:00,30.0,,,,,,,,0.0207,,41.311922,-105.581147,2020,12,24,9
West,Knight Hall,2020-12-24T10:00:00,30.0,,,,,,,,0.0207,,41.311922,-105.581147,2020,12,24,10
West,Knight Hall,2020-12-24T11:00:00,40.0,,,,,,,,0.0276,,41.311922,-105.581147,2020,12,24,11
West,Knight Hall,2020-12-24T12:00:00,30.0,,,,,,,,0.0207,,41.311922,-105.581147,2020,12,24,12
West,Knight Hall,2020-12-24T13:00:00,30.0,,,,,,,,0.0207,,41.311922,-105.581147,2020,12,24,13
West,Knight Hall,2020-12-24T14:00:00,30.0,,,,,,,,0.0207,,41.311922,-105.581147,2020,12,24,14
West,Knight Hall,2020-12-24T15:00:00,30.0,,,,,,,,0.0207,,41.311922,-105.581147,2020,12,24,15
West,Knight Hall,2020-12-24T16:00:00,30.0,,,,,,,,0.0207,,41.311922,-105.581147,2020,12,24,16
West,Knight Hall,2020-12-24T17:00:00,30.0,,,,,,,,0.0207,,41.311922,-105.581147,2020,12,24,17
West,Knight Hall,2020-12-24T18:00:00,30.0,,,,,,,,0.0207,,41.311922,-105.581147,2020,12,24,18
West,Knight Hall,2020-12-24T19:00:00,30.0,,,,,,,,0.0207,,41.311922,-105.581147,2020,12,24,19
West,Knight Hall,2020-12-24T20:00:00,20.0,,,,,,,,0.0138,,41.311922,-105.581147,2020,12,24,20
West,Knight Hall,2020-12-24T21:00:00,30.0,,,,,,,,0.0207,,41.311922,-105.581147,2020,12,24,21
West,Knight Hall,2020-12-24T22:00:00,30.0,,,,,,,,0.0207,,41.311922,-105.581147,2020,12,24,22
West,Knight Hall,2020-12-24T23:00:00,20.0,,,,,,,,0.0138,,41.311922,-105.581147,2020,12,24,23
West,Knight Hall,2020-12-25T00:00:00,30.0,,,,,,,,0.0207,,41.311922,-105.581147,2020,12,25,0
West,Knight Hall,2020-12-25T01:00:00,30.0,,,,,,,,0.0207,,41.311922,-105.581147,2020,12,25,1
West,Knight Hall,2020-12-25T02:00:00,20.0,,,,,,,,0.0138,,41.311922,-105.581147,2020,12,25,2
West,Knight Hall,2020-12-25T03:00:00,30.0,,,,,,,,0.0207,,41.311922,-105.581147,2020,12,25,3
West,Knight Hall,2020-12-25T04:00:00,30.0,,,,,,,,0.0207,,41.311922,-105.581147,2020,12,25,4
West,Knight Hall,2020-12-25T05:00:00,30.0,,,,,,,,0.0207,,41.311922,-105.581147,2020,12,25,5
West,Knight Hall,2020-12-25T06:00:00,30.0,,,,,,,,0.0207,,41.311922,-105.581147,2020,12,25,6
West,Knight Hall,2020-12-25T07:00:00,30.0,,,,,,,,0.0207,,41.311922,-105.581147,2020,12,25,7
West,Knight Hall,2020-12-25T08:00:00,30.0,,,,,,,,0.0207,,41.311922,-105.581147,2020,12,25,8
West,Knight Hall,2020-12-25T09:00:00,30.0,,,,,,,,0.0207,,41.311922,-105.581147,2020,12,25,9
West,Knight Hall,2020-12-25T10:00:00,30.0,,,,,,,,0.0207,,41.311922,-105.581147,2020,12,25,10
West,Knight Hall,2020-12-25T11:00:00,30.0,,,,,,,,0.0207,,41.311922,-105.581147,2020,12,25,11
West,Knight Hall,2020-12-25T12:00:00,30.0,,,,,,,,0.0207,,41.311922,-105.581147,2020,12,25,12
West,Knight Hall,2020-12-25T13:00:00,30.0,,,,,,,,0.0207,,41.311922,-105.581147,2020,12,25,13
West,Knight Hall,2020-12-25T14:00:00,30.0,,,,,,,,0.0207,,41.311922,-105.581147,2020,12,25,14
West,Knight Hall,2020-12-25T15:00:00,30.0,,,,,,,,0.0207,,41.311922,-105.581147,2020,12,25,15
West,Knight Hall,2020-12-25T16:00:00,30.0,,,,,,,,0.0207,,41.311922,-105.581147,2020,12,25,16
West,Knight Hall,2020-12-25T17:00:00,30.0,,,,,,,,0.0207,,41.311922,-105.581147,2020,12,25,17
West,Knight Hall,2020-12-25T18:00:00,30.0,,,,,,,,0.0207,,41.311922,-105.581147,2020,12,25,18
West,Knight Hall,2020-12-25T19:00:00,30.0,,,,,,,,0.0207,,41.311922,-105.581147,2020,12,25,19
West,Knight Hall,2020-12-25T20:00:00,20.0,,,,,,,,0.0138,,41.311922,-105.581147,2020,12,25,20
West,Knight Hall,2020-12-25T21:00:00,30.0,,,,,,,,0.0207,,41.311922,-105.581147,2020,12,25,21
West,Knight Hall,2020-12-25T22:00:00,20.0,,,,,,,,0.0138,,41.311922,-105.581147,2020,12,25,22
West,Knight Hall,2020-12-25T23:00:00,30.0,,,,,,,,0.0207,,41.311922,-105.581147,2020,12,25,23
West,Knight Hall,2020-12-26T00:00:00,30.0,,,,,,,,0.0207,,41.311922,-105.581147,2020,12,26,0
West,Knight Hall,2020-12-26T01:00:00,20.0,,,,,,,,0.0138,,41.311922,-105.581147,2020,12,26,1
West,Knight Hall,2020-12-26T02:00:00,30.0,,,,,,,,0.0207,,41.311922,-105.581147,2020,12,26,2
West,Knight Hall,2020-12-26T03:00:00,30.0,,,,,,,,0.0207,,41.311922,-105.581147,2020,12,26,3
West,Knight Hall,2020-12-26T04:00:00,20.0,,,,,,,,0.0138,,41.311922,-105.581147,2020,12,26,4
West,Knight Hall,2020-12-26T05:00:00,30.0,,,,,,,,0.0207,,41.311922,-105.581147,2020,12,26,5
West,Knight Hall,2020-12-26T06:00:00,30.0,,,,,,,,0.0207,,41.311922,-105.581147,2020,12,26,6
West,Knight Hall,2020-12-26T07:00:00,20.0,,,,,,,,0.0138,,41.311922,-105.581147,2020,12,26,7
West,Knight Hall,2020-12-26T08:00:00,30.0,,,,,,,,0.0207,,41.311922,-105.581147,2020,12,26,8
West,Knight Hall,2020-12-26T09:00:00,30.0,,,,,,,,0.0207,,41.311922,-105.581147,2020,12,26,9
West,Knight Hall,2020-12-26T10:00:00,30.0,,,,,,,,0.0207,,41.311922,-105.581147,2020,12,26,10
West,Knight Hall,2020-12-26T11:00:00,30.0,,,,,,,,0.0207,,41.311922,-105.581147,2020,12,26,11
West,Knight Hall,2020-12-26T12:00:00,30.0,,,,,,,,0.0207,,41.311922,-105.581147,2020,12,26,12
West,Knight Hall,2020-12-26T13:00:00,30.0,,,,,,,,0.0207,,41.311922,-105.581147,2020,12,26,13
West,Knight Hall,2020-12-26T14:00:00,30.0,,,,,,,,0.0207,,41.311922,-105.581147,2020,12,26,14
West,Knight Hall,2020-12-26T15:00:00,30.0,,,,,,,,0.0207,,41.311922,-105.581147,2020,12,26,15
West,Knight Hall,2020-12-26T16:00:00,20.0,,,,,,,,0.0138,,41.311922,-105.581147,2020,12,26,16
West,Knight Hall,2020-12-26T17:00:00,30.0,,,,,,,,0.0207,,41.311922,-105.581147,2020,12,26,17
West,Knight Hall,2020-12-26T18:00:00,30.0,,,,,,,,0.0207,,41.311922,-105.581147,2020,12,26,18
West,Knight Hall,2020-12-26T19:00:00,30.0,,,,,,,,0.0207,,41.311922,-105.581147,2020,12,26,19
West,Knight Hall,2020-12-26T20:00:00,20.0,,,,,,,,0.0138,,41.311922,-105.581147,2020,12,26,20
West,Knight Hall,2020-12-26T21:00:00,30.0,,,,,,,,0.0207,,41.311922,-105.581147,2020,12,26,21
West,Knight Hall,2020-12-26T22:00:00,30.0,,,,,,,,0.0207,,41.311922,-105.581147,2020,12,26,22
West,Knight Hall,2020-12-26T23:00:00,20.0,,,,,,,,0.0138,,41.311922,-105.581147,2020,12,26,23
West,Knight Hall,2020-12-27T00:00:00,30.0,,,,,,,,0.0207,,41.311922,-105.581147,2020,12,27,0
West,Knight Hall,2020-12-27T01:00:00,30.0,,,,,,,,0.0207,,41.311922,-105.581147,2020,12,27,1
West,Knight Hall,2020-12-27T02:00:00,30.0,,,,,,,,0.0207,,41.311922,-105.581147,2020,12,27,2
West,Knight Hall,2020-12-27T03:00:00,30.0,,,,,,,,0.0207,,41.311922,-105.581147,2020,12,27,3
West,Knight Hall,2020-12-27T04:00:00,20.0,,,,,,,,0.0138,,41.311922,-105.581147,2020,12,27,4
West,Knight Hall,2020-12-27T05:00:00,40.0,,,,,,,,0.0276,,41.311922,-105.581147,2020,12,27,5
West,Knight Hall,2020-12-27T06:00:00,20.0,,,,,,,,0.0138,,41.311922,-105.581147,2020,12,27,6
West,Knight Hall,2020-12-27T07:00:00,30.0,,,,,,,,0.0207,,41.311922,-105.581147,2020,12,27,7
West,Knight Hall,2020-12-27T08:00:00,30.0,,,,,,,,0.0207,,41.311922,-105.581147,2020,12,27,8
West,Knight Hall,2020-12-27T09:00:00,30.0,,,,,,,,0.0207,,41.311922,-105.581147,2020,12,27,9
West,Knight Hall,2020-12-27T10:00:00,30.0,,,,,,,,0.0207,,41.311922,-105.581147,2020,12,27,10
West,Knight Hall,2020-12-27T11:00:00,30.0,,,,,,,,0.0207,,41.311922,-105.581147,2020,12,27,11
West,Knight Hall,2020-12-27T12:00:00,30.0,,,,,,,,0.0207,,41.311922,-105.581147,2020,12,27,12
West,Knight Hall,2020-12-27T13:00:00,30.0,,,,,,,,0.0207,,41.311922,-105.581147,2020,12,27,13
West,Knight Hall,2020-12-27T14:00:00,30.0,,,,,,,,0.0207,,41.311922,-105.581147,2020,12,27,14
West,Knight Hall,2020-12-27T15:00:00,30.0,,,,,,,,0.0207,,41.311922,-105.581147,2020,12,27,15
West,Knight Hall,2020-12-27T16:00:00,30.0,,,,,,,,0.0207,,41.311922,-105.581147,2020,12,27,16
West,Knight Hall,2020-12-27T17:00:00,20.0,,,,,,,,0.0138,,41.311922,-105.581147,2020,12,27,17
West,Knight Hall,2020-12-27T18:00:00,30.0,,,,,,,,0.0207,,41.311922,-105.581147,2020,12,27,18
West,Knight Hall,2020-12-27T19:00:00,30.0,,,,,,,,0.0207,,41.311922,-105.581147,2020,12,27,19
West,Knight Hall,2020-12-27T20:00:00,20.0,,,,,,,,0.0138,,41.311922,-105.581147,2020,12,27,20
West,Knight Hall,2020-12-27T21:00:00,30.0,,,,,,,,0.0207,,41.311922,-105.581147,2020,12,27,21
West,Knight Hall,2020-12-27T22:00:00,30.0,,,,,,,,0.0207,,41.311922,-105.581147,2020,12,27,22
West,Knight Hall,2020-12-27T23:00:00,20.0,,,,,,,,0.0138,,41.311922,-105.581147,2020,12,27,23
West,Knight Hall,2020-12-28T00:00:00,30.0,,,,,,,,0.0207,,41.311922,-105.581147,2020,12,28,0
West,Knight Hall,2020-12-28T01:00:00,30.0,,,,,,,,0.0207,,41.311922,-105.581147,2020,12,28,1
West,Knight Hall,2020-12-28T02:00:00,20.0,,,,,,,,0.0138,,41.311922,-105.581147,2020,12,28,2
West,Knight Hall,2020-12-28T03:00:00,30.0,,,,,,,,0.0207,,41.311922,-105.581147,2020,12,28,3
West,Knight Hall,2020-12-28T04:00:00,30.0,,,,,,,,0.0207,,41.311922,-105.581147,2020,12,28,4
West,Knight Hall,2020-12-28T05:00:00,30.0,,,,,,,,0.0207,,41.311922,-105.581147,2020,12,28,5
West,Knight Hall,2020-12-28T06:00:00,30.0,,,,,,,,0.0207,,41.311922,-105.581147,2020,12,28,6
West,Knight Hall,2020-12-28T07:00:00,30.0,,,,,,,,0.0207,,41.311922,-105.581147,2020,12,28,7
West,Knight Hall,2020-12-28T08:00:00,30.0,,,,,,,,0.0207,,41.311922,-105.581147,2020,12,28,8
West,Knight Hall,2020-12-28T09:00:00,40.0,,,,,,,,0.0276,,41.311922,-105.581147,2020,12,28,9
West,Knight Hall,2020-12-28T10:00:00,30.0,,,,,,,,0.0207,,41.311922,-105.581147,2020,12,28,10
West,Knight Hall,2020-12-28T11:00:00,40.0,,,,,,,,0.0276,,41.311922,-105.581147,2020,12,28,11
West,Knight Hall,2020-12-28T12:00:00,30.0,,,,,,,,0.0207,,41.311922,-105.581147,2020,12,28,12
West,Knight Hall,2020-12-28T13:00:00,30.0,,,,,,,,0.0207,,41.311922,-105.581147,2020,12,28,13
West,Knight Hall,2020-12-28T14:00:00,40.0,,,,,,,,0.0276,,41.311922,-105.581147,2020,12,28,14
West,Knight Hall,2020-12-28T15:00:00,30.0,,,,,,,,0.0207,,41.311922,-105.581147,2020,12,28,15
West,Knight Hall,2020-12-28T16:00:00,30.0,,,,,,,,0.0207,,41.311922,-105.581147,2020,12,28,16
West,Knight Hall,2020-12-28T17:00:00,30.0,,,,,,,,0.0207,,41.311922,-105.581147,2020,12,28,17
West,Knight Hall,2020-12-28T18:00:00,40.0,,,,,,,,0.0276,,41.311922,-105.581147,2020,12,28,18
West,Knight Hall,2020-12-28T19:00:00,20.0,,,,,,,,0.0138,,41.311922,-105.581147,2020,12,28,19
West,Knight Hall,2020-12-28T20:00:00,30.0,,,,,,,,0.0207,,41.311922,-105.581147,2020,12,28,20
West,Knight Hall,2020-12-28T21:00:00,30.0,,,,,,,,0.0207,,41.311922,-105.581147,2020,12,28,21
West,Knight Hall,2020-12-28T22:00:00,30.0,,,,,,,,0.0207,,41.311922,-105.581147,2020,12,28,22
West,Knight Hall,2020-12-28T23:00:00,30.0,,,,,,,,0.0207,,41.311922,-105.581147,2020,12,28,23
West,Knight Hall,2020-12-29T00:00:00,30.0,,,,,,,,0.0207,,41.311922,-105.581147,2020,12,29,0
West,Knight Hall,2020-12-29T01:00:00,20.0,,,,,,,,0.0138,,41.311922,-105.581147,2020,12,29,1
West,Knight Hall,2020-12-29T02:00:00,30.0,,,,,,,,0.0207,,41.311922,-105.581147,2020,12,29,2
West,Knight Hall,2020-12-29T03:00:00,30.0,,,,,,,,0.0207,,41.311922,-105.581147,2020,12,29,3
West,Knight Hall,2020-12-29T04:00:00,30.0,,,,,,,,0.0207,,41.311922,-105.581147,2020,12,29,4
West,Knight Hall,2020-12-29T05:00:00,30.0,,,,,,,,0.0207,,41.311922,-105.581147,2020,12,29,5
West,Knight Hall,2020-12-29T06:00:00,40.0,,,,,,,,0.0276,,41.311922,-105.581147,2020,12,29,6
West,Knight Hall,2020-12-29T07:00:00,30.0,,,,,,,,0.0207,,41.311922,-105.581147,2020,12,29,7
West,Knight Hall,2020-12-29T08:00:00,40.0,,,,,,,,0.0276,,41.311922,-105.581147,2020,12,29,8
West,Knight Hall,2020-12-29T09:00:00,30.0,,,,,,,,0.0207,,41.311922,-105.581147,2020,12,29,9
West,Knight Hall,2020-12-29T10:00:00,30.0,,,,,,,,0.0207,,41.311922,-105.581147,2020,12,29,10
West,Knight Hall,2020-12-29T11:00:00,40.0,,,,,,,,0.0276,,41.311922,-105.581147,2020,12,29,11
West,Knight Hall,2020-12-29T12:00:00,40.0,,,,,,,,0.0276,,41.311922,-105.581147,2020,12,29,12
West,Knight Hall,2020-12-29T13:00:00,30.0,,,,,,,,0.0207,,41.311922,-105.581147,2020,12,29,13
West,Knight Hall,2020-12-29T14:00:00,30.0,,,,,,,,0.0207,,41.311922,-105.581147,2020,12,29,14
West,Knight Hall,2020-12-29T15:00:00,40.0,,,,,,,,0.0276,,41.311922,-105.581147,2020,12,29,15
West,Knight Hall,2020-12-29T16:00:00,30.0,,,,,,,,0.0207,,41.311922,-105.581147,2020,12,29,16
West,Knight Hall,2020-12-29T17:00:00,30.0,,,,,,,,0.0207,,41.311922,-105.581147,2020,12,29,17
West,Knight Hall,2020-12-29T18:00:00,30.0,,,,,,,,0.0207,,41.311922,-105.581147,2020,12,29,18
West,Knight Hall,2020-12-29T19:00:00,30.0,,,,,,,,0.0207,,41.311922,-105.581147,2020,12,29,19
West,Knight Hall,2020-12-29T20:00:00,30.0,,,,,,,,0.0207,,41.311922,-105.581147,2020,12,29,20
West,Knight Hall,2020-12-29T21:00:00,20.0,,,,,,,,0.0138,,41.311922,-105.581147,2020,12,29,21
West,Knight Hall,2020-12-29T22:00:00,30.0,,,,,,,,0.0207,,41.311922,-105.581147,2020,12,29,22
West,Knight Hall,2020-12-29T23:00:00,30.0,,,,,,,,0.0207,,41.311922,-105.581147,2020,12,29,23
West,Knight Hall,2020-12-30T00:00:00,20.0,,,,,,,,0.0138,,41.311922,-105.581147,2020,12,30,0
West,Knight Hall,2020-12-30T01:00:00,30.0,,,,,,,,0.0207,,41.311922,-105.581147,2020,12,30,1
West,Knight Hall,2020-12-30T02:00:00,30.0,,,,,,,,0.0207,,41.311922,-105.581147,2020,12,30,2
West,Knight Hall,2020-12-30T03:00:00,30.0,,,,,,,,0.0207,,41.311922,-105.581147,2020,12,30,3
West,Knight Hall,2020-12-30T04:00:00,30.0,,,,,,,,0.0207,,41.311922,-105.581147,2020,12,30,4
West,Knight Hall,2020-12-30T05:00:00,30.0,,,,,,,,0.0207,,41.311922,-105.581147,2020,12,30,5
West,Knight Hall,2020-12-30T06:00:00,30.0,,,,,,,,0.0207,,41.311922,-105.581147,2020,12,30,6
West,Knight Hall,2020-12-30T07:00:00,30.0,,,,,,,,0.0207,,41.311922,-105.581147,2020,12,30,7
West,Knight Hall,2020-12-30T08:00:00,30.0,,,,,,,,0.0207,,41.311922,-105.581147,2020,12,30,8
West,Knight Hall,2020-12-30T09:00:00,30.0,,,,,,,,0.0207,,41.311922,-105.581147,2020,12,30,9
West,Knight Hall,2020-12-30T10:00:00,30.0,,,,,,,,0.0207,,41.311922,-105.581147,2020,12,30,10
West,Knight Hall,2020-12-30T11:00:00,40.0,,,,,,,,0.0276,,41.311922,-105.581147,2020,12,30,11
West,Knight Hall,2020-12-30T12:00:00,30.0,,,,,,,,0.0207,,41.311922,-105.581147,2020,12,30,12
West,Knight Hall,2020-12-30T13:00:00,40.0,,,,,,,,0.0276,,41.311922,-105.581147,2020,12,30,13
West,Knight Hall,2020-12-30T14:00:00,30.0,,,,,,,,0.0207,,41.311922,-105.581147,2020,12,30,14
West,Knight Hall,2020-12-30T15:00:00,30.0,,,,,,,,0.0207,,41.311922,-105.581147,2020,12,30,15
West,Knight Hall,2020-12-30T16:00:00,30.0,,,,,,,,0.0207,,41.311922,-105.581147,2020,12,30,16
West,Knight Hall,2020-12-30T17:00:00,30.0,,,,,,,,0.0207,,41.311922,-105.581147,2020,12,30,17
West,Knight Hall,2020-12-30T18:00:00,30.0,,,,,,,,0.0207,,41.311922,-105.581147,2020,12,30,18
West,Knight Hall,2020-12-30T19:00:00,30.0,,,,,,,,0.0207,,41.311922,-105.581147,2020,12,30,19
West,Knight Hall,2020-12-30T20:00:00,30.0,,,,,,,,0.0207,,41.311922,-105.581147,2020,12,30,20
West,Knight Hall,2020-12-30T21:00:00,30.0,,,,,,,,0.0207,,41.311922,-105.581147,2020,12,30,21
West,Knight Hall,2020-12-30T22:00:00,30.0,,,,,,,,0.0207,,41.311922,-105.581147,2020,12,30,22
West,Knight Hall,2020-12-30T23:00:00,20.0,,,,,,,,0.0138,,41.311922,-105.581147,2020,12,30,23
West,Knight Hall,2020-12-31T00:00:00,30.0,,,,,,,,0.0207,,41.311922,-105.581147,2020,12,31,0
West,Knight Hall,2020-12-31T01:00:00,30.0,,,,,,,,0.0207,,41.311922,-105.581147,2020,12,31,1
West,Knight Hall,2020-12-31T02:00:00,30.0,,,,,,,,0.0207,,41.311922,-105.581147,2020,12,31,2
West,Knight Hall,2020-12-31T03:00:00,30.0,,,,,,,,0.0207,,41.311922,-105.581147,2020,12,31,3
West,Knight Hall,2020-12-31T04:00:00,30.0,,,,,,,,0.0207,,41.311922,-105.581147,2020,12,31,4
West,Knight Hall,2020-12-31T05:00:00,30.0,,,,,,,,0.0207,,41.311922,-105.581147,2020,12,31,5
West,Knight Hall,2020-12-31T06:00:00,30.0,,,,,,,,0.0207,,41.311922,-105.581147,2020,12,31,6
West,Knight Hall,2020-12-31T07:00:00,30.0,,,,,,,,0.0207,,41.311922,-105.581147,2020,12,31,7
West,Knight Hall,2020-12-31T08:00:00,30.0,,,,,,,,0.0207,,41.311922,-105.581147,2020,12,31,8
West,Knight Hall,2020-12-31T09:00:00,40.0,,,,,,,,0.0276,,41.311922,-105.581147,2020,12,31,9
West,Knight Hall,2020-12-31T10:00:00,30.0,,,,,,,,0.0207,,41.311922,-105.581147,2020,12,31,10
West,Knight Hall,2020-12-31T11:00:00,40.0,,,,,,,,0.0276,,41.311922,-105.581147,2020,12,31,11
West,Knight Hall,2020-12-31T12:00:00,30.0,,,,,,,,0.0207,,41.311922,-105.581147,2020,12,31,12
West,Knight Hall,2020-12-31T13:00:00,40.0,,,,,,,,0.0276,,41.311922,-105.581147,2020,12,31,13
West,Knight Hall,2020-12-31T14:00:00,30.0,,,,,,,,0.0207,,41.311922,-105.581147,2020,12,31,14
West,Knight Hall,2020-12-31T15:00:00,30.0,,,,,,,,0.0207,,41.311922,-105.581147,2020,12,31,15
West,Knight Hall,2020-12-31T16:00:00,30.0,,,,,,,,0.0207,,41.311922,-105.581147,2020,12,31,16
West,Knight Hall,2020-12-31T17:00:00,30.0,,,,,,,,0.0207,,41.311922,-105.581147,2020,12,31,17
West,Knight Hall,2020-12-31T18:00:00,40.0,,,,,,,,0.0276,,41.311922,-105.581147,2020,12,31,18
West,Knight Hall,2020-12-31T19:00:00,20.0,,,,,,,,0.0138,,41.311922,-105.581147,2020,12,31,19
West,Knight Hall,2020-12-31T20:00:00,30.0,,,,,,,,0.0207,,41.311922,-105.581147,2020,12,31,20
West,Knight Hall,2020-12-31T21:00:00,30.0,,,,,,,,0.0207,,41.311922,-105.581147,2020,12,31,21
West,Knight Hall,2020-12-31T22:00:00,30.0,,,,,,,,0.0207,,41.311922,-105.581147,2020,12,31,22
West,Knight Hall,2020-12-31T23:00:00,30.0,,,,,,,,0.0207,,41.311922,-105.581147,2020,12,31,23
West,Knight Hall,2021-01-01T00:00:00,30.0,,,,,,,,0.0207,,41.311922,-105.581147,2021,1,1,0
West,Knight Hall,2021-01-01T01:00:00,30.0,,,,,,,,0.0207,,41.311922,-105.581147,2021,1,1,1
West,Knight Hall,2021-01-01T02:00:00,20.0,,,,,,,,0.0138,,41.311922,-105.581147,2021,1,1,2
West,Knight Hall,2021-01-01T03:00:00,30.0,,,,,,,,0.0207,,41.311922,-105.581147,2021,1,1,3
West,Knight Hall,2021-01-01T04:00:00,30.0,,,,,,,,0.0207,,41.311922,-105.581147,2021,1,1,4
West,Knight Hall,2021-01-01T05:00:00,30.0,,,,,,,,0.0207,,41.311922,-105.581147,2021,1,1,5
West,Knight Hall,2021-01-01T06:00:00,40.0,,,,,,,,0.0276,,41.311922,-105.581147,2021,1,1,6
West,Knight Hall,2021-01-01T07:00:00,30.0,,,,,,,,0.0207,,41.311922,-105.581147,2021,1,1,7
West,Knight Hall,2021-01-01T08:00:00,30.0,,,,,,,,0.0207,,41.311922,-105.581147,2021,1,1,8
West,Knight Hall,2021-01-01T09:00:00,40.0,,,,,,,,0.0276,,41.311922,-105.581147,2021,1,1,9
West,Knight Hall,2021-01-01T10:00:00,30.0,,,,,,,,0.0207,,41.311922,-105.581147,2021,1,1,10
West,Knight Hall,2021-01-01T11:00:00,30.0,,,,,,,,0.0207,,41.311922,-105.581147,2021,1,1,11
West,Knight Hall,2021-01-01T12:00:00,30.0,,,,,,,,0.0207,,41.311922,-105.581147,2021,1,1,12
West,Knight Hall,2021-01-01T13:00:00,30.0,,,,,,,,0.0207,,41.311922,-105.581147,2021,1,1,13
West,Knight Hall,2021-01-01T14:00:00,40.0,,,,,,,,0.0276,,41.311922,-105.581147,2021,1,1,14
West,Knight Hall,2021-01-01T15:00:00,30.0,,,,,,,,0.0207,,41.311922,-105.581147,2021,1,1,15
West,Knight Hall,2021-01-01T16:00:00,30.0,,,,,,,,0.0207,,41.311922,-105.581147,2021,1,1,16
West,Knight Hall,2021-01-01T17:00:00,30.0,,,,,,,,0.0207,,41.311922,-105.581147,2021,1,1,17
West,Knight Hall,2021-01-01T18:00:00,30.0,,,,,,,,0.0207,,41.311922,-105.581147,2021,1,1,18
West,Knight Hall,2021-01-01T19:00:00,30.0,,,,,,,,0.0207,,41.311922,-105.581147,2021,1,1,19
West,Knight Hall,2021-01-01T20:00:00,30.0,,,,,,,,0.0207,,41.311922,-105.581147,2021,1,1,20
West,Knight Hall,2021-01-01T21:00:00,30.0,,,,,,,,0.0207,,41.311922,-105.581147,2021,1,1,21
West,Knight Hall,2021-01-01T22:00:00,20.0,,,,,,,,0.0138,,41.311922,-105.581147,2021,1,1,22
West,Knight Hall,2021-01-01T23:00:00,30.0,,,,,,,,0.0207,,41.311922,-105.581147,2021,1,1,23
West,Knight Hall,2021-01-02T00:00:00,30.0,,,,,,,,0.0207,,41.311922,-105.581147,2021,1,2,0
West,Knight Hall,2021-01-02T01:00:00,30.0,,,,,,,,0.0207,,41.311922,-105.581147,2021,1,2,1
West,Knight Hall,2021-01-02T02:00:00,20.0,,,,,,,,0.0138,,41.311922,-105.581147,2021,1,2,2
West,Knight Hall,2021-01-02T03:00:00,30.0,,,,,,,,0.0207,,41.311922,-105.581147,2021,1,2,3
West,Knight Hall,2021-01-02T04:00:00,30.0,,,,,,,,0.0207,,41.311922,-105.581147,2021,1,2,4
West,Knight Hall,2021-01-02T05:00:00,30.0,,,,,,,,0.0207,,41.311922,-105.581147,2021,1,2,5
West,Knight Hall,2021-01-02T06:00:00,20.0,,,,,,,,0.0138,,41.311922,-105.581147,2021,1,2,6
West,Knight Hall,2021-01-02T07:00:00,30.0,,,,,,,,0.0207,,41.311922,-105.581147,2021,1,2,7
West,Knight Hall,2021-01-02T08:00:00,30.0,,,,,,,,0.0207,,41.311922,-105.581147,2021,1,2,8
West,Knight Hall,2021-01-02T09:00:00,30.0,,,,,,,,0.0207,,41.311922,-105.581147,2021,1,2,9
West,Knight Hall,2021-01-02T10:00:00,40.0,,,,,,,,0.0276,,41.311922,-105.581147,2021,1,2,10
West,Knight Hall,2021-01-02T11:00:00,30.0,,,,,,,,0.0207,,41.311922,-105.581147,2021,1,2,11
West,Knight Hall,2021-01-02T12:00:00,30.0,,,,,,,,0.0207,,41.311922,-105.581147,2021,1,2,12
West,Knight Hall,2021-01-02T13:00:00,30.0,,,,,,,,0.0207,,41.311922,-105.581147,2021,1,2,13
West,Knight Hall,2021-01-02T14:00:00,30.0,,,,,,,,0.0207,,41.311922,-105.581147,2021,1,2,14
West,Knight Hall,2021-01-02T15:00:00,30.0,,,,,,,,0.0207,,41.311922,-105.581147,2021,1,2,15
West,Knight Hall,2021-01-02T16:00:00,30.0,,,,,,,,0.0207,,41.311922,-105.581147,2021,1,2,16
West,Knight Hall,2021-01-02T17:00:00,30.0,,,,,,,,0.0207,,41.311922,-105.581147,2021,1,2,17
West,Knight Hall,2021-01-02T18:00:00,30.0,,,,,,,,0.0207,,41.311922,-105.581147,2021,1,2,18
West,Knight Hall,2021-01-02T19:00:00,20.0,,,,,,,,0.0138,,41.311922,-105.581147,2021,1,2,19
West,Knight Hall,2021-01-02T20:00:00,30.0,,,,,,,,0.0207,,41.311922,-105.581147,2021,1,2,20
West,Knight Hall,2021-01-02T21:00:00,30.0,,,,,,,,0.0207,,41.311922,-105.581147,2021,1,2,21
West,Knight Hall,2021-01-02T22:00:00,30.0,,,,,,,,0.0207,,41.311922,-105.581147,2021,1,2,22
West,Knight Hall,2021-01-02T23:00:00,30.0,,,,,,,,0.0207,,41.311922,-105.581147,2021,1,2,23
West,Knight Hall,2021-01-03T00:00:00,20.0,,,,,,,,0.0138,,41.311922,-105.581147,2021,1,3,0
West,Knight Hall,2021-01-03T01:00:00,30.0,,,,,,,,0.0207,,41.311922,-105.581147,2021,1,3,1
West,Knight Hall,2021-01-03T02:00:00,30.0,,,,,,,,0.0207,,41.311922,-105.581147,2021,1,3,2
West,Knight Hall,2021-01-03T03:00:00,30.0,,,,,,,,0.0207,,41.311922,-105.581147,2021,1,3,3
West,Knight Hall,2021-01-03T04:00:00,30.0,,,,,,,,0.0207,,41.311922,-105.581147,2021,1,3,4
West,Knight Hall,2021-01-03T05:00:00,20.0,,,,,,,,0.0138,,41.311922,-105.581147,2021,1,3,5
West,Knight Hall,2021-01-03T06:00:00,30.0,,,,,,,,0.0207,,41.311922,-105.581147,2021,1,3,6
West,Knight Hall,2021-01-03T07:00:00,30.0,,,,,,,,0.0207,,41.311922,-105.581147,2021,1,3,7
West,Knight Hall,2021-01-03T08:00:00,30.0,,,,,,,,0.0207,,41.311922,-105.581147,2021,1,3,8
West,Knight Hall,2021-01-03T09:00:00,30.0,,,,,,,,0.0207,,41.311922,-105.581147,2021,1,3,9
West,Knight Hall,2021-01-03T10:00:00,30.0,,,,,,,,0.0207,,41.311922,-105.581147,2021,1,3,10
West,Knight Hall,2021-01-03T11:00:00,30.0,,,,,,,,0.0207,,41.311922,-105.581147,2021,1,3,11
West,Knight Hall,2021-01-03T12:00:00,30.0,,,,,,,,0.0207,,41.311922,-105.581147,2021,1,3,12
West,Knight Hall,2021-01-03T13:00:00,30.0,,,,,,,,0.0207,,41.311922,-105.581147,2021,1,3,13
West,Knight Hall,2021-01-03T14:00:00,30.0,,,,,,,,0.0207,,41.311922,-105.581147,2021,1,3,14
West,Knight Hall,2021-01-03T15:00:00,30.0,,,,,,,,0.0207,,41.311922,-105.581147,2021,1,3,15
West,Knight Hall,2021-01-03T16:00:00,30.0,,,,,,,,0.0207,,41.311922,-105.581147,2021,1,3,16
West,Knight Hall,2021-01-03T17:00:00,30.0,,,,,,,,0.0207,,41.311922,-105.581147,2021,1,3,17
West,Knight Hall,2021-01-03T18:00:00,30.0,,,,,,,,0.0207,,41.311922,-105.581147,2021,1,3,18
West,Knight Hall,2021-01-03T19:00:00,30.0,,,,,,,,0.0207,,41.311922,-105.581147,2021,1,3,19
West,Knight Hall,2021-01-03T20:00:00,20.0,,,,,,,,0.0138,,41.311922,-105.581147,2021,1,3,20
West,Knight Hall,2021-01-03T21:00:00,30.0,,,,,,,,0.0207,,41.311922,-105.581147,2021,1,3,21
West,Knight Hall,2021-01-03T22:00:00,30.0,,,,,,,,0.0207,,41.311922,-105.581147,2021,1,3,22
West,Knight Hall,2021-01-03T23:00:00,30.0,,,,,,,,0.0207,,41.311922,-105.581147,2021,1,3,23
West,Knight Hall,2021-01-04T00:00:00,30.0,,,,,,,,0.0207,,41.311922,-105.581147,2021,1,4,0
West,Knight Hall,2021-01-04T01:00:00,20.0,,,,,,,,0.0138,,41.311922,-105.581147,2021,1,4,1
West,Knight Hall,2021-01-04T02:00:00,30.0,,,,,,,,0.0207,,41.311922,-105.581147,2021,1,4,2
West,Knight Hall,2021-01-04T03:00:00,30.0,,,,,,,,0.0207,,41.311922,-105.581147,2021,1,4,3
West,Knight Hall,2021-01-04T04:00:00,30.0,,,,,,,,0.0207,,41.311922,-105.581147,2021,1,4,4
West,Knight Hall,2021-01-04T05:00:00,30.0,,,,,,,,0.0207,,41.311922,-105.581147,2021,1,4,5
West,Knight Hall,2021-01-04T06:00:00,30.0,,,,,,,,0.0207,,41.311922,-105.581147,2021,1,4,6
West,Knight Hall,2021-01-04T07:00:00,40.0,,,,,,,,0.0276,,41.311922,-105.581147,2021,1,4,7
West,Knight Hall,2021-01-04T08:00:00,60.0,,,,,,,,0.0414,,41.311922,-105.581147,2021,1,4,8
West,Knight Hall,2021-01-04T09:00:00,70.0,,,,,,,,0.048299999999999996,,41.311922,-105.581147,2021,1,4,9
West,Knight Hall,2021-01-04T10:00:00,70.0,,,,,,,,0.048299999999999996,,41.311922,-105.581147,2021,1,4,10
West,Knight Hall,2021-01-04T11:00:00,70.0,,,,,,,,0.048299999999999996,,41.311922,-105.581147,2021,1,4,11
West,Knight Hall,2021-01-04T12:00:00,70.0,,,,,,,,0.048299999999999996,,41.311922,-105.581147,2021,1,4,12
West,Knight Hall,2021-01-04T13:00:00,60.0,,,,,,,,0.0414,,41.311922,-105.581147,2021,1,4,13
West,Knight Hall,2021-01-04T14:00:00,70.0,,,,,,,,0.048299999999999996,,41.311922,-105.581147,2021,1,4,14
West,Knight Hall,2021-01-04T15:00:00,60.0,,,,,,,,0.0414,,41.311922,-105.581147,2021,1,4,15
West,Knight Hall,2021-01-04T16:00:00,70.0,,,,,,,,0.048299999999999996,,41.311922,-105.581147,2021,1,4,16
West,Knight Hall,2021-01-04T17:00:00,40.0,,,,,,,,0.0276,,41.311922,-105.581147,2021,1,4,17
West,Knight Hall,2021-01-04T18:00:00,40.0,,,,,,,,0.0276,,41.311922,-105.581147,2021,1,4,18
West,Knight Hall,2021-01-04T19:00:00,30.0,,,,,,,,0.0207,,41.311922,-105.581147,2021,1,4,19
West,Knight Hall,2021-01-04T20:00:00,40.0,,,,,,,,0.0276,,41.311922,-105.581147,2021,1,4,20
West,Knight Hall,2021-01-04T21:00:00,30.0,,,,,,,,0.0207,,41.311922,-105.581147,2021,1,4,21
West,Knight Hall,2021-01-04T22:00:00,30.0,,,,,,,,0.0207,,41.311922,-105.581147,2021,1,4,22
West,Knight Hall,2021-01-04T23:00:00,20.0,,,,,,,,0.0138,,41.311922,-105.581147,2021,1,4,23
West,Knight Hall,2021-01-05T00:00:00,30.0,,,,,,,,0.0207,,41.311922,-105.581147,2021,1,5,0
West,Knight Hall,2021-01-05T01:00:00,30.0,,,,,,,,0.0207,,41.311922,-105.581147,2021,1,5,1
West,Knight Hall,2021-01-05T02:00:00,30.0,,,,,,,,0.0207,,41.311922,-105.581147,2021,1,5,2
West,Knight Hall,2021-01-05T03:00:00,20.0,,,,,,,,0.0138,,41.311922,-105.581147,2021,1,5,3
West,Knight Hall,2021-01-05T04:00:00,30.0,,,,,,,,0.0207,,41.311922,-105.581147,2021,1,5,4
West,Knight Hall,2021-01-05T05:00:00,30.0,,,,,,,,0.0207,,41.311922,-105.581147,2021,1,5,5
West,Knight Hall,2021-01-05T06:00:00,40.0,,,,,,,,0.0276,,41.311922,-105.581147,2021,1,5,6
West,Knight Hall,2021-01-05T07:00:00,30.0,,,,,,,,0.0207,,41.311922,-105.581147,2021,1,5,7
West,Knight Hall,2021-01-05T08:00:00,70.0,,,,,,,,0.048299999999999996,,41.311922,-105.581147,2021,1,5,8
West,Knight Hall,2021-01-05T09:00:00,60.0,,,,,,,,0.0414,,41.311922,-105.581147,2021,1,5,9
West,Knight Hall,2021-01-05T10:00:00,70.0,,,,,,,,0.048299999999999996,,41.311922,-105.581147,2021,1,5,10
West,Knight Hall,2021-01-05T11:00:00,70.0,,,,,,,,0.048299999999999996,,41.311922,-105.581147,2021,1,5,11
West,Knight Hall,2021-01-05T12:00:00,70.0,,,,,,,,0.048299999999999996,,41.311922,-105.581147,2021,1,5,12
West,Knight Hall,2021-01-05T13:00:00,60.0,,,,,,,,0.0414,,41.311922,-105.581147,2021,1,5,13
West,Knight Hall,2021-01-05T14:00:00,60.0,,,,,,,,0.0414,,41.311922,-105.581147,2021,1,5,14
West,Knight Hall,2021-01-05T15:00:00,60.0,,,,,,,,0.0414,,41.311922,-105.581147,2021,1,5,15
West,Knight Hall,2021-01-05T16:00:00,70.0,,,,,,,,0.048299999999999996,,41.311922,-105.581147,2021,1,5,16
West,Knight Hall,2021-01-05T17:00:00,40.0,,,,,,,,0.0276,,41.311922,-105.581147,2021,1,5,17
West,Knight Hall,2021-01-05T18:00:00,50.0,,,,,,,,0.034499999999999996,,41.311922,-105.581147,2021,1,5,18
West,Knight Hall,2021-01-05T19:00:00,30.0,,,,,,,,0.0207,,41.311922,-105.581147,2021,1,5,19
West,Knight Hall,2021-01-05T20:00:00,40.0,,,,,,,,0.0276,,41.311922,-105.581147,2021,1,5,20
West,Knight Hall,2021-01-05T21:00:00,30.0,,,,,,,,0.0207,,41.311922,-105.581147,2021,1,5,21
West,Knight Hall,2021-01-05T22:00:00,30.0,,,,,,,,0.0207,,41.311922,-105.581147,2021,1,5,22
West,Knight Hall,2021-01-05T23:00:00,20.0,,,,,,,,0.0138,,41.311922,-105.581147,2021,1,5,23
West,Knight Hall,2021-01-06T00:00:00,30.0,,,,,,,,0.0207,,41.311922,-105.581147,2021,1,6,0
West,Knight Hall,2021-01-06T01:00:00,30.0,,,,,,,,0.0207,,41.311922,-105.581147,2021,1,6,1
West,Knight Hall,2021-01-06T02:00:00,30.0,,,,,,,,0.0207,,41.311922,-105.581147,2021,1,6,2
West,Knight Hall,2021-01-06T03:00:00,20.0,,,,,,,,0.0138,,41.311922,-105.581147,2021,1,6,3
West,Knight Hall,2021-01-06T04:00:00,30.0,,,,,,,,0.0207,,41.311922,-105.581147,2021,1,6,4
West,Knight Hall,2021-01-06T05:00:00,30.0,,,,,,,,0.0207,,41.311922,-105.581147,2021,1,6,5
West,Knight Hall,2021-01-06T06:00:00,30.0,,,,,,,,0.0207,,41.311922,-105.581147,2021,1,6,6
West,Knight Hall,2021-01-06T07:00:00,40.0,,,,,,,,0.0276,,41.311922,-105.581147,2021,1,6,7
West,Knight Hall,2021-01-06T08:00:00,60.0,,,,,,,,0.0414,,41.311922,-105.581147,2021,1,6,8
West,Knight Hall,2021-01-06T09:00:00,70.0,,,,,,,,0.048299999999999996,,41.311922,-105.581147,2021,1,6,9
West,Knight Hall,2021-01-06T10:00:00,70.0,,,,,,,,0.048299999999999996,,41.311922,-105.581147,2021,1,6,10
West,Knight Hall,2021-01-06T11:00:00,70.0,,,,,,,,0.048299999999999996,,41.311922,-105.581147,2021,1,6,11
West,Knight Hall,2021-01-06T12:00:00,60.0,,,,,,,,0.0414,,41.311922,-105.581147,2021,1,6,12
West,Knight Hall,2021-01-06T13:00:00,60.0,,,,,,,,0.0414,,41.311922,-105.581147,2021,1,6,13
West,Knight Hall,2021-01-06T14:00:00,60.0,,,,,,,,0.0414,,41.311922,-105.581147,2021,1,6,14
West,Knight Hall,2021-01-06T15:00:00,70.0,,,,,,,,0.048299999999999996,,41.311922,-105.581147,2021,1,6,15
West,Knight Hall,2021-01-06T16:00:00,60.0,,,,,,,,0.0414,,41.311922,-105.581147,2021,1,6,16
West,Knight Hall,2021-01-06T17:00:00,50.0,,,,,,,,0.034499999999999996,,41.311922,-105.581147,2021,1,6,17
West,Knight Hall,2021-01-06T18:00:00,40.0,,,,,,,,0.0276,,41.311922,-105.581147,2021,1,6,18
West,Knight Hall,2021-01-06T19:00:00,30.0,,,,,,,,0.0207,,41.311922,-105.581147,2021,1,6,19
West,Knight Hall,2021-01-06T20:00:00,30.0,,,,,,,,0.0207,,41.311922,-105.581147,2021,1,6,20
West,Knight Hall,2021-01-06T21:00:00,30.0,,,,,,,,0.0207,,41.311922,-105.581147,2021,1,6,21
West,Knight Hall,2021-01-06T22:00:00,20.0,,,,,,,,0.0138,,41.311922,-105.581147,2021,1,6,22
West,Knight Hall,2021-01-06T23:00:00,30.0,,,,,,,,0.0207,,41.311922,-105.581147,2021,1,6,23
West,Knight Hall,2021-01-07T00:00:00,20.0,,,,,,,,0.0138,,41.311922,-105.581147,2021,1,7,0
West,Knight Hall,2021-01-07T01:00:00,20.0,,,,,,,,0.0138,,41.311922,-105.581147,2021,1,7,1
West,Knight Hall,2021-01-07T02:00:00,30.0,,,,,,,,0.0207,,41.311922,-105.581147,2021,1,7,2
West,Knight Hall,2021-01-07T03:00:00,20.0,,,,,,,,0.0138,,41.311922,-105.581147,2021,1,7,3
West,Knight Hall,2021-01-07T04:00:00,30.0,,,,,,,,0.0207,,41.311922,-105.581147,2021,1,7,4
West,Knight Hall,2021-01-07T05:00:00,30.0,,,,,,,,0.0207,,41.311922,-105.581147,2021,1,7,5
West,Knight Hall,2021-01-07T06:00:00,30.0,,,,,,,,0.0207,,41.311922,-105.581147,2021,1,7,6
West,Knight Hall,2021-01-07T07:00:00,30.0,,,,,,,,0.0207,,41.311922,-105.581147,2021,1,7,7
West,Knight Hall,2021-01-07T08:00:00,60.0,,,,,,,,0.0414,,41.311922,-105.581147,2021,1,7,8
West,Knight Hall,2021-01-07T09:00:00,60.0,,,,,,,,0.0414,,41.311922,-105.581147,2021,1,7,9
West,Knight Hall,2021-01-07T10:00:00,70.0,,,,,,,,0.048299999999999996,,41.311922,-105.581147,2021,1,7,10
West,Knight Hall,2021-01-07T11:00:00,70.0,,,,,,,,0.048299999999999996,,41.311922,-105.581147,2021,1,7,11
West,Knight Hall,2021-01-07T12:00:00,60.0,,,,,,,,0.0414,,41.311922,-105.581147,2021,1,7,12
West,Knight Hall,2021-01-07T13:00:00,60.0,,,,,,,,0.0414,,41.311922,-105.581147,2021,1,7,13
West,Knight Hall,2021-01-07T14:00:00,60.0,,,,,,,,0.0414,,41.311922,-105.581147,2021,1,7,14
West,Knight Hall,2021-01-07T15:00:00,70.0,,,,,,,,0.048299999999999996,,41.311922,-105.581147,2021,1,7,15
West,Knight Hall,2021-01-07T16:00:00,60.0,,,,,,,,0.0414,,41.311922,-105.581147,2021,1,7,16
West,Knight Hall,2021-01-07T17:00:00,40.0,,,,,,,,0.0276,,41.311922,-105.581147,2021,1,7,17
West,Knight Hall,2021-01-07T18:00:00,40.0,,,,,,,,0.0276,,41.311922,-105.581147,2021,1,7,18
West,Knight Hall,2021-01-07T19:00:00,30.0,,,,,,,,0.0207,,41.311922,-105.581147,2021,1,7,19
West,Knight Hall,2021-01-07T20:00:00,30.0,,,,,,,,0.0207,,41.311922,-105.581147,2021,1,7,20
West,Knight Hall,2021-01-07T21:00:00,30.0,,,,,,,,0.0207,,41.311922,-105.581147,2021,1,7,21
West,Knight Hall,2021-01-07T22:00:00,30.0,,,,,,,,0.0207,,41.311922,-105.581147,2021,1,7,22
West,Knight Hall,2021-01-07T23:00:00,30.0,,,,,,,,0.0207,,41.311922,-105.581147,2021,1,7,23
West,Knight Hall,2021-01-08T00:00:00,20.0,,,,,,,,0.0138,,41.311922,-105.581147,2021,1,8,0
West,Knight Hall,2021-01-08T01:00:00,30.0,,,,,,,,0.0207,,41.311922,-105.581147,2021,1,8,1
West,Knight Hall,2021-01-08T02:00:00,30.0,,,,,,,,0.0207,,41.311922,-105.581147,2021,1,8,2
West,Knight Hall,2021-01-08T03:00:00,20.0,,,,,,,,0.0138,,41.311922,-105.581147,2021,1,8,3
West,Knight Hall,2021-01-08T04:00:00,30.0,,,,,,,,0.0207,,41.311922,-105.581147,2021,1,8,4
West,Knight Hall,2021-01-08T05:00:00,40.0,,,,,,,,0.0276,,41.311922,-105.581147,2021,1,8,5
West,Knight Hall,2021-01-08T06:00:00,30.0,,,,,,,,0.0207,,41.311922,-105.581147,2021,1,8,6
West,Knight Hall,2021-01-08T07:00:00,40.0,,,,,,,,0.0276,,41.311922,-105.581147,2021,1,8,7
West,Knight Hall,2021-01-08T08:00:00,60.0,,,,,,,,0.0414,,41.311922,-105.581147,2021,1,8,8
West,Knight Hall,2021-01-08T09:00:00,60.0,,,,,,,,0.0414,,41.311922,-105.581147,2021,1,8,9
West,Knight Hall,2021-01-08T10:00:00,70.0,,,,,,,,0.048299999999999996,,41.311922,-105.581147,2021,1,8,10
West,Knight Hall,2021-01-08T11:00:00,70.0,,,,,,,,0.048299999999999996,,41.311922,-105.581147,2021,1,8,11
West,Knight Hall,2021-01-08T12:00:00,60.0,,,,,,,,0.0414,,41.311922,-105.581147,2021,1,8,12
West,Knight Hall,2021-01-08T13:00:00,60.0,,,,,,,,0.0414,,41.311922,-105.581147,2021,1,8,13
West,Knight Hall,2021-01-08T14:00:00,60.0,,,,,,,,0.0414,,41.311922,-105.581147,2021,1,8,14
West,Knight Hall,2021-01-08T15:00:00,50.0,,,,,,,,0.034499999999999996,,41.311922,-105.581147,2021,1,8,15
West,Knight Hall,2021-01-08T16:00:00,60.0,,,,,,,,0.0414,,41.311922,-105.581147,2021,1,8,16
West,Knight Hall,2021-01-08T17:00:00,40.0,,,,,,,,0.0276,,41.311922,-105.581147,2021,1,8,17
West,Knight Hall,2021-01-08T18:00:00,40.0,,,,,,,,0.0276,,41.311922,-105.581147,2021,1,8,18
West,Knight Hall,2021-01-08T19:00:00,30.0,,,,,,,,0.0207,,41.311922,-105.581147,2021,1,8,19
West,Knight Hall,2021-01-08T20:00:00,30.0,,,,,,,,0.0207,,41.311922,-105.581147,2021,1,8,20
West,Knight Hall,2021-01-08T21:00:00,30.0,,,,,,,,0.0207,,41.311922,-105.581147,2021,1,8,21
West,Knight Hall,2021-01-08T22:00:00,30.0,,,,,,,,0.0207,,41.311922,-105.581147,2021,1,8,22
West,Knight Hall,2021-01-08T23:00:00,20.0,,,,,,,,0.0138,,41.311922,-105.581147,2021,1,8,23
West,Knight Hall,2021-01-09T00:00:00,30.0,,,,,,,,0.0207,,41.311922,-105.581147,2021,1,9,0
West,Knight Hall,2021-01-09T01:00:00,20.0,,,,,,,,0.0138,,41.311922,-105.581147,2021,1,9,1
West,Knight Hall,2021-01-09T02:00:00,30.0,,,,,,,,0.0207,,41.311922,-105.581147,2021,1,9,2
West,Knight Hall,2021-01-09T03:00:00,20.0,,,,,,,,0.0138,,41.311922,-105.581147,2021,1,9,3
West,Knight Hall,2021-01-09T04:00:00,30.0,,,,,,,,0.0207,,41.311922,-105.581147,2021,1,9,4
West,Knight Hall,2021-01-09T05:00:00,20.0,,,,,,,,0.0138,,41.311922,-105.581147,2021,1,9,5
West,Knight Hall,2021-01-09T06:00:00,30.0,,,,,,,,0.0207,,41.311922,-105.581147,2021,1,9,6
West,Knight Hall,2021-01-09T07:00:00,20.0,,,,,,,,0.0138,,41.311922,-105.581147,2021,1,9,7
West,Knight Hall,2021-01-09T08:00:00,30.0,,,,,,,,0.0207,,41.311922,-105.581147,2021,1,9,8
West,Knight Hall,2021-01-09T09:00:00,40.0,,,,,,,,0.0276,,41.311922,-105.581147,2021,1,9,9
West,Knight Hall,2021-01-09T10:00:00,30.0,,,,,,,,0.0207,,41.311922,-105.581147,2021,1,9,10
West,Knight Hall,2021-01-09T11:00:00,30.0,,,,,,,,0.0207,,41.311922,-105.581147,2021,1,9,11
West,Knight Hall,2021-01-09T12:00:00,40.0,,,,,,,,0.0276,,41.311922,-105.581147,2021,1,9,12
West,Knight Hall,2021-01-09T13:00:00,30.0,,,,,,,,0.0207,,41.311922,-105.581147,2021,1,9,13
West,Knight Hall,2021-01-09T14:00:00,30.0,,,,,,,,0.0207,,41.311922,-105.581147,2021,1,9,14
West,Knight Hall,2021-01-09T15:00:00,30.0,,,,,,,,0.0207,,41.311922,-105.581147,2021,1,9,15
West,Knight Hall,2021-01-09T16:00:00,20.0,,,,,,,,0.0138,,41.311922,-105.581147,2021,1,9,16
West,Knight Hall,2021-01-09T17:00:00,30.0,,,,,,,,0.0207,,41.311922,-105.581147,2021,1,9,17
West,Knight Hall,2021-01-09T18:00:00,20.0,,,,,,,,0.0138,,41.311922,-105.581147,2021,1,9,18
West,Knight Hall,2021-01-09T19:00:00,30.0,,,,,,,,0.0207,,41.311922,-105.581147,2021,1,9,19
West,Knight Hall,2021-01-09T20:00:00,20.0,,,,,,,,0.0138,,41.311922,-105.581147,2021,1,9,20
West,Knight Hall,2021-01-09T21:00:00,30.0,,,,,,,,0.0207,,41.311922,-105.581147,2021,1,9,21
West,Knight Hall,2021-01-09T22:00:00,30.0,,,,,,,,0.0207,,41.311922,-105.581147,2021,1,9,22
West,Knight Hall,2021-01-09T23:00:00,20.0,,,,,,,,0.0138,,41.311922,-105.581147,2021,1,9,23
West,Knight Hall,2021-01-10T00:00:00,30.0,,,,,,,,0.0207,,41.311922,-105.581147,2021,1,10,0
West,Knight Hall,2021-01-10T01:00:00,20.0,,,,,,,,0.0138,,41.311922,-105.581147,2021,1,10,1
West,Knight Hall,2021-01-10T02:00:00,30.0,,,,,,,,0.0207,,41.311922,-105.581147,2021,1,10,2
West,Knight Hall,2021-01-10T03:00:00,20.0,,,,,,,,0.0138,,41.311922,-105.581147,2021,1,10,3
West,Knight Hall,2021-01-10T04:00:00,30.0,,,,,,,,0.0207,,41.311922,-105.581147,2021,1,10,4
West,Knight Hall,2021-01-10T05:00:00,20.0,,,,,,,,0.0138,,41.311922,-105.581147,2021,1,10,5
West,Knight Hall,2021-01-10T06:00:00,30.0,,,,,,,,0.0207,,41.311922,-105.581147,2021,1,10,6
West,Knight Hall,2021-01-10T07:00:00,20.0,,,,,,,,0.0138,,41.311922,-105.581147,2021,1,10,7
West,Knight Hall,2021-01-10T08:00:00,30.0,,,,,,,,0.0207,,41.311922,-105.581147,2021,1,10,8
West,Knight Hall,2021-01-10T09:00:00,30.0,,,,,,,,0.0207,,41.311922,-105.581147,2021,1,10,9
West,Knight Hall,2021-01-10T10:00:00,30.0,,,,,,,,0.0207,,41.311922,-105.581147,2021,1,10,10
West,Knight Hall,2021-01-10T11:00:00,30.0,,,,,,,,0.0207,,41.311922,-105.581147,2021,1,10,11
West,Knight Hall,2021-01-10T12:00:00,30.0,,,,,,,,0.0207,,41.311922,-105.581147,2021,1,10,12
West,Knight Hall,2021-01-10T13:00:00,30.0,,,,,,,,0.0207,,41.311922,-105.581147,2021,1,10,13
West,Knight Hall,2021-01-10T14:00:00,30.0,,,,,,,,0.0207,,41.311922,-105.581147,2021,1,10,14
West,Knight Hall,2021-01-10T15:00:00,30.0,,,,,,,,0.0207,,41.311922,-105.581147,2021,1,10,15
West,Knight Hall,2021-01-10T16:00:00,20.0,,,,,,,,0.0138,,41.311922,-105.581147,2021,1,10,16
West,Knight Hall,2021-01-10T17:00:00,30.0,,,,,,,,0.0207,,41.311922,-105.581147,2021,1,10,17
West,Knight Hall,2021-01-10T18:00:00,30.0,,,,,,,,0.0207,,41.311922,-105.581147,2021,1,10,18
West,Knight Hall,2021-01-10T19:00:00,20.0,,,,,,,,0.0138,,41.311922,-105.581147,2021,1,10,19
West,Knight Hall,2021-01-10T20:00:00,30.0,,,,,,,,0.0207,,41.311922,-105.581147,2021,1,10,20
West,Knight Hall,2021-01-10T21:00:00,20.0,,,,,,,,0.0138,,41.311922,-105.581147,2021,1,10,21
West,Knight Hall,2021-01-10T22:00:00,30.0,,,,,,,,0.0207,,41.311922,-105.581147,2021,1,10,22
West,Knight Hall,2021-01-10T23:00:00,30.0,,,,,,,,0.0207,,41.311922,-105.581147,2021,1,10,23
West,Knight Hall,2021-01-11T00:00:00,20.0,,,,,,,,0.0138,,41.311922,-105.581147,2021,1,11,0
West,Knight Hall,2021-01-11T01:00:00,30.0,,,,,,,,0.0207,,41.311922,-105.581147,2021,1,11,1
West,Knight Hall,2021-01-11T02:00:00,20.0,,,,,,,,0.0138,,41.311922,-105.581147,2021,1,11,2
West,Knight Hall,2021-01-11T03:00:00,30.0,,,,,,,,0.0207,,41.311922,-105.581147,2021,1,11,3
West,Knight Hall,2021-01-11T04:00:00,30.0,,,,,,,,0.0207,,41.311922,-105.581147,2021,1,11,4
West,Knight Hall,2021-01-11T05:00:00,30.0,,,,,,,,0.0207,,41.311922,-105.581147,2021,1,11,5
West,Knight Hall,2021-01-11T06:00:00,30.0,,,,,,,,0.0207,,41.311922,-105.581147,2021,1,11,6
West,Knight Hall,2021-01-11T07:00:00,40.0,,,,,,,,0.0276,,41.311922,-105.581147,2021,1,11,7
West,Knight Hall,2021-01-11T08:00:00,60.0,,,,,,,,0.0414,,41.311922,-105.581147,2021,1,11,8
West,Knight Hall,2021-01-11T09:00:00,70.0,,,,,,,,0.048299999999999996,,41.311922,-105.581147,2021,1,11,9
West,Knight Hall,2021-01-11T10:00:00,80.0,,,,,,,,0.0552,,41.311922,-105.581147,2021,1,11,10
West,Knight Hall,2021-01-11T11:00:00,70.0,,,,,,,,0.048299999999999996,,41.311922,-105.581147,2021,1,11,11
West,Knight Hall,2021-01-11T12:00:00,70.0,,,,,,,,0.048299999999999996,,41.311922,-105.581147,2021,1,11,12
West,Knight Hall,2021-01-11T13:00:00,60.0,,,,,,,,0.0414,,41.311922,-105.581147,2021,1,11,13
West,Knight Hall,2021-01-11T14:00:00,80.0,,,,,,,,0.0552,,41.311922,-105.581147,2021,1,11,14
West,Knight Hall,2021-01-11T15:00:00,60.0,,,,,,,,0.0414,,41.311922,-105.581147,2021,1,11,15
West,Knight Hall,2021-01-11T16:00:00,70.0,,,,,,,,0.048299999999999996,,41.311922,-105.581147,2021,1,11,16
West,Knight Hall,2021-01-11T17:00:00,40.0,,,,,,,,0.0276,,41.311922,-105.581147,2021,1,11,17
West,Knight Hall,2021-01-11T18:00:00,40.0,,,,,,,,0.0276,,41.311922,-105.581147,2021,1,11,18
West,Knight Hall,2021-01-11T19:00:00,40.0,,,,,,,,0.0276,,41.311922,-105.581147,2021,1,11,19
West,Knight Hall,2021-01-11T20:00:00,30.0,,,,,,,,0.0207,,41.311922,-105.581147,2021,1,11,20
West,Knight Hall,2021-01-11T21:00:00,30.0,,,,,,,,0.0207,,41.311922,-105.581147,2021,1,11,21
West,Knight Hall,2021-01-11T22:00:00,30.0,,,,,,,,0.0207,,41.311922,-105.581147,2021,1,11,22
West,Knight Hall,2021-01-11T23:00:00,30.0,,,,,,,,0.0207,,41.311922,-105.581147,2021,1,11,23
West,Knight Hall,2021-01-12T00:00:00,20.0,,,,,,,,0.0138,,41.311922,-105.581147,2021,1,12,0
West,Knight Hall,2021-01-12T01:00:00,30.0,,,,,,,,0.0207,,41.311922,-105.581147,2021,1,12,1
West,Knight Hall,2021-01-12T02:00:00,30.0,,,,,,,,0.0207,,41.311922,-105.581147,2021,1,12,2
West,Knight Hall,2021-01-12T03:00:00,20.0,,,,,,,,0.0138,,41.311922,-105.581147,2021,1,12,3
West,Knight Hall,2021-01-12T04:00:00,30.0,,,,,,,,0.0207,,41.311922,-105.581147,2021,1,12,4
West,Knight Hall,2021-01-12T05:00:00,30.0,,,,,,,,0.0207,,41.311922,-105.581147,2021,1,12,5
West,Knight Hall,2021-01-12T06:00:00,30.0,,,,,,,,0.0207,,41.311922,-105.581147,2021,1,12,6
West,Knight Hall,2021-01-12T07:00:00,40.0,,,,,,,,0.0276,,41.311922,-105.581147,2021,1,12,7
West,Knight Hall,2021-01-12T08:00:00,70.0,,,,,,,,0.048299999999999996,,41.311922,-105.581147,2021,1,12,8
West,Knight Hall,2021-01-12T09:00:00,70.0,,,,,,,,0.048299999999999996,,41.311922,-105.581147,2021,1,12,9
West,Knight Hall,2021-01-12T10:00:00,70.0,,,,,,,,0.048299999999999996,,41.311922,-105.581147,2021,1,12,10
West,Knight Hall,2021-01-12T11:00:00,70.0,,,,,,,,0.048299999999999996,,41.311922,-105.581147,2021,1,12,11
West,Knight Hall,2021-01-12T12:00:00,60.0,,,,,,,,0.0414,,41.311922,-105.581147,2021,1,12,12
West,Knight Hall,2021-01-12T13:00:00,70.0,,,,,,,,0.048299999999999996,,41.311922,-105.581147,2021,1,12,13
West,Knight Hall,2021-01-12T14:00:00,70.0,,,,,,,,0.048299999999999996,,41.311922,-105.581147,2021,1,12,14
West,Knight Hall,2021-01-12T15:00:00,60.0,,,,,,,,0.0414,,41.311922,-105.581147,2021,1,12,15
West,Knight Hall,2021-01-12T16:00:00,70.0,,,,,,,,0.048299999999999996,,41.311922,-105.581147,2021,1,12,16
West,Knight Hall,2021-01-12T17:00:00,50.0,,,,,,,,0.034499999999999996,,41.311922,-105.581147,2021,1,12,17
West,Knight Hall,2021-01-12T18:00:00,40.0,,,,,,,,0.0276,,41.311922,-105.581147,2021,1,12,18
West,Knight Hall,2021-01-12T19:00:00,30.0,,,,,,,,0.0207,,41.311922,-105.581147,2021,1,12,19
West,Knight Hall,2021-01-12T20:00:00,40.0,,,,,,,,0.0276,,41.311922,-105.581147,2021,1,12,20
West,Knight Hall,2021-01-12T21:00:00,30.0,,,,,,,,0.0207,,41.311922,-105.581147,2021,1,12,21
West,Knight Hall,2021-01-12T22:00:00,30.0,,,,,,,,0.0207,,41.311922,-105.581147,2021,1,12,22
West,Knight Hall,2021-01-12T23:00:00,30.0,,,,,,,,0.0207,,41.311922,-105.581147,2021,1,12,23
West,Knight Hall,2021-01-13T00:00:00,20.0,,,,,,,,0.0138,,41.311922,-105.581147,2021,1,13,0
West,Knight Hall,2021-01-13T01:00:00,30.0,,,,,,,,0.0207,,41.311922,-105.581147,2021,1,13,1
West,Knight Hall,2021-01-13T02:00:00,20.0,,,,,,,,0.0138,,41.311922,-105.581147,2021,1,13,2
West,Knight Hall,2021-01-13T03:00:00,30.0,,,,,,,,0.0207,,41.311922,-105.581147,2021,1,13,3
West,Knight Hall,2021-01-13T04:00:00,30.0,,,,,,,,0.0207,,41.311922,-105.581147,2021,1,13,4
West,Knight Hall,2021-01-13T05:00:00,30.0,,,,,,,,0.0207,,41.311922,-105.581147,2021,1,13,5
West,Knight Hall,2021-01-13T06:00:00,30.0,,,,,,,,0.0207,,41.311922,-105.581147,2021,1,13,6
West,Knight Hall,2021-01-13T07:00:00,40.0,,,,,,,,0.0276,,41.311922,-105.581147,2021,1,13,7
West,Knight Hall,2021-01-13T08:00:00,60.0,,,,,,,,0.0414,,41.311922,-105.581147,2021,1,13,8
West,Knight Hall,2021-01-13T09:00:00,70.0,,,,,,,,0.048299999999999996,,41.311922,-105.581147,2021,1,13,9
West,Knight Hall,2021-01-13T10:00:00,70.0,,,,,,,,0.048299999999999996,,41.311922,-105.581147,2021,1,13,10
West,Knight Hall,2021-01-13T11:00:00,70.0,,,,,,,,0.048299999999999996,,41.311922,-105.581147,2021,1,13,11
West,Knight Hall,2021-01-13T12:00:00,70.0,,,,,,,,0.048299999999999996,,41.311922,-105.581147,2021,1,13,12
West,Knight Hall,2021-01-13T13:00:00,60.0,,,,,,,,0.0414,,41.311922,-105.581147,2021,1,13,13
West,Knight Hall,2021-01-13T14:00:00,70.0,,,,,,,,0.048299999999999996,,41.311922,-105.581147,2021,1,13,14
West,Knight Hall,2021-01-13T15:00:00,70.0,,,,,,,,0.048299999999999996,,41.311922,-105.581147,2021,1,13,15
West,Knight Hall,2021-01-13T16:00:00,60.0,,,,,,,,0.0414,,41.311922,-105.581147,2021,1,13,16
West,Knight Hall,2021-01-13T17:00:00,50.0,,,,,,,,0.034499999999999996,,41.311922,-105.581147,2021,1,13,17
West,Knight Hall,2021-01-13T18:00:00,40.0,,,,,,,,0.0276,,41.311922,-105.581147,2021,1,13,18
West,Knight Hall,2021-01-13T19:00:00,30.0,,,,,,,,0.0207,,41.311922,-105.581147,2021,1,13,19
West,Knight Hall,2021-01-13T20:00:00,30.0,,,,,,,,0.0207,,41.311922,-105.581147,2021,1,13,20
West,Knight Hall,2021-01-13T21:00:00,30.0,,,,,,,,0.0207,,41.311922,-105.581147,2021,1,13,21
West,Knight Hall,2021-01-13T22:00:00,30.0,,,,,,,,0.0207,,41.311922,-105.581147,2021,1,13,22
West,Knight Hall,2021-01-13T23:00:00,30.0,,,,,,,,0.0207,,41.311922,-105.581147,2021,1,13,23
West,Knight Hall,2021-01-14T00:00:00,30.0,,,,,,,,0.0207,,41.311922,-105.581147,2021,1,14,0
West,Knight Hall,2021-01-14T01:00:00,20.0,,,,,,,,0.0138,,41.311922,-105.581147,2021,1,14,1
West,Knight Hall,2021-01-14T02:00:00,30.0,,,,,,,,0.0207,,41.311922,-105.581147,2021,1,14,2
West,Knight Hall,2021-01-14T03:00:00,30.0,,,,,,,,0.0207,,41.311922,-105.581147,2021,1,14,3
West,Knight Hall,2021-01-14T04:00:00,30.0,,,,,,,,0.0207,,41.311922,-105.581147,2021,1,14,4
West,Knight Hall,2021-01-14T05:00:00,30.0,,,,,,,,0.0207,,41.311922,-105.581147,2021,1,14,5
West,Knight Hall,2021-01-14T06:00:00,30.0,,,,,,,,0.0207,,41.311922,-105.581147,2021,1,14,6
West,Knight Hall,2021-01-14T07:00:00,40.0,,,,,,,,0.0276,,41.311922,-105.581147,2021,1,14,7
West,Knight Hall,2021-01-14T08:00:00,70.0,,,,,,,,0.048299999999999996,,41.311922,-105.581147,2021,1,14,8
West,Knight Hall,2021-01-14T09:00:00,70.0,,,,,,,,0.048299999999999996,,41.311922,-105.581147,2021,1,14,9
West,Knight Hall,2021-01-14T10:00:00,60.0,,,,,,,,0.0414,,41.311922,-105.581147,2021,1,14,10
West,Knight Hall,2021-01-14T11:00:00,70.0,,,,,,,,0.048299999999999996,,41.311922,-105.581147,2021,1,14,11
West,Knight Hall,2021-01-14T12:00:00,60.0,,,,,,,,0.0414,,41.311922,-105.581147,2021,1,14,12
West,Knight Hall,2021-01-14T13:00:00,70.0,,,,,,,,0.048299999999999996,,41.311922,-105.581147,2021,1,14,13
West,Knight Hall,2021-01-14T14:00:00,60.0,,,,,,,,0.0414,,41.311922,-105.581147,2021,1,14,14
West,Knight Hall,2021-01-14T15:00:00,70.0,,,,,,,,0.048299999999999996,,41.311922,-105.581147,2021,1,14,15
West,Knight Hall,2021-01-14T16:00:00,70.0,,,,,,,,0.048299999999999996,,41.311922,-105.581147,2021,1,14,16
West,Knight Hall,2021-01-14T17:00:00,50.0,,,,,,,,0.034499999999999996,,41.311922,-105.581147,2021,1,14,17
West,Knight Hall,2021-01-14T18:00:00,40.0,,,,,,,,0.0276,,41.311922,-105.581147,2021,1,14,18
West,Knight Hall,2021-01-14T19:00:00,40.0,,,,,,,,0.0276,,41.311922,-105.581147,2021,1,14,19
West,Knight Hall,2021-01-14T20:00:00,30.0,,,,,,,,0.0207,,41.311922,-105.581147,2021,1,14,20
West,Knight Hall,2021-01-14T21:00:00,30.0,,,,,,,,0.0207,,41.311922,-105.581147,2021,1,14,21
West,Knight Hall,2021-01-14T22:00:00,30.0,,,,,,,,0.0207,,41.311922,-105.581147,2021,1,14,22
West,Knight Hall,2021-01-14T23:00:00,20.0,,,,,,,,0.0138,,41.311922,-105.581147,2021,1,14,23
West,Knight Hall,2021-01-15T00:00:00,30.0,,,,,,,,0.0207,,41.311922,-105.581147,2021,1,15,0
West,Knight Hall,2021-01-15T01:00:00,30.0,,,,,,,,0.0207,,41.311922,-105.581147,2021,1,15,1
West,Knight Hall,2021-01-15T02:00:00,20.0,,,,,,,,0.0138,,41.311922,-105.581147,2021,1,15,2
West,Knight Hall,2021-01-15T03:00:00,30.0,,,,,,,,0.0207,,41.311922,-105.581147,2021,1,15,3
West,Knight Hall,2021-01-15T04:00:00,30.0,,,,,,,,0.0207,,41.311922,-105.581147,2021,1,15,4
West,Knight Hall,2021-01-15T05:00:00,30.0,,,,,,,,0.0207,,41.311922,-105.581147,2021,1,15,5
West,Knight Hall,2021-01-15T06:00:00,30.0,,,,,,,,0.0207,,41.311922,-105.581147,2021,1,15,6
West,Knight Hall,2021-01-15T07:00:00,40.0,,,,,,,,0.0276,,41.311922,-105.581147,2021,1,15,7
West,Knight Hall,2021-01-15T08:00:00,60.0,,,,,,,,0.0414,,41.311922,-105.581147,2021,1,15,8
West,Knight Hall,2021-01-15T09:00:00,70.0,,,,,,,,0.048299999999999996,,41.311922,-105.581147,2021,1,15,9
West,Knight Hall,2021-01-15T10:00:00,70.0,,,,,,,,0.048299999999999996,,41.311922,-105.581147,2021,1,15,10
West,Knight Hall,2021-01-15T11:00:00,70.0,,,,,,,,0.048299999999999996,,41.311922,-105.581147,2021,1,15,11
West,Knight Hall,2021-01-15T12:00:00,70.0,,,,,,,,0.048299999999999996,,41.311922,-105.581147,2021,1,15,12
West,Knight Hall,2021-01-15T13:00:00,70.0,,,,,,,,0.048299999999999996,,41.311922,-105.581147,2021,1,15,13
West,Knight Hall,2021-01-15T14:00:00,60.0,,,,,,,,0.0414,,41.311922,-105.581147,2021,1,15,14
West,Knight Hall,2021-01-15T15:00:00,70.0,,,,,,,,0.048299999999999996,,41.311922,-105.581147,2021,1,15,15
West,Knight Hall,2021-01-15T16:00:00,60.0,,,,,,,,0.0414,,41.311922,-105.581147,2021,1,15,16
West,Knight Hall,2021-01-15T17:00:00,50.0,,,,,,,,0.034499999999999996,,41.311922,-105.581147,2021,1,15,17
West,Knight Hall,2021-01-15T18:00:00,40.0,,,,,,,,0.0276,,41.311922,-105.581147,2021,1,15,18
West,Knight Hall,2021-01-15T19:00:00,30.0,,,,,,,,0.0207,,41.311922,-105.581147,2021,1,15,19
West,Knight Hall,2021-01-15T20:00:00,30.0,,,,,,,,0.0207,,41.311922,-105.581147,2021,1,15,20
West,Knight Hall,2021-01-15T21:00:00,30.0,,,,,,,,0.0207,,41.311922,-105.581147,2021,1,15,21
West,Knight Hall,2021-01-15T22:00:00,30.0,,,,,,,,0.0207,,41.311922,-105.581147,2021,1,15,22
West,Knight Hall,2021-01-15T23:00:00,30.0,,,,,,,,0.0207,,41.311922,-105.581147,2021,1,15,23
West,Knight Hall,2021-01-16T00:00:00,30.0,,,,,,,,0.0207,,41.311922,-105.581147,2021,1,16,0
West,Knight Hall,2021-01-16T01:00:00,20.0,,,,,,,,0.0138,,41.311922,-105.581147,2021,1,16,1
West,Knight Hall,2021-01-16T02:00:00,30.0,,,,,,,,0.0207,,41.311922,-105.581147,2021,1,16,2
West,Knight Hall,2021-01-16T03:00:00,20.0,,,,,,,,0.0138,,41.311922,-105.581147,2021,1,16,3
West,Knight Hall,2021-01-16T04:00:00,30.0,,,,,,,,0.0207,,41.311922,-105.581147,2021,1,16,4
West,Knight Hall,2021-01-16T05:00:00,30.0,,,,,,,,0.0207,,41.311922,-105.581147,2021,1,16,5
West,Knight Hall,2021-01-16T06:00:00,30.0,,,,,,,,0.0207,,41.311922,-105.581147,2021,1,16,6
West,Knight Hall,2021-01-16T07:00:00,30.0,,,,,,,,0.0207,,41.311922,-105.581147,2021,1,16,7
West,Knight Hall,2021-01-16T08:00:00,30.0,,,,,,,,0.0207,,41.311922,-105.581147,2021,1,16,8
West,Knight Hall,2021-01-16T09:00:00,30.0,,,,,,,,0.0207,,41.311922,-105.581147,2021,1,16,9
West,Knight Hall,2021-01-16T10:00:00,30.0,,,,,,,,0.0207,,41.311922,-105.581147,2021,1,16,10
West,Knight Hall,2021-01-16T11:00:00,30.0,,,,,,,,0.0207,,41.311922,-105.581147,2021,1,16,11
West,Knight Hall,2021-01-16T12:00:00,30.0,,,,,,,,0.0207,,41.311922,-105.581147,2021,1,16,12
West,Knight Hall,2021-01-16T13:00:00,30.0,,,,,,,,0.0207,,41.311922,-105.581147,2021,1,16,13
West,Knight Hall,2021-01-16T14:00:00,30.0,,,,,,,,0.0207,,41.311922,-105.581147,2021,1,16,14
West,Knight Hall,2021-01-16T15:00:00,30.0,,,,,,,,0.0207,,41.311922,-105.581147,2021,1,16,15
West,Knight Hall,2021-01-16T16:00:00,30.0,,,,,,,,0.0207,,41.311922,-105.581147,2021,1,16,16
West,Knight Hall,2021-01-16T17:00:00,20.0,,,,,,,,0.0138,,41.311922,-105.581147,2021,1,16,17
West,Knight Hall,2021-01-16T18:00:00,30.0,,,,,,,,0.0207,,41.311922,-105.581147,2021,1,16,18
West,Knight Hall,2021-01-16T19:00:00,20.0,,,,,,,,0.0138,,41.311922,-105.581147,2021,1,16,19
West,Knight Hall,2021-01-16T20:00:00,30.0,,,,,,,,0.0207,,41.311922,-105.581147,2021,1,16,20
West,Knight Hall,2021-01-16T21:00:00,30.0,,,,,,,,0.0207,,41.311922,-105.581147,2021,1,16,21
West,Knight Hall,2021-01-16T22:00:00,20.0,,,,,,,,0.0138,,41.311922,-105.581147,2021,1,16,22
West,Knight Hall,2021-01-16T23:00:00,30.0,,,,,,,,0.0207,,41.311922,-105.581147,2021,1,16,23
West,Knight Hall,2021-01-17T00:00:00,20.0,,,,,,,,0.0138,,41.311922,-105.581147,2021,1,17,0
West,Knight Hall,2021-01-17T01:00:00,30.0,,,,,,,,0.0207,,41.311922,-105.581147,2021,1,17,1
West,Knight Hall,2021-01-17T02:00:00,30.0,,,,,,,,0.0207,,41.311922,-105.581147,2021,1,17,2
West,Knight Hall,2021-01-17T03:00:00,30.0,,,,,,,,0.0207,,41.311922,-105.581147,2021,1,17,3
West,Knight Hall,2021-01-17T04:00:00,20.0,,,,,,,,0.0138,,41.311922,-105.581147,2021,1,17,4
West,Knight Hall,2021-01-17T05:00:00,30.0,,,,,,,,0.0207,,41.311922,-105.581147,2021,1,17,5
West,Knight Hall,2021-01-17T06:00:00,30.0,,,,,,,,0.0207,,41.311922,-105.581147,2021,1,17,6
West,Knight Hall,2021-01-17T07:00:00,20.0,,,,,,,,0.0138,,41.311922,-105.581147,2021,1,17,7
West,Knight Hall,2021-01-17T08:00:00,30.0,,,,,,,,0.0207,,41.311922,-105.581147,2021,1,17,8
West,Knight Hall,2021-01-17T09:00:00,40.0,,,,,,,,0.0276,,41.311922,-105.581147,2021,1,17,9
West,Knight Hall,2021-01-17T10:00:00,30.0,,,,,,,,0.0207,,41.311922,-105.581147,2021,1,17,10
West,Knight Hall,2021-01-17T11:00:00,30.0,,,,,,,,0.0207,,41.311922,-105.581147,2021,1,17,11
West,Knight Hall,2021-01-17T12:00:00,30.0,,,,,,,,0.0207,,41.311922,-105.581147,2021,1,17,12
West,Knight Hall,2021-01-17T13:00:00,30.0,,,,,,,,0.0207,,41.311922,-105.581147,2021,1,17,13
West,Knight Hall,2021-01-17T14:00:00,30.0,,,,,,,,0.0207,,41.311922,-105.581147,2021,1,17,14
West,Knight Hall,2021-01-17T15:00:00,30.0,,,,,,,,0.0207,,41.311922,-105.581147,2021,1,17,15
West,Knight Hall,2021-01-17T16:00:00,20.0,,,,,,,,0.0138,,41.311922,-105.581147,2021,1,17,16
West,Knight Hall,2021-01-17T17:00:00,30.0,,,,,,,,0.0207,,41.311922,-105.581147,2021,1,17,17
West,Knight Hall,2021-01-17T18:00:00,30.0,,,,,,,,0.0207,,41.311922,-105.581147,2021,1,17,18
West,Knight Hall,2021-01-17T19:00:00,30.0,,,,,,,,0.0207,,41.311922,-105.581147,2021,1,17,19
West,Knight Hall,2021-01-17T20:00:00,30.0,,,,,,,,0.0207,,41.311922,-105.581147,2021,1,17,20
West,Knight Hall,2021-01-17T21:00:00,30.0,,,,,,,,0.0207,,41.311922,-105.581147,2021,1,17,21
West,Knight Hall,2021-01-17T22:00:00,20.0,,,,,,,,0.0138,,41.311922,-105.581147,2021,1,17,22
West,Knight Hall,2021-01-17T23:00:00,30.0,,,,,,,,0.0207,,41.311922,-105.581147,2021,1,17,23
West,Knight Hall,2021-01-18T00:00:00,30.0,,,,,,,,0.0207,,41.311922,-105.581147,2021,1,18,0
West,Knight Hall,2021-01-18T01:00:00,30.0,,,,,,,,0.0207,,41.311922,-105.581147,2021,1,18,1
West,Knight Hall,2021-01-18T02:00:00,30.0,,,,,,,,0.0207,,41.311922,-105.581147,2021,1,18,2
West,Knight Hall,2021-01-18T03:00:00,30.0,,,,,,,,0.0207,,41.311922,-105.581147,2021,1,18,3
West,Knight Hall,2021-01-18T04:00:00,20.0,,,,,,,,0.0138,,41.311922,-105.581147,2021,1,18,4
West,Knight Hall,2021-01-18T05:00:00,40.0,,,,,,,,0.0276,,41.311922,-105.581147,2021,1,18,5
West,Knight Hall,2021-01-18T06:00:00,30.0,,,,,,,,0.0207,,41.311922,-105.581147,2021,1,18,6
West,Knight Hall,2021-01-18T07:00:00,30.0,,,,,,,,0.0207,,41.311922,-105.581147,2021,1,18,7
West,Knight Hall,2021-01-18T08:00:00,30.0,,,,,,,,0.0207,,41.311922,-105.581147,2021,1,18,8
West,Knight Hall,2021-01-18T09:00:00,40.0,,,,,,,,0.0276,,41.311922,-105.581147,2021,1,18,9
West,Knight Hall,2021-01-18T10:00:00,30.0,,,,,,,,0.0207,,41.311922,-105.581147,2021,1,18,10
West,Knight Hall,2021-01-18T11:00:00,40.0,,,,,,,,0.0276,,41.311922,-105.581147,2021,1,18,11
West,Knight Hall,2021-01-18T12:00:00,30.0,,,,,,,,0.0207,,41.311922,-105.581147,2021,1,18,12
West,Knight Hall,2021-01-18T13:00:00,40.0,,,,,,,,0.0276,,41.311922,-105.581147,2021,1,18,13
West,Knight Hall,2021-01-18T14:00:00,30.0,,,,,,,,0.0207,,41.311922,-105.581147,2021,1,18,14
West,Knight Hall,2021-01-18T15:00:00,30.0,,,,,,,,0.0207,,41.311922,-105.581147,2021,1,18,15
West,Knight Hall,2021-01-18T16:00:00,30.0,,,,,,,,0.0207,,41.311922,-105.581147,2021,1,18,16
West,Knight Hall,2021-01-18T17:00:00,40.0,,,,,,,,0.0276,,41.311922,-105.581147,2021,1,18,17
West,Knight Hall,2021-01-18T18:00:00,30.0,,,,,,,,0.0207,,41.311922,-105.581147,2021,1,18,18
West,Knight Hall,2021-01-18T19:00:00,30.0,,,,,,,,0.0207,,41.311922,-105.581147,2021,1,18,19
West,Knight Hall,2021-01-18T20:00:00,20.0,,,,,,,,0.0138,,41.311922,-105.581147,2021,1,18,20
West,Knight Hall,2021-01-18T21:00:00,30.0,,,,,,,,0.0207,,41.311922,-105.581147,2021,1,18,21
West,Knight Hall,2021-01-18T22:00:00,30.0,,,,,,,,0.0207,,41.311922,-105.581147,2021,1,18,22
West,Knight Hall,2021-01-18T23:00:00,20.0,,,,,,,,0.0138,,41.311922,-105.581147,2021,1,18,23
West,Knight Hall,2021-01-19T00:00:00,30.0,,,,,,,,0.0207,,41.311922,-105.581147,2021,1,19,0
West,Knight Hall,2021-01-19T01:00:00,30.0,,,,,,,,0.0207,,41.311922,-105.581147,2021,1,19,1
West,Knight Hall,2021-01-19T02:00:00,20.0,,,,,,,,0.0138,,41.311922,-105.581147,2021,1,19,2
West,Knight Hall,2021-01-19T03:00:00,30.0,,,,,,,,0.0207,,41.311922,-105.581147,2021,1,19,3
West,Knight Hall,2021-01-19T04:00:00,30.0,,,,,,,,0.0207,,41.311922,-105.581147,2021,1,19,4
West,Knight Hall,2021-01-19T05:00:00,30.0,,,,,,,,0.0207,,41.311922,-105.581147,2021,1,19,5
West,Knight Hall,2021-01-19T06:00:00,30.0,,,,,,,,0.0207,,41.311922,-105.581147,2021,1,19,6
West,Knight Hall,2021-01-19T07:00:00,40.0,,,,,,,,0.0276,,41.311922,-105.581147,2021,1,19,7
West,Knight Hall,2021-01-19T08:00:00,70.0,,,,,,,,0.048299999999999996,,41.311922,-105.581147,2021,1,19,8
West,Knight Hall,2021-01-19T09:00:00,70.0,,,,,,,,0.048299999999999996,,41.311922,-105.581147,2021,1,19,9
West,Knight Hall,2021-01-19T10:00:00,70.0,,,,,,,,0.048299999999999996,,41.311922,-105.581147,2021,1,19,10
West,Knight Hall,2021-01-19T11:00:00,80.0,,,,,,,,0.0552,,41.311922,-105.581147,2021,1,19,11
West,Knight Hall,2021-01-19T12:00:00,70.0,,,,,,,,0.048299999999999996,,41.311922,-105.581147,2021,1,19,12
West,Knight Hall,2021-01-19T13:00:00,70.0,,,,,,,,0.048299999999999996,,41.311922,-105.581147,2021,1,19,13
West,Knight Hall,2021-01-19T14:00:00,70.0,,,,,,,,0.048299999999999996,,41.311922,-105.581147,2021,1,19,14
West,Knight Hall,2021-01-19T15:00:00,70.0,,,,,,,,0.048299999999999996,,41.311922,-105.581147,2021,1,19,15
West,Knight Hall,2021-01-19T16:00:00,60.0,,,,,,,,0.0414,,41.311922,-105.581147,2021,1,19,16
West,Knight Hall,2021-01-19T17:00:00,50.0,,,,,,,,0.034499999999999996,,41.311922,-105.581147,2021,1,19,17
West,Knight Hall,2021-01-19T18:00:00,40.0,,,,,,,,0.0276,,41.311922,-105.581147,2021,1,19,18
West,Knight Hall,2021-01-19T19:00:00,40.0,,,,,,,,0.0276,,41.311922,-105.581147,2021,1,19,19
West,Knight Hall,2021-01-19T20:00:00,40.0,,,,,,,,0.0276,,41.311922,-105.581147,2021,1,19,20
West,Knight Hall,2021-01-19T21:00:00,30.0,,,,,,,,0.0207,,41.311922,-105.581147,2021,1,19,21
West,Knight Hall,2021-01-19T22:00:00,30.0,,,,,,,,0.0207,,41.311922,-105.581147,2021,1,19,22
West,Knight Hall,2021-01-19T23:00:00,30.0,,,,,,,,0.0207,,41.311922,-105.581147,2021,1,19,23
West,Knight Hall,2021-01-20T00:00:00,30.0,,,,,,,,0.0207,,41.311922,-105.581147,2021,1,20,0
West,Knight Hall,2021-01-20T01:00:00,30.0,,,,,,,,0.0207,,41.311922,-105.581147,2021,1,20,1
West,Knight Hall,2021-01-20T02:00:00,20.0,,,,,,,,0.0138,,41.311922,-105.581147,2021,1,20,2
West,Knight Hall,2021-01-20T03:00:00,30.0,,,,,,,,0.0207,,41.311922,-105.581147,2021,1,20,3
West,Knight Hall,2021-01-20T04:00:00,30.0,,,,,,,,0.0207,,41.311922,-105.581147,2021,1,20,4
West,Knight Hall,2021-01-20T05:00:00,30.0,,,,,,,,0.0207,,41.311922,-105.581147,2021,1,20,5
West,Knight Hall,2021-01-20T06:00:00,40.0,,,,,,,,0.0276,,41.311922,-105.581147,2021,1,20,6
West,Knight Hall,2021-01-20T07:00:00,40.0,,,,,,,,0.0276,,41.311922,-105.581147,2021,1,20,7
West,Knight Hall,2021-01-20T08:00:00,70.0,,,,,,,,0.048299999999999996,,41.311922,-105.581147,2021,1,20,8
West,Knight Hall,2021-01-20T09:00:00,70.0,,,,,,,,0.048299999999999996,,41.311922,-105.581147,2021,1,20,9
West,Knight Hall,2021-01-20T10:00:00,70.0,,,,,,,,0.048299999999999996,,41.311922,-105.581147,2021,1,20,10
West,Knight Hall,2021-01-20T11:00:00,80.0,,,,,,,,0.0552,,41.311922,-105.581147,2021,1,20,11
West,Knight Hall,2021-01-20T12:00:00,70.0,,,,,,,,0.048299999999999996,,41.311922,-105.581147,2021,1,20,12
West,Knight Hall,2021-01-20T13:00:00,70.0,,,,,,,,0.048299999999999996,,41.311922,-105.581147,2021,1,20,13
West,Knight Hall,2021-01-20T14:00:00,70.0,,,,,,,,0.048299999999999996,,41.311922,-105.581147,2021,1,20,14
West,Knight Hall,2021-01-20T15:00:00,70.0,,,,,,,,0.048299999999999996,,41.311922,-105.581147,2021,1,20,15
West,Knight Hall,2021-01-20T16:00:00,60.0,,,,,,,,0.0414,,41.311922,-105.581147,2021,1,20,16
West,Knight Hall,2021-01-20T17:00:00,60.0,,,,,,,,0.0414,,41.311922,-105.581147,2021,1,20,17
West,Knight Hall,2021-01-20T18:00:00,40.0,,,,,,,,0.0276,,41.311922,-105.581147,2021,1,20,18
West,Knight Hall,2021-01-20T19:00:00,40.0,,,,,,,,0.0276,,41.311922,-105.581147,2021,1,20,19
West,Knight Hall,2021-01-20T20:00:00,30.0,,,,,,,,0.0207,,41.311922,-105.581147,2021,1,20,20
West,Knight Hall,2021-01-20T21:00:00,40.0,,,,,,,,0.0276,,41.311922,-105.581147,2021,1,20,21
West,Knight Hall,2021-01-20T22:00:00,30.0,,,,,,,,0.0207,,41.311922,-105.581147,2021,1,20,22
West,Knight Hall,2021-01-20T23:00:00,20.0,,,,,,,,0.0138,,41.311922,-105.581147,2021,1,20,23
West,Knight Hall,2021-01-21T00:00:00,30.0,,,,,,,,0.0207,,41.311922,-105.581147,2021,1,21,0
West,Knight Hall,2021-01-21T01:00:00,30.0,,,,,,,,0.0207,,41.311922,-105.581147,2021,1,21,1
West,Knight Hall,2021-01-21T02:00:00,30.0,,,,,,,,0.0207,,41.311922,-105.581147,2021,1,21,2
West,Knight Hall,2021-01-21T03:00:00,20.0,,,,,,,,0.0138,,41.311922,-105.581147,2021,1,21,3
West,Knight Hall,2021-01-21T04:00:00,30.0,,,,,,,,0.0207,,41.311922,-105.581147,2021,1,21,4
West,Knight Hall,2021-01-21T05:00:00,30.0,,,,,,,,0.0207,,41.311922,-105.581147,2021,1,21,5
West,Knight Hall,2021-01-21T06:00:00,40.0,,,,,,,,0.0276,,41.311922,-105.581147,2021,1,21,6
West,Knight Hall,2021-01-21T07:00:00,40.0,,,,,,,,0.0276,,41.311922,-105.581147,2021,1,21,7
West,Knight Hall,2021-01-21T08:00:00,60.0,,,,,,,,0.0414,,41.311922,-105.581147,2021,1,21,8
West,Knight Hall,2021-01-21T09:00:00,70.0,,,,,,,,0.048299999999999996,,41.311922,-105.581147,2021,1,21,9
West,Knight Hall,2021-01-21T10:00:00,80.0,,,,,,,,0.0552,,41.311922,-105.581147,2021,1,21,10
West,Knight Hall,2021-01-21T11:00:00,70.0,,,,,,,,0.048299999999999996,,41.311922,-105.581147,2021,1,21,11
West,Knight Hall,2021-01-21T12:00:00,70.0,,,,,,,,0.048299999999999996,,41.311922,-105.581147,2021,1,21,12
West,Knight Hall,2021-01-21T13:00:00,70.0,,,,,,,,0.048299999999999996,,41.311922,-105.581147,2021,1,21,13
West,Knight Hall,2021-01-21T14:00:00,80.0,,,,,,,,0.0552,,41.311922,-105.581147,2021,1,21,14
West,Knight Hall,2021-01-21T15:00:00,70.0,,,,,,,,0.048299999999999996,,41.311922,-105.581147,2021,1,21,15
West,Knight Hall,2021-01-21T16:00:00,70.0,,,,,,,,0.048299999999999996,,41.311922,-105.581147,2021,1,21,16
West,Knight Hall,2021-01-21T17:00:00,50.0,,,,,,,,0.034499999999999996,,41.311922,-105.581147,2021,1,21,17
West,Knight Hall,2021-01-21T18:00:00,40.0,,,,,,,,0.0276,,41.311922,-105.581147,2021,1,21,18
West,Knight Hall,2021-01-21T19:00:00,40.0,,,,,,,,0.0276,,41.311922,-105.581147,2021,1,21,19
West,Knight Hall,2021-01-21T20:00:00,30.0,,,,,,,,0.0207,,41.311922,-105.581147,2021,1,21,20
West,Knight Hall,2021-01-21T21:00:00,30.0,,,,,,,,0.0207,,41.311922,-105.581147,2021,1,21,21
West,Knight Hall,2021-01-21T22:00:00,40.0,,,,,,,,0.0276,,41.311922,-105.581147,2021,1,21,22
West,Knight Hall,2021-01-21T23:00:00,20.0,,,,,,,,0.0138,,41.311922,-105.581147,2021,1,21,23
West,Knight Hall,2021-01-22T00:00:00,30.0,,,,,,,,0.0207,,41.311922,-105.581147,2021,1,22,0
West,Knight Hall,2021-01-22T01:00:00,30.0,,,,,,,,0.0207,,41.311922,-105.581147,2021,1,22,1
West,Knight Hall,2021-01-22T02:00:00,30.0,,,,,,,,0.0207,,41.311922,-105.581147,2021,1,22,2
West,Knight Hall,2021-01-22T03:00:00,20.0,,,,,,,,0.0138,,41.311922,-105.581147,2021,1,22,3
West,Knight Hall,2021-01-22T04:00:00,30.0,,,,,,,,0.0207,,41.311922,-105.581147,2021,1,22,4
West,Knight Hall,2021-01-22T05:00:00,30.0,,,,,,,,0.0207,,41.311922,-105.581147,2021,1,22,5
West,Knight Hall,2021-01-22T06:00:00,30.0,,,,,,,,0.0207,,41.311922,-105.581147,2021,1,22,6
West,Knight Hall,2021-01-22T07:00:00,50.0,,,,,,,,0.034499999999999996,,41.311922,-105.581147,2021,1,22,7
West,Knight Hall,2021-01-22T08:00:00,60.0,,,,,,,,0.0414,,41.311922,-105.581147,2021,1,22,8
West,Knight Hall,2021-01-22T09:00:00,70.0,,,,,,,,0.048299999999999996,,41.311922,-105.581147,2021,1,22,9
West,Knight Hall,2021-01-22T10:00:00,70.0,,,,,,,,0.048299999999999996,,41.311922,-105.581147,2021,1,22,10
West,Knight Hall,2021-01-22T11:00:00,80.0,,,,,,,,0.0552,,41.311922,-105.581147,2021,1,22,11
West,Knight Hall,2021-01-22T12:00:00,60.0,,,,,,,,0.0414,,41.311922,-105.581147,2021,1,22,12
West,Knight Hall,2021-01-22T13:00:00,70.0,,,,,,,,0.048299999999999996,,41.311922,-105.581147,2021,1,22,13
West,Knight Hall,2021-01-22T14:00:00,70.0,,,,,,,,0.048299999999999996,,41.311922,-105.581147,2021,1,22,14
West,Knight Hall,2021-01-22T15:00:00,60.0,,,,,,,,0.0414,,41.311922,-105.581147,2021,1,22,15
West,Knight Hall,2021-01-22T16:00:00,70.0,,,,,,,,0.048299999999999996,,41.311922,-105.581147,2021,1,22,16
West,Knight Hall,2021-01-22T17:00:00,40.0,,,,,,,,0.0276,,41.311922,-105.581147,2021,1,22,17
West,Knight Hall,2021-01-22T18:00:00,40.0,,,,,,,,0.0276,,41.311922,-105.581147,2021,1,22,18
West,Knight Hall,2021-01-22T19:00:00,40.0,,,,,,,,0.0276,,41.311922,-105.581147,2021,1,22,19
West,Knight Hall,2021-01-22T20:00:00,30.0,,,,,,,,0.0207,,41.311922,-105.581147,2021,1,22,20
West,Knight Hall,2021-01-22T21:00:00,30.0,,,,,,,,0.0207,,41.311922,-105.581147,2021,1,22,21
West,Knight Hall,2021-01-22T22:00:00,30.0,,,,,,,,0.0207,,41.311922,-105.581147,2021,1,22,22
West,Knight Hall,2021-01-22T23:00:00,30.0,,,,,,,,0.0207,,41.311922,-105.581147,2021,1,22,23
West,Knight Hall,2021-01-23T00:00:00,30.0,,,,,,,,0.0207,,41.311922,-105.581147,2021,1,23,0
West,Knight Hall,2021-01-23T01:00:00,20.0,,,,,,,,0.0138,,41.311922,-105.581147,2021,1,23,1
West,Knight Hall,2021-01-23T02:00:00,30.0,,,,,,,,0.0207,,41.311922,-105.581147,2021,1,23,2
West,Knight Hall,2021-01-23T03:00:00,30.0,,,,,,,,0.0207,,41.311922,-105.581147,2021,1,23,3
West,Knight Hall,2021-01-23T04:00:00,20.0,,,,,,,,0.0138,,41.311922,-105.581147,2021,1,23,4
West,Knight Hall,2021-01-23T05:00:00,30.0,,,,,,,,0.0207,,41.311922,-105.581147,2021,1,23,5
West,Knight Hall,2021-01-23T06:00:00,30.0,,,,,,,,0.0207,,41.311922,-105.581147,2021,1,23,6
West,Knight Hall,2021-01-23T07:00:00,30.0,,,,,,,,0.0207,,41.311922,-105.581147,2021,1,23,7
West,Knight Hall,2021-01-23T08:00:00,30.0,,,,,,,,0.0207,,41.311922,-105.581147,2021,1,23,8
West,Knight Hall,2021-01-23T09:00:00,30.0,,,,,,,,0.0207,,41.311922,-105.581147,2021,1,23,9
West,Knight Hall,2021-01-23T10:00:00,,,,,,,,,,,41.311922,-105.581147,2021,1,23,10
West,Knight Hall,2021-01-23T11:00:00,,,,,,,,,,,41.311922,-105.581147,2021,1,23,11
West,Knight Hall,2021-01-23T12:00:00,,,,,,,,,,,41.311922,-105.581147,2021,1,23,12
West,Knight Hall,2021-01-23T13:00:00,,,,,,,,,,,41.311922,-105.581147,2021,1,23,13
West,Knight Hall,2021-01-23T14:00:00,,,,,,,,,,,41.311922,-105.581147,2021,1,23,14
West,Knight Hall,2021-01-23T15:00:00,,,,,,,,,,,41.311922,-105.581147,2021,1,23,15
West,Knight Hall,2021-01-23T16:00:00,,,,,,,,,,,41.311922,-105.581147,2021,1,23,16
West,Knight Hall,2021-01-23T17:00:00,,,,,,,,,,,41.311922,-105.581147,2021,1,23,17
West,Knight Hall,2021-01-23T18:00:00,,,,,,,,,,,41.311922,-105.581147,2021,1,23,18
West,Knight Hall,2021-01-23T19:00:00,,,,,,,,,,,41.311922,-105.581147,2021,1,23,19
West,Knight Hall,2021-01-23T20:00:00,,,,,,,,,,,41.311922,-105.581147,2021,1,23,20
West,Knight Hall,2021-01-23T21:00:00,,,,,,,,,,,41.311922,-105.581147,2021,1,23,21
West,Knight Hall,2021-01-23T22:00:00,,,,,,,,,,,41.311922,-105.581147,2021,1,23,22
West,Knight Hall,2021-01-23T23:00:00,,,,,,,,,,,41.311922,-105.581147,2021,1,23,23
West,Knight Hall,2021-01-24T00:00:00,30.0,,,,,,,,0.0207,,41.311922,-105.581147,2021,1,24,0
West,Knight Hall,2021-01-24T01:00:00,30.0,,,,,,,,0.0207,,41.311922,-105.581147,2021,1,24,1
West,Knight Hall,2021-01-24T02:00:00,30.0,,,,,,,,0.0207,,41.311922,-105.581147,2021,1,24,2
West,Knight Hall,2021-01-24T03:00:00,30.0,,,,,,,,0.0207,,41.311922,-105.581147,2021,1,24,3
West,Knight Hall,2021-01-24T04:00:00,30.0,,,,,,,,0.0207,,41.311922,-105.581147,2021,1,24,4
West,Knight Hall,2021-01-24T05:00:00,20.0,,,,,,,,0.0138,,41.311922,-105.581147,2021,1,24,5
West,Knight Hall,2021-01-24T06:00:00,30.0,,,,,,,,0.0207,,41.311922,-105.581147,2021,1,24,6
West,Knight Hall,2021-01-24T07:00:00,30.0,,,,,,,,0.0207,,41.311922,-105.581147,2021,1,24,7
West,Knight Hall,2021-01-24T08:00:00,30.0,,,,,,,,0.0207,,41.311922,-105.581147,2021,1,24,8
West,Knight Hall,2021-01-24T09:00:00,30.0,,,,,,,,0.0207,,41.311922,-105.581147,2021,1,24,9
West,Knight Hall,2021-01-24T10:00:00,30.0,,,,,,,,0.0207,,41.311922,-105.581147,2021,1,24,10
West,Knight Hall,2021-01-24T11:00:00,30.0,,,,,,,,0.0207,,41.311922,-105.581147,2021,1,24,11
West,Knight Hall,2021-01-24T12:00:00,30.0,,,,,,,,0.0207,,41.311922,-105.581147,2021,1,24,12
West,Knight Hall,2021-01-24T13:00:00,40.0,,,,,,,,0.0276,,41.311922,-105.581147,2021,1,24,13
West,Knight Hall,2021-01-24T14:00:00,30.0,,,,,,,,0.0207,,41.311922,-105.581147,2021,1,24,14
West,Knight Hall,2021-01-24T15:00:00,30.0,,,,,,,,0.0207,,41.311922,-105.581147,2021,1,24,15
West,Knight Hall,2021-01-24T16:00:00,30.0,,,,,,,,0.0207,,41.311922,-105.581147,2021,1,24,16
West,Knight Hall,2021-01-24T17:00:00,20.0,,,,,,,,0.0138,,41.311922,-105.581147,2021,1,24,17
West,Knight Hall,2021-01-24T18:00:00,30.0,,,,,,,,0.0207,,41.311922,-105.581147,2021,1,24,18
West,Knight Hall,2021-01-24T19:00:00,30.0,,,,,,,,0.0207,,41.311922,-105.581147,2021,1,24,19
West,Knight Hall,2021-01-24T20:00:00,30.0,,,,,,,,0.0207,,41.311922,-105.581147,2021,1,24,20
West,Knight Hall,2021-01-24T21:00:00,30.0,,,,,,,,0.0207,,41.311922,-105.581147,2021,1,24,21
West,Knight Hall,2021-01-24T22:00:00,30.0,,,,,,,,0.0207,,41.311922,-105.581147,2021,1,24,22
West,Knight Hall,2021-01-24T23:00:00,30.0,,,,,,,,0.0207,,41.311922,-105.581147,2021,1,24,23
West,Knight Hall,2021-01-25T00:00:00,20.0,,,,,,,,0.0138,,41.311922,-105.581147,2021,1,25,0
West,Knight Hall,2021-01-25T01:00:00,30.0,,,,,,,,0.0207,,41.311922,-105.581147,2021,1,25,1
West,Knight Hall,2021-01-25T02:00:00,30.0,,,,,,,,0.0207,,41.311922,-105.581147,2021,1,25,2
West,Knight Hall,2021-01-25T03:00:00,30.0,,,,,,,,0.0207,,41.311922,-105.581147,2021,1,25,3
West,Knight Hall,2021-01-25T04:00:00,30.0,,,,,,,,0.0207,,41.311922,-105.581147,2021,1,25,4
West,Knight Hall,2021-01-25T05:00:00,30.0,,,,,,,,0.0207,,41.311922,-105.581147,2021,1,25,5
West,Knight Hall,2021-01-25T06:00:00,40.0,,,,,,,,0.0276,,41.311922,-105.581147,2021,1,25,6
West,Knight Hall,2021-01-25T07:00:00,50.0,,,,,,,,0.034499999999999996,,41.311922,-105.581147,2021,1,25,7
West,Knight Hall,2021-01-25T08:00:00,70.0,,,,,,,,0.048299999999999996,,41.311922,-105.581147,2021,1,25,8
West,Knight Hall,2021-01-25T09:00:00,70.0,,,,,,,,0.048299999999999996,,41.311922,-105.581147,2021,1,25,9
West,Knight Hall,2021-01-25T10:00:00,70.0,,,,,,,,0.048299999999999996,,41.311922,-105.581147,2021,1,25,10
West,Knight Hall,2021-01-25T11:00:00,80.0,,,,,,,,0.0552,,41.311922,-105.581147,2021,1,25,11
West,Knight Hall,2021-01-25T12:00:00,70.0,,,,,,,,0.048299999999999996,,41.311922,-105.581147,2021,1,25,12
West,Knight Hall,2021-01-25T13:00:00,70.0,,,,,,,,0.048299999999999996,,41.311922,-105.581147,2021,1,25,13
West,Knight Hall,2021-01-25T14:00:00,70.0,,,,,,,,0.048299999999999996,,41.311922,-105.581147,2021,1,25,14
West,Knight Hall,2021-01-25T15:00:00,70.0,,,,,,,,0.048299999999999996,,41.311922,-105.581147,2021,1,25,15
West,Knight Hall,2021-01-25T16:00:00,70.0,,,,,,,,0.048299999999999996,,41.311922,-105.581147,2021,1,25,16
West,Knight Hall,2021-01-25T17:00:00,50.0,,,,,,,,0.034499999999999996,,41.311922,-105.581147,2021,1,25,17
West,Knight Hall,2021-01-25T18:00:00,40.0,,,,,,,,0.0276,,41.311922,-105.581147,2021,1,25,18
West,Knight Hall,2021-01-25T19:00:00,30.0,,,,,,,,0.0207,,41.311922,-105.581147,2021,1,25,19
West,Knight Hall,2021-01-25T20:00:00,40.0,,,,,,,,0.0276,,41.311922,-105.581147,2021,1,25,20
West,Knight Hall,2021-01-25T21:00:00,30.0,,,,,,,,0.0207,,41.311922,-105.581147,2021,1,25,21
West,Knight Hall,2021-01-25T22:00:00,40.0,,,,,,,,0.0276,,41.311922,-105.581147,2021,1,25,22
West,Knight Hall,2021-01-25T23:00:00,20.0,,,,,,,,0.0138,,41.311922,-105.581147,2021,1,25,23
West,Knight Hall,2021-01-26T00:00:00,30.0,,,,,,,,0.0207,,41.311922,-105.581147,2021,1,26,0
West,Knight Hall,2021-01-26T01:00:00,30.0,,,,,,,,0.0207,,41.311922,-105.581147,2021,1,26,1
West,Knight Hall,2021-01-26T02:00:00,20.0,,,,,,,,0.0138,,41.311922,-105.581147,2021,1,26,2
West,Knight Hall,2021-01-26T03:00:00,30.0,,,,,,,,0.0207,,41.311922,-105.581147,2021,1,26,3
West,Knight Hall,2021-01-26T04:00:00,30.0,,,,,,,,0.0207,,41.311922,-105.581147,2021,1,26,4
West,Knight Hall,2021-01-26T05:00:00,30.0,,,,,,,,0.0207,,41.311922,-105.581147,2021,1,26,5
West,Knight Hall,2021-01-26T06:00:00,30.0,,,,,,,,0.0207,,41.311922,-105.581147,2021,1,26,6
West,Knight Hall,2021-01-26T07:00:00,40.0,,,,,,,,0.0276,,41.311922,-105.581147,2021,1,26,7
West,Knight Hall,2021-01-26T08:00:00,70.0,,,,,,,,0.048299999999999996,,41.311922,-105.581147,2021,1,26,8
West,Knight Hall,2021-01-26T09:00:00,80.0,,,,,,,,0.0552,,41.311922,-105.581147,2021,1,26,9
West,Knight Hall,2021-01-26T10:00:00,70.0,,,,,,,,0.048299999999999996,,41.311922,-105.581147,2021,1,26,10
West,Knight Hall,2021-01-26T11:00:00,80.0,,,,,,,,0.0552,,41.311922,-105.581147,2021,1,26,11
West,Knight Hall,2021-01-26T12:00:00,70.0,,,,,,,,0.048299999999999996,,41.311922,-105.581147,2021,1,26,12
West,Knight Hall,2021-01-26T13:00:00,70.0,,,,,,,,0.048299999999999996,,41.311922,-105.581147,2021,1,26,13
West,Knight Hall,2021-01-26T14:00:00,70.0,,,,,,,,0.048299999999999996,,41.311922,-105.581147,2021,1,26,14
West,Knight Hall,2021-01-26T15:00:00,70.0,,,,,,,,0.048299999999999996,,41.311922,-105.581147,2021,1,26,15
West,Knight Hall,2021-01-26T16:00:00,70.0,,,,,,,,0.048299999999999996,,41.311922,-105.581147,2021,1,26,16
West,Knight Hall,2021-01-26T17:00:00,50.0,,,,,,,,0.034499999999999996,,41.311922,-105.581147,2021,1,26,17
West,Knight Hall,2021-01-26T18:00:00,50.0,,,,,,,,0.034499999999999996,,41.311922,-105.581147,2021,1,26,18
West,Knight Hall,2021-01-26T19:00:00,50.0,,,,,,,,0.034499999999999996,,41.311922,-105.581147,2021,1,26,19
West,Knight Hall,2021-01-26T20:00:00,50.0,,,,,,,,0.034499999999999996,,41.311922,-105.581147,2021,1,26,20
West,Knight Hall,2021-01-26T21:00:00,30.0,,,,,,,,0.0207,,41.311922,-105.581147,2021,1,26,21
West,Knight Hall,2021-01-26T22:00:00,40.0,,,,,,,,0.0276,,41.311922,-105.581147,2021,1,26,22
West,Knight Hall,2021-01-26T23:00:00,30.0,,,,,,,,0.0207,,41.311922,-105.581147,2021,1,26,23
West,Knight Hall,2021-01-27T00:00:00,20.0,,,,,,,,0.0138,,41.311922,-105.581147,2021,1,27,0
West,Knight Hall,2021-01-27T01:00:00,30.0,,,,,,,,0.0207,,41.311922,-105.581147,2021,1,27,1
West,Knight Hall,2021-01-27T02:00:00,30.0,,,,,,,,0.0207,,41.311922,-105.581147,2021,1,27,2
West,Knight Hall,2021-01-27T03:00:00,30.0,,,,,,,,0.0207,,41.311922,-105.581147,2021,1,27,3
West,Knight Hall,2021-01-27T04:00:00,30.0,,,,,,,,0.0207,,41.311922,-105.581147,2021,1,27,4
West,Knight Hall,2021-01-27T05:00:00,30.0,,,,,,,,0.0207,,41.311922,-105.581147,2021,1,27,5
West,Knight Hall,2021-01-27T06:00:00,30.0,,,,,,,,0.0207,,41.311922,-105.581147,2021,1,27,6
West,Knight Hall,2021-01-27T07:00:00,40.0,,,,,,,,0.0276,,41.311922,-105.581147,2021,1,27,7
West,Knight Hall,2021-01-27T08:00:00,70.0,,,,,,,,0.048299999999999996,,41.311922,-105.581147,2021,1,27,8
West,Knight Hall,2021-01-27T09:00:00,70.0,,,,,,,,0.048299999999999996,,41.311922,-105.581147,2021,1,27,9
West,Knight Hall,2021-01-27T10:00:00,80.0,,,,,,,,0.0552,,41.311922,-105.581147,2021,1,27,10
West,Knight Hall,2021-01-27T11:00:00,70.0,,,,,,,,0.048299999999999996,,41.311922,-105.581147,2021,1,27,11
West,Knight Hall,2021-01-27T12:00:00,70.0,,,,,,,,0.048299999999999996,,41.311922,-105.581147,2021,1,27,12
West,Knight Hall,2021-01-27T13:00:00,70.0,,,,,,,,0.048299999999999996,,41.311922,-105.581147,2021,1,27,13
West,Knight Hall,2021-01-27T14:00:00,70.0,,,,,,,,0.048299999999999996,,41.311922,-105.581147,2021,1,27,14
West,Knight Hall,2021-01-27T15:00:00,70.0,,,,,,,,0.048299999999999996,,41.311922,-105.581147,2021,1,27,15
West,Knight Hall,2021-01-27T16:00:00,70.0,,,,,,,,0.048299999999999996,,41.311922,-105.581147,2021,1,27,16
West,Knight Hall,2021-01-27T17:00:00,50.0,,,,,,,,0.034499999999999996,,41.311922,-105.581147,2021,1,27,17
West,Knight Hall,2021-01-27T18:00:00,50.0,,,,,,,,0.034499999999999996,,41.311922,-105.581147,2021,1,27,18
West,Knight Hall,2021-01-27T19:00:00,40.0,,,,,,,,0.0276,,41.311922,-105.581147,2021,1,27,19
West,Knight Hall,2021-01-27T20:00:00,30.0,,,,,,,,0.0207,,41.311922,-105.581147,2021,1,27,20
West,Knight Hall,2021-01-27T21:00:00,30.0,,,,,,,,0.0207,,41.311922,-105.581147,2021,1,27,21
West,Knight Hall,2021-01-27T22:00:00,30.0,,,,,,,,0.0207,,41.311922,-105.581147,2021,1,27,22
West,Knight Hall,2021-01-27T23:00:00,30.0,,,,,,,,0.0207,,41.311922,-105.581147,2021,1,27,23
West,Knight Hall,2021-01-28T00:00:00,30.0,,,,,,,,0.0207,,41.311922,-105.581147,2021,1,28,0
West,Knight Hall,2021-01-28T01:00:00,20.0,,,,,,,,0.0138,,41.311922,-105.581147,2021,1,28,1
West,Knight Hall,2021-01-28T02:00:00,30.0,,,,,,,,0.0207,,41.311922,-105.581147,2021,1,28,2
West,Knight Hall,2021-01-28T03:00:00,30.0,,,,,,,,0.0207,,41.311922,-105.581147,2021,1,28,3
West,Knight Hall,2021-01-28T04:00:00,30.0,,,,,,,,0.0207,,41.311922,-105.581147,2021,1,28,4
West,Knight Hall,2021-01-28T05:00:00,30.0,,,,,,,,0.0207,,41.311922,-105.581147,2021,1,28,5
West,Knight Hall,2021-01-28T06:00:00,30.0,,,,,,,,0.0207,,41.311922,-105.581147,2021,1,28,6
West,Knight Hall,2021-01-28T07:00:00,50.0,,,,,,,,0.034499999999999996,,41.311922,-105.581147,2021,1,28,7
West,Knight Hall,2021-01-28T08:00:00,60.0,,,,,,,,0.0414,,41.311922,-105.581147,2021,1,28,8
West,Knight Hall,2021-01-28T09:00:00,70.0,,,,,,,,0.048299999999999996,,41.311922,-105.581147,2021,1,28,9
West,Knight Hall,2021-01-28T10:00:00,70.0,,,,,,,,0.048299999999999996,,41.311922,-105.581147,2021,1,28,10
West,Knight Hall,2021-01-28T11:00:00,70.0,,,,,,,,0.048299999999999996,,41.311922,-105.581147,2021,1,28,11
West,Knight Hall,2021-01-28T12:00:00,70.0,,,,,,,,0.048299999999999996,,41.311922,-105.581147,2021,1,28,12
West,Knight Hall,2021-01-28T13:00:00,70.0,,,,,,,,0.048299999999999996,,41.311922,-105.581147,2021,1,28,13
West,Knight Hall,2021-01-28T14:00:00,70.0,,,,,,,,0.048299999999999996,,41.311922,-105.581147,2021,1,28,14
West,Knight Hall,2021-01-28T15:00:00,60.0,,,,,,,,0.0414,,41.311922,-105.581147,2021,1,28,15
West,Knight Hall,2021-01-28T16:00:00,70.0,,,,,,,,0.048299999999999996,,41.311922,-105.581147,2021,1,28,16
West,Knight Hall,2021-01-28T17:00:00,50.0,,,,,,,,0.034499999999999996,,41.311922,-105.581147,2021,1,28,17
West,Knight Hall,2021-01-28T18:00:00,40.0,,,,,,,,0.0276,,41.311922,-105.581147,2021,1,28,18
West,Knight Hall,2021-01-28T19:00:00,30.0,,,,,,,,0.0207,,41.311922,-105.581147,2021,1,28,19
West,Knight Hall,2021-01-28T20:00:00,30.0,,,,,,,,0.0207,,41.311922,-105.581147,2021,1,28,20
West,Knight Hall,2021-01-28T21:00:00,40.0,,,,,,,,0.0276,,41.311922,-105.581147,2021,1,28,21
West,Knight Hall,2021-01-28T22:00:00,30.0,,,,,,,,0.0207,,41.311922,-105.581147,2021,1,28,22
West,Knight Hall,2021-01-28T23:00:00,20.0,,,,,,,,0.0138,,41.311922,-105.581147,2021,1,28,23
West,Knight Hall,2021-01-29T00:00:00,30.0,,,,,,,,0.0207,,41.311922,-105.581147,2021,1,29,0
West,Knight Hall,2021-01-29T01:00:00,30.0,,,,,,,,0.0207,,41.311922,-105.581147,2021,1,29,1
West,Knight Hall,2021-01-29T02:00:00,20.0,,,,,,,,0.0138,,41.311922,-105.581147,2021,1,29,2
West,Knight Hall,2021-01-29T03:00:00,30.0,,,,,,,,0.0207,,41.311922,-105.581147,2021,1,29,3
West,Knight Hall,2021-01-29T04:00:00,30.0,,,,,,,,0.0207,,41.311922,-105.581147,2021,1,29,4
West,Knight Hall,2021-01-29T05:00:00,30.0,,,,,,,,0.0207,,41.311922,-105.581147,2021,1,29,5
West,Knight Hall,2021-01-29T06:00:00,30.0,,,,,,,,0.0207,,41.311922,-105.581147,2021,1,29,6
West,Knight Hall,2021-01-29T07:00:00,40.0,,,,,,,,0.0276,,41.311922,-105.581147,2021,1,29,7
West,Knight Hall,2021-01-29T08:00:00,70.0,,,,,,,,0.048299999999999996,,41.311922,-105.581147,2021,1,29,8
West,Knight Hall,2021-01-29T09:00:00,70.0,,,,,,,,0.048299999999999996,,41.311922,-105.581147,2021,1,29,9
West,Knight Hall,2021-01-29T10:00:00,80.0,,,,,,,,0.0552,,41.311922,-105.581147,2021,1,29,10
West,Knight Hall,2021-01-29T11:00:00,70.0,,,,,,,,0.048299999999999996,,41.311922,-105.581147,2021,1,29,11
West,Knight Hall,2021-01-29T12:00:00,60.0,,,,,,,,0.0414,,41.311922,-105.581147,2021,1,29,12
West,Knight Hall,2021-01-29T13:00:00,70.0,,,,,,,,0.048299999999999996,,41.311922,-105.581147,2021,1,29,13
West,Knight Hall,2021-01-29T14:00:00,70.0,,,,,,,,0.048299999999999996,,41.311922,-105.581147,2021,1,29,14
West,Knight Hall,2021-01-29T15:00:00,70.0,,,,,,,,0.048299999999999996,,41.311922,-105.581147,2021,1,29,15
West,Knight Hall,2021-01-29T16:00:00,60.0,,,,,,,,0.0414,,41.311922,-105.581147,2021,1,29,16
West,Knight Hall,2021-01-29T17:00:00,50.0,,,,,,,,0.034499999999999996,,41.311922,-105.581147,2021,1,29,17
West,Knight Hall,2021-01-29T18:00:00,40.0,,,,,,,,0.0276,,41.311922,-105.581147,2021,1,29,18
West,Knight Hall,2021-01-29T19:00:00,40.0,,,,,,,,0.0276,,41.311922,-105.581147,2021,1,29,19
West,Knight Hall,2021-01-29T20:00:00,30.0,,,,,,,,0.0207,,41.311922,-105.581147,2021,1,29,20
West,Knight Hall,2021-01-29T21:00:00,40.0,,,,,,,,0.0276,,41.311922,-105.581147,2021,1,29,21
West,Knight Hall,2021-01-29T22:00:00,30.0,,,,,,,,0.0207,,41.311922,-105.581147,2021,1,29,22
West,Knight Hall,2021-01-29T23:00:00,30.0,,,,,,,,0.0207,,41.311922,-105.581147,2021,1,29,23
West,Knight Hall,2021-01-30T00:00:00,30.0,,,,,,,,0.0207,,41.311922,-105.581147,2021,1,30,0
West,Knight Hall,2021-01-30T01:00:00,20.0,,,,,,,,0.0138,,41.311922,-105.581147,2021,1,30,1
West,Knight Hall,2021-01-30T02:00:00,30.0,,,,,,,,0.0207,,41.311922,-105.581147,2021,1,30,2
West,Knight Hall,2021-01-30T03:00:00,30.0,,,,,,,,0.0207,,41.311922,-105.581147,2021,1,30,3
West,Knight Hall,2021-01-30T04:00:00,20.0,,,,,,,,0.0138,,41.311922,-105.581147,2021,1,30,4
West,Knight Hall,2021-01-30T05:00:00,30.0,,,,,,,,0.0207,,41.311922,-105.581147,2021,1,30,5
West,Knight Hall,2021-01-30T06:00:00,30.0,,,,,,,,0.0207,,41.311922,-105.581147,2021,1,30,6
West,Knight Hall,2021-01-30T07:00:00,20.0,,,,,,,,0.0138,,41.311922,-105.581147,2021,1,30,7
West,Knight Hall,2021-01-30T08:00:00,30.0,,,,,,,,0.0207,,41.311922,-105.581147,2021,1,30,8
West,Knight Hall,2021-01-30T09:00:00,30.0,,,,,,,,0.0207,,41.311922,-105.581147,2021,1,30,9
West,Knight Hall,2021-01-30T10:00:00,40.0,,,,,,,,0.0276,,41.311922,-105.581147,2021,1,30,10
West,Knight Hall,2021-01-30T11:00:00,30.0,,,,,,,,0.0207,,41.311922,-105.581147,2021,1,30,11
West,Knight Hall,2021-01-30T12:00:00,30.0,,,,,,,,0.0207,,41.311922,-105.581147,2021,1,30,12
West,Knight Hall,2021-01-30T13:00:00,30.0,,,,,,,,0.0207,,41.311922,-105.581147,2021,1,30,13
West,Knight Hall,2021-01-30T14:00:00,30.0,,,,,,,,0.0207,,41.311922,-105.581147,2021,1,30,14
West,Knight Hall,2021-01-30T15:00:00,30.0,,,,,,,,0.0207,,41.311922,-105.581147,2021,1,30,15
West,Knight Hall,2021-01-30T16:00:00,20.0,,,,,,,,0.0138,,41.311922,-105.581147,2021,1,30,16
West,Knight Hall,2021-01-30T17:00:00,30.0,,,,,,,,0.0207,,41.311922,-105.581147,2021,1,30,17
West,Knight Hall,2021-01-30T18:00:00,30.0,,,,,,,,0.0207,,41.311922,-105.581147,2021,1,30,18
West,Knight Hall,2021-01-30T19:00:00,20.0,,,,,,,,0.0138,,41.311922,-105.581147,2021,1,30,19
West,Knight Hall,2021-01-30T20:00:00,30.0,,,,,,,,0.0207,,41.311922,-105.581147,2021,1,30,20
West,Knight Hall,2021-01-30T21:00:00,30.0,,,,,,,,0.0207,,41.311922,-105.581147,2021,1,30,21
West,Knight Hall,2021-01-30T22:00:00,30.0,,,,,,,,0.0207,,41.311922,-105.581147,2021,1,30,22
West,Knight Hall,2021-01-30T23:00:00,20.0,,,,,,,,0.0138,,41.311922,-105.581147,2021,1,30,23
West,Knight Hall,2021-01-31T00:00:00,30.0,,,,,,,,0.0207,,41.311922,-105.581147,2021,1,31,0
West,Knight Hall,2021-01-31T01:00:00,30.0,,,,,,,,0.0207,,41.311922,-105.581147,2021,1,31,1
West,Knight Hall,2021-01-31T02:00:00,30.0,,,,,,,,0.0207,,41.311922,-105.581147,2021,1,31,2
West,Knight Hall,2021-01-31T03:00:00,20.0,,,,,,,,0.0138,,41.311922,-105.581147,2021,1,31,3
West,Knight Hall,2021-01-31T04:00:00,30.0,,,,,,,,0.0207,,41.311922,-105.581147,2021,1,31,4
West,Knight Hall,2021-01-31T05:00:00,30.0,,,,,,,,0.0207,,41.311922,-105.581147,2021,1,31,5
West,Knight Hall,2021-01-31T06:00:00,30.0,,,,,,,,0.0207,,41.311922,-105.581147,2021,1,31,6
West,Knight Hall,2021-01-31T07:00:00,20.0,,,,,,,,0.0138,,41.311922,-105.581147,2021,1,31,7
West,Knight Hall,2021-01-31T08:00:00,30.0,,,,,,,,0.0207,,41.311922,-105.581147,2021,1,31,8
West,Knight Hall,2021-01-31T09:00:00,30.0,,,,,,,,0.0207,,41.311922,-105.581147,2021,1,31,9
West,Knight Hall,2021-01-31T10:00:00,40.0,,,,,,,,0.0276,,41.311922,-105.581147,2021,1,31,10
West,Knight Hall,2021-01-31T11:00:00,30.0,,,,,,,,0.0207,,41.311922,-105.581147,2021,1,31,11
West,Knight Hall,2021-01-31T12:00:00,30.0,,,,,,,,0.0207,,41.311922,-105.581147,2021,1,31,12
West,Knight Hall,2021-01-31T13:00:00,30.0,,,,,,,,0.0207,,41.311922,-105.581147,2021,1,31,13
West,Knight Hall,2021-01-31T14:00:00,30.0,,,,,,,,0.0207,,41.311922,-105.581147,2021,1,31,14
West,Knight Hall,2021-01-31T15:00:00,30.0,,,,,,,,0.0207,,41.311922,-105.581147,2021,1,31,15
West,Knight Hall,2021-01-31T16:00:00,30.0,,,,,,,,0.0207,,41.311922,-105.581147,2021,1,31,16
West,Knight Hall,2021-01-31T17:00:00,20.0,,,,,,,,0.0138,,41.311922,-105.581147,2021,1,31,17
West,Knight Hall,2021-01-31T18:00:00,30.0,,,,,,,,0.0207,,41.311922,-105.581147,2021,1,31,18
West,Knight Hall,2021-01-31T19:00:00,30.0,,,,,,,,0.0207,,41.311922,-105.581147,2021,1,31,19
West,Knight Hall,2021-01-31T20:00:00,30.0,,,,,,,,0.0207,,41.311922,-105.581147,2021,1,31,20
West,Knight Hall,2021-01-31T21:00:00,30.0,,,,,,,,0.0207,,41.311922,-105.581147,2021,1,31,21
West,Knight Hall,2021-01-31T22:00:00,20.0,,,,,,,,0.0138,,41.311922,-105.581147,2021,1,31,22
West,Knight Hall,2021-01-31T23:00:00,30.0,,,,,,,,0.0207,,41.311922,-105.581147,2021,1,31,23
West,Knight Hall,2021-02-01T00:00:00,30.0,,,,,,,,0.0207,,41.311922,-105.581147,2021,2,1,0
West,Knight Hall,2021-02-01T01:00:00,30.0,,,,,,,,0.0207,,41.311922,-105.581147,2021,2,1,1
West,Knight Hall,2021-02-01T02:00:00,20.0,,,,,,,,0.0138,,41.311922,-105.581147,2021,2,1,2
West,Knight Hall,2021-02-01T03:00:00,30.0,,,,,,,,0.0207,,41.311922,-105.581147,2021,2,1,3
West,Knight Hall,2021-02-01T04:00:00,30.0,,,,,,,,0.0207,,41.311922,-105.581147,2021,2,1,4
West,Knight Hall,2021-02-01T05:00:00,30.0,,,,,,,,0.0207,,41.311922,-105.581147,2021,2,1,5
West,Knight Hall,2021-02-01T06:00:00,40.0,,,,,,,,0.0276,,41.311922,-105.581147,2021,2,1,6
West,Knight Hall,2021-02-01T07:00:00,40.0,,,,,,,,0.0276,,41.311922,-105.581147,2021,2,1,7
West,Knight Hall,2021-02-01T08:00:00,70.0,,,,,,,,0.048299999999999996,,41.311922,-105.581147,2021,2,1,8
West,Knight Hall,2021-02-01T09:00:00,80.0,,,,,,,,0.0552,,41.311922,-105.581147,2021,2,1,9
West,Knight Hall,2021-02-01T10:00:00,80.0,,,,,,,,0.0552,,41.311922,-105.581147,2021,2,1,10
West,Knight Hall,2021-02-01T11:00:00,70.0,,,,,,,,0.048299999999999996,,41.311922,-105.581147,2021,2,1,11
West,Knight Hall,2021-02-01T12:00:00,70.0,,,,,,,,0.048299999999999996,,41.311922,-105.581147,2021,2,1,12
West,Knight Hall,2021-02-01T13:00:00,60.0,,,,,,,,0.0414,,41.311922,-105.581147,2021,2,1,13
West,Knight Hall,2021-02-01T14:00:00,70.0,,,,,,,,0.048299999999999996,,41.311922,-105.581147,2021,2,1,14
West,Knight Hall,2021-02-01T15:00:00,70.0,,,,,,,,0.048299999999999996,,41.311922,-105.581147,2021,2,1,15
West,Knight Hall,2021-02-01T16:00:00,70.0,,,,,,,,0.048299999999999996,,41.311922,-105.581147,2021,2,1,16
West,Knight Hall,2021-02-01T17:00:00,50.0,,,,,,,,0.034499999999999996,,41.311922,-105.581147,2021,2,1,17
West,Knight Hall,2021-02-01T18:00:00,40.0,,,,,,,,0.0276,,41.311922,-105.581147,2021,2,1,18
West,Knight Hall,2021-02-01T19:00:00,40.0,,,,,,,,0.0276,,41.311922,-105.581147,2021,2,1,19
West,Knight Hall,2021-02-01T20:00:00,30.0,,,,,,,,0.0207,,41.311922,-105.581147,2021,2,1,20
West,Knight Hall,2021-02-01T21:00:00,30.0,,,,,,,,0.0207,,41.311922,-105.581147,2021,2,1,21
West,Knight Hall,2021-02-01T22:00:00,30.0,,,,,,,,0.0207,,41.311922,-105.581147,2021,2,1,22
West,Knight Hall,2021-02-01T23:00:00,30.0,,,,,,,,0.0207,,41.311922,-105.581147,2021,2,1,23
West,Knight Hall,2021-02-02T00:00:00,30.0,,,,,,,,0.0207,,41.311922,-105.581147,2021,2,2,0
West,Knight Hall,2021-02-02T01:00:00,30.0,,,,,,,,0.0207,,41.311922,-105.581147,2021,2,2,1
West,Knight Hall,2021-02-02T02:00:00,30.0,,,,,,,,0.0207,,41.311922,-105.581147,2021,2,2,2
West,Knight Hall,2021-02-02T03:00:00,30.0,,,,,,,,0.0207,,41.311922,-105.581147,2021,2,2,3
West,Knight Hall,2021-02-02T04:00:00,30.0,,,,,,,,0.0207,,41.311922,-105.581147,2021,2,2,4
West,Knight Hall,2021-02-02T05:00:00,30.0,,,,,,,,0.0207,,41.311922,-105.581147,2021,2,2,5
West,Knight Hall,2021-02-02T06:00:00,40.0,,,,,,,,0.0276,,41.311922,-105.581147,2021,2,2,6
West,Knight Hall,2021-02-02T07:00:00,40.0,,,,,,,,0.0276,,41.311922,-105.581147,2021,2,2,7
West,Knight Hall,2021-02-02T08:00:00,70.0,,,,,,,,0.048299999999999996,,41.311922,-105.581147,2021,2,2,8
West,Knight Hall,2021-02-02T09:00:00,70.0,,,,,,,,0.048299999999999996,,41.311922,-105.581147,2021,2,2,9
West,Knight Hall,2021-02-02T10:00:00,70.0,,,,,,,,0.048299999999999996,,41.311922,-105.581147,2021,2,2,10
West,Knight Hall,2021-02-02T11:00:00,70.0,,,,,,,,0.048299999999999996,,41.311922,-105.581147,2021,2,2,11
West,Knight Hall,2021-02-02T12:00:00,70.0,,,,,,,,0.048299999999999996,,41.311922,-105.581147,2021,2,2,12
West,Knight Hall,2021-02-02T13:00:00,70.0,,,,,,,,0.048299999999999996,,41.311922,-105.581147,2021,2,2,13
West,Knight Hall,2021-02-02T14:00:00,70.0,,,,,,,,0.048299999999999996,,41.311922,-105.581147,2021,2,2,14
West,Knight Hall,2021-02-02T15:00:00,70.0,,,,,,,,0.048299999999999996,,41.311922,-105.581147,2021,2,2,15
West,Knight Hall,2021-02-02T16:00:00,60.0,,,,,,,,0.0414,,41.311922,-105.581147,2021,2,2,16
West,Knight Hall,2021-02-02T17:00:00,50.0,,,,,,,,0.034499999999999996,,41.311922,-105.581147,2021,2,2,17
West,Knight Hall,2021-02-02T18:00:00,50.0,,,,,,,,0.034499999999999996,,41.311922,-105.581147,2021,2,2,18
West,Knight Hall,2021-02-02T19:00:00,30.0,,,,,,,,0.0207,,41.311922,-105.581147,2021,2,2,19
West,Knight Hall,2021-02-02T20:00:00,40.0,,,,,,,,0.0276,,41.311922,-105.581147,2021,2,2,20
West,Knight Hall,2021-02-02T21:00:00,40.0,,,,,,,,0.0276,,41.311922,-105.581147,2021,2,2,21
West,Knight Hall,2021-02-02T22:00:00,30.0,,,,,,,,0.0207,,41.311922,-105.581147,2021,2,2,22
West,Knight Hall,2021-02-02T23:00:00,20.0,,,,,,,,0.0138,,41.311922,-105.581147,2021,2,2,23
West,Knight Hall,2021-02-03T00:00:00,30.0,,,,,,,,0.0207,,41.311922,-105.581147,2021,2,3,0
West,Knight Hall,2021-02-03T01:00:00,30.0,,,,,,,,0.0207,,41.311922,-105.581147,2021,2,3,1
West,Knight Hall,2021-02-03T02:00:00,30.0,,,,,,,,0.0207,,41.311922,-105.581147,2021,2,3,2
West,Knight Hall,2021-02-03T03:00:00,20.0,,,,,,,,0.0138,,41.311922,-105.581147,2021,2,3,3
West,Knight Hall,2021-02-03T04:00:00,30.0,,,,,,,,0.0207,,41.311922,-105.581147,2021,2,3,4
West,Knight Hall,2021-02-03T05:00:00,30.0,,,,,,,,0.0207,,41.311922,-105.581147,2021,2,3,5
West,Knight Hall,2021-02-03T06:00:00,40.0,,,,,,,,0.0276,,41.311922,-105.581147,2021,2,3,6
West,Knight Hall,2021-02-03T07:00:00,40.0,,,,,,,,0.0276,,41.311922,-105.581147,2021,2,3,7
West,Knight Hall,2021-02-03T08:00:00,60.0,,,,,,,,0.0414,,41.311922,-105.581147,2021,2,3,8
West,Knight Hall,2021-02-03T09:00:00,70.0,,,,,,,,0.048299999999999996,,41.311922,-105.581147,2021,2,3,9
West,Knight Hall,2021-02-03T10:00:00,80.0,,,,,,,,0.0552,,41.311922,-105.581147,2021,2,3,10
West,Knight Hall,2021-02-03T11:00:00,70.0,,,,,,,,0.048299999999999996,,41.311922,-105.581147,2021,2,3,11
West,Knight Hall,2021-02-03T12:00:00,70.0,,,,,,,,0.048299999999999996,,41.311922,-105.581147,2021,2,3,12
West,Knight Hall,2021-02-03T13:00:00,70.0,,,,,,,,0.048299999999999996,,41.311922,-105.581147,2021,2,3,13
West,Knight Hall,2021-02-03T14:00:00,80.0,,,,,,,,0.0552,,41.311922,-105.581147,2021,2,3,14
West,Knight Hall,2021-02-03T15:00:00,70.0,,,,,,,,0.048299999999999996,,41.311922,-105.581147,2021,2,3,15
West,Knight Hall,2021-02-03T16:00:00,70.0,,,,,,,,0.048299999999999996,,41.311922,-105.581147,2021,2,3,16
West,Knight Hall,2021-02-03T17:00:00,50.0,,,,,,,,0.034499999999999996,,41.311922,-105.581147,2021,2,3,17
West,Knight Hall,2021-02-03T18:00:00,50.0,,,,,,,,0.034499999999999996,,41.311922,-105.581147,2021,2,3,18
West,Knight Hall,2021-02-03T19:00:00,30.0,,,,,,,,0.0207,,41.311922,-105.581147,2021,2,3,19
West,Knight Hall,2021-02-03T20:00:00,40.0,,,,,,,,0.0276,,41.311922,-105.581147,2021,2,3,20
West,Knight Hall,2021-02-03T21:00:00,30.0,,,,,,,,0.0207,,41.311922,-105.581147,2021,2,3,21
West,Knight Hall,2021-02-03T22:00:00,30.0,,,,,,,,0.0207,,41.311922,-105.581147,2021,2,3,22
West,Knight Hall,2021-02-03T23:00:00,20.0,,,,,,,,0.0138,,41.311922,-105.581147,2021,2,3,23
West,Knight Hall,2021-02-04T00:00:00,30.0,,,,,,,,0.0207,,41.311922,-105.581147,2021,2,4,0
West,Knight Hall,2021-02-04T01:00:00,30.0,,,,,,,,0.0207,,41.311922,-105.581147,2021,2,4,1
West,Knight Hall,2021-02-04T02:00:00,30.0,,,,,,,,0.0207,,41.311922,-105.581147,2021,2,4,2
West,Knight Hall,2021-02-04T03:00:00,20.0,,,,,,,,0.0138,,41.311922,-105.581147,2021,2,4,3
West,Knight Hall,2021-02-04T04:00:00,30.0,,,,,,,,0.0207,,41.311922,-105.581147,2021,2,4,4
West,Knight Hall,2021-02-04T05:00:00,30.0,,,,,,,,0.0207,,41.311922,-105.581147,2021,2,4,5
West,Knight Hall,2021-02-04T06:00:00,40.0,,,,,,,,0.0276,,41.311922,-105.581147,2021,2,4,6
West,Knight Hall,2021-02-04T07:00:00,40.0,,,,,,,,0.0276,,41.311922,-105.581147,2021,2,4,7
West,Knight Hall,2021-02-04T08:00:00,70.0,,,,,,,,0.048299999999999996,,41.311922,-105.581147,2021,2,4,8
West,Knight Hall,2021-02-04T09:00:00,70.0,,,,,,,,0.048299999999999996,,41.311922,-105.581147,2021,2,4,9
West,Knight Hall,2021-02-04T10:00:00,70.0,,,,,,,,0.048299999999999996,,41.311922,-105.581147,2021,2,4,10
West,Knight Hall,2021-02-04T11:00:00,70.0,,,,,,,,0.048299999999999996,,41.311922,-105.581147,2021,2,4,11
West,Knight Hall,2021-02-04T12:00:00,70.0,,,,,,,,0.048299999999999996,,41.311922,-105.581147,2021,2,4,12
West,Knight Hall,2021-02-04T13:00:00,70.0,,,,,,,,0.048299999999999996,,41.311922,-105.581147,2021,2,4,13
West,Knight Hall,2021-02-04T14:00:00,70.0,,,,,,,,0.048299999999999996,,41.311922,-105.581147,2021,2,4,14
West,Knight Hall,2021-02-04T15:00:00,70.0,,,,,,,,0.048299999999999996,,41.311922,-105.581147,2021,2,4,15
West,Knight Hall,2021-02-04T16:00:00,70.0,,,,,,,,0.048299999999999996,,41.311922,-105.581147,2021,2,4,16
West,Knight Hall,2021-02-04T17:00:00,50.0,,,,,,,,0.034499999999999996,,41.311922,-105.581147,2021,2,4,17
West,Knight Hall,2021-02-04T18:00:00,40.0,,,,,,,,0.0276,,41.311922,-105.581147,2021,2,4,18
West,Knight Hall,2021-02-04T19:00:00,30.0,,,,,,,,0.0207,,41.311922,-105.581147,2021,2,4,19
West,Knight Hall,2021-02-04T20:00:00,30.0,,,,,,,,0.0207,,41.311922,-105.581147,2021,2,4,20
West,Knight Hall,2021-02-04T21:00:00,40.0,,,,,,,,0.0276,,41.311922,-105.581147,2021,2,4,21
West,Knight Hall,2021-02-04T22:00:00,30.0,,,,,,,,0.0207,,41.311922,-105.581147,2021,2,4,22
West,Knight Hall,2021-02-04T23:00:00,20.0,,,,,,,,0.0138,,41.311922,-105.581147,2021,2,4,23
West,Knight Hall,2021-02-05T00:00:00,30.0,,,,,,,,0.0207,,41.311922,-105.581147,2021,2,5,0
West,Knight Hall,2021-02-05T01:00:00,30.0,,,,,,,,0.0207,,41.311922,-105.581147,2021,2,5,1
West,Knight Hall,2021-02-05T02:00:00,20.0,,,,,,,,0.0138,,41.311922,-105.581147,2021,2,5,2
West,Knight Hall,2021-02-05T03:00:00,30.0,,,,,,,,0.0207,,41.311922,-105.581147,2021,2,5,3
West,Knight Hall,2021-02-05T04:00:00,30.0,,,,,,,,0.0207,,41.311922,-105.581147,2021,2,5,4
West,Knight Hall,2021-02-05T05:00:00,30.0,,,,,,,,0.0207,,41.311922,-105.581147,2021,2,5,5
West,Knight Hall,2021-02-05T06:00:00,30.0,,,,,,,,0.0207,,41.311922,-105.581147,2021,2,5,6
West,Knight Hall,2021-02-05T07:00:00,40.0,,,,,,,,0.0276,,41.311922,-105.581147,2021,2,5,7
West,Knight Hall,2021-02-05T08:00:00,70.0,,,,,,,,0.048299999999999996,,41.311922,-105.581147,2021,2,5,8
West,Knight Hall,2021-02-05T09:00:00,70.0,,,,,,,,0.048299999999999996,,41.311922,-105.581147,2021,2,5,9
West,Knight Hall,2021-02-05T10:00:00,70.0,,,,,,,,0.048299999999999996,,41.311922,-105.581147,2021,2,5,10
West,Knight Hall,2021-02-05T11:00:00,70.0,,,,,,,,0.048299999999999996,,41.311922,-105.581147,2021,2,5,11
West,Knight Hall,2021-02-05T12:00:00,70.0,,,,,,,,0.048299999999999996,,41.311922,-105.581147,2021,2,5,12
West,Knight Hall,2021-02-05T13:00:00,70.0,,,,,,,,0.048299999999999996,,41.311922,-105.581147,2021,2,5,13
West,Knight Hall,2021-02-05T14:00:00,70.0,,,,,,,,0.048299999999999996,,41.311922,-105.581147,2021,2,5,14
West,Knight Hall,2021-02-05T15:00:00,60.0,,,,,,,,0.0414,,41.311922,-105.581147,2021,2,5,15
West,Knight Hall,2021-02-05T16:00:00,70.0,,,,,,,,0.048299999999999996,,41.311922,-105.581147,2021,2,5,16
West,Knight Hall,2021-02-05T17:00:00,40.0,,,,,,,,0.0276,,41.311922,-105.581147,2021,2,5,17
West,Knight Hall,2021-02-05T18:00:00,50.0,,,,,,,,0.034499999999999996,,41.311922,-105.581147,2021,2,5,18
West,Knight Hall,2021-02-05T19:00:00,30.0,,,,,,,,0.0207,,41.311922,-105.581147,2021,2,5,19
West,Knight Hall,2021-02-05T20:00:00,30.0,,,,,,,,0.0207,,41.311922,-105.581147,2021,2,5,20
West,Knight Hall,2021-02-05T21:00:00,40.0,,,,,,,,0.0276,,41.311922,-105.581147,2021,2,5,21
West,Knight Hall,2021-02-05T22:00:00,30.0,,,,,,,,0.0207,,41.311922,-105.581147,2021,2,5,22
West,Knight Hall,2021-02-05T23:00:00,30.0,,,,,,,,0.0207,,41.311922,-105.581147,2021,2,5,23
West,Knight Hall,2021-02-06T00:00:00,20.0,,,,,,,,0.0138,,41.311922,-105.581147,2021,2,6,0
West,Knight Hall,2021-02-06T01:00:00,30.0,,,,,,,,0.0207,,41.311922,-105.581147,2021,2,6,1
West,Knight Hall,2021-02-06T02:00:00,30.0,,,,,,,,0.0207,,41.311922,-105.581147,2021,2,6,2
West,Knight Hall,2021-02-06T03:00:00,20.0,,,,,,,,0.0138,,41.311922,-105.581147,2021,2,6,3
West,Knight Hall,2021-02-06T04:00:00,30.0,,,,,,,,0.0207,,41.311922,-105.581147,2021,2,6,4
West,Knight Hall,2021-02-06T05:00:00,30.0,,,,,,,,0.0207,,41.311922,-105.581147,2021,2,6,5
West,Knight Hall,2021-02-06T06:00:00,20.0,,,,,,,,0.0138,,41.311922,-105.581147,2021,2,6,6
West,Knight Hall,2021-02-06T07:00:00,30.0,,,,,,,,0.0207,,41.311922,-105.581147,2021,2,6,7
West,Knight Hall,2021-02-06T08:00:00,30.0,,,,,,,,0.0207,,41.311922,-105.581147,2021,2,6,8
West,Knight Hall,2021-02-06T09:00:00,30.0,,,,,,,,0.0207,,41.311922,-105.581147,2021,2,6,9
West,Knight Hall,2021-02-06T10:00:00,40.0,,,,,,,,0.0276,,41.311922,-105.581147,2021,2,6,10
West,Knight Hall,2021-02-06T11:00:00,30.0,,,,,,,,0.0207,,41.311922,-105.581147,2021,2,6,11
West,Knight Hall,2021-02-06T12:00:00,40.0,,,,,,,,0.0276,,41.311922,-105.581147,2021,2,6,12
West,Knight Hall,2021-02-06T13:00:00,30.0,,,,,,,,0.0207,,41.311922,-105.581147,2021,2,6,13
West,Knight Hall,2021-02-06T14:00:00,30.0,,,,,,,,0.0207,,41.311922,-105.581147,2021,2,6,14
West,Knight Hall,2021-02-06T15:00:00,30.0,,,,,,,,0.0207,,41.311922,-105.581147,2021,2,6,15
West,Knight Hall,2021-02-06T16:00:00,30.0,,,,,,,,0.0207,,41.311922,-105.581147,2021,2,6,16
West,Knight Hall,2021-02-06T17:00:00,30.0,,,,,,,,0.0207,,41.311922,-105.581147,2021,2,6,17
West,Knight Hall,2021-02-06T18:00:00,30.0,,,,,,,,0.0207,,41.311922,-105.581147,2021,2,6,18
West,Knight Hall,2021-02-06T19:00:00,20.0,,,,,,,,0.0138,,41.311922,-105.581147,2021,2,6,19
West,Knight Hall,2021-02-06T20:00:00,30.0,,,,,,,,0.0207,,41.311922,-105.581147,2021,2,6,20
West,Knight Hall,2021-02-06T21:00:00,30.0,,,,,,,,0.0207,,41.311922,-105.581147,2021,2,6,21
West,Knight Hall,2021-02-06T22:00:00,30.0,,,,,,,,0.0207,,41.311922,-105.581147,2021,2,6,22
West,Knight Hall,2021-02-06T23:00:00,30.0,,,,,,,,0.0207,,41.311922,-105.581147,2021,2,6,23
West,Knight Hall,2021-02-07T00:00:00,20.0,,,,,,,,0.0138,,41.311922,-105.581147,2021,2,7,0
West,Knight Hall,2021-02-07T01:00:00,30.0,,,,,,,,0.0207,,41.311922,-105.581147,2021,2,7,1
West,Knight Hall,2021-02-07T02:00:00,30.0,,,,,,,,0.0207,,41.311922,-105.581147,2021,2,7,2
West,Knight Hall,2021-02-07T03:00:00,30.0,,,,,,,,0.0207,,41.311922,-105.581147,2021,2,7,3
West,Knight Hall,2021-02-07T04:00:00,20.0,,,,,,,,0.0138,,41.311922,-105.581147,2021,2,7,4
West,Knight Hall,2021-02-07T05:00:00,30.0,,,,,,,,0.0207,,41.311922,-105.581147,2021,2,7,5
West,Knight Hall,2021-02-07T06:00:00,30.0,,,,,,,,0.0207,,41.311922,-105.581147,2021,2,7,6
West,Knight Hall,2021-02-07T07:00:00,30.0,,,,,,,,0.0207,,41.311922,-105.581147,2021,2,7,7
West,Knight Hall,2021-02-07T08:00:00,30.0,,,,,,,,0.0207,,41.311922,-105.581147,2021,2,7,8
West,Knight Hall,2021-02-07T09:00:00,30.0,,,,,,,,0.0207,,41.311922,-105.581147,2021,2,7,9
West,Knight Hall,2021-02-07T10:00:00,30.0,,,,,,,,0.0207,,41.311922,-105.581147,2021,2,7,10
West,Knight Hall,2021-02-07T11:00:00,30.0,,,,,,,,0.0207,,41.311922,-105.581147,2021,2,7,11
West,Knight Hall,2021-02-07T12:00:00,30.0,,,,,,,,0.0207,,41.311922,-105.581147,2021,2,7,12
West,Knight Hall,2021-02-07T13:00:00,30.0,,,,,,,,0.0207,,41.311922,-105.581147,2021,2,7,13
West,Knight Hall,2021-02-07T14:00:00,30.0,,,,,,,,0.0207,,41.311922,-105.581147,2021,2,7,14
West,Knight Hall,2021-02-07T15:00:00,30.0,,,,,,,,0.0207,,41.311922,-105.581147,2021,2,7,15
West,Knight Hall,2021-02-07T16:00:00,30.0,,,,,,,,0.0207,,41.311922,-105.581147,2021,2,7,16
West,Knight Hall,2021-02-07T17:00:00,20.0,,,,,,,,0.0138,,41.311922,-105.581147,2021,2,7,17
West,Knight Hall,2021-02-07T18:00:00,30.0,,,,,,,,0.0207,,41.311922,-105.581147,2021,2,7,18
West,Knight Hall,2021-02-07T19:00:00,30.0,,,,,,,,0.0207,,41.311922,-105.581147,2021,2,7,19
West,Knight Hall,2021-02-07T20:00:00,30.0,,,,,,,,0.0207,,41.311922,-105.581147,2021,2,7,20
West,Knight Hall,2021-02-07T21:00:00,20.0,,,,,,,,0.0138,,41.311922,-105.581147,2021,2,7,21
West,Knight Hall,2021-02-07T22:00:00,30.0,,,,,,,,0.0207,,41.311922,-105.581147,2021,2,7,22
West,Knight Hall,2021-02-07T23:00:00,30.0,,,,,,,,0.0207,,41.311922,-105.581147,2021,2,7,23
West,Knight Hall,2021-02-08T00:00:00,30.0,,,,,,,,0.0207,,41.311922,-105.581147,2021,2,8,0
West,Knight Hall,2021-02-08T01:00:00,20.0,,,,,,,,0.0138,,41.311922,-105.581147,2021,2,8,1
West,Knight Hall,2021-02-08T02:00:00,30.0,,,,,,,,0.0207,,41.311922,-105.581147,2021,2,8,2
West,Knight Hall,2021-02-08T03:00:00,30.0,,,,,,,,0.0207,,41.311922,-105.581147,2021,2,8,3
West,Knight Hall,2021-02-08T04:00:00,30.0,,,,,,,,0.0207,,41.311922,-105.581147,2021,2,8,4
West,Knight Hall,2021-02-08T05:00:00,30.0,,,,,,,,0.0207,,41.311922,-105.581147,2021,2,8,5
West,Knight Hall,2021-02-08T06:00:00,30.0,,,,,,,,0.0207,,41.311922,-105.581147,2021,2,8,6
West,Knight Hall,2021-02-08T07:00:00,50.0,,,,,,,,0.034499999999999996,,41.311922,-105.581147,2021,2,8,7
West,Knight Hall,2021-02-08T08:00:00,60.0,,,,,,,,0.0414,,41.311922,-105.581147,2021,2,8,8
West,Knight Hall,2021-02-08T09:00:00,70.0,,,,,,,,0.048299999999999996,,41.311922,-105.581147,2021,2,8,9
West,Knight Hall,2021-02-08T10:00:00,80.0,,,,,,,,0.0552,,41.311922,-105.581147,2021,2,8,10
West,Knight Hall,2021-02-08T11:00:00,70.0,,,,,,,,0.048299999999999996,,41.311922,-105.581147,2021,2,8,11
West,Knight Hall,2021-02-08T12:00:00,60.0,,,,,,,,0.0414,,41.311922,-105.581147,2021,2,8,12
West,Knight Hall,2021-02-08T13:00:00,70.0,,,,,,,,0.048299999999999996,,41.311922,-105.581147,2021,2,8,13
West,Knight Hall,2021-02-08T14:00:00,70.0,,,,,,,,0.048299999999999996,,41.311922,-105.581147,2021,2,8,14
West,Knight Hall,2021-02-08T15:00:00,70.0,,,,,,,,0.048299999999999996,,41.311922,-105.581147,2021,2,8,15
West,Knight Hall,2021-02-08T16:00:00,60.0,,,,,,,,0.0414,,41.311922,-105.581147,2021,2,8,16
West,Knight Hall,2021-02-08T17:00:00,50.0,,,,,,,,0.034499999999999996,,41.311922,-105.581147,2021,2,8,17
West,Knight Hall,2021-02-08T18:00:00,40.0,,,,,,,,0.0276,,41.311922,-105.581147,2021,2,8,18
West,Knight Hall,2021-02-08T19:00:00,40.0,,,,,,,,0.0276,,41.311922,-105.581147,2021,2,8,19
West,Knight Hall,2021-02-08T20:00:00,40.0,,,,,,,,0.0276,,41.311922,-105.581147,2021,2,8,20
West,Knight Hall,2021-02-08T21:00:00,30.0,,,,,,,,0.0207,,41.311922,-105.581147,2021,2,8,21
West,Knight Hall,2021-02-08T22:00:00,30.0,,,,,,,,0.0207,,41.311922,-105.581147,2021,2,8,22
West,Knight Hall,2021-02-08T23:00:00,30.0,,,,,,,,0.0207,,41.311922,-105.581147,2021,2,8,23
West,Knight Hall,2021-02-09T00:00:00,30.0,,,,,,,,0.0207,,41.311922,-105.581147,2021,2,9,0
West,Knight Hall,2021-02-09T01:00:00,30.0,,,,,,,,0.0207,,41.311922,-105.581147,2021,2,9,1
West,Knight Hall,2021-02-09T02:00:00,20.0,,,,,,,,0.0138,,41.311922,-105.581147,2021,2,9,2
West,Knight Hall,2021-02-09T03:00:00,30.0,,,,,,,,0.0207,,41.311922,-105.581147,2021,2,9,3
West,Knight Hall,2021-02-09T04:00:00,30.0,,,,,,,,0.0207,,41.311922,-105.581147,2021,2,9,4
West,Knight Hall,2021-02-09T05:00:00,30.0,,,,,,,,0.0207,,41.311922,-105.581147,2021,2,9,5
West,Knight Hall,2021-02-09T06:00:00,30.0,,,,,,,,0.0207,,41.311922,-105.581147,2021,2,9,6
West,Knight Hall,2021-02-09T07:00:00,50.0,,,,,,,,0.034499999999999996,,41.311922,-105.581147,2021,2,9,7
West,Knight Hall,2021-02-09T08:00:00,60.0,,,,,,,,0.0414,,41.311922,-105.581147,2021,2,9,8
West,Knight Hall,2021-02-09T09:00:00,70.0,,,,,,,,0.048299999999999996,,41.311922,-105.581147,2021,2,9,9
West,Knight Hall,2021-02-09T10:00:00,80.0,,,,,,,,0.0552,,41.311922,-105.581147,2021,2,9,10
West,Knight Hall,2021-02-09T11:00:00,70.0,,,,,,,,0.048299999999999996,,41.311922,-105.581147,2021,2,9,11
West,Knight Hall,2021-02-09T12:00:00,70.0,,,,,,,,0.048299999999999996,,41.311922,-105.581147,2021,2,9,12
West,Knight Hall,2021-02-09T13:00:00,70.0,,,,,,,,0.048299999999999996,,41.311922,-105.581147,2021,2,9,13
West,Knight Hall,2021-02-09T14:00:00,70.0,,,,,,,,0.048299999999999996,,41.311922,-105.581147,2021,2,9,14
West,Knight Hall,2021-02-09T15:00:00,70.0,,,,,,,,0.048299999999999996,,41.311922,-105.581147,2021,2,9,15
West,Knight Hall,2021-02-09T16:00:00,70.0,,,,,,,,0.048299999999999996,,41.311922,-105.581147,2021,2,9,16
West,Knight Hall,2021-02-09T17:00:00,50.0,,,,,,,,0.034499999999999996,,41.311922,-105.581147,2021,2,9,17
West,Knight Hall,2021-02-09T18:00:00,50.0,,,,,,,,0.034499999999999996,,41.311922,-105.581147,2021,2,9,18
West,Knight Hall,2021-02-09T19:00:00,40.0,,,,,,,,0.0276,,41.311922,-105.581147,2021,2,9,19
West,Knight Hall,2021-02-09T20:00:00,30.0,,,,,,,,0.0207,,41.311922,-105.581147,2021,2,9,20
West,Knight Hall,2021-02-09T21:00:00,40.0,,,,,,,,0.0276,,41.311922,-105.581147,2021,2,9,21
West,Knight Hall,2021-02-09T22:00:00,30.0,,,,,,,,0.0207,,41.311922,-105.581147,2021,2,9,22
West,Knight Hall,2021-02-09T23:00:00,30.0,,,,,,,,0.0207,,41.311922,-105.581147,2021,2,9,23
West,Knight Hall,2021-02-10T00:00:00,20.0,,,,,,,,0.0138,,41.311922,-105.581147,2021,2,10,0
West,Knight Hall,2021-02-10T01:00:00,30.0,,,,,,,,0.0207,,41.311922,-105.581147,2021,2,10,1
West,Knight Hall,2021-02-10T02:00:00,30.0,,,,,,,,0.0207,,41.311922,-105.581147,2021,2,10,2
West,Knight Hall,2021-02-10T03:00:00,20.0,,,,,,,,0.0138,,41.311922,-105.581147,2021,2,10,3
West,Knight Hall,2021-02-10T04:00:00,40.0,,,,,,,,0.0276,,41.311922,-105.581147,2021,2,10,4
West,Knight Hall,2021-02-10T05:00:00,30.0,,,,,,,,0.0207,,41.311922,-105.581147,2021,2,10,5
West,Knight Hall,2021-02-10T06:00:00,30.0,,,,,,,,0.0207,,41.311922,-105.581147,2021,2,10,6
West,Knight Hall,2021-02-10T07:00:00,40.0,,,,,,,,0.0276,,41.311922,-105.581147,2021,2,10,7
West,Knight Hall,2021-02-10T08:00:00,70.0,,,,,,,,0.048299999999999996,,41.311922,-105.581147,2021,2,10,8
West,Knight Hall,2021-02-10T09:00:00,70.0,,,,,,,,0.048299999999999996,,41.311922,-105.581147,2021,2,10,9
West,Knight Hall,2021-02-10T10:00:00,70.0,,,,,,,,0.048299999999999996,,41.311922,-105.581147,2021,2,10,10
West,Knight Hall,2021-02-10T11:00:00,80.0,,,,,,,,0.0552,,41.311922,-105.581147,2021,2,10,11
West,Knight Hall,2021-02-10T12:00:00,70.0,,,,,,,,0.048299999999999996,,41.311922,-105.581147,2021,2,10,12
West,Knight Hall,2021-02-10T13:00:00,70.0,,,,,,,,0.048299999999999996,,41.311922,-105.581147,2021,2,10,13
West,Knight Hall,2021-02-10T14:00:00,60.0,,,,,,,,0.0414,,41.311922,-105.581147,2021,2,10,14
West,Knight Hall,2021-02-10T15:00:00,70.0,,,,,,,,0.048299999999999996,,41.311922,-105.581147,2021,2,10,15
West,Knight Hall,2021-02-10T16:00:00,70.0,,,,,,,,0.048299999999999996,,41.311922,-105.581147,2021,2,10,16
West,Knight Hall,2021-02-10T17:00:00,40.0,,,,,,,,0.0276,,41.311922,-105.581147,2021,2,10,17
West,Knight Hall,2021-02-10T18:00:00,40.0,,,,,,,,0.0276,,41.311922,-105.581147,2021,2,10,18
West,Knight Hall,2021-02-10T19:00:00,40.0,,,,,,,,0.0276,,41.311922,-105.581147,2021,2,10,19
West,Knight Hall,2021-02-10T20:00:00,30.0,,,,,,,,0.0207,,41.311922,-105.581147,2021,2,10,20
West,Knight Hall,2021-02-10T21:00:00,30.0,,,,,,,,0.0207,,41.311922,-105.581147,2021,2,10,21
West,Knight Hall,2021-02-10T22:00:00,30.0,,,,,,,,0.0207,,41.311922,-105.581147,2021,2,10,22
West,Knight Hall,2021-02-10T23:00:00,30.0,,,,,,,,0.0207,,41.311922,-105.581147,2021,2,10,23
West,Knight Hall,2021-02-11T00:00:00,30.0,,,,,,,,0.0207,,41.311922,-105.581147,2021,2,11,0
West,Knight Hall,2021-02-11T01:00:00,30.0,,,,,,,,0.0207,,41.311922,-105.581147,2021,2,11,1
West,Knight Hall,2021-02-11T02:00:00,20.0,,,,,,,,0.0138,,41.311922,-105.581147,2021,2,11,2
West,Knight Hall,2021-02-11T03:00:00,30.0,,,,,,,,0.0207,,41.311922,-105.581147,2021,2,11,3
West,Knight Hall,2021-02-11T04:00:00,30.0,,,,,,,,0.0207,,41.311922,-105.581147,2021,2,11,4
West,Knight Hall,2021-02-11T05:00:00,30.0,,,,,,,,0.0207,,41.311922,-105.581147,2021,2,11,5
West,Knight Hall,2021-02-11T06:00:00,30.0,,,,,,,,0.0207,,41.311922,-105.581147,2021,2,11,6
West,Knight Hall,2021-02-11T07:00:00,50.0,,,,,,,,0.034499999999999996,,41.311922,-105.581147,2021,2,11,7
West,Knight Hall,2021-02-11T08:00:00,70.0,,,,,,,,0.048299999999999996,,41.311922,-105.581147,2021,2,11,8
West,Knight Hall,2021-02-11T09:00:00,70.0,,,,,,,,0.048299999999999996,,41.311922,-105.581147,2021,2,11,9
West,Knight Hall,2021-02-11T10:00:00,70.0,,,,,,,,0.048299999999999996,,41.311922,-105.581147,2021,2,11,10
West,Knight Hall,2021-02-11T11:00:00,80.0,,,,,,,,0.0552,,41.311922,-105.581147,2021,2,11,11
West,Knight Hall,2021-02-11T12:00:00,70.0,,,,,,,,0.048299999999999996,,41.311922,-105.581147,2021,2,11,12
West,Knight Hall,2021-02-11T13:00:00,70.0,,,,,,,,0.048299999999999996,,41.311922,-105.581147,2021,2,11,13
West,Knight Hall,2021-02-11T14:00:00,70.0,,,,,,,,0.048299999999999996,,41.311922,-105.581147,2021,2,11,14
West,Knight Hall,2021-02-11T15:00:00,70.0,,,,,,,,0.048299999999999996,,41.311922,-105.581147,2021,2,11,15
West,Knight Hall,2021-02-11T16:00:00,70.0,,,,,,,,0.048299999999999996,,41.311922,-105.581147,2021,2,11,16
West,Knight Hall,2021-02-11T17:00:00,50.0,,,,,,,,0.034499999999999996,,41.311922,-105.581147,2021,2,11,17
West,Knight Hall,2021-02-11T18:00:00,40.0,,,,,,,,0.0276,,41.311922,-105.581147,2021,2,11,18
West,Knight Hall,2021-02-11T19:00:00,30.0,,,,,,,,0.0207,,41.311922,-105.581147,2021,2,11,19
West,Knight Hall,2021-02-11T20:00:00,30.0,,,,,,,,0.0207,,41.311922,-105.581147,2021,2,11,20
West,Knight Hall,2021-02-11T21:00:00,40.0,,,,,,,,0.0276,,41.311922,-105.581147,2021,2,11,21
West,Knight Hall,2021-02-11T22:00:00,30.0,,,,,,,,0.0207,,41.311922,-105.581147,2021,2,11,22
West,Knight Hall,2021-02-11T23:00:00,30.0,,,,,,,,0.0207,,41.311922,-105.581147,2021,2,11,23
West,Knight Hall,2021-02-12T00:00:00,30.0,,,,,,,,0.0207,,41.311922,-105.581147,2021,2,12,0
West,Knight Hall,2021-02-12T01:00:00,30.0,,,,,,,,0.0207,,41.311922,-105.581147,2021,2,12,1
West,Knight Hall,2021-02-12T02:00:00,20.0,,,,,,,,0.0138,,41.311922,-105.581147,2021,2,12,2
West,Knight Hall,2021-02-12T03:00:00,30.0,,,,,,,,0.0207,,41.311922,-105.581147,2021,2,12,3
West,Knight Hall,2021-02-12T04:00:00,30.0,,,,,,,,0.0207,,41.311922,-105.581147,2021,2,12,4
West,Knight Hall,2021-02-12T05:00:00,30.0,,,,,,,,0.0207,,41.311922,-105.581147,2021,2,12,5
West,Knight Hall,2021-02-12T06:00:00,30.0,,,,,,,,0.0207,,41.311922,-105.581147,2021,2,12,6
West,Knight Hall,2021-02-12T07:00:00,40.0,,,,,,,,0.0276,,41.311922,-105.581147,2021,2,12,7
West,Knight Hall,2021-02-12T08:00:00,70.0,,,,,,,,0.048299999999999996,,41.311922,-105.581147,2021,2,12,8
West,Knight Hall,2021-02-12T09:00:00,70.0,,,,,,,,0.048299999999999996,,41.311922,-105.581147,2021,2,12,9
West,Knight Hall,2021-02-12T10:00:00,70.0,,,,,,,,0.048299999999999996,,41.311922,-105.581147,2021,2,12,10
West,Knight Hall,2021-02-12T11:00:00,80.0,,,,,,,,0.0552,,41.311922,-105.581147,2021,2,12,11
West,Knight Hall,2021-02-12T12:00:00,70.0,,,,,,,,0.048299999999999996,,41.311922,-105.581147,2021,2,12,12
West,Knight Hall,2021-02-12T13:00:00,60.0,,,,,,,,0.0414,,41.311922,-105.581147,2021,2,12,13
West,Knight Hall,2021-02-12T14:00:00,70.0,,,,,,,,0.048299999999999996,,41.311922,-105.581147,2021,2,12,14
West,Knight Hall,2021-02-12T15:00:00,70.0,,,,,,,,0.048299999999999996,,41.311922,-105.581147,2021,2,12,15
West,Knight Hall,2021-02-12T16:00:00,70.0,,,,,,,,0.048299999999999996,,41.311922,-105.581147,2021,2,12,16
West,Knight Hall,2021-02-12T17:00:00,50.0,,,,,,,,0.034499999999999996,,41.311922,-105.581147,2021,2,12,17
West,Knight Hall,2021-02-12T18:00:00,40.0,,,,,,,,0.0276,,41.311922,-105.581147,2021,2,12,18
West,Knight Hall,2021-02-12T19:00:00,40.0,,,,,,,,0.0276,,41.311922,-105.581147,2021,2,12,19
West,Knight Hall,2021-02-12T20:00:00,30.0,,,,,,,,0.0207,,41.311922,-105.581147,2021,2,12,20
West,Knight Hall,2021-02-12T21:00:00,30.0,,,,,,,,0.0207,,41.311922,-105.581147,2021,2,12,21
West,Knight Hall,2021-02-12T22:00:00,40.0,,,,,,,,0.0276,,41.311922,-105.581147,2021,2,12,22
West,Knight Hall,2021-02-12T23:00:00,20.0,,,,,,,,0.0138,,41.311922,-105.581147,2021,2,12,23
West,Knight Hall,2021-02-13T00:00:00,30.0,,,,,,,,0.0207,,41.311922,-105.581147,2021,2,13,0
West,Knight Hall,2021-02-13T01:00:00,30.0,,,,,,,,0.0207,,41.311922,-105.581147,2021,2,13,1
West,Knight Hall,2021-02-13T02:00:00,20.0,,,,,,,,0.0138,,41.311922,-105.581147,2021,2,13,2
West,Knight Hall,2021-02-13T03:00:00,30.0,,,,,,,,0.0207,,41.311922,-105.581147,2021,2,13,3
West,Knight Hall,2021-02-13T04:00:00,30.0,,,,,,,,0.0207,,41.311922,-105.581147,2021,2,13,4
West,Knight Hall,2021-02-13T05:00:00,20.0,,,,,,,,0.0138,,41.311922,-105.581147,2021,2,13,5
West,Knight Hall,2021-02-13T06:00:00,30.0,,,,,,,,0.0207,,41.311922,-105.581147,2021,2,13,6
West,Knight Hall,2021-02-13T07:00:00,30.0,,,,,,,,0.0207,,41.311922,-105.581147,2021,2,13,7
West,Knight Hall,2021-02-13T08:00:00,30.0,,,,,,,,0.0207,,41.311922,-105.581147,2021,2,13,8
West,Knight Hall,2021-02-13T09:00:00,30.0,,,,,,,,0.0207,,41.311922,-105.581147,2021,2,13,9
West,Knight Hall,2021-02-13T10:00:00,30.0,,,,,,,,0.0207,,41.311922,-105.581147,2021,2,13,10
West,Knight Hall,2021-02-13T11:00:00,40.0,,,,,,,,0.0276,,41.311922,-105.581147,2021,2,13,11
West,Knight Hall,2021-02-13T12:00:00,30.0,,,,,,,,0.0207,,41.311922,-105.581147,2021,2,13,12
West,Knight Hall,2021-02-13T13:00:00,30.0,,,,,,,,0.0207,,41.311922,-105.581147,2021,2,13,13
West,Knight Hall,2021-02-13T14:00:00,30.0,,,,,,,,0.0207,,41.311922,-105.581147,2021,2,13,14
West,Knight Hall,2021-02-13T15:00:00,30.0,,,,,,,,0.0207,,41.311922,-105.581147,2021,2,13,15
West,Knight Hall,2021-02-13T16:00:00,30.0,,,,,,,,0.0207,,41.311922,-105.581147,2021,2,13,16
West,Knight Hall,2021-02-13T17:00:00,20.0,,,,,,,,0.0138,,41.311922,-105.581147,2021,2,13,17
West,Knight Hall,2021-02-13T18:00:00,30.0,,,,,,,,0.0207,,41.311922,-105.581147,2021,2,13,18
West,Knight Hall,2021-02-13T19:00:00,30.0,,,,,,,,0.0207,,41.311922,-105.581147,2021,2,13,19
West,Knight Hall,2021-02-13T20:00:00,30.0,,,,,,,,0.0207,,41.311922,-105.581147,2021,2,13,20
West,Knight Hall,2021-02-13T21:00:00,20.0,,,,,,,,0.0138,,41.311922,-105.581147,2021,2,13,21
West,Knight Hall,2021-02-13T22:00:00,30.0,,,,,,,,0.0207,,41.311922,-105.581147,2021,2,13,22
West,Knight Hall,2021-02-13T23:00:00,30.0,,,,,,,,0.0207,,41.311922,-105.581147,2021,2,13,23
West,Knight Hall,2021-02-14T00:00:00,20.0,,,,,,,,0.0138,,41.311922,-105.581147,2021,2,14,0
West,Knight Hall,2021-02-14T01:00:00,30.0,,,,,,,,0.0207,,41.311922,-105.581147,2021,2,14,1
West,Knight Hall,2021-02-14T02:00:00,30.0,,,,,,,,0.0207,,41.311922,-105.581147,2021,2,14,2
West,Knight Hall,2021-02-14T03:00:00,20.0,,,,,,,,0.0138,,41.311922,-105.581147,2021,2,14,3
West,Knight Hall,2021-02-14T04:00:00,30.0,,,,,,,,0.0207,,41.311922,-105.581147,2021,2,14,4
West,Knight Hall,2021-02-14T05:00:00,30.0,,,,,,,,0.0207,,41.311922,-105.581147,2021,2,14,5
West,Knight Hall,2021-02-14T06:00:00,30.0,,,,,,,,0.0207,,41.311922,-105.581147,2021,2,14,6
West,Knight Hall,2021-02-14T07:00:00,20.0,,,,,,,,0.0138,,41.311922,-105.581147,2021,2,14,7
West,Knight Hall,2021-02-14T08:00:00,30.0,,,,,,,,0.0207,,41.311922,-105.581147,2021,2,14,8
West,Knight Hall,2021-02-14T09:00:00,30.0,,,,,,,,0.0207,,41.311922,-105.581147,2021,2,14,9
West,Knight Hall,2021-02-14T10:00:00,30.0,,,,,,,,0.0207,,41.311922,-105.581147,2021,2,14,10
West,Knight Hall,2021-02-14T11:00:00,30.0,,,,,,,,0.0207,,41.311922,-105.581147,2021,2,14,11
West,Knight Hall,2021-02-14T12:00:00,30.0,,,,,,,,0.0207,,41.311922,-105.581147,2021,2,14,12
West,Knight Hall,2021-02-14T13:00:00,30.0,,,,,,,,0.0207,,41.311922,-105.581147,2021,2,14,13
West,Knight Hall,2021-02-14T14:00:00,30.0,,,,,,,,0.0207,,41.311922,-105.581147,2021,2,14,14
West,Knight Hall,2021-02-14T15:00:00,30.0,,,,,,,,0.0207,,41.311922,-105.581147,2021,2,14,15
West,Knight Hall,2021-02-14T16:00:00,30.0,,,,,,,,0.0207,,41.311922,-105.581147,2021,2,14,16
West,Knight Hall,2021-02-14T17:00:00,20.0,,,,,,,,0.0138,,41.311922,-105.581147,2021,2,14,17
West,Knight Hall,2021-02-14T18:00:00,30.0,,,,,,,,0.0207,,41.311922,-105.581147,2021,2,14,18
West,Knight Hall,2021-02-14T19:00:00,30.0,,,,,,,,0.0207,,41.311922,-105.581147,2021,2,14,19
West,Knight Hall,2021-02-14T20:00:00,30.0,,,,,,,,0.0207,,41.311922,-105.581147,2021,2,14,20
West,Knight Hall,2021-02-14T21:00:00,20.0,,,,,,,,0.0138,,41.311922,-105.581147,2021,2,14,21
West,Knight Hall,2021-02-14T22:00:00,30.0,,,,,,,,0.0207,,41.311922,-105.581147,2021,2,14,22
West,Knight Hall,2021-02-14T23:00:00,30.0,,,,,,,,0.0207,,41.311922,-105.581147,2021,2,14,23
West,Knight Hall,2021-02-15T00:00:00,30.0,,,,,,,,0.0207,,41.311922,-105.581147,2021,2,15,0
West,Knight Hall,2021-02-15T01:00:00,20.0,,,,,,,,0.0138,,41.311922,-105.581147,2021,2,15,1
West,Knight Hall,2021-02-15T02:00:00,30.0,,,,,,,,0.0207,,41.311922,-105.581147,2021,2,15,2
West,Knight Hall,2021-02-15T03:00:00,30.0,,,,,,,,0.0207,,41.311922,-105.581147,2021,2,15,3
West,Knight Hall,2021-02-15T04:00:00,30.0,,,,,,,,0.0207,,41.311922,-105.581147,2021,2,15,4
West,Knight Hall,2021-02-15T05:00:00,30.0,,,,,,,,0.0207,,41.311922,-105.581147,2021,2,15,5
West,Knight Hall,2021-02-15T06:00:00,30.0,,,,,,,,0.0207,,41.311922,-105.581147,2021,2,15,6
West,Knight Hall,2021-02-15T07:00:00,30.0,,,,,,,,0.0207,,41.311922,-105.581147,2021,2,15,7
West,Knight Hall,2021-02-15T08:00:00,30.0,,,,,,,,0.0207,,41.311922,-105.581147,2021,2,15,8
West,Knight Hall,2021-02-15T09:00:00,40.0,,,,,,,,0.0276,,41.311922,-105.581147,2021,2,15,9
West,Knight Hall,2021-02-15T10:00:00,30.0,,,,,,,,0.0207,,41.311922,-105.581147,2021,2,15,10
West,Knight Hall,2021-02-15T11:00:00,40.0,,,,,,,,0.0276,,41.311922,-105.581147,2021,2,15,11
West,Knight Hall,2021-02-15T12:00:00,40.0,,,,,,,,0.0276,,41.311922,-105.581147,2021,2,15,12
West,Knight Hall,2021-02-15T13:00:00,30.0,,,,,,,,0.0207,,41.311922,-105.581147,2021,2,15,13
West,Knight Hall,2021-02-15T14:00:00,40.0,,,,,,,,0.0276,,41.311922,-105.581147,2021,2,15,14
West,Knight Hall,2021-02-15T15:00:00,30.0,,,,,,,,0.0207,,41.311922,-105.581147,2021,2,15,15
West,Knight Hall,2021-02-15T16:00:00,40.0,,,,,,,,0.0276,,41.311922,-105.581147,2021,2,15,16
West,Knight Hall,2021-02-15T17:00:00,30.0,,,,,,,,0.0207,,41.311922,-105.581147,2021,2,15,17
West,Knight Hall,2021-02-15T18:00:00,40.0,,,,,,,,0.0276,,41.311922,-105.581147,2021,2,15,18
West,Knight Hall,2021-02-15T19:00:00,20.0,,,,,,,,0.0138,,41.311922,-105.581147,2021,2,15,19
West,Knight Hall,2021-02-15T20:00:00,30.0,,,,,,,,0.0207,,41.311922,-105.581147,2021,2,15,20
West,Knight Hall,2021-02-15T21:00:00,30.0,,,,,,,,0.0207,,41.311922,-105.581147,2021,2,15,21
West,Knight Hall,2021-02-15T22:00:00,30.0,,,,,,,,0.0207,,41.311922,-105.581147,2021,2,15,22
West,Knight Hall,2021-02-15T23:00:00,30.0,,,,,,,,0.0207,,41.311922,-105.581147,2021,2,15,23
West,Knight Hall,2021-02-16T00:00:00,30.0,,,,,,,,0.0207,,41.311922,-105.581147,2021,2,16,0
West,Knight Hall,2021-02-16T01:00:00,30.0,,,,,,,,0.0207,,41.311922,-105.581147,2021,2,16,1
West,Knight Hall,2021-02-16T02:00:00,30.0,,,,,,,,0.0207,,41.311922,-105.581147,2021,2,16,2
West,Knight Hall,2021-02-16T03:00:00,20.0,,,,,,,,0.0138,,41.311922,-105.581147,2021,2,16,3
West,Knight Hall,2021-02-16T04:00:00,30.0,,,,,,,,0.0207,,41.311922,-105.581147,2021,2,16,4
West,Knight Hall,2021-02-16T05:00:00,30.0,,,,,,,,0.0207,,41.311922,-105.581147,2021,2,16,5
West,Knight Hall,2021-02-16T06:00:00,40.0,,,,,,,,0.0276,,41.311922,-105.581147,2021,2,16,6
West,Knight Hall,2021-02-16T07:00:00,50.0,,,,,,,,0.034499999999999996,,41.311922,-105.581147,2021,2,16,7
West,Knight Hall,2021-02-16T08:00:00,60.0,,,,,,,,0.0414,,41.311922,-105.581147,2021,2,16,8
West,Knight Hall,2021-02-16T09:00:00,80.0,,,,,,,,0.0552,,41.311922,-105.581147,2021,2,16,9
West,Knight Hall,2021-02-16T10:00:00,80.0,,,,,,,,0.0552,,41.311922,-105.581147,2021,2,16,10
West,Knight Hall,2021-02-16T11:00:00,80.0,,,,,,,,0.0552,,41.311922,-105.581147,2021,2,16,11
West,Knight Hall,2021-02-16T12:00:00,70.0,,,,,,,,0.048299999999999996,,41.311922,-105.581147,2021,2,16,12
West,Knight Hall,2021-02-16T13:00:00,70.0,,,,,,,,0.048299999999999996,,41.311922,-105.581147,2021,2,16,13
West,Knight Hall,2021-02-16T14:00:00,70.0,,,,,,,,0.048299999999999996,,41.311922,-105.581147,2021,2,16,14
West,Knight Hall,2021-02-16T15:00:00,70.0,,,,,,,,0.048299999999999996,,41.311922,-105.581147,2021,2,16,15
West,Knight Hall,2021-02-16T16:00:00,70.0,,,,,,,,0.048299999999999996,,41.311922,-105.581147,2021,2,16,16
West,Knight Hall,2021-02-16T17:00:00,50.0,,,,,,,,0.034499999999999996,,41.311922,-105.581147,2021,2,16,17
West,Knight Hall,2021-02-16T18:00:00,40.0,,,,,,,,0.0276,,41.311922,-105.581147,2021,2,16,18
West,Knight Hall,2021-02-16T19:00:00,40.0,,,,,,,,0.0276,,41.311922,-105.581147,2021,2,16,19
West,Knight Hall,2021-02-16T20:00:00,40.0,,,,,,,,0.0276,,41.311922,-105.581147,2021,2,16,20
West,Knight Hall,2021-02-16T21:00:00,30.0,,,,,,,,0.0207,,41.311922,-105.581147,2021,2,16,21
West,Knight Hall,2021-02-16T22:00:00,30.0,,,,,,,,0.0207,,41.311922,-105.581147,2021,2,16,22
West,Knight Hall,2021-02-16T23:00:00,30.0,,,,,,,,0.0207,,41.311922,-105.581147,2021,2,16,23
West,Knight Hall,2021-02-17T00:00:00,30.0,,,,,,,,0.0207,,41.311922,-105.581147,2021,2,17,0
West,Knight Hall,2021-02-17T01:00:00,30.0,,,,,,,,0.0207,,41.311922,-105.581147,2021,2,17,1
West,Knight Hall,2021-02-17T02:00:00,30.0,,,,,,,,0.0207,,41.311922,-105.581147,2021,2,17,2
West,Knight Hall,2021-02-17T03:00:00,30.0,,,,,,,,0.0207,,41.311922,-105.581147,2021,2,17,3
West,Knight Hall,2021-02-17T04:00:00,30.0,,,,,,,,0.0207,,41.311922,-105.581147,2021,2,17,4
West,Knight Hall,2021-02-17T05:00:00,30.0,,,,,,,,0.0207,,41.311922,-105.581147,2021,2,17,5
West,Knight Hall,2021-02-17T06:00:00,40.0,,,,,,,,0.0276,,41.311922,-105.581147,2021,2,17,6
West,Knight Hall,2021-02-17T07:00:00,40.0,,,,,,,,0.0276,,41.311922,-105.581147,2021,2,17,7
West,Knight Hall,2021-02-17T08:00:00,70.0,,,,,,,,0.048299999999999996,,41.311922,-105.581147,2021,2,17,8
West,Knight Hall,2021-02-17T09:00:00,80.0,,,,,,,,0.0552,,41.311922,-105.581147,2021,2,17,9
West,Knight Hall,2021-02-17T10:00:00,80.0,,,,,,,,0.0552,,41.311922,-105.581147,2021,2,17,10
West,Knight Hall,2021-02-17T11:00:00,70.0,,,,,,,,0.048299999999999996,,41.311922,-105.581147,2021,2,17,11
West,Knight Hall,2021-02-17T12:00:00,70.0,,,,,,,,0.048299999999999996,,41.311922,-105.581147,2021,2,17,12
West,Knight Hall,2021-02-17T13:00:00,80.0,,,,,,,,0.0552,,41.311922,-105.581147,2021,2,17,13
West,Knight Hall,2021-02-17T14:00:00,70.0,,,,,,,,0.048299999999999996,,41.311922,-105.581147,2021,2,17,14
West,Knight Hall,2021-02-17T15:00:00,80.0,,,,,,,,0.0552,,41.311922,-105.581147,2021,2,17,15
West,Knight Hall,2021-02-17T16:00:00,70.0,,,,,,,,0.048299999999999996,,41.311922,-105.581147,2021,2,17,16
West,Knight Hall,2021-02-17T17:00:00,50.0,,,,,,,,0.034499999999999996,,41.311922,-105.581147,2021,2,17,17
West,Knight Hall,2021-02-17T18:00:00,50.0,,,,,,,,0.034499999999999996,,41.311922,-105.581147,2021,2,17,18
West,Knight Hall,2021-02-17T19:00:00,30.0,,,,,,,,0.0207,,41.311922,-105.581147,2021,2,17,19
West,Knight Hall,2021-02-17T20:00:00,40.0,,,,,,,,0.0276,,41.311922,-105.581147,2021,2,17,20
West,Knight Hall,2021-02-17T21:00:00,30.0,,,,,,,,0.0207,,41.311922,-105.581147,2021,2,17,21
West,Knight Hall,2021-02-17T22:00:00,30.0,,,,,,,,0.0207,,41.311922,-105.581147,2021,2,17,22
West,Knight Hall,2021-02-17T23:00:00,20.0,,,,,,,,0.0138,,41.311922,-105.581147,2021,2,17,23
West,Knight Hall,2021-02-18T00:00:00,30.0,,,,,,,,0.0207,,41.311922,-105.581147,2021,2,18,0
West,Knight Hall,2021-02-18T01:00:00,30.0,,,,,,,,0.0207,,41.311922,-105.581147,2021,2,18,1
West,Knight Hall,2021-02-18T02:00:00,20.0,,,,,,,,0.0138,,41.311922,-105.581147,2021,2,18,2
West,Knight Hall,2021-02-18T03:00:00,30.0,,,,,,,,0.0207,,41.311922,-105.581147,2021,2,18,3
West,Knight Hall,2021-02-18T04:00:00,30.0,,,,,,,,0.0207,,41.311922,-105.581147,2021,2,18,4
West,Knight Hall,2021-02-18T05:00:00,30.0,,,,,,,,0.0207,,41.311922,-105.581147,2021,2,18,5
West,Knight Hall,2021-02-18T06:00:00,30.0,,,,,,,,0.0207,,41.311922,-105.581147,2021,2,18,6
West,Knight Hall,2021-02-18T07:00:00,50.0,,,,,,,,0.034499999999999996,,41.311922,-105.581147,2021,2,18,7
West,Knight Hall,2021-02-18T08:00:00,60.0,,,,,,,,0.0414,,41.311922,-105.581147,2021,2,18,8
West,Knight Hall,2021-02-18T09:00:00,80.0,,,,,,,,0.0552,,41.311922,-105.581147,2021,2,18,9
West,Knight Hall,2021-02-18T10:00:00,70.0,,,,,,,,0.048299999999999996,,41.311922,-105.581147,2021,2,18,10
West,Knight Hall,2021-02-18T11:00:00,80.0,,,,,,,,0.0552,,41.311922,-105.581147,2021,2,18,11
West,Knight Hall,2021-02-18T12:00:00,70.0,,,,,,,,0.048299999999999996,,41.311922,-105.581147,2021,2,18,12
West,Knight Hall,2021-02-18T13:00:00,70.0,,,,,,,,0.048299999999999996,,41.311922,-105.581147,2021,2,18,13
West,Knight Hall,2021-02-18T14:00:00,70.0,,,,,,,,0.048299999999999996,,41.311922,-105.581147,2021,2,18,14
West,Knight Hall,2021-02-18T15:00:00,70.0,,,,,,,,0.048299999999999996,,41.311922,-105.581147,2021,2,18,15
West,Knight Hall,2021-02-18T16:00:00,70.0,,,,,,,,0.048299999999999996,,41.311922,-105.581147,2021,2,18,16
West,Knight Hall,2021-02-18T17:00:00,50.0,,,,,,,,0.034499999999999996,,41.311922,-105.581147,2021,2,18,17
West,Knight Hall,2021-02-18T18:00:00,40.0,,,,,,,,0.0276,,41.311922,-105.581147,2021,2,18,18
West,Knight Hall,2021-02-18T19:00:00,40.0,,,,,,,,0.0276,,41.311922,-105.581147,2021,2,18,19
West,Knight Hall,2021-02-18T20:00:00,30.0,,,,,,,,0.0207,,41.311922,-105.581147,2021,2,18,20
West,Knight Hall,2021-02-18T21:00:00,40.0,,,,,,,,0.0276,,41.311922,-105.581147,2021,2,18,21
West,Knight Hall,2021-02-18T22:00:00,30.0,,,,,,,,0.0207,,41.311922,-105.581147,2021,2,18,22
West,Knight Hall,2021-02-18T23:00:00,30.0,,,,,,,,0.0207,,41.311922,-105.581147,2021,2,18,23
West,Knight Hall,2021-02-19T00:00:00,20.0,,,,,,,,0.0138,,41.311922,-105.581147,2021,2,19,0
West,Knight Hall,2021-02-19T01:00:00,30.0,,,,,,,,0.0207,,41.311922,-105.581147,2021,2,19,1
West,Knight Hall,2021-02-19T02:00:00,30.0,,,,,,,,0.0207,,41.311922,-105.581147,2021,2,19,2
West,Knight Hall,2021-02-19T03:00:00,20.0,,,,,,,,0.0138,,41.311922,-105.581147,2021,2,19,3
West,Knight Hall,2021-02-19T04:00:00,30.0,,,,,,,,0.0207,,41.311922,-105.581147,2021,2,19,4
West,Knight Hall,2021-02-19T05:00:00,30.0,,,,,,,,0.0207,,41.311922,-105.581147,2021,2,19,5
West,Knight Hall,2021-02-19T06:00:00,40.0,,,,,,,,0.0276,,41.311922,-105.581147,2021,2,19,6
West,Knight Hall,2021-02-19T07:00:00,40.0,,,,,,,,0.0276,,41.311922,-105.581147,2021,2,19,7
West,Knight Hall,2021-02-19T08:00:00,70.0,,,,,,,,0.048299999999999996,,41.311922,-105.581147,2021,2,19,8
West,Knight Hall,2021-02-19T09:00:00,80.0,,,,,,,,0.0552,,41.311922,-105.581147,2021,2,19,9
West,Knight Hall,2021-02-19T10:00:00,70.0,,,,,,,,0.048299999999999996,,41.311922,-105.581147,2021,2,19,10
West,Knight Hall,2021-02-19T11:00:00,80.0,,,,,,,,0.0552,,41.311922,-105.581147,2021,2,19,11
West,Knight Hall,2021-02-19T12:00:00,70.0,,,,,,,,0.048299999999999996,,41.311922,-105.581147,2021,2,19,12
West,Knight Hall,2021-02-19T13:00:00,70.0,,,,,,,,0.048299999999999996,,41.311922,-105.581147,2021,2,19,13
West,Knight Hall,2021-02-19T14:00:00,70.0,,,,,,,,0.048299999999999996,,41.311922,-105.581147,2021,2,19,14
West,Knight Hall,2021-02-19T15:00:00,70.0,,,,,,,,0.048299999999999996,,41.311922,-105.581147,2021,2,19,15
West,Knight Hall,2021-02-19T16:00:00,70.0,,,,,,,,0.048299999999999996,,41.311922,-105.581147,2021,2,19,16
West,Knight Hall,2021-02-19T17:00:00,50.0,,,,,,,,0.034499999999999996,,41.311922,-105.581147,2021,2,19,17
West,Knight Hall,2021-02-19T18:00:00,40.0,,,,,,,,0.0276,,41.311922,-105.581147,2021,2,19,18
West,Knight Hall,2021-02-19T19:00:00,40.0,,,,,,,,0.0276,,41.311922,-105.581147,2021,2,19,19
West,Knight Hall,2021-02-19T20:00:00,40.0,,,,,,,,0.0276,,41.311922,-105.581147,2021,2,19,20
West,Knight Hall,2021-02-19T21:00:00,30.0,,,,,,,,0.0207,,41.311922,-105.581147,2021,2,19,21
West,Knight Hall,2021-02-19T22:00:00,30.0,,,,,,,,0.0207,,41.311922,-105.581147,2021,2,19,22
West,Knight Hall,2021-02-19T23:00:00,30.0,,,,,,,,0.0207,,41.311922,-105.581147,2021,2,19,23
West,Knight Hall,2021-02-20T00:00:00,30.0,,,,,,,,0.0207,,41.311922,-105.581147,2021,2,20,0
West,Knight Hall,2021-02-20T01:00:00,30.0,,,,,,,,0.0207,,41.311922,-105.581147,2021,2,20,1
West,Knight Hall,2021-02-20T02:00:00,30.0,,,,,,,,0.0207,,41.311922,-105.581147,2021,2,20,2
West,Knight Hall,2021-02-20T03:00:00,20.0,,,,,,,,0.0138,,41.311922,-105.581147,2021,2,20,3
West,Knight Hall,2021-02-20T04:00:00,30.0,,,,,,,,0.0207,,41.311922,-105.581147,2021,2,20,4
West,Knight Hall,2021-02-20T05:00:00,30.0,,,,,,,,0.0207,,41.311922,-105.581147,2021,2,20,5
West,Knight Hall,2021-02-20T06:00:00,30.0,,,,,,,,0.0207,,41.311922,-105.581147,2021,2,20,6
West,Knight Hall,2021-02-20T07:00:00,30.0,,,,,,,,0.0207,,41.311922,-105.581147,2021,2,20,7
West,Knight Hall,2021-02-20T08:00:00,30.0,,,,,,,,0.0207,,41.311922,-105.581147,2021,2,20,8
West,Knight Hall,2021-02-20T09:00:00,30.0,,,,,,,,0.0207,,41.311922,-105.581147,2021,2,20,9
West,Knight Hall,2021-02-20T10:00:00,30.0,,,,,,,,0.0207,,41.311922,-105.581147,2021,2,20,10
West,Knight Hall,2021-02-20T11:00:00,40.0,,,,,,,,0.0276,,41.311922,-105.581147,2021,2,20,11
West,Knight Hall,2021-02-20T12:00:00,30.0,,,,,,,,0.0207,,41.311922,-105.581147,2021,2,20,12
West,Knight Hall,2021-02-20T13:00:00,30.0,,,,,,,,0.0207,,41.311922,-105.581147,2021,2,20,13
West,Knight Hall,2021-02-20T14:00:00,30.0,,,,,,,,0.0207,,41.311922,-105.581147,2021,2,20,14
West,Knight Hall,2021-02-20T15:00:00,40.0,,,,,,,,0.0276,,41.311922,-105.581147,2021,2,20,15
West,Knight Hall,2021-02-20T16:00:00,20.0,,,,,,,,0.0138,,41.311922,-105.581147,2021,2,20,16
West,Knight Hall,2021-02-20T17:00:00,30.0,,,,,,,,0.0207,,41.311922,-105.581147,2021,2,20,17
West,Knight Hall,2021-02-20T18:00:00,30.0,,,,,,,,0.0207,,41.311922,-105.581147,2021,2,20,18
West,Knight Hall,2021-02-20T19:00:00,30.0,,,,,,,,0.0207,,41.311922,-105.581147,2021,2,20,19
West,Knight Hall,2021-02-20T20:00:00,30.0,,,,,,,,0.0207,,41.311922,-105.581147,2021,2,20,20
West,Knight Hall,2021-02-20T21:00:00,30.0,,,,,,,,0.0207,,41.311922,-105.581147,2021,2,20,21
West,Knight Hall,2021-02-20T22:00:00,20.0,,,,,,,,0.0138,,41.311922,-105.581147,2021,2,20,22
West,Knight Hall,2021-02-20T23:00:00,30.0,,,,,,,,0.0207,,41.311922,-105.581147,2021,2,20,23
West,Knight Hall,2021-02-21T00:00:00,30.0,,,,,,,,0.0207,,41.311922,-105.581147,2021,2,21,0
West,Knight Hall,2021-02-21T01:00:00,30.0,,,,,,,,0.0207,,41.311922,-105.581147,2021,2,21,1
West,Knight Hall,2021-02-21T02:00:00,40.0,,,,,,,,0.0276,,41.311922,-105.581147,2021,2,21,2
West,Knight Hall,2021-02-21T03:00:00,30.0,,,,,,,,0.0207,,41.311922,-105.581147,2021,2,21,3
West,Knight Hall,2021-02-21T04:00:00,30.0,,,,,,,,0.0207,,41.311922,-105.581147,2021,2,21,4
West,Knight Hall,2021-02-21T05:00:00,30.0,,,,,,,,0.0207,,41.311922,-105.581147,2021,2,21,5
West,Knight Hall,2021-02-21T06:00:00,30.0,,,,,,,,0.0207,,41.311922,-105.581147,2021,2,21,6
West,Knight Hall,2021-02-21T07:00:00,30.0,,,,,,,,0.0207,,41.311922,-105.581147,2021,2,21,7
West,Knight Hall,2021-02-21T08:00:00,30.0,,,,,,,,0.0207,,41.311922,-105.581147,2021,2,21,8
West,Knight Hall,2021-02-21T09:00:00,30.0,,,,,,,,0.0207,,41.311922,-105.581147,2021,2,21,9
West,Knight Hall,2021-02-21T10:00:00,30.0,,,,,,,,0.0207,,41.311922,-105.581147,2021,2,21,10
West,Knight Hall,2021-02-21T11:00:00,40.0,,,,,,,,0.0276,,41.311922,-105.581147,2021,2,21,11
West,Knight Hall,2021-02-21T12:00:00,30.0,,,,,,,,0.0207,,41.311922,-105.581147,2021,2,21,12
West,Knight Hall,2021-02-21T13:00:00,30.0,,,,,,,,0.0207,,41.311922,-105.581147,2021,2,21,13
West,Knight Hall,2021-02-21T14:00:00,30.0,,,,,,,,0.0207,,41.311922,-105.581147,2021,2,21,14
West,Knight Hall,2021-02-21T15:00:00,40.0,,,,,,,,0.0276,,41.311922,-105.581147,2021,2,21,15
West,Knight Hall,2021-02-21T16:00:00,20.0,,,,,,,,0.0138,,41.311922,-105.581147,2021,2,21,16
West,Knight Hall,2021-02-21T17:00:00,30.0,,,,,,,,0.0207,,41.311922,-105.581147,2021,2,21,17
West,Knight Hall,2021-02-21T18:00:00,30.0,,,,,,,,0.0207,,41.311922,-105.581147,2021,2,21,18
West,Knight Hall,2021-02-21T19:00:00,30.0,,,,,,,,0.0207,,41.311922,-105.581147,2021,2,21,19
West,Knight Hall,2021-02-21T20:00:00,30.0,,,,,,,,0.0207,,41.311922,-105.581147,2021,2,21,20
West,Knight Hall,2021-02-21T21:00:00,30.0,,,,,,,,0.0207,,41.311922,-105.581147,2021,2,21,21
West,Knight Hall,2021-02-21T22:00:00,30.0,,,,,,,,0.0207,,41.311922,-105.581147,2021,2,21,22
West,Knight Hall,2021-02-21T23:00:00,30.0,,,,,,,,0.0207,,41.311922,-105.581147,2021,2,21,23
West,Knight Hall,2021-02-22T00:00:00,30.0,,,,,,,,0.0207,,41.311922,-105.581147,2021,2,22,0
West,Knight Hall,2021-02-22T01:00:00,30.0,,,,,,,,0.0207,,41.311922,-105.581147,2021,2,22,1
West,Knight Hall,2021-02-22T02:00:00,30.0,,,,,,,,0.0207,,41.311922,-105.581147,2021,2,22,2
West,Knight Hall,2021-02-22T03:00:00,30.0,,,,,,,,0.0207,,41.311922,-105.581147,2021,2,22,3
West,Knight Hall,2021-02-22T04:00:00,30.0,,,,,,,,0.0207,,41.311922,-105.581147,2021,2,22,4
West,Knight Hall,2021-02-22T05:00:00,30.0,,,,,,,,0.0207,,41.311922,-105.581147,2021,2,22,5
West,Knight Hall,2021-02-22T06:00:00,40.0,,,,,,,,0.0276,,41.311922,-105.581147,2021,2,22,6
West,Knight Hall,2021-02-22T07:00:00,40.0,,,,,,,,0.0276,,41.311922,-105.581147,2021,2,22,7
West,Knight Hall,2021-02-22T08:00:00,70.0,,,,,,,,0.048299999999999996,,41.311922,-105.581147,2021,2,22,8
West,Knight Hall,2021-02-22T09:00:00,70.0,,,,,,,,0.048299999999999996,,41.311922,-105.581147,2021,2,22,9
West,Knight Hall,2021-02-22T10:00:00,80.0,,,,,,,,0.0552,,41.311922,-105.581147,2021,2,22,10
West,Knight Hall,2021-02-22T11:00:00,80.0,,,,,,,,0.0552,,41.311922,-105.581147,2021,2,22,11
West,Knight Hall,2021-02-22T12:00:00,70.0,,,,,,,,0.048299999999999996,,41.311922,-105.581147,2021,2,22,12
West,Knight Hall,2021-02-22T13:00:00,70.0,,,,,,,,0.048299999999999996,,41.311922,-105.581147,2021,2,22,13
West,Knight Hall,2021-02-22T14:00:00,70.0,,,,,,,,0.048299999999999996,,41.311922,-105.581147,2021,2,22,14
West,Knight Hall,2021-02-22T15:00:00,70.0,,,,,,,,0.048299999999999996,,41.311922,-105.581147,2021,2,22,15
West,Knight Hall,2021-02-22T16:00:00,70.0,,,,,,,,0.048299999999999996,,41.311922,-105.581147,2021,2,22,16
West,Knight Hall,2021-02-22T17:00:00,50.0,,,,,,,,0.034499999999999996,,41.311922,-105.581147,2021,2,22,17
West,Knight Hall,2021-02-22T18:00:00,50.0,,,,,,,,0.034499999999999996,,41.311922,-105.581147,2021,2,22,18
West,Knight Hall,2021-02-22T19:00:00,40.0,,,,,,,,0.0276,,41.311922,-105.581147,2021,2,22,19
West,Knight Hall,2021-02-22T20:00:00,40.0,,,,,,,,0.0276,,41.311922,-105.581147,2021,2,22,20
West,Knight Hall,2021-02-22T21:00:00,30.0,,,,,,,,0.0207,,41.311922,-105.581147,2021,2,22,21
West,Knight Hall,2021-02-22T22:00:00,40.0,,,,,,,,0.0276,,41.311922,-105.581147,2021,2,22,22
West,Knight Hall,2021-02-22T23:00:00,20.0,,,,,,,,0.0138,,41.311922,-105.581147,2021,2,22,23
West,Knight Hall,2021-02-23T00:00:00,30.0,,,,,,,,0.0207,,41.311922,-105.581147,2021,2,23,0
West,Knight Hall,2021-02-23T01:00:00,30.0,,,,,,,,0.0207,,41.311922,-105.581147,2021,2,23,1
West,Knight Hall,2021-02-23T02:00:00,30.0,,,,,,,,0.0207,,41.311922,-105.581147,2021,2,23,2
West,Knight Hall,2021-02-23T03:00:00,30.0,,,,,,,,0.0207,,41.311922,-105.581147,2021,2,23,3
West,Knight Hall,2021-02-23T04:00:00,30.0,,,,,,,,0.0207,,41.311922,-105.581147,2021,2,23,4
West,Knight Hall,2021-02-23T05:00:00,30.0,,,,,,,,0.0207,,41.311922,-105.581147,2021,2,23,5
West,Knight Hall,2021-02-23T06:00:00,40.0,,,,,,,,0.0276,,41.311922,-105.581147,2021,2,23,6
West,Knight Hall,2021-02-23T07:00:00,40.0,,,,,,,,0.0276,,41.311922,-105.581147,2021,2,23,7
West,Knight Hall,2021-02-23T08:00:00,70.0,,,,,,,,0.048299999999999996,,41.311922,-105.581147,2021,2,23,8
West,Knight Hall,2021-02-23T09:00:00,70.0,,,,,,,,0.048299999999999996,,41.311922,-105.581147,2021,2,23,9
West,Knight Hall,2021-02-23T10:00:00,80.0,,,,,,,,0.0552,,41.311922,-105.581147,2021,2,23,10
West,Knight Hall,2021-02-23T11:00:00,70.0,,,,,,,,0.048299999999999996,,41.311922,-105.581147,2021,2,23,11
West,Knight Hall,2021-02-23T12:00:00,70.0,,,,,,,,0.048299999999999996,,41.311922,-105.581147,2021,2,23,12
West,Knight Hall,2021-02-23T13:00:00,70.0,,,,,,,,0.048299999999999996,,41.311922,-105.581147,2021,2,23,13
West,Knight Hall,2021-02-23T14:00:00,80.0,,,,,,,,0.0552,,41.311922,-105.581147,2021,2,23,14
West,Knight Hall,2021-02-23T15:00:00,70.0,,,,,,,,0.048299999999999996,,41.311922,-105.581147,2021,2,23,15
West,Knight Hall,2021-02-23T16:00:00,70.0,,,,,,,,0.048299999999999996,,41.311922,-105.581147,2021,2,23,16
West,Knight Hall,2021-02-23T17:00:00,50.0,,,,,,,,0.034499999999999996,,41.311922,-105.581147,2021,2,23,17
West,Knight Hall,2021-02-23T18:00:00,50.0,,,,,,,,0.034499999999999996,,41.311922,-105.581147,2021,2,23,18
West,Knight Hall,2021-02-23T19:00:00,30.0,,,,,,,,0.0207,,41.311922,-105.581147,2021,2,23,19
West,Knight Hall,2021-02-23T20:00:00,30.0,,,,,,,,0.0207,,41.311922,-105.581147,2021,2,23,20
West,Knight Hall,2021-02-23T21:00:00,40.0,,,,,,,,0.0276,,41.311922,-105.581147,2021,2,23,21
West,Knight Hall,2021-02-23T22:00:00,30.0,,,,,,,,0.0207,,41.311922,-105.581147,2021,2,23,22
West,Knight Hall,2021-02-23T23:00:00,30.0,,,,,,,,0.0207,,41.311922,-105.581147,2021,2,23,23
West,Knight Hall,2021-02-24T00:00:00,30.0,,,,,,,,0.0207,,41.311922,-105.581147,2021,2,24,0
West,Knight Hall,2021-02-24T01:00:00,20.0,,,,,,,,0.0138,,41.311922,-105.581147,2021,2,24,1
West,Knight Hall,2021-02-24T02:00:00,30.0,,,,,,,,0.0207,,41.311922,-105.581147,2021,2,24,2
West,Knight Hall,2021-02-24T03:00:00,30.0,,,,,,,,0.0207,,41.311922,-105.581147,2021,2,24,3
West,Knight Hall,2021-02-24T04:00:00,30.0,,,,,,,,0.0207,,41.311922,-105.581147,2021,2,24,4
West,Knight Hall,2021-02-24T05:00:00,30.0,,,,,,,,0.0207,,41.311922,-105.581147,2021,2,24,5
West,Knight Hall,2021-02-24T06:00:00,30.0,,,,,,,,0.0207,,41.311922,-105.581147,2021,2,24,6
West,Knight Hall,2021-02-24T07:00:00,50.0,,,,,,,,0.034499999999999996,,41.311922,-105.581147,2021,2,24,7
West,Knight Hall,2021-02-24T08:00:00,70.0,,,,,,,,0.048299999999999996,,41.311922,-105.581147,2021,2,24,8
West,Knight Hall,2021-02-24T09:00:00,70.0,,,,,,,,0.048299999999999996,,41.311922,-105.581147,2021,2,24,9
West,Knight Hall,2021-02-24T10:00:00,70.0,,,,,,,,0.048299999999999996,,41.311922,-105.581147,2021,2,24,10
West,Knight Hall,2021-02-24T11:00:00,70.0,,,,,,,,0.048299999999999996,,41.311922,-105.581147,2021,2,24,11
West,Knight Hall,2021-02-24T12:00:00,70.0,,,,,,,,0.048299999999999996,,41.311922,-105.581147,2021,2,24,12
West,Knight Hall,2021-02-24T13:00:00,70.0,,,,,,,,0.048299999999999996,,41.311922,-105.581147,2021,2,24,13
West,Knight Hall,2021-02-24T14:00:00,70.0,,,,,,,,0.048299999999999996,,41.311922,-105.581147,2021,2,24,14
West,Knight Hall,2021-02-24T15:00:00,70.0,,,,,,,,0.048299999999999996,,41.311922,-105.581147,2021,2,24,15
West,Knight Hall,2021-02-24T16:00:00,60.0,,,,,,,,0.0414,,41.311922,-105.581147,2021,2,24,16
West,Knight Hall,2021-02-24T17:00:00,60.0,,,,,,,,0.0414,,41.311922,-105.581147,2021,2,24,17
West,Knight Hall,2021-02-24T18:00:00,40.0,,,,,,,,0.0276,,41.311922,-105.581147,2021,2,24,18
West,Knight Hall,2021-02-24T19:00:00,40.0,,,,,,,,0.0276,,41.311922,-105.581147,2021,2,24,19
West,Knight Hall,2021-02-24T20:00:00,30.0,,,,,,,,0.0207,,41.311922,-105.581147,2021,2,24,20
West,Knight Hall,2021-02-24T21:00:00,40.0,,,,,,,,0.0276,,41.311922,-105.581147,2021,2,24,21
West,Knight Hall,2021-02-24T22:00:00,20.0,,,,,,,,0.0138,,41.311922,-105.581147,2021,2,24,22
West,Knight Hall,2021-02-24T23:00:00,30.0,,,,,,,,0.0207,,41.311922,-105.581147,2021,2,24,23
West,Knight Hall,2021-02-25T00:00:00,30.0,,,,,,,,0.0207,,41.311922,-105.581147,2021,2,25,0
West,Knight Hall,2021-02-25T01:00:00,30.0,,,,,,,,0.0207,,41.311922,-105.581147,2021,2,25,1
West,Knight Hall,2021-02-25T02:00:00,30.0,,,,,,,,0.0207,,41.311922,-105.581147,2021,2,25,2
West,Knight Hall,2021-02-25T03:00:00,30.0,,,,,,,,0.0207,,41.311922,-105.581147,2021,2,25,3
West,Knight Hall,2021-02-25T04:00:00,30.0,,,,,,,,0.0207,,41.311922,-105.581147,2021,2,25,4
West,Knight Hall,2021-02-25T05:00:00,40.0,,,,,,,,0.0276,,41.311922,-105.581147,2021,2,25,5
West,Knight Hall,2021-02-25T06:00:00,30.0,,,,,,,,0.0207,,41.311922,-105.581147,2021,2,25,6
West,Knight Hall,2021-02-25T07:00:00,40.0,,,,,,,,0.0276,,41.311922,-105.581147,2021,2,25,7
West,Knight Hall,2021-02-25T08:00:00,70.0,,,,,,,,0.048299999999999996,,41.311922,-105.581147,2021,2,25,8
West,Knight Hall,2021-02-25T09:00:00,80.0,,,,,,,,0.0552,,41.311922,-105.581147,2021,2,25,9
West,Knight Hall,2021-02-25T10:00:00,80.0,,,,,,,,0.0552,,41.311922,-105.581147,2021,2,25,10
West,Knight Hall,2021-02-25T11:00:00,70.0,,,,,,,,0.048299999999999996,,41.311922,-105.581147,2021,2,25,11
West,Knight Hall,2021-02-25T12:00:00,70.0,,,,,,,,0.048299999999999996,,41.311922,-105.581147,2021,2,25,12
West,Knight Hall,2021-02-25T13:00:00,70.0,,,,,,,,0.048299999999999996,,41.311922,-105.581147,2021,2,25,13
West,Knight Hall,2021-02-25T14:00:00,70.0,,,,,,,,0.048299999999999996,,41.311922,-105.581147,2021,2,25,14
West,Knight Hall,2021-02-25T15:00:00,70.0,,,,,,,,0.048299999999999996,,41.311922,-105.581147,2021,2,25,15
West,Knight Hall,2021-02-25T16:00:00,60.0,,,,,,,,0.0414,,41.311922,-105.581147,2021,2,25,16
West,Knight Hall,2021-02-25T17:00:00,60.0,,,,,,,,0.0414,,41.311922,-105.581147,2021,2,25,17
West,Knight Hall,2021-02-25T18:00:00,40.0,,,,,,,,0.0276,,41.311922,-105.581147,2021,2,25,18
West,Knight Hall,2021-02-25T19:00:00,40.0,,,,,,,,0.0276,,41.311922,-105.581147,2021,2,25,19
West,Knight Hall,2021-02-25T20:00:00,40.0,,,,,,,,0.0276,,41.311922,-105.581147,2021,2,25,20
West,Knight Hall,2021-02-25T21:00:00,30.0,,,,,,,,0.0207,,41.311922,-105.581147,2021,2,25,21
West,Knight Hall,2021-02-25T22:00:00,30.0,,,,,,,,0.0207,,41.311922,-105.581147,2021,2,25,22
West,Knight Hall,2021-02-25T23:00:00,30.0,,,,,,,,0.0207,,41.311922,-105.581147,2021,2,25,23
West,Knight Hall,2021-02-26T00:00:00,20.0,,,,,,,,0.0138,,41.311922,-105.581147,2021,2,26,0
West,Knight Hall,2021-02-26T01:00:00,30.0,,,,,,,,0.0207,,41.311922,-105.581147,2021,2,26,1
West,Knight Hall,2021-02-26T02:00:00,30.0,,,,,,,,0.0207,,41.311922,-105.581147,2021,2,26,2
West,Knight Hall,2021-02-26T03:00:00,30.0,,,,,,,,0.0207,,41.311922,-105.581147,2021,2,26,3
West,Knight Hall,2021-02-26T04:00:00,30.0,,,,,,,,0.0207,,41.311922,-105.581147,2021,2,26,4
West,Knight Hall,2021-02-26T05:00:00,30.0,,,,,,,,0.0207,,41.311922,-105.581147,2021,2,26,5
West,Knight Hall,2021-02-26T06:00:00,30.0,,,,,,,,0.0207,,41.311922,-105.581147,2021,2,26,6
West,Knight Hall,2021-02-26T07:00:00,50.0,,,,,,,,0.034499999999999996,,41.311922,-105.581147,2021,2,26,7
West,Knight Hall,2021-02-26T08:00:00,70.0,,,,,,,,0.048299999999999996,,41.311922,-105.581147,2021,2,26,8
West,Knight Hall,2021-02-26T09:00:00,70.0,,,,,,,,0.048299999999999996,,41.311922,-105.581147,2021,2,26,9
West,Knight Hall,2021-02-26T10:00:00,70.0,,,,,,,,0.048299999999999996,,41.311922,-105.581147,2021,2,26,10
West,Knight Hall,2021-02-26T11:00:00,70.0,,,,,,,,0.048299999999999996,,41.311922,-105.581147,2021,2,26,11
West,Knight Hall,2021-02-26T12:00:00,70.0,,,,,,,,0.048299999999999996,,41.311922,-105.581147,2021,2,26,12
West,Knight Hall,2021-02-26T13:00:00,70.0,,,,,,,,0.048299999999999996,,41.311922,-105.581147,2021,2,26,13
West,Knight Hall,2021-02-26T14:00:00,70.0,,,,,,,,0.048299999999999996,,41.311922,-105.581147,2021,2,26,14
West,Knight Hall,2021-02-26T15:00:00,60.0,,,,,,,,0.0414,,41.311922,-105.581147,2021,2,26,15
West,Knight Hall,2021-02-26T16:00:00,60.0,,,,,,,,0.0414,,41.311922,-105.581147,2021,2,26,16
West,Knight Hall,2021-02-26T17:00:00,50.0,,,,,,,,0.034499999999999996,,41.311922,-105.581147,2021,2,26,17
West,Knight Hall,2021-02-26T18:00:00,40.0,,,,,,,,0.0276,,41.311922,-105.581147,2021,2,26,18
West,Knight Hall,2021-02-26T19:00:00,30.0,,,,,,,,0.0207,,41.311922,-105.581147,2021,2,26,19
West,Knight Hall,2021-02-26T20:00:00,40.0,,,,,,,,0.0276,,41.311922,-105.581147,2021,2,26,20
West,Knight Hall,2021-02-26T21:00:00,30.0,,,,,,,,0.0207,,41.311922,-105.581147,2021,2,26,21
West,Knight Hall,2021-02-26T22:00:00,30.0,,,,,,,,0.0207,,41.311922,-105.581147,2021,2,26,22
West,Knight Hall,2021-02-26T23:00:00,30.0,,,,,,,,0.0207,,41.311922,-105.581147,2021,2,26,23
West,Knight Hall,2021-02-27T00:00:00,20.0,,,,,,,,0.0138,,41.311922,-105.581147,2021,2,27,0
West,Knight Hall,2021-02-27T01:00:00,30.0,,,,,,,,0.0207,,41.311922,-105.581147,2021,2,27,1
West,Knight Hall,2021-02-27T02:00:00,30.0,,,,,,,,0.0207,,41.311922,-105.581147,2021,2,27,2
West,Knight Hall,2021-02-27T03:00:00,20.0,,,,,,,,0.0138,,41.311922,-105.581147,2021,2,27,3
West,Knight Hall,2021-02-27T04:00:00,30.0,,,,,,,,0.0207,,41.311922,-105.581147,2021,2,27,4
West,Knight Hall,2021-02-27T05:00:00,30.0,,,,,,,,0.0207,,41.311922,-105.581147,2021,2,27,5
West,Knight Hall,2021-02-27T06:00:00,30.0,,,,,,,,0.0207,,41.311922,-105.581147,2021,2,27,6
West,Knight Hall,2021-02-27T07:00:00,30.0,,,,,,,,0.0207,,41.311922,-105.581147,2021,2,27,7
West,Knight Hall,2021-02-27T08:00:00,30.0,,,,,,,,0.0207,,41.311922,-105.581147,2021,2,27,8
West,Knight Hall,2021-02-27T09:00:00,30.0,,,,,,,,0.0207,,41.311922,-105.581147,2021,2,27,9
West,Knight Hall,2021-02-27T10:00:00,40.0,,,,,,,,0.0276,,41.311922,-105.581147,2021,2,27,10
West,Knight Hall,2021-02-27T11:00:00,30.0,,,,,,,,0.0207,,41.311922,-105.581147,2021,2,27,11
West,Knight Hall,2021-02-27T12:00:00,30.0,,,,,,,,0.0207,,41.311922,-105.581147,2021,2,27,12
West,Knight Hall,2021-02-27T13:00:00,30.0,,,,,,,,0.0207,,41.311922,-105.581147,2021,2,27,13
West,Knight Hall,2021-02-27T14:00:00,30.0,,,,,,,,0.0207,,41.311922,-105.581147,2021,2,27,14
West,Knight Hall,2021-02-27T15:00:00,30.0,,,,,,,,0.0207,,41.311922,-105.581147,2021,2,27,15
West,Knight Hall,2021-02-27T16:00:00,30.0,,,,,,,,0.0207,,41.311922,-105.581147,2021,2,27,16
West,Knight Hall,2021-02-27T17:00:00,20.0,,,,,,,,0.0138,,41.311922,-105.581147,2021,2,27,17
West,Knight Hall,2021-02-27T18:00:00,30.0,,,,,,,,0.0207,,41.311922,-105.581147,2021,2,27,18
West,Knight Hall,2021-02-27T19:00:00,30.0,,,,,,,,0.0207,,41.311922,-105.581147,2021,2,27,19
West,Knight Hall,2021-02-27T20:00:00,30.0,,,,,,,,0.0207,,41.311922,-105.581147,2021,2,27,20
West,Knight Hall,2021-02-27T21:00:00,20.0,,,,,,,,0.0138,,41.311922,-105.581147,2021,2,27,21
West,Knight Hall,2021-02-27T22:00:00,30.0,,,,,,,,0.0207,,41.311922,-105.581147,2021,2,27,22
West,Knight Hall,2021-02-27T23:00:00,30.0,,,,,,,,0.0207,,41.311922,-105.581147,2021,2,27,23
West,Knight Hall,2021-02-28T00:00:00,30.0,,,,,,,,0.0207,,41.311922,-105.581147,2021,2,28,0
West,Knight Hall,2021-02-28T01:00:00,30.0,,,,,,,,0.0207,,41.311922,-105.581147,2021,2,28,1
West,Knight Hall,2021-02-28T02:00:00,20.0,,,,,,,,0.0138,,41.311922,-105.581147,2021,2,28,2
West,Knight Hall,2021-02-28T03:00:00,30.0,,,,,,,,0.0207,,41.311922,-105.581147,2021,2,28,3
West,Knight Hall,2021-02-28T04:00:00,30.0,,,,,,,,0.0207,,41.311922,-105.581147,2021,2,28,4
West,Knight Hall,2021-02-28T05:00:00,30.0,,,,,,,,0.0207,,41.311922,-105.581147,2021,2,28,5
West,Knight Hall,2021-02-28T06:00:00,30.0,,,,,,,,0.0207,,41.311922,-105.581147,2021,2,28,6
West,Knight Hall,2021-02-28T07:00:00,20.0,,,,,,,,0.0138,,41.311922,-105.581147,2021,2,28,7
West,Knight Hall,2021-02-28T08:00:00,30.0,,,,,,,,0.0207,,41.311922,-105.581147,2021,2,28,8
West,Knight Hall,2021-02-28T09:00:00,40.0,,,,,,,,0.0276,,41.311922,-105.581147,2021,2,28,9
West,Knight Hall,2021-02-28T10:00:00,30.0,,,,,,,,0.0207,,41.311922,-105.581147,2021,2,28,10
West,Knight Hall,2021-02-28T11:00:00,30.0,,,,,,,,0.0207,,41.311922,-105.581147,2021,2,28,11
West,Knight Hall,2021-02-28T12:00:00,30.0,,,,,,,,0.0207,,41.311922,-105.581147,2021,2,28,12
West,Knight Hall,2021-02-28T13:00:00,40.0,,,,,,,,0.0276,,41.311922,-105.581147,2021,2,28,13
West,Knight Hall,2021-02-28T14:00:00,30.0,,,,,,,,0.0207,,41.311922,-105.581147,2021,2,28,14
West,Knight Hall,2021-02-28T15:00:00,30.0,,,,,,,,0.0207,,41.311922,-105.581147,2021,2,28,15
West,Knight Hall,2021-02-28T16:00:00,30.0,,,,,,,,0.0207,,41.311922,-105.581147,2021,2,28,16
West,Knight Hall,2021-02-28T17:00:00,30.0,,,,,,,,0.0207,,41.311922,-105.581147,2021,2,28,17
West,Knight Hall,2021-02-28T18:00:00,30.0,,,,,,,,0.0207,,41.311922,-105.581147,2021,2,28,18
West,Knight Hall,2021-02-28T19:00:00,40.0,,,,,,,,0.0276,,41.311922,-105.581147,2021,2,28,19
West,Knight Hall,2021-02-28T20:00:00,30.0,,,,,,,,0.0207,,41.311922,-105.581147,2021,2,28,20
West,Knight Hall,2021-02-28T21:00:00,30.0,,,,,,,,0.0207,,41.311922,-105.581147,2021,2,28,21
West,Knight Hall,2021-02-28T22:00:00,40.0,,,,,,,,0.0276,,41.311922,-105.581147,2021,2,28,22
West,Knight Hall,2021-02-28T23:00:00,30.0,,,,,,,,0.0207,,41.311922,-105.581147,2021,2,28,23
West,Knight Hall,2021-03-01T00:00:00,30.0,,,,,,,,0.0207,,41.311922,-105.581147,2021,3,1,0
West,Knight Hall,2021-03-01T01:00:00,30.0,,,,,,,,0.0207,,41.311922,-105.581147,2021,3,1,1
West,Knight Hall,2021-03-01T02:00:00,40.0,,,,,,,,0.0276,,41.311922,-105.581147,2021,3,1,2
West,Knight Hall,2021-03-01T03:00:00,30.0,,,,,,,,0.0207,,41.311922,-105.581147,2021,3,1,3
West,Knight Hall,2021-03-01T04:00:00,30.0,,,,,,,,0.0207,,41.311922,-105.581147,2021,3,1,4
West,Knight Hall,2021-03-01T05:00:00,30.0,,,,,,,,0.0207,,41.311922,-105.581147,2021,3,1,5
West,Knight Hall,2021-03-01T06:00:00,40.0,,,,,,,,0.0276,,41.311922,-105.581147,2021,3,1,6
West,Knight Hall,2021-03-01T07:00:00,50.0,,,,,,,,0.034499999999999996,,41.311922,-105.581147,2021,3,1,7
West,Knight Hall,2021-03-01T08:00:00,70.0,,,,,,,,0.048299999999999996,,41.311922,-105.581147,2021,3,1,8
West,Knight Hall,2021-03-01T09:00:00,70.0,,,,,,,,0.048299999999999996,,41.311922,-105.581147,2021,3,1,9
West,Knight Hall,2021-03-01T10:00:00,80.0,,,,,,,,0.0552,,41.311922,-105.581147,2021,3,1,10
West,Knight Hall,2021-03-01T11:00:00,70.0,,,,,,,,0.048299999999999996,,41.311922,-105.581147,2021,3,1,11
West,Knight Hall,2021-03-01T12:00:00,80.0,,,,,,,,0.0552,,41.311922,-105.581147,2021,3,1,12
West,Knight Hall,2021-03-01T13:00:00,60.0,,,,,,,,0.0414,,41.311922,-105.581147,2021,3,1,13
West,Knight Hall,2021-03-01T14:00:00,70.0,,,,,,,,0.048299999999999996,,41.311922,-105.581147,2021,3,1,14
West,Knight Hall,2021-03-01T15:00:00,70.0,,,,,,,,0.048299999999999996,,41.311922,-105.581147,2021,3,1,15
West,Knight Hall,2021-03-01T16:00:00,70.0,,,,,,,,0.048299999999999996,,41.311922,-105.581147,2021,3,1,16
West,Knight Hall,2021-03-01T17:00:00,50.0,,,,,,,,0.034499999999999996,,41.311922,-105.581147,2021,3,1,17
West,Knight Hall,2021-03-01T18:00:00,50.0,,,,,,,,0.034499999999999996,,41.311922,-105.581147,2021,3,1,18
West,Knight Hall,2021-03-01T19:00:00,30.0,,,,,,,,0.0207,,41.311922,-105.581147,2021,3,1,19
West,Knight Hall,2021-03-01T20:00:00,40.0,,,,,,,,0.0276,,41.311922,-105.581147,2021,3,1,20
West,Knight Hall,2021-03-01T21:00:00,30.0,,,,,,,,0.0207,,41.311922,-105.581147,2021,3,1,21
West,Knight Hall,2021-03-01T22:00:00,30.0,,,,,,,,0.0207,,41.311922,-105.581147,2021,3,1,22
West,Knight Hall,2021-03-01T23:00:00,30.0,,,,,,,,0.0207,,41.311922,-105.581147,2021,3,1,23
West,Knight Hall,2021-03-02T00:00:00,30.0,,,,,,,,0.0207,,41.311922,-105.581147,2021,3,2,0
West,Knight Hall,2021-03-02T01:00:00,20.0,,,,,,,,0.0138,,41.311922,-105.581147,2021,3,2,1
West,Knight Hall,2021-03-02T02:00:00,30.0,,,,,,,,0.0207,,41.311922,-105.581147,2021,3,2,2
West,Knight Hall,2021-03-02T03:00:00,30.0,,,,,,,,0.0207,,41.311922,-105.581147,2021,3,2,3
West,Knight Hall,2021-03-02T04:00:00,30.0,,,,,,,,0.0207,,41.311922,-105.581147,2021,3,2,4
West,Knight Hall,2021-03-02T05:00:00,30.0,,,,,,,,0.0207,,41.311922,-105.581147,2021,3,2,5
West,Knight Hall,2021-03-02T06:00:00,30.0,,,,,,,,0.0207,,41.311922,-105.581147,2021,3,2,6
West,Knight Hall,2021-03-02T07:00:00,50.0,,,,,,,,0.034499999999999996,,41.311922,-105.581147,2021,3,2,7
West,Knight Hall,2021-03-02T08:00:00,60.0,,,,,,,,0.0414,,41.311922,-105.581147,2021,3,2,8
West,Knight Hall,2021-03-02T09:00:00,80.0,,,,,,,,0.0552,,41.311922,-105.581147,2021,3,2,9
West,Knight Hall,2021-03-02T10:00:00,70.0,,,,,,,,0.048299999999999996,,41.311922,-105.581147,2021,3,2,10
West,Knight Hall,2021-03-02T11:00:00,70.0,,,,,,,,0.048299999999999996,,41.311922,-105.581147,2021,3,2,11
West,Knight Hall,2021-03-02T12:00:00,70.0,,,,,,,,0.048299999999999996,,41.311922,-105.581147,2021,3,2,12
West,Knight Hall,2021-03-02T13:00:00,70.0,,,,,,,,0.048299999999999996,,41.311922,-105.581147,2021,3,2,13
West,Knight Hall,2021-03-02T14:00:00,70.0,,,,,,,,0.048299999999999996,,41.311922,-105.581147,2021,3,2,14
West,Knight Hall,2021-03-02T15:00:00,70.0,,,,,,,,0.048299999999999996,,41.311922,-105.581147,2021,3,2,15
West,Knight Hall,2021-03-02T16:00:00,70.0,,,,,,,,0.048299999999999996,,41.311922,-105.581147,2021,3,2,16
West,Knight Hall,2021-03-02T17:00:00,40.0,,,,,,,,0.0276,,41.311922,-105.581147,2021,3,2,17
West,Knight Hall,2021-03-02T18:00:00,50.0,,,,,,,,0.034499999999999996,,41.311922,-105.581147,2021,3,2,18
West,Knight Hall,2021-03-02T19:00:00,30.0,,,,,,,,0.0207,,41.311922,-105.581147,2021,3,2,19
West,Knight Hall,2021-03-02T20:00:00,40.0,,,,,,,,0.0276,,41.311922,-105.581147,2021,3,2,20
West,Knight Hall,2021-03-02T21:00:00,40.0,,,,,,,,0.0276,,41.311922,-105.581147,2021,3,2,21
West,Knight Hall,2021-03-02T22:00:00,30.0,,,,,,,,0.0207,,41.311922,-105.581147,2021,3,2,22
West,Knight Hall,2021-03-02T23:00:00,30.0,,,,,,,,0.0207,,41.311922,-105.581147,2021,3,2,23
West,Knight Hall,2021-03-03T00:00:00,20.0,,,,,,,,0.0138,,41.311922,-105.581147,2021,3,3,0
West,Knight Hall,2021-03-03T01:00:00,30.0,,,,,,,,0.0207,,41.311922,-105.581147,2021,3,3,1
West,Knight Hall,2021-03-03T02:00:00,30.0,,,,,,,,0.0207,,41.311922,-105.581147,2021,3,3,2
West,Knight Hall,2021-03-03T03:00:00,30.0,,,,,,,,0.0207,,41.311922,-105.581147,2021,3,3,3
West,Knight Hall,2021-03-03T04:00:00,30.0,,,,,,,,0.0207,,41.311922,-105.581147,2021,3,3,4
West,Knight Hall,2021-03-03T05:00:00,30.0,,,,,,,,0.0207,,41.311922,-105.581147,2021,3,3,5
West,Knight Hall,2021-03-03T06:00:00,30.0,,,,,,,,0.0207,,41.311922,-105.581147,2021,3,3,6
West,Knight Hall,2021-03-03T07:00:00,50.0,,,,,,,,0.034499999999999996,,41.311922,-105.581147,2021,3,3,7
West,Knight Hall,2021-03-03T08:00:00,60.0,,,,,,,,0.0414,,41.311922,-105.581147,2021,3,3,8
West,Knight Hall,2021-03-03T09:00:00,70.0,,,,,,,,0.048299999999999996,,41.311922,-105.581147,2021,3,3,9
West,Knight Hall,2021-03-03T10:00:00,80.0,,,,,,,,0.0552,,41.311922,-105.581147,2021,3,3,10
West,Knight Hall,2021-03-03T11:00:00,70.0,,,,,,,,0.048299999999999996,,41.311922,-105.581147,2021,3,3,11
West,Knight Hall,2021-03-03T12:00:00,80.0,,,,,,,,0.0552,,41.311922,-105.581147,2021,3,3,12
West,Knight Hall,2021-03-03T13:00:00,70.0,,,,,,,,0.048299999999999996,,41.311922,-105.581147,2021,3,3,13
West,Knight Hall,2021-03-03T14:00:00,70.0,,,,,,,,0.048299999999999996,,41.311922,-105.581147,2021,3,3,14
West,Knight Hall,2021-03-03T15:00:00,70.0,,,,,,,,0.048299999999999996,,41.311922,-105.581147,2021,3,3,15
West,Knight Hall,2021-03-03T16:00:00,60.0,,,,,,,,0.0414,,41.311922,-105.581147,2021,3,3,16
West,Knight Hall,2021-03-03T17:00:00,50.0,,,,,,,,0.034499999999999996,,41.311922,-105.581147,2021,3,3,17
West,Knight Hall,2021-03-03T18:00:00,40.0,,,,,,,,0.0276,,41.311922,-105.581147,2021,3,3,18
West,Knight Hall,2021-03-03T19:00:00,40.0,,,,,,,,0.0276,,41.311922,-105.581147,2021,3,3,19
West,Knight Hall,2021-03-03T20:00:00,30.0,,,,,,,,0.0207,,41.311922,-105.581147,2021,3,3,20
West,Knight Hall,2021-03-03T21:00:00,40.0,,,,,,,,0.0276,,41.311922,-105.581147,2021,3,3,21
West,Knight Hall,2021-03-03T22:00:00,20.0,,,,,,,,0.0138,,41.311922,-105.581147,2021,3,3,22
West,Knight Hall,2021-03-03T23:00:00,30.0,,,,,,,,0.0207,,41.311922,-105.581147,2021,3,3,23
West,Knight Hall,2021-03-04T00:00:00,30.0,,,,,,,,0.0207,,41.311922,-105.581147,2021,3,4,0
West,Knight Hall,2021-03-04T01:00:00,30.0,,,,,,,,0.0207,,41.311922,-105.581147,2021,3,4,1
West,Knight Hall,2021-03-04T02:00:00,30.0,,,,,,,,0.0207,,41.311922,-105.581147,2021,3,4,2
West,Knight Hall,2021-03-04T03:00:00,30.0,,,,,,,,0.0207,,41.311922,-105.581147,2021,3,4,3
West,Knight Hall,2021-03-04T04:00:00,30.0,,,,,,,,0.0207,,41.311922,-105.581147,2021,3,4,4
West,Knight Hall,2021-03-04T05:00:00,30.0,,,,,,,,0.0207,,41.311922,-105.581147,2021,3,4,5
West,Knight Hall,2021-03-04T06:00:00,30.0,,,,,,,,0.0207,,41.311922,-105.581147,2021,3,4,6
West,Knight Hall,2021-03-04T07:00:00,40.0,,,,,,,,0.0276,,41.311922,-105.581147,2021,3,4,7
West,Knight Hall,2021-03-04T08:00:00,70.0,,,,,,,,0.048299999999999996,,41.311922,-105.581147,2021,3,4,8
West,Knight Hall,2021-03-04T09:00:00,70.0,,,,,,,,0.048299999999999996,,41.311922,-105.581147,2021,3,4,9
West,Knight Hall,2021-03-04T10:00:00,70.0,,,,,,,,0.048299999999999996,,41.311922,-105.581147,2021,3,4,10
West,Knight Hall,2021-03-04T11:00:00,70.0,,,,,,,,0.048299999999999996,,41.311922,-105.581147,2021,3,4,11
West,Knight Hall,2021-03-04T12:00:00,70.0,,,,,,,,0.048299999999999996,,41.311922,-105.581147,2021,3,4,12
West,Knight Hall,2021-03-04T13:00:00,70.0,,,,,,,,0.048299999999999996,,41.311922,-105.581147,2021,3,4,13
West,Knight Hall,2021-03-04T14:00:00,70.0,,,,,,,,0.048299999999999996,,41.311922,-105.581147,2021,3,4,14
West,Knight Hall,2021-03-04T15:00:00,70.0,,,,,,,,0.048299999999999996,,41.311922,-105.581147,2021,3,4,15
West,Knight Hall,2021-03-04T16:00:00,60.0,,,,,,,,0.0414,,41.311922,-105.581147,2021,3,4,16
West,Knight Hall,2021-03-04T17:00:00,50.0,,,,,,,,0.034499999999999996,,41.311922,-105.581147,2021,3,4,17
West,Knight Hall,2021-03-04T18:00:00,50.0,,,,,,,,0.034499999999999996,,41.311922,-105.581147,2021,3,4,18
West,Knight Hall,2021-03-04T19:00:00,30.0,,,,,,,,0.0207,,41.311922,-105.581147,2021,3,4,19
West,Knight Hall,2021-03-04T20:00:00,40.0,,,,,,,,0.0276,,41.311922,-105.581147,2021,3,4,20
West,Knight Hall,2021-03-04T21:00:00,30.0,,,,,,,,0.0207,,41.311922,-105.581147,2021,3,4,21
West,Knight Hall,2021-03-04T22:00:00,30.0,,,,,,,,0.0207,,41.311922,-105.581147,2021,3,4,22
West,Knight Hall,2021-03-04T23:00:00,30.0,,,,,,,,0.0207,,41.311922,-105.581147,2021,3,4,23
West,Knight Hall,2021-03-05T00:00:00,30.0,,,,,,,,0.0207,,41.311922,-105.581147,2021,3,5,0
West,Knight Hall,2021-03-05T01:00:00,30.0,,,,,,,,0.0207,,41.311922,-105.581147,2021,3,5,1
West,Knight Hall,2021-03-05T02:00:00,20.0,,,,,,,,0.0138,,41.311922,-105.581147,2021,3,5,2
West,Knight Hall,2021-03-05T03:00:00,30.0,,,,,,,,0.0207,,41.311922,-105.581147,2021,3,5,3
West,Knight Hall,2021-03-05T04:00:00,30.0,,,,,,,,0.0207,,41.311922,-105.581147,2021,3,5,4
West,Knight Hall,2021-03-05T05:00:00,40.0,,,,,,,,0.0276,,41.311922,-105.581147,2021,3,5,5
West,Knight Hall,2021-03-05T06:00:00,30.0,,,,,,,,0.0207,,41.311922,-105.581147,2021,3,5,6
West,Knight Hall,2021-03-05T07:00:00,40.0,,,,,,,,0.0276,,41.311922,-105.581147,2021,3,5,7
West,Knight Hall,2021-03-05T08:00:00,60.0,,,,,,,,0.0414,,41.311922,-105.581147,2021,3,5,8
West,Knight Hall,2021-03-05T09:00:00,70.0,,,,,,,,0.048299999999999996,,41.311922,-105.581147,2021,3,5,9
West,Knight Hall,2021-03-05T10:00:00,70.0,,,,,,,,0.048299999999999996,,41.311922,-105.581147,2021,3,5,10
West,Knight Hall,2021-03-05T11:00:00,70.0,,,,,,,,0.048299999999999996,,41.311922,-105.581147,2021,3,5,11
West,Knight Hall,2021-03-05T12:00:00,60.0,,,,,,,,0.0414,,41.311922,-105.581147,2021,3,5,12
West,Knight Hall,2021-03-05T13:00:00,70.0,,,,,,,,0.048299999999999996,,41.311922,-105.581147,2021,3,5,13
West,Knight Hall,2021-03-05T14:00:00,60.0,,,,,,,,0.0414,,41.311922,-105.581147,2021,3,5,14
West,Knight Hall,2021-03-05T15:00:00,70.0,,,,,,,,0.048299999999999996,,41.311922,-105.581147,2021,3,5,15
West,Knight Hall,2021-03-05T16:00:00,60.0,,,,,,,,0.0414,,41.311922,-105.581147,2021,3,5,16
West,Knight Hall,2021-03-05T17:00:00,40.0,,,,,,,,0.0276,,41.311922,-105.581147,2021,3,5,17
West,Knight Hall,2021-03-05T18:00:00,40.0,,,,,,,,0.0276,,41.311922,-105.581147,2021,3,5,18
West,Knight Hall,2021-03-05T19:00:00,40.0,,,,,,,,0.0276,,41.311922,-105.581147,2021,3,5,19
West,Knight Hall,2021-03-05T20:00:00,30.0,,,,,,,,0.0207,,41.311922,-105.581147,2021,3,5,20
West,Knight Hall,2021-03-05T21:00:00,20.0,,,,,,,,0.0138,,41.311922,-105.581147,2021,3,5,21
West,Knight Hall,2021-03-05T22:00:00,30.0,,,,,,,,0.0207,,41.311922,-105.581147,2021,3,5,22
West,Knight Hall,2021-03-05T23:00:00,30.0,,,,,,,,0.0207,,41.311922,-105.581147,2021,3,5,23
West,Knight Hall,2021-03-06T00:00:00,30.0,,,,,,,,0.0207,,41.311922,-105.581147,2021,3,6,0
West,Knight Hall,2021-03-06T01:00:00,30.0,,,,,,,,0.0207,,41.311922,-105.581147,2021,3,6,1
West,Knight Hall,2021-03-06T02:00:00,20.0,,,,,,,,0.0138,,41.311922,-105.581147,2021,3,6,2
West,Knight Hall,2021-03-06T03:00:00,30.0,,,,,,,,0.0207,,41.311922,-105.581147,2021,3,6,3
West,Knight Hall,2021-03-06T04:00:00,30.0,,,,,,,,0.0207,,41.311922,-105.581147,2021,3,6,4
West,Knight Hall,2021-03-06T05:00:00,30.0,,,,,,,,0.0207,,41.311922,-105.581147,2021,3,6,5
West,Knight Hall,2021-03-06T06:00:00,30.0,,,,,,,,0.0207,,41.311922,-105.581147,2021,3,6,6
West,Knight Hall,2021-03-06T07:00:00,20.0,,,,,,,,0.0138,,41.311922,-105.581147,2021,3,6,7
West,Knight Hall,2021-03-06T08:00:00,40.0,,,,,,,,0.0276,,41.311922,-105.581147,2021,3,6,8
West,Knight Hall,2021-03-06T09:00:00,30.0,,,,,,,,0.0207,,41.311922,-105.581147,2021,3,6,9
West,Knight Hall,2021-03-06T10:00:00,30.0,,,,,,,,0.0207,,41.311922,-105.581147,2021,3,6,10
West,Knight Hall,2021-03-06T11:00:00,30.0,,,,,,,,0.0207,,41.311922,-105.581147,2021,3,6,11
West,Knight Hall,2021-03-06T12:00:00,30.0,,,,,,,,0.0207,,41.311922,-105.581147,2021,3,6,12
West,Knight Hall,2021-03-06T13:00:00,30.0,,,,,,,,0.0207,,41.311922,-105.581147,2021,3,6,13
West,Knight Hall,2021-03-06T14:00:00,30.0,,,,,,,,0.0207,,41.311922,-105.581147,2021,3,6,14
West,Knight Hall,2021-03-06T15:00:00,30.0,,,,,,,,0.0207,,41.311922,-105.581147,2021,3,6,15
West,Knight Hall,2021-03-06T16:00:00,30.0,,,,,,,,0.0207,,41.311922,-105.581147,2021,3,6,16
West,Knight Hall,2021-03-06T17:00:00,30.0,,,,,,,,0.0207,,41.311922,-105.581147,2021,3,6,17
West,Knight Hall,2021-03-06T18:00:00,20.0,,,,,,,,0.0138,,41.311922,-105.581147,2021,3,6,18
West,Knight Hall,2021-03-06T19:00:00,30.0,,,,,,,,0.0207,,41.311922,-105.581147,2021,3,6,19
West,Knight Hall,2021-03-06T20:00:00,30.0,,,,,,,,0.0207,,41.311922,-105.581147,2021,3,6,20
West,Knight Hall,2021-03-06T21:00:00,30.0,,,,,,,,0.0207,,41.311922,-105.581147,2021,3,6,21
West,Knight Hall,2021-03-06T22:00:00,20.0,,,,,,,,0.0138,,41.311922,-105.581147,2021,3,6,22
West,Knight Hall,2021-03-06T23:00:00,30.0,,,,,,,,0.0207,,41.311922,-105.581147,2021,3,6,23
West,Knight Hall,2021-03-07T00:00:00,30.0,,,,,,,,0.0207,,41.311922,-105.581147,2021,3,7,0
West,Knight Hall,2021-03-07T01:00:00,30.0,,,,,,,,0.0207,,41.311922,-105.581147,2021,3,7,1
West,Knight Hall,2021-03-07T02:00:00,30.0,,,,,,,,0.0207,,41.311922,-105.581147,2021,3,7,2
West,Knight Hall,2021-03-07T03:00:00,20.0,,,,,,,,0.0138,,41.311922,-105.581147,2021,3,7,3
West,Knight Hall,2021-03-07T04:00:00,30.0,,,,,,,,0.0207,,41.311922,-105.581147,2021,3,7,4
West,Knight Hall,2021-03-07T05:00:00,30.0,,,,,,,,0.0207,,41.311922,-105.581147,2021,3,7,5
West,Knight Hall,2021-03-07T06:00:00,30.0,,,,,,,,0.0207,,41.311922,-105.581147,2021,3,7,6
West,Knight Hall,2021-03-07T07:00:00,30.0,,,,,,,,0.0207,,41.311922,-105.581147,2021,3,7,7
West,Knight Hall,2021-03-07T08:00:00,30.0,,,,,,,,0.0207,,41.311922,-105.581147,2021,3,7,8
West,Knight Hall,2021-03-07T09:00:00,30.0,,,,,,,,0.0207,,41.311922,-105.581147,2021,3,7,9
West,Knight Hall,2021-03-07T10:00:00,30.0,,,,,,,,0.0207,,41.311922,-105.581147,2021,3,7,10
West,Knight Hall,2021-03-07T11:00:00,30.0,,,,,,,,0.0207,,41.311922,-105.581147,2021,3,7,11
West,Knight Hall,2021-03-07T12:00:00,30.0,,,,,,,,0.0207,,41.311922,-105.581147,2021,3,7,12
West,Knight Hall,2021-03-07T13:00:00,20.0,,,,,,,,0.0138,,41.311922,-105.581147,2021,3,7,13
West,Knight Hall,2021-03-07T14:00:00,30.0,,,,,,,,0.0207,,41.311922,-105.581147,2021,3,7,14
West,Knight Hall,2021-03-07T15:00:00,30.0,,,,,,,,0.0207,,41.311922,-105.581147,2021,3,7,15
West,Knight Hall,2021-03-07T16:00:00,30.0,,,,,,,,0.0207,,41.311922,-105.581147,2021,3,7,16
West,Knight Hall,2021-03-07T17:00:00,40.0,,,,,,,,0.0276,,41.311922,-105.581147,2021,3,7,17
West,Knight Hall,2021-03-07T18:00:00,30.0,,,,,,,,0.0207,,41.311922,-105.581147,2021,3,7,18
West,Knight Hall,2021-03-07T19:00:00,30.0,,,,,,,,0.0207,,41.311922,-105.581147,2021,3,7,19
West,Knight Hall,2021-03-07T20:00:00,30.0,,,,,,,,0.0207,,41.311922,-105.581147,2021,3,7,20
West,Knight Hall,2021-03-07T21:00:00,40.0,,,,,,,,0.0276,,41.311922,-105.581147,2021,3,7,21
West,Knight Hall,2021-03-07T22:00:00,30.0,,,,,,,,0.0207,,41.311922,-105.581147,2021,3,7,22
West,Knight Hall,2021-03-07T23:00:00,30.0,,,,,,,,0.0207,,41.311922,-105.581147,2021,3,7,23
West,Knight Hall,2021-03-08T00:00:00,30.0,,,,,,,,0.0207,,41.311922,-105.581147,2021,3,8,0
West,Knight Hall,2021-03-08T01:00:00,40.0,,,,,,,,0.0276,,41.311922,-105.581147,2021,3,8,1
West,Knight Hall,2021-03-08T02:00:00,30.0,,,,,,,,0.0207,,41.311922,-105.581147,2021,3,8,2
West,Knight Hall,2021-03-08T03:00:00,30.0,,,,,,,,0.0207,,41.311922,-105.581147,2021,3,8,3
West,Knight Hall,2021-03-08T04:00:00,40.0,,,,,,,,0.0276,,41.311922,-105.581147,2021,3,8,4
West,Knight Hall,2021-03-08T05:00:00,30.0,,,,,,,,0.0207,,41.311922,-105.581147,2021,3,8,5
West,Knight Hall,2021-03-08T06:00:00,40.0,,,,,,,,0.0276,,41.311922,-105.581147,2021,3,8,6
West,Knight Hall,2021-03-08T07:00:00,40.0,,,,,,,,0.0276,,41.311922,-105.581147,2021,3,8,7
West,Knight Hall,2021-03-08T08:00:00,70.0,,,,,,,,0.048299999999999996,,41.311922,-105.581147,2021,3,8,8
West,Knight Hall,2021-03-08T09:00:00,70.0,,,,,,,,0.048299999999999996,,41.311922,-105.581147,2021,3,8,9
West,Knight Hall,2021-03-08T10:00:00,70.0,,,,,,,,0.048299999999999996,,41.311922,-105.581147,2021,3,8,10
West,Knight Hall,2021-03-08T11:00:00,70.0,,,,,,,,0.048299999999999996,,41.311922,-105.581147,2021,3,8,11
West,Knight Hall,2021-03-08T12:00:00,70.0,,,,,,,,0.048299999999999996,,41.311922,-105.581147,2021,3,8,12
West,Knight Hall,2021-03-08T13:00:00,70.0,,,,,,,,0.048299999999999996,,41.311922,-105.581147,2021,3,8,13
West,Knight Hall,2021-03-08T14:00:00,70.0,,,,,,,,0.048299999999999996,,41.311922,-105.581147,2021,3,8,14
West,Knight Hall,2021-03-08T15:00:00,70.0,,,,,,,,0.048299999999999996,,41.311922,-105.581147,2021,3,8,15
West,Knight Hall,2021-03-08T16:00:00,60.0,,,,,,,,0.0414,,41.311922,-105.581147,2021,3,8,16
West,Knight Hall,2021-03-08T17:00:00,50.0,,,,,,,,0.034499999999999996,,41.311922,-105.581147,2021,3,8,17
West,Knight Hall,2021-03-08T18:00:00,50.0,,,,,,,,0.034499999999999996,,41.311922,-105.581147,2021,3,8,18
West,Knight Hall,2021-03-08T19:00:00,30.0,,,,,,,,0.0207,,41.311922,-105.581147,2021,3,8,19
West,Knight Hall,2021-03-08T20:00:00,30.0,,,,,,,,0.0207,,41.311922,-105.581147,2021,3,8,20
West,Knight Hall,2021-03-08T21:00:00,30.0,,,,,,,,0.0207,,41.311922,-105.581147,2021,3,8,21
West,Knight Hall,2021-03-08T22:00:00,30.0,,,,,,,,0.0207,,41.311922,-105.581147,2021,3,8,22
West,Knight Hall,2021-03-08T23:00:00,30.0,,,,,,,,0.0207,,41.311922,-105.581147,2021,3,8,23
West,Knight Hall,2021-03-09T00:00:00,30.0,,,,,,,,0.0207,,41.311922,-105.581147,2021,3,9,0
West,Knight Hall,2021-03-09T01:00:00,30.0,,,,,,,,0.0207,,41.311922,-105.581147,2021,3,9,1
West,Knight Hall,2021-03-09T02:00:00,20.0,,,,,,,,0.0138,,41.311922,-105.581147,2021,3,9,2
West,Knight Hall,2021-03-09T03:00:00,30.0,,,,,,,,0.0207,,41.311922,-105.581147,2021,3,9,3
West,Knight Hall,2021-03-09T04:00:00,30.0,,,,,,,,0.0207,,41.311922,-105.581147,2021,3,9,4
West,Knight Hall,2021-03-09T05:00:00,30.0,,,,,,,,0.0207,,41.311922,-105.581147,2021,3,9,5
West,Knight Hall,2021-03-09T06:00:00,30.0,,,,,,,,0.0207,,41.311922,-105.581147,2021,3,9,6
West,Knight Hall,2021-03-09T07:00:00,40.0,,,,,,,,0.0276,,41.311922,-105.581147,2021,3,9,7
West,Knight Hall,2021-03-09T08:00:00,70.0,,,,,,,,0.048299999999999996,,41.311922,-105.581147,2021,3,9,8
West,Knight Hall,2021-03-09T09:00:00,70.0,,,,,,,,0.048299999999999996,,41.311922,-105.581147,2021,3,9,9
West,Knight Hall,2021-03-09T10:00:00,70.0,,,,,,,,0.048299999999999996,,41.311922,-105.581147,2021,3,9,10
West,Knight Hall,2021-03-09T11:00:00,70.0,,,,,,,,0.048299999999999996,,41.311922,-105.581147,2021,3,9,11
West,Knight Hall,2021-03-09T12:00:00,70.0,,,,,,,,0.048299999999999996,,41.311922,-105.581147,2021,3,9,12
West,Knight Hall,2021-03-09T13:00:00,70.0,,,,,,,,0.048299999999999996,,41.311922,-105.581147,2021,3,9,13
West,Knight Hall,2021-03-09T14:00:00,70.0,,,,,,,,0.048299999999999996,,41.311922,-105.581147,2021,3,9,14
West,Knight Hall,2021-03-09T15:00:00,70.0,,,,,,,,0.048299999999999996,,41.311922,-105.581147,2021,3,9,15
West,Knight Hall,2021-03-09T16:00:00,70.0,,,,,,,,0.048299999999999996,,41.311922,-105.581147,2021,3,9,16
West,Knight Hall,2021-03-09T17:00:00,50.0,,,,,,,,0.034499999999999996,,41.311922,-105.581147,2021,3,9,17
West,Knight Hall,2021-03-09T18:00:00,40.0,,,,,,,,0.0276,,41.311922,-105.581147,2021,3,9,18
West,Knight Hall,2021-03-09T19:00:00,30.0,,,,,,,,0.0207,,41.311922,-105.581147,2021,3,9,19
West,Knight Hall,2021-03-09T20:00:00,40.0,,,,,,,,0.0276,,41.311922,-105.581147,2021,3,9,20
West,Knight Hall,2021-03-09T21:00:00,30.0,,,,,,,,0.0207,,41.311922,-105.581147,2021,3,9,21
West,Knight Hall,2021-03-09T22:00:00,30.0,,,,,,,,0.0207,,41.311922,-105.581147,2021,3,9,22
West,Knight Hall,2021-03-09T23:00:00,30.0,,,,,,,,0.0207,,41.311922,-105.581147,2021,3,9,23
West,Knight Hall,2021-03-10T00:00:00,30.0,,,,,,,,0.0207,,41.311922,-105.581147,2021,3,10,0
West,Knight Hall,2021-03-10T01:00:00,30.0,,,,,,,,0.0207,,41.311922,-105.581147,2021,3,10,1
West,Knight Hall,2021-03-10T02:00:00,30.0,,,,,,,,0.0207,,41.311922,-105.581147,2021,3,10,2
West,Knight Hall,2021-03-10T03:00:00,30.0,,,,,,,,0.0207,,41.311922,-105.581147,2021,3,10,3
West,Knight Hall,2021-03-10T04:00:00,30.0,,,,,,,,0.0207,,41.311922,-105.581147,2021,3,10,4
West,Knight Hall,2021-03-10T05:00:00,30.0,,,,,,,,0.0207,,41.311922,-105.581147,2021,3,10,5
West,Knight Hall,2021-03-10T06:00:00,40.0,,,,,,,,0.0276,,41.311922,-105.581147,2021,3,10,6
West,Knight Hall,2021-03-10T07:00:00,40.0,,,,,,,,0.0276,,41.311922,-105.581147,2021,3,10,7
West,Knight Hall,2021-03-10T08:00:00,70.0,,,,,,,,0.048299999999999996,,41.311922,-105.581147,2021,3,10,8
West,Knight Hall,2021-03-10T09:00:00,70.0,,,,,,,,0.048299999999999996,,41.311922,-105.581147,2021,3,10,9
West,Knight Hall,2021-03-10T10:00:00,80.0,,,,,,,,0.0552,,41.311922,-105.581147,2021,3,10,10
West,Knight Hall,2021-03-10T11:00:00,70.0,,,,,,,,0.048299999999999996,,41.311922,-105.581147,2021,3,10,11
West,Knight Hall,2021-03-10T12:00:00,60.0,,,,,,,,0.0414,,41.311922,-105.581147,2021,3,10,12
West,Knight Hall,2021-03-10T13:00:00,70.0,,,,,,,,0.048299999999999996,,41.311922,-105.581147,2021,3,10,13
West,Knight Hall,2021-03-10T14:00:00,70.0,,,,,,,,0.048299999999999996,,41.311922,-105.581147,2021,3,10,14
West,Knight Hall,2021-03-10T15:00:00,70.0,,,,,,,,0.048299999999999996,,41.311922,-105.581147,2021,3,10,15
West,Knight Hall,2021-03-10T16:00:00,60.0,,,,,,,,0.0414,,41.311922,-105.581147,2021,3,10,16
West,Knight Hall,2021-03-10T17:00:00,50.0,,,,,,,,0.034499999999999996,,41.311922,-105.581147,2021,3,10,17
West,Knight Hall,2021-03-10T18:00:00,40.0,,,,,,,,0.0276,,41.311922,-105.581147,2021,3,10,18
West,Knight Hall,2021-03-10T19:00:00,40.0,,,,,,,,0.0276,,41.311922,-105.581147,2021,3,10,19
West,Knight Hall,2021-03-10T20:00:00,30.0,,,,,,,,0.0207,,41.311922,-105.581147,2021,3,10,20
West,Knight Hall,2021-03-10T21:00:00,30.0,,,,,,,,0.0207,,41.311922,-105.581147,2021,3,10,21
West,Knight Hall,2021-03-10T22:00:00,30.0,,,,,,,,0.0207,,41.311922,-105.581147,2021,3,10,22
West,Knight Hall,2021-03-10T23:00:00,20.0,,,,,,,,0.0138,,41.311922,-105.581147,2021,3,10,23
West,Knight Hall,2021-03-11T00:00:00,30.0,,,,,,,,0.0207,,41.311922,-105.581147,2021,3,11,0
West,Knight Hall,2021-03-11T01:00:00,30.0,,,,,,,,0.0207,,41.311922,-105.581147,2021,3,11,1
West,Knight Hall,2021-03-11T02:00:00,30.0,,,,,,,,0.0207,,41.311922,-105.581147,2021,3,11,2
West,Knight Hall,2021-03-11T03:00:00,20.0,,,,,,,,0.0138,,41.311922,-105.581147,2021,3,11,3
West,Knight Hall,2021-03-11T04:00:00,30.0,,,,,,,,0.0207,,41.311922,-105.581147,2021,3,11,4
West,Knight Hall,2021-03-11T05:00:00,30.0,,,,,,,,0.0207,,41.311922,-105.581147,2021,3,11,5
West,Knight Hall,2021-03-11T06:00:00,30.0,,,,,,,,0.0207,,41.311922,-105.581147,2021,3,11,6
West,Knight Hall,2021-03-11T07:00:00,50.0,,,,,,,,0.034499999999999996,,41.311922,-105.581147,2021,3,11,7
West,Knight Hall,2021-03-11T08:00:00,60.0,,,,,,,,0.0414,,41.311922,-105.581147,2021,3,11,8
West,Knight Hall,2021-03-11T09:00:00,70.0,,,,,,,,0.048299999999999996,,41.311922,-105.581147,2021,3,11,9
West,Knight Hall,2021-03-11T10:00:00,70.0,,,,,,,,0.048299999999999996,,41.311922,-105.581147,2021,3,11,10
West,Knight Hall,2021-03-11T11:00:00,70.0,,,,,,,,0.048299999999999996,,41.311922,-105.581147,2021,3,11,11
West,Knight Hall,2021-03-11T12:00:00,70.0,,,,,,,,0.048299999999999996,,41.311922,-105.581147,2021,3,11,12
West,Knight Hall,2021-03-11T13:00:00,70.0,,,,,,,,0.048299999999999996,,41.311922,-105.581147,2021,3,11,13
West,Knight Hall,2021-03-11T14:00:00,70.0,,,,,,,,0.048299999999999996,,41.311922,-105.581147,2021,3,11,14
West,Knight Hall,2021-03-11T15:00:00,70.0,,,,,,,,0.048299999999999996,,41.311922,-105.581147,2021,3,11,15
West,Knight Hall,2021-03-11T16:00:00,60.0,,,,,,,,0.0414,,41.311922,-105.581147,2021,3,11,16
West,Knight Hall,2021-03-11T17:00:00,40.0,,,,,,,,0.0276,,41.311922,-105.581147,2021,3,11,17
West,Knight Hall,2021-03-11T18:00:00,50.0,,,,,,,,0.034499999999999996,,41.311922,-105.581147,2021,3,11,18
West,Knight Hall,2021-03-11T19:00:00,30.0,,,,,,,,0.0207,,41.311922,-105.581147,2021,3,11,19
West,Knight Hall,2021-03-11T20:00:00,40.0,,,,,,,,0.0276,,41.311922,-105.581147,2021,3,11,20
West,Knight Hall,2021-03-11T21:00:00,30.0,,,,,,,,0.0207,,41.311922,-105.581147,2021,3,11,21
West,Knight Hall,2021-03-11T22:00:00,30.0,,,,,,,,0.0207,,41.311922,-105.581147,2021,3,11,22
West,Knight Hall,2021-03-11T23:00:00,30.0,,,,,,,,0.0207,,41.311922,-105.581147,2021,3,11,23
West,Knight Hall,2021-03-12T00:00:00,30.0,,,,,,,,0.0207,,41.311922,-105.581147,2021,3,12,0
West,Knight Hall,2021-03-12T01:00:00,30.0,,,,,,,,0.0207,,41.311922,-105.581147,2021,3,12,1
West,Knight Hall,2021-03-12T02:00:00,20.0,,,,,,,,0.0138,,41.311922,-105.581147,2021,3,12,2
West,Knight Hall,2021-03-12T03:00:00,30.0,,,,,,,,0.0207,,41.311922,-105.581147,2021,3,12,3
West,Knight Hall,2021-03-12T04:00:00,30.0,,,,,,,,0.0207,,41.311922,-105.581147,2021,3,12,4
West,Knight Hall,2021-03-12T05:00:00,40.0,,,,,,,,0.0276,,41.311922,-105.581147,2021,3,12,5
West,Knight Hall,2021-03-12T06:00:00,30.0,,,,,,,,0.0207,,41.311922,-105.581147,2021,3,12,6
West,Knight Hall,2021-03-12T07:00:00,40.0,,,,,,,,0.0276,,41.311922,-105.581147,2021,3,12,7
West,Knight Hall,2021-03-12T08:00:00,60.0,,,,,,,,0.0414,,41.311922,-105.581147,2021,3,12,8
West,Knight Hall,2021-03-12T09:00:00,70.0,,,,,,,,0.048299999999999996,,41.311922,-105.581147,2021,3,12,9
West,Knight Hall,2021-03-12T10:00:00,70.0,,,,,,,,0.048299999999999996,,41.311922,-105.581147,2021,3,12,10
West,Knight Hall,2021-03-12T11:00:00,70.0,,,,,,,,0.048299999999999996,,41.311922,-105.581147,2021,3,12,11
West,Knight Hall,2021-03-12T12:00:00,70.0,,,,,,,,0.048299999999999996,,41.311922,-105.581147,2021,3,12,12
West,Knight Hall,2021-03-12T13:00:00,60.0,,,,,,,,0.0414,,41.311922,-105.581147,2021,3,12,13
West,Knight Hall,2021-03-12T14:00:00,70.0,,,,,,,,0.048299999999999996,,41.311922,-105.581147,2021,3,12,14
West,Knight Hall,2021-03-12T15:00:00,60.0,,,,,,,,0.0414,,41.311922,-105.581147,2021,3,12,15
West,Knight Hall,2021-03-12T16:00:00,60.0,,,,,,,,0.0414,,41.311922,-105.581147,2021,3,12,16
West,Knight Hall,2021-03-12T17:00:00,50.0,,,,,,,,0.034499999999999996,,41.311922,-105.581147,2021,3,12,17
West,Knight Hall,2021-03-12T18:00:00,40.0,,,,,,,,0.0276,,41.311922,-105.581147,2021,3,12,18
West,Knight Hall,2021-03-12T19:00:00,30.0,,,,,,,,0.0207,,41.311922,-105.581147,2021,3,12,19
West,Knight Hall,2021-03-12T20:00:00,40.0,,,,,,,,0.0276,,41.311922,-105.581147,2021,3,12,20
West,Knight Hall,2021-03-12T21:00:00,30.0,,,,,,,,0.0207,,41.311922,-105.581147,2021,3,12,21
West,Knight Hall,2021-03-12T22:00:00,30.0,,,,,,,,0.0207,,41.311922,-105.581147,2021,3,12,22
West,Knight Hall,2021-03-12T23:00:00,30.0,,,,,,,,0.0207,,41.311922,-105.581147,2021,3,12,23
West,Knight Hall,2021-03-13T00:00:00,20.0,,,,,,,,0.0138,,41.311922,-105.581147,2021,3,13,0
West,Knight Hall,2021-03-13T01:00:00,30.0,,,,,,,,0.0207,,41.311922,-105.581147,2021,3,13,1
West,Knight Hall,2021-03-13T02:00:00,30.0,,,,,,,,0.0207,,41.311922,-105.581147,2021,3,13,2
West,Knight Hall,2021-03-13T03:00:00,20.0,,,,,,,,0.0138,,41.311922,-105.581147,2021,3,13,3
West,Knight Hall,2021-03-13T04:00:00,30.0,,,,,,,,0.0207,,41.311922,-105.581147,2021,3,13,4
West,Knight Hall,2021-03-13T05:00:00,30.0,,,,,,,,0.0207,,41.311922,-105.581147,2021,3,13,5
West,Knight Hall,2021-03-13T06:00:00,30.0,,,,,,,,0.0207,,41.311922,-105.581147,2021,3,13,6
West,Knight Hall,2021-03-13T07:00:00,20.0,,,,,,,,0.0138,,41.311922,-105.581147,2021,3,13,7
West,Knight Hall,2021-03-13T08:00:00,30.0,,,,,,,,0.0207,,41.311922,-105.581147,2021,3,13,8
West,Knight Hall,2021-03-13T09:00:00,40.0,,,,,,,,0.0276,,41.311922,-105.581147,2021,3,13,9
West,Knight Hall,2021-03-13T10:00:00,30.0,,,,,,,,0.0207,,41.311922,-105.581147,2021,3,13,10
West,Knight Hall,2021-03-13T11:00:00,40.0,,,,,,,,0.0276,,41.311922,-105.581147,2021,3,13,11
West,Knight Hall,2021-03-13T12:00:00,30.0,,,,,,,,0.0207,,41.311922,-105.581147,2021,3,13,12
West,Knight Hall,2021-03-13T13:00:00,30.0,,,,,,,,0.0207,,41.311922,-105.581147,2021,3,13,13
West,Knight Hall,2021-03-13T14:00:00,40.0,,,,,,,,0.0276,,41.311922,-105.581147,2021,3,13,14
West,Knight Hall,2021-03-13T15:00:00,30.0,,,,,,,,0.0207,,41.311922,-105.581147,2021,3,13,15
West,Knight Hall,2021-03-13T16:00:00,30.0,,,,,,,,0.0207,,41.311922,-105.581147,2021,3,13,16
West,Knight Hall,2021-03-13T17:00:00,30.0,,,,,,,,0.0207,,41.311922,-105.581147,2021,3,13,17
West,Knight Hall,2021-03-13T18:00:00,30.0,,,,,,,,0.0207,,41.311922,-105.581147,2021,3,13,18
West,Knight Hall,2021-03-13T19:00:00,30.0,,,,,,,,0.0207,,41.311922,-105.581147,2021,3,13,19
West,Knight Hall,2021-03-13T20:00:00,30.0,,,,,,,,0.0207,,41.311922,-105.581147,2021,3,13,20
West,Knight Hall,2021-03-13T21:00:00,30.0,,,,,,,,0.0207,,41.311922,-105.581147,2021,3,13,21
West,Knight Hall,2021-03-13T22:00:00,30.0,,,,,,,,0.0207,,41.311922,-105.581147,2021,3,13,22
West,Knight Hall,2021-03-13T23:00:00,30.0,,,,,,,,0.0207,,41.311922,-105.581147,2021,3,13,23
West,Knight Hall,2021-03-14T00:00:00,30.0,,,,,,,,0.0207,,41.311922,-105.581147,2021,3,14,0
West,Knight Hall,2021-03-14T01:00:00,30.0,,,,,,,,0.0207,,41.311922,-105.581147,2021,3,14,1
West,Knight Hall,2021-03-14T02:00:00,,,,,,,,,,,41.311922,-105.581147,2021,3,14,2
West,Knight Hall,2021-03-14T03:00:00,30.0,,,,,,,,0.0207,,41.311922,-105.581147,2021,3,14,3
West,Knight Hall,2021-03-14T04:00:00,40.0,,,,,,,,0.0276,,41.311922,-105.581147,2021,3,14,4
West,Knight Hall,2021-03-14T05:00:00,30.0,,,,,,,,0.0207,,41.311922,-105.581147,2021,3,14,5
West,Knight Hall,2021-03-14T06:00:00,30.0,,,,,,,,0.0207,,41.311922,-105.581147,2021,3,14,6
West,Knight Hall,2021-03-14T07:00:00,30.0,,,,,,,,0.0207,,41.311922,-105.581147,2021,3,14,7
West,Knight Hall,2021-03-14T08:00:00,30.0,,,,,,,,0.0207,,41.311922,-105.581147,2021,3,14,8
West,Knight Hall,2021-03-14T09:00:00,30.0,,,,,,,,0.0207,,41.311922,-105.581147,2021,3,14,9
West,Knight Hall,2021-03-14T10:00:00,40.0,,,,,,,,0.0276,,41.311922,-105.581147,2021,3,14,10
West,Knight Hall,2021-03-14T11:00:00,30.0,,,,,,,,0.0207,,41.311922,-105.581147,2021,3,14,11
West,Knight Hall,2021-03-14T12:00:00,30.0,,,,,,,,0.0207,,41.311922,-105.581147,2021,3,14,12
West,Knight Hall,2021-03-14T13:00:00,40.0,,,,,,,,0.0276,,41.311922,-105.581147,2021,3,14,13
West,Knight Hall,2021-03-14T14:00:00,30.0,,,,,,,,0.0207,,41.311922,-105.581147,2021,3,14,14
West,Knight Hall,2021-03-14T15:00:00,30.0,,,,,,,,0.0207,,41.311922,-105.581147,2021,3,14,15
West,Knight Hall,2021-03-14T16:00:00,30.0,,,,,,,,0.0207,,41.311922,-105.581147,2021,3,14,16
West,Knight Hall,2021-03-14T17:00:00,40.0,,,,,,,,0.0276,,41.311922,-105.581147,2021,3,14,17
West,Knight Hall,2021-03-14T18:00:00,30.0,,,,,,,,0.0207,,41.311922,-105.581147,2021,3,14,18
West,Knight Hall,2021-03-14T19:00:00,30.0,,,,,,,,0.0207,,41.311922,-105.581147,2021,3,14,19
West,Knight Hall,2021-03-14T20:00:00,30.0,,,,,,,,0.0207,,41.311922,-105.581147,2021,3,14,20
West,Knight Hall,2021-03-14T21:00:00,30.0,,,,,,,,0.0207,,41.311922,-105.581147,2021,3,14,21
West,Knight Hall,2021-03-14T22:00:00,30.0,,,,,,,,0.0207,,41.311922,-105.581147,2021,3,14,22
West,Knight Hall,2021-03-14T23:00:00,30.0,,,,,,,,0.0207,,41.311922,-105.581147,2021,3,14,23
West,Knight Hall,2021-03-15T00:00:00,30.0,,,,,,,,0.0207,,41.311922,-105.581147,2021,3,15,0
West,Knight Hall,2021-03-15T01:00:00,30.0,,,,,,,,0.0207,,41.311922,-105.581147,2021,3,15,1
West,Knight Hall,2021-03-15T02:00:00,30.0,,,,,,,,0.0207,,41.311922,-105.581147,2021,3,15,2
West,Knight Hall,2021-03-15T03:00:00,20.0,,,,,,,,0.0138,,41.311922,-105.581147,2021,3,15,3
West,Knight Hall,2021-03-15T04:00:00,30.0,,,,,,,,0.0207,,41.311922,-105.581147,2021,3,15,4
West,Knight Hall,2021-03-15T05:00:00,30.0,,,,,,,,0.0207,,41.311922,-105.581147,2021,3,15,5
West,Knight Hall,2021-03-15T06:00:00,40.0,,,,,,,,0.0276,,41.311922,-105.581147,2021,3,15,6
West,Knight Hall,2021-03-15T07:00:00,30.0,,,,,,,,0.0207,,41.311922,-105.581147,2021,3,15,7
West,Knight Hall,2021-03-15T08:00:00,30.0,,,,,,,,0.0207,,41.311922,-105.581147,2021,3,15,8
West,Knight Hall,2021-03-15T09:00:00,30.0,,,,,,,,0.0207,,41.311922,-105.581147,2021,3,15,9
West,Knight Hall,2021-03-15T10:00:00,40.0,,,,,,,,0.0276,,41.311922,-105.581147,2021,3,15,10
West,Knight Hall,2021-03-15T11:00:00,40.0,,,,,,,,0.0276,,41.311922,-105.581147,2021,3,15,11
West,Knight Hall,2021-03-15T12:00:00,40.0,,,,,,,,0.0276,,41.311922,-105.581147,2021,3,15,12
West,Knight Hall,2021-03-15T13:00:00,30.0,,,,,,,,0.0207,,41.311922,-105.581147,2021,3,15,13
West,Knight Hall,2021-03-15T14:00:00,40.0,,,,,,,,0.0276,,41.311922,-105.581147,2021,3,15,14
West,Knight Hall,2021-03-15T15:00:00,30.0,,,,,,,,0.0207,,41.311922,-105.581147,2021,3,15,15
West,Knight Hall,2021-03-15T16:00:00,40.0,,,,,,,,0.0276,,41.311922,-105.581147,2021,3,15,16
West,Knight Hall,2021-03-15T17:00:00,30.0,,,,,,,,0.0207,,41.311922,-105.581147,2021,3,15,17
West,Knight Hall,2021-03-15T18:00:00,40.0,,,,,,,,0.0276,,41.311922,-105.581147,2021,3,15,18
West,Knight Hall,2021-03-15T19:00:00,30.0,,,,,,,,0.0207,,41.311922,-105.581147,2021,3,15,19
West,Knight Hall,2021-03-15T20:00:00,30.0,,,,,,,,0.0207,,41.311922,-105.581147,2021,3,15,20
West,Knight Hall,2021-03-15T21:00:00,20.0,,,,,,,,0.0138,,41.311922,-105.581147,2021,3,15,21
West,Knight Hall,2021-03-15T22:00:00,30.0,,,,,,,,0.0207,,41.311922,-105.581147,2021,3,15,22
West,Knight Hall,2021-03-15T23:00:00,30.0,,,,,,,,0.0207,,41.311922,-105.581147,2021,3,15,23
West,Knight Hall,2021-03-16T00:00:00,30.0,,,,,,,,0.0207,,41.311922,-105.581147,2021,3,16,0
West,Knight Hall,2021-03-16T01:00:00,30.0,,,,,,,,0.0207,,41.311922,-105.581147,2021,3,16,1
West,Knight Hall,2021-03-16T02:00:00,30.0,,,,,,,,0.0207,,41.311922,-105.581147,2021,3,16,2
West,Knight Hall,2021-03-16T03:00:00,30.0,,,,,,,,0.0207,,41.311922,-105.581147,2021,3,16,3
West,Knight Hall,2021-03-16T04:00:00,30.0,,,,,,,,0.0207,,41.311922,-105.581147,2021,3,16,4
West,Knight Hall,2021-03-16T05:00:00,30.0,,,,,,,,0.0207,,41.311922,-105.581147,2021,3,16,5
West,Knight Hall,2021-03-16T06:00:00,40.0,,,,,,,,0.0276,,41.311922,-105.581147,2021,3,16,6
West,Knight Hall,2021-03-16T07:00:00,40.0,,,,,,,,0.0276,,41.311922,-105.581147,2021,3,16,7
West,Knight Hall,2021-03-16T08:00:00,60.0,,,,,,,,0.0414,,41.311922,-105.581147,2021,3,16,8
West,Knight Hall,2021-03-16T09:00:00,70.0,,,,,,,,0.048299999999999996,,41.311922,-105.581147,2021,3,16,9
West,Knight Hall,2021-03-16T10:00:00,70.0,,,,,,,,0.048299999999999996,,41.311922,-105.581147,2021,3,16,10
West,Knight Hall,2021-03-16T11:00:00,70.0,,,,,,,,0.048299999999999996,,41.311922,-105.581147,2021,3,16,11
West,Knight Hall,2021-03-16T12:00:00,60.0,,,,,,,,0.0414,,41.311922,-105.581147,2021,3,16,12
West,Knight Hall,2021-03-16T13:00:00,70.0,,,,,,,,0.048299999999999996,,41.311922,-105.581147,2021,3,16,13
West,Knight Hall,2021-03-16T14:00:00,60.0,,,,,,,,0.0414,,41.311922,-105.581147,2021,3,16,14
West,Knight Hall,2021-03-16T15:00:00,60.0,,,,,,,,0.0414,,41.311922,-105.581147,2021,3,16,15
West,Knight Hall,2021-03-16T16:00:00,70.0,,,,,,,,0.048299999999999996,,41.311922,-105.581147,2021,3,16,16
West,Knight Hall,2021-03-16T17:00:00,40.0,,,,,,,,0.0276,,41.311922,-105.581147,2021,3,16,17
West,Knight Hall,2021-03-16T18:00:00,40.0,,,,,,,,0.0276,,41.311922,-105.581147,2021,3,16,18
West,Knight Hall,2021-03-16T19:00:00,40.0,,,,,,,,0.0276,,41.311922,-105.581147,2021,3,16,19
West,Knight Hall,2021-03-16T20:00:00,40.0,,,,,,,,0.0276,,41.311922,-105.581147,2021,3,16,20
West,Knight Hall,2021-03-16T21:00:00,30.0,,,,,,,,0.0207,,41.311922,-105.581147,2021,3,16,21
West,Knight Hall,2021-03-16T22:00:00,30.0,,,,,,,,0.0207,,41.311922,-105.581147,2021,3,16,22
West,Knight Hall,2021-03-16T23:00:00,30.0,,,,,,,,0.0207,,41.311922,-105.581147,2021,3,16,23
West,Knight Hall,2021-03-17T00:00:00,30.0,,,,,,,,0.0207,,41.311922,-105.581147,2021,3,17,0
West,Knight Hall,2021-03-17T01:00:00,30.0,,,,,,,,0.0207,,41.311922,-105.581147,2021,3,17,1
West,Knight Hall,2021-03-17T02:00:00,30.0,,,,,,,,0.0207,,41.311922,-105.581147,2021,3,17,2
West,Knight Hall,2021-03-17T03:00:00,30.0,,,,,,,,0.0207,,41.311922,-105.581147,2021,3,17,3
West,Knight Hall,2021-03-17T04:00:00,30.0,,,,,,,,0.0207,,41.311922,-105.581147,2021,3,17,4
West,Knight Hall,2021-03-17T05:00:00,30.0,,,,,,,,0.0207,,41.311922,-105.581147,2021,3,17,5
West,Knight Hall,2021-03-17T06:00:00,40.0,,,,,,,,0.0276,,41.311922,-105.581147,2021,3,17,6
West,Knight Hall,2021-03-17T07:00:00,40.0,,,,,,,,0.0276,,41.311922,-105.581147,2021,3,17,7
West,Knight Hall,2021-03-17T08:00:00,60.0,,,,,,,,0.0414,,41.311922,-105.581147,2021,3,17,8
West,Knight Hall,2021-03-17T09:00:00,70.0,,,,,,,,0.048299999999999996,,41.311922,-105.581147,2021,3,17,9
West,Knight Hall,2021-03-17T10:00:00,70.0,,,,,,,,0.048299999999999996,,41.311922,-105.581147,2021,3,17,10
West,Knight Hall,2021-03-17T11:00:00,60.0,,,,,,,,0.0414,,41.311922,-105.581147,2021,3,17,11
West,Knight Hall,2021-03-17T12:00:00,70.0,,,,,,,,0.048299999999999996,,41.311922,-105.581147,2021,3,17,12
West,Knight Hall,2021-03-17T13:00:00,70.0,,,,,,,,0.048299999999999996,,41.311922,-105.581147,2021,3,17,13
West,Knight Hall,2021-03-17T14:00:00,60.0,,,,,,,,0.0414,,41.311922,-105.581147,2021,3,17,14
West,Knight Hall,2021-03-17T15:00:00,70.0,,,,,,,,0.048299999999999996,,41.311922,-105.581147,2021,3,17,15
West,Knight Hall,2021-03-17T16:00:00,60.0,,,,,,,,0.0414,,41.311922,-105.581147,2021,3,17,16
West,Knight Hall,2021-03-17T17:00:00,50.0,,,,,,,,0.034499999999999996,,41.311922,-105.581147,2021,3,17,17
West,Knight Hall,2021-03-17T18:00:00,50.0,,,,,,,,0.034499999999999996,,41.311922,-105.581147,2021,3,17,18
West,Knight Hall,2021-03-17T19:00:00,30.0,,,,,,,,0.0207,,41.311922,-105.581147,2021,3,17,19
West,Knight Hall,2021-03-17T20:00:00,30.0,,,,,,,,0.0207,,41.311922,-105.581147,2021,3,17,20
West,Knight Hall,2021-03-17T21:00:00,40.0,,,,,,,,0.0276,,41.311922,-105.581147,2021,3,17,21
West,Knight Hall,2021-03-17T22:00:00,20.0,,,,,,,,0.0138,,41.311922,-105.581147,2021,3,17,22
West,Knight Hall,2021-03-17T23:00:00,30.0,,,,,,,,0.0207,,41.311922,-105.581147,2021,3,17,23
West,Knight Hall,2021-03-18T00:00:00,30.0,,,,,,,,0.0207,,41.311922,-105.581147,2021,3,18,0
West,Knight Hall,2021-03-18T01:00:00,30.0,,,,,,,,0.0207,,41.311922,-105.581147,2021,3,18,1
West,Knight Hall,2021-03-18T02:00:00,20.0,,,,,,,,0.0138,,41.311922,-105.581147,2021,3,18,2
West,Knight Hall,2021-03-18T03:00:00,30.0,,,,,,,,0.0207,,41.311922,-105.581147,2021,3,18,3
West,Knight Hall,2021-03-18T04:00:00,30.0,,,,,,,,0.0207,,41.311922,-105.581147,2021,3,18,4
West,Knight Hall,2021-03-18T05:00:00,30.0,,,,,,,,0.0207,,41.311922,-105.581147,2021,3,18,5
West,Knight Hall,2021-03-18T06:00:00,30.0,,,,,,,,0.0207,,41.311922,-105.581147,2021,3,18,6
West,Knight Hall,2021-03-18T07:00:00,40.0,,,,,,,,0.0276,,41.311922,-105.581147,2021,3,18,7
West,Knight Hall,2021-03-18T08:00:00,70.0,,,,,,,,0.048299999999999996,,41.311922,-105.581147,2021,3,18,8
West,Knight Hall,2021-03-18T09:00:00,60.0,,,,,,,,0.0414,,41.311922,-105.581147,2021,3,18,9
West,Knight Hall,2021-03-18T10:00:00,70.0,,,,,,,,0.048299999999999996,,41.311922,-105.581147,2021,3,18,10
West,Knight Hall,2021-03-18T11:00:00,60.0,,,,,,,,0.0414,,41.311922,-105.581147,2021,3,18,11
West,Knight Hall,2021-03-18T12:00:00,70.0,,,,,,,,0.048299999999999996,,41.311922,-105.581147,2021,3,18,12
West,Knight Hall,2021-03-18T13:00:00,70.0,,,,,,,,0.048299999999999996,,41.311922,-105.581147,2021,3,18,13
West,Knight Hall,2021-03-18T14:00:00,60.0,,,,,,,,0.0414,,41.311922,-105.581147,2021,3,18,14
West,Knight Hall,2021-03-18T15:00:00,70.0,,,,,,,,0.048299999999999996,,41.311922,-105.581147,2021,3,18,15
West,Knight Hall,2021-03-18T16:00:00,60.0,,,,,,,,0.0414,,41.311922,-105.581147,2021,3,18,16
West,Knight Hall,2021-03-18T17:00:00,50.0,,,,,,,,0.034499999999999996,,41.311922,-105.581147,2021,3,18,17
West,Knight Hall,2021-03-18T18:00:00,40.0,,,,,,,,0.0276,,41.311922,-105.581147,2021,3,18,18
West,Knight Hall,2021-03-18T19:00:00,40.0,,,,,,,,0.0276,,41.311922,-105.581147,2021,3,18,19
West,Knight Hall,2021-03-18T20:00:00,30.0,,,,,,,,0.0207,,41.311922,-105.581147,2021,3,18,20
West,Knight Hall,2021-03-18T21:00:00,40.0,,,,,,,,0.0276,,41.311922,-105.581147,2021,3,18,21
West,Knight Hall,2021-03-18T22:00:00,30.0,,,,,,,,0.0207,,41.311922,-105.581147,2021,3,18,22
West,Knight Hall,2021-03-18T23:00:00,30.0,,,,,,,,0.0207,,41.311922,-105.581147,2021,3,18,23
West,Knight Hall,2021-03-19T00:00:00,20.0,,,,,,,,0.0138,,41.311922,-105.581147,2021,3,19,0
West,Knight Hall,2021-03-19T01:00:00,30.0,,,,,,,,0.0207,,41.311922,-105.581147,2021,3,19,1
West,Knight Hall,2021-03-19T02:00:00,30.0,,,,,,,,0.0207,,41.311922,-105.581147,2021,3,19,2
West,Knight Hall,2021-03-19T03:00:00,30.0,,,,,,,,0.0207,,41.311922,-105.581147,2021,3,19,3
West,Knight Hall,2021-03-19T04:00:00,30.0,,,,,,,,0.0207,,41.311922,-105.581147,2021,3,19,4
West,Knight Hall,2021-03-19T05:00:00,30.0,,,,,,,,0.0207,,41.311922,-105.581147,2021,3,19,5
West,Knight Hall,2021-03-19T06:00:00,30.0,,,,,,,,0.0207,,41.311922,-105.581147,2021,3,19,6
West,Knight Hall,2021-03-19T07:00:00,40.0,,,,,,,,0.0276,,41.311922,-105.581147,2021,3,19,7
West,Knight Hall,2021-03-19T08:00:00,60.0,,,,,,,,0.0414,,41.311922,-105.581147,2021,3,19,8
West,Knight Hall,2021-03-19T09:00:00,70.0,,,,,,,,0.048299999999999996,,41.311922,-105.581147,2021,3,19,9
West,Knight Hall,2021-03-19T10:00:00,60.0,,,,,,,,0.0414,,41.311922,-105.581147,2021,3,19,10
West,Knight Hall,2021-03-19T11:00:00,70.0,,,,,,,,0.048299999999999996,,41.311922,-105.581147,2021,3,19,11
West,Knight Hall,2021-03-19T12:00:00,70.0,,,,,,,,0.048299999999999996,,41.311922,-105.581147,2021,3,19,12
West,Knight Hall,2021-03-19T13:00:00,70.0,,,,,,,,0.048299999999999996,,41.311922,-105.581147,2021,3,19,13
West,Knight Hall,2021-03-19T14:00:00,70.0,,,,,,,,0.048299999999999996,,41.311922,-105.581147,2021,3,19,14
West,Knight Hall,2021-03-19T15:00:00,60.0,,,,,,,,0.0414,,41.311922,-105.581147,2021,3,19,15
West,Knight Hall,2021-03-19T16:00:00,70.0,,,,,,,,0.048299999999999996,,41.311922,-105.581147,2021,3,19,16
West,Knight Hall,2021-03-19T17:00:00,50.0,,,,,,,,0.034499999999999996,,41.311922,-105.581147,2021,3,19,17
West,Knight Hall,2021-03-19T18:00:00,40.0,,,,,,,,0.0276,,41.311922,-105.581147,2021,3,19,18
West,Knight Hall,2021-03-19T19:00:00,30.0,,,,,,,,0.0207,,41.311922,-105.581147,2021,3,19,19
West,Knight Hall,2021-03-19T20:00:00,30.0,,,,,,,,0.0207,,41.311922,-105.581147,2021,3,19,20
West,Knight Hall,2021-03-19T21:00:00,30.0,,,,,,,,0.0207,,41.311922,-105.581147,2021,3,19,21
West,Knight Hall,2021-03-19T22:00:00,40.0,,,,,,,,0.0276,,41.311922,-105.581147,2021,3,19,22
West,Knight Hall,2021-03-19T23:00:00,20.0,,,,,,,,0.0138,,41.311922,-105.581147,2021,3,19,23
West,Knight Hall,2021-03-20T00:00:00,30.0,,,,,,,,0.0207,,41.311922,-105.581147,2021,3,20,0
West,Knight Hall,2021-03-20T01:00:00,30.0,,,,,,,,0.0207,,41.311922,-105.581147,2021,3,20,1
West,Knight Hall,2021-03-20T02:00:00,30.0,,,,,,,,0.0207,,41.311922,-105.581147,2021,3,20,2
West,Knight Hall,2021-03-20T03:00:00,20.0,,,,,,,,0.0138,,41.311922,-105.581147,2021,3,20,3
West,Knight Hall,2021-03-20T04:00:00,30.0,,,,,,,,0.0207,,41.311922,-105.581147,2021,3,20,4
West,Knight Hall,2021-03-20T05:00:00,30.0,,,,,,,,0.0207,,41.311922,-105.581147,2021,3,20,5
West,Knight Hall,2021-03-20T06:00:00,30.0,,,,,,,,0.0207,,41.311922,-105.581147,2021,3,20,6
West,Knight Hall,2021-03-20T07:00:00,30.0,,,,,,,,0.0207,,41.311922,-105.581147,2021,3,20,7
West,Knight Hall,2021-03-20T08:00:00,30.0,,,,,,,,0.0207,,41.311922,-105.581147,2021,3,20,8
West,Knight Hall,2021-03-20T09:00:00,40.0,,,,,,,,0.0276,,41.311922,-105.581147,2021,3,20,9
West,Knight Hall,2021-03-20T10:00:00,30.0,,,,,,,,0.0207,,41.311922,-105.581147,2021,3,20,10
West,Knight Hall,2021-03-20T11:00:00,30.0,,,,,,,,0.0207,,41.311922,-105.581147,2021,3,20,11
West,Knight Hall,2021-03-20T12:00:00,30.0,,,,,,,,0.0207,,41.311922,-105.581147,2021,3,20,12
West,Knight Hall,2021-03-20T13:00:00,40.0,,,,,,,,0.0276,,41.311922,-105.581147,2021,3,20,13
West,Knight Hall,2021-03-20T14:00:00,30.0,,,,,,,,0.0207,,41.311922,-105.581147,2021,3,20,14
West,Knight Hall,2021-03-20T15:00:00,30.0,,,,,,,,0.0207,,41.311922,-105.581147,2021,3,20,15
West,Knight Hall,2021-03-20T16:00:00,30.0,,,,,,,,0.0207,,41.311922,-105.581147,2021,3,20,16
West,Knight Hall,2021-03-20T17:00:00,20.0,,,,,,,,0.0138,,41.311922,-105.581147,2021,3,20,17
West,Knight Hall,2021-03-20T18:00:00,30.0,,,,,,,,0.0207,,41.311922,-105.581147,2021,3,20,18
West,Knight Hall,2021-03-20T19:00:00,30.0,,,,,,,,0.0207,,41.311922,-105.581147,2021,3,20,19
West,Knight Hall,2021-03-20T20:00:00,30.0,,,,,,,,0.0207,,41.311922,-105.581147,2021,3,20,20
West,Knight Hall,2021-03-20T21:00:00,20.0,,,,,,,,0.0138,,41.311922,-105.581147,2021,3,20,21
West,Knight Hall,2021-03-20T22:00:00,30.0,,,,,,,,0.0207,,41.311922,-105.581147,2021,3,20,22
West,Knight Hall,2021-03-20T23:00:00,30.0,,,,,,,,0.0207,,41.311922,-105.581147,2021,3,20,23
West,Knight Hall,2021-03-21T00:00:00,30.0,,,,,,,,0.0207,,41.311922,-105.581147,2021,3,21,0
West,Knight Hall,2021-03-21T01:00:00,20.0,,,,,,,,0.0138,,41.311922,-105.581147,2021,3,21,1
West,Knight Hall,2021-03-21T02:00:00,30.0,,,,,,,,0.0207,,41.311922,-105.581147,2021,3,21,2
West,Knight Hall,2021-03-21T03:00:00,30.0,,,,,,,,0.0207,,41.311922,-105.581147,2021,3,21,3
West,Knight Hall,2021-03-21T04:00:00,30.0,,,,,,,,0.0207,,41.311922,-105.581147,2021,3,21,4
West,Knight Hall,2021-03-21T05:00:00,30.0,,,,,,,,0.0207,,41.311922,-105.581147,2021,3,21,5
West,Knight Hall,2021-03-21T06:00:00,20.0,,,,,,,,0.0138,,41.311922,-105.581147,2021,3,21,6
West,Knight Hall,2021-03-21T07:00:00,30.0,,,,,,,,0.0207,,41.311922,-105.581147,2021,3,21,7
West,Knight Hall,2021-03-21T08:00:00,30.0,,,,,,,,0.0207,,41.311922,-105.581147,2021,3,21,8
West,Knight Hall,2021-03-21T09:00:00,30.0,,,,,,,,0.0207,,41.311922,-105.581147,2021,3,21,9
West,Knight Hall,2021-03-21T10:00:00,30.0,,,,,,,,0.0207,,41.311922,-105.581147,2021,3,21,10
West,Knight Hall,2021-03-21T11:00:00,30.0,,,,,,,,0.0207,,41.311922,-105.581147,2021,3,21,11
West,Knight Hall,2021-03-21T12:00:00,40.0,,,,,,,,0.0276,,41.311922,-105.581147,2021,3,21,12
West,Knight Hall,2021-03-21T13:00:00,30.0,,,,,,,,0.0207,,41.311922,-105.581147,2021,3,21,13
West,Knight Hall,2021-03-21T14:00:00,30.0,,,,,,,,0.0207,,41.311922,-105.581147,2021,3,21,14
West,Knight Hall,2021-03-21T15:00:00,30.0,,,,,,,,0.0207,,41.311922,-105.581147,2021,3,21,15
West,Knight Hall,2021-03-21T16:00:00,30.0,,,,,,,,0.0207,,41.311922,-105.581147,2021,3,21,16
West,Knight Hall,2021-03-21T17:00:00,30.0,,,,,,,,0.0207,,41.311922,-105.581147,2021,3,21,17
West,Knight Hall,2021-03-21T18:00:00,30.0,,,,,,,,0.0207,,41.311922,-105.581147,2021,3,21,18
West,Knight Hall,2021-03-21T19:00:00,30.0,,,,,,,,0.0207,,41.311922,-105.581147,2021,3,21,19
West,Knight Hall,2021-03-21T20:00:00,30.0,,,,,,,,0.0207,,41.311922,-105.581147,2021,3,21,20
West,Knight Hall,2021-03-21T21:00:00,20.0,,,,,,,,0.0138,,41.311922,-105.581147,2021,3,21,21
West,Knight Hall,2021-03-21T22:00:00,30.0,,,,,,,,0.0207,,41.311922,-105.581147,2021,3,21,22
West,Knight Hall,2021-03-21T23:00:00,30.0,,,,,,,,0.0207,,41.311922,-105.581147,2021,3,21,23
West,Knight Hall,2021-03-22T00:00:00,30.0,,,,,,,,0.0207,,41.311922,-105.581147,2021,3,22,0
West,Knight Hall,2021-03-22T01:00:00,30.0,,,,,,,,0.0207,,41.311922,-105.581147,2021,3,22,1
West,Knight Hall,2021-03-22T02:00:00,30.0,,,,,,,,0.0207,,41.311922,-105.581147,2021,3,22,2
West,Knight Hall,2021-03-22T03:00:00,20.0,,,,,,,,0.0138,,41.311922,-105.581147,2021,3,22,3
West,Knight Hall,2021-03-22T04:00:00,40.0,,,,,,,,0.0276,,41.311922,-105.581147,2021,3,22,4
West,Knight Hall,2021-03-22T05:00:00,30.0,,,,,,,,0.0207,,41.311922,-105.581147,2021,3,22,5
West,Knight Hall,2021-03-22T06:00:00,30.0,,,,,,,,0.0207,,41.311922,-105.581147,2021,3,22,6
West,Knight Hall,2021-03-22T07:00:00,40.0,,,,,,,,0.0276,,41.311922,-105.581147,2021,3,22,7
West,Knight Hall,2021-03-22T08:00:00,70.0,,,,,,,,0.048299999999999996,,41.311922,-105.581147,2021,3,22,8
West,Knight Hall,2021-03-22T09:00:00,70.0,,,,,,,,0.048299999999999996,,41.311922,-105.581147,2021,3,22,9
West,Knight Hall,2021-03-22T10:00:00,70.0,,,,,,,,0.048299999999999996,,41.311922,-105.581147,2021,3,22,10
West,Knight Hall,2021-03-22T11:00:00,70.0,,,,,,,,0.048299999999999996,,41.311922,-105.581147,2021,3,22,11
West,Knight Hall,2021-03-22T12:00:00,60.0,,,,,,,,0.0414,,41.311922,-105.581147,2021,3,22,12
West,Knight Hall,2021-03-22T13:00:00,70.0,,,,,,,,0.048299999999999996,,41.311922,-105.581147,2021,3,22,13
West,Knight Hall,2021-03-22T14:00:00,70.0,,,,,,,,0.048299999999999996,,41.311922,-105.581147,2021,3,22,14
West,Knight Hall,2021-03-22T15:00:00,70.0,,,,,,,,0.048299999999999996,,41.311922,-105.581147,2021,3,22,15
West,Knight Hall,2021-03-22T16:00:00,70.0,,,,,,,,0.048299999999999996,,41.311922,-105.581147,2021,3,22,16
West,Knight Hall,2021-03-22T17:00:00,50.0,,,,,,,,0.034499999999999996,,41.311922,-105.581147,2021,3,22,17
West,Knight Hall,2021-03-22T18:00:00,40.0,,,,,,,,0.0276,,41.311922,-105.581147,2021,3,22,18
West,Knight Hall,2021-03-22T19:00:00,40.0,,,,,,,,0.0276,,41.311922,-105.581147,2021,3,22,19
West,Knight Hall,2021-03-22T20:00:00,30.0,,,,,,,,0.0207,,41.311922,-105.581147,2021,3,22,20
West,Knight Hall,2021-03-22T21:00:00,30.0,,,,,,,,0.0207,,41.311922,-105.581147,2021,3,22,21
West,Knight Hall,2021-03-22T22:00:00,30.0,,,,,,,,0.0207,,41.311922,-105.581147,2021,3,22,22
West,Knight Hall,2021-03-22T23:00:00,30.0,,,,,,,,0.0207,,41.311922,-105.581147,2021,3,22,23
West,Knight Hall,2021-03-23T00:00:00,30.0,,,,,,,,0.0207,,41.311922,-105.581147,2021,3,23,0
West,Knight Hall,2021-03-23T01:00:00,30.0,,,,,,,,0.0207,,41.311922,-105.581147,2021,3,23,1
West,Knight Hall,2021-03-23T02:00:00,30.0,,,,,,,,0.0207,,41.311922,-105.581147,2021,3,23,2
West,Knight Hall,2021-03-23T03:00:00,20.0,,,,,,,,0.0138,,41.311922,-105.581147,2021,3,23,3
West,Knight Hall,2021-03-23T04:00:00,40.0,,,,,,,,0.0276,,41.311922,-105.581147,2021,3,23,4
West,Knight Hall,2021-03-23T05:00:00,30.0,,,,,,,,0.0207,,41.311922,-105.581147,2021,3,23,5
West,Knight Hall,2021-03-23T06:00:00,30.0,,,,,,,,0.0207,,41.311922,-105.581147,2021,3,23,6
West,Knight Hall,2021-03-23T07:00:00,40.0,,,,,,,,0.0276,,41.311922,-105.581147,2021,3,23,7
West,Knight Hall,2021-03-23T08:00:00,70.0,,,,,,,,0.048299999999999996,,41.311922,-105.581147,2021,3,23,8
West,Knight Hall,2021-03-23T09:00:00,80.0,,,,,,,,0.0552,,41.311922,-105.581147,2021,3,23,9
West,Knight Hall,2021-03-23T10:00:00,80.0,,,,,,,,0.0552,,41.311922,-105.581147,2021,3,23,10
West,Knight Hall,2021-03-23T11:00:00,70.0,,,,,,,,0.048299999999999996,,41.311922,-105.581147,2021,3,23,11
West,Knight Hall,2021-03-23T12:00:00,70.0,,,,,,,,0.048299999999999996,,41.311922,-105.581147,2021,3,23,12
West,Knight Hall,2021-03-23T13:00:00,70.0,,,,,,,,0.048299999999999996,,41.311922,-105.581147,2021,3,23,13
West,Knight Hall,2021-03-23T14:00:00,70.0,,,,,,,,0.048299999999999996,,41.311922,-105.581147,2021,3,23,14
West,Knight Hall,2021-03-23T15:00:00,70.0,,,,,,,,0.048299999999999996,,41.311922,-105.581147,2021,3,23,15
West,Knight Hall,2021-03-23T16:00:00,70.0,,,,,,,,0.048299999999999996,,41.311922,-105.581147,2021,3,23,16
West,Knight Hall,2021-03-23T17:00:00,50.0,,,,,,,,0.034499999999999996,,41.311922,-105.581147,2021,3,23,17
West,Knight Hall,2021-03-23T18:00:00,40.0,,,,,,,,0.0276,,41.311922,-105.581147,2021,3,23,18
West,Knight Hall,2021-03-23T19:00:00,40.0,,,,,,,,0.0276,,41.311922,-105.581147,2021,3,23,19
West,Knight Hall,2021-03-23T20:00:00,30.0,,,,,,,,0.0207,,41.311922,-105.581147,2021,3,23,20
West,Knight Hall,2021-03-23T21:00:00,30.0,,,,,,,,0.0207,,41.311922,-105.581147,2021,3,23,21
West,Knight Hall,2021-03-23T22:00:00,30.0,,,,,,,,0.0207,,41.311922,-105.581147,2021,3,23,22
West,Knight Hall,2021-03-23T23:00:00,30.0,,,,,,,,0.0207,,41.311922,-105.581147,2021,3,23,23
West,Knight Hall,2021-03-24T00:00:00,20.0,,,,,,,,0.0138,,41.311922,-105.581147,2021,3,24,0
West,Knight Hall,2021-03-24T01:00:00,30.0,,,,,,,,0.0207,,41.311922,-105.581147,2021,3,24,1
West,Knight Hall,2021-03-24T02:00:00,30.0,,,,,,,,0.0207,,41.311922,-105.581147,2021,3,24,2
West,Knight Hall,2021-03-24T03:00:00,30.0,,,,,,,,0.0207,,41.311922,-105.581147,2021,3,24,3
West,Knight Hall,2021-03-24T04:00:00,30.0,,,,,,,,0.0207,,41.311922,-105.581147,2021,3,24,4
West,Knight Hall,2021-03-24T05:00:00,40.0,,,,,,,,0.0276,,41.311922,-105.581147,2021,3,24,5
West,Knight Hall,2021-03-24T06:00:00,30.0,,,,,,,,0.0207,,41.311922,-105.581147,2021,3,24,6
West,Knight Hall,2021-03-24T07:00:00,40.0,,,,,,,,0.0276,,41.311922,-105.581147,2021,3,24,7
West,Knight Hall,2021-03-24T08:00:00,70.0,,,,,,,,0.048299999999999996,,41.311922,-105.581147,2021,3,24,8
West,Knight Hall,2021-03-24T09:00:00,70.0,,,,,,,,0.048299999999999996,,41.311922,-105.581147,2021,3,24,9
West,Knight Hall,2021-03-24T10:00:00,70.0,,,,,,,,0.048299999999999996,,41.311922,-105.581147,2021,3,24,10
West,Knight Hall,2021-03-24T11:00:00,70.0,,,,,,,,0.048299999999999996,,41.311922,-105.581147,2021,3,24,11
West,Knight Hall,2021-03-24T12:00:00,70.0,,,,,,,,0.048299999999999996,,41.311922,-105.581147,2021,3,24,12
West,Knight Hall,2021-03-24T13:00:00,70.0,,,,,,,,0.048299999999999996,,41.311922,-105.581147,2021,3,24,13
West,Knight Hall,2021-03-24T14:00:00,70.0,,,,,,,,0.048299999999999996,,41.311922,-105.581147,2021,3,24,14
West,Knight Hall,2021-03-24T15:00:00,70.0,,,,,,,,0.048299999999999996,,41.311922,-105.581147,2021,3,24,15
West,Knight Hall,2021-03-24T16:00:00,60.0,,,,,,,,0.0414,,41.311922,-105.581147,2021,3,24,16
West,Knight Hall,2021-03-24T17:00:00,50.0,,,,,,,,0.034499999999999996,,41.311922,-105.581147,2021,3,24,17
West,Knight Hall,2021-03-24T18:00:00,40.0,,,,,,,,0.0276,,41.311922,-105.581147,2021,3,24,18
West,Knight Hall,2021-03-24T19:00:00,40.0,,,,,,,,0.0276,,41.311922,-105.581147,2021,3,24,19
West,Knight Hall,2021-03-24T20:00:00,30.0,,,,,,,,0.0207,,41.311922,-105.581147,2021,3,24,20
West,Knight Hall,2021-03-24T21:00:00,30.0,,,,,,,,0.0207,,41.311922,-105.581147,2021,3,24,21
West,Knight Hall,2021-03-24T22:00:00,30.0,,,,,,,,0.0207,,41.311922,-105.581147,2021,3,24,22
West,Knight Hall,2021-03-24T23:00:00,30.0,,,,,,,,0.0207,,41.311922,-105.581147,2021,3,24,23
West,Knight Hall,2021-03-25T00:00:00,20.0,,,,,,,,0.0138,,41.311922,-105.581147,2021,3,25,0
West,Knight Hall,2021-03-25T01:00:00,30.0,,,,,,,,0.0207,,41.311922,-105.581147,2021,3,25,1
West,Knight Hall,2021-03-25T02:00:00,30.0,,,,,,,,0.0207,,41.311922,-105.581147,2021,3,25,2
West,Knight Hall,2021-03-25T03:00:00,30.0,,,,,,,,0.0207,,41.311922,-105.581147,2021,3,25,3
West,Knight Hall,2021-03-25T04:00:00,30.0,,,,,,,,0.0207,,41.311922,-105.581147,2021,3,25,4
West,Knight Hall,2021-03-25T05:00:00,30.0,,,,,,,,0.0207,,41.311922,-105.581147,2021,3,25,5
West,Knight Hall,2021-03-25T06:00:00,30.0,,,,,,,,0.0207,,41.311922,-105.581147,2021,3,25,6
West,Knight Hall,2021-03-25T07:00:00,40.0,,,,,,,,0.0276,,41.311922,-105.581147,2021,3,25,7
West,Knight Hall,2021-03-25T08:00:00,60.0,,,,,,,,0.0414,,41.311922,-105.581147,2021,3,25,8
West,Knight Hall,2021-03-25T09:00:00,80.0,,,,,,,,0.0552,,41.311922,-105.581147,2021,3,25,9
West,Knight Hall,2021-03-25T10:00:00,70.0,,,,,,,,0.048299999999999996,,41.311922,-105.581147,2021,3,25,10
West,Knight Hall,2021-03-25T11:00:00,70.0,,,,,,,,0.048299999999999996,,41.311922,-105.581147,2021,3,25,11
West,Knight Hall,2021-03-25T12:00:00,70.0,,,,,,,,0.048299999999999996,,41.311922,-105.581147,2021,3,25,12
West,Knight Hall,2021-03-25T13:00:00,60.0,,,,,,,,0.0414,,41.311922,-105.581147,2021,3,25,13
West,Knight Hall,2021-03-25T14:00:00,70.0,,,,,,,,0.048299999999999996,,41.311922,-105.581147,2021,3,25,14
West,Knight Hall,2021-03-25T15:00:00,70.0,,,,,,,,0.048299999999999996,,41.311922,-105.581147,2021,3,25,15
West,Knight Hall,2021-03-25T16:00:00,70.0,,,,,,,,0.048299999999999996,,41.311922,-105.581147,2021,3,25,16
West,Knight Hall,2021-03-25T17:00:00,50.0,,,,,,,,0.034499999999999996,,41.311922,-105.581147,2021,3,25,17
West,Knight Hall,2021-03-25T18:00:00,40.0,,,,,,,,0.0276,,41.311922,-105.581147,2021,3,25,18
West,Knight Hall,2021-03-25T19:00:00,40.0,,,,,,,,0.0276,,41.311922,-105.581147,2021,3,25,19
West,Knight Hall,2021-03-25T20:00:00,40.0,,,,,,,,0.0276,,41.311922,-105.581147,2021,3,25,20
West,Knight Hall,2021-03-25T21:00:00,30.0,,,,,,,,0.0207,,41.311922,-105.581147,2021,3,25,21
West,Knight Hall,2021-03-25T22:00:00,30.0,,,,,,,,0.0207,,41.311922,-105.581147,2021,3,25,22
West,Knight Hall,2021-03-25T23:00:00,30.0,,,,,,,,0.0207,,41.311922,-105.581147,2021,3,25,23
West,Knight Hall,2021-03-26T00:00:00,30.0,,,,,,,,0.0207,,41.311922,-105.581147,2021,3,26,0
West,Knight Hall,2021-03-26T01:00:00,30.0,,,,,,,,0.0207,,41.311922,-105.581147,2021,3,26,1
West,Knight Hall,2021-03-26T02:00:00,30.0,,,,,,,,0.0207,,41.311922,-105.581147,2021,3,26,2
West,Knight Hall,2021-03-26T03:00:00,20.0,,,,,,,,0.0138,,41.311922,-105.581147,2021,3,26,3
West,Knight Hall,2021-03-26T04:00:00,30.0,,,,,,,,0.0207,,41.311922,-105.581147,2021,3,26,4
West,Knight Hall,2021-03-26T05:00:00,30.0,,,,,,,,0.0207,,41.311922,-105.581147,2021,3,26,5
West,Knight Hall,2021-03-26T06:00:00,30.0,,,,,,,,0.0207,,41.311922,-105.581147,2021,3,26,6
West,Knight Hall,2021-03-26T07:00:00,40.0,,,,,,,,0.0276,,41.311922,-105.581147,2021,3,26,7
West,Knight Hall,2021-03-26T08:00:00,60.0,,,,,,,,0.0414,,41.311922,-105.581147,2021,3,26,8
West,Knight Hall,2021-03-26T09:00:00,70.0,,,,,,,,0.048299999999999996,,41.311922,-105.581147,2021,3,26,9
West,Knight Hall,2021-03-26T10:00:00,70.0,,,,,,,,0.048299999999999996,,41.311922,-105.581147,2021,3,26,10
West,Knight Hall,2021-03-26T11:00:00,70.0,,,,,,,,0.048299999999999996,,41.311922,-105.581147,2021,3,26,11
West,Knight Hall,2021-03-26T12:00:00,70.0,,,,,,,,0.048299999999999996,,41.311922,-105.581147,2021,3,26,12
West,Knight Hall,2021-03-26T13:00:00,60.0,,,,,,,,0.0414,,41.311922,-105.581147,2021,3,26,13
West,Knight Hall,2021-03-26T14:00:00,70.0,,,,,,,,0.048299999999999996,,41.311922,-105.581147,2021,3,26,14
West,Knight Hall,2021-03-26T15:00:00,70.0,,,,,,,,0.048299999999999996,,41.311922,-105.581147,2021,3,26,15
West,Knight Hall,2021-03-26T16:00:00,60.0,,,,,,,,0.0414,,41.311922,-105.581147,2021,3,26,16
West,Knight Hall,2021-03-26T17:00:00,50.0,,,,,,,,0.034499999999999996,,41.311922,-105.581147,2021,3,26,17
West,Knight Hall,2021-03-26T18:00:00,40.0,,,,,,,,0.0276,,41.311922,-105.581147,2021,3,26,18
West,Knight Hall,2021-03-26T19:00:00,40.0,,,,,,,,0.0276,,41.311922,-105.581147,2021,3,26,19
West,Knight Hall,2021-03-26T20:00:00,30.0,,,,,,,,0.0207,,41.311922,-105.581147,2021,3,26,20
West,Knight Hall,2021-03-26T21:00:00,30.0,,,,,,,,0.0207,,41.311922,-105.581147,2021,3,26,21
West,Knight Hall,2021-03-26T22:00:00,30.0,,,,,,,,0.0207,,41.311922,-105.581147,2021,3,26,22
West,Knight Hall,2021-03-26T23:00:00,30.0,,,,,,,,0.0207,,41.311922,-105.581147,2021,3,26,23
West,Knight Hall,2021-03-27T00:00:00,30.0,,,,,,,,0.0207,,41.311922,-105.581147,2021,3,27,0
West,Knight Hall,2021-03-27T01:00:00,30.0,,,,,,,,0.0207,,41.311922,-105.581147,2021,3,27,1
West,Knight Hall,2021-03-27T02:00:00,30.0,,,,,,,,0.0207,,41.311922,-105.581147,2021,3,27,2
West,Knight Hall,2021-03-27T03:00:00,20.0,,,,,,,,0.0138,,41.311922,-105.581147,2021,3,27,3
West,Knight Hall,2021-03-27T04:00:00,30.0,,,,,,,,0.0207,,41.311922,-105.581147,2021,3,27,4
West,Knight Hall,2021-03-27T05:00:00,30.0,,,,,,,,0.0207,,41.311922,-105.581147,2021,3,27,5
West,Knight Hall,2021-03-27T06:00:00,20.0,,,,,,,,0.0138,,41.311922,-105.581147,2021,3,27,6
West,Knight Hall,2021-03-27T07:00:00,30.0,,,,,,,,0.0207,,41.311922,-105.581147,2021,3,27,7
West,Knight Hall,2021-03-27T08:00:00,30.0,,,,,,,,0.0207,,41.311922,-105.581147,2021,3,27,8
West,Knight Hall,2021-03-27T09:00:00,40.0,,,,,,,,0.0276,,41.311922,-105.581147,2021,3,27,9
West,Knight Hall,2021-03-27T10:00:00,30.0,,,,,,,,0.0207,,41.311922,-105.581147,2021,3,27,10
West,Knight Hall,2021-03-27T11:00:00,40.0,,,,,,,,0.0276,,41.311922,-105.581147,2021,3,27,11
West,Knight Hall,2021-03-27T12:00:00,30.0,,,,,,,,0.0207,,41.311922,-105.581147,2021,3,27,12
West,Knight Hall,2021-03-27T13:00:00,30.0,,,,,,,,0.0207,,41.311922,-105.581147,2021,3,27,13
West,Knight Hall,2021-03-27T14:00:00,40.0,,,,,,,,0.0276,,41.311922,-105.581147,2021,3,27,14
West,Knight Hall,2021-03-27T15:00:00,30.0,,,,,,,,0.0207,,41.311922,-105.581147,2021,3,27,15
West,Knight Hall,2021-03-27T16:00:00,30.0,,,,,,,,0.0207,,41.311922,-105.581147,2021,3,27,16
West,Knight Hall,2021-03-27T17:00:00,30.0,,,,,,,,0.0207,,41.311922,-105.581147,2021,3,27,17
West,Knight Hall,2021-03-27T18:00:00,30.0,,,,,,,,0.0207,,41.311922,-105.581147,2021,3,27,18
West,Knight Hall,2021-03-27T19:00:00,20.0,,,,,,,,0.0138,,41.311922,-105.581147,2021,3,27,19
West,Knight Hall,2021-03-27T20:00:00,30.0,,,,,,,,0.0207,,41.311922,-105.581147,2021,3,27,20
West,Knight Hall,2021-03-27T21:00:00,30.0,,,,,,,,0.0207,,41.311922,-105.581147,2021,3,27,21
West,Knight Hall,2021-03-27T22:00:00,30.0,,,,,,,,0.0207,,41.311922,-105.581147,2021,3,27,22
West,Knight Hall,2021-03-27T23:00:00,30.0,,,,,,,,0.0207,,41.311922,-105.581147,2021,3,27,23
West,Knight Hall,2021-03-28T00:00:00,30.0,,,,,,,,0.0207,,41.311922,-105.581147,2021,3,28,0
West,Knight Hall,2021-03-28T01:00:00,20.0,,,,,,,,0.0138,,41.311922,-105.581147,2021,3,28,1
West,Knight Hall,2021-03-28T02:00:00,30.0,,,,,,,,0.0207,,41.311922,-105.581147,2021,3,28,2
West,Knight Hall,2021-03-28T03:00:00,30.0,,,,,,,,0.0207,,41.311922,-105.581147,2021,3,28,3
West,Knight Hall,2021-03-28T04:00:00,30.0,,,,,,,,0.0207,,41.311922,-105.581147,2021,3,28,4
West,Knight Hall,2021-03-28T05:00:00,30.0,,,,,,,,0.0207,,41.311922,-105.581147,2021,3,28,5
West,Knight Hall,2021-03-28T06:00:00,20.0,,,,,,,,0.0138,,41.311922,-105.581147,2021,3,28,6
West,Knight Hall,2021-03-28T07:00:00,30.0,,,,,,,,0.0207,,41.311922,-105.581147,2021,3,28,7
West,Knight Hall,2021-03-28T08:00:00,30.0,,,,,,,,0.0207,,41.311922,-105.581147,2021,3,28,8
West,Knight Hall,2021-03-28T09:00:00,30.0,,,,,,,,0.0207,,41.311922,-105.581147,2021,3,28,9
West,Knight Hall,2021-03-28T10:00:00,30.0,,,,,,,,0.0207,,41.311922,-105.581147,2021,3,28,10
West,Knight Hall,2021-03-28T11:00:00,30.0,,,,,,,,0.0207,,41.311922,-105.581147,2021,3,28,11
West,Knight Hall,2021-03-28T12:00:00,30.0,,,,,,,,0.0207,,41.311922,-105.581147,2021,3,28,12
West,Knight Hall,2021-03-28T13:00:00,30.0,,,,,,,,0.0207,,41.311922,-105.581147,2021,3,28,13
West,Knight Hall,2021-03-28T14:00:00,30.0,,,,,,,,0.0207,,41.311922,-105.581147,2021,3,28,14
West,Knight Hall,2021-03-28T15:00:00,30.0,,,,,,,,0.0207,,41.311922,-105.581147,2021,3,28,15
West,Knight Hall,2021-03-28T16:00:00,30.0,,,,,,,,0.0207,,41.311922,-105.581147,2021,3,28,16
West,Knight Hall,2021-03-28T17:00:00,30.0,,,,,,,,0.0207,,41.311922,-105.581147,2021,3,28,17
West,Knight Hall,2021-03-28T18:00:00,30.0,,,,,,,,0.0207,,41.311922,-105.581147,2021,3,28,18
West,Knight Hall,2021-03-28T19:00:00,30.0,,,,,,,,0.0207,,41.311922,-105.581147,2021,3,28,19
West,Knight Hall,2021-03-28T20:00:00,20.0,,,,,,,,0.0138,,41.311922,-105.581147,2021,3,28,20
West,Knight Hall,2021-03-28T21:00:00,30.0,,,,,,,,0.0207,,41.311922,-105.581147,2021,3,28,21
West,Knight Hall,2021-03-28T22:00:00,30.0,,,,,,,,0.0207,,41.311922,-105.581147,2021,3,28,22
West,Knight Hall,2021-03-28T23:00:00,30.0,,,,,,,,0.0207,,41.311922,-105.581147,2021,3,28,23
West,Knight Hall,2021-03-29T00:00:00,20.0,,,,,,,,0.0138,,41.311922,-105.581147,2021,3,29,0
West,Knight Hall,2021-03-29T01:00:00,30.0,,,,,,,,0.0207,,41.311922,-105.581147,2021,3,29,1
West,Knight Hall,2021-03-29T02:00:00,30.0,,,,,,,,0.0207,,41.311922,-105.581147,2021,3,29,2
West,Knight Hall,2021-03-29T03:00:00,30.0,,,,,,,,0.0207,,41.311922,-105.581147,2021,3,29,3
West,Knight Hall,2021-03-29T04:00:00,30.0,,,,,,,,0.0207,,41.311922,-105.581147,2021,3,29,4
West,Knight Hall,2021-03-29T05:00:00,30.0,,,,,,,,0.0207,,41.311922,-105.581147,2021,3,29,5
West,Knight Hall,2021-03-29T06:00:00,30.0,,,,,,,,0.0207,,41.311922,-105.581147,2021,3,29,6
West,Knight Hall,2021-03-29T07:00:00,40.0,,,,,,,,0.0276,,41.311922,-105.581147,2021,3,29,7
West,Knight Hall,2021-03-29T08:00:00,70.0,,,,,,,,0.048299999999999996,,41.311922,-105.581147,2021,3,29,8
West,Knight Hall,2021-03-29T09:00:00,70.0,,,,,,,,0.048299999999999996,,41.311922,-105.581147,2021,3,29,9
West,Knight Hall,2021-03-29T10:00:00,70.0,,,,,,,,0.048299999999999996,,41.311922,-105.581147,2021,3,29,10
West,Knight Hall,2021-03-29T11:00:00,70.0,,,,,,,,0.048299999999999996,,41.311922,-105.581147,2021,3,29,11
West,Knight Hall,2021-03-29T12:00:00,60.0,,,,,,,,0.0414,,41.311922,-105.581147,2021,3,29,12
West,Knight Hall,2021-03-29T13:00:00,70.0,,,,,,,,0.048299999999999996,,41.311922,-105.581147,2021,3,29,13
West,Knight Hall,2021-03-29T14:00:00,70.0,,,,,,,,0.048299999999999996,,41.311922,-105.581147,2021,3,29,14
West,Knight Hall,2021-03-29T15:00:00,70.0,,,,,,,,0.048299999999999996,,41.311922,-105.581147,2021,3,29,15
West,Knight Hall,2021-03-29T16:00:00,60.0,,,,,,,,0.0414,,41.311922,-105.581147,2021,3,29,16
West,Knight Hall,2021-03-29T17:00:00,50.0,,,,,,,,0.034499999999999996,,41.311922,-105.581147,2021,3,29,17
West,Knight Hall,2021-03-29T18:00:00,40.0,,,,,,,,0.0276,,41.311922,-105.581147,2021,3,29,18
West,Knight Hall,2021-03-29T19:00:00,40.0,,,,,,,,0.0276,,41.311922,-105.581147,2021,3,29,19
West,Knight Hall,2021-03-29T20:00:00,30.0,,,,,,,,0.0207,,41.311922,-105.581147,2021,3,29,20
West,Knight Hall,2021-03-29T21:00:00,40.0,,,,,,,,0.0276,,41.311922,-105.581147,2021,3,29,21
West,Knight Hall,2021-03-29T22:00:00,30.0,,,,,,,,0.0207,,41.311922,-105.581147,2021,3,29,22
West,Knight Hall,2021-03-29T23:00:00,30.0,,,,,,,,0.0207,,41.311922,-105.581147,2021,3,29,23
West,Knight Hall,2021-03-30T00:00:00,20.0,,,,,,,,0.0138,,41.311922,-105.581147,2021,3,30,0
West,Knight Hall,2021-03-30T01:00:00,30.0,,,,,,,,0.0207,,41.311922,-105.581147,2021,3,30,1
West,Knight Hall,2021-03-30T02:00:00,30.0,,,,,,,,0.0207,,41.311922,-105.581147,2021,3,30,2
West,Knight Hall,2021-03-30T03:00:00,30.0,,,,,,,,0.0207,,41.311922,-105.581147,2021,3,30,3
West,Knight Hall,2021-03-30T04:00:00,30.0,,,,,,,,0.0207,,41.311922,-105.581147,2021,3,30,4
West,Knight Hall,2021-03-30T05:00:00,30.0,,,,,,,,0.0207,,41.311922,-105.581147,2021,3,30,5
West,Knight Hall,2021-03-30T06:00:00,30.0,,,,,,,,0.0207,,41.311922,-105.581147,2021,3,30,6
West,Knight Hall,2021-03-30T07:00:00,40.0,,,,,,,,0.0276,,41.311922,-105.581147,2021,3,30,7
West,Knight Hall,2021-03-30T08:00:00,60.0,,,,,,,,0.0414,,41.311922,-105.581147,2021,3,30,8
West,Knight Hall,2021-03-30T09:00:00,70.0,,,,,,,,0.048299999999999996,,41.311922,-105.581147,2021,3,30,9
West,Knight Hall,2021-03-30T10:00:00,70.0,,,,,,,,0.048299999999999996,,41.311922,-105.581147,2021,3,30,10
West,Knight Hall,2021-03-30T11:00:00,70.0,,,,,,,,0.048299999999999996,,41.311922,-105.581147,2021,3,30,11
West,Knight Hall,2021-03-30T12:00:00,70.0,,,,,,,,0.048299999999999996,,41.311922,-105.581147,2021,3,30,12
West,Knight Hall,2021-03-30T13:00:00,60.0,,,,,,,,0.0414,,41.311922,-105.581147,2021,3,30,13
West,Knight Hall,2021-03-30T14:00:00,70.0,,,,,,,,0.048299999999999996,,41.311922,-105.581147,2021,3,30,14
West,Knight Hall,2021-03-30T15:00:00,70.0,,,,,,,,0.048299999999999996,,41.311922,-105.581147,2021,3,30,15
West,Knight Hall,2021-03-30T16:00:00,70.0,,,,,,,,0.048299999999999996,,41.311922,-105.581147,2021,3,30,16
West,Knight Hall,2021-03-30T17:00:00,50.0,,,,,,,,0.034499999999999996,,41.311922,-105.581147,2021,3,30,17
West,Knight Hall,2021-03-30T18:00:00,40.0,,,,,,,,0.0276,,41.311922,-105.581147,2021,3,30,18
West,Knight Hall,2021-03-30T19:00:00,40.0,,,,,,,,0.0276,,41.311922,-105.581147,2021,3,30,19
West,Knight Hall,2021-03-30T20:00:00,30.0,,,,,,,,0.0207,,41.311922,-105.581147,2021,3,30,20
West,Knight Hall,2021-03-30T21:00:00,30.0,,,,,,,,0.0207,,41.311922,-105.581147,2021,3,30,21
West,Knight Hall,2021-03-30T22:00:00,40.0,,,,,,,,0.0276,,41.311922,-105.581147,2021,3,30,22
West,Knight Hall,2021-03-30T23:00:00,20.0,,,,,,,,0.0138,,41.311922,-105.581147,2021,3,30,23
West,Knight Hall,2021-03-31T00:00:00,30.0,,,,,,,,0.0207,,41.311922,-105.581147,2021,3,31,0
West,Knight Hall,2021-03-31T01:00:00,30.0,,,,,,,,0.0207,,41.311922,-105.581147,2021,3,31,1
West,Knight Hall,2021-03-31T02:00:00,30.0,,,,,,,,0.0207,,41.311922,-105.581147,2021,3,31,2
West,Knight Hall,2021-03-31T03:00:00,20.0,,,,,,,,0.0138,,41.311922,-105.581147,2021,3,31,3
West,Knight Hall,2021-03-31T04:00:00,30.0,,,,,,,,0.0207,,41.311922,-105.581147,2021,3,31,4
West,Knight Hall,2021-03-31T05:00:00,30.0,,,,,,,,0.0207,,41.311922,-105.581147,2021,3,31,5
West,Knight Hall,2021-03-31T06:00:00,40.0,,,,,,,,0.0276,,41.311922,-105.581147,2021,3,31,6
West,Knight Hall,2021-03-31T07:00:00,30.0,,,,,,,,0.0207,,41.311922,-105.581147,2021,3,31,7
West,Knight Hall,2021-03-31T08:00:00,70.0,,,,,,,,0.048299999999999996,,41.311922,-105.581147,2021,3,31,8
West,Knight Hall,2021-03-31T09:00:00,70.0,,,,,,,,0.048299999999999996,,41.311922,-105.581147,2021,3,31,9
West,Knight Hall,2021-03-31T10:00:00,70.0,,,,,,,,0.048299999999999996,,41.311922,-105.581147,2021,3,31,10
West,Knight Hall,2021-03-31T11:00:00,70.0,,,,,,,,0.048299999999999996,,41.311922,-105.581147,2021,3,31,11
West,Knight Hall,2021-03-31T12:00:00,60.0,,,,,,,,0.0414,,41.311922,-105.581147,2021,3,31,12
West,Knight Hall,2021-03-31T13:00:00,70.0,,,,,,,,0.048299999999999996,,41.311922,-105.581147,2021,3,31,13
West,Knight Hall,2021-03-31T14:00:00,70.0,,,,,,,,0.048299999999999996,,41.311922,-105.581147,2021,3,31,14
West,Knight Hall,2021-03-31T15:00:00,60.0,,,,,,,,0.0414,,41.311922,-105.581147,2021,3,31,15
West,Knight Hall,2021-03-31T16:00:00,70.0,,,,,,,,0.048299999999999996,,41.311922,-105.581147,2021,3,31,16
West,Knight Hall,2021-03-31T17:00:00,40.0,,,,,,,,0.0276,,41.311922,-105.581147,2021,3,31,17
West,Knight Hall,2021-03-31T18:00:00,40.0,,,,,,,,0.0276,,41.311922,-105.581147,2021,3,31,18
West,Knight Hall,2021-03-31T19:00:00,40.0,,,,,,,,0.0276,,41.311922,-105.581147,2021,3,31,19
West,Knight Hall,2021-03-31T20:00:00,40.0,,,,,,,,0.0276,,41.311922,-105.581147,2021,3,31,20
West,Knight Hall,2021-03-31T21:00:00,30.0,,,,,,,,0.0207,,41.311922,-105.581147,2021,3,31,21
West,Knight Hall,2021-03-31T22:00:00,30.0,,,,,,,,0.0207,,41.311922,-105.581147,2021,3,31,22
West,Knight Hall,2021-03-31T23:00:00,30.0,,,,,,,,0.0207,,41.311922,-105.581147,2021,3,31,23
West,Knight Hall,2021-04-01T00:00:00,30.0,,,,,,,,0.0207,,41.311922,-105.581147,2021,4,1,0
West,Knight Hall,2021-04-01T01:00:00,30.0,,,,,,,,0.0207,,41.311922,-105.581147,2021,4,1,1
West,Knight Hall,2021-04-01T02:00:00,20.0,,,,,,,,0.0138,,41.311922,-105.581147,2021,4,1,2
West,Knight Hall,2021-04-01T03:00:00,30.0,,,,,,,,0.0207,,41.311922,-105.581147,2021,4,1,3
West,Knight Hall,2021-04-01T04:00:00,30.0,,,,,,,,0.0207,,41.311922,-105.581147,2021,4,1,4
West,Knight Hall,2021-04-01T05:00:00,30.0,,,,,,,,0.0207,,41.311922,-105.581147,2021,4,1,5
West,Knight Hall,2021-04-01T06:00:00,30.0,,,,,,,,0.0207,,41.311922,-105.581147,2021,4,1,6
West,Knight Hall,2021-04-01T07:00:00,40.0,,,,,,,,0.0276,,41.311922,-105.581147,2021,4,1,7
West,Knight Hall,2021-04-01T08:00:00,60.0,,,,,,,,0.0414,,41.311922,-105.581147,2021,4,1,8
West,Knight Hall,2021-04-01T09:00:00,60.0,,,,,,,,0.0414,,41.311922,-105.581147,2021,4,1,9
West,Knight Hall,2021-04-01T10:00:00,70.0,,,,,,,,0.048299999999999996,,41.311922,-105.581147,2021,4,1,10
West,Knight Hall,2021-04-01T11:00:00,60.0,,,,,,,,0.0414,,41.311922,-105.581147,2021,4,1,11
West,Knight Hall,2021-04-01T12:00:00,70.0,,,,,,,,0.048299999999999996,,41.311922,-105.581147,2021,4,1,12
West,Knight Hall,2021-04-01T13:00:00,60.0,,,,,,,,0.0414,,41.311922,-105.581147,2021,4,1,13
West,Knight Hall,2021-04-01T14:00:00,60.0,,,,,,,,0.0414,,41.311922,-105.581147,2021,4,1,14
West,Knight Hall,2021-04-01T15:00:00,70.0,,,,,,,,0.048299999999999996,,41.311922,-105.581147,2021,4,1,15
West,Knight Hall,2021-04-01T16:00:00,60.0,,,,,,,,0.0414,,41.311922,-105.581147,2021,4,1,16
West,Knight Hall,2021-04-01T17:00:00,50.0,,,,,,,,0.034499999999999996,,41.311922,-105.581147,2021,4,1,17
West,Knight Hall,2021-04-01T18:00:00,40.0,,,,,,,,0.0276,,41.311922,-105.581147,2021,4,1,18
West,Knight Hall,2021-04-01T19:00:00,40.0,,,,,,,,0.0276,,41.311922,-105.581147,2021,4,1,19
West,Knight Hall,2021-04-01T20:00:00,30.0,,,,,,,,0.0207,,41.311922,-105.581147,2021,4,1,20
West,Knight Hall,2021-04-01T21:00:00,40.0,,,,,,,,0.0276,,41.311922,-105.581147,2021,4,1,21
West,Knight Hall,2021-04-01T22:00:00,30.0,,,,,,,,0.0207,,41.311922,-105.581147,2021,4,1,22
West,Knight Hall,2021-04-01T23:00:00,30.0,,,,,,,,0.0207,,41.311922,-105.581147,2021,4,1,23
West,Knight Hall,2021-04-02T00:00:00,30.0,,,,,,,,0.0207,,41.311922,-105.581147,2021,4,2,0
West,Knight Hall,2021-04-02T01:00:00,20.0,,,,,,,,0.0138,,41.311922,-105.581147,2021,4,2,1
West,Knight Hall,2021-04-02T02:00:00,30.0,,,,,,,,0.0207,,41.311922,-105.581147,2021,4,2,2
West,Knight Hall,2021-04-02T03:00:00,30.0,,,,,,,,0.0207,,41.311922,-105.581147,2021,4,2,3
West,Knight Hall,2021-04-02T04:00:00,30.0,,,,,,,,0.0207,,41.311922,-105.581147,2021,4,2,4
West,Knight Hall,2021-04-02T05:00:00,30.0,,,,,,,,0.0207,,41.311922,-105.581147,2021,4,2,5
West,Knight Hall,2021-04-02T06:00:00,30.0,,,,,,,,0.0207,,41.311922,-105.581147,2021,4,2,6
West,Knight Hall,2021-04-02T07:00:00,40.0,,,,,,,,0.0276,,41.311922,-105.581147,2021,4,2,7
West,Knight Hall,2021-04-02T08:00:00,60.0,,,,,,,,0.0414,,41.311922,-105.581147,2021,4,2,8
West,Knight Hall,2021-04-02T09:00:00,70.0,,,,,,,,0.048299999999999996,,41.311922,-105.581147,2021,4,2,9
West,Knight Hall,2021-04-02T10:00:00,70.0,,,,,,,,0.048299999999999996,,41.311922,-105.581147,2021,4,2,10
West,Knight Hall,2021-04-02T11:00:00,60.0,,,,,,,,0.0414,,41.311922,-105.581147,2021,4,2,11
West,Knight Hall,2021-04-02T12:00:00,70.0,,,,,,,,0.048299999999999996,,41.311922,-105.581147,2021,4,2,12
West,Knight Hall,2021-04-02T13:00:00,60.0,,,,,,,,0.0414,,41.311922,-105.581147,2021,4,2,13
West,Knight Hall,2021-04-02T14:00:00,60.0,,,,,,,,0.0414,,41.311922,-105.581147,2021,4,2,14
West,Knight Hall,2021-04-02T15:00:00,60.0,,,,,,,,0.0414,,41.311922,-105.581147,2021,4,2,15
West,Knight Hall,2021-04-02T16:00:00,50.0,,,,,,,,0.034499999999999996,,41.311922,-105.581147,2021,4,2,16
West,Knight Hall,2021-04-02T17:00:00,50.0,,,,,,,,0.034499999999999996,,41.311922,-105.581147,2021,4,2,17
West,Knight Hall,2021-04-02T18:00:00,40.0,,,,,,,,0.0276,,41.311922,-105.581147,2021,4,2,18
West,Knight Hall,2021-04-02T19:00:00,30.0,,,,,,,,0.0207,,41.311922,-105.581147,2021,4,2,19
West,Knight Hall,2021-04-02T20:00:00,40.0,,,,,,,,0.0276,,41.311922,-105.581147,2021,4,2,20
West,Knight Hall,2021-04-02T21:00:00,30.0,,,,,,,,0.0207,,41.311922,-105.581147,2021,4,2,21
West,Knight Hall,2021-04-02T22:00:00,30.0,,,,,,,,0.0207,,41.311922,-105.581147,2021,4,2,22
West,Knight Hall,2021-04-02T23:00:00,30.0,,,,,,,,0.0207,,41.311922,-105.581147,2021,4,2,23
West,Knight Hall,2021-04-03T00:00:00,20.0,,,,,,,,0.0138,,41.311922,-105.581147,2021,4,3,0
West,Knight Hall,2021-04-03T01:00:00,30.0,,,,,,,,0.0207,,41.311922,-105.581147,2021,4,3,1
West,Knight Hall,2021-04-03T02:00:00,30.0,,,,,,,,0.0207,,41.311922,-105.581147,2021,4,3,2
West,Knight Hall,2021-04-03T03:00:00,20.0,,,,,,,,0.0138,,41.311922,-105.581147,2021,4,3,3
West,Knight Hall,2021-04-03T04:00:00,30.0,,,,,,,,0.0207,,41.311922,-105.581147,2021,4,3,4
West,Knight Hall,2021-04-03T05:00:00,30.0,,,,,,,,0.0207,,41.311922,-105.581147,2021,4,3,5
West,Knight Hall,2021-04-03T06:00:00,20.0,,,,,,,,0.0138,,41.311922,-105.581147,2021,4,3,6
West,Knight Hall,2021-04-03T07:00:00,30.0,,,,,,,,0.0207,,41.311922,-105.581147,2021,4,3,7
West,Knight Hall,2021-04-03T08:00:00,30.0,,,,,,,,0.0207,,41.311922,-105.581147,2021,4,3,8
West,Knight Hall,2021-04-03T09:00:00,30.0,,,,,,,,0.0207,,41.311922,-105.581147,2021,4,3,9
West,Knight Hall,2021-04-03T10:00:00,30.0,,,,,,,,0.0207,,41.311922,-105.581147,2021,4,3,10
West,Knight Hall,2021-04-03T11:00:00,30.0,,,,,,,,0.0207,,41.311922,-105.581147,2021,4,3,11
West,Knight Hall,2021-04-03T12:00:00,30.0,,,,,,,,0.0207,,41.311922,-105.581147,2021,4,3,12
West,Knight Hall,2021-04-03T13:00:00,30.0,,,,,,,,0.0207,,41.311922,-105.581147,2021,4,3,13
West,Knight Hall,2021-04-03T14:00:00,30.0,,,,,,,,0.0207,,41.311922,-105.581147,2021,4,3,14
West,Knight Hall,2021-04-03T15:00:00,30.0,,,,,,,,0.0207,,41.311922,-105.581147,2021,4,3,15
West,Knight Hall,2021-04-03T16:00:00,30.0,,,,,,,,0.0207,,41.311922,-105.581147,2021,4,3,16
West,Knight Hall,2021-04-03T17:00:00,20.0,,,,,,,,0.0138,,41.311922,-105.581147,2021,4,3,17
West,Knight Hall,2021-04-03T18:00:00,30.0,,,,,,,,0.0207,,41.311922,-105.581147,2021,4,3,18
West,Knight Hall,2021-04-03T19:00:00,20.0,,,,,,,,0.0138,,41.311922,-105.581147,2021,4,3,19
West,Knight Hall,2021-04-03T20:00:00,30.0,,,,,,,,0.0207,,41.311922,-105.581147,2021,4,3,20
West,Knight Hall,2021-04-03T21:00:00,30.0,,,,,,,,0.0207,,41.311922,-105.581147,2021,4,3,21
West,Knight Hall,2021-04-03T22:00:00,30.0,,,,,,,,0.0207,,41.311922,-105.581147,2021,4,3,22
West,Knight Hall,2021-04-03T23:00:00,20.0,,,,,,,,0.0138,,41.311922,-105.581147,2021,4,3,23
West,Knight Hall,2021-04-04T00:00:00,30.0,,,,,,,,0.0207,,41.311922,-105.581147,2021,4,4,0
West,Knight Hall,2021-04-04T01:00:00,30.0,,,,,,,,0.0207,,41.311922,-105.581147,2021,4,4,1
West,Knight Hall,2021-04-04T02:00:00,20.0,,,,,,,,0.0138,,41.311922,-105.581147,2021,4,4,2
West,Knight Hall,2021-04-04T03:00:00,30.0,,,,,,,,0.0207,,41.311922,-105.581147,2021,4,4,3
West,Knight Hall,2021-04-04T04:00:00,30.0,,,,,,,,0.0207,,41.311922,-105.581147,2021,4,4,4
West,Knight Hall,2021-04-04T05:00:00,20.0,,,,,,,,0.0138,,41.311922,-105.581147,2021,4,4,5
West,Knight Hall,2021-04-04T06:00:00,30.0,,,,,,,,0.0207,,41.311922,-105.581147,2021,4,4,6
West,Knight Hall,2021-04-04T07:00:00,30.0,,,,,,,,0.0207,,41.311922,-105.581147,2021,4,4,7
West,Knight Hall,2021-04-04T08:00:00,30.0,,,,,,,,0.0207,,41.311922,-105.581147,2021,4,4,8
West,Knight Hall,2021-04-04T09:00:00,30.0,,,,,,,,0.0207,,41.311922,-105.581147,2021,4,4,9
West,Knight Hall,2021-04-04T10:00:00,30.0,,,,,,,,0.0207,,41.311922,-105.581147,2021,4,4,10
West,Knight Hall,2021-04-04T11:00:00,30.0,,,,,,,,0.0207,,41.311922,-105.581147,2021,4,4,11
West,Knight Hall,2021-04-04T12:00:00,30.0,,,,,,,,0.0207,,41.311922,-105.581147,2021,4,4,12
West,Knight Hall,2021-04-04T13:00:00,30.0,,,,,,,,0.0207,,41.311922,-105.581147,2021,4,4,13
West,Knight Hall,2021-04-04T14:00:00,30.0,,,,,,,,0.0207,,41.311922,-105.581147,2021,4,4,14
West,Knight Hall,2021-04-04T15:00:00,30.0,,,,,,,,0.0207,,41.311922,-105.581147,2021,4,4,15
West,Knight Hall,2021-04-04T16:00:00,30.0,,,,,,,,0.0207,,41.311922,-105.581147,2021,4,4,16
West,Knight Hall,2021-04-04T17:00:00,20.0,,,,,,,,0.0138,,41.311922,-105.581147,2021,4,4,17
West,Knight Hall,2021-04-04T18:00:00,30.0,,,,,,,,0.0207,,41.311922,-105.581147,2021,4,4,18
West,Knight Hall,2021-04-04T19:00:00,20.0,,,,,,,,0.0138,,41.311922,-105.581147,2021,4,4,19
West,Knight Hall,2021-04-04T20:00:00,30.0,,,,,,,,0.0207,,41.311922,-105.581147,2021,4,4,20
West,Knight Hall,2021-04-04T21:00:00,30.0,,,,,,,,0.0207,,41.311922,-105.581147,2021,4,4,21
West,Knight Hall,2021-04-04T22:00:00,20.0,,,,,,,,0.0138,,41.311922,-105.581147,2021,4,4,22
West,Knight Hall,2021-04-04T23:00:00,30.0,,,,,,,,0.0207,,41.311922,-105.581147,2021,4,4,23
West,Knight Hall,2021-04-05T00:00:00,30.0,,,,,,,,0.0207,,41.311922,-105.581147,2021,4,5,0
West,Knight Hall,2021-04-05T01:00:00,20.0,,,,,,,,0.0138,,41.311922,-105.581147,2021,4,5,1
West,Knight Hall,2021-04-05T02:00:00,30.0,,,,,,,,0.0207,,41.311922,-105.581147,2021,4,5,2
West,Knight Hall,2021-04-05T03:00:00,30.0,,,,,,,,0.0207,,41.311922,-105.581147,2021,4,5,3
West,Knight Hall,2021-04-05T04:00:00,30.0,,,,,,,,0.0207,,41.311922,-105.581147,2021,4,5,4
West,Knight Hall,2021-04-05T05:00:00,30.0,,,,,,,,0.0207,,41.311922,-105.581147,2021,4,5,5
West,Knight Hall,2021-04-05T06:00:00,30.0,,,,,,,,0.0207,,41.311922,-105.581147,2021,4,5,6
West,Knight Hall,2021-04-05T07:00:00,40.0,,,,,,,,0.0276,,41.311922,-105.581147,2021,4,5,7
West,Knight Hall,2021-04-05T08:00:00,60.0,,,,,,,,0.0414,,41.311922,-105.581147,2021,4,5,8
West,Knight Hall,2021-04-05T09:00:00,70.0,,,,,,,,0.048299999999999996,,41.311922,-105.581147,2021,4,5,9
West,Knight Hall,2021-04-05T10:00:00,60.0,,,,,,,,0.0414,,41.311922,-105.581147,2021,4,5,10
West,Knight Hall,2021-04-05T11:00:00,70.0,,,,,,,,0.048299999999999996,,41.311922,-105.581147,2021,4,5,11
West,Knight Hall,2021-04-05T12:00:00,70.0,,,,,,,,0.048299999999999996,,41.311922,-105.581147,2021,4,5,12
West,Knight Hall,2021-04-05T13:00:00,60.0,,,,,,,,0.0414,,41.311922,-105.581147,2021,4,5,13
West,Knight Hall,2021-04-05T14:00:00,70.0,,,,,,,,0.048299999999999996,,41.311922,-105.581147,2021,4,5,14
West,Knight Hall,2021-04-05T15:00:00,70.0,,,,,,,,0.048299999999999996,,41.311922,-105.581147,2021,4,5,15
West,Knight Hall,2021-04-05T16:00:00,60.0,,,,,,,,0.0414,,41.311922,-105.581147,2021,4,5,16
West,Knight Hall,2021-04-05T17:00:00,60.0,,,,,,,,0.0414,,41.311922,-105.581147,2021,4,5,17
West,Knight Hall,2021-04-05T18:00:00,40.0,,,,,,,,0.0276,,41.311922,-105.581147,2021,4,5,18
West,Knight Hall,2021-04-05T19:00:00,40.0,,,,,,,,0.0276,,41.311922,-105.581147,2021,4,5,19
West,Knight Hall,2021-04-05T20:00:00,30.0,,,,,,,,0.0207,,41.311922,-105.581147,2021,4,5,20
West,Knight Hall,2021-04-05T21:00:00,30.0,,,,,,,,0.0207,,41.311922,-105.581147,2021,4,5,21
West,Knight Hall,2021-04-05T22:00:00,30.0,,,,,,,,0.0207,,41.311922,-105.581147,2021,4,5,22
West,Knight Hall,2021-04-05T23:00:00,30.0,,,,,,,,0.0207,,41.311922,-105.581147,2021,4,5,23
West,Knight Hall,2021-04-06T00:00:00,20.0,,,,,,,,0.0138,,41.311922,-105.581147,2021,4,6,0
West,Knight Hall,2021-04-06T01:00:00,30.0,,,,,,,,0.0207,,41.311922,-105.581147,2021,4,6,1
West,Knight Hall,2021-04-06T02:00:00,30.0,,,,,,,,0.0207,,41.311922,-105.581147,2021,4,6,2
West,Knight Hall,2021-04-06T03:00:00,20.0,,,,,,,,0.0138,,41.311922,-105.581147,2021,4,6,3
West,Knight Hall,2021-04-06T04:00:00,30.0,,,,,,,,0.0207,,41.311922,-105.581147,2021,4,6,4
West,Knight Hall,2021-04-06T05:00:00,30.0,,,,,,,,0.0207,,41.311922,-105.581147,2021,4,6,5
West,Knight Hall,2021-04-06T06:00:00,40.0,,,,,,,,0.0276,,41.311922,-105.581147,2021,4,6,6
West,Knight Hall,2021-04-06T07:00:00,30.0,,,,,,,,0.0207,,41.311922,-105.581147,2021,4,6,7
West,Knight Hall,2021-04-06T08:00:00,70.0,,,,,,,,0.048299999999999996,,41.311922,-105.581147,2021,4,6,8
West,Knight Hall,2021-04-06T09:00:00,70.0,,,,,,,,0.048299999999999996,,41.311922,-105.581147,2021,4,6,9
West,Knight Hall,2021-04-06T10:00:00,60.0,,,,,,,,0.0414,,41.311922,-105.581147,2021,4,6,10
West,Knight Hall,2021-04-06T11:00:00,70.0,,,,,,,,0.048299999999999996,,41.311922,-105.581147,2021,4,6,11
West,Knight Hall,2021-04-06T12:00:00,70.0,,,,,,,,0.048299999999999996,,41.311922,-105.581147,2021,4,6,12
West,Knight Hall,2021-04-06T13:00:00,70.0,,,,,,,,0.048299999999999996,,41.311922,-105.581147,2021,4,6,13
West,Knight Hall,2021-04-06T14:00:00,60.0,,,,,,,,0.0414,,41.311922,-105.581147,2021,4,6,14
West,Knight Hall,2021-04-06T15:00:00,70.0,,,,,,,,0.048299999999999996,,41.311922,-105.581147,2021,4,6,15
West,Knight Hall,2021-04-06T16:00:00,60.0,,,,,,,,0.0414,,41.311922,-105.581147,2021,4,6,16
West,Knight Hall,2021-04-06T17:00:00,50.0,,,,,,,,0.034499999999999996,,41.311922,-105.581147,2021,4,6,17
West,Knight Hall,2021-04-06T18:00:00,40.0,,,,,,,,0.0276,,41.311922,-105.581147,2021,4,6,18
West,Knight Hall,2021-04-06T19:00:00,30.0,,,,,,,,0.0207,,41.311922,-105.581147,2021,4,6,19
West,Knight Hall,2021-04-06T20:00:00,40.0,,,,,,,,0.0276,,41.311922,-105.581147,2021,4,6,20
West,Knight Hall,2021-04-06T21:00:00,30.0,,,,,,,,0.0207,,41.311922,-105.581147,2021,4,6,21
West,Knight Hall,2021-04-06T22:00:00,30.0,,,,,,,,0.0207,,41.311922,-105.581147,2021,4,6,22
West,Knight Hall,2021-04-06T23:00:00,20.0,,,,,,,,0.0138,,41.311922,-105.581147,2021,4,6,23
West,Knight Hall,2021-04-07T00:00:00,30.0,,,,,,,,0.0207,,41.311922,-105.581147,2021,4,7,0
West,Knight Hall,2021-04-07T01:00:00,30.0,,,,,,,,0.0207,,41.311922,-105.581147,2021,4,7,1
West,Knight Hall,2021-04-07T02:00:00,40.0,,,,,,,,0.0276,,41.311922,-105.581147,2021,4,7,2
West,Knight Hall,2021-04-07T03:00:00,30.0,,,,,,,,0.0207,,41.311922,-105.581147,2021,4,7,3
West,Knight Hall,2021-04-07T04:00:00,30.0,,,,,,,,0.0207,,41.311922,-105.581147,2021,4,7,4
West,Knight Hall,2021-04-07T05:00:00,30.0,,,,,,,,0.0207,,41.311922,-105.581147,2021,4,7,5
West,Knight Hall,2021-04-07T06:00:00,30.0,,,,,,,,0.0207,,41.311922,-105.581147,2021,4,7,6
West,Knight Hall,2021-04-07T07:00:00,40.0,,,,,,,,0.0276,,41.311922,-105.581147,2021,4,7,7
West,Knight Hall,2021-04-07T08:00:00,70.0,,,,,,,,0.048299999999999996,,41.311922,-105.581147,2021,4,7,8
West,Knight Hall,2021-04-07T09:00:00,70.0,,,,,,,,0.048299999999999996,,41.311922,-105.581147,2021,4,7,9
West,Knight Hall,2021-04-07T10:00:00,70.0,,,,,,,,0.048299999999999996,,41.311922,-105.581147,2021,4,7,10
West,Knight Hall,2021-04-07T11:00:00,70.0,,,,,,,,0.048299999999999996,,41.311922,-105.581147,2021,4,7,11
West,Knight Hall,2021-04-07T12:00:00,70.0,,,,,,,,0.048299999999999996,,41.311922,-105.581147,2021,4,7,12
West,Knight Hall,2021-04-07T13:00:00,70.0,,,,,,,,0.048299999999999996,,41.311922,-105.581147,2021,4,7,13
West,Knight Hall,2021-04-07T14:00:00,60.0,,,,,,,,0.0414,,41.311922,-105.581147,2021,4,7,14
West,Knight Hall,2021-04-07T15:00:00,70.0,,,,,,,,0.048299999999999996,,41.311922,-105.581147,2021,4,7,15
West,Knight Hall,2021-04-07T16:00:00,60.0,,,,,,,,0.0414,,41.311922,-105.581147,2021,4,7,16
West,Knight Hall,2021-04-07T17:00:00,50.0,,,,,,,,0.034499999999999996,,41.311922,-105.581147,2021,4,7,17
West,Knight Hall,2021-04-07T18:00:00,30.0,,,,,,,,0.0207,,41.311922,-105.581147,2021,4,7,18
West,Knight Hall,2021-04-07T19:00:00,40.0,,,,,,,,0.0276,,41.311922,-105.581147,2021,4,7,19
West,Knight Hall,2021-04-07T20:00:00,30.0,,,,,,,,0.0207,,41.311922,-105.581147,2021,4,7,20
West,Knight Hall,2021-04-07T21:00:00,30.0,,,,,,,,0.0207,,41.311922,-105.581147,2021,4,7,21
West,Knight Hall,2021-04-07T22:00:00,30.0,,,,,,,,0.0207,,41.311922,-105.581147,2021,4,7,22
West,Knight Hall,2021-04-07T23:00:00,30.0,,,,,,,,0.0207,,41.311922,-105.581147,2021,4,7,23
West,Knight Hall,2021-04-08T00:00:00,20.0,,,,,,,,0.0138,,41.311922,-105.581147,2021,4,8,0
West,Knight Hall,2021-04-08T01:00:00,30.0,,,,,,,,0.0207,,41.311922,-105.581147,2021,4,8,1
West,Knight Hall,2021-04-08T02:00:00,30.0,,,,,,,,0.0207,,41.311922,-105.581147,2021,4,8,2
West,Knight Hall,2021-04-08T03:00:00,30.0,,,,,,,,0.0207,,41.311922,-105.581147,2021,4,8,3
West,Knight Hall,2021-04-08T04:00:00,30.0,,,,,,,,0.0207,,41.311922,-105.581147,2021,4,8,4
West,Knight Hall,2021-04-08T05:00:00,30.0,,,,,,,,0.0207,,41.311922,-105.581147,2021,4,8,5
West,Knight Hall,2021-04-08T06:00:00,30.0,,,,,,,,0.0207,,41.311922,-105.581147,2021,4,8,6
West,Knight Hall,2021-04-08T07:00:00,40.0,,,,,,,,0.0276,,41.311922,-105.581147,2021,4,8,7
West,Knight Hall,2021-04-08T08:00:00,70.0,,,,,,,,0.048299999999999996,,41.311922,-105.581147,2021,4,8,8
West,Knight Hall,2021-04-08T09:00:00,60.0,,,,,,,,0.0414,,41.311922,-105.581147,2021,4,8,9
West,Knight Hall,2021-04-08T10:00:00,70.0,,,,,,,,0.048299999999999996,,41.311922,-105.581147,2021,4,8,10
West,Knight Hall,2021-04-08T11:00:00,60.0,,,,,,,,0.0414,,41.311922,-105.581147,2021,4,8,11
West,Knight Hall,2021-04-08T12:00:00,70.0,,,,,,,,0.048299999999999996,,41.311922,-105.581147,2021,4,8,12
West,Knight Hall,2021-04-08T13:00:00,60.0,,,,,,,,0.0414,,41.311922,-105.581147,2021,4,8,13
West,Knight Hall,2021-04-08T14:00:00,70.0,,,,,,,,0.048299999999999996,,41.311922,-105.581147,2021,4,8,14
West,Knight Hall,2021-04-08T15:00:00,60.0,,,,,,,,0.0414,,41.311922,-105.581147,2021,4,8,15
West,Knight Hall,2021-04-08T16:00:00,60.0,,,,,,,,0.0414,,41.311922,-105.581147,2021,4,8,16
West,Knight Hall,2021-04-08T17:00:00,50.0,,,,,,,,0.034499999999999996,,41.311922,-105.581147,2021,4,8,17
West,Knight Hall,2021-04-08T18:00:00,40.0,,,,,,,,0.0276,,41.311922,-105.581147,2021,4,8,18
West,Knight Hall,2021-04-08T19:00:00,40.0,,,,,,,,0.0276,,41.311922,-105.581147,2021,4,8,19
West,Knight Hall,2021-04-08T20:00:00,30.0,,,,,,,,0.0207,,41.311922,-105.581147,2021,4,8,20
West,Knight Hall,2021-04-08T21:00:00,30.0,,,,,,,,0.0207,,41.311922,-105.581147,2021,4,8,21
West,Knight Hall,2021-04-08T22:00:00,30.0,,,,,,,,0.0207,,41.311922,-105.581147,2021,4,8,22
West,Knight Hall,2021-04-08T23:00:00,30.0,,,,,,,,0.0207,,41.311922,-105.581147,2021,4,8,23
West,Knight Hall,2021-04-09T00:00:00,30.0,,,,,,,,0.0207,,41.311922,-105.581147,2021,4,9,0
West,Knight Hall,2021-04-09T01:00:00,20.0,,,,,,,,0.0138,,41.311922,-105.581147,2021,4,9,1
West,Knight Hall,2021-04-09T02:00:00,30.0,,,,,,,,0.0207,,41.311922,-105.581147,2021,4,9,2
West,Knight Hall,2021-04-09T03:00:00,30.0,,,,,,,,0.0207,,41.311922,-105.581147,2021,4,9,3
West,Knight Hall,2021-04-09T04:00:00,30.0,,,,,,,,0.0207,,41.311922,-105.581147,2021,4,9,4
West,Knight Hall,2021-04-09T05:00:00,30.0,,,,,,,,0.0207,,41.311922,-105.581147,2021,4,9,5
West,Knight Hall,2021-04-09T06:00:00,30.0,,,,,,,,0.0207,,41.311922,-105.581147,2021,4,9,6
West,Knight Hall,2021-04-09T07:00:00,40.0,,,,,,,,0.0276,,41.311922,-105.581147,2021,4,9,7
West,Knight Hall,2021-04-09T08:00:00,60.0,,,,,,,,0.0414,,41.311922,-105.581147,2021,4,9,8
West,Knight Hall,2021-04-09T09:00:00,70.0,,,,,,,,0.048299999999999996,,41.311922,-105.581147,2021,4,9,9
West,Knight Hall,2021-04-09T10:00:00,70.0,,,,,,,,0.048299999999999996,,41.311922,-105.581147,2021,4,9,10
West,Knight Hall,2021-04-09T11:00:00,70.0,,,,,,,,0.048299999999999996,,41.311922,-105.581147,2021,4,9,11
West,Knight Hall,2021-04-09T12:00:00,60.0,,,,,,,,0.0414,,41.311922,-105.581147,2021,4,9,12
West,Knight Hall,2021-04-09T13:00:00,70.0,,,,,,,,0.048299999999999996,,41.311922,-105.581147,2021,4,9,13
West,Knight Hall,2021-04-09T14:00:00,70.0,,,,,,,,0.048299999999999996,,41.311922,-105.581147,2021,4,9,14
West,Knight Hall,2021-04-09T15:00:00,60.0,,,,,,,,0.0414,,41.311922,-105.581147,2021,4,9,15
West,Knight Hall,2021-04-09T16:00:00,70.0,,,,,,,,0.048299999999999996,,41.311922,-105.581147,2021,4,9,16
West,Knight Hall,2021-04-09T17:00:00,40.0,,,,,,,,0.0276,,41.311922,-105.581147,2021,4,9,17
West,Knight Hall,2021-04-09T18:00:00,40.0,,,,,,,,0.0276,,41.311922,-105.581147,2021,4,9,18
West,Knight Hall,2021-04-09T19:00:00,40.0,,,,,,,,0.0276,,41.311922,-105.581147,2021,4,9,19
West,Knight Hall,2021-04-09T20:00:00,30.0,,,,,,,,0.0207,,41.311922,-105.581147,2021,4,9,20
West,Knight Hall,2021-04-09T21:00:00,30.0,,,,,,,,0.0207,,41.311922,-105.581147,2021,4,9,21
West,Knight Hall,2021-04-09T22:00:00,30.0,,,,,,,,0.0207,,41.311922,-105.581147,2021,4,9,22
West,Knight Hall,2021-04-09T23:00:00,30.0,,,,,,,,0.0207,,41.311922,-105.581147,2021,4,9,23
West,Knight Hall,2021-04-10T00:00:00,30.0,,,,,,,,0.0207,,41.311922,-105.581147,2021,4,10,0
West,Knight Hall,2021-04-10T01:00:00,30.0,,,,,,,,0.0207,,41.311922,-105.581147,2021,4,10,1
West,Knight Hall,2021-04-10T02:00:00,20.0,,,,,,,,0.0138,,41.311922,-105.581147,2021,4,10,2
West,Knight Hall,2021-04-10T03:00:00,30.0,,,,,,,,0.0207,,41.311922,-105.581147,2021,4,10,3
West,Knight Hall,2021-04-10T04:00:00,30.0,,,,,,,,0.0207,,41.311922,-105.581147,2021,4,10,4
West,Knight Hall,2021-04-10T05:00:00,20.0,,,,,,,,0.0138,,41.311922,-105.581147,2021,4,10,5
West,Knight Hall,2021-04-10T06:00:00,30.0,,,,,,,,0.0207,,41.311922,-105.581147,2021,4,10,6
West,Knight Hall,2021-04-10T07:00:00,30.0,,,,,,,,0.0207,,41.311922,-105.581147,2021,4,10,7
West,Knight Hall,2021-04-10T08:00:00,40.0,,,,,,,,0.0276,,41.311922,-105.581147,2021,4,10,8
West,Knight Hall,2021-04-10T09:00:00,40.0,,,,,,,,0.0276,,41.311922,-105.581147,2021,4,10,9
West,Knight Hall,2021-04-10T10:00:00,40.0,,,,,,,,0.0276,,41.311922,-105.581147,2021,4,10,10
West,Knight Hall,2021-04-10T11:00:00,40.0,,,,,,,,0.0276,,41.311922,-105.581147,2021,4,10,11
West,Knight Hall,2021-04-10T12:00:00,40.0,,,,,,,,0.0276,,41.311922,-105.581147,2021,4,10,12
West,Knight Hall,2021-04-10T13:00:00,30.0,,,,,,,,0.0207,,41.311922,-105.581147,2021,4,10,13
West,Knight Hall,2021-04-10T14:00:00,30.0,,,,,,,,0.0207,,41.311922,-105.581147,2021,4,10,14
West,Knight Hall,2021-04-10T15:00:00,40.0,,,,,,,,0.0276,,41.311922,-105.581147,2021,4,10,15
West,Knight Hall,2021-04-10T16:00:00,20.0,,,,,,,,0.0138,,41.311922,-105.581147,2021,4,10,16
West,Knight Hall,2021-04-10T17:00:00,30.0,,,,,,,,0.0207,,41.311922,-105.581147,2021,4,10,17
West,Knight Hall,2021-04-10T18:00:00,30.0,,,,,,,,0.0207,,41.311922,-105.581147,2021,4,10,18
West,Knight Hall,2021-04-10T19:00:00,20.0,,,,,,,,0.0138,,41.311922,-105.581147,2021,4,10,19
West,Knight Hall,2021-04-10T20:00:00,30.0,,,,,,,,0.0207,,41.311922,-105.581147,2021,4,10,20
West,Knight Hall,2021-04-10T21:00:00,30.0,,,,,,,,0.0207,,41.311922,-105.581147,2021,4,10,21
West,Knight Hall,2021-04-10T22:00:00,20.0,,,,,,,,0.0138,,41.311922,-105.581147,2021,4,10,22
West,Knight Hall,2021-04-10T23:00:00,30.0,,,,,,,,0.0207,,41.311922,-105.581147,2021,4,10,23
West,Knight Hall,2021-04-11T00:00:00,30.0,,,,,,,,0.0207,,41.311922,-105.581147,2021,4,11,0
West,Knight Hall,2021-04-11T01:00:00,30.0,,,,,,,,0.0207,,41.311922,-105.581147,2021,4,11,1
West,Knight Hall,2021-04-11T02:00:00,30.0,,,,,,,,0.0207,,41.311922,-105.581147,2021,4,11,2
West,Knight Hall,2021-04-11T03:00:00,30.0,,,,,,,,0.0207,,41.311922,-105.581147,2021,4,11,3
West,Knight Hall,2021-04-11T04:00:00,20.0,,,,,,,,0.0138,,41.311922,-105.581147,2021,4,11,4
West,Knight Hall,2021-04-11T05:00:00,30.0,,,,,,,,0.0207,,41.311922,-105.581147,2021,4,11,5
West,Knight Hall,2021-04-11T06:00:00,30.0,,,,,,,,0.0207,,41.311922,-105.581147,2021,4,11,6
West,Knight Hall,2021-04-11T07:00:00,30.0,,,,,,,,0.0207,,41.311922,-105.581147,2021,4,11,7
West,Knight Hall,2021-04-11T08:00:00,40.0,,,,,,,,0.0276,,41.311922,-105.581147,2021,4,11,8
West,Knight Hall,2021-04-11T09:00:00,40.0,,,,,,,,0.0276,,41.311922,-105.581147,2021,4,11,9
West,Knight Hall,2021-04-11T10:00:00,40.0,,,,,,,,0.0276,,41.311922,-105.581147,2021,4,11,10
West,Knight Hall,2021-04-11T11:00:00,40.0,,,,,,,,0.0276,,41.311922,-105.581147,2021,4,11,11
West,Knight Hall,2021-04-11T12:00:00,30.0,,,,,,,,0.0207,,41.311922,-105.581147,2021,4,11,12
West,Knight Hall,2021-04-11T13:00:00,40.0,,,,,,,,0.0276,,41.311922,-105.581147,2021,4,11,13
West,Knight Hall,2021-04-11T14:00:00,40.0,,,,,,,,0.0276,,41.311922,-105.581147,2021,4,11,14
West,Knight Hall,2021-04-11T15:00:00,30.0,,,,,,,,0.0207,,41.311922,-105.581147,2021,4,11,15
West,Knight Hall,2021-04-11T16:00:00,30.0,,,,,,,,0.0207,,41.311922,-105.581147,2021,4,11,16
West,Knight Hall,2021-04-11T17:00:00,40.0,,,,,,,,0.0276,,41.311922,-105.581147,2021,4,11,17
West,Knight Hall,2021-04-11T18:00:00,30.0,,,,,,,,0.0207,,41.311922,-105.581147,2021,4,11,18
West,Knight Hall,2021-04-11T19:00:00,30.0,,,,,,,,0.0207,,41.311922,-105.581147,2021,4,11,19
West,Knight Hall,2021-04-11T20:00:00,30.0,,,,,,,,0.0207,,41.311922,-105.581147,2021,4,11,20
West,Knight Hall,2021-04-11T21:00:00,30.0,,,,,,,,0.0207,,41.311922,-105.581147,2021,4,11,21
West,Knight Hall,2021-04-11T22:00:00,30.0,,,,,,,,0.0207,,41.311922,-105.581147,2021,4,11,22
West,Knight Hall,2021-04-11T23:00:00,20.0,,,,,,,,0.0138,,41.311922,-105.581147,2021,4,11,23
West,Knight Hall,2021-04-12T00:00:00,30.0,,,,,,,,0.0207,,41.311922,-105.581147,2021,4,12,0
West,Knight Hall,2021-04-12T01:00:00,30.0,,,,,,,,0.0207,,41.311922,-105.581147,2021,4,12,1
West,Knight Hall,2021-04-12T02:00:00,30.0,,,,,,,,0.0207,,41.311922,-105.581147,2021,4,12,2
West,Knight Hall,2021-04-12T03:00:00,30.0,,,,,,,,0.0207,,41.311922,-105.581147,2021,4,12,3
West,Knight Hall,2021-04-12T04:00:00,30.0,,,,,,,,0.0207,,41.311922,-105.581147,2021,4,12,4
West,Knight Hall,2021-04-12T05:00:00,30.0,,,,,,,,0.0207,,41.311922,-105.581147,2021,4,12,5
West,Knight Hall,2021-04-12T06:00:00,40.0,,,,,,,,0.0276,,41.311922,-105.581147,2021,4,12,6
West,Knight Hall,2021-04-12T07:00:00,40.0,,,,,,,,0.0276,,41.311922,-105.581147,2021,4,12,7
West,Knight Hall,2021-04-12T08:00:00,70.0,,,,,,,,0.048299999999999996,,41.311922,-105.581147,2021,4,12,8
West,Knight Hall,2021-04-12T09:00:00,70.0,,,,,,,,0.048299999999999996,,41.311922,-105.581147,2021,4,12,9
West,Knight Hall,2021-04-12T10:00:00,70.0,,,,,,,,0.048299999999999996,,41.311922,-105.581147,2021,4,12,10
West,Knight Hall,2021-04-12T11:00:00,70.0,,,,,,,,0.048299999999999996,,41.311922,-105.581147,2021,4,12,11
West,Knight Hall,2021-04-12T12:00:00,70.0,,,,,,,,0.048299999999999996,,41.311922,-105.581147,2021,4,12,12
West,Knight Hall,2021-04-12T13:00:00,70.0,,,,,,,,0.048299999999999996,,41.311922,-105.581147,2021,4,12,13
West,Knight Hall,2021-04-12T14:00:00,70.0,,,,,,,,0.048299999999999996,,41.311922,-105.581147,2021,4,12,14
West,Knight Hall,2021-04-12T15:00:00,70.0,,,,,,,,0.048299999999999996,,41.311922,-105.581147,2021,4,12,15
West,Knight Hall,2021-04-12T16:00:00,60.0,,,,,,,,0.0414,,41.311922,-105.581147,2021,4,12,16
West,Knight Hall,2021-04-12T17:00:00,60.0,,,,,,,,0.0414,,41.311922,-105.581147,2021,4,12,17
West,Knight Hall,2021-04-12T18:00:00,40.0,,,,,,,,0.0276,,41.311922,-105.581147,2021,4,12,18
West,Knight Hall,2021-04-12T19:00:00,30.0,,,,,,,,0.0207,,41.311922,-105.581147,2021,4,12,19
West,Knight Hall,2021-04-12T20:00:00,40.0,,,,,,,,0.0276,,41.311922,-105.581147,2021,4,12,20
West,Knight Hall,2021-04-12T21:00:00,30.0,,,,,,,,0.0207,,41.311922,-105.581147,2021,4,12,21
West,Knight Hall,2021-04-12T22:00:00,30.0,,,,,,,,0.0207,,41.311922,-105.581147,2021,4,12,22
West,Knight Hall,2021-04-12T23:00:00,30.0,,,,,,,,0.0207,,41.311922,-105.581147,2021,4,12,23
West,Knight Hall,2021-04-13T00:00:00,30.0,,,,,,,,0.0207,,41.311922,-105.581147,2021,4,13,0
West,Knight Hall,2021-04-13T01:00:00,30.0,,,,,,,,0.0207,,41.311922,-105.581147,2021,4,13,1
West,Knight Hall,2021-04-13T02:00:00,20.0,,,,,,,,0.0138,,41.311922,-105.581147,2021,4,13,2
West,Knight Hall,2021-04-13T03:00:00,30.0,,,,,,,,0.0207,,41.311922,-105.581147,2021,4,13,3
West,Knight Hall,2021-04-13T04:00:00,30.0,,,,,,,,0.0207,,41.311922,-105.581147,2021,4,13,4
West,Knight Hall,2021-04-13T05:00:00,30.0,,,,,,,,0.0207,,41.311922,-105.581147,2021,4,13,5
West,Knight Hall,2021-04-13T06:00:00,40.0,,,,,,,,0.0276,,41.311922,-105.581147,2021,4,13,6
West,Knight Hall,2021-04-13T07:00:00,40.0,,,,,,,,0.0276,,41.311922,-105.581147,2021,4,13,7
West,Knight Hall,2021-04-13T08:00:00,70.0,,,,,,,,0.048299999999999996,,41.311922,-105.581147,2021,4,13,8
West,Knight Hall,2021-04-13T09:00:00,70.0,,,,,,,,0.048299999999999996,,41.311922,-105.581147,2021,4,13,9
West,Knight Hall,2021-04-13T10:00:00,70.0,,,,,,,,0.048299999999999996,,41.311922,-105.581147,2021,4,13,10
West,Knight Hall,2021-04-13T11:00:00,70.0,,,,,,,,0.048299999999999996,,41.311922,-105.581147,2021,4,13,11
West,Knight Hall,2021-04-13T12:00:00,60.0,,,,,,,,0.0414,,41.311922,-105.581147,2021,4,13,12
West,Knight Hall,2021-04-13T13:00:00,70.0,,,,,,,,0.048299999999999996,,41.311922,-105.581147,2021,4,13,13
West,Knight Hall,2021-04-13T14:00:00,70.0,,,,,,,,0.048299999999999996,,41.311922,-105.581147,2021,4,13,14
West,Knight Hall,2021-04-13T15:00:00,70.0,,,,,,,,0.048299999999999996,,41.311922,-105.581147,2021,4,13,15
West,Knight Hall,2021-04-13T16:00:00,70.0,,,,,,,,0.048299999999999996,,41.311922,-105.581147,2021,4,13,16
West,Knight Hall,2021-04-13T17:00:00,50.0,,,,,,,,0.034499999999999996,,41.311922,-105.581147,2021,4,13,17
West,Knight Hall,2021-04-13T18:00:00,50.0,,,,,,,,0.034499999999999996,,41.311922,-105.581147,2021,4,13,18
West,Knight Hall,2021-04-13T19:00:00,30.0,,,,,,,,0.0207,,41.311922,-105.581147,2021,4,13,19
West,Knight Hall,2021-04-13T20:00:00,40.0,,,,,,,,0.0276,,41.311922,-105.581147,2021,4,13,20
West,Knight Hall,2021-04-13T21:00:00,30.0,,,,,,,,0.0207,,41.311922,-105.581147,2021,4,13,21
West,Knight Hall,2021-04-13T22:00:00,30.0,,,,,,,,0.0207,,41.311922,-105.581147,2021,4,13,22
West,Knight Hall,2021-04-13T23:00:00,30.0,,,,,,,,0.0207,,41.311922,-105.581147,2021,4,13,23
West,Knight Hall,2021-04-14T00:00:00,30.0,,,,,,,,0.0207,,41.311922,-105.581147,2021,4,14,0
West,Knight Hall,2021-04-14T01:00:00,30.0,,,,,,,,0.0207,,41.311922,-105.581147,2021,4,14,1
West,Knight Hall,2021-04-14T02:00:00,30.0,,,,,,,,0.0207,,41.311922,-105.581147,2021,4,14,2
West,Knight Hall,2021-04-14T03:00:00,30.0,,,,,,,,0.0207,,41.311922,-105.581147,2021,4,14,3
West,Knight Hall,2021-04-14T04:00:00,40.0,,,,,,,,0.0276,,41.311922,-105.581147,2021,4,14,4
West,Knight Hall,2021-04-14T05:00:00,30.0,,,,,,,,0.0207,,41.311922,-105.581147,2021,4,14,5
West,Knight Hall,2021-04-14T06:00:00,40.0,,,,,,,,0.0276,,41.311922,-105.581147,2021,4,14,6
West,Knight Hall,2021-04-14T07:00:00,40.0,,,,,,,,0.0276,,41.311922,-105.581147,2021,4,14,7
West,Knight Hall,2021-04-14T08:00:00,70.0,,,,,,,,0.048299999999999996,,41.311922,-105.581147,2021,4,14,8
West,Knight Hall,2021-04-14T09:00:00,80.0,,,,,,,,0.0552,,41.311922,-105.581147,2021,4,14,9
West,Knight Hall,2021-04-14T10:00:00,70.0,,,,,,,,0.048299999999999996,,41.311922,-105.581147,2021,4,14,10
West,Knight Hall,2021-04-14T11:00:00,70.0,,,,,,,,0.048299999999999996,,41.311922,-105.581147,2021,4,14,11
West,Knight Hall,2021-04-14T12:00:00,70.0,,,,,,,,0.048299999999999996,,41.311922,-105.581147,2021,4,14,12
West,Knight Hall,2021-04-14T13:00:00,60.0,,,,,,,,0.0414,,41.311922,-105.581147,2021,4,14,13
West,Knight Hall,2021-04-14T14:00:00,70.0,,,,,,,,0.048299999999999996,,41.311922,-105.581147,2021,4,14,14
West,Knight Hall,2021-04-14T15:00:00,70.0,,,,,,,,0.048299999999999996,,41.311922,-105.581147,2021,4,14,15
West,Knight Hall,2021-04-14T16:00:00,70.0,,,,,,,,0.048299999999999996,,41.311922,-105.581147,2021,4,14,16
West,Knight Hall,2021-04-14T17:00:00,50.0,,,,,,,,0.034499999999999996,,41.311922,-105.581147,2021,4,14,17
West,Knight Hall,2021-04-14T18:00:00,50.0,,,,,,,,0.034499999999999996,,41.311922,-105.581147,2021,4,14,18
West,Knight Hall,2021-04-14T19:00:00,40.0,,,,,,,,0.0276,,41.311922,-105.581147,2021,4,14,19
West,Knight Hall,2021-04-14T20:00:00,30.0,,,,,,,,0.0207,,41.311922,-105.581147,2021,4,14,20
West,Knight Hall,2021-04-14T21:00:00,40.0,,,,,,,,0.0276,,41.311922,-105.581147,2021,4,14,21
West,Knight Hall,2021-04-14T22:00:00,30.0,,,,,,,,0.0207,,41.311922,-105.581147,2021,4,14,22
West,Knight Hall,2021-04-14T23:00:00,30.0,,,,,,,,0.0207,,41.311922,-105.581147,2021,4,14,23
West,Knight Hall,2021-04-15T00:00:00,20.0,,,,,,,,0.0138,,41.311922,-105.581147,2021,4,15,0
West,Knight Hall,2021-04-15T01:00:00,30.0,,,,,,,,0.0207,,41.311922,-105.581147,2021,4,15,1
West,Knight Hall,2021-04-15T02:00:00,30.0,,,,,,,,0.0207,,41.311922,-105.581147,2021,4,15,2
West,Knight Hall,2021-04-15T03:00:00,20.0,,,,,,,,0.0138,,41.311922,-105.581147,2021,4,15,3
West,Knight Hall,2021-04-15T04:00:00,40.0,,,,,,,,0.0276,,41.311922,-105.581147,2021,4,15,4
West,Knight Hall,2021-04-15T05:00:00,30.0,,,,,,,,0.0207,,41.311922,-105.581147,2021,4,15,5
West,Knight Hall,2021-04-15T06:00:00,30.0,,,,,,,,0.0207,,41.311922,-105.581147,2021,4,15,6
West,Knight Hall,2021-04-15T07:00:00,40.0,,,,,,,,0.0276,,41.311922,-105.581147,2021,4,15,7
West,Knight Hall,2021-04-15T08:00:00,70.0,,,,,,,,0.048299999999999996,,41.311922,-105.581147,2021,4,15,8
West,Knight Hall,2021-04-15T09:00:00,80.0,,,,,,,,0.0552,,41.311922,-105.581147,2021,4,15,9
West,Knight Hall,2021-04-15T10:00:00,70.0,,,,,,,,0.048299999999999996,,41.311922,-105.581147,2021,4,15,10
West,Knight Hall,2021-04-15T11:00:00,80.0,,,,,,,,0.0552,,41.311922,-105.581147,2021,4,15,11
West,Knight Hall,2021-04-15T12:00:00,70.0,,,,,,,,0.048299999999999996,,41.311922,-105.581147,2021,4,15,12
West,Knight Hall,2021-04-15T13:00:00,60.0,,,,,,,,0.0414,,41.311922,-105.581147,2021,4,15,13
West,Knight Hall,2021-04-15T14:00:00,70.0,,,,,,,,0.048299999999999996,,41.311922,-105.581147,2021,4,15,14
West,Knight Hall,2021-04-15T15:00:00,70.0,,,,,,,,0.048299999999999996,,41.311922,-105.581147,2021,4,15,15
West,Knight Hall,2021-04-15T16:00:00,70.0,,,,,,,,0.048299999999999996,,41.311922,-105.581147,2021,4,15,16
West,Knight Hall,2021-04-15T17:00:00,50.0,,,,,,,,0.034499999999999996,,41.311922,-105.581147,2021,4,15,17
West,Knight Hall,2021-04-15T18:00:00,40.0,,,,,,,,0.0276,,41.311922,-105.581147,2021,4,15,18
West,Knight Hall,2021-04-15T19:00:00,40.0,,,,,,,,0.0276,,41.311922,-105.581147,2021,4,15,19
West,Knight Hall,2021-04-15T20:00:00,30.0,,,,,,,,0.0207,,41.311922,-105.581147,2021,4,15,20
West,Knight Hall,2021-04-15T21:00:00,40.0,,,,,,,,0.0276,,41.311922,-105.581147,2021,4,15,21
West,Knight Hall,2021-04-15T22:00:00,30.0,,,,,,,,0.0207,,41.311922,-105.581147,2021,4,15,22
West,Knight Hall,2021-04-15T23:00:00,30.0,,,,,,,,0.0207,,41.311922,-105.581147,2021,4,15,23
West,Knight Hall,2021-04-16T00:00:00,30.0,,,,,,,,0.0207,,41.311922,-105.581147,2021,4,16,0
West,Knight Hall,2021-04-16T01:00:00,30.0,,,,,,,,0.0207,,41.311922,-105.581147,2021,4,16,1
West,Knight Hall,2021-04-16T02:00:00,30.0,,,,,,,,0.0207,,41.311922,-105.581147,2021,4,16,2
West,Knight Hall,2021-04-16T03:00:00,30.0,,,,,,,,0.0207,,41.311922,-105.581147,2021,4,16,3
West,Knight Hall,2021-04-16T04:00:00,40.0,,,,,,,,0.0276,,41.311922,-105.581147,2021,4,16,4
West,Knight Hall,2021-04-16T05:00:00,30.0,,,,,,,,0.0207,,41.311922,-105.581147,2021,4,16,5
West,Knight Hall,2021-04-16T06:00:00,30.0,,,,,,,,0.0207,,41.311922,-105.581147,2021,4,16,6
West,Knight Hall,2021-04-16T07:00:00,40.0,,,,,,,,0.0276,,41.311922,-105.581147,2021,4,16,7
West,Knight Hall,2021-04-16T08:00:00,70.0,,,,,,,,0.048299999999999996,,41.311922,-105.581147,2021,4,16,8
West,Knight Hall,2021-04-16T09:00:00,70.0,,,,,,,,0.048299999999999996,,41.311922,-105.581147,2021,4,16,9
West,Knight Hall,2021-04-16T10:00:00,70.0,,,,,,,,0.048299999999999996,,41.311922,-105.581147,2021,4,16,10
West,Knight Hall,2021-04-16T11:00:00,80.0,,,,,,,,0.0552,,41.311922,-105.581147,2021,4,16,11
West,Knight Hall,2021-04-16T12:00:00,60.0,,,,,,,,0.0414,,41.311922,-105.581147,2021,4,16,12
West,Knight Hall,2021-04-16T13:00:00,70.0,,,,,,,,0.048299999999999996,,41.311922,-105.581147,2021,4,16,13
West,Knight Hall,2021-04-16T14:00:00,70.0,,,,,,,,0.048299999999999996,,41.311922,-105.581147,2021,4,16,14
West,Knight Hall,2021-04-16T15:00:00,60.0,,,,,,,,0.0414,,41.311922,-105.581147,2021,4,16,15
West,Knight Hall,2021-04-16T16:00:00,70.0,,,,,,,,0.048299999999999996,,41.311922,-105.581147,2021,4,16,16
West,Knight Hall,2021-04-16T17:00:00,40.0,,,,,,,,0.0276,,41.311922,-105.581147,2021,4,16,17
West,Knight Hall,2021-04-16T18:00:00,50.0,,,,,,,,0.034499999999999996,,41.311922,-105.581147,2021,4,16,18
West,Knight Hall,2021-04-16T19:00:00,30.0,,,,,,,,0.0207,,41.311922,-105.581147,2021,4,16,19
West,Knight Hall,2021-04-16T20:00:00,30.0,,,,,,,,0.0207,,41.311922,-105.581147,2021,4,16,20
West,Knight Hall,2021-04-16T21:00:00,40.0,,,,,,,,0.0276,,41.311922,-105.581147,2021,4,16,21
West,Knight Hall,2021-04-16T22:00:00,30.0,,,,,,,,0.0207,,41.311922,-105.581147,2021,4,16,22
West,Knight Hall,2021-04-16T23:00:00,30.0,,,,,,,,0.0207,,41.311922,-105.581147,2021,4,16,23
West,Knight Hall,2021-04-17T00:00:00,20.0,,,,,,,,0.0138,,41.311922,-105.581147,2021,4,17,0
West,Knight Hall,2021-04-17T01:00:00,30.0,,,,,,,,0.0207,,41.311922,-105.581147,2021,4,17,1
West,Knight Hall,2021-04-17T02:00:00,30.0,,,,,,,,0.0207,,41.311922,-105.581147,2021,4,17,2
West,Knight Hall,2021-04-17T03:00:00,30.0,,,,,,,,0.0207,,41.311922,-105.581147,2021,4,17,3
West,Knight Hall,2021-04-17T04:00:00,30.0,,,,,,,,0.0207,,41.311922,-105.581147,2021,4,17,4
West,Knight Hall,2021-04-17T05:00:00,30.0,,,,,,,,0.0207,,41.311922,-105.581147,2021,4,17,5
West,Knight Hall,2021-04-17T06:00:00,30.0,,,,,,,,0.0207,,41.311922,-105.581147,2021,4,17,6
West,Knight Hall,2021-04-17T07:00:00,30.0,,,,,,,,0.0207,,41.311922,-105.581147,2021,4,17,7
West,Knight Hall,2021-04-17T08:00:00,40.0,,,,,,,,0.0276,,41.311922,-105.581147,2021,4,17,8
West,Knight Hall,2021-04-17T09:00:00,30.0,,,,,,,,0.0207,,41.311922,-105.581147,2021,4,17,9
West,Knight Hall,2021-04-17T10:00:00,40.0,,,,,,,,0.0276,,41.311922,-105.581147,2021,4,17,10
West,Knight Hall,2021-04-17T11:00:00,40.0,,,,,,,,0.0276,,41.311922,-105.581147,2021,4,17,11
West,Knight Hall,2021-04-17T12:00:00,30.0,,,,,,,,0.0207,,41.311922,-105.581147,2021,4,17,12
West,Knight Hall,2021-04-17T13:00:00,40.0,,,,,,,,0.0276,,41.311922,-105.581147,2021,4,17,13
West,Knight Hall,2021-04-17T14:00:00,40.0,,,,,,,,0.0276,,41.311922,-105.581147,2021,4,17,14
West,Knight Hall,2021-04-17T15:00:00,30.0,,,,,,,,0.0207,,41.311922,-105.581147,2021,4,17,15
West,Knight Hall,2021-04-17T16:00:00,30.0,,,,,,,,0.0207,,41.311922,-105.581147,2021,4,17,16
West,Knight Hall,2021-04-17T17:00:00,30.0,,,,,,,,0.0207,,41.311922,-105.581147,2021,4,17,17
West,Knight Hall,2021-04-17T18:00:00,30.0,,,,,,,,0.0207,,41.311922,-105.581147,2021,4,17,18
West,Knight Hall,2021-04-17T19:00:00,30.0,,,,,,,,0.0207,,41.311922,-105.581147,2021,4,17,19
West,Knight Hall,2021-04-17T20:00:00,30.0,,,,,,,,0.0207,,41.311922,-105.581147,2021,4,17,20
West,Knight Hall,2021-04-17T21:00:00,30.0,,,,,,,,0.0207,,41.311922,-105.581147,2021,4,17,21
West,Knight Hall,2021-04-17T22:00:00,30.0,,,,,,,,0.0207,,41.311922,-105.581147,2021,4,17,22
West,Knight Hall,2021-04-17T23:00:00,20.0,,,,,,,,0.0138,,41.311922,-105.581147,2021,4,17,23
West,Knight Hall,2021-04-18T00:00:00,30.0,,,,,,,,0.0207,,41.311922,-105.581147,2021,4,18,0
West,Knight Hall,2021-04-18T01:00:00,30.0,,,,,,,,0.0207,,41.311922,-105.581147,2021,4,18,1
West,Knight Hall,2021-04-18T02:00:00,20.0,,,,,,,,0.0138,,41.311922,-105.581147,2021,4,18,2
West,Knight Hall,2021-04-18T03:00:00,30.0,,,,,,,,0.0207,,41.311922,-105.581147,2021,4,18,3
West,Knight Hall,2021-04-18T04:00:00,30.0,,,,,,,,0.0207,,41.311922,-105.581147,2021,4,18,4
West,Knight Hall,2021-04-18T05:00:00,20.0,,,,,,,,0.0138,,41.311922,-105.581147,2021,4,18,5
West,Knight Hall,2021-04-18T06:00:00,30.0,,,,,,,,0.0207,,41.311922,-105.581147,2021,4,18,6
West,Knight Hall,2021-04-18T07:00:00,30.0,,,,,,,,0.0207,,41.311922,-105.581147,2021,4,18,7
West,Knight Hall,2021-04-18T08:00:00,30.0,,,,,,,,0.0207,,41.311922,-105.581147,2021,4,18,8
West,Knight Hall,2021-04-18T09:00:00,30.0,,,,,,,,0.0207,,41.311922,-105.581147,2021,4,18,9
West,Knight Hall,2021-04-18T10:00:00,30.0,,,,,,,,0.0207,,41.311922,-105.581147,2021,4,18,10
West,Knight Hall,2021-04-18T11:00:00,40.0,,,,,,,,0.0276,,41.311922,-105.581147,2021,4,18,11
West,Knight Hall,2021-04-18T12:00:00,30.0,,,,,,,,0.0207,,41.311922,-105.581147,2021,4,18,12
West,Knight Hall,2021-04-18T13:00:00,30.0,,,,,,,,0.0207,,41.311922,-105.581147,2021,4,18,13
West,Knight Hall,2021-04-18T14:00:00,30.0,,,,,,,,0.0207,,41.311922,-105.581147,2021,4,18,14
West,Knight Hall,2021-04-18T15:00:00,30.0,,,,,,,,0.0207,,41.311922,-105.581147,2021,4,18,15
West,Knight Hall,2021-04-18T16:00:00,30.0,,,,,,,,0.0207,,41.311922,-105.581147,2021,4,18,16
West,Knight Hall,2021-04-18T17:00:00,20.0,,,,,,,,0.0138,,41.311922,-105.581147,2021,4,18,17
West,Knight Hall,2021-04-18T18:00:00,30.0,,,,,,,,0.0207,,41.311922,-105.581147,2021,4,18,18
West,Knight Hall,2021-04-18T19:00:00,30.0,,,,,,,,0.0207,,41.311922,-105.581147,2021,4,18,19
West,Knight Hall,2021-04-18T20:00:00,20.0,,,,,,,,0.0138,,41.311922,-105.581147,2021,4,18,20
West,Knight Hall,2021-04-18T21:00:00,30.0,,,,,,,,0.0207,,41.311922,-105.581147,2021,4,18,21
West,Knight Hall,2021-04-18T22:00:00,30.0,,,,,,,,0.0207,,41.311922,-105.581147,2021,4,18,22
West,Knight Hall,2021-04-18T23:00:00,20.0,,,,,,,,0.0138,,41.311922,-105.581147,2021,4,18,23
West,Knight Hall,2021-04-19T00:00:00,30.0,,,,,,,,0.0207,,41.311922,-105.581147,2021,4,19,0
West,Knight Hall,2021-04-19T01:00:00,30.0,,,,,,,,0.0207,,41.311922,-105.581147,2021,4,19,1
West,Knight Hall,2021-04-19T02:00:00,20.0,,,,,,,,0.0138,,41.311922,-105.581147,2021,4,19,2
West,Knight Hall,2021-04-19T03:00:00,30.0,,,,,,,,0.0207,,41.311922,-105.581147,2021,4,19,3
West,Knight Hall,2021-04-19T04:00:00,30.0,,,,,,,,0.0207,,41.311922,-105.581147,2021,4,19,4
West,Knight Hall,2021-04-19T05:00:00,30.0,,,,,,,,0.0207,,41.311922,-105.581147,2021,4,19,5
West,Knight Hall,2021-04-19T06:00:00,30.0,,,,,,,,0.0207,,41.311922,-105.581147,2021,4,19,6
West,Knight Hall,2021-04-19T07:00:00,40.0,,,,,,,,0.0276,,41.311922,-105.581147,2021,4,19,7
West,Knight Hall,2021-04-19T08:00:00,70.0,,,,,,,,0.048299999999999996,,41.311922,-105.581147,2021,4,19,8
West,Knight Hall,2021-04-19T09:00:00,70.0,,,,,,,,0.048299999999999996,,41.311922,-105.581147,2021,4,19,9
West,Knight Hall,2021-04-19T10:00:00,70.0,,,,,,,,0.048299999999999996,,41.311922,-105.581147,2021,4,19,10
West,Knight Hall,2021-04-19T11:00:00,70.0,,,,,,,,0.048299999999999996,,41.311922,-105.581147,2021,4,19,11
West,Knight Hall,2021-04-19T12:00:00,70.0,,,,,,,,0.048299999999999996,,41.311922,-105.581147,2021,4,19,12
West,Knight Hall,2021-04-19T13:00:00,70.0,,,,,,,,0.048299999999999996,,41.311922,-105.581147,2021,4,19,13
West,Knight Hall,2021-04-19T14:00:00,70.0,,,,,,,,0.048299999999999996,,41.311922,-105.581147,2021,4,19,14
West,Knight Hall,2021-04-19T15:00:00,70.0,,,,,,,,0.048299999999999996,,41.311922,-105.581147,2021,4,19,15
West,Knight Hall,2021-04-19T16:00:00,70.0,,,,,,,,0.048299999999999996,,41.311922,-105.581147,2021,4,19,16
West,Knight Hall,2021-04-19T17:00:00,50.0,,,,,,,,0.034499999999999996,,41.311922,-105.581147,2021,4,19,17
West,Knight Hall,2021-04-19T18:00:00,50.0,,,,,,,,0.034499999999999996,,41.311922,-105.581147,2021,4,19,18
West,Knight Hall,2021-04-19T19:00:00,40.0,,,,,,,,0.0276,,41.311922,-105.581147,2021,4,19,19
West,Knight Hall,2021-04-19T20:00:00,30.0,,,,,,,,0.0207,,41.311922,-105.581147,2021,4,19,20
West,Knight Hall,2021-04-19T21:00:00,40.0,,,,,,,,0.0276,,41.311922,-105.581147,2021,4,19,21
West,Knight Hall,2021-04-19T22:00:00,30.0,,,,,,,,0.0207,,41.311922,-105.581147,2021,4,19,22
West,Knight Hall,2021-04-19T23:00:00,30.0,,,,,,,,0.0207,,41.311922,-105.581147,2021,4,19,23
West,Knight Hall,2021-04-20T00:00:00,30.0,,,,,,,,0.0207,,41.311922,-105.581147,2021,4,20,0
West,Knight Hall,2021-04-20T01:00:00,30.0,,,,,,,,0.0207,,41.311922,-105.581147,2021,4,20,1
West,Knight Hall,2021-04-20T02:00:00,30.0,,,,,,,,0.0207,,41.311922,-105.581147,2021,4,20,2
West,Knight Hall,2021-04-20T03:00:00,30.0,,,,,,,,0.0207,,41.311922,-105.581147,2021,4,20,3
West,Knight Hall,2021-04-20T04:00:00,30.0,,,,,,,,0.0207,,41.311922,-105.581147,2021,4,20,4
West,Knight Hall,2021-04-20T05:00:00,30.0,,,,,,,,0.0207,,41.311922,-105.581147,2021,4,20,5
West,Knight Hall,2021-04-20T06:00:00,30.0,,,,,,,,0.0207,,41.311922,-105.581147,2021,4,20,6
West,Knight Hall,2021-04-20T07:00:00,40.0,,,,,,,,0.0276,,41.311922,-105.581147,2021,4,20,7
West,Knight Hall,2021-04-20T08:00:00,70.0,,,,,,,,0.048299999999999996,,41.311922,-105.581147,2021,4,20,8
West,Knight Hall,2021-04-20T09:00:00,70.0,,,,,,,,0.048299999999999996,,41.311922,-105.581147,2021,4,20,9
West,Knight Hall,2021-04-20T10:00:00,70.0,,,,,,,,0.048299999999999996,,41.311922,-105.581147,2021,4,20,10
West,Knight Hall,2021-04-20T11:00:00,60.0,,,,,,,,0.0414,,41.311922,-105.581147,2021,4,20,11
West,Knight Hall,2021-04-20T12:00:00,70.0,,,,,,,,0.048299999999999996,,41.311922,-105.581147,2021,4,20,12
West,Knight Hall,2021-04-20T13:00:00,60.0,,,,,,,,0.0414,,41.311922,-105.581147,2021,4,20,13
West,Knight Hall,2021-04-20T14:00:00,70.0,,,,,,,,0.048299999999999996,,41.311922,-105.581147,2021,4,20,14
West,Knight Hall,2021-04-20T15:00:00,60.0,,,,,,,,0.0414,,41.311922,-105.581147,2021,4,20,15
West,Knight Hall,2021-04-20T16:00:00,70.0,,,,,,,,0.048299999999999996,,41.311922,-105.581147,2021,4,20,16
West,Knight Hall,2021-04-20T17:00:00,50.0,,,,,,,,0.034499999999999996,,41.311922,-105.581147,2021,4,20,17
West,Knight Hall,2021-04-20T18:00:00,40.0,,,,,,,,0.0276,,41.311922,-105.581147,2021,4,20,18
West,Knight Hall,2021-04-20T19:00:00,40.0,,,,,,,,0.0276,,41.311922,-105.581147,2021,4,20,19
West,Knight Hall,2021-04-20T20:00:00,30.0,,,,,,,,0.0207,,41.311922,-105.581147,2021,4,20,20
West,Knight Hall,2021-04-20T21:00:00,30.0,,,,,,,,0.0207,,41.311922,-105.581147,2021,4,20,21
West,Knight Hall,2021-04-20T22:00:00,30.0,,,,,,,,0.0207,,41.311922,-105.581147,2021,4,20,22
West,Knight Hall,2021-04-20T23:00:00,30.0,,,,,,,,0.0207,,41.311922,-105.581147,2021,4,20,23
West,Knight Hall,2021-04-21T00:00:00,30.0,,,,,,,,0.0207,,41.311922,-105.581147,2021,4,21,0
West,Knight Hall,2021-04-21T01:00:00,30.0,,,,,,,,0.0207,,41.311922,-105.581147,2021,4,21,1
West,Knight Hall,2021-04-21T02:00:00,20.0,,,,,,,,0.0138,,41.311922,-105.581147,2021,4,21,2
West,Knight Hall,2021-04-21T03:00:00,30.0,,,,,,,,0.0207,,41.311922,-105.581147,2021,4,21,3
West,Knight Hall,2021-04-21T04:00:00,30.0,,,,,,,,0.0207,,41.311922,-105.581147,2021,4,21,4
West,Knight Hall,2021-04-21T05:00:00,30.0,,,,,,,,0.0207,,41.311922,-105.581147,2021,4,21,5
West,Knight Hall,2021-04-21T06:00:00,30.0,,,,,,,,0.0207,,41.311922,-105.581147,2021,4,21,6
West,Knight Hall,2021-04-21T07:00:00,40.0,,,,,,,,0.0276,,41.311922,-105.581147,2021,4,21,7
West,Knight Hall,2021-04-21T08:00:00,70.0,,,,,,,,0.048299999999999996,,41.311922,-105.581147,2021,4,21,8
West,Knight Hall,2021-04-21T09:00:00,80.0,,,,,,,,0.0552,,41.311922,-105.581147,2021,4,21,9
West,Knight Hall,2021-04-21T10:00:00,70.0,,,,,,,,0.048299999999999996,,41.311922,-105.581147,2021,4,21,10
West,Knight Hall,2021-04-21T11:00:00,70.0,,,,,,,,0.048299999999999996,,41.311922,-105.581147,2021,4,21,11
West,Knight Hall,2021-04-21T12:00:00,70.0,,,,,,,,0.048299999999999996,,41.311922,-105.581147,2021,4,21,12
West,Knight Hall,2021-04-21T13:00:00,70.0,,,,,,,,0.048299999999999996,,41.311922,-105.581147,2021,4,21,13
West,Knight Hall,2021-04-21T14:00:00,70.0,,,,,,,,0.048299999999999996,,41.311922,-105.581147,2021,4,21,14
West,Knight Hall,2021-04-21T15:00:00,70.0,,,,,,,,0.048299999999999996,,41.311922,-105.581147,2021,4,21,15
West,Knight Hall,2021-04-21T16:00:00,70.0,,,,,,,,0.048299999999999996,,41.311922,-105.581147,2021,4,21,16
West,Knight Hall,2021-04-21T17:00:00,40.0,,,,,,,,0.0276,,41.311922,-105.581147,2021,4,21,17
West,Knight Hall,2021-04-21T18:00:00,50.0,,,,,,,,0.034499999999999996,,41.311922,-105.581147,2021,4,21,18
West,Knight Hall,2021-04-21T19:00:00,40.0,,,,,,,,0.0276,,41.311922,-105.581147,2021,4,21,19
West,Knight Hall,2021-04-21T20:00:00,40.0,,,,,,,,0.0276,,41.311922,-105.581147,2021,4,21,20
West,Knight Hall,2021-04-21T21:00:00,30.0,,,,,,,,0.0207,,41.311922,-105.581147,2021,4,21,21
West,Knight Hall,2021-04-21T22:00:00,30.0,,,,,,,,0.0207,,41.311922,-105.581147,2021,4,21,22
West,Knight Hall,2021-04-21T23:00:00,30.0,,,,,,,,0.0207,,41.311922,-105.581147,2021,4,21,23
West,Knight Hall,2021-04-22T00:00:00,30.0,,,,,,,,0.0207,,41.311922,-105.581147,2021,4,22,0
West,Knight Hall,2021-04-22T01:00:00,30.0,,,,,,,,0.0207,,41.311922,-105.581147,2021,4,22,1
West,Knight Hall,2021-04-22T02:00:00,20.0,,,,,,,,0.0138,,41.311922,-105.581147,2021,4,22,2
West,Knight Hall,2021-04-22T03:00:00,30.0,,,,,,,,0.0207,,41.311922,-105.581147,2021,4,22,3
West,Knight Hall,2021-04-22T04:00:00,30.0,,,,,,,,0.0207,,41.311922,-105.581147,2021,4,22,4
West,Knight Hall,2021-04-22T05:00:00,30.0,,,,,,,,0.0207,,41.311922,-105.581147,2021,4,22,5
West,Knight Hall,2021-04-22T06:00:00,40.0,,,,,,,,0.0276,,41.311922,-105.581147,2021,4,22,6
West,Knight Hall,2021-04-22T07:00:00,40.0,,,,,,,,0.0276,,41.311922,-105.581147,2021,4,22,7
West,Knight Hall,2021-04-22T08:00:00,60.0,,,,,,,,0.0414,,41.311922,-105.581147,2021,4,22,8
West,Knight Hall,2021-04-22T09:00:00,70.0,,,,,,,,0.048299999999999996,,41.311922,-105.581147,2021,4,22,9
West,Knight Hall,2021-04-22T10:00:00,70.0,,,,,,,,0.048299999999999996,,41.311922,-105.581147,2021,4,22,10
West,Knight Hall,2021-04-22T11:00:00,70.0,,,,,,,,0.048299999999999996,,41.311922,-105.581147,2021,4,22,11
West,Knight Hall,2021-04-22T12:00:00,70.0,,,,,,,,0.048299999999999996,,41.311922,-105.581147,2021,4,22,12
West,Knight Hall,2021-04-22T13:00:00,70.0,,,,,,,,0.048299999999999996,,41.311922,-105.581147,2021,4,22,13
West,Knight Hall,2021-04-22T14:00:00,70.0,,,,,,,,0.048299999999999996,,41.311922,-105.581147,2021,4,22,14
West,Knight Hall,2021-04-22T15:00:00,60.0,,,,,,,,0.0414,,41.311922,-105.581147,2021,4,22,15
West,Knight Hall,2021-04-22T16:00:00,70.0,,,,,,,,0.048299999999999996,,41.311922,-105.581147,2021,4,22,16
West,Knight Hall,2021-04-22T17:00:00,40.0,,,,,,,,0.0276,,41.311922,-105.581147,2021,4,22,17
West,Knight Hall,2021-04-22T18:00:00,50.0,,,,,,,,0.034499999999999996,,41.311922,-105.581147,2021,4,22,18
West,Knight Hall,2021-04-22T19:00:00,30.0,,,,,,,,0.0207,,41.311922,-105.581147,2021,4,22,19
West,Knight Hall,2021-04-22T20:00:00,40.0,,,,,,,,0.0276,,41.311922,-105.581147,2021,4,22,20
West,Knight Hall,2021-04-22T21:00:00,30.0,,,,,,,,0.0207,,41.311922,-105.581147,2021,4,22,21
West,Knight Hall,2021-04-22T22:00:00,40.0,,,,,,,,0.0276,,41.311922,-105.581147,2021,4,22,22
West,Knight Hall,2021-04-22T23:00:00,20.0,,,,,,,,0.0138,,41.311922,-105.581147,2021,4,22,23
West,Knight Hall,2021-04-23T00:00:00,30.0,,,,,,,,0.0207,,41.311922,-105.581147,2021,4,23,0
West,Knight Hall,2021-04-23T01:00:00,30.0,,,,,,,,0.0207,,41.311922,-105.581147,2021,4,23,1
West,Knight Hall,2021-04-23T02:00:00,20.0,,,,,,,,0.0138,,41.311922,-105.581147,2021,4,23,2
West,Knight Hall,2021-04-23T03:00:00,30.0,,,,,,,,0.0207,,41.311922,-105.581147,2021,4,23,3
West,Knight Hall,2021-04-23T04:00:00,30.0,,,,,,,,0.0207,,41.311922,-105.581147,2021,4,23,4
West,Knight Hall,2021-04-23T05:00:00,30.0,,,,,,,,0.0207,,41.311922,-105.581147,2021,4,23,5
West,Knight Hall,2021-04-23T06:00:00,30.0,,,,,,,,0.0207,,41.311922,-105.581147,2021,4,23,6
West,Knight Hall,2021-04-23T07:00:00,40.0,,,,,,,,0.0276,,41.311922,-105.581147,2021,4,23,7
West,Knight Hall,2021-04-23T08:00:00,70.0,,,,,,,,0.048299999999999996,,41.311922,-105.581147,2021,4,23,8
West,Knight Hall,2021-04-23T09:00:00,70.0,,,,,,,,0.048299999999999996,,41.311922,-105.581147,2021,4,23,9
West,Knight Hall,2021-04-23T10:00:00,70.0,,,,,,,,0.048299999999999996,,41.311922,-105.581147,2021,4,23,10
West,Knight Hall,2021-04-23T11:00:00,70.0,,,,,,,,0.048299999999999996,,41.311922,-105.581147,2021,4,23,11
West,Knight Hall,2021-04-23T12:00:00,70.0,,,,,,,,0.048299999999999996,,41.311922,-105.581147,2021,4,23,12
West,Knight Hall,2021-04-23T13:00:00,70.0,,,,,,,,0.048299999999999996,,41.311922,-105.581147,2021,4,23,13
West,Knight Hall,2021-04-23T14:00:00,70.0,,,,,,,,0.048299999999999996,,41.311922,-105.581147,2021,4,23,14
West,Knight Hall,2021-04-23T15:00:00,70.0,,,,,,,,0.048299999999999996,,41.311922,-105.581147,2021,4,23,15
West,Knight Hall,2021-04-23T16:00:00,60.0,,,,,,,,0.0414,,41.311922,-105.581147,2021,4,23,16
West,Knight Hall,2021-04-23T17:00:00,50.0,,,,,,,,0.034499999999999996,,41.311922,-105.581147,2021,4,23,17
West,Knight Hall,2021-04-23T18:00:00,50.0,,,,,,,,0.034499999999999996,,41.311922,-105.581147,2021,4,23,18
West,Knight Hall,2021-04-23T19:00:00,50.0,,,,,,,,0.034499999999999996,,41.311922,-105.581147,2021,4,23,19
West,Knight Hall,2021-04-23T20:00:00,40.0,,,,,,,,0.0276,,41.311922,-105.581147,2021,4,23,20
West,Knight Hall,2021-04-23T21:00:00,40.0,,,,,,,,0.0276,,41.311922,-105.581147,2021,4,23,21
West,Knight Hall,2021-04-23T22:00:00,30.0,,,,,,,,0.0207,,41.311922,-105.581147,2021,4,23,22
West,Knight Hall,2021-04-23T23:00:00,30.0,,,,,,,,0.0207,,41.311922,-105.581147,2021,4,23,23
West,Knight Hall,2021-04-24T00:00:00,20.0,,,,,,,,0.0138,,41.311922,-105.581147,2021,4,24,0
West,Knight Hall,2021-04-24T01:00:00,30.0,,,,,,,,0.0207,,41.311922,-105.581147,2021,4,24,1
West,Knight Hall,2021-04-24T02:00:00,30.0,,,,,,,,0.0207,,41.311922,-105.581147,2021,4,24,2
West,Knight Hall,2021-04-24T03:00:00,20.0,,,,,,,,0.0138,,41.311922,-105.581147,2021,4,24,3
West,Knight Hall,2021-04-24T04:00:00,30.0,,,,,,,,0.0207,,41.311922,-105.581147,2021,4,24,4
West,Knight Hall,2021-04-24T05:00:00,30.0,,,,,,,,0.0207,,41.311922,-105.581147,2021,4,24,5
West,Knight Hall,2021-04-24T06:00:00,20.0,,,,,,,,0.0138,,41.311922,-105.581147,2021,4,24,6
West,Knight Hall,2021-04-24T07:00:00,30.0,,,,,,,,0.0207,,41.311922,-105.581147,2021,4,24,7
West,Knight Hall,2021-04-24T08:00:00,30.0,,,,,,,,0.0207,,41.311922,-105.581147,2021,4,24,8
West,Knight Hall,2021-04-24T09:00:00,30.0,,,,,,,,0.0207,,41.311922,-105.581147,2021,4,24,9
West,Knight Hall,2021-04-24T10:00:00,40.0,,,,,,,,0.0276,,41.311922,-105.581147,2021,4,24,10
West,Knight Hall,2021-04-24T11:00:00,30.0,,,,,,,,0.0207,,41.311922,-105.581147,2021,4,24,11
West,Knight Hall,2021-04-24T12:00:00,40.0,,,,,,,,0.0276,,41.311922,-105.581147,2021,4,24,12
West,Knight Hall,2021-04-24T13:00:00,30.0,,,,,,,,0.0207,,41.311922,-105.581147,2021,4,24,13
West,Knight Hall,2021-04-24T14:00:00,40.0,,,,,,,,0.0276,,41.311922,-105.581147,2021,4,24,14
West,Knight Hall,2021-04-24T15:00:00,30.0,,,,,,,,0.0207,,41.311922,-105.581147,2021,4,24,15
West,Knight Hall,2021-04-24T16:00:00,30.0,,,,,,,,0.0207,,41.311922,-105.581147,2021,4,24,16
West,Knight Hall,2021-04-24T17:00:00,30.0,,,,,,,,0.0207,,41.311922,-105.581147,2021,4,24,17
West,Knight Hall,2021-04-24T18:00:00,30.0,,,,,,,,0.0207,,41.311922,-105.581147,2021,4,24,18
West,Knight Hall,2021-04-24T19:00:00,30.0,,,,,,,,0.0207,,41.311922,-105.581147,2021,4,24,19
West,Knight Hall,2021-04-24T20:00:00,30.0,,,,,,,,0.0207,,41.311922,-105.581147,2021,4,24,20
West,Knight Hall,2021-04-24T21:00:00,20.0,,,,,,,,0.0138,,41.311922,-105.581147,2021,4,24,21
West,Knight Hall,2021-04-24T22:00:00,30.0,,,,,,,,0.0207,,41.311922,-105.581147,2021,4,24,22
West,Knight Hall,2021-04-24T23:00:00,20.0,,,,,,,,0.0138,,41.311922,-105.581147,2021,4,24,23
West,Knight Hall,2021-04-25T00:00:00,30.0,,,,,,,,0.0207,,41.311922,-105.581147,2021,4,25,0
West,Knight Hall,2021-04-25T01:00:00,20.0,,,,,,,,0.0138,,41.311922,-105.581147,2021,4,25,1
West,Knight Hall,2021-04-25T02:00:00,30.0,,,,,,,,0.0207,,41.311922,-105.581147,2021,4,25,2
West,Knight Hall,2021-04-25T03:00:00,30.0,,,,,,,,0.0207,,41.311922,-105.581147,2021,4,25,3
West,Knight Hall,2021-04-25T04:00:00,30.0,,,,,,,,0.0207,,41.311922,-105.581147,2021,4,25,4
West,Knight Hall,2021-04-25T05:00:00,20.0,,,,,,,,0.0138,,41.311922,-105.581147,2021,4,25,5
West,Knight Hall,2021-04-25T06:00:00,30.0,,,,,,,,0.0207,,41.311922,-105.581147,2021,4,25,6
West,Knight Hall,2021-04-25T07:00:00,40.0,,,,,,,,0.0276,,41.311922,-105.581147,2021,4,25,7
West,Knight Hall,2021-04-25T08:00:00,30.0,,,,,,,,0.0207,,41.311922,-105.581147,2021,4,25,8
West,Knight Hall,2021-04-25T09:00:00,40.0,,,,,,,,0.0276,,41.311922,-105.581147,2021,4,25,9
West,Knight Hall,2021-04-25T10:00:00,30.0,,,,,,,,0.0207,,41.311922,-105.581147,2021,4,25,10
West,Knight Hall,2021-04-25T11:00:00,40.0,,,,,,,,0.0276,,41.311922,-105.581147,2021,4,25,11
West,Knight Hall,2021-04-25T12:00:00,30.0,,,,,,,,0.0207,,41.311922,-105.581147,2021,4,25,12
West,Knight Hall,2021-04-25T13:00:00,40.0,,,,,,,,0.0276,,41.311922,-105.581147,2021,4,25,13
West,Knight Hall,2021-04-25T14:00:00,30.0,,,,,,,,0.0207,,41.311922,-105.581147,2021,4,25,14
West,Knight Hall,2021-04-25T15:00:00,40.0,,,,,,,,0.0276,,41.311922,-105.581147,2021,4,25,15
West,Knight Hall,2021-04-25T16:00:00,30.0,,,,,,,,0.0207,,41.311922,-105.581147,2021,4,25,16
West,Knight Hall,2021-04-25T17:00:00,30.0,,,,,,,,0.0207,,41.311922,-105.581147,2021,4,25,17
West,Knight Hall,2021-04-25T18:00:00,30.0,,,,,,,,0.0207,,41.311922,-105.581147,2021,4,25,18
West,Knight Hall,2021-04-25T19:00:00,30.0,,,,,,,,0.0207,,41.311922,-105.581147,2021,4,25,19
West,Knight Hall,2021-04-25T20:00:00,30.0,,,,,,,,0.0207,,41.311922,-105.581147,2021,4,25,20
West,Knight Hall,2021-04-25T21:00:00,30.0,,,,,,,,0.0207,,41.311922,-105.581147,2021,4,25,21
West,Knight Hall,2021-04-25T22:00:00,20.0,,,,,,,,0.0138,,41.311922,-105.581147,2021,4,25,22
West,Knight Hall,2021-04-25T23:00:00,30.0,,,,,,,,0.0207,,41.311922,-105.581147,2021,4,25,23
West,Knight Hall,2021-04-26T00:00:00,20.0,,,,,,,,0.0138,,41.311922,-105.581147,2021,4,26,0
West,Knight Hall,2021-04-26T01:00:00,30.0,,,,,,,,0.0207,,41.311922,-105.581147,2021,4,26,1
West,Knight Hall,2021-04-26T02:00:00,30.0,,,,,,,,0.0207,,41.311922,-105.581147,2021,4,26,2
West,Knight Hall,2021-04-26T03:00:00,30.0,,,,,,,,0.0207,,41.311922,-105.581147,2021,4,26,3
West,Knight Hall,2021-04-26T04:00:00,30.0,,,,,,,,0.0207,,41.311922,-105.581147,2021,4,26,4
West,Knight Hall,2021-04-26T05:00:00,30.0,,,,,,,,0.0207,,41.311922,-105.581147,2021,4,26,5
West,Knight Hall,2021-04-26T06:00:00,30.0,,,,,,,,0.0207,,41.311922,-105.581147,2021,4,26,6
West,Knight Hall,2021-04-26T07:00:00,50.0,,,,,,,,0.034499999999999996,,41.311922,-105.581147,2021,4,26,7
West,Knight Hall,2021-04-26T08:00:00,60.0,,,,,,,,0.0414,,41.311922,-105.581147,2021,4,26,8
West,Knight Hall,2021-04-26T09:00:00,70.0,,,,,,,,0.048299999999999996,,41.311922,-105.581147,2021,4,26,9
West,Knight Hall,2021-04-26T10:00:00,70.0,,,,,,,,0.048299999999999996,,41.311922,-105.581147,2021,4,26,10
West,Knight Hall,2021-04-26T11:00:00,70.0,,,,,,,,0.048299999999999996,,41.311922,-105.581147,2021,4,26,11
West,Knight Hall,2021-04-26T12:00:00,70.0,,,,,,,,0.048299999999999996,,41.311922,-105.581147,2021,4,26,12
West,Knight Hall,2021-04-26T13:00:00,70.0,,,,,,,,0.048299999999999996,,41.311922,-105.581147,2021,4,26,13
West,Knight Hall,2021-04-26T14:00:00,70.0,,,,,,,,0.048299999999999996,,41.311922,-105.581147,2021,4,26,14
West,Knight Hall,2021-04-26T15:00:00,60.0,,,,,,,,0.0414,,41.311922,-105.581147,2021,4,26,15
West,Knight Hall,2021-04-26T16:00:00,60.0,,,,,,,,0.0414,,41.311922,-105.581147,2021,4,26,16
West,Knight Hall,2021-04-26T17:00:00,50.0,,,,,,,,0.034499999999999996,,41.311922,-105.581147,2021,4,26,17
West,Knight Hall,2021-04-26T18:00:00,40.0,,,,,,,,0.0276,,41.311922,-105.581147,2021,4,26,18
West,Knight Hall,2021-04-26T19:00:00,30.0,,,,,,,,0.0207,,41.311922,-105.581147,2021,4,26,19
West,Knight Hall,2021-04-26T20:00:00,30.0,,,,,,,,0.0207,,41.311922,-105.581147,2021,4,26,20
West,Knight Hall,2021-04-26T21:00:00,30.0,,,,,,,,0.0207,,41.311922,-105.581147,2021,4,26,21
West,Knight Hall,2021-04-26T22:00:00,30.0,,,,,,,,0.0207,,41.311922,-105.581147,2021,4,26,22
West,Knight Hall,2021-04-26T23:00:00,30.0,,,,,,,,0.0207,,41.311922,-105.581147,2021,4,26,23
West,Knight Hall,2021-04-27T00:00:00,20.0,,,,,,,,0.0138,,41.311922,-105.581147,2021,4,27,0
West,Knight Hall,2021-04-27T01:00:00,30.0,,,,,,,,0.0207,,41.311922,-105.581147,2021,4,27,1
West,Knight Hall,2021-04-27T02:00:00,30.0,,,,,,,,0.0207,,41.311922,-105.581147,2021,4,27,2
West,Knight Hall,2021-04-27T03:00:00,20.0,,,,,,,,0.0138,,41.311922,-105.581147,2021,4,27,3
West,Knight Hall,2021-04-27T04:00:00,30.0,,,,,,,,0.0207,,41.311922,-105.581147,2021,4,27,4
West,Knight Hall,2021-04-27T05:00:00,30.0,,,,,,,,0.0207,,41.311922,-105.581147,2021,4,27,5
West,Knight Hall,2021-04-27T06:00:00,30.0,,,,,,,,0.0207,,41.311922,-105.581147,2021,4,27,6
West,Knight Hall,2021-04-27T07:00:00,50.0,,,,,,,,0.034499999999999996,,41.311922,-105.581147,2021,4,27,7
West,Knight Hall,2021-04-27T08:00:00,60.0,,,,,,,,0.0414,,41.311922,-105.581147,2021,4,27,8
West,Knight Hall,2021-04-27T09:00:00,70.0,,,,,,,,0.048299999999999996,,41.311922,-105.581147,2021,4,27,9
West,Knight Hall,2021-04-27T10:00:00,80.0,,,,,,,,0.0552,,41.311922,-105.581147,2021,4,27,10
West,Knight Hall,2021-04-27T11:00:00,70.0,,,,,,,,0.048299999999999996,,41.311922,-105.581147,2021,4,27,11
West,Knight Hall,2021-04-27T12:00:00,60.0,,,,,,,,0.0414,,41.311922,-105.581147,2021,4,27,12
West,Knight Hall,2021-04-27T13:00:00,70.0,,,,,,,,0.048299999999999996,,41.311922,-105.581147,2021,4,27,13
West,Knight Hall,2021-04-27T14:00:00,70.0,,,,,,,,0.048299999999999996,,41.311922,-105.581147,2021,4,27,14
West,Knight Hall,2021-04-27T15:00:00,70.0,,,,,,,,0.048299999999999996,,41.311922,-105.581147,2021,4,27,15
West,Knight Hall,2021-04-27T16:00:00,70.0,,,,,,,,0.048299999999999996,,41.311922,-105.581147,2021,4,27,16
West,Knight Hall,2021-04-27T17:00:00,50.0,,,,,,,,0.034499999999999996,,41.311922,-105.581147,2021,4,27,17
West,Knight Hall,2021-04-27T18:00:00,40.0,,,,,,,,0.0276,,41.311922,-105.581147,2021,4,27,18
West,Knight Hall,2021-04-27T19:00:00,40.0,,,,,,,,0.0276,,41.311922,-105.581147,2021,4,27,19
West,Knight Hall,2021-04-27T20:00:00,40.0,,,,,,,,0.0276,,41.311922,-105.581147,2021,4,27,20
West,Knight Hall,2021-04-27T21:00:00,40.0,,,,,,,,0.0276,,41.311922,-105.581147,2021,4,27,21
West,Knight Hall,2021-04-27T22:00:00,30.0,,,,,,,,0.0207,,41.311922,-105.581147,2021,4,27,22
West,Knight Hall,2021-04-27T23:00:00,30.0,,,,,,,,0.0207,,41.311922,-105.581147,2021,4,27,23
West,Knight Hall,2021-04-28T00:00:00,30.0,,,,,,,,0.0207,,41.311922,-105.581147,2021,4,28,0
West,Knight Hall,2021-04-28T01:00:00,30.0,,,,,,,,0.0207,,41.311922,-105.581147,2021,4,28,1
West,Knight Hall,2021-04-28T02:00:00,30.0,,,,,,,,0.0207,,41.311922,-105.581147,2021,4,28,2
West,Knight Hall,2021-04-28T03:00:00,20.0,,,,,,,,0.0138,,41.311922,-105.581147,2021,4,28,3
West,Knight Hall,2021-04-28T04:00:00,30.0,,,,,,,,0.0207,,41.311922,-105.581147,2021,4,28,4
West,Knight Hall,2021-04-28T05:00:00,30.0,,,,,,,,0.0207,,41.311922,-105.581147,2021,4,28,5
West,Knight Hall,2021-04-28T06:00:00,40.0,,,,,,,,0.0276,,41.311922,-105.581147,2021,4,28,6
West,Knight Hall,2021-04-28T07:00:00,40.0,,,,,,,,0.0276,,41.311922,-105.581147,2021,4,28,7
West,Knight Hall,2021-04-28T08:00:00,60.0,,,,,,,,0.0414,,41.311922,-105.581147,2021,4,28,8
West,Knight Hall,2021-04-28T09:00:00,70.0,,,,,,,,0.048299999999999996,,41.311922,-105.581147,2021,4,28,9
West,Knight Hall,2021-04-28T10:00:00,70.0,,,,,,,,0.048299999999999996,,41.311922,-105.581147,2021,4,28,10
West,Knight Hall,2021-04-28T11:00:00,70.0,,,,,,,,0.048299999999999996,,41.311922,-105.581147,2021,4,28,11
West,Knight Hall,2021-04-28T12:00:00,70.0,,,,,,,,0.048299999999999996,,41.311922,-105.581147,2021,4,28,12
West,Knight Hall,2021-04-28T13:00:00,60.0,,,,,,,,0.0414,,41.311922,-105.581147,2021,4,28,13
West,Knight Hall,2021-04-28T14:00:00,70.0,,,,,,,,0.048299999999999996,,41.311922,-105.581147,2021,4,28,14
West,Knight Hall,2021-04-28T15:00:00,60.0,,,,,,,,0.0414,,41.311922,-105.581147,2021,4,28,15
West,Knight Hall,2021-04-28T16:00:00,70.0,,,,,,,,0.048299999999999996,,41.311922,-105.581147,2021,4,28,16
West,Knight Hall,2021-04-28T17:00:00,50.0,,,,,,,,0.034499999999999996,,41.311922,-105.581147,2021,4,28,17
West,Knight Hall,2021-04-28T18:00:00,40.0,,,,,,,,0.0276,,41.311922,-105.581147,2021,4,28,18
West,Knight Hall,2021-04-28T19:00:00,30.0,,,,,,,,0.0207,,41.311922,-105.581147,2021,4,28,19
West,Knight Hall,2021-04-28T20:00:00,40.0,,,,,,,,0.0276,,41.311922,-105.581147,2021,4,28,20
West,Knight Hall,2021-04-28T21:00:00,30.0,,,,,,,,0.0207,,41.311922,-105.581147,2021,4,28,21
West,Knight Hall,2021-04-28T22:00:00,30.0,,,,,,,,0.0207,,41.311922,-105.581147,2021,4,28,22
West,Knight Hall,2021-04-28T23:00:00,20.0,,,,,,,,0.0138,,41.311922,-105.581147,2021,4,28,23
West,Knight Hall,2021-04-29T00:00:00,30.0,,,,,,,,0.0207,,41.311922,-105.581147,2021,4,29,0
West,Knight Hall,2021-04-29T01:00:00,30.0,,,,,,,,0.0207,,41.311922,-105.581147,2021,4,29,1
West,Knight Hall,2021-04-29T02:00:00,30.0,,,,,,,,0.0207,,41.311922,-105.581147,2021,4,29,2
West,Knight Hall,2021-04-29T03:00:00,20.0,,,,,,,,0.0138,,41.311922,-105.581147,2021,4,29,3
West,Knight Hall,2021-04-29T04:00:00,30.0,,,,,,,,0.0207,,41.311922,-105.581147,2021,4,29,4
West,Knight Hall,2021-04-29T05:00:00,30.0,,,,,,,,0.0207,,41.311922,-105.581147,2021,4,29,5
West,Knight Hall,2021-04-29T06:00:00,40.0,,,,,,,,0.0276,,41.311922,-105.581147,2021,4,29,6
West,Knight Hall,2021-04-29T07:00:00,40.0,,,,,,,,0.0276,,41.311922,-105.581147,2021,4,29,7
West,Knight Hall,2021-04-29T08:00:00,60.0,,,,,,,,0.0414,,41.311922,-105.581147,2021,4,29,8
West,Knight Hall,2021-04-29T09:00:00,70.0,,,,,,,,0.048299999999999996,,41.311922,-105.581147,2021,4,29,9
West,Knight Hall,2021-04-29T10:00:00,60.0,,,,,,,,0.0414,,41.311922,-105.581147,2021,4,29,10
West,Knight Hall,2021-04-29T11:00:00,70.0,,,,,,,,0.048299999999999996,,41.311922,-105.581147,2021,4,29,11
West,Knight Hall,2021-04-29T12:00:00,60.0,,,,,,,,0.0414,,41.311922,-105.581147,2021,4,29,12
West,Knight Hall,2021-04-29T13:00:00,60.0,,,,,,,,0.0414,,41.311922,-105.581147,2021,4,29,13
West,Knight Hall,2021-04-29T14:00:00,70.0,,,,,,,,0.048299999999999996,,41.311922,-105.581147,2021,4,29,14
West,Knight Hall,2021-04-29T15:00:00,70.0,,,,,,,,0.048299999999999996,,41.311922,-105.581147,2021,4,29,15
West,Knight Hall,2021-04-29T16:00:00,60.0,,,,,,,,0.0414,,41.311922,-105.581147,2021,4,29,16
West,Knight Hall,2021-04-29T17:00:00,50.0,,,,,,,,0.034499999999999996,,41.311922,-105.581147,2021,4,29,17
West,Knight Hall,2021-04-29T18:00:00,40.0,,,,,,,,0.0276,,41.311922,-105.581147,2021,4,29,18
West,Knight Hall,2021-04-29T19:00:00,30.0,,,,,,,,0.0207,,41.311922,-105.581147,2021,4,29,19
West,Knight Hall,2021-04-29T20:00:00,40.0,,,,,,,,0.0276,,41.311922,-105.581147,2021,4,29,20
West,Knight Hall,2021-04-29T21:00:00,30.0,,,,,,,,0.0207,,41.311922,-105.581147,2021,4,29,21
West,Knight Hall,2021-04-29T22:00:00,30.0,,,,,,,,0.0207,,41.311922,-105.581147,2021,4,29,22
West,Knight Hall,2021-04-29T23:00:00,30.0,,,,,,,,0.0207,,41.311922,-105.581147,2021,4,29,23
West,Knight Hall,2021-04-30T00:00:00,20.0,,,,,,,,0.0138,,41.311922,-105.581147,2021,4,30,0
West,Knight Hall,2021-04-30T01:00:00,30.0,,,,,,,,0.0207,,41.311922,-105.581147,2021,4,30,1
West,Knight Hall,2021-04-30T02:00:00,30.0,,,,,,,,0.0207,,41.311922,-105.581147,2021,4,30,2
West,Knight Hall,2021-04-30T03:00:00,20.0,,,,,,,,0.0138,,41.311922,-105.581147,2021,4,30,3
West,Knight Hall,2021-04-30T04:00:00,30.0,,,,,,,,0.0207,,41.311922,-105.581147,2021,4,30,4
West,Knight Hall,2021-04-30T05:00:00,30.0,,,,,,,,0.0207,,41.311922,-105.581147,2021,4,30,5
West,Knight Hall,2021-04-30T06:00:00,30.0,,,,,,,,0.0207,,41.311922,-105.581147,2021,4,30,6
West,Knight Hall,2021-04-30T07:00:00,40.0,,,,,,,,0.0276,,41.311922,-105.581147,2021,4,30,7
West,Knight Hall,2021-04-30T08:00:00,70.0,,,,,,,,0.048299999999999996,,41.311922,-105.581147,2021,4,30,8
West,Knight Hall,2021-04-30T09:00:00,60.0,,,,,,,,0.0414,,41.311922,-105.581147,2021,4,30,9
West,Knight Hall,2021-04-30T10:00:00,70.0,,,,,,,,0.048299999999999996,,41.311922,-105.581147,2021,4,30,10
West,Knight Hall,2021-04-30T11:00:00,70.0,,,,,,,,0.048299999999999996,,41.311922,-105.581147,2021,4,30,11
West,Knight Hall,2021-04-30T12:00:00,60.0,,,,,,,,0.0414,,41.311922,-105.581147,2021,4,30,12
West,Knight Hall,2021-04-30T13:00:00,70.0,,,,,,,,0.048299999999999996,,41.311922,-105.581147,2021,4,30,13
West,Knight Hall,2021-04-30T14:00:00,70.0,,,,,,,,0.048299999999999996,,41.311922,-105.581147,2021,4,30,14
West,Knight Hall,2021-04-30T15:00:00,60.0,,,,,,,,0.0414,,41.311922,-105.581147,2021,4,30,15
West,Knight Hall,2021-04-30T16:00:00,70.0,,,,,,,,0.048299999999999996,,41.311922,-105.581147,2021,4,30,16
West,Knight Hall,2021-04-30T17:00:00,50.0,,,,,,,,0.034499999999999996,,41.311922,-105.581147,2021,4,30,17
West,Knight Hall,2021-04-30T18:00:00,40.0,,,,,,,,0.0276,,41.311922,-105.581147,2021,4,30,18
West,Knight Hall,2021-04-30T19:00:00,30.0,,,,,,,,0.0207,,41.311922,-105.581147,2021,4,30,19
West,Knight Hall,2021-04-30T20:00:00,30.0,,,,,,,,0.0207,,41.311922,-105.581147,2021,4,30,20
West,Knight Hall,2021-04-30T21:00:00,30.0,,,,,,,,0.0207,,41.311922,-105.581147,2021,4,30,21
West,Knight Hall,2021-04-30T22:00:00,30.0,,,,,,,,0.0207,,41.311922,-105.581147,2021,4,30,22
West,Knight Hall,2021-04-30T23:00:00,30.0,,,,,,,,0.0207,,41.311922,-105.581147,2021,4,30,23
West,Knight Hall,2021-05-01T00:00:00,20.0,,,,,,,,0.0138,,41.311922,-105.581147,2021,5,1,0
West,Knight Hall,2021-05-01T01:00:00,30.0,,,,,,,,0.0207,,41.311922,-105.581147,2021,5,1,1
West,Knight Hall,2021-05-01T02:00:00,20.0,,,,,,,,0.0138,,41.311922,-105.581147,2021,5,1,2
West,Knight Hall,2021-05-01T03:00:00,20.0,,,,,,,,0.0138,,41.311922,-105.581147,2021,5,1,3
West,Knight Hall,2021-05-01T04:00:00,30.0,,,,,,,,0.0207,,41.311922,-105.581147,2021,5,1,4
West,Knight Hall,2021-05-01T05:00:00,20.0,,,,,,,,0.0138,,41.311922,-105.581147,2021,5,1,5
West,Knight Hall,2021-05-01T06:00:00,30.0,,,,,,,,0.0207,,41.311922,-105.581147,2021,5,1,6
West,Knight Hall,2021-05-01T07:00:00,20.0,,,,,,,,0.0138,,41.311922,-105.581147,2021,5,1,7
West,Knight Hall,2021-05-01T08:00:00,30.0,,,,,,,,0.0207,,41.311922,-105.581147,2021,5,1,8
West,Knight Hall,2021-05-01T09:00:00,30.0,,,,,,,,0.0207,,41.311922,-105.581147,2021,5,1,9
West,Knight Hall,2021-05-01T10:00:00,30.0,,,,,,,,0.0207,,41.311922,-105.581147,2021,5,1,10
West,Knight Hall,2021-05-01T11:00:00,30.0,,,,,,,,0.0207,,41.311922,-105.581147,2021,5,1,11
West,Knight Hall,2021-05-01T12:00:00,40.0,,,,,,,,0.0276,,41.311922,-105.581147,2021,5,1,12
West,Knight Hall,2021-05-01T13:00:00,30.0,,,,,,,,0.0207,,41.311922,-105.581147,2021,5,1,13
West,Knight Hall,2021-05-01T14:00:00,30.0,,,,,,,,0.0207,,41.311922,-105.581147,2021,5,1,14
West,Knight Hall,2021-05-01T15:00:00,30.0,,,,,,,,0.0207,,41.311922,-105.581147,2021,5,1,15
West,Knight Hall,2021-05-01T16:00:00,20.0,,,,,,,,0.0138,,41.311922,-105.581147,2021,5,1,16
West,Knight Hall,2021-05-01T17:00:00,30.0,,,,,,,,0.0207,,41.311922,-105.581147,2021,5,1,17
West,Knight Hall,2021-05-01T18:00:00,20.0,,,,,,,,0.0138,,41.311922,-105.581147,2021,5,1,18
West,Knight Hall,2021-05-01T19:00:00,30.0,,,,,,,,0.0207,,41.311922,-105.581147,2021,5,1,19
West,Knight Hall,2021-05-01T20:00:00,20.0,,,,,,,,0.0138,,41.311922,-105.581147,2021,5,1,20
West,Knight Hall,2021-05-01T21:00:00,30.0,,,,,,,,0.0207,,41.311922,-105.581147,2021,5,1,21
West,Knight Hall,2021-05-01T22:00:00,20.0,,,,,,,,0.0138,,41.311922,-105.581147,2021,5,1,22
West,Knight Hall,2021-05-01T23:00:00,30.0,,,,,,,,0.0207,,41.311922,-105.581147,2021,5,1,23
West,Knight Hall,2021-05-02T00:00:00,30.0,,,,,,,,0.0207,,41.311922,-105.581147,2021,5,2,0
West,Knight Hall,2021-05-02T01:00:00,20.0,,,,,,,,0.0138,,41.311922,-105.581147,2021,5,2,1
West,Knight Hall,2021-05-02T02:00:00,30.0,,,,,,,,0.0207,,41.311922,-105.581147,2021,5,2,2
West,Knight Hall,2021-05-02T03:00:00,20.0,,,,,,,,0.0138,,41.311922,-105.581147,2021,5,2,3
West,Knight Hall,2021-05-02T04:00:00,30.0,,,,,,,,0.0207,,41.311922,-105.581147,2021,5,2,4
West,Knight Hall,2021-05-02T05:00:00,20.0,,,,,,,,0.0138,,41.311922,-105.581147,2021,5,2,5
West,Knight Hall,2021-05-02T06:00:00,30.0,,,,,,,,0.0207,,41.311922,-105.581147,2021,5,2,6
West,Knight Hall,2021-05-02T07:00:00,30.0,,,,,,,,0.0207,,41.311922,-105.581147,2021,5,2,7
West,Knight Hall,2021-05-02T08:00:00,20.0,,,,,,,,0.0138,,41.311922,-105.581147,2021,5,2,8
West,Knight Hall,2021-05-02T09:00:00,30.0,,,,,,,,0.0207,,41.311922,-105.581147,2021,5,2,9
West,Knight Hall,2021-05-02T10:00:00,30.0,,,,,,,,0.0207,,41.311922,-105.581147,2021,5,2,10
West,Knight Hall,2021-05-02T11:00:00,30.0,,,,,,,,0.0207,,41.311922,-105.581147,2021,5,2,11
West,Knight Hall,2021-05-02T12:00:00,20.0,,,,,,,,0.0138,,41.311922,-105.581147,2021,5,2,12
West,Knight Hall,2021-05-02T13:00:00,30.0,,,,,,,,0.0207,,41.311922,-105.581147,2021,5,2,13
West,Knight Hall,2021-05-02T14:00:00,30.0,,,,,,,,0.0207,,41.311922,-105.581147,2021,5,2,14
West,Knight Hall,2021-05-02T15:00:00,30.0,,,,,,,,0.0207,,41.311922,-105.581147,2021,5,2,15
West,Knight Hall,2021-05-02T16:00:00,30.0,,,,,,,,0.0207,,41.311922,-105.581147,2021,5,2,16
West,Knight Hall,2021-05-02T17:00:00,20.0,,,,,,,,0.0138,,41.311922,-105.581147,2021,5,2,17
West,Knight Hall,2021-05-02T18:00:00,30.0,,,,,,,,0.0207,,41.311922,-105.581147,2021,5,2,18
West,Knight Hall,2021-05-02T19:00:00,30.0,,,,,,,,0.0207,,41.311922,-105.581147,2021,5,2,19
West,Knight Hall,2021-05-02T20:00:00,20.0,,,,,,,,0.0138,,41.311922,-105.581147,2021,5,2,20
West,Knight Hall,2021-05-02T21:00:00,30.0,,,,,,,,0.0207,,41.311922,-105.581147,2021,5,2,21
West,Knight Hall,2021-05-02T22:00:00,30.0,,,,,,,,0.0207,,41.311922,-105.581147,2021,5,2,22
West,Knight Hall,2021-05-02T23:00:00,30.0,,,,,,,,0.0207,,41.311922,-105.581147,2021,5,2,23
West,Knight Hall,2021-05-03T00:00:00,20.0,,,,,,,,0.0138,,41.311922,-105.581147,2021,5,3,0
West,Knight Hall,2021-05-03T01:00:00,30.0,,,,,,,,0.0207,,41.311922,-105.581147,2021,5,3,1
West,Knight Hall,2021-05-03T02:00:00,30.0,,,,,,,,0.0207,,41.311922,-105.581147,2021,5,3,2
West,Knight Hall,2021-05-03T03:00:00,20.0,,,,,,,,0.0138,,41.311922,-105.581147,2021,5,3,3
West,Knight Hall,2021-05-03T04:00:00,40.0,,,,,,,,0.0276,,41.311922,-105.581147,2021,5,3,4
West,Knight Hall,2021-05-03T05:00:00,30.0,,,,,,,,0.0207,,41.311922,-105.581147,2021,5,3,5
West,Knight Hall,2021-05-03T06:00:00,30.0,,,,,,,,0.0207,,41.311922,-105.581147,2021,5,3,6
West,Knight Hall,2021-05-03T07:00:00,40.0,,,,,,,,0.0276,,41.311922,-105.581147,2021,5,3,7
West,Knight Hall,2021-05-03T08:00:00,60.0,,,,,,,,0.0414,,41.311922,-105.581147,2021,5,3,8
West,Knight Hall,2021-05-03T09:00:00,70.0,,,,,,,,0.048299999999999996,,41.311922,-105.581147,2021,5,3,9
West,Knight Hall,2021-05-03T10:00:00,80.0,,,,,,,,0.0552,,41.311922,-105.581147,2021,5,3,10
West,Knight Hall,2021-05-03T11:00:00,70.0,,,,,,,,0.048299999999999996,,41.311922,-105.581147,2021,5,3,11
West,Knight Hall,2021-05-03T12:00:00,60.0,,,,,,,,0.0414,,41.311922,-105.581147,2021,5,3,12
West,Knight Hall,2021-05-03T13:00:00,70.0,,,,,,,,0.048299999999999996,,41.311922,-105.581147,2021,5,3,13
West,Knight Hall,2021-05-03T14:00:00,70.0,,,,,,,,0.048299999999999996,,41.311922,-105.581147,2021,5,3,14
West,Knight Hall,2021-05-03T15:00:00,70.0,,,,,,,,0.048299999999999996,,41.311922,-105.581147,2021,5,3,15
West,Knight Hall,2021-05-03T16:00:00,70.0,,,,,,,,0.048299999999999996,,41.311922,-105.581147,2021,5,3,16
West,Knight Hall,2021-05-03T17:00:00,50.0,,,,,,,,0.034499999999999996,,41.311922,-105.581147,2021,5,3,17
West,Knight Hall,2021-05-03T18:00:00,40.0,,,,,,,,0.0276,,41.311922,-105.581147,2021,5,3,18
West,Knight Hall,2021-05-03T19:00:00,40.0,,,,,,,,0.0276,,41.311922,-105.581147,2021,5,3,19
West,Knight Hall,2021-05-03T20:00:00,30.0,,,,,,,,0.0207,,41.311922,-105.581147,2021,5,3,20
West,Knight Hall,2021-05-03T21:00:00,30.0,,,,,,,,0.0207,,41.311922,-105.581147,2021,5,3,21
West,Knight Hall,2021-05-03T22:00:00,20.0,,,,,,,,0.0138,,41.311922,-105.581147,2021,5,3,22
West,Knight Hall,2021-05-03T23:00:00,30.0,,,,,,,,0.0207,,41.311922,-105.581147,2021,5,3,23
West,Knight Hall,2021-05-04T00:00:00,30.0,,,,,,,,0.0207,,41.311922,-105.581147,2021,5,4,0
West,Knight Hall,2021-05-04T01:00:00,30.0,,,,,,,,0.0207,,41.311922,-105.581147,2021,5,4,1
West,Knight Hall,2021-05-04T02:00:00,20.0,,,,,,,,0.0138,,41.311922,-105.581147,2021,5,4,2
West,Knight Hall,2021-05-04T03:00:00,30.0,,,,,,,,0.0207,,41.311922,-105.581147,2021,5,4,3
West,Knight Hall,2021-05-04T04:00:00,30.0,,,,,,,,0.0207,,41.311922,-105.581147,2021,5,4,4
West,Knight Hall,2021-05-04T05:00:00,30.0,,,,,,,,0.0207,,41.311922,-105.581147,2021,5,4,5
West,Knight Hall,2021-05-04T06:00:00,40.0,,,,,,,,0.0276,,41.311922,-105.581147,2021,5,4,6
West,Knight Hall,2021-05-04T07:00:00,40.0,,,,,,,,0.0276,,41.311922,-105.581147,2021,5,4,7
West,Knight Hall,2021-05-04T08:00:00,60.0,,,,,,,,0.0414,,41.311922,-105.581147,2021,5,4,8
West,Knight Hall,2021-05-04T09:00:00,70.0,,,,,,,,0.048299999999999996,,41.311922,-105.581147,2021,5,4,9
West,Knight Hall,2021-05-04T10:00:00,70.0,,,,,,,,0.048299999999999996,,41.311922,-105.581147,2021,5,4,10
West,Knight Hall,2021-05-04T11:00:00,70.0,,,,,,,,0.048299999999999996,,41.311922,-105.581147,2021,5,4,11
West,Knight Hall,2021-05-04T12:00:00,70.0,,,,,,,,0.048299999999999996,,41.311922,-105.581147,2021,5,4,12
West,Knight Hall,2021-05-04T13:00:00,60.0,,,,,,,,0.0414,,41.311922,-105.581147,2021,5,4,13
West,Knight Hall,2021-05-04T14:00:00,70.0,,,,,,,,0.048299999999999996,,41.311922,-105.581147,2021,5,4,14
West,Knight Hall,2021-05-04T15:00:00,70.0,,,,,,,,0.048299999999999996,,41.311922,-105.581147,2021,5,4,15
West,Knight Hall,2021-05-04T16:00:00,70.0,,,,,,,,0.048299999999999996,,41.311922,-105.581147,2021,5,4,16
West,Knight Hall,2021-05-04T17:00:00,50.0,,,,,,,,0.034499999999999996,,41.311922,-105.581147,2021,5,4,17
West,Knight Hall,2021-05-04T18:00:00,40.0,,,,,,,,0.0276,,41.311922,-105.581147,2021,5,4,18
West,Knight Hall,2021-05-04T19:00:00,40.0,,,,,,,,0.0276,,41.311922,-105.581147,2021,5,4,19
West,Knight Hall,2021-05-04T20:00:00,30.0,,,,,,,,0.0207,,41.311922,-105.581147,2021,5,4,20
West,Knight Hall,2021-05-04T21:00:00,30.0,,,,,,,,0.0207,,41.311922,-105.581147,2021,5,4,21
West,Knight Hall,2021-05-04T22:00:00,30.0,,,,,,,,0.0207,,41.311922,-105.581147,2021,5,4,22
West,Knight Hall,2021-05-04T23:00:00,30.0,,,,,,,,0.0207,,41.311922,-105.581147,2021,5,4,23
West,Knight Hall,2021-05-05T00:00:00,30.0,,,,,,,,0.0207,,41.311922,-105.581147,2021,5,5,0
West,Knight Hall,2021-05-05T01:00:00,20.0,,,,,,,,0.0138,,41.311922,-105.581147,2021,5,5,1
West,Knight Hall,2021-05-05T02:00:00,30.0,,,,,,,,0.0207,,41.311922,-105.581147,2021,5,5,2
West,Knight Hall,2021-05-05T03:00:00,30.0,,,,,,,,0.0207,,41.311922,-105.581147,2021,5,5,3
West,Knight Hall,2021-05-05T04:00:00,30.0,,,,,,,,0.0207,,41.311922,-105.581147,2021,5,5,4
West,Knight Hall,2021-05-05T05:00:00,30.0,,,,,,,,0.0207,,41.311922,-105.581147,2021,5,5,5
West,Knight Hall,2021-05-05T06:00:00,30.0,,,,,,,,0.0207,,41.311922,-105.581147,2021,5,5,6
West,Knight Hall,2021-05-05T07:00:00,40.0,,,,,,,,0.0276,,41.311922,-105.581147,2021,5,5,7
West,Knight Hall,2021-05-05T08:00:00,70.0,,,,,,,,0.048299999999999996,,41.311922,-105.581147,2021,5,5,8
West,Knight Hall,2021-05-05T09:00:00,70.0,,,,,,,,0.048299999999999996,,41.311922,-105.581147,2021,5,5,9
West,Knight Hall,2021-05-05T10:00:00,70.0,,,,,,,,0.048299999999999996,,41.311922,-105.581147,2021,5,5,10
West,Knight Hall,2021-05-05T11:00:00,80.0,,,,,,,,0.0552,,41.311922,-105.581147,2021,5,5,11
West,Knight Hall,2021-05-05T12:00:00,60.0,,,,,,,,0.0414,,41.311922,-105.581147,2021,5,5,12
West,Knight Hall,2021-05-05T13:00:00,70.0,,,,,,,,0.048299999999999996,,41.311922,-105.581147,2021,5,5,13
West,Knight Hall,2021-05-05T14:00:00,70.0,,,,,,,,0.048299999999999996,,41.311922,-105.581147,2021,5,5,14
West,Knight Hall,2021-05-05T15:00:00,60.0,,,,,,,,0.0414,,41.311922,-105.581147,2021,5,5,15
West,Knight Hall,2021-05-05T16:00:00,70.0,,,,,,,,0.048299999999999996,,41.311922,-105.581147,2021,5,5,16
West,Knight Hall,2021-05-05T17:00:00,40.0,,,,,,,,0.0276,,41.311922,-105.581147,2021,5,5,17
West,Knight Hall,2021-05-05T18:00:00,40.0,,,,,,,,0.0276,,41.311922,-105.581147,2021,5,5,18
West,Knight Hall,2021-05-05T19:00:00,40.0,,,,,,,,0.0276,,41.311922,-105.581147,2021,5,5,19
West,Knight Hall,2021-05-05T20:00:00,30.0,,,,,,,,0.0207,,41.311922,-105.581147,2021,5,5,20
West,Knight Hall,2021-05-05T21:00:00,30.0,,,,,,,,0.0207,,41.311922,-105.581147,2021,5,5,21
West,Knight Hall,2021-05-05T22:00:00,30.0,,,,,,,,0.0207,,41.311922,-105.581147,2021,5,5,22
West,Knight Hall,2021-05-05T23:00:00,30.0,,,,,,,,0.0207,,41.311922,-105.581147,2021,5,5,23
West,Knight Hall,2021-05-06T00:00:00,20.0,,,,,,,,0.0138,,41.311922,-105.581147,2021,5,6,0
West,Knight Hall,2021-05-06T01:00:00,30.0,,,,,,,,0.0207,,41.311922,-105.581147,2021,5,6,1
West,Knight Hall,2021-05-06T02:00:00,30.0,,,,,,,,0.0207,,41.311922,-105.581147,2021,5,6,2
West,Knight Hall,2021-05-06T03:00:00,20.0,,,,,,,,0.0138,,41.311922,-105.581147,2021,5,6,3
West,Knight Hall,2021-05-06T04:00:00,30.0,,,,,,,,0.0207,,41.311922,-105.581147,2021,5,6,4
West,Knight Hall,2021-05-06T05:00:00,30.0,,,,,,,,0.0207,,41.311922,-105.581147,2021,5,6,5
West,Knight Hall,2021-05-06T06:00:00,30.0,,,,,,,,0.0207,,41.311922,-105.581147,2021,5,6,6
West,Knight Hall,2021-05-06T07:00:00,40.0,,,,,,,,0.0276,,41.311922,-105.581147,2021,5,6,7
West,Knight Hall,2021-05-06T08:00:00,70.0,,,,,,,,0.048299999999999996,,41.311922,-105.581147,2021,5,6,8
West,Knight Hall,2021-05-06T09:00:00,60.0,,,,,,,,0.0414,,41.311922,-105.581147,2021,5,6,9
West,Knight Hall,2021-05-06T10:00:00,70.0,,,,,,,,0.048299999999999996,,41.311922,-105.581147,2021,5,6,10
West,Knight Hall,2021-05-06T11:00:00,60.0,,,,,,,,0.0414,,41.311922,-105.581147,2021,5,6,11
West,Knight Hall,2021-05-06T12:00:00,70.0,,,,,,,,0.048299999999999996,,41.311922,-105.581147,2021,5,6,12
West,Knight Hall,2021-05-06T13:00:00,60.0,,,,,,,,0.0414,,41.311922,-105.581147,2021,5,6,13
West,Knight Hall,2021-05-06T14:00:00,60.0,,,,,,,,0.0414,,41.311922,-105.581147,2021,5,6,14
West,Knight Hall,2021-05-06T15:00:00,70.0,,,,,,,,0.048299999999999996,,41.311922,-105.581147,2021,5,6,15
West,Knight Hall,2021-05-06T16:00:00,60.0,,,,,,,,0.0414,,41.311922,-105.581147,2021,5,6,16
West,Knight Hall,2021-05-06T17:00:00,50.0,,,,,,,,0.034499999999999996,,41.311922,-105.581147,2021,5,6,17
West,Knight Hall,2021-05-06T18:00:00,40.0,,,,,,,,0.0276,,41.311922,-105.581147,2021,5,6,18
West,Knight Hall,2021-05-06T19:00:00,30.0,,,,,,,,0.0207,,41.311922,-105.581147,2021,5,6,19
West,Knight Hall,2021-05-06T20:00:00,40.0,,,,,,,,0.0276,,41.311922,-105.581147,2021,5,6,20
West,Knight Hall,2021-05-06T21:00:00,30.0,,,,,,,,0.0207,,41.311922,-105.581147,2021,5,6,21
West,Knight Hall,2021-05-06T22:00:00,30.0,,,,,,,,0.0207,,41.311922,-105.581147,2021,5,6,22
West,Knight Hall,2021-05-06T23:00:00,30.0,,,,,,,,0.0207,,41.311922,-105.581147,2021,5,6,23
West,Knight Hall,2021-05-07T00:00:00,20.0,,,,,,,,0.0138,,41.311922,-105.581147,2021,5,7,0
West,Knight Hall,2021-05-07T01:00:00,20.0,,,,,,,,0.0138,,41.311922,-105.581147,2021,5,7,1
West,Knight Hall,2021-05-07T02:00:00,30.0,,,,,,,,0.0207,,41.311922,-105.581147,2021,5,7,2
West,Knight Hall,2021-05-07T03:00:00,30.0,,,,,,,,0.0207,,41.311922,-105.581147,2021,5,7,3
West,Knight Hall,2021-05-07T04:00:00,30.0,,,,,,,,0.0207,,41.311922,-105.581147,2021,5,7,4
West,Knight Hall,2021-05-07T05:00:00,30.0,,,,,,,,0.0207,,41.311922,-105.581147,2021,5,7,5
West,Knight Hall,2021-05-07T06:00:00,30.0,,,,,,,,0.0207,,41.311922,-105.581147,2021,5,7,6
West,Knight Hall,2021-05-07T07:00:00,40.0,,,,,,,,0.0276,,41.311922,-105.581147,2021,5,7,7
West,Knight Hall,2021-05-07T08:00:00,60.0,,,,,,,,0.0414,,41.311922,-105.581147,2021,5,7,8
West,Knight Hall,2021-05-07T09:00:00,60.0,,,,,,,,0.0414,,41.311922,-105.581147,2021,5,7,9
West,Knight Hall,2021-05-07T10:00:00,70.0,,,,,,,,0.048299999999999996,,41.311922,-105.581147,2021,5,7,10
West,Knight Hall,2021-05-07T11:00:00,70.0,,,,,,,,0.048299999999999996,,41.311922,-105.581147,2021,5,7,11
West,Knight Hall,2021-05-07T12:00:00,70.0,,,,,,,,0.048299999999999996,,41.311922,-105.581147,2021,5,7,12
West,Knight Hall,2021-05-07T13:00:00,60.0,,,,,,,,0.0414,,41.311922,-105.581147,2021,5,7,13
West,Knight Hall,2021-05-07T14:00:00,70.0,,,,,,,,0.048299999999999996,,41.311922,-105.581147,2021,5,7,14
West,Knight Hall,2021-05-07T15:00:00,60.0,,,,,,,,0.0414,,41.311922,-105.581147,2021,5,7,15
West,Knight Hall,2021-05-07T16:00:00,60.0,,,,,,,,0.0414,,41.311922,-105.581147,2021,5,7,16
West,Knight Hall,2021-05-07T17:00:00,30.0,,,,,,,,0.0207,,41.311922,-105.581147,2021,5,7,17
West,Knight Hall,2021-05-07T18:00:00,40.0,,,,,,,,0.0276,,41.311922,-105.581147,2021,5,7,18
West,Knight Hall,2021-05-07T19:00:00,30.0,,,,,,,,0.0207,,41.311922,-105.581147,2021,5,7,19
West,Knight Hall,2021-05-07T20:00:00,30.0,,,,,,,,0.0207,,41.311922,-105.581147,2021,5,7,20
West,Knight Hall,2021-05-07T21:00:00,20.0,,,,,,,,0.0138,,41.311922,-105.581147,2021,5,7,21
West,Knight Hall,2021-05-07T22:00:00,30.0,,,,,,,,0.0207,,41.311922,-105.581147,2021,5,7,22
West,Knight Hall,2021-05-07T23:00:00,20.0,,,,,,,,0.0138,,41.311922,-105.581147,2021,5,7,23
West,Knight Hall,2021-05-08T00:00:00,30.0,,,,,,,,0.0207,,41.311922,-105.581147,2021,5,8,0
West,Knight Hall,2021-05-08T01:00:00,20.0,,,,,,,,0.0138,,41.311922,-105.581147,2021,5,8,1
West,Knight Hall,2021-05-08T02:00:00,20.0,,,,,,,,0.0138,,41.311922,-105.581147,2021,5,8,2
West,Knight Hall,2021-05-08T03:00:00,20.0,,,,,,,,0.0138,,41.311922,-105.581147,2021,5,8,3
West,Knight Hall,2021-05-08T04:00:00,30.0,,,,,,,,0.0207,,41.311922,-105.581147,2021,5,8,4
West,Knight Hall,2021-05-08T05:00:00,20.0,,,,,,,,0.0138,,41.311922,-105.581147,2021,5,8,5
West,Knight Hall,2021-05-08T06:00:00,20.0,,,,,,,,0.0138,,41.311922,-105.581147,2021,5,8,6
West,Knight Hall,2021-05-08T07:00:00,10.0,,,,,,,,0.0069,,41.311922,-105.581147,2021,5,8,7
West,Knight Hall,2021-05-08T08:00:00,,,,,,,,,,,41.311922,-105.581147,2021,5,8,8
West,Knight Hall,2021-05-08T09:00:00,,,,,,,,,,,41.311922,-105.581147,2021,5,8,9
West,Knight Hall,2021-05-08T10:00:00,,,,,,,,,,,41.311922,-105.581147,2021,5,8,10
West,Knight Hall,2021-05-08T11:00:00,,,,,,,,,,,41.311922,-105.581147,2021,5,8,11
West,Knight Hall,2021-05-08T12:00:00,,,,,,,,,,,41.311922,-105.581147,2021,5,8,12
West,Knight Hall,2021-05-08T13:00:00,,,,,,,,,,,41.311922,-105.581147,2021,5,8,13
West,Knight Hall,2021-05-08T14:00:00,,,,,,,,,,,41.311922,-105.581147,2021,5,8,14
West,Knight Hall,2021-05-08T15:00:00,,,,,,,,,,,41.311922,-105.581147,2021,5,8,15
West,Knight Hall,2021-05-08T16:00:00,,,,,,,,,,,41.311922,-105.581147,2021,5,8,16
West,Knight Hall,2021-05-08T17:00:00,,,,,,,,,,,41.311922,-105.581147,2021,5,8,17
West,Knight Hall,2021-05-08T18:00:00,,,,,,,,,,,41.311922,-105.581147,2021,5,8,18
West,Knight Hall,2021-05-08T19:00:00,,,,,,,,,,,41.311922,-105.581147,2021,5,8,19
West,Knight Hall,2021-05-08T20:00:00,,,,,,,,,,,41.311922,-105.581147,2021,5,8,20
West,Knight Hall,2021-05-08T21:00:00,,,,,,,,,,,41.311922,-105.581147,2021,5,8,21
West,Knight Hall,2021-05-08T22:00:00,,,,,,,,,,,41.311922,-105.581147,2021,5,8,22
West,Knight Hall,2021-05-08T23:00:00,,,,,,,,,,,41.311922,-105.581147,2021,5,8,23
West,Knight Hall,2021-05-09T00:00:00,20.0,,,,,,,,0.0138,,41.311922,-105.581147,2021,5,9,0
West,Knight Hall,2021-05-09T01:00:00,30.0,,,,,,,,0.0207,,41.311922,-105.581147,2021,5,9,1
West,Knight Hall,2021-05-09T02:00:00,20.0,,,,,,,,0.0138,,41.311922,-105.581147,2021,5,9,2
West,Knight Hall,2021-05-09T03:00:00,30.0,,,,,,,,0.0207,,41.311922,-105.581147,2021,5,9,3
West,Knight Hall,2021-05-09T04:00:00,20.0,,,,,,,,0.0138,,41.311922,-105.581147,2021,5,9,4
West,Knight Hall,2021-05-09T05:00:00,20.0,,,,,,,,0.0138,,41.311922,-105.581147,2021,5,9,5
West,Knight Hall,2021-05-09T06:00:00,30.0,,,,,,,,0.0207,,41.311922,-105.581147,2021,5,9,6
West,Knight Hall,2021-05-09T07:00:00,20.0,,,,,,,,0.0138,,41.311922,-105.581147,2021,5,9,7
West,Knight Hall,2021-05-09T08:00:00,30.0,,,,,,,,0.0207,,41.311922,-105.581147,2021,5,9,8
West,Knight Hall,2021-05-09T09:00:00,20.0,,,,,,,,0.0138,,41.311922,-105.581147,2021,5,9,9
West,Knight Hall,2021-05-09T10:00:00,20.0,,,,,,,,0.0138,,41.311922,-105.581147,2021,5,9,10
West,Knight Hall,2021-05-09T11:00:00,20.0,,,,,,,,0.0138,,41.311922,-105.581147,2021,5,9,11
West,Knight Hall,2021-05-09T12:00:00,30.0,,,,,,,,0.0207,,41.311922,-105.581147,2021,5,9,12
West,Knight Hall,2021-05-09T13:00:00,20.0,,,,,,,,0.0138,,41.311922,-105.581147,2021,5,9,13
West,Knight Hall,2021-05-09T14:00:00,20.0,,,,,,,,0.0138,,41.311922,-105.581147,2021,5,9,14
West,Knight Hall,2021-05-09T15:00:00,20.0,,,,,,,,0.0138,,41.311922,-105.581147,2021,5,9,15
West,Knight Hall,2021-05-09T16:00:00,30.0,,,,,,,,0.0207,,41.311922,-105.581147,2021,5,9,16
West,Knight Hall,2021-05-09T17:00:00,20.0,,,,,,,,0.0138,,41.311922,-105.581147,2021,5,9,17
West,Knight Hall,2021-05-09T18:00:00,20.0,,,,,,,,0.0138,,41.311922,-105.581147,2021,5,9,18
West,Knight Hall,2021-05-09T19:00:00,20.0,,,,,,,,0.0138,,41.311922,-105.581147,2021,5,9,19
West,Knight Hall,2021-05-09T20:00:00,30.0,,,,,,,,0.0207,,41.311922,-105.581147,2021,5,9,20
West,Knight Hall,2021-05-09T21:00:00,20.0,,,,,,,,0.0138,,41.311922,-105.581147,2021,5,9,21
West,Knight Hall,2021-05-09T22:00:00,30.0,,,,,,,,0.0207,,41.311922,-105.581147,2021,5,9,22
West,Knight Hall,2021-05-09T23:00:00,20.0,,,,,,,,0.0138,,41.311922,-105.581147,2021,5,9,23
West,Knight Hall,2021-05-10T00:00:00,30.0,,,,,,,,0.0207,,41.311922,-105.581147,2021,5,10,0
West,Knight Hall,2021-05-10T01:00:00,20.0,,,,,,,,0.0138,,41.311922,-105.581147,2021,5,10,1
West,Knight Hall,2021-05-10T02:00:00,30.0,,,,,,,,0.0207,,41.311922,-105.581147,2021,5,10,2
West,Knight Hall,2021-05-10T03:00:00,30.0,,,,,,,,0.0207,,41.311922,-105.581147,2021,5,10,3
West,Knight Hall,2021-05-10T04:00:00,20.0,,,,,,,,0.0138,,41.311922,-105.581147,2021,5,10,4
West,Knight Hall,2021-05-10T05:00:00,30.0,,,,,,,,0.0207,,41.311922,-105.581147,2021,5,10,5
West,Knight Hall,2021-05-10T06:00:00,30.0,,,,,,,,0.0207,,41.311922,-105.581147,2021,5,10,6
West,Knight Hall,2021-05-10T07:00:00,40.0,,,,,,,,0.0276,,41.311922,-105.581147,2021,5,10,7
West,Knight Hall,2021-05-10T08:00:00,70.0,,,,,,,,0.048299999999999996,,41.311922,-105.581147,2021,5,10,8
West,Knight Hall,2021-05-10T09:00:00,70.0,,,,,,,,0.048299999999999996,,41.311922,-105.581147,2021,5,10,9
West,Knight Hall,2021-05-10T10:00:00,70.0,,,,,,,,0.048299999999999996,,41.311922,-105.581147,2021,5,10,10
West,Knight Hall,2021-05-10T11:00:00,80.0,,,,,,,,0.0552,,41.311922,-105.581147,2021,5,10,11
West,Knight Hall,2021-05-10T12:00:00,60.0,,,,,,,,0.0414,,41.311922,-105.581147,2021,5,10,12
West,Knight Hall,2021-05-10T13:00:00,70.0,,,,,,,,0.048299999999999996,,41.311922,-105.581147,2021,5,10,13
West,Knight Hall,2021-05-10T14:00:00,70.0,,,,,,,,0.048299999999999996,,41.311922,-105.581147,2021,5,10,14
West,Knight Hall,2021-05-10T15:00:00,70.0,,,,,,,,0.048299999999999996,,41.311922,-105.581147,2021,5,10,15
West,Knight Hall,2021-05-10T16:00:00,60.0,,,,,,,,0.0414,,41.311922,-105.581147,2021,5,10,16
West,Knight Hall,2021-05-10T17:00:00,50.0,,,,,,,,0.034499999999999996,,41.311922,-105.581147,2021,5,10,17
West,Knight Hall,2021-05-10T18:00:00,40.0,,,,,,,,0.0276,,41.311922,-105.581147,2021,5,10,18
West,Knight Hall,2021-05-10T19:00:00,40.0,,,,,,,,0.0276,,41.311922,-105.581147,2021,5,10,19
West,Knight Hall,2021-05-10T20:00:00,30.0,,,,,,,,0.0207,,41.311922,-105.581147,2021,5,10,20
West,Knight Hall,2021-05-10T21:00:00,30.0,,,,,,,,0.0207,,41.311922,-105.581147,2021,5,10,21
West,Knight Hall,2021-05-10T22:00:00,30.0,,,,,,,,0.0207,,41.311922,-105.581147,2021,5,10,22
West,Knight Hall,2021-05-10T23:00:00,30.0,,,,,,,,0.0207,,41.311922,-105.581147,2021,5,10,23
West,Knight Hall,2021-05-11T00:00:00,30.0,,,,,,,,0.0207,,41.311922,-105.581147,2021,5,11,0
West,Knight Hall,2021-05-11T01:00:00,30.0,,,,,,,,0.0207,,41.311922,-105.581147,2021,5,11,1
West,Knight Hall,2021-05-11T02:00:00,20.0,,,,,,,,0.0138,,41.311922,-105.581147,2021,5,11,2
West,Knight Hall,2021-05-11T03:00:00,30.0,,,,,,,,0.0207,,41.311922,-105.581147,2021,5,11,3
West,Knight Hall,2021-05-11T04:00:00,30.0,,,,,,,,0.0207,,41.311922,-105.581147,2021,5,11,4
West,Knight Hall,2021-05-11T05:00:00,30.0,,,,,,,,0.0207,,41.311922,-105.581147,2021,5,11,5
West,Knight Hall,2021-05-11T06:00:00,40.0,,,,,,,,0.0276,,41.311922,-105.581147,2021,5,11,6
West,Knight Hall,2021-05-11T07:00:00,40.0,,,,,,,,0.0276,,41.311922,-105.581147,2021,5,11,7
West,Knight Hall,2021-05-11T08:00:00,60.0,,,,,,,,0.0414,,41.311922,-105.581147,2021,5,11,8
West,Knight Hall,2021-05-11T09:00:00,70.0,,,,,,,,0.048299999999999996,,41.311922,-105.581147,2021,5,11,9
West,Knight Hall,2021-05-11T10:00:00,70.0,,,,,,,,0.048299999999999996,,41.311922,-105.581147,2021,5,11,10
West,Knight Hall,2021-05-11T11:00:00,70.0,,,,,,,,0.048299999999999996,,41.311922,-105.581147,2021,5,11,11
West,Knight Hall,2021-05-11T12:00:00,70.0,,,,,,,,0.048299999999999996,,41.311922,-105.581147,2021,5,11,12
West,Knight Hall,2021-05-11T13:00:00,70.0,,,,,,,,0.048299999999999996,,41.311922,-105.581147,2021,5,11,13
West,Knight Hall,2021-05-11T14:00:00,70.0,,,,,,,,0.048299999999999996,,41.311922,-105.581147,2021,5,11,14
West,Knight Hall,2021-05-11T15:00:00,70.0,,,,,,,,0.048299999999999996,,41.311922,-105.581147,2021,5,11,15
West,Knight Hall,2021-05-11T16:00:00,70.0,,,,,,,,0.048299999999999996,,41.311922,-105.581147,2021,5,11,16
West,Knight Hall,2021-05-11T17:00:00,50.0,,,,,,,,0.034499999999999996,,41.311922,-105.581147,2021,5,11,17
West,Knight Hall,2021-05-11T18:00:00,40.0,,,,,,,,0.0276,,41.311922,-105.581147,2021,5,11,18
West,Knight Hall,2021-05-11T19:00:00,30.0,,,,,,,,0.0207,,41.311922,-105.581147,2021,5,11,19
West,Knight Hall,2021-05-11T20:00:00,40.0,,,,,,,,0.0276,,41.311922,-105.581147,2021,5,11,20
West,Knight Hall,2021-05-11T21:00:00,30.0,,,,,,,,0.0207,,41.311922,-105.581147,2021,5,11,21
West,Knight Hall,2021-05-11T22:00:00,30.0,,,,,,,,0.0207,,41.311922,-105.581147,2021,5,11,22
West,Knight Hall,2021-05-11T23:00:00,30.0,,,,,,,,0.0207,,41.311922,-105.581147,2021,5,11,23
West,Knight Hall,2021-05-12T00:00:00,30.0,,,,,,,,0.0207,,41.311922,-105.581147,2021,5,12,0
West,Knight Hall,2021-05-12T01:00:00,20.0,,,,,,,,0.0138,,41.311922,-105.581147,2021,5,12,1
West,Knight Hall,2021-05-12T02:00:00,30.0,,,,,,,,0.0207,,41.311922,-105.581147,2021,5,12,2
West,Knight Hall,2021-05-12T03:00:00,30.0,,,,,,,,0.0207,,41.311922,-105.581147,2021,5,12,3
West,Knight Hall,2021-05-12T04:00:00,30.0,,,,,,,,0.0207,,41.311922,-105.581147,2021,5,12,4
West,Knight Hall,2021-05-12T05:00:00,30.0,,,,,,,,0.0207,,41.311922,-105.581147,2021,5,12,5
West,Knight Hall,2021-05-12T06:00:00,30.0,,,,,,,,0.0207,,41.311922,-105.581147,2021,5,12,6
West,Knight Hall,2021-05-12T07:00:00,40.0,,,,,,,,0.0276,,41.311922,-105.581147,2021,5,12,7
West,Knight Hall,2021-05-12T08:00:00,70.0,,,,,,,,0.048299999999999996,,41.311922,-105.581147,2021,5,12,8
West,Knight Hall,2021-05-12T09:00:00,70.0,,,,,,,,0.048299999999999996,,41.311922,-105.581147,2021,5,12,9
West,Knight Hall,2021-05-12T10:00:00,70.0,,,,,,,,0.048299999999999996,,41.311922,-105.581147,2021,5,12,10
West,Knight Hall,2021-05-12T11:00:00,70.0,,,,,,,,0.048299999999999996,,41.311922,-105.581147,2021,5,12,11
West,Knight Hall,2021-05-12T12:00:00,60.0,,,,,,,,0.0414,,41.311922,-105.581147,2021,5,12,12
West,Knight Hall,2021-05-12T13:00:00,70.0,,,,,,,,0.048299999999999996,,41.311922,-105.581147,2021,5,12,13
West,Knight Hall,2021-05-12T14:00:00,60.0,,,,,,,,0.0414,,41.311922,-105.581147,2021,5,12,14
West,Knight Hall,2021-05-12T15:00:00,70.0,,,,,,,,0.048299999999999996,,41.311922,-105.581147,2021,5,12,15
West,Knight Hall,2021-05-12T16:00:00,60.0,,,,,,,,0.0414,,41.311922,-105.581147,2021,5,12,16
West,Knight Hall,2021-05-12T17:00:00,50.0,,,,,,,,0.034499999999999996,,41.311922,-105.581147,2021,5,12,17
West,Knight Hall,2021-05-12T18:00:00,40.0,,,,,,,,0.0276,,41.311922,-105.581147,2021,5,12,18
West,Knight Hall,2021-05-12T19:00:00,30.0,,,,,,,,0.0207,,41.311922,-105.581147,2021,5,12,19
West,Knight Hall,2021-05-12T20:00:00,30.0,,,,,,,,0.0207,,41.311922,-105.581147,2021,5,12,20
West,Knight Hall,2021-05-12T21:00:00,30.0,,,,,,,,0.0207,,41.311922,-105.581147,2021,5,12,21
West,Knight Hall,2021-05-12T22:00:00,20.0,,,,,,,,0.0138,,41.311922,-105.581147,2021,5,12,22
West,Knight Hall,2021-05-12T23:00:00,30.0,,,,,,,,0.0207,,41.311922,-105.581147,2021,5,12,23
West,Knight Hall,2021-05-13T00:00:00,30.0,,,,,,,,0.0207,,41.311922,-105.581147,2021,5,13,0
West,Knight Hall,2021-05-13T01:00:00,20.0,,,,,,,,0.0138,,41.311922,-105.581147,2021,5,13,1
West,Knight Hall,2021-05-13T02:00:00,30.0,,,,,,,,0.0207,,41.311922,-105.581147,2021,5,13,2
West,Knight Hall,2021-05-13T03:00:00,30.0,,,,,,,,0.0207,,41.311922,-105.581147,2021,5,13,3
West,Knight Hall,2021-05-13T04:00:00,30.0,,,,,,,,0.0207,,41.311922,-105.581147,2021,5,13,4
West,Knight Hall,2021-05-13T05:00:00,30.0,,,,,,,,0.0207,,41.311922,-105.581147,2021,5,13,5
West,Knight Hall,2021-05-13T06:00:00,30.0,,,,,,,,0.0207,,41.311922,-105.581147,2021,5,13,6
West,Knight Hall,2021-05-13T07:00:00,40.0,,,,,,,,0.0276,,41.311922,-105.581147,2021,5,13,7
West,Knight Hall,2021-05-13T08:00:00,60.0,,,,,,,,0.0414,,41.311922,-105.581147,2021,5,13,8
West,Knight Hall,2021-05-13T09:00:00,60.0,,,,,,,,0.0414,,41.311922,-105.581147,2021,5,13,9
West,Knight Hall,2021-05-13T10:00:00,70.0,,,,,,,,0.048299999999999996,,41.311922,-105.581147,2021,5,13,10
West,Knight Hall,2021-05-13T11:00:00,70.0,,,,,,,,0.048299999999999996,,41.311922,-105.581147,2021,5,13,11
West,Knight Hall,2021-05-13T12:00:00,60.0,,,,,,,,0.0414,,41.311922,-105.581147,2021,5,13,12
West,Knight Hall,2021-05-13T13:00:00,60.0,,,,,,,,0.0414,,41.311922,-105.581147,2021,5,13,13
West,Knight Hall,2021-05-13T14:00:00,70.0,,,,,,,,0.048299999999999996,,41.311922,-105.581147,2021,5,13,14
West,Knight Hall,2021-05-13T15:00:00,60.0,,,,,,,,0.0414,,41.311922,-105.581147,2021,5,13,15
West,Knight Hall,2021-05-13T16:00:00,70.0,,,,,,,,0.048299999999999996,,41.311922,-105.581147,2021,5,13,16
West,Knight Hall,2021-05-13T17:00:00,40.0,,,,,,,,0.0276,,41.311922,-105.581147,2021,5,13,17
West,Knight Hall,2021-05-13T18:00:00,40.0,,,,,,,,0.0276,,41.311922,-105.581147,2021,5,13,18
West,Knight Hall,2021-05-13T19:00:00,40.0,,,,,,,,0.0276,,41.311922,-105.581147,2021,5,13,19
West,Knight Hall,2021-05-13T20:00:00,30.0,,,,,,,,0.0207,,41.311922,-105.581147,2021,5,13,20
West,Knight Hall,2021-05-13T21:00:00,30.0,,,,,,,,0.0207,,41.311922,-105.581147,2021,5,13,21
West,Knight Hall,2021-05-13T22:00:00,30.0,,,,,,,,0.0207,,41.311922,-105.581147,2021,5,13,22
West,Knight Hall,2021-05-13T23:00:00,20.0,,,,,,,,0.0138,,41.311922,-105.581147,2021,5,13,23
West,Knight Hall,2021-05-14T00:00:00,30.0,,,,,,,,0.0207,,41.311922,-105.581147,2021,5,14,0
West,Knight Hall,2021-05-14T01:00:00,20.0,,,,,,,,0.0138,,41.311922,-105.581147,2021,5,14,1
West,Knight Hall,2021-05-14T02:00:00,30.0,,,,,,,,0.0207,,41.311922,-105.581147,2021,5,14,2
West,Knight Hall,2021-05-14T03:00:00,30.0,,,,,,,,0.0207,,41.311922,-105.581147,2021,5,14,3
West,Knight Hall,2021-05-14T04:00:00,20.0,,,,,,,,0.0138,,41.311922,-105.581147,2021,5,14,4
West,Knight Hall,2021-05-14T05:00:00,30.0,,,,,,,,0.0207,,41.311922,-105.581147,2021,5,14,5
West,Knight Hall,2021-05-14T06:00:00,40.0,,,,,,,,0.0276,,41.311922,-105.581147,2021,5,14,6
West,Knight Hall,2021-05-14T07:00:00,40.0,,,,,,,,0.0276,,41.311922,-105.581147,2021,5,14,7
West,Knight Hall,2021-05-14T08:00:00,60.0,,,,,,,,0.0414,,41.311922,-105.581147,2021,5,14,8
West,Knight Hall,2021-05-14T09:00:00,60.0,,,,,,,,0.0414,,41.311922,-105.581147,2021,5,14,9
West,Knight Hall,2021-05-14T10:00:00,70.0,,,,,,,,0.048299999999999996,,41.311922,-105.581147,2021,5,14,10
West,Knight Hall,2021-05-14T11:00:00,60.0,,,,,,,,0.0414,,41.311922,-105.581147,2021,5,14,11
West,Knight Hall,2021-05-14T12:00:00,70.0,,,,,,,,0.048299999999999996,,41.311922,-105.581147,2021,5,14,12
West,Knight Hall,2021-05-14T13:00:00,60.0,,,,,,,,0.0414,,41.311922,-105.581147,2021,5,14,13
West,Knight Hall,2021-05-14T14:00:00,60.0,,,,,,,,0.0414,,41.311922,-105.581147,2021,5,14,14
West,Knight Hall,2021-05-14T15:00:00,60.0,,,,,,,,0.0414,,41.311922,-105.581147,2021,5,14,15
West,Knight Hall,2021-05-14T16:00:00,60.0,,,,,,,,0.0414,,41.311922,-105.581147,2021,5,14,16
West,Knight Hall,2021-05-14T17:00:00,40.0,,,,,,,,0.0276,,41.311922,-105.581147,2021,5,14,17
West,Knight Hall,2021-05-14T18:00:00,40.0,,,,,,,,0.0276,,41.311922,-105.581147,2021,5,14,18
West,Knight Hall,2021-05-14T19:00:00,30.0,,,,,,,,0.0207,,41.311922,-105.581147,2021,5,14,19
West,Knight Hall,2021-05-14T20:00:00,40.0,,,,,,,,0.0276,,41.311922,-105.581147,2021,5,14,20
West,Knight Hall,2021-05-14T21:00:00,20.0,,,,,,,,0.0138,,41.311922,-105.581147,2021,5,14,21
West,Knight Hall,2021-05-14T22:00:00,30.0,,,,,,,,0.0207,,41.311922,-105.581147,2021,5,14,22
West,Knight Hall,2021-05-14T23:00:00,30.0,,,,,,,,0.0207,,41.311922,-105.581147,2021,5,14,23
West,Knight Hall,2021-05-15T00:00:00,20.0,,,,,,,,0.0138,,41.311922,-105.581147,2021,5,15,0
West,Knight Hall,2021-05-15T01:00:00,30.0,,,,,,,,0.0207,,41.311922,-105.581147,2021,5,15,1
West,Knight Hall,2021-05-15T02:00:00,30.0,,,,,,,,0.0207,,41.311922,-105.581147,2021,5,15,2
West,Knight Hall,2021-05-15T03:00:00,20.0,,,,,,,,0.0138,,41.311922,-105.581147,2021,5,15,3
West,Knight Hall,2021-05-15T04:00:00,30.0,,,,,,,,0.0207,,41.311922,-105.581147,2021,5,15,4
West,Knight Hall,2021-05-15T05:00:00,30.0,,,,,,,,0.0207,,41.311922,-105.581147,2021,5,15,5
West,Knight Hall,2021-05-15T06:00:00,20.0,,,,,,,,0.0138,,41.311922,-105.581147,2021,5,15,6
West,Knight Hall,2021-05-15T07:00:00,30.0,,,,,,,,0.0207,,41.311922,-105.581147,2021,5,15,7
West,Knight Hall,2021-05-15T08:00:00,30.0,,,,,,,,0.0207,,41.311922,-105.581147,2021,5,15,8
West,Knight Hall,2021-05-15T09:00:00,30.0,,,,,,,,0.0207,,41.311922,-105.581147,2021,5,15,9
West,Knight Hall,2021-05-15T10:00:00,30.0,,,,,,,,0.0207,,41.311922,-105.581147,2021,5,15,10
West,Knight Hall,2021-05-15T11:00:00,40.0,,,,,,,,0.0276,,41.311922,-105.581147,2021,5,15,11
West,Knight Hall,2021-05-15T12:00:00,30.0,,,,,,,,0.0207,,41.311922,-105.581147,2021,5,15,12
West,Knight Hall,2021-05-15T13:00:00,30.0,,,,,,,,0.0207,,41.311922,-105.581147,2021,5,15,13
West,Knight Hall,2021-05-15T14:00:00,30.0,,,,,,,,0.0207,,41.311922,-105.581147,2021,5,15,14
West,Knight Hall,2021-05-15T15:00:00,20.0,,,,,,,,0.0138,,41.311922,-105.581147,2021,5,15,15
West,Knight Hall,2021-05-15T16:00:00,30.0,,,,,,,,0.0207,,41.311922,-105.581147,2021,5,15,16
West,Knight Hall,2021-05-15T17:00:00,30.0,,,,,,,,0.0207,,41.311922,-105.581147,2021,5,15,17
West,Knight Hall,2021-05-15T18:00:00,20.0,,,,,,,,0.0138,,41.311922,-105.581147,2021,5,15,18
West,Knight Hall,2021-05-15T19:00:00,30.0,,,,,,,,0.0207,,41.311922,-105.581147,2021,5,15,19
West,Knight Hall,2021-05-15T20:00:00,20.0,,,,,,,,0.0138,,41.311922,-105.581147,2021,5,15,20
West,Knight Hall,2021-05-15T21:00:00,30.0,,,,,,,,0.0207,,41.311922,-105.581147,2021,5,15,21
West,Knight Hall,2021-05-15T22:00:00,30.0,,,,,,,,0.0207,,41.311922,-105.581147,2021,5,15,22
West,Knight Hall,2021-05-15T23:00:00,20.0,,,,,,,,0.0138,,41.311922,-105.581147,2021,5,15,23
West,Knight Hall,2021-05-16T00:00:00,30.0,,,,,,,,0.0207,,41.311922,-105.581147,2021,5,16,0
West,Knight Hall,2021-05-16T01:00:00,20.0,,,,,,,,0.0138,,41.311922,-105.581147,2021,5,16,1
West,Knight Hall,2021-05-16T02:00:00,30.0,,,,,,,,0.0207,,41.311922,-105.581147,2021,5,16,2
West,Knight Hall,2021-05-16T03:00:00,20.0,,,,,,,,0.0138,,41.311922,-105.581147,2021,5,16,3
West,Knight Hall,2021-05-16T04:00:00,30.0,,,,,,,,0.0207,,41.311922,-105.581147,2021,5,16,4
West,Knight Hall,2021-05-16T05:00:00,30.0,,,,,,,,0.0207,,41.311922,-105.581147,2021,5,16,5
West,Knight Hall,2021-05-16T06:00:00,20.0,,,,,,,,0.0138,,41.311922,-105.581147,2021,5,16,6
West,Knight Hall,2021-05-16T07:00:00,30.0,,,,,,,,0.0207,,41.311922,-105.581147,2021,5,16,7
West,Knight Hall,2021-05-16T08:00:00,30.0,,,,,,,,0.0207,,41.311922,-105.581147,2021,5,16,8
West,Knight Hall,2021-05-16T09:00:00,30.0,,,,,,,,0.0207,,41.311922,-105.581147,2021,5,16,9
West,Knight Hall,2021-05-16T10:00:00,30.0,,,,,,,,0.0207,,41.311922,-105.581147,2021,5,16,10
West,Knight Hall,2021-05-16T11:00:00,30.0,,,,,,,,0.0207,,41.311922,-105.581147,2021,5,16,11
West,Knight Hall,2021-05-16T12:00:00,30.0,,,,,,,,0.0207,,41.311922,-105.581147,2021,5,16,12
West,Knight Hall,2021-05-16T13:00:00,30.0,,,,,,,,0.0207,,41.311922,-105.581147,2021,5,16,13
West,Knight Hall,2021-05-16T14:00:00,30.0,,,,,,,,0.0207,,41.311922,-105.581147,2021,5,16,14
West,Knight Hall,2021-05-16T15:00:00,20.0,,,,,,,,0.0138,,41.311922,-105.581147,2021,5,16,15
West,Knight Hall,2021-05-16T16:00:00,30.0,,,,,,,,0.0207,,41.311922,-105.581147,2021,5,16,16
West,Knight Hall,2021-05-16T17:00:00,20.0,,,,,,,,0.0138,,41.311922,-105.581147,2021,5,16,17
West,Knight Hall,2021-05-16T18:00:00,30.0,,,,,,,,0.0207,,41.311922,-105.581147,2021,5,16,18
West,Knight Hall,2021-05-16T19:00:00,20.0,,,,,,,,0.0138,,41.311922,-105.581147,2021,5,16,19
West,Knight Hall,2021-05-16T20:00:00,30.0,,,,,,,,0.0207,,41.311922,-105.581147,2021,5,16,20
West,Knight Hall,2021-05-16T21:00:00,20.0,,,,,,,,0.0138,,41.311922,-105.581147,2021,5,16,21
West,Knight Hall,2021-05-16T22:00:00,30.0,,,,,,,,0.0207,,41.311922,-105.581147,2021,5,16,22
West,Knight Hall,2021-05-16T23:00:00,20.0,,,,,,,,0.0138,,41.311922,-105.581147,2021,5,16,23
West,Knight Hall,2021-05-17T00:00:00,30.0,,,,,,,,0.0207,,41.311922,-105.581147,2021,5,17,0
West,Knight Hall,2021-05-17T01:00:00,20.0,,,,,,,,0.0138,,41.311922,-105.581147,2021,5,17,1
West,Knight Hall,2021-05-17T02:00:00,30.0,,,,,,,,0.0207,,41.311922,-105.581147,2021,5,17,2
West,Knight Hall,2021-05-17T03:00:00,20.0,,,,,,,,0.0138,,41.311922,-105.581147,2021,5,17,3
West,Knight Hall,2021-05-17T04:00:00,30.0,,,,,,,,0.0207,,41.311922,-105.581147,2021,5,17,4
West,Knight Hall,2021-05-17T05:00:00,30.0,,,,,,,,0.0207,,41.311922,-105.581147,2021,5,17,5
West,Knight Hall,2021-05-17T06:00:00,20.0,,,,,,,,0.0138,,41.311922,-105.581147,2021,5,17,6
West,Knight Hall,2021-05-17T07:00:00,40.0,,,,,,,,0.0276,,41.311922,-105.581147,2021,5,17,7
West,Knight Hall,2021-05-17T08:00:00,70.0,,,,,,,,0.048299999999999996,,41.311922,-105.581147,2021,5,17,8
West,Knight Hall,2021-05-17T09:00:00,60.0,,,,,,,,0.0414,,41.311922,-105.581147,2021,5,17,9
West,Knight Hall,2021-05-17T10:00:00,70.0,,,,,,,,0.048299999999999996,,41.311922,-105.581147,2021,5,17,10
West,Knight Hall,2021-05-17T11:00:00,60.0,,,,,,,,0.0414,,41.311922,-105.581147,2021,5,17,11
West,Knight Hall,2021-05-17T12:00:00,70.0,,,,,,,,0.048299999999999996,,41.311922,-105.581147,2021,5,17,12
West,Knight Hall,2021-05-17T13:00:00,60.0,,,,,,,,0.0414,,41.311922,-105.581147,2021,5,17,13
West,Knight Hall,2021-05-17T14:00:00,70.0,,,,,,,,0.048299999999999996,,41.311922,-105.581147,2021,5,17,14
West,Knight Hall,2021-05-17T15:00:00,60.0,,,,,,,,0.0414,,41.311922,-105.581147,2021,5,17,15
West,Knight Hall,2021-05-17T16:00:00,60.0,,,,,,,,0.0414,,41.311922,-105.581147,2021,5,17,16
West,Knight Hall,2021-05-17T17:00:00,40.0,,,,,,,,0.0276,,41.311922,-105.581147,2021,5,17,17
West,Knight Hall,2021-05-17T18:00:00,40.0,,,,,,,,0.0276,,41.311922,-105.581147,2021,5,17,18
West,Knight Hall,2021-05-17T19:00:00,40.0,,,,,,,,0.0276,,41.311922,-105.581147,2021,5,17,19
West,Knight Hall,2021-05-17T20:00:00,30.0,,,,,,,,0.0207,,41.311922,-105.581147,2021,5,17,20
West,Knight Hall,2021-05-17T21:00:00,30.0,,,,,,,,0.0207,,41.311922,-105.581147,2021,5,17,21
West,Knight Hall,2021-05-17T22:00:00,30.0,,,,,,,,0.0207,,41.311922,-105.581147,2021,5,17,22
West,Knight Hall,2021-05-17T23:00:00,30.0,,,,,,,,0.0207,,41.311922,-105.581147,2021,5,17,23
West,Knight Hall,2021-05-18T00:00:00,30.0,,,,,,,,0.0207,,41.311922,-105.581147,2021,5,18,0
West,Knight Hall,2021-05-18T01:00:00,20.0,,,,,,,,0.0138,,41.311922,-105.581147,2021,5,18,1
West,Knight Hall,2021-05-18T02:00:00,30.0,,,,,,,,0.0207,,41.311922,-105.581147,2021,5,18,2
West,Knight Hall,2021-05-18T03:00:00,30.0,,,,,,,,0.0207,,41.311922,-105.581147,2021,5,18,3
West,Knight Hall,2021-05-18T04:00:00,30.0,,,,,,,,0.0207,,41.311922,-105.581147,2021,5,18,4
West,Knight Hall,2021-05-18T05:00:00,30.0,,,,,,,,0.0207,,41.311922,-105.581147,2021,5,18,5
West,Knight Hall,2021-05-18T06:00:00,30.0,,,,,,,,0.0207,,41.311922,-105.581147,2021,5,18,6
West,Knight Hall,2021-05-18T07:00:00,40.0,,,,,,,,0.0276,,41.311922,-105.581147,2021,5,18,7
West,Knight Hall,2021-05-18T08:00:00,60.0,,,,,,,,0.0414,,41.311922,-105.581147,2021,5,18,8
West,Knight Hall,2021-05-18T09:00:00,70.0,,,,,,,,0.048299999999999996,,41.311922,-105.581147,2021,5,18,9
West,Knight Hall,2021-05-18T10:00:00,70.0,,,,,,,,0.048299999999999996,,41.311922,-105.581147,2021,5,18,10
West,Knight Hall,2021-05-18T11:00:00,60.0,,,,,,,,0.0414,,41.311922,-105.581147,2021,5,18,11
West,Knight Hall,2021-05-18T12:00:00,70.0,,,,,,,,0.048299999999999996,,41.311922,-105.581147,2021,5,18,12
West,Knight Hall,2021-05-18T13:00:00,60.0,,,,,,,,0.0414,,41.311922,-105.581147,2021,5,18,13
West,Knight Hall,2021-05-18T14:00:00,70.0,,,,,,,,0.048299999999999996,,41.311922,-105.581147,2021,5,18,14
West,Knight Hall,2021-05-18T15:00:00,70.0,,,,,,,,0.048299999999999996,,41.311922,-105.581147,2021,5,18,15
West,Knight Hall,2021-05-18T16:00:00,50.0,,,,,,,,0.034499999999999996,,41.311922,-105.581147,2021,5,18,16
West,Knight Hall,2021-05-18T17:00:00,50.0,,,,,,,,0.034499999999999996,,41.311922,-105.581147,2021,5,18,17
West,Knight Hall,2021-05-18T18:00:00,50.0,,,,,,,,0.034499999999999996,,41.311922,-105.581147,2021,5,18,18
West,Knight Hall,2021-05-18T19:00:00,30.0,,,,,,,,0.0207,,41.311922,-105.581147,2021,5,18,19
West,Knight Hall,2021-05-18T20:00:00,30.0,,,,,,,,0.0207,,41.311922,-105.581147,2021,5,18,20
West,Knight Hall,2021-05-18T21:00:00,30.0,,,,,,,,0.0207,,41.311922,-105.581147,2021,5,18,21
West,Knight Hall,2021-05-18T22:00:00,30.0,,,,,,,,0.0207,,41.311922,-105.581147,2021,5,18,22
West,Knight Hall,2021-05-18T23:00:00,20.0,,,,,,,,0.0138,,41.311922,-105.581147,2021,5,18,23
West,Knight Hall,2021-05-19T00:00:00,30.0,,,,,,,,0.0207,,41.311922,-105.581147,2021,5,19,0
West,Knight Hall,2021-05-19T01:00:00,20.0,,,,,,,,0.0138,,41.311922,-105.581147,2021,5,19,1
West,Knight Hall,2021-05-19T02:00:00,30.0,,,,,,,,0.0207,,41.311922,-105.581147,2021,5,19,2
West,Knight Hall,2021-05-19T03:00:00,20.0,,,,,,,,0.0138,,41.311922,-105.581147,2021,5,19,3
West,Knight Hall,2021-05-19T04:00:00,30.0,,,,,,,,0.0207,,41.311922,-105.581147,2021,5,19,4
West,Knight Hall,2021-05-19T05:00:00,30.0,,,,,,,,0.0207,,41.311922,-105.581147,2021,5,19,5
West,Knight Hall,2021-05-19T06:00:00,30.0,,,,,,,,0.0207,,41.311922,-105.581147,2021,5,19,6
West,Knight Hall,2021-05-19T07:00:00,50.0,,,,,,,,0.034499999999999996,,41.311922,-105.581147,2021,5,19,7
West,Knight Hall,2021-05-19T08:00:00,60.0,,,,,,,,0.0414,,41.311922,-105.581147,2021,5,19,8
West,Knight Hall,2021-05-19T09:00:00,70.0,,,,,,,,0.048299999999999996,,41.311922,-105.581147,2021,5,19,9
West,Knight Hall,2021-05-19T10:00:00,60.0,,,,,,,,0.0414,,41.311922,-105.581147,2021,5,19,10
West,Knight Hall,2021-05-19T11:00:00,70.0,,,,,,,,0.048299999999999996,,41.311922,-105.581147,2021,5,19,11
West,Knight Hall,2021-05-19T12:00:00,70.0,,,,,,,,0.048299999999999996,,41.311922,-105.581147,2021,5,19,12
West,Knight Hall,2021-05-19T13:00:00,60.0,,,,,,,,0.0414,,41.311922,-105.581147,2021,5,19,13
West,Knight Hall,2021-05-19T14:00:00,70.0,,,,,,,,0.048299999999999996,,41.311922,-105.581147,2021,5,19,14
West,Knight Hall,2021-05-19T15:00:00,60.0,,,,,,,,0.0414,,41.311922,-105.581147,2021,5,19,15
West,Knight Hall,2021-05-19T16:00:00,60.0,,,,,,,,0.0414,,41.311922,-105.581147,2021,5,19,16
West,Knight Hall,2021-05-19T17:00:00,40.0,,,,,,,,0.0276,,41.311922,-105.581147,2021,5,19,17
West,Knight Hall,2021-05-19T18:00:00,40.0,,,,,,,,0.0276,,41.311922,-105.581147,2021,5,19,18
West,Knight Hall,2021-05-19T19:00:00,40.0,,,,,,,,0.0276,,41.311922,-105.581147,2021,5,19,19
West,Knight Hall,2021-05-19T20:00:00,30.0,,,,,,,,0.0207,,41.311922,-105.581147,2021,5,19,20
West,Knight Hall,2021-05-19T21:00:00,30.0,,,,,,,,0.0207,,41.311922,-105.581147,2021,5,19,21
West,Knight Hall,2021-05-19T22:00:00,20.0,,,,,,,,0.0138,,41.311922,-105.581147,2021,5,19,22
West,Knight Hall,2021-05-19T23:00:00,30.0,,,,,,,,0.0207,,41.311922,-105.581147,2021,5,19,23
West,Knight Hall,2021-05-20T00:00:00,20.0,,,,,,,,0.0138,,41.311922,-105.581147,2021,5,20,0
West,Knight Hall,2021-05-20T01:00:00,30.0,,,,,,,,0.0207,,41.311922,-105.581147,2021,5,20,1
West,Knight Hall,2021-05-20T02:00:00,20.0,,,,,,,,0.0138,,41.311922,-105.581147,2021,5,20,2
West,Knight Hall,2021-05-20T03:00:00,30.0,,,,,,,,0.0207,,41.311922,-105.581147,2021,5,20,3
West,Knight Hall,2021-05-20T04:00:00,30.0,,,,,,,,0.0207,,41.311922,-105.581147,2021,5,20,4
West,Knight Hall,2021-05-20T05:00:00,20.0,,,,,,,,0.0138,,41.311922,-105.581147,2021,5,20,5
West,Knight Hall,2021-05-20T06:00:00,40.0,,,,,,,,0.0276,,41.311922,-105.581147,2021,5,20,6
West,Knight Hall,2021-05-20T07:00:00,40.0,,,,,,,,0.0276,,41.311922,-105.581147,2021,5,20,7
West,Knight Hall,2021-05-20T08:00:00,60.0,,,,,,,,0.0414,,41.311922,-105.581147,2021,5,20,8
West,Knight Hall,2021-05-20T09:00:00,70.0,,,,,,,,0.048299999999999996,,41.311922,-105.581147,2021,5,20,9
West,Knight Hall,2021-05-20T10:00:00,70.0,,,,,,,,0.048299999999999996,,41.311922,-105.581147,2021,5,20,10
West,Knight Hall,2021-05-20T11:00:00,60.0,,,,,,,,0.0414,,41.311922,-105.581147,2021,5,20,11
West,Knight Hall,2021-05-20T12:00:00,70.0,,,,,,,,0.048299999999999996,,41.311922,-105.581147,2021,5,20,12
West,Knight Hall,2021-05-20T13:00:00,60.0,,,,,,,,0.0414,,41.311922,-105.581147,2021,5,20,13
West,Knight Hall,2021-05-20T14:00:00,70.0,,,,,,,,0.048299999999999996,,41.311922,-105.581147,2021,5,20,14
West,Knight Hall,2021-05-20T15:00:00,70.0,,,,,,,,0.048299999999999996,,41.311922,-105.581147,2021,5,20,15
West,Knight Hall,2021-05-20T16:00:00,60.0,,,,,,,,0.0414,,41.311922,-105.581147,2021,5,20,16
West,Knight Hall,2021-05-20T17:00:00,50.0,,,,,,,,0.034499999999999996,,41.311922,-105.581147,2021,5,20,17
West,Knight Hall,2021-05-20T18:00:00,40.0,,,,,,,,0.0276,,41.311922,-105.581147,2021,5,20,18
West,Knight Hall,2021-05-20T19:00:00,30.0,,,,,,,,0.0207,,41.311922,-105.581147,2021,5,20,19
West,Knight Hall,2021-05-20T20:00:00,40.0,,,,,,,,0.0276,,41.311922,-105.581147,2021,5,20,20
West,Knight Hall,2021-05-20T21:00:00,30.0,,,,,,,,0.0207,,41.311922,-105.581147,2021,5,20,21
West,Knight Hall,2021-05-20T22:00:00,30.0,,,,,,,,0.0207,,41.311922,-105.581147,2021,5,20,22
West,Knight Hall,2021-05-20T23:00:00,30.0,,,,,,,,0.0207,,41.311922,-105.581147,2021,5,20,23
West,Knight Hall,2021-05-21T00:00:00,20.0,,,,,,,,0.0138,,41.311922,-105.581147,2021,5,21,0
West,Knight Hall,2021-05-21T01:00:00,20.0,,,,,,,,0.0138,,41.311922,-105.581147,2021,5,21,1
West,Knight Hall,2021-05-21T02:00:00,30.0,,,,,,,,0.0207,,41.311922,-105.581147,2021,5,21,2
West,Knight Hall,2021-05-21T03:00:00,20.0,,,,,,,,0.0138,,41.311922,-105.581147,2021,5,21,3
West,Knight Hall,2021-05-21T04:00:00,30.0,,,,,,,,0.0207,,41.311922,-105.581147,2021,5,21,4
West,Knight Hall,2021-05-21T05:00:00,30.0,,,,,,,,0.0207,,41.311922,-105.581147,2021,5,21,5
West,Knight Hall,2021-05-21T06:00:00,30.0,,,,,,,,0.0207,,41.311922,-105.581147,2021,5,21,6
West,Knight Hall,2021-05-21T07:00:00,40.0,,,,,,,,0.0276,,41.311922,-105.581147,2021,5,21,7
West,Knight Hall,2021-05-21T08:00:00,60.0,,,,,,,,0.0414,,41.311922,-105.581147,2021,5,21,8
West,Knight Hall,2021-05-21T09:00:00,70.0,,,,,,,,0.048299999999999996,,41.311922,-105.581147,2021,5,21,9
West,Knight Hall,2021-05-21T10:00:00,70.0,,,,,,,,0.048299999999999996,,41.311922,-105.581147,2021,5,21,10
West,Knight Hall,2021-05-21T11:00:00,60.0,,,,,,,,0.0414,,41.311922,-105.581147,2021,5,21,11
West,Knight Hall,2021-05-21T12:00:00,70.0,,,,,,,,0.048299999999999996,,41.311922,-105.581147,2021,5,21,12
West,Knight Hall,2021-05-21T13:00:00,60.0,,,,,,,,0.0414,,41.311922,-105.581147,2021,5,21,13
West,Knight Hall,2021-05-21T14:00:00,70.0,,,,,,,,0.048299999999999996,,41.311922,-105.581147,2021,5,21,14
West,Knight Hall,2021-05-21T15:00:00,60.0,,,,,,,,0.0414,,41.311922,-105.581147,2021,5,21,15
West,Knight Hall,2021-05-21T16:00:00,60.0,,,,,,,,0.0414,,41.311922,-105.581147,2021,5,21,16
West,Knight Hall,2021-05-21T17:00:00,40.0,,,,,,,,0.0276,,41.311922,-105.581147,2021,5,21,17
West,Knight Hall,2021-05-21T18:00:00,50.0,,,,,,,,0.034499999999999996,,41.311922,-105.581147,2021,5,21,18
West,Knight Hall,2021-05-21T19:00:00,30.0,,,,,,,,0.0207,,41.311922,-105.581147,2021,5,21,19
West,Knight Hall,2021-05-21T20:00:00,30.0,,,,,,,,0.0207,,41.311922,-105.581147,2021,5,21,20
West,Knight Hall,2021-05-21T21:00:00,30.0,,,,,,,,0.0207,,41.311922,-105.581147,2021,5,21,21
West,Knight Hall,2021-05-21T22:00:00,30.0,,,,,,,,0.0207,,41.311922,-105.581147,2021,5,21,22
West,Knight Hall,2021-05-21T23:00:00,30.0,,,,,,,,0.0207,,41.311922,-105.581147,2021,5,21,23
West,Knight Hall,2021-05-22T00:00:00,20.0,,,,,,,,0.0138,,41.311922,-105.581147,2021,5,22,0
West,Knight Hall,2021-05-22T01:00:00,20.0,,,,,,,,0.0138,,41.311922,-105.581147,2021,5,22,1
West,Knight Hall,2021-05-22T02:00:00,30.0,,,,,,,,0.0207,,41.311922,-105.581147,2021,5,22,2
West,Knight Hall,2021-05-22T03:00:00,30.0,,,,,,,,0.0207,,41.311922,-105.581147,2021,5,22,3
West,Knight Hall,2021-05-22T04:00:00,20.0,,,,,,,,0.0138,,41.311922,-105.581147,2021,5,22,4
West,Knight Hall,2021-05-22T05:00:00,30.0,,,,,,,,0.0207,,41.311922,-105.581147,2021,5,22,5
West,Knight Hall,2021-05-22T06:00:00,30.0,,,,,,,,0.0207,,41.311922,-105.581147,2021,5,22,6
West,Knight Hall,2021-05-22T07:00:00,20.0,,,,,,,,0.0138,,41.311922,-105.581147,2021,5,22,7
West,Knight Hall,2021-05-22T08:00:00,30.0,,,,,,,,0.0207,,41.311922,-105.581147,2021,5,22,8
West,Knight Hall,2021-05-22T09:00:00,40.0,,,,,,,,0.0276,,41.311922,-105.581147,2021,5,22,9
West,Knight Hall,2021-05-22T10:00:00,30.0,,,,,,,,0.0207,,41.311922,-105.581147,2021,5,22,10
West,Knight Hall,2021-05-22T11:00:00,30.0,,,,,,,,0.0207,,41.311922,-105.581147,2021,5,22,11
West,Knight Hall,2021-05-22T12:00:00,40.0,,,,,,,,0.0276,,41.311922,-105.581147,2021,5,22,12
West,Knight Hall,2021-05-22T13:00:00,30.0,,,,,,,,0.0207,,41.311922,-105.581147,2021,5,22,13
West,Knight Hall,2021-05-22T14:00:00,30.0,,,,,,,,0.0207,,41.311922,-105.581147,2021,5,22,14
West,Knight Hall,2021-05-22T15:00:00,30.0,,,,,,,,0.0207,,41.311922,-105.581147,2021,5,22,15
West,Knight Hall,2021-05-22T16:00:00,20.0,,,,,,,,0.0138,,41.311922,-105.581147,2021,5,22,16
West,Knight Hall,2021-05-22T17:00:00,30.0,,,,,,,,0.0207,,41.311922,-105.581147,2021,5,22,17
West,Knight Hall,2021-05-22T18:00:00,20.0,,,,,,,,0.0138,,41.311922,-105.581147,2021,5,22,18
West,Knight Hall,2021-05-22T19:00:00,20.0,,,,,,,,0.0138,,41.311922,-105.581147,2021,5,22,19
West,Knight Hall,2021-05-22T20:00:00,30.0,,,,,,,,0.0207,,41.311922,-105.581147,2021,5,22,20
West,Knight Hall,2021-05-22T21:00:00,20.0,,,,,,,,0.0138,,41.311922,-105.581147,2021,5,22,21
West,Knight Hall,2021-05-22T22:00:00,30.0,,,,,,,,0.0207,,41.311922,-105.581147,2021,5,22,22
West,Knight Hall,2021-05-22T23:00:00,20.0,,,,,,,,0.0138,,41.311922,-105.581147,2021,5,22,23
West,Knight Hall,2021-05-23T00:00:00,30.0,,,,,,,,0.0207,,41.311922,-105.581147,2021,5,23,0
West,Knight Hall,2021-05-23T01:00:00,20.0,,,,,,,,0.0138,,41.311922,-105.581147,2021,5,23,1
West,Knight Hall,2021-05-23T02:00:00,30.0,,,,,,,,0.0207,,41.311922,-105.581147,2021,5,23,2
West,Knight Hall,2021-05-23T03:00:00,20.0,,,,,,,,0.0138,,41.311922,-105.581147,2021,5,23,3
West,Knight Hall,2021-05-23T04:00:00,20.0,,,,,,,,0.0138,,41.311922,-105.581147,2021,5,23,4
West,Knight Hall,2021-05-23T05:00:00,30.0,,,,,,,,0.0207,,41.311922,-105.581147,2021,5,23,5
West,Knight Hall,2021-05-23T06:00:00,20.0,,,,,,,,0.0138,,41.311922,-105.581147,2021,5,23,6
West,Knight Hall,2021-05-23T07:00:00,30.0,,,,,,,,0.0207,,41.311922,-105.581147,2021,5,23,7
West,Knight Hall,2021-05-23T08:00:00,30.0,,,,,,,,0.0207,,41.311922,-105.581147,2021,5,23,8
West,Knight Hall,2021-05-23T09:00:00,20.0,,,,,,,,0.0138,,41.311922,-105.581147,2021,5,23,9
West,Knight Hall,2021-05-23T10:00:00,30.0,,,,,,,,0.0207,,41.311922,-105.581147,2021,5,23,10
West,Knight Hall,2021-05-23T11:00:00,30.0,,,,,,,,0.0207,,41.311922,-105.581147,2021,5,23,11
West,Knight Hall,2021-05-23T12:00:00,30.0,,,,,,,,0.0207,,41.311922,-105.581147,2021,5,23,12
West,Knight Hall,2021-05-23T13:00:00,30.0,,,,,,,,0.0207,,41.311922,-105.581147,2021,5,23,13
West,Knight Hall,2021-05-23T14:00:00,40.0,,,,,,,,0.0276,,41.311922,-105.581147,2021,5,23,14
West,Knight Hall,2021-05-23T15:00:00,30.0,,,,,,,,0.0207,,41.311922,-105.581147,2021,5,23,15
West,Knight Hall,2021-05-23T16:00:00,30.0,,,,,,,,0.0207,,41.311922,-105.581147,2021,5,23,16
West,Knight Hall,2021-05-23T17:00:00,30.0,,,,,,,,0.0207,,41.311922,-105.581147,2021,5,23,17
West,Knight Hall,2021-05-23T18:00:00,30.0,,,,,,,,0.0207,,41.311922,-105.581147,2021,5,23,18
West,Knight Hall,2021-05-23T19:00:00,30.0,,,,,,,,0.0207,,41.311922,-105.581147,2021,5,23,19
West,Knight Hall,2021-05-23T20:00:00,20.0,,,,,,,,0.0138,,41.311922,-105.581147,2021,5,23,20
West,Knight Hall,2021-05-23T21:00:00,30.0,,,,,,,,0.0207,,41.311922,-105.581147,2021,5,23,21
West,Knight Hall,2021-05-23T22:00:00,20.0,,,,,,,,0.0138,,41.311922,-105.581147,2021,5,23,22
West,Knight Hall,2021-05-23T23:00:00,30.0,,,,,,,,0.0207,,41.311922,-105.581147,2021,5,23,23
West,Knight Hall,2021-05-24T00:00:00,30.0,,,,,,,,0.0207,,41.311922,-105.581147,2021,5,24,0
West,Knight Hall,2021-05-24T01:00:00,20.0,,,,,,,,0.0138,,41.311922,-105.581147,2021,5,24,1
West,Knight Hall,2021-05-24T02:00:00,30.0,,,,,,,,0.0207,,41.311922,-105.581147,2021,5,24,2
West,Knight Hall,2021-05-24T03:00:00,30.0,,,,,,,,0.0207,,41.311922,-105.581147,2021,5,24,3
West,Knight Hall,2021-05-24T04:00:00,30.0,,,,,,,,0.0207,,41.311922,-105.581147,2021,5,24,4
West,Knight Hall,2021-05-24T05:00:00,30.0,,,,,,,,0.0207,,41.311922,-105.581147,2021,5,24,5
West,Knight Hall,2021-05-24T06:00:00,30.0,,,,,,,,0.0207,,41.311922,-105.581147,2021,5,24,6
West,Knight Hall,2021-05-24T07:00:00,50.0,,,,,,,,0.034499999999999996,,41.311922,-105.581147,2021,5,24,7
West,Knight Hall,2021-05-24T08:00:00,60.0,,,,,,,,0.0414,,41.311922,-105.581147,2021,5,24,8
West,Knight Hall,2021-05-24T09:00:00,70.0,,,,,,,,0.048299999999999996,,41.311922,-105.581147,2021,5,24,9
West,Knight Hall,2021-05-24T10:00:00,70.0,,,,,,,,0.048299999999999996,,41.311922,-105.581147,2021,5,24,10
West,Knight Hall,2021-05-24T11:00:00,70.0,,,,,,,,0.048299999999999996,,41.311922,-105.581147,2021,5,24,11
West,Knight Hall,2021-05-24T12:00:00,70.0,,,,,,,,0.048299999999999996,,41.311922,-105.581147,2021,5,24,12
West,Knight Hall,2021-05-24T13:00:00,70.0,,,,,,,,0.048299999999999996,,41.311922,-105.581147,2021,5,24,13
West,Knight Hall,2021-05-24T14:00:00,60.0,,,,,,,,0.0414,,41.311922,-105.581147,2021,5,24,14
West,Knight Hall,2021-05-24T15:00:00,70.0,,,,,,,,0.048299999999999996,,41.311922,-105.581147,2021,5,24,15
West,Knight Hall,2021-05-24T16:00:00,60.0,,,,,,,,0.0414,,41.311922,-105.581147,2021,5,24,16
West,Knight Hall,2021-05-24T17:00:00,50.0,,,,,,,,0.034499999999999996,,41.311922,-105.581147,2021,5,24,17
West,Knight Hall,2021-05-24T18:00:00,40.0,,,,,,,,0.0276,,41.311922,-105.581147,2021,5,24,18
West,Knight Hall,2021-05-24T19:00:00,30.0,,,,,,,,0.0207,,41.311922,-105.581147,2021,5,24,19
West,Knight Hall,2021-05-24T20:00:00,30.0,,,,,,,,0.0207,,41.311922,-105.581147,2021,5,24,20
West,Knight Hall,2021-05-24T21:00:00,30.0,,,,,,,,0.0207,,41.311922,-105.581147,2021,5,24,21
West,Knight Hall,2021-05-24T22:00:00,30.0,,,,,,,,0.0207,,41.311922,-105.581147,2021,5,24,22
West,Knight Hall,2021-05-24T23:00:00,30.0,,,,,,,,0.0207,,41.311922,-105.581147,2021,5,24,23
West,Knight Hall,2021-05-25T00:00:00,20.0,,,,,,,,0.0138,,41.311922,-105.581147,2021,5,25,0
West,Knight Hall,2021-05-25T01:00:00,30.0,,,,,,,,0.0207,,41.311922,-105.581147,2021,5,25,1
West,Knight Hall,2021-05-25T02:00:00,20.0,,,,,,,,0.0138,,41.311922,-105.581147,2021,5,25,2
West,Knight Hall,2021-05-25T03:00:00,30.0,,,,,,,,0.0207,,41.311922,-105.581147,2021,5,25,3
West,Knight Hall,2021-05-25T04:00:00,30.0,,,,,,,,0.0207,,41.311922,-105.581147,2021,5,25,4
West,Knight Hall,2021-05-25T05:00:00,30.0,,,,,,,,0.0207,,41.311922,-105.581147,2021,5,25,5
West,Knight Hall,2021-05-25T06:00:00,30.0,,,,,,,,0.0207,,41.311922,-105.581147,2021,5,25,6
West,Knight Hall,2021-05-25T07:00:00,50.0,,,,,,,,0.034499999999999996,,41.311922,-105.581147,2021,5,25,7
West,Knight Hall,2021-05-25T08:00:00,70.0,,,,,,,,0.048299999999999996,,41.311922,-105.581147,2021,5,25,8
West,Knight Hall,2021-05-25T09:00:00,60.0,,,,,,,,0.0414,,41.311922,-105.581147,2021,5,25,9
West,Knight Hall,2021-05-25T10:00:00,60.0,,,,,,,,0.0414,,41.311922,-105.581147,2021,5,25,10
West,Knight Hall,2021-05-25T11:00:00,70.0,,,,,,,,0.048299999999999996,,41.311922,-105.581147,2021,5,25,11
West,Knight Hall,2021-05-25T12:00:00,60.0,,,,,,,,0.0414,,41.311922,-105.581147,2021,5,25,12
West,Knight Hall,2021-05-25T13:00:00,70.0,,,,,,,,0.048299999999999996,,41.311922,-105.581147,2021,5,25,13
West,Knight Hall,2021-05-25T14:00:00,60.0,,,,,,,,0.0414,,41.311922,-105.581147,2021,5,25,14
West,Knight Hall,2021-05-25T15:00:00,70.0,,,,,,,,0.048299999999999996,,41.311922,-105.581147,2021,5,25,15
West,Knight Hall,2021-05-25T16:00:00,60.0,,,,,,,,0.0414,,41.311922,-105.581147,2021,5,25,16
West,Knight Hall,2021-05-25T17:00:00,40.0,,,,,,,,0.0276,,41.311922,-105.581147,2021,5,25,17
West,Knight Hall,2021-05-25T18:00:00,40.0,,,,,,,,0.0276,,41.311922,-105.581147,2021,5,25,18
West,Knight Hall,2021-05-25T19:00:00,40.0,,,,,,,,0.0276,,41.311922,-105.581147,2021,5,25,19
West,Knight Hall,2021-05-25T20:00:00,30.0,,,,,,,,0.0207,,41.311922,-105.581147,2021,5,25,20
West,Knight Hall,2021-05-25T21:00:00,30.0,,,,,,,,0.0207,,41.311922,-105.581147,2021,5,25,21
West,Knight Hall,2021-05-25T22:00:00,30.0,,,,,,,,0.0207,,41.311922,-105.581147,2021,5,25,22
West,Knight Hall,2021-05-25T23:00:00,30.0,,,,,,,,0.0207,,41.311922,-105.581147,2021,5,25,23
West,Knight Hall,2021-05-26T00:00:00,20.0,,,,,,,,0.0138,,41.311922,-105.581147,2021,5,26,0
West,Knight Hall,2021-05-26T01:00:00,30.0,,,,,,,,0.0207,,41.311922,-105.581147,2021,5,26,1
West,Knight Hall,2021-05-26T02:00:00,20.0,,,,,,,,0.0138,,41.311922,-105.581147,2021,5,26,2
West,Knight Hall,2021-05-26T03:00:00,30.0,,,,,,,,0.0207,,41.311922,-105.581147,2021,5,26,3
West,Knight Hall,2021-05-26T04:00:00,20.0,,,,,,,,0.0138,,41.311922,-105.581147,2021,5,26,4
West,Knight Hall,2021-05-26T05:00:00,30.0,,,,,,,,0.0207,,41.311922,-105.581147,2021,5,26,5
West,Knight Hall,2021-05-26T06:00:00,40.0,,,,,,,,0.0276,,41.311922,-105.581147,2021,5,26,6
West,Knight Hall,2021-05-26T07:00:00,40.0,,,,,,,,0.0276,,41.311922,-105.581147,2021,5,26,7
West,Knight Hall,2021-05-26T08:00:00,60.0,,,,,,,,0.0414,,41.311922,-105.581147,2021,5,26,8
West,Knight Hall,2021-05-26T09:00:00,70.0,,,,,,,,0.048299999999999996,,41.311922,-105.581147,2021,5,26,9
West,Knight Hall,2021-05-26T10:00:00,70.0,,,,,,,,0.048299999999999996,,41.311922,-105.581147,2021,5,26,10
West,Knight Hall,2021-05-26T11:00:00,70.0,,,,,,,,0.048299999999999996,,41.311922,-105.581147,2021,5,26,11
West,Knight Hall,2021-05-26T12:00:00,60.0,,,,,,,,0.0414,,41.311922,-105.581147,2021,5,26,12
West,Knight Hall,2021-05-26T13:00:00,70.0,,,,,,,,0.048299999999999996,,41.311922,-105.581147,2021,5,26,13
West,Knight Hall,2021-05-26T14:00:00,70.0,,,,,,,,0.048299999999999996,,41.311922,-105.581147,2021,5,26,14
West,Knight Hall,2021-05-26T15:00:00,70.0,,,,,,,,0.048299999999999996,,41.311922,-105.581147,2021,5,26,15
West,Knight Hall,2021-05-26T16:00:00,50.0,,,,,,,,0.034499999999999996,,41.311922,-105.581147,2021,5,26,16
West,Knight Hall,2021-05-26T17:00:00,50.0,,,,,,,,0.034499999999999996,,41.311922,-105.581147,2021,5,26,17
West,Knight Hall,2021-05-26T18:00:00,40.0,,,,,,,,0.0276,,41.311922,-105.581147,2021,5,26,18
West,Knight Hall,2021-05-26T19:00:00,30.0,,,,,,,,0.0207,,41.311922,-105.581147,2021,5,26,19
West,Knight Hall,2021-05-26T20:00:00,30.0,,,,,,,,0.0207,,41.311922,-105.581147,2021,5,26,20
West,Knight Hall,2021-05-26T21:00:00,30.0,,,,,,,,0.0207,,41.311922,-105.581147,2021,5,26,21
West,Knight Hall,2021-05-26T22:00:00,30.0,,,,,,,,0.0207,,41.311922,-105.581147,2021,5,26,22
West,Knight Hall,2021-05-26T23:00:00,30.0,,,,,,,,0.0207,,41.311922,-105.581147,2021,5,26,23
West,Knight Hall,2021-05-27T00:00:00,20.0,,,,,,,,0.0138,,41.311922,-105.581147,2021,5,27,0
West,Knight Hall,2021-05-27T01:00:00,30.0,,,,,,,,0.0207,,41.311922,-105.581147,2021,5,27,1
West,Knight Hall,2021-05-27T02:00:00,20.0,,,,,,,,0.0138,,41.311922,-105.581147,2021,5,27,2
West,Knight Hall,2021-05-27T03:00:00,30.0,,,,,,,,0.0207,,41.311922,-105.581147,2021,5,27,3
West,Knight Hall,2021-05-27T04:00:00,30.0,,,,,,,,0.0207,,41.311922,-105.581147,2021,5,27,4
West,Knight Hall,2021-05-27T05:00:00,30.0,,,,,,,,0.0207,,41.311922,-105.581147,2021,5,27,5
West,Knight Hall,2021-05-27T06:00:00,30.0,,,,,,,,0.0207,,41.311922,-105.581147,2021,5,27,6
West,Knight Hall,2021-05-27T07:00:00,50.0,,,,,,,,0.034499999999999996,,41.311922,-105.581147,2021,5,27,7
West,Knight Hall,2021-05-27T08:00:00,60.0,,,,,,,,0.0414,,41.311922,-105.581147,2021,5,27,8
West,Knight Hall,2021-05-27T09:00:00,70.0,,,,,,,,0.048299999999999996,,41.311922,-105.581147,2021,5,27,9
West,Knight Hall,2021-05-27T10:00:00,70.0,,,,,,,,0.048299999999999996,,41.311922,-105.581147,2021,5,27,10
West,Knight Hall,2021-05-27T11:00:00,70.0,,,,,,,,0.048299999999999996,,41.311922,-105.581147,2021,5,27,11
West,Knight Hall,2021-05-27T12:00:00,60.0,,,,,,,,0.0414,,41.311922,-105.581147,2021,5,27,12
West,Knight Hall,2021-05-27T13:00:00,70.0,,,,,,,,0.048299999999999996,,41.311922,-105.581147,2021,5,27,13
West,Knight Hall,2021-05-27T14:00:00,60.0,,,,,,,,0.0414,,41.311922,-105.581147,2021,5,27,14
West,Knight Hall,2021-05-27T15:00:00,70.0,,,,,,,,0.048299999999999996,,41.311922,-105.581147,2021,5,27,15
West,Knight Hall,2021-05-27T16:00:00,60.0,,,,,,,,0.0414,,41.311922,-105.581147,2021,5,27,16
West,Knight Hall,2021-05-27T17:00:00,50.0,,,,,,,,0.034499999999999996,,41.311922,-105.581147,2021,5,27,17
West,Knight Hall,2021-05-27T18:00:00,40.0,,,,,,,,0.0276,,41.311922,-105.581147,2021,5,27,18
West,Knight Hall,2021-05-27T19:00:00,30.0,,,,,,,,0.0207,,41.311922,-105.581147,2021,5,27,19
West,Knight Hall,2021-05-27T20:00:00,30.0,,,,,,,,0.0207,,41.311922,-105.581147,2021,5,27,20
West,Knight Hall,2021-05-27T21:00:00,30.0,,,,,,,,0.0207,,41.311922,-105.581147,2021,5,27,21
West,Knight Hall,2021-05-27T22:00:00,30.0,,,,,,,,0.0207,,41.311922,-105.581147,2021,5,27,22
West,Knight Hall,2021-05-27T23:00:00,30.0,,,,,,,,0.0207,,41.311922,-105.581147,2021,5,27,23
West,Knight Hall,2021-05-28T00:00:00,20.0,,,,,,,,0.0138,,41.311922,-105.581147,2021,5,28,0
West,Knight Hall,2021-05-28T01:00:00,20.0,,,,,,,,0.0138,,41.311922,-105.581147,2021,5,28,1
West,Knight Hall,2021-05-28T02:00:00,30.0,,,,,,,,0.0207,,41.311922,-105.581147,2021,5,28,2
West,Knight Hall,2021-05-28T03:00:00,20.0,,,,,,,,0.0138,,41.311922,-105.581147,2021,5,28,3
West,Knight Hall,2021-05-28T04:00:00,30.0,,,,,,,,0.0207,,41.311922,-105.581147,2021,5,28,4
West,Knight Hall,2021-05-28T05:00:00,30.0,,,,,,,,0.0207,,41.311922,-105.581147,2021,5,28,5
West,Knight Hall,2021-05-28T06:00:00,40.0,,,,,,,,0.0276,,41.311922,-105.581147,2021,5,28,6
West,Knight Hall,2021-05-28T07:00:00,40.0,,,,,,,,0.0276,,41.311922,-105.581147,2021,5,28,7
West,Knight Hall,2021-05-28T08:00:00,60.0,,,,,,,,0.0414,,41.311922,-105.581147,2021,5,28,8
West,Knight Hall,2021-05-28T09:00:00,60.0,,,,,,,,0.0414,,41.311922,-105.581147,2021,5,28,9
West,Knight Hall,2021-05-28T10:00:00,60.0,,,,,,,,0.0414,,41.311922,-105.581147,2021,5,28,10
West,Knight Hall,2021-05-28T11:00:00,70.0,,,,,,,,0.048299999999999996,,41.311922,-105.581147,2021,5,28,11
West,Knight Hall,2021-05-28T12:00:00,60.0,,,,,,,,0.0414,,41.311922,-105.581147,2021,5,28,12
West,Knight Hall,2021-05-28T13:00:00,50.0,,,,,,,,0.034499999999999996,,41.311922,-105.581147,2021,5,28,13
West,Knight Hall,2021-05-28T14:00:00,60.0,,,,,,,,0.0414,,41.311922,-105.581147,2021,5,28,14
West,Knight Hall,2021-05-28T15:00:00,60.0,,,,,,,,0.0414,,41.311922,-105.581147,2021,5,28,15
West,Knight Hall,2021-05-28T16:00:00,50.0,,,,,,,,0.034499999999999996,,41.311922,-105.581147,2021,5,28,16
West,Knight Hall,2021-05-28T17:00:00,40.0,,,,,,,,0.0276,,41.311922,-105.581147,2021,5,28,17
West,Knight Hall,2021-05-28T18:00:00,30.0,,,,,,,,0.0207,,41.311922,-105.581147,2021,5,28,18
West,Knight Hall,2021-05-28T19:00:00,30.0,,,,,,,,0.0207,,41.311922,-105.581147,2021,5,28,19
West,Knight Hall,2021-05-28T20:00:00,30.0,,,,,,,,0.0207,,41.311922,-105.581147,2021,5,28,20
West,Knight Hall,2021-05-28T21:00:00,30.0,,,,,,,,0.0207,,41.311922,-105.581147,2021,5,28,21
West,Knight Hall,2021-05-28T22:00:00,30.0,,,,,,,,0.0207,,41.311922,-105.581147,2021,5,28,22
West,Knight Hall,2021-05-28T23:00:00,20.0,,,,,,,,0.0138,,41.311922,-105.581147,2021,5,28,23
West,Knight Hall,2021-05-29T00:00:00,30.0,,,,,,,,0.0207,,41.311922,-105.581147,2021,5,29,0
West,Knight Hall,2021-05-29T01:00:00,20.0,,,,,,,,0.0138,,41.311922,-105.581147,2021,5,29,1
West,Knight Hall,2021-05-29T02:00:00,30.0,,,,,,,,0.0207,,41.311922,-105.581147,2021,5,29,2
West,Knight Hall,2021-05-29T03:00:00,20.0,,,,,,,,0.0138,,41.311922,-105.581147,2021,5,29,3
West,Knight Hall,2021-05-29T04:00:00,30.0,,,,,,,,0.0207,,41.311922,-105.581147,2021,5,29,4
West,Knight Hall,2021-05-29T05:00:00,30.0,,,,,,,,0.0207,,41.311922,-105.581147,2021,5,29,5
West,Knight Hall,2021-05-29T06:00:00,20.0,,,,,,,,0.0138,,41.311922,-105.581147,2021,5,29,6
West,Knight Hall,2021-05-29T07:00:00,30.0,,,,,,,,0.0207,,41.311922,-105.581147,2021,5,29,7
West,Knight Hall,2021-05-29T08:00:00,30.0,,,,,,,,0.0207,,41.311922,-105.581147,2021,5,29,8
West,Knight Hall,2021-05-29T09:00:00,30.0,,,,,,,,0.0207,,41.311922,-105.581147,2021,5,29,9
West,Knight Hall,2021-05-29T10:00:00,30.0,,,,,,,,0.0207,,41.311922,-105.581147,2021,5,29,10
West,Knight Hall,2021-05-29T11:00:00,30.0,,,,,,,,0.0207,,41.311922,-105.581147,2021,5,29,11
West,Knight Hall,2021-05-29T12:00:00,30.0,,,,,,,,0.0207,,41.311922,-105.581147,2021,5,29,12
West,Knight Hall,2021-05-29T13:00:00,30.0,,,,,,,,0.0207,,41.311922,-105.581147,2021,5,29,13
West,Knight Hall,2021-05-29T14:00:00,30.0,,,,,,,,0.0207,,41.311922,-105.581147,2021,5,29,14
West,Knight Hall,2021-05-29T15:00:00,30.0,,,,,,,,0.0207,,41.311922,-105.581147,2021,5,29,15
West,Knight Hall,2021-05-29T16:00:00,20.0,,,,,,,,0.0138,,41.311922,-105.581147,2021,5,29,16
West,Knight Hall,2021-05-29T17:00:00,30.0,,,,,,,,0.0207,,41.311922,-105.581147,2021,5,29,17
West,Knight Hall,2021-05-29T18:00:00,20.0,,,,,,,,0.0138,,41.311922,-105.581147,2021,5,29,18
West,Knight Hall,2021-05-29T19:00:00,30.0,,,,,,,,0.0207,,41.311922,-105.581147,2021,5,29,19
West,Knight Hall,2021-05-29T20:00:00,30.0,,,,,,,,0.0207,,41.311922,-105.581147,2021,5,29,20
West,Knight Hall,2021-05-29T21:00:00,20.0,,,,,,,,0.0138,,41.311922,-105.581147,2021,5,29,21
West,Knight Hall,2021-05-29T22:00:00,30.0,,,,,,,,0.0207,,41.311922,-105.581147,2021,5,29,22
West,Knight Hall,2021-05-29T23:00:00,20.0,,,,,,,,0.0138,,41.311922,-105.581147,2021,5,29,23
West,Knight Hall,2021-05-30T00:00:00,30.0,,,,,,,,0.0207,,41.311922,-105.581147,2021,5,30,0
West,Knight Hall,2021-05-30T01:00:00,20.0,,,,,,,,0.0138,,41.311922,-105.581147,2021,5,30,1
West,Knight Hall,2021-05-30T02:00:00,30.0,,,,,,,,0.0207,,41.311922,-105.581147,2021,5,30,2
West,Knight Hall,2021-05-30T03:00:00,20.0,,,,,,,,0.0138,,41.311922,-105.581147,2021,5,30,3
West,Knight Hall,2021-05-30T04:00:00,30.0,,,,,,,,0.0207,,41.311922,-105.581147,2021,5,30,4
West,Knight Hall,2021-05-30T05:00:00,30.0,,,,,,,,0.0207,,41.311922,-105.581147,2021,5,30,5
West,Knight Hall,2021-05-30T06:00:00,20.0,,,,,,,,0.0138,,41.311922,-105.581147,2021,5,30,6
West,Knight Hall,2021-05-30T07:00:00,30.0,,,,,,,,0.0207,,41.311922,-105.581147,2021,5,30,7
West,Knight Hall,2021-05-30T08:00:00,30.0,,,,,,,,0.0207,,41.311922,-105.581147,2021,5,30,8
West,Knight Hall,2021-05-30T09:00:00,30.0,,,,,,,,0.0207,,41.311922,-105.581147,2021,5,30,9
West,Knight Hall,2021-05-30T10:00:00,30.0,,,,,,,,0.0207,,41.311922,-105.581147,2021,5,30,10
West,Knight Hall,2021-05-30T11:00:00,30.0,,,,,,,,0.0207,,41.311922,-105.581147,2021,5,30,11
West,Knight Hall,2021-05-30T12:00:00,30.0,,,,,,,,0.0207,,41.311922,-105.581147,2021,5,30,12
West,Knight Hall,2021-05-30T13:00:00,30.0,,,,,,,,0.0207,,41.311922,-105.581147,2021,5,30,13
West,Knight Hall,2021-05-30T14:00:00,30.0,,,,,,,,0.0207,,41.311922,-105.581147,2021,5,30,14
West,Knight Hall,2021-05-30T15:00:00,30.0,,,,,,,,0.0207,,41.311922,-105.581147,2021,5,30,15
West,Knight Hall,2021-05-30T16:00:00,20.0,,,,,,,,0.0138,,41.311922,-105.581147,2021,5,30,16
West,Knight Hall,2021-05-30T17:00:00,30.0,,,,,,,,0.0207,,41.311922,-105.581147,2021,5,30,17
West,Knight Hall,2021-05-30T18:00:00,20.0,,,,,,,,0.0138,,41.311922,-105.581147,2021,5,30,18
West,Knight Hall,2021-05-30T19:00:00,30.0,,,,,,,,0.0207,,41.311922,-105.581147,2021,5,30,19
West,Knight Hall,2021-05-30T20:00:00,30.0,,,,,,,,0.0207,,41.311922,-105.581147,2021,5,30,20
West,Knight Hall,2021-05-30T21:00:00,20.0,,,,,,,,0.0138,,41.311922,-105.581147,2021,5,30,21
West,Knight Hall,2021-05-30T22:00:00,30.0,,,,,,,,0.0207,,41.311922,-105.581147,2021,5,30,22
West,Knight Hall,2021-05-30T23:00:00,30.0,,,,,,,,0.0207,,41.311922,-105.581147,2021,5,30,23
West,Knight Hall,2021-05-31T00:00:00,30.0,,,,,,,,0.0207,,41.311922,-105.581147,2021,5,31,0
West,Knight Hall,2021-05-31T01:00:00,20.0,,,,,,,,0.0138,,41.311922,-105.581147,2021,5,31,1
West,Knight Hall,2021-05-31T02:00:00,30.0,,,,,,,,0.0207,,41.311922,-105.581147,2021,5,31,2
West,Knight Hall,2021-05-31T03:00:00,30.0,,,,,,,,0.0207,,41.311922,-105.581147,2021,5,31,3
West,Knight Hall,2021-05-31T04:00:00,30.0,,,,,,,,0.0207,,41.311922,-105.581147,2021,5,31,4
West,Knight Hall,2021-05-31T05:00:00,30.0,,,,,,,,0.0207,,41.311922,-105.581147,2021,5,31,5
West,Knight Hall,2021-05-31T06:00:00,30.0,,,,,,,,0.0207,,41.311922,-105.581147,2021,5,31,6
West,Knight Hall,2021-05-31T07:00:00,30.0,,,,,,,,0.0207,,41.311922,-105.581147,2021,5,31,7
West,Knight Hall,2021-05-31T08:00:00,40.0,,,,,,,,0.0276,,41.311922,-105.581147,2021,5,31,8
West,Knight Hall,2021-05-31T09:00:00,30.0,,,,,,,,0.0207,,41.311922,-105.581147,2021,5,31,9
West,Knight Hall,2021-05-31T10:00:00,30.0,,,,,,,,0.0207,,41.311922,-105.581147,2021,5,31,10
West,Knight Hall,2021-05-31T11:00:00,30.0,,,,,,,,0.0207,,41.311922,-105.581147,2021,5,31,11
West,Knight Hall,2021-05-31T12:00:00,30.0,,,,,,,,0.0207,,41.311922,-105.581147,2021,5,31,12
West,Knight Hall,2021-05-31T13:00:00,30.0,,,,,,,,0.0207,,41.311922,-105.581147,2021,5,31,13
West,Knight Hall,2021-05-31T14:00:00,30.0,,,,,,,,0.0207,,41.311922,-105.581147,2021,5,31,14
West,Knight Hall,2021-05-31T15:00:00,30.0,,,,,,,,0.0207,,41.311922,-105.581147,2021,5,31,15
West,Knight Hall,2021-05-31T16:00:00,30.0,,,,,,,,0.0207,,41.311922,-105.581147,2021,5,31,16
West,Knight Hall,2021-05-31T17:00:00,30.0,,,,,,,,0.0207,,41.311922,-105.581147,2021,5,31,17
West,Knight Hall,2021-05-31T18:00:00,30.0,,,,,,,,0.0207,,41.311922,-105.581147,2021,5,31,18
West,Knight Hall,2021-05-31T19:00:00,20.0,,,,,,,,0.0138,,41.311922,-105.581147,2021,5,31,19
West,Knight Hall,2021-05-31T20:00:00,30.0,,,,,,,,0.0207,,41.311922,-105.581147,2021,5,31,20
West,Knight Hall,2021-05-31T21:00:00,20.0,,,,,,,,0.0138,,41.311922,-105.581147,2021,5,31,21
West,Knight Hall,2021-05-31T22:00:00,30.0,,,,,,,,0.0207,,41.311922,-105.581147,2021,5,31,22
West,Knight Hall,2021-05-31T23:00:00,30.0,,,,,,,,0.0207,,41.311922,-105.581147,2021,5,31,23
West,Knight Hall,2021-06-01T00:00:00,20.0,,,,,,,,0.0138,,41.311922,-105.581147,2021,6,1,0
West,Knight Hall,2021-06-01T01:00:00,30.0,,,,,,,,0.0207,,41.311922,-105.581147,2021,6,1,1
West,Knight Hall,2021-06-01T02:00:00,30.0,,,,,,,,0.0207,,41.311922,-105.581147,2021,6,1,2
West,Knight Hall,2021-06-01T03:00:00,30.0,,,,,,,,0.0207,,41.311922,-105.581147,2021,6,1,3
West,Knight Hall,2021-06-01T04:00:00,30.0,,,,,,,,0.0207,,41.311922,-105.581147,2021,6,1,4
West,Knight Hall,2021-06-01T05:00:00,30.0,,,,,,,,0.0207,,41.311922,-105.581147,2021,6,1,5
West,Knight Hall,2021-06-01T06:00:00,30.0,,,,,,,,0.0207,,41.311922,-105.581147,2021,6,1,6
West,Knight Hall,2021-06-01T07:00:00,50.0,,,,,,,,0.034499999999999996,,41.311922,-105.581147,2021,6,1,7
West,Knight Hall,2021-06-01T08:00:00,70.0,,,,,,,,0.048299999999999996,,41.311922,-105.581147,2021,6,1,8
West,Knight Hall,2021-06-01T09:00:00,70.0,,,,,,,,0.048299999999999996,,41.311922,-105.581147,2021,6,1,9
West,Knight Hall,2021-06-01T10:00:00,70.0,,,,,,,,0.048299999999999996,,41.311922,-105.581147,2021,6,1,10
West,Knight Hall,2021-06-01T11:00:00,70.0,,,,,,,,0.048299999999999996,,41.311922,-105.581147,2021,6,1,11
West,Knight Hall,2021-06-01T12:00:00,60.0,,,,,,,,0.0414,,41.311922,-105.581147,2021,6,1,12
West,Knight Hall,2021-06-01T13:00:00,70.0,,,,,,,,0.048299999999999996,,41.311922,-105.581147,2021,6,1,13
West,Knight Hall,2021-06-01T14:00:00,70.0,,,,,,,,0.048299999999999996,,41.311922,-105.581147,2021,6,1,14
West,Knight Hall,2021-06-01T15:00:00,70.0,,,,,,,,0.048299999999999996,,41.311922,-105.581147,2021,6,1,15
West,Knight Hall,2021-06-01T16:00:00,60.0,,,,,,,,0.0414,,41.311922,-105.581147,2021,6,1,16
West,Knight Hall,2021-06-01T17:00:00,40.0,,,,,,,,0.0276,,41.311922,-105.581147,2021,6,1,17
West,Knight Hall,2021-06-01T18:00:00,40.0,,,,,,,,0.0276,,41.311922,-105.581147,2021,6,1,18
West,Knight Hall,2021-06-01T19:00:00,40.0,,,,,,,,0.0276,,41.311922,-105.581147,2021,6,1,19
West,Knight Hall,2021-06-01T20:00:00,30.0,,,,,,,,0.0207,,41.311922,-105.581147,2021,6,1,20
West,Knight Hall,2021-06-01T21:00:00,30.0,,,,,,,,0.0207,,41.311922,-105.581147,2021,6,1,21
West,Knight Hall,2021-06-01T22:00:00,20.0,,,,,,,,0.0138,,41.311922,-105.581147,2021,6,1,22
West,Knight Hall,2021-06-01T23:00:00,30.0,,,,,,,,0.0207,,41.311922,-105.581147,2021,6,1,23
West,Knight Hall,2021-06-02T00:00:00,30.0,,,,,,,,0.0207,,41.311922,-105.581147,2021,6,2,0
West,Knight Hall,2021-06-02T01:00:00,20.0,,,,,,,,0.0138,,41.311922,-105.581147,2021,6,2,1
West,Knight Hall,2021-06-02T02:00:00,30.0,,,,,,,,0.0207,,41.311922,-105.581147,2021,6,2,2
West,Knight Hall,2021-06-02T03:00:00,30.0,,,,,,,,0.0207,,41.311922,-105.581147,2021,6,2,3
West,Knight Hall,2021-06-02T04:00:00,30.0,,,,,,,,0.0207,,41.311922,-105.581147,2021,6,2,4
West,Knight Hall,2021-06-02T05:00:00,30.0,,,,,,,,0.0207,,41.311922,-105.581147,2021,6,2,5
West,Knight Hall,2021-06-02T06:00:00,30.0,,,,,,,,0.0207,,41.311922,-105.581147,2021,6,2,6
West,Knight Hall,2021-06-02T07:00:00,50.0,,,,,,,,0.034499999999999996,,41.311922,-105.581147,2021,6,2,7
West,Knight Hall,2021-06-02T08:00:00,60.0,,,,,,,,0.0414,,41.311922,-105.581147,2021,6,2,8
West,Knight Hall,2021-06-02T09:00:00,70.0,,,,,,,,0.048299999999999996,,41.311922,-105.581147,2021,6,2,9
West,Knight Hall,2021-06-02T10:00:00,70.0,,,,,,,,0.048299999999999996,,41.311922,-105.581147,2021,6,2,10
West,Knight Hall,2021-06-02T11:00:00,60.0,,,,,,,,0.0414,,41.311922,-105.581147,2021,6,2,11
West,Knight Hall,2021-06-02T12:00:00,70.0,,,,,,,,0.048299999999999996,,41.311922,-105.581147,2021,6,2,12
West,Knight Hall,2021-06-02T13:00:00,60.0,,,,,,,,0.0414,,41.311922,-105.581147,2021,6,2,13
West,Knight Hall,2021-06-02T14:00:00,70.0,,,,,,,,0.048299999999999996,,41.311922,-105.581147,2021,6,2,14
West,Knight Hall,2021-06-02T15:00:00,60.0,,,,,,,,0.0414,,41.311922,-105.581147,2021,6,2,15
West,Knight Hall,2021-06-02T16:00:00,60.0,,,,,,,,0.0414,,41.311922,-105.581147,2021,6,2,16
West,Knight Hall,2021-06-02T17:00:00,40.0,,,,,,,,0.0276,,41.311922,-105.581147,2021,6,2,17
West,Knight Hall,2021-06-02T18:00:00,40.0,,,,,,,,0.0276,,41.311922,-105.581147,2021,6,2,18
West,Knight Hall,2021-06-02T19:00:00,30.0,,,,,,,,0.0207,,41.311922,-105.581147,2021,6,2,19
West,Knight Hall,2021-06-02T20:00:00,30.0,,,,,,,,0.0207,,41.311922,-105.581147,2021,6,2,20
West,Knight Hall,2021-06-02T21:00:00,30.0,,,,,,,,0.0207,,41.311922,-105.581147,2021,6,2,21
West,Knight Hall,2021-06-02T22:00:00,30.0,,,,,,,,0.0207,,41.311922,-105.581147,2021,6,2,22
West,Knight Hall,2021-06-02T23:00:00,20.0,,,,,,,,0.0138,,41.311922,-105.581147,2021,6,2,23
West,Knight Hall,2021-06-03T00:00:00,30.0,,,,,,,,0.0207,,41.311922,-105.581147,2021,6,3,0
West,Knight Hall,2021-06-03T01:00:00,20.0,,,,,,,,0.0138,,41.311922,-105.581147,2021,6,3,1
West,Knight Hall,2021-06-03T02:00:00,30.0,,,,,,,,0.0207,,41.311922,-105.581147,2021,6,3,2
West,Knight Hall,2021-06-03T03:00:00,20.0,,,,,,,,0.0138,,41.311922,-105.581147,2021,6,3,3
West,Knight Hall,2021-06-03T04:00:00,30.0,,,,,,,,0.0207,,41.311922,-105.581147,2021,6,3,4
West,Knight Hall,2021-06-03T05:00:00,30.0,,,,,,,,0.0207,,41.311922,-105.581147,2021,6,3,5
West,Knight Hall,2021-06-03T06:00:00,40.0,,,,,,,,0.0276,,41.311922,-105.581147,2021,6,3,6
West,Knight Hall,2021-06-03T07:00:00,40.0,,,,,,,,0.0276,,41.311922,-105.581147,2021,6,3,7
West,Knight Hall,2021-06-03T08:00:00,70.0,,,,,,,,0.048299999999999996,,41.311922,-105.581147,2021,6,3,8
West,Knight Hall,2021-06-03T09:00:00,70.0,,,,,,,,0.048299999999999996,,41.311922,-105.581147,2021,6,3,9
West,Knight Hall,2021-06-03T10:00:00,70.0,,,,,,,,0.048299999999999996,,41.311922,-105.581147,2021,6,3,10
West,Knight Hall,2021-06-03T11:00:00,60.0,,,,,,,,0.0414,,41.311922,-105.581147,2021,6,3,11
West,Knight Hall,2021-06-03T12:00:00,70.0,,,,,,,,0.048299999999999996,,41.311922,-105.581147,2021,6,3,12
West,Knight Hall,2021-06-03T13:00:00,70.0,,,,,,,,0.048299999999999996,,41.311922,-105.581147,2021,6,3,13
West,Knight Hall,2021-06-03T14:00:00,60.0,,,,,,,,0.0414,,41.311922,-105.581147,2021,6,3,14
West,Knight Hall,2021-06-03T15:00:00,70.0,,,,,,,,0.048299999999999996,,41.311922,-105.581147,2021,6,3,15
West,Knight Hall,2021-06-03T16:00:00,60.0,,,,,,,,0.0414,,41.311922,-105.581147,2021,6,3,16
West,Knight Hall,2021-06-03T17:00:00,40.0,,,,,,,,0.0276,,41.311922,-105.581147,2021,6,3,17
West,Knight Hall,2021-06-03T18:00:00,40.0,,,,,,,,0.0276,,41.311922,-105.581147,2021,6,3,18
West,Knight Hall,2021-06-03T19:00:00,40.0,,,,,,,,0.0276,,41.311922,-105.581147,2021,6,3,19
West,Knight Hall,2021-06-03T20:00:00,30.0,,,,,,,,0.0207,,41.311922,-105.581147,2021,6,3,20
West,Knight Hall,2021-06-03T21:00:00,30.0,,,,,,,,0.0207,,41.311922,-105.581147,2021,6,3,21
West,Knight Hall,2021-06-03T22:00:00,30.0,,,,,,,,0.0207,,41.311922,-105.581147,2021,6,3,22
West,Knight Hall,2021-06-03T23:00:00,20.0,,,,,,,,0.0138,,41.311922,-105.581147,2021,6,3,23
West,Knight Hall,2021-06-04T00:00:00,30.0,,,,,,,,0.0207,,41.311922,-105.581147,2021,6,4,0
West,Knight Hall,2021-06-04T01:00:00,20.0,,,,,,,,0.0138,,41.311922,-105.581147,2021,6,4,1
West,Knight Hall,2021-06-04T02:00:00,30.0,,,,,,,,0.0207,,41.311922,-105.581147,2021,6,4,2
West,Knight Hall,2021-06-04T03:00:00,30.0,,,,,,,,0.0207,,41.311922,-105.581147,2021,6,4,3
West,Knight Hall,2021-06-04T04:00:00,20.0,,,,,,,,0.0138,,41.311922,-105.581147,2021,6,4,4
West,Knight Hall,2021-06-04T05:00:00,30.0,,,,,,,,0.0207,,41.311922,-105.581147,2021,6,4,5
West,Knight Hall,2021-06-04T06:00:00,30.0,,,,,,,,0.0207,,41.311922,-105.581147,2021,6,4,6
West,Knight Hall,2021-06-04T07:00:00,50.0,,,,,,,,0.034499999999999996,,41.311922,-105.581147,2021,6,4,7
West,Knight Hall,2021-06-04T08:00:00,60.0,,,,,,,,0.0414,,41.311922,-105.581147,2021,6,4,8
West,Knight Hall,2021-06-04T09:00:00,70.0,,,,,,,,0.048299999999999996,,41.311922,-105.581147,2021,6,4,9
West,Knight Hall,2021-06-04T10:00:00,70.0,,,,,,,,0.048299999999999996,,41.311922,-105.581147,2021,6,4,10
West,Knight Hall,2021-06-04T11:00:00,70.0,,,,,,,,0.048299999999999996,,41.311922,-105.581147,2021,6,4,11
West,Knight Hall,2021-06-04T12:00:00,60.0,,,,,,,,0.0414,,41.311922,-105.581147,2021,6,4,12
West,Knight Hall,2021-06-04T13:00:00,70.0,,,,,,,,0.048299999999999996,,41.311922,-105.581147,2021,6,4,13
West,Knight Hall,2021-06-04T14:00:00,60.0,,,,,,,,0.0414,,41.311922,-105.581147,2021,6,4,14
West,Knight Hall,2021-06-04T15:00:00,70.0,,,,,,,,0.048299999999999996,,41.311922,-105.581147,2021,6,4,15
West,Knight Hall,2021-06-04T16:00:00,50.0,,,,,,,,0.034499999999999996,,41.311922,-105.581147,2021,6,4,16
West,Knight Hall,2021-06-04T17:00:00,50.0,,,,,,,,0.034499999999999996,,41.311922,-105.581147,2021,6,4,17
West,Knight Hall,2021-06-04T18:00:00,40.0,,,,,,,,0.0276,,41.311922,-105.581147,2021,6,4,18
West,Knight Hall,2021-06-04T19:00:00,30.0,,,,,,,,0.0207,,41.311922,-105.581147,2021,6,4,19
West,Knight Hall,2021-06-04T20:00:00,30.0,,,,,,,,0.0207,,41.311922,-105.581147,2021,6,4,20
West,Knight Hall,2021-06-04T21:00:00,30.0,,,,,,,,0.0207,,41.311922,-105.581147,2021,6,4,21
West,Knight Hall,2021-06-04T22:00:00,30.0,,,,,,,,0.0207,,41.311922,-105.581147,2021,6,4,22
West,Knight Hall,2021-06-04T23:00:00,20.0,,,,,,,,0.0138,,41.311922,-105.581147,2021,6,4,23
West,Knight Hall,2021-06-05T00:00:00,30.0,,,,,,,,0.0207,,41.311922,-105.581147,2021,6,5,0
West,Knight Hall,2021-06-05T01:00:00,20.0,,,,,,,,0.0138,,41.311922,-105.581147,2021,6,5,1
West,Knight Hall,2021-06-05T02:00:00,30.0,,,,,,,,0.0207,,41.311922,-105.581147,2021,6,5,2
West,Knight Hall,2021-06-05T03:00:00,20.0,,,,,,,,0.0138,,41.311922,-105.581147,2021,6,5,3
West,Knight Hall,2021-06-05T04:00:00,30.0,,,,,,,,0.0207,,41.311922,-105.581147,2021,6,5,4
West,Knight Hall,2021-06-05T05:00:00,20.0,,,,,,,,0.0138,,41.311922,-105.581147,2021,6,5,5
West,Knight Hall,2021-06-05T06:00:00,30.0,,,,,,,,0.0207,,41.311922,-105.581147,2021,6,5,6
West,Knight Hall,2021-06-05T07:00:00,20.0,,,,,,,,0.0138,,41.311922,-105.581147,2021,6,5,7
West,Knight Hall,2021-06-05T08:00:00,30.0,,,,,,,,0.0207,,41.311922,-105.581147,2021,6,5,8
West,Knight Hall,2021-06-05T09:00:00,40.0,,,,,,,,0.0276,,41.311922,-105.581147,2021,6,5,9
West,Knight Hall,2021-06-05T10:00:00,30.0,,,,,,,,0.0207,,41.311922,-105.581147,2021,6,5,10
West,Knight Hall,2021-06-05T11:00:00,30.0,,,,,,,,0.0207,,41.311922,-105.581147,2021,6,5,11
West,Knight Hall,2021-06-05T12:00:00,30.0,,,,,,,,0.0207,,41.311922,-105.581147,2021,6,5,12
West,Knight Hall,2021-06-05T13:00:00,30.0,,,,,,,,0.0207,,41.311922,-105.581147,2021,6,5,13
West,Knight Hall,2021-06-05T14:00:00,40.0,,,,,,,,0.0276,,41.311922,-105.581147,2021,6,5,14
West,Knight Hall,2021-06-05T15:00:00,30.0,,,,,,,,0.0207,,41.311922,-105.581147,2021,6,5,15
West,Knight Hall,2021-06-05T16:00:00,20.0,,,,,,,,0.0138,,41.311922,-105.581147,2021,6,5,16
West,Knight Hall,2021-06-05T17:00:00,30.0,,,,,,,,0.0207,,41.311922,-105.581147,2021,6,5,17
West,Knight Hall,2021-06-05T18:00:00,20.0,,,,,,,,0.0138,,41.311922,-105.581147,2021,6,5,18
West,Knight Hall,2021-06-05T19:00:00,30.0,,,,,,,,0.0207,,41.311922,-105.581147,2021,6,5,19
West,Knight Hall,2021-06-05T20:00:00,20.0,,,,,,,,0.0138,,41.311922,-105.581147,2021,6,5,20
West,Knight Hall,2021-06-05T21:00:00,30.0,,,,,,,,0.0207,,41.311922,-105.581147,2021,6,5,21
West,Knight Hall,2021-06-05T22:00:00,20.0,,,,,,,,0.0138,,41.311922,-105.581147,2021,6,5,22
West,Knight Hall,2021-06-05T23:00:00,30.0,,,,,,,,0.0207,,41.311922,-105.581147,2021,6,5,23
West,Knight Hall,2021-06-06T00:00:00,20.0,,,,,,,,0.0138,,41.311922,-105.581147,2021,6,6,0
West,Knight Hall,2021-06-06T01:00:00,30.0,,,,,,,,0.0207,,41.311922,-105.581147,2021,6,6,1
West,Knight Hall,2021-06-06T02:00:00,20.0,,,,,,,,0.0138,,41.311922,-105.581147,2021,6,6,2
West,Knight Hall,2021-06-06T03:00:00,30.0,,,,,,,,0.0207,,41.311922,-105.581147,2021,6,6,3
West,Knight Hall,2021-06-06T04:00:00,30.0,,,,,,,,0.0207,,41.311922,-105.581147,2021,6,6,4
West,Knight Hall,2021-06-06T05:00:00,20.0,,,,,,,,0.0138,,41.311922,-105.581147,2021,6,6,5
West,Knight Hall,2021-06-06T06:00:00,30.0,,,,,,,,0.0207,,41.311922,-105.581147,2021,6,6,6
West,Knight Hall,2021-06-06T07:00:00,20.0,,,,,,,,0.0138,,41.311922,-105.581147,2021,6,6,7
West,Knight Hall,2021-06-06T08:00:00,30.0,,,,,,,,0.0207,,41.311922,-105.581147,2021,6,6,8
West,Knight Hall,2021-06-06T09:00:00,30.0,,,,,,,,0.0207,,41.311922,-105.581147,2021,6,6,9
West,Knight Hall,2021-06-06T10:00:00,20.0,,,,,,,,0.0138,,41.311922,-105.581147,2021,6,6,10
West,Knight Hall,2021-06-06T11:00:00,30.0,,,,,,,,0.0207,,41.311922,-105.581147,2021,6,6,11
West,Knight Hall,2021-06-06T12:00:00,30.0,,,,,,,,0.0207,,41.311922,-105.581147,2021,6,6,12
West,Knight Hall,2021-06-06T13:00:00,30.0,,,,,,,,0.0207,,41.311922,-105.581147,2021,6,6,13
West,Knight Hall,2021-06-06T14:00:00,30.0,,,,,,,,0.0207,,41.311922,-105.581147,2021,6,6,14
West,Knight Hall,2021-06-06T15:00:00,30.0,,,,,,,,0.0207,,41.311922,-105.581147,2021,6,6,15
West,Knight Hall,2021-06-06T16:00:00,20.0,,,,,,,,0.0138,,41.311922,-105.581147,2021,6,6,16
West,Knight Hall,2021-06-06T17:00:00,30.0,,,,,,,,0.0207,,41.311922,-105.581147,2021,6,6,17
West,Knight Hall,2021-06-06T18:00:00,30.0,,,,,,,,0.0207,,41.311922,-105.581147,2021,6,6,18
West,Knight Hall,2021-06-06T19:00:00,20.0,,,,,,,,0.0138,,41.311922,-105.581147,2021,6,6,19
West,Knight Hall,2021-06-06T20:00:00,30.0,,,,,,,,0.0207,,41.311922,-105.581147,2021,6,6,20
West,Knight Hall,2021-06-06T21:00:00,20.0,,,,,,,,0.0138,,41.311922,-105.581147,2021,6,6,21
West,Knight Hall,2021-06-06T22:00:00,30.0,,,,,,,,0.0207,,41.311922,-105.581147,2021,6,6,22
West,Knight Hall,2021-06-06T23:00:00,20.0,,,,,,,,0.0138,,41.311922,-105.581147,2021,6,6,23
West,Knight Hall,2021-06-07T00:00:00,30.0,,,,,,,,0.0207,,41.311922,-105.581147,2021,6,7,0
West,Knight Hall,2021-06-07T01:00:00,20.0,,,,,,,,0.0138,,41.311922,-105.581147,2021,6,7,1
West,Knight Hall,2021-06-07T02:00:00,30.0,,,,,,,,0.0207,,41.311922,-105.581147,2021,6,7,2
West,Knight Hall,2021-06-07T03:00:00,20.0,,,,,,,,0.0138,,41.311922,-105.581147,2021,6,7,3
West,Knight Hall,2021-06-07T04:00:00,30.0,,,,,,,,0.0207,,41.311922,-105.581147,2021,6,7,4
West,Knight Hall,2021-06-07T05:00:00,30.0,,,,,,,,0.0207,,41.311922,-105.581147,2021,6,7,5
West,Knight Hall,2021-06-07T06:00:00,30.0,,,,,,,,0.0207,,41.311922,-105.581147,2021,6,7,6
West,Knight Hall,2021-06-07T07:00:00,40.0,,,,,,,,0.0276,,41.311922,-105.581147,2021,6,7,7
West,Knight Hall,2021-06-07T08:00:00,70.0,,,,,,,,0.048299999999999996,,41.311922,-105.581147,2021,6,7,8
West,Knight Hall,2021-06-07T09:00:00,70.0,,,,,,,,0.048299999999999996,,41.311922,-105.581147,2021,6,7,9
West,Knight Hall,2021-06-07T10:00:00,70.0,,,,,,,,0.048299999999999996,,41.311922,-105.581147,2021,6,7,10
West,Knight Hall,2021-06-07T11:00:00,70.0,,,,,,,,0.048299999999999996,,41.311922,-105.581147,2021,6,7,11
West,Knight Hall,2021-06-07T12:00:00,70.0,,,,,,,,0.048299999999999996,,41.311922,-105.581147,2021,6,7,12
West,Knight Hall,2021-06-07T13:00:00,60.0,,,,,,,,0.0414,,41.311922,-105.581147,2021,6,7,13
West,Knight Hall,2021-06-07T14:00:00,70.0,,,,,,,,0.048299999999999996,,41.311922,-105.581147,2021,6,7,14
West,Knight Hall,2021-06-07T15:00:00,70.0,,,,,,,,0.048299999999999996,,41.311922,-105.581147,2021,6,7,15
West,Knight Hall,2021-06-07T16:00:00,60.0,,,,,,,,0.0414,,41.311922,-105.581147,2021,6,7,16
West,Knight Hall,2021-06-07T17:00:00,40.0,,,,,,,,0.0276,,41.311922,-105.581147,2021,6,7,17
West,Knight Hall,2021-06-07T18:00:00,40.0,,,,,,,,0.0276,,41.311922,-105.581147,2021,6,7,18
West,Knight Hall,2021-06-07T19:00:00,30.0,,,,,,,,0.0207,,41.311922,-105.581147,2021,6,7,19
West,Knight Hall,2021-06-07T20:00:00,40.0,,,,,,,,0.0276,,41.311922,-105.581147,2021,6,7,20
West,Knight Hall,2021-06-07T21:00:00,30.0,,,,,,,,0.0207,,41.311922,-105.581147,2021,6,7,21
West,Knight Hall,2021-06-07T22:00:00,30.0,,,,,,,,0.0207,,41.311922,-105.581147,2021,6,7,22
West,Knight Hall,2021-06-07T23:00:00,30.0,,,,,,,,0.0207,,41.311922,-105.581147,2021,6,7,23
West,Knight Hall,2021-06-08T00:00:00,20.0,,,,,,,,0.0138,,41.311922,-105.581147,2021,6,8,0
West,Knight Hall,2021-06-08T01:00:00,30.0,,,,,,,,0.0207,,41.311922,-105.581147,2021,6,8,1
West,Knight Hall,2021-06-08T02:00:00,20.0,,,,,,,,0.0138,,41.311922,-105.581147,2021,6,8,2
West,Knight Hall,2021-06-08T03:00:00,30.0,,,,,,,,0.0207,,41.311922,-105.581147,2021,6,8,3
West,Knight Hall,2021-06-08T04:00:00,30.0,,,,,,,,0.0207,,41.311922,-105.581147,2021,6,8,4
West,Knight Hall,2021-06-08T05:00:00,30.0,,,,,,,,0.0207,,41.311922,-105.581147,2021,6,8,5
West,Knight Hall,2021-06-08T06:00:00,30.0,,,,,,,,0.0207,,41.311922,-105.581147,2021,6,8,6
West,Knight Hall,2021-06-08T07:00:00,40.0,,,,,,,,0.0276,,41.311922,-105.581147,2021,6,8,7
West,Knight Hall,2021-06-08T08:00:00,70.0,,,,,,,,0.048299999999999996,,41.311922,-105.581147,2021,6,8,8
West,Knight Hall,2021-06-08T09:00:00,70.0,,,,,,,,0.048299999999999996,,41.311922,-105.581147,2021,6,8,9
West,Knight Hall,2021-06-08T10:00:00,70.0,,,,,,,,0.048299999999999996,,41.311922,-105.581147,2021,6,8,10
West,Knight Hall,2021-06-08T11:00:00,70.0,,,,,,,,0.048299999999999996,,41.311922,-105.581147,2021,6,8,11
West,Knight Hall,2021-06-08T12:00:00,70.0,,,,,,,,0.048299999999999996,,41.311922,-105.581147,2021,6,8,12
West,Knight Hall,2021-06-08T13:00:00,70.0,,,,,,,,0.048299999999999996,,41.311922,-105.581147,2021,6,8,13
West,Knight Hall,2021-06-08T14:00:00,70.0,,,,,,,,0.048299999999999996,,41.311922,-105.581147,2021,6,8,14
West,Knight Hall,2021-06-08T15:00:00,70.0,,,,,,,,0.048299999999999996,,41.311922,-105.581147,2021,6,8,15
West,Knight Hall,2021-06-08T16:00:00,60.0,,,,,,,,0.0414,,41.311922,-105.581147,2021,6,8,16
West,Knight Hall,2021-06-08T17:00:00,50.0,,,,,,,,0.034499999999999996,,41.311922,-105.581147,2021,6,8,17
West,Knight Hall,2021-06-08T18:00:00,40.0,,,,,,,,0.0276,,41.311922,-105.581147,2021,6,8,18
West,Knight Hall,2021-06-08T19:00:00,40.0,,,,,,,,0.0276,,41.311922,-105.581147,2021,6,8,19
West,Knight Hall,2021-06-08T20:00:00,40.0,,,,,,,,0.0276,,41.311922,-105.581147,2021,6,8,20
West,Knight Hall,2021-06-08T21:00:00,40.0,,,,,,,,0.0276,,41.311922,-105.581147,2021,6,8,21
West,Knight Hall,2021-06-08T22:00:00,30.0,,,,,,,,0.0207,,41.311922,-105.581147,2021,6,8,22
West,Knight Hall,2021-06-08T23:00:00,30.0,,,,,,,,0.0207,,41.311922,-105.581147,2021,6,8,23
West,Knight Hall,2021-06-09T00:00:00,20.0,,,,,,,,0.0138,,41.311922,-105.581147,2021,6,9,0
West,Knight Hall,2021-06-09T01:00:00,30.0,,,,,,,,0.0207,,41.311922,-105.581147,2021,6,9,1
West,Knight Hall,2021-06-09T02:00:00,30.0,,,,,,,,0.0207,,41.311922,-105.581147,2021,6,9,2
West,Knight Hall,2021-06-09T03:00:00,20.0,,,,,,,,0.0138,,41.311922,-105.581147,2021,6,9,3
West,Knight Hall,2021-06-09T04:00:00,30.0,,,,,,,,0.0207,,41.311922,-105.581147,2021,6,9,4
West,Knight Hall,2021-06-09T05:00:00,30.0,,,,,,,,0.0207,,41.311922,-105.581147,2021,6,9,5
West,Knight Hall,2021-06-09T06:00:00,30.0,,,,,,,,0.0207,,41.311922,-105.581147,2021,6,9,6
West,Knight Hall,2021-06-09T07:00:00,50.0,,,,,,,,0.034499999999999996,,41.311922,-105.581147,2021,6,9,7
West,Knight Hall,2021-06-09T08:00:00,60.0,,,,,,,,0.0414,,41.311922,-105.581147,2021,6,9,8
West,Knight Hall,2021-06-09T09:00:00,70.0,,,,,,,,0.048299999999999996,,41.311922,-105.581147,2021,6,9,9
West,Knight Hall,2021-06-09T10:00:00,70.0,,,,,,,,0.048299999999999996,,41.311922,-105.581147,2021,6,9,10
West,Knight Hall,2021-06-09T11:00:00,70.0,,,,,,,,0.048299999999999996,,41.311922,-105.581147,2021,6,9,11
West,Knight Hall,2021-06-09T12:00:00,60.0,,,,,,,,0.0414,,41.311922,-105.581147,2021,6,9,12
West,Knight Hall,2021-06-09T13:00:00,70.0,,,,,,,,0.048299999999999996,,41.311922,-105.581147,2021,6,9,13
West,Knight Hall,2021-06-09T14:00:00,60.0,,,,,,,,0.0414,,41.311922,-105.581147,2021,6,9,14
West,Knight Hall,2021-06-09T15:00:00,70.0,,,,,,,,0.048299999999999996,,41.311922,-105.581147,2021,6,9,15
West,Knight Hall,2021-06-09T16:00:00,70.0,,,,,,,,0.048299999999999996,,41.311922,-105.581147,2021,6,9,16
West,Knight Hall,2021-06-09T17:00:00,40.0,,,,,,,,0.0276,,41.311922,-105.581147,2021,6,9,17
West,Knight Hall,2021-06-09T18:00:00,40.0,,,,,,,,0.0276,,41.311922,-105.581147,2021,6,9,18
West,Knight Hall,2021-06-09T19:00:00,40.0,,,,,,,,0.0276,,41.311922,-105.581147,2021,6,9,19
West,Knight Hall,2021-06-09T20:00:00,30.0,,,,,,,,0.0207,,41.311922,-105.581147,2021,6,9,20
West,Knight Hall,2021-06-09T21:00:00,30.0,,,,,,,,0.0207,,41.311922,-105.581147,2021,6,9,21
West,Knight Hall,2021-06-09T22:00:00,30.0,,,,,,,,0.0207,,41.311922,-105.581147,2021,6,9,22
West,Knight Hall,2021-06-09T23:00:00,20.0,,,,,,,,0.0138,,41.311922,-105.581147,2021,6,9,23
West,Knight Hall,2021-06-10T00:00:00,30.0,,,,,,,,0.0207,,41.311922,-105.581147,2021,6,10,0
West,Knight Hall,2021-06-10T01:00:00,30.0,,,,,,,,0.0207,,41.311922,-105.581147,2021,6,10,1
West,Knight Hall,2021-06-10T02:00:00,20.0,,,,,,,,0.0138,,41.311922,-105.581147,2021,6,10,2
West,Knight Hall,2021-06-10T03:00:00,30.0,,,,,,,,0.0207,,41.311922,-105.581147,2021,6,10,3
West,Knight Hall,2021-06-10T04:00:00,30.0,,,,,,,,0.0207,,41.311922,-105.581147,2021,6,10,4
West,Knight Hall,2021-06-10T05:00:00,30.0,,,,,,,,0.0207,,41.311922,-105.581147,2021,6,10,5
West,Knight Hall,2021-06-10T06:00:00,30.0,,,,,,,,0.0207,,41.311922,-105.581147,2021,6,10,6
West,Knight Hall,2021-06-10T07:00:00,40.0,,,,,,,,0.0276,,41.311922,-105.581147,2021,6,10,7
West,Knight Hall,2021-06-10T08:00:00,70.0,,,,,,,,0.048299999999999996,,41.311922,-105.581147,2021,6,10,8
West,Knight Hall,2021-06-10T09:00:00,80.0,,,,,,,,0.0552,,41.311922,-105.581147,2021,6,10,9
West,Knight Hall,2021-06-10T10:00:00,70.0,,,,,,,,0.048299999999999996,,41.311922,-105.581147,2021,6,10,10
West,Knight Hall,2021-06-10T11:00:00,80.0,,,,,,,,0.0552,,41.311922,-105.581147,2021,6,10,11
West,Knight Hall,2021-06-10T12:00:00,70.0,,,,,,,,0.048299999999999996,,41.311922,-105.581147,2021,6,10,12
West,Knight Hall,2021-06-10T13:00:00,70.0,,,,,,,,0.048299999999999996,,41.311922,-105.581147,2021,6,10,13
West,Knight Hall,2021-06-10T14:00:00,80.0,,,,,,,,0.0552,,41.311922,-105.581147,2021,6,10,14
West,Knight Hall,2021-06-10T15:00:00,70.0,,,,,,,,0.048299999999999996,,41.311922,-105.581147,2021,6,10,15
West,Knight Hall,2021-06-10T16:00:00,70.0,,,,,,,,0.048299999999999996,,41.311922,-105.581147,2021,6,10,16
West,Knight Hall,2021-06-10T17:00:00,40.0,,,,,,,,0.0276,,41.311922,-105.581147,2021,6,10,17
West,Knight Hall,2021-06-10T18:00:00,40.0,,,,,,,,0.0276,,41.311922,-105.581147,2021,6,10,18
West,Knight Hall,2021-06-10T19:00:00,40.0,,,,,,,,0.0276,,41.311922,-105.581147,2021,6,10,19
West,Knight Hall,2021-06-10T20:00:00,30.0,,,,,,,,0.0207,,41.311922,-105.581147,2021,6,10,20
West,Knight Hall,2021-06-10T21:00:00,40.0,,,,,,,,0.0276,,41.311922,-105.581147,2021,6,10,21
West,Knight Hall,2021-06-10T22:00:00,30.0,,,,,,,,0.0207,,41.311922,-105.581147,2021,6,10,22
West,Knight Hall,2021-06-10T23:00:00,30.0,,,,,,,,0.0207,,41.311922,-105.581147,2021,6,10,23
West,Knight Hall,2021-06-11T00:00:00,30.0,,,,,,,,0.0207,,41.311922,-105.581147,2021,6,11,0
West,Knight Hall,2021-06-11T01:00:00,20.0,,,,,,,,0.0138,,41.311922,-105.581147,2021,6,11,1
West,Knight Hall,2021-06-11T02:00:00,30.0,,,,,,,,0.0207,,41.311922,-105.581147,2021,6,11,2
West,Knight Hall,2021-06-11T03:00:00,30.0,,,,,,,,0.0207,,41.311922,-105.581147,2021,6,11,3
West,Knight Hall,2021-06-11T04:00:00,30.0,,,,,,,,0.0207,,41.311922,-105.581147,2021,6,11,4
West,Knight Hall,2021-06-11T05:00:00,30.0,,,,,,,,0.0207,,41.311922,-105.581147,2021,6,11,5
West,Knight Hall,2021-06-11T06:00:00,40.0,,,,,,,,0.0276,,41.311922,-105.581147,2021,6,11,6
West,Knight Hall,2021-06-11T07:00:00,40.0,,,,,,,,0.0276,,41.311922,-105.581147,2021,6,11,7
West,Knight Hall,2021-06-11T08:00:00,60.0,,,,,,,,0.0414,,41.311922,-105.581147,2021,6,11,8
West,Knight Hall,2021-06-11T09:00:00,70.0,,,,,,,,0.048299999999999996,,41.311922,-105.581147,2021,6,11,9
West,Knight Hall,2021-06-11T10:00:00,70.0,,,,,,,,0.048299999999999996,,41.311922,-105.581147,2021,6,11,10
West,Knight Hall,2021-06-11T11:00:00,70.0,,,,,,,,0.048299999999999996,,41.311922,-105.581147,2021,6,11,11
West,Knight Hall,2021-06-11T12:00:00,60.0,,,,,,,,0.0414,,41.311922,-105.581147,2021,6,11,12
West,Knight Hall,2021-06-11T13:00:00,70.0,,,,,,,,0.048299999999999996,,41.311922,-105.581147,2021,6,11,13
West,Knight Hall,2021-06-11T14:00:00,70.0,,,,,,,,0.048299999999999996,,41.311922,-105.581147,2021,6,11,14
West,Knight Hall,2021-06-11T15:00:00,60.0,,,,,,,,0.0414,,41.311922,-105.581147,2021,6,11,15
West,Knight Hall,2021-06-11T16:00:00,60.0,,,,,,,,0.0414,,41.311922,-105.581147,2021,6,11,16
West,Knight Hall,2021-06-11T17:00:00,40.0,,,,,,,,0.0276,,41.311922,-105.581147,2021,6,11,17
West,Knight Hall,2021-06-11T18:00:00,40.0,,,,,,,,0.0276,,41.311922,-105.581147,2021,6,11,18
West,Knight Hall,2021-06-11T19:00:00,40.0,,,,,,,,0.0276,,41.311922,-105.581147,2021,6,11,19
West,Knight Hall,2021-06-11T20:00:00,30.0,,,,,,,,0.0207,,41.311922,-105.581147,2021,6,11,20
West,Knight Hall,2021-06-11T21:00:00,30.0,,,,,,,,0.0207,,41.311922,-105.581147,2021,6,11,21
West,Knight Hall,2021-06-11T22:00:00,30.0,,,,,,,,0.0207,,41.311922,-105.581147,2021,6,11,22
West,Knight Hall,2021-06-11T23:00:00,30.0,,,,,,,,0.0207,,41.311922,-105.581147,2021,6,11,23
West,Knight Hall,2021-06-12T00:00:00,30.0,,,,,,,,0.0207,,41.311922,-105.581147,2021,6,12,0
West,Knight Hall,2021-06-12T01:00:00,20.0,,,,,,,,0.0138,,41.311922,-105.581147,2021,6,12,1
West,Knight Hall,2021-06-12T02:00:00,30.0,,,,,,,,0.0207,,41.311922,-105.581147,2021,6,12,2
West,Knight Hall,2021-06-12T03:00:00,20.0,,,,,,,,0.0138,,41.311922,-105.581147,2021,6,12,3
West,Knight Hall,2021-06-12T04:00:00,30.0,,,,,,,,0.0207,,41.311922,-105.581147,2021,6,12,4
West,Knight Hall,2021-06-12T05:00:00,20.0,,,,,,,,0.0138,,41.311922,-105.581147,2021,6,12,5
West,Knight Hall,2021-06-12T06:00:00,30.0,,,,,,,,0.0207,,41.311922,-105.581147,2021,6,12,6
West,Knight Hall,2021-06-12T07:00:00,30.0,,,,,,,,0.0207,,41.311922,-105.581147,2021,6,12,7
West,Knight Hall,2021-06-12T08:00:00,30.0,,,,,,,,0.0207,,41.311922,-105.581147,2021,6,12,8
West,Knight Hall,2021-06-12T09:00:00,20.0,,,,,,,,0.0138,,41.311922,-105.581147,2021,6,12,9
West,Knight Hall,2021-06-12T10:00:00,40.0,,,,,,,,0.0276,,41.311922,-105.581147,2021,6,12,10
West,Knight Hall,2021-06-12T11:00:00,30.0,,,,,,,,0.0207,,41.311922,-105.581147,2021,6,12,11
West,Knight Hall,2021-06-12T12:00:00,30.0,,,,,,,,0.0207,,41.311922,-105.581147,2021,6,12,12
West,Knight Hall,2021-06-12T13:00:00,30.0,,,,,,,,0.0207,,41.311922,-105.581147,2021,6,12,13
West,Knight Hall,2021-06-12T14:00:00,30.0,,,,,,,,0.0207,,41.311922,-105.581147,2021,6,12,14
West,Knight Hall,2021-06-12T15:00:00,30.0,,,,,,,,0.0207,,41.311922,-105.581147,2021,6,12,15
West,Knight Hall,2021-06-12T16:00:00,30.0,,,,,,,,0.0207,,41.311922,-105.581147,2021,6,12,16
West,Knight Hall,2021-06-12T17:00:00,20.0,,,,,,,,0.0138,,41.311922,-105.581147,2021,6,12,17
West,Knight Hall,2021-06-12T18:00:00,30.0,,,,,,,,0.0207,,41.311922,-105.581147,2021,6,12,18
West,Knight Hall,2021-06-12T19:00:00,20.0,,,,,,,,0.0138,,41.311922,-105.581147,2021,6,12,19
West,Knight Hall,2021-06-12T20:00:00,30.0,,,,,,,,0.0207,,41.311922,-105.581147,2021,6,12,20
West,Knight Hall,2021-06-12T21:00:00,20.0,,,,,,,,0.0138,,41.311922,-105.581147,2021,6,12,21
West,Knight Hall,2021-06-12T22:00:00,30.0,,,,,,,,0.0207,,41.311922,-105.581147,2021,6,12,22
West,Knight Hall,2021-06-12T23:00:00,20.0,,,,,,,,0.0138,,41.311922,-105.581147,2021,6,12,23
West,Knight Hall,2021-06-13T00:00:00,30.0,,,,,,,,0.0207,,41.311922,-105.581147,2021,6,13,0
West,Knight Hall,2021-06-13T01:00:00,20.0,,,,,,,,0.0138,,41.311922,-105.581147,2021,6,13,1
West,Knight Hall,2021-06-13T02:00:00,30.0,,,,,,,,0.0207,,41.311922,-105.581147,2021,6,13,2
West,Knight Hall,2021-06-13T03:00:00,30.0,,,,,,,,0.0207,,41.311922,-105.581147,2021,6,13,3
West,Knight Hall,2021-06-13T04:00:00,20.0,,,,,,,,0.0138,,41.311922,-105.581147,2021,6,13,4
West,Knight Hall,2021-06-13T05:00:00,30.0,,,,,,,,0.0207,,41.311922,-105.581147,2021,6,13,5
West,Knight Hall,2021-06-13T06:00:00,20.0,,,,,,,,0.0138,,41.311922,-105.581147,2021,6,13,6
West,Knight Hall,2021-06-13T07:00:00,20.0,,,,,,,,0.0138,,41.311922,-105.581147,2021,6,13,7
West,Knight Hall,2021-06-13T08:00:00,30.0,,,,,,,,0.0207,,41.311922,-105.581147,2021,6,13,8
West,Knight Hall,2021-06-13T09:00:00,30.0,,,,,,,,0.0207,,41.311922,-105.581147,2021,6,13,9
West,Knight Hall,2021-06-13T10:00:00,30.0,,,,,,,,0.0207,,41.311922,-105.581147,2021,6,13,10
West,Knight Hall,2021-06-13T11:00:00,30.0,,,,,,,,0.0207,,41.311922,-105.581147,2021,6,13,11
West,Knight Hall,2021-06-13T12:00:00,30.0,,,,,,,,0.0207,,41.311922,-105.581147,2021,6,13,12
West,Knight Hall,2021-06-13T13:00:00,30.0,,,,,,,,0.0207,,41.311922,-105.581147,2021,6,13,13
West,Knight Hall,2021-06-13T14:00:00,30.0,,,,,,,,0.0207,,41.311922,-105.581147,2021,6,13,14
West,Knight Hall,2021-06-13T15:00:00,30.0,,,,,,,,0.0207,,41.311922,-105.581147,2021,6,13,15
West,Knight Hall,2021-06-13T16:00:00,20.0,,,,,,,,0.0138,,41.311922,-105.581147,2021,6,13,16
West,Knight Hall,2021-06-13T17:00:00,30.0,,,,,,,,0.0207,,41.311922,-105.581147,2021,6,13,17
West,Knight Hall,2021-06-13T18:00:00,20.0,,,,,,,,0.0138,,41.311922,-105.581147,2021,6,13,18
West,Knight Hall,2021-06-13T19:00:00,30.0,,,,,,,,0.0207,,41.311922,-105.581147,2021,6,13,19
West,Knight Hall,2021-06-13T20:00:00,20.0,,,,,,,,0.0138,,41.311922,-105.581147,2021,6,13,20
West,Knight Hall,2021-06-13T21:00:00,30.0,,,,,,,,0.0207,,41.311922,-105.581147,2021,6,13,21
West,Knight Hall,2021-06-13T22:00:00,20.0,,,,,,,,0.0138,,41.311922,-105.581147,2021,6,13,22
West,Knight Hall,2021-06-13T23:00:00,30.0,,,,,,,,0.0207,,41.311922,-105.581147,2021,6,13,23
West,Knight Hall,2021-06-14T00:00:00,20.0,,,,,,,,0.0138,,41.311922,-105.581147,2021,6,14,0
West,Knight Hall,2021-06-14T01:00:00,30.0,,,,,,,,0.0207,,41.311922,-105.581147,2021,6,14,1
West,Knight Hall,2021-06-14T02:00:00,30.0,,,,,,,,0.0207,,41.311922,-105.581147,2021,6,14,2
West,Knight Hall,2021-06-14T03:00:00,20.0,,,,,,,,0.0138,,41.311922,-105.581147,2021,6,14,3
West,Knight Hall,2021-06-14T04:00:00,30.0,,,,,,,,0.0207,,41.311922,-105.581147,2021,6,14,4
West,Knight Hall,2021-06-14T05:00:00,30.0,,,,,,,,0.0207,,41.311922,-105.581147,2021,6,14,5
West,Knight Hall,2021-06-14T06:00:00,30.0,,,,,,,,0.0207,,41.311922,-105.581147,2021,6,14,6
West,Knight Hall,2021-06-14T07:00:00,40.0,,,,,,,,0.0276,,41.311922,-105.581147,2021,6,14,7
West,Knight Hall,2021-06-14T08:00:00,60.0,,,,,,,,0.0414,,41.311922,-105.581147,2021,6,14,8
West,Knight Hall,2021-06-14T09:00:00,70.0,,,,,,,,0.048299999999999996,,41.311922,-105.581147,2021,6,14,9
West,Knight Hall,2021-06-14T10:00:00,80.0,20.0,,,,,,,0.0552,0.0138,41.311922,-105.581147,2021,6,14,10
West,Knight Hall,2021-06-14T11:00:00,70.0,30.0,,,,,,,0.048299999999999996,0.0207,41.311922,-105.581147,2021,6,14,11
West,Knight Hall,2021-06-14T12:00:00,60.0,30.0,,,,,,,0.0414,0.0207,41.311922,-105.581147,2021,6,14,12
West,Knight Hall,2021-06-14T13:00:00,80.0,30.0,,,,,,,0.0552,0.0207,41.311922,-105.581147,2021,6,14,13
West,Knight Hall,2021-06-14T14:00:00,70.0,30.0,,,,,,,0.048299999999999996,0.0207,41.311922,-105.581147,2021,6,14,14
West,Knight Hall,2021-06-14T15:00:00,70.0,30.0,,,,,,,0.048299999999999996,0.0207,41.311922,-105.581147,2021,6,14,15
West,Knight Hall,2021-06-14T16:00:00,70.0,30.0,,,,,,,0.048299999999999996,0.0207,41.311922,-105.581147,2021,6,14,16
West,Knight Hall,2021-06-14T17:00:00,40.0,30.0,,,,,,,0.0276,0.0207,41.311922,-105.581147,2021,6,14,17
West,Knight Hall,2021-06-14T18:00:00,50.0,20.0,,,,,,,0.034499999999999996,0.0138,41.311922,-105.581147,2021,6,14,18
West,Knight Hall,2021-06-14T19:00:00,40.0,30.0,,,,,,,0.0276,0.0207,41.311922,-105.581147,2021,6,14,19
West,Knight Hall,2021-06-14T20:00:00,40.0,30.0,,,,,,,0.0276,0.0207,41.311922,-105.581147,2021,6,14,20
West,Knight Hall,2021-06-14T21:00:00,30.0,30.0,,,,,,,0.0207,0.0207,41.311922,-105.581147,2021,6,14,21
West,Knight Hall,2021-06-14T22:00:00,40.0,30.0,,,,,,,0.0276,0.0207,41.311922,-105.581147,2021,6,14,22
West,Knight Hall,2021-06-14T23:00:00,30.0,30.0,,,,,,,0.0207,0.0207,41.311922,-105.581147,2021,6,14,23
West,Knight Hall,2021-06-15T00:00:00,20.0,30.0,,,,,,,0.0138,0.0207,41.311922,-105.581147,2021,6,15,0
West,Knight Hall,2021-06-15T01:00:00,30.0,30.0,,,,,,,0.0207,0.0207,41.311922,-105.581147,2021,6,15,1
West,Knight Hall,2021-06-15T02:00:00,30.0,30.0,,,,,,,0.0207,0.0207,41.311922,-105.581147,2021,6,15,2
West,Knight Hall,2021-06-15T03:00:00,30.0,30.0,,,,,,,0.0207,0.0207,41.311922,-105.581147,2021,6,15,3
West,Knight Hall,2021-06-15T04:00:00,30.0,30.0,,,,,,,0.0207,0.0207,41.311922,-105.581147,2021,6,15,4
West,Knight Hall,2021-06-15T05:00:00,30.0,30.0,,,,,,,0.0207,0.0207,41.311922,-105.581147,2021,6,15,5
West,Knight Hall,2021-06-15T06:00:00,40.0,30.0,,,,,,,0.0276,0.0207,41.311922,-105.581147,2021,6,15,6
West,Knight Hall,2021-06-15T07:00:00,50.0,50.0,,,,,,,0.034499999999999996,0.034499999999999996,41.311922,-105.581147,2021,6,15,7
West,Knight Hall,2021-06-15T08:00:00,70.0,60.0,,,,,,,0.048299999999999996,0.0414,41.311922,-105.581147,2021,6,15,8
West,Knight Hall,2021-06-15T09:00:00,80.0,60.0,,,,,,,0.0552,0.0414,41.311922,-105.581147,2021,6,15,9
West,Knight Hall,2021-06-15T10:00:00,80.0,,,,,,,,0.0552,,41.311922,-105.581147,2021,6,15,10
West,Knight Hall,2021-06-15T11:00:00,80.0,20.0,,,,,,,0.0552,0.0138,41.311922,-105.581147,2021,6,15,11
West,Knight Hall,2021-06-15T12:00:00,70.0,60.0,,,,,,,0.048299999999999996,0.0414,41.311922,-105.581147,2021,6,15,12
West,Knight Hall,2021-06-15T13:00:00,70.0,60.0,,,,,,,0.048299999999999996,0.0414,41.311922,-105.581147,2021,6,15,13
West,Knight Hall,2021-06-15T14:00:00,80.0,60.0,,,,,,,0.0552,0.0414,41.311922,-105.581147,2021,6,15,14
West,Knight Hall,2021-06-15T15:00:00,70.0,60.0,,,,,,,0.048299999999999996,0.0414,41.311922,-105.581147,2021,6,15,15
West,Knight Hall,2021-06-15T16:00:00,60.0,50.0,,,,,,,0.0414,0.034499999999999996,41.311922,-105.581147,2021,6,15,16
West,Knight Hall,2021-06-15T17:00:00,50.0,40.0,,,,,,,0.034499999999999996,0.0276,41.311922,-105.581147,2021,6,15,17
West,Knight Hall,2021-06-15T18:00:00,40.0,40.0,,,,,,,0.0276,0.0276,41.311922,-105.581147,2021,6,15,18
West,Knight Hall,2021-06-15T19:00:00,40.0,50.0,,,,,,,0.0276,0.034499999999999996,41.311922,-105.581147,2021,6,15,19
West,Knight Hall,2021-06-15T20:00:00,40.0,40.0,,,,,,,0.0276,0.0276,41.311922,-105.581147,2021,6,15,20
West,Knight Hall,2021-06-15T21:00:00,40.0,30.0,,,,,,,0.0276,0.0207,41.311922,-105.581147,2021,6,15,21
West,Knight Hall,2021-06-15T22:00:00,30.0,20.0,,,,,,,0.0207,0.0138,41.311922,-105.581147,2021,6,15,22
West,Knight Hall,2021-06-15T23:00:00,30.0,30.0,,,,,,,0.0207,0.0207,41.311922,-105.581147,2021,6,15,23
West,Knight Hall,2021-06-16T00:00:00,30.0,20.0,,,,,,,0.0207,0.0138,41.311922,-105.581147,2021,6,16,0
West,Knight Hall,2021-06-16T01:00:00,30.0,30.0,,,,,,,0.0207,0.0207,41.311922,-105.581147,2021,6,16,1
West,Knight Hall,2021-06-16T02:00:00,30.0,20.0,,,,,,,0.0207,0.0138,41.311922,-105.581147,2021,6,16,2
West,Knight Hall,2021-06-16T03:00:00,30.0,30.0,,,,,,,0.0207,0.0207,41.311922,-105.581147,2021,6,16,3
West,Knight Hall,2021-06-16T04:00:00,30.0,30.0,,,,,,,0.0207,0.0207,41.311922,-105.581147,2021,6,16,4
West,Knight Hall,2021-06-16T05:00:00,40.0,20.0,,,,,,,0.0276,0.0138,41.311922,-105.581147,2021,6,16,5
West,Knight Hall,2021-06-16T06:00:00,30.0,30.0,,,,,,,0.0207,0.0207,41.311922,-105.581147,2021,6,16,6
West,Knight Hall,2021-06-16T07:00:00,50.0,40.0,,,,,,,0.034499999999999996,0.0276,41.311922,-105.581147,2021,6,16,7
West,Knight Hall,2021-06-16T08:00:00,70.0,70.0,,,,,,,0.048299999999999996,0.048299999999999996,41.311922,-105.581147,2021,6,16,8
West,Knight Hall,2021-06-16T09:00:00,80.0,60.0,,,,,,,0.0552,0.0414,41.311922,-105.581147,2021,6,16,9
West,Knight Hall,2021-06-16T10:00:00,80.0,70.0,,,,,,,0.0552,0.048299999999999996,41.311922,-105.581147,2021,6,16,10
West,Knight Hall,2021-06-16T11:00:00,80.0,70.0,,,,,,,0.0552,0.048299999999999996,41.311922,-105.581147,2021,6,16,11
West,Knight Hall,2021-06-16T12:00:00,80.0,60.0,,,,,,,0.0552,0.0414,41.311922,-105.581147,2021,6,16,12
West,Knight Hall,2021-06-16T13:00:00,70.0,60.0,,,,,,,0.048299999999999996,0.0414,41.311922,-105.581147,2021,6,16,13
West,Knight Hall,2021-06-16T14:00:00,80.0,70.0,,,,,,,0.0552,0.048299999999999996,41.311922,-105.581147,2021,6,16,14
West,Knight Hall,2021-06-16T15:00:00,80.0,60.0,,,,,,,0.0552,0.0414,41.311922,-105.581147,2021,6,16,15
West,Knight Hall,2021-06-16T16:00:00,60.0,50.0,,,,,,,0.0414,0.034499999999999996,41.311922,-105.581147,2021,6,16,16
West,Knight Hall,2021-06-16T17:00:00,50.0,50.0,,,,,,,0.034499999999999996,0.034499999999999996,41.311922,-105.581147,2021,6,16,17
West,Knight Hall,2021-06-16T18:00:00,50.0,30.0,,,,,,,0.034499999999999996,0.0207,41.311922,-105.581147,2021,6,16,18
West,Knight Hall,2021-06-16T19:00:00,30.0,40.0,,,,,,,0.0207,0.0276,41.311922,-105.581147,2021,6,16,19
West,Knight Hall,2021-06-16T20:00:00,40.0,30.0,,,,,,,0.0276,0.0207,41.311922,-105.581147,2021,6,16,20
West,Knight Hall,2021-06-16T21:00:00,30.0,30.0,,,,,,,0.0207,0.0207,41.311922,-105.581147,2021,6,16,21
West,Knight Hall,2021-06-16T22:00:00,30.0,30.0,,,,,,,0.0207,0.0207,41.311922,-105.581147,2021,6,16,22
West,Knight Hall,2021-06-16T23:00:00,30.0,30.0,,,,,,,0.0207,0.0207,41.311922,-105.581147,2021,6,16,23
West,Knight Hall,2021-06-17T00:00:00,30.0,20.0,,,,,,,0.0207,0.0138,41.311922,-105.581147,2021,6,17,0
West,Knight Hall,2021-06-17T01:00:00,30.0,30.0,,,,,,,0.0207,0.0207,41.311922,-105.581147,2021,6,17,1
West,Knight Hall,2021-06-17T02:00:00,30.0,20.0,,,,,,,0.0207,0.0138,41.311922,-105.581147,2021,6,17,2
West,Knight Hall,2021-06-17T03:00:00,30.0,20.0,,,,,,,0.0207,0.0138,41.311922,-105.581147,2021,6,17,3
West,Knight Hall,2021-06-17T04:00:00,30.0,30.0,,,,,,,0.0207,0.0207,41.311922,-105.581147,2021,6,17,4
West,Knight Hall,2021-06-17T05:00:00,30.0,30.0,,,,,,,0.0207,0.0207,41.311922,-105.581147,2021,6,17,5
West,Knight Hall,2021-06-17T06:00:00,30.0,30.0,,,,,,,0.0207,0.0207,41.311922,-105.581147,2021,6,17,6
West,Knight Hall,2021-06-17T07:00:00,60.0,40.0,,,,,,,0.0414,0.0276,41.311922,-105.581147,2021,6,17,7
West,Knight Hall,2021-06-17T08:00:00,70.0,60.0,,,,,,,0.048299999999999996,0.0414,41.311922,-105.581147,2021,6,17,8
West,Knight Hall,2021-06-17T09:00:00,80.0,70.0,,,,,,,0.0552,0.048299999999999996,41.311922,-105.581147,2021,6,17,9
West,Knight Hall,2021-06-17T10:00:00,80.0,60.0,,,,,,,0.0552,0.0414,41.311922,-105.581147,2021,6,17,10
West,Knight Hall,2021-06-17T11:00:00,80.0,70.0,,,,,,,0.0552,0.048299999999999996,41.311922,-105.581147,2021,6,17,11
West,Knight Hall,2021-06-17T12:00:00,80.0,60.0,,,,,,,0.0552,0.0414,41.311922,-105.581147,2021,6,17,12
West,Knight Hall,2021-06-17T13:00:00,70.0,60.0,,,,,,,0.048299999999999996,0.0414,41.311922,-105.581147,2021,6,17,13
West,Knight Hall,2021-06-17T14:00:00,,60.0,,,,,,,,0.0414,41.311922,-105.581147,2021,6,17,14
West,Knight Hall,2021-06-17T15:00:00,80.0,60.0,,,,,,,0.0552,0.0414,41.311922,-105.581147,2021,6,17,15
West,Knight Hall,2021-06-17T16:00:00,60.0,60.0,,,,,,,0.0414,0.0414,41.311922,-105.581147,2021,6,17,16
West,Knight Hall,2021-06-17T17:00:00,40.0,40.0,,,,,,,0.0276,0.0276,41.311922,-105.581147,2021,6,17,17
West,Knight Hall,2021-06-17T18:00:00,50.0,40.0,,,,,,,0.034499999999999996,0.0276,41.311922,-105.581147,2021,6,17,18
West,Knight Hall,2021-06-17T19:00:00,30.0,30.0,,,,,,,0.0207,0.0207,41.311922,-105.581147,2021,6,17,19
West,Knight Hall,2021-06-17T20:00:00,30.0,30.0,,,,,,,0.0207,0.0207,41.311922,-105.581147,2021,6,17,20
West,Knight Hall,2021-06-17T21:00:00,40.0,30.0,,,,,,,0.0276,0.0207,41.311922,-105.581147,2021,6,17,21
West,Knight Hall,2021-06-17T22:00:00,30.0,30.0,,,,,,,0.0207,0.0207,41.311922,-105.581147,2021,6,17,22
West,Knight Hall,2021-06-17T23:00:00,30.0,20.0,,,,,,,0.0207,0.0138,41.311922,-105.581147,2021,6,17,23
West,Knight Hall,2021-06-18T00:00:00,20.0,30.0,,,,,,,0.0138,0.0207,41.311922,-105.581147,2021,6,18,0
West,Knight Hall,2021-06-18T01:00:00,30.0,20.0,,,,,,,0.0207,0.0138,41.311922,-105.581147,2021,6,18,1
West,Knight Hall,2021-06-18T02:00:00,30.0,20.0,,,,,,,0.0207,0.0138,41.311922,-105.581147,2021,6,18,2
West,Knight Hall,2021-06-18T03:00:00,30.0,30.0,,,,,,,0.0207,0.0207,41.311922,-105.581147,2021,6,18,3
West,Knight Hall,2021-06-18T04:00:00,30.0,20.0,,,,,,,0.0207,0.0138,41.311922,-105.581147,2021,6,18,4
West,Knight Hall,2021-06-18T05:00:00,20.0,30.0,,,,,,,0.0138,0.0207,41.311922,-105.581147,2021,6,18,5
West,Knight Hall,2021-06-18T06:00:00,30.0,30.0,,,,,,,0.0207,0.0207,41.311922,-105.581147,2021,6,18,6
West,Knight Hall,2021-06-18T07:00:00,50.0,40.0,,,,,,,0.034499999999999996,0.0276,41.311922,-105.581147,2021,6,18,7
West,Knight Hall,2021-06-18T08:00:00,70.0,60.0,,,,,,,0.048299999999999996,0.0414,41.311922,-105.581147,2021,6,18,8
West,Knight Hall,2021-06-18T09:00:00,70.0,60.0,,,,,,,0.048299999999999996,0.0414,41.311922,-105.581147,2021,6,18,9
West,Knight Hall,2021-06-18T10:00:00,70.0,60.0,,,,,,,0.048299999999999996,0.0414,41.311922,-105.581147,2021,6,18,10
West,Knight Hall,2021-06-18T11:00:00,80.0,60.0,,,,,,,0.0552,0.0414,41.311922,-105.581147,2021,6,18,11
West,Knight Hall,2021-06-18T12:00:00,60.0,60.0,,,,,,,0.0414,0.0414,41.311922,-105.581147,2021,6,18,12
West,Knight Hall,2021-06-18T13:00:00,70.0,60.0,,,,,,,0.048299999999999996,0.0414,41.311922,-105.581147,2021,6,18,13
West,Knight Hall,2021-06-18T14:00:00,70.0,60.0,,,,,,,0.048299999999999996,0.0414,41.311922,-105.581147,2021,6,18,14
West,Knight Hall,2021-06-18T15:00:00,70.0,50.0,,,,,,,0.048299999999999996,0.034499999999999996,41.311922,-105.581147,2021,6,18,15
West,Knight Hall,2021-06-18T16:00:00,60.0,50.0,,,,,,,0.0414,0.034499999999999996,41.311922,-105.581147,2021,6,18,16
West,Knight Hall,2021-06-18T17:00:00,40.0,40.0,,,,,,,0.0276,0.0276,41.311922,-105.581147,2021,6,18,17
West,Knight Hall,2021-06-18T18:00:00,40.0,40.0,,,,,,,0.0276,0.0276,41.311922,-105.581147,2021,6,18,18
West,Knight Hall,2021-06-18T19:00:00,30.0,30.0,,,,,,,0.0207,0.0207,41.311922,-105.581147,2021,6,18,19
West,Knight Hall,2021-06-18T20:00:00,40.0,30.0,,,,,,,0.0276,0.0207,41.311922,-105.581147,2021,6,18,20
West,Knight Hall,2021-06-18T21:00:00,30.0,30.0,,,,,,,0.0207,0.0207,41.311922,-105.581147,2021,6,18,21
West,Knight Hall,2021-06-18T22:00:00,30.0,20.0,,,,,,,0.0207,0.0138,41.311922,-105.581147,2021,6,18,22
West,Knight Hall,2021-06-18T23:00:00,20.0,30.0,,,,,,,0.0138,0.0207,41.311922,-105.581147,2021,6,18,23
West,Knight Hall,2021-06-19T00:00:00,30.0,20.0,,,,,,,0.0207,0.0138,41.311922,-105.581147,2021,6,19,0
West,Knight Hall,2021-06-19T01:00:00,20.0,30.0,,,,,,,0.0138,0.0207,41.311922,-105.581147,2021,6,19,1
West,Knight Hall,2021-06-19T02:00:00,30.0,20.0,,,,,,,0.0207,0.0138,41.311922,-105.581147,2021,6,19,2
West,Knight Hall,2021-06-19T03:00:00,30.0,30.0,,,,,,,0.0207,0.0207,41.311922,-105.581147,2021,6,19,3
West,Knight Hall,2021-06-19T04:00:00,20.0,20.0,,,,,,,0.0138,0.0138,41.311922,-105.581147,2021,6,19,4
West,Knight Hall,2021-06-19T05:00:00,30.0,30.0,,,,,,,0.0207,0.0207,41.311922,-105.581147,2021,6,19,5
West,Knight Hall,2021-06-19T06:00:00,20.0,30.0,,,,,,,0.0138,0.0207,41.311922,-105.581147,2021,6,19,6
West,Knight Hall,2021-06-19T07:00:00,30.0,40.0,,,,,,,0.0207,0.0276,41.311922,-105.581147,2021,6,19,7
West,Knight Hall,2021-06-19T08:00:00,30.0,50.0,,,,,,,0.0207,0.034499999999999996,41.311922,-105.581147,2021,6,19,8
West,Knight Hall,2021-06-19T09:00:00,30.0,60.0,,,,,,,0.0207,0.0414,41.311922,-105.581147,2021,6,19,9
West,Knight Hall,2021-06-19T10:00:00,40.0,60.0,,,,,,,0.0276,0.0414,41.311922,-105.581147,2021,6,19,10
West,Knight Hall,2021-06-19T11:00:00,30.0,60.0,,,,,,,0.0207,0.0414,41.311922,-105.581147,2021,6,19,11
West,Knight Hall,2021-06-19T12:00:00,30.0,60.0,,,,,,,0.0207,0.0414,41.311922,-105.581147,2021,6,19,12
West,Knight Hall,2021-06-19T13:00:00,40.0,50.0,,,,,,,0.0276,0.034499999999999996,41.311922,-105.581147,2021,6,19,13
West,Knight Hall,2021-06-19T14:00:00,30.0,60.0,,,,,,,0.0207,0.0414,41.311922,-105.581147,2021,6,19,14
West,Knight Hall,2021-06-19T15:00:00,30.0,60.0,,,,,,,0.0207,0.0414,41.311922,-105.581147,2021,6,19,15
West,Knight Hall,2021-06-19T16:00:00,20.0,40.0,,,,,,,0.0138,0.0276,41.311922,-105.581147,2021,6,19,16
West,Knight Hall,2021-06-19T17:00:00,30.0,40.0,,,,,,,0.0207,0.0276,41.311922,-105.581147,2021,6,19,17
West,Knight Hall,2021-06-19T18:00:00,30.0,40.0,,,,,,,0.0207,0.0276,41.311922,-105.581147,2021,6,19,18
West,Knight Hall,2021-06-19T19:00:00,20.0,30.0,,,,,,,0.0138,0.0207,41.311922,-105.581147,2021,6,19,19
West,Knight Hall,2021-06-19T20:00:00,30.0,30.0,,,,,,,0.0207,0.0207,41.311922,-105.581147,2021,6,19,20
West,Knight Hall,2021-06-19T21:00:00,20.0,30.0,,,,,,,0.0138,0.0207,41.311922,-105.581147,2021,6,19,21
West,Knight Hall,2021-06-19T22:00:00,30.0,30.0,,,,,,,0.0207,0.0207,41.311922,-105.581147,2021,6,19,22
West,Knight Hall,2021-06-19T23:00:00,20.0,30.0,,,,,,,0.0138,0.0207,41.311922,-105.581147,2021,6,19,23
West,Knight Hall,2021-06-20T00:00:00,30.0,20.0,,,,,,,0.0207,0.0138,41.311922,-105.581147,2021,6,20,0
West,Knight Hall,2021-06-20T01:00:00,30.0,20.0,,,,,,,0.0207,0.0138,41.311922,-105.581147,2021,6,20,1
West,Knight Hall,2021-06-20T02:00:00,20.0,30.0,,,,,,,0.0138,0.0207,41.311922,-105.581147,2021,6,20,2
West,Knight Hall,2021-06-20T03:00:00,30.0,20.0,,,,,,,0.0207,0.0138,41.311922,-105.581147,2021,6,20,3
West,Knight Hall,2021-06-20T04:00:00,20.0,30.0,,,,,,,0.0138,0.0207,41.311922,-105.581147,2021,6,20,4
West,Knight Hall,2021-06-20T05:00:00,30.0,20.0,,,,,,,0.0207,0.0138,41.311922,-105.581147,2021,6,20,5
West,Knight Hall,2021-06-20T06:00:00,20.0,30.0,,,,,,,0.0138,0.0207,41.311922,-105.581147,2021,6,20,6
West,Knight Hall,2021-06-20T07:00:00,30.0,20.0,,,,,,,0.0207,0.0138,41.311922,-105.581147,2021,6,20,7
West,Knight Hall,2021-06-20T08:00:00,30.0,30.0,,,,,,,0.0207,0.0207,41.311922,-105.581147,2021,6,20,8
West,Knight Hall,2021-06-20T09:00:00,20.0,30.0,,,,,,,0.0138,0.0207,41.311922,-105.581147,2021,6,20,9
West,Knight Hall,2021-06-20T10:00:00,30.0,30.0,,,,,,,0.0207,0.0207,41.311922,-105.581147,2021,6,20,10
West,Knight Hall,2021-06-20T11:00:00,30.0,30.0,,,,,,,0.0207,0.0207,41.311922,-105.581147,2021,6,20,11
West,Knight Hall,2021-06-20T12:00:00,30.0,30.0,,,,,,,0.0207,0.0207,41.311922,-105.581147,2021,6,20,12
West,Knight Hall,2021-06-20T13:00:00,30.0,20.0,,,,,,,0.0207,0.0138,41.311922,-105.581147,2021,6,20,13
West,Knight Hall,2021-06-20T14:00:00,30.0,30.0,,,,,,,0.0207,0.0207,41.311922,-105.581147,2021,6,20,14
West,Knight Hall,2021-06-20T15:00:00,20.0,30.0,,,,,,,0.0138,0.0207,41.311922,-105.581147,2021,6,20,15
West,Knight Hall,2021-06-20T16:00:00,30.0,20.0,,,,,,,0.0207,0.0138,41.311922,-105.581147,2021,6,20,16
West,Knight Hall,2021-06-20T17:00:00,20.0,30.0,,,,,,,0.0138,0.0207,41.311922,-105.581147,2021,6,20,17
West,Knight Hall,2021-06-20T18:00:00,30.0,20.0,,,,,,,0.0207,0.0138,41.311922,-105.581147,2021,6,20,18
West,Knight Hall,2021-06-20T19:00:00,30.0,30.0,,,,,,,0.0207,0.0207,41.311922,-105.581147,2021,6,20,19
West,Knight Hall,2021-06-20T20:00:00,20.0,20.0,,,,,,,0.0138,0.0138,41.311922,-105.581147,2021,6,20,20
West,Knight Hall,2021-06-20T21:00:00,30.0,30.0,,,,,,,0.0207,0.0207,41.311922,-105.581147,2021,6,20,21
West,Knight Hall,2021-06-20T22:00:00,20.0,30.0,,,,,,,0.0138,0.0207,41.311922,-105.581147,2021,6,20,22
West,Knight Hall,2021-06-20T23:00:00,30.0,20.0,,,,,,,0.0207,0.0138,41.311922,-105.581147,2021,6,20,23
West,Knight Hall,2021-06-21T00:00:00,20.0,30.0,,,,,,,0.0138,0.0207,41.311922,-105.581147,2021,6,21,0
West,Knight Hall,2021-06-21T01:00:00,30.0,20.0,,,,,,,0.0207,0.0138,41.311922,-105.581147,2021,6,21,1
West,Knight Hall,2021-06-21T02:00:00,30.0,30.0,,,,,,,0.0207,0.0207,41.311922,-105.581147,2021,6,21,2
West,Knight Hall,2021-06-21T03:00:00,20.0,20.0,,,,,,,0.0138,0.0138,41.311922,-105.581147,2021,6,21,3
West,Knight Hall,2021-06-21T04:00:00,30.0,30.0,,,,,,,0.0207,0.0207,41.311922,-105.581147,2021,6,21,4
West,Knight Hall,2021-06-21T05:00:00,30.0,30.0,,,,,,,0.0207,0.0207,41.311922,-105.581147,2021,6,21,5
West,Knight Hall,2021-06-21T06:00:00,30.0,20.0,,,,,,,0.0207,0.0138,41.311922,-105.581147,2021,6,21,6
West,Knight Hall,2021-06-21T07:00:00,40.0,30.0,,,,,,,0.0276,0.0207,41.311922,-105.581147,2021,6,21,7
West,Knight Hall,2021-06-21T08:00:00,70.0,30.0,,,,,,,0.048299999999999996,0.0207,41.311922,-105.581147,2021,6,21,8
West,Knight Hall,2021-06-21T09:00:00,70.0,30.0,,,,,,,0.048299999999999996,0.0207,41.311922,-105.581147,2021,6,21,9
West,Knight Hall,2021-06-21T10:00:00,80.0,20.0,,,,,,,0.0552,0.0138,41.311922,-105.581147,2021,6,21,10
West,Knight Hall,2021-06-21T11:00:00,70.0,30.0,,,,,,,0.048299999999999996,0.0207,41.311922,-105.581147,2021,6,21,11
West,Knight Hall,2021-06-21T12:00:00,70.0,30.0,,,,,,,0.048299999999999996,0.0207,41.311922,-105.581147,2021,6,21,12
West,Knight Hall,2021-06-21T13:00:00,70.0,30.0,,,,,,,0.048299999999999996,0.0207,41.311922,-105.581147,2021,6,21,13
West,Knight Hall,2021-06-21T14:00:00,70.0,30.0,,,,,,,0.048299999999999996,0.0207,41.311922,-105.581147,2021,6,21,14
West,Knight Hall,2021-06-21T15:00:00,70.0,30.0,,,,,,,0.048299999999999996,0.0207,41.311922,-105.581147,2021,6,21,15
West,Knight Hall,2021-06-21T16:00:00,60.0,30.0,,,,,,,0.0414,0.0207,41.311922,-105.581147,2021,6,21,16
West,Knight Hall,2021-06-21T17:00:00,50.0,20.0,,,,,,,0.034499999999999996,0.0138,41.311922,-105.581147,2021,6,21,17
West,Knight Hall,2021-06-21T18:00:00,40.0,30.0,,,,,,,0.0276,0.0207,41.311922,-105.581147,2021,6,21,18
West,Knight Hall,2021-06-21T19:00:00,30.0,30.0,,,,,,,0.0207,0.0207,41.311922,-105.581147,2021,6,21,19
West,Knight Hall,2021-06-21T20:00:00,30.0,20.0,,,,,,,0.0207,0.0138,41.311922,-105.581147,2021,6,21,20
West,Knight Hall,2021-06-21T21:00:00,40.0,30.0,,,,,,,0.0276,0.0207,41.311922,-105.581147,2021,6,21,21
West,Knight Hall,2021-06-21T22:00:00,30.0,30.0,,,,,,,0.0207,0.0207,41.311922,-105.581147,2021,6,21,22
West,Knight Hall,2021-06-21T23:00:00,20.0,20.0,,,,,,,0.0138,0.0138,41.311922,-105.581147,2021,6,21,23
West,Knight Hall,2021-06-22T00:00:00,30.0,30.0,,,,,,,0.0207,0.0207,41.311922,-105.581147,2021,6,22,0
West,Knight Hall,2021-06-22T01:00:00,20.0,20.0,,,,,,,0.0138,0.0138,41.311922,-105.581147,2021,6,22,1
West,Knight Hall,2021-06-22T02:00:00,30.0,30.0,,,,,,,0.0207,0.0207,41.311922,-105.581147,2021,6,22,2
West,Knight Hall,2021-06-22T03:00:00,30.0,20.0,,,,,,,0.0207,0.0138,41.311922,-105.581147,2021,6,22,3
West,Knight Hall,2021-06-22T04:00:00,30.0,30.0,,,,,,,0.0207,0.0207,41.311922,-105.581147,2021,6,22,4
West,Knight Hall,2021-06-22T05:00:00,20.0,30.0,,,,,,,0.0138,0.0207,41.311922,-105.581147,2021,6,22,5
West,Knight Hall,2021-06-22T06:00:00,30.0,30.0,,,,,,,0.0207,0.0207,41.311922,-105.581147,2021,6,22,6
West,Knight Hall,2021-06-22T07:00:00,50.0,50.0,,,,,,,0.034499999999999996,0.034499999999999996,41.311922,-105.581147,2021,6,22,7
West,Knight Hall,2021-06-22T08:00:00,70.0,50.0,,,,,,,0.048299999999999996,0.034499999999999996,41.311922,-105.581147,2021,6,22,8
West,Knight Hall,2021-06-22T09:00:00,80.0,70.0,,,,,,,0.0552,0.048299999999999996,41.311922,-105.581147,2021,6,22,9
West,Knight Hall,2021-06-22T10:00:00,80.0,60.0,,,,,,,0.0552,0.0414,41.311922,-105.581147,2021,6,22,10
West,Knight Hall,2021-06-22T11:00:00,80.0,70.0,,,,,,,0.0552,0.048299999999999996,41.311922,-105.581147,2021,6,22,11
West,Knight Hall,2021-06-22T12:00:00,70.0,60.0,,,,,,,0.048299999999999996,0.0414,41.311922,-105.581147,2021,6,22,12
West,Knight Hall,2021-06-22T13:00:00,70.0,60.0,,,,,,,0.048299999999999996,0.0414,41.311922,-105.581147,2021,6,22,13
West,Knight Hall,2021-06-22T14:00:00,70.0,60.0,,,,,,,0.048299999999999996,0.0414,41.311922,-105.581147,2021,6,22,14
West,Knight Hall,2021-06-22T15:00:00,70.0,60.0,,,,,,,0.048299999999999996,0.0414,41.311922,-105.581147,2021,6,22,15
West,Knight Hall,2021-06-22T16:00:00,70.0,60.0,,,,,,,0.048299999999999996,0.0414,41.311922,-105.581147,2021,6,22,16
West,Knight Hall,2021-06-22T17:00:00,40.0,50.0,,,,,,,0.0276,0.034499999999999996,41.311922,-105.581147,2021,6,22,17
West,Knight Hall,2021-06-22T18:00:00,40.0,40.0,,,,,,,0.0276,0.0276,41.311922,-105.581147,2021,6,22,18
West,Knight Hall,2021-06-22T19:00:00,40.0,40.0,,,,,,,0.0276,0.0276,41.311922,-105.581147,2021,6,22,19
West,Knight Hall,2021-06-22T20:00:00,40.0,30.0,,,,,,,0.0276,0.0207,41.311922,-105.581147,2021,6,22,20
West,Knight Hall,2021-06-22T21:00:00,30.0,40.0,,,,,,,0.0207,0.0276,41.311922,-105.581147,2021,6,22,21
West,Knight Hall,2021-06-22T22:00:00,40.0,30.0,,,,,,,0.0276,0.0207,41.311922,-105.581147,2021,6,22,22
West,Knight Hall,2021-06-22T23:00:00,20.0,30.0,,,,,,,0.0138,0.0207,41.311922,-105.581147,2021,6,22,23
West,Knight Hall,2021-06-23T00:00:00,30.0,30.0,,,,,,,0.0207,0.0207,41.311922,-105.581147,2021,6,23,0
West,Knight Hall,2021-06-23T01:00:00,30.0,30.0,,,,,,,0.0207,0.0207,41.311922,-105.581147,2021,6,23,1
West,Knight Hall,2021-06-23T02:00:00,20.0,20.0,,,,,,,0.0138,0.0138,41.311922,-105.581147,2021,6,23,2
West,Knight Hall,2021-06-23T03:00:00,30.0,30.0,,,,,,,0.0207,0.0207,41.311922,-105.581147,2021,6,23,3
West,Knight Hall,2021-06-23T04:00:00,30.0,40.0,,,,,,,0.0207,0.0276,41.311922,-105.581147,2021,6,23,4
West,Knight Hall,2021-06-23T05:00:00,30.0,30.0,,,,,,,0.0207,0.0207,41.311922,-105.581147,2021,6,23,5
West,Knight Hall,2021-06-23T06:00:00,30.0,30.0,,,,,,,0.0207,0.0207,41.311922,-105.581147,2021,6,23,6
West,Knight Hall,2021-06-23T07:00:00,40.0,50.0,,,,,,,0.0276,0.034499999999999996,41.311922,-105.581147,2021,6,23,7
West,Knight Hall,2021-06-23T08:00:00,80.0,70.0,,,,,,,0.0552,0.048299999999999996,41.311922,-105.581147,2021,6,23,8
West,Knight Hall,2021-06-23T09:00:00,70.0,70.0,,,,,,,0.048299999999999996,0.048299999999999996,41.311922,-105.581147,2021,6,23,9
West,Knight Hall,2021-06-23T10:00:00,80.0,60.0,,,,,,,0.0552,0.0414,41.311922,-105.581147,2021,6,23,10
West,Knight Hall,2021-06-23T11:00:00,80.0,70.0,,,,,,,0.0552,0.048299999999999996,41.311922,-105.581147,2021,6,23,11
West,Knight Hall,2021-06-23T12:00:00,80.0,70.0,,,,,,,0.0552,0.048299999999999996,41.311922,-105.581147,2021,6,23,12
West,Knight Hall,2021-06-23T13:00:00,70.0,70.0,,,,,,,0.048299999999999996,0.048299999999999996,41.311922,-105.581147,2021,6,23,13
West,Knight Hall,2021-06-23T14:00:00,80.0,70.0,,,,,,,0.0552,0.048299999999999996,41.311922,-105.581147,2021,6,23,14
West,Knight Hall,2021-06-23T15:00:00,70.0,60.0,,,,,,,0.048299999999999996,0.0414,41.311922,-105.581147,2021,6,23,15
West,Knight Hall,2021-06-23T16:00:00,60.0,70.0,,,,,,,0.0414,0.048299999999999996,41.311922,-105.581147,2021,6,23,16
West,Knight Hall,2021-06-23T17:00:00,50.0,50.0,,,,,,,0.034499999999999996,0.034499999999999996,41.311922,-105.581147,2021,6,23,17
West,Knight Hall,2021-06-23T18:00:00,40.0,50.0,,,,,,,0.0276,0.034499999999999996,41.311922,-105.581147,2021,6,23,18
West,Knight Hall,2021-06-23T19:00:00,30.0,40.0,,,,,,,0.0207,0.0276,41.311922,-105.581147,2021,6,23,19
West,Knight Hall,2021-06-23T20:00:00,30.0,30.0,,,,,,,0.0207,0.0207,41.311922,-105.581147,2021,6,23,20
West,Knight Hall,2021-06-23T21:00:00,40.0,40.0,,,,,,,0.0276,0.0276,41.311922,-105.581147,2021,6,23,21
West,Knight Hall,2021-06-23T22:00:00,20.0,40.0,,,,,,,0.0138,0.0276,41.311922,-105.581147,2021,6,23,22
West,Knight Hall,2021-06-23T23:00:00,30.0,30.0,,,,,,,0.0207,0.0207,41.311922,-105.581147,2021,6,23,23
West,Knight Hall,2021-06-24T00:00:00,30.0,30.0,,,,,,,0.0207,0.0207,41.311922,-105.581147,2021,6,24,0
West,Knight Hall,2021-06-24T01:00:00,20.0,30.0,,,,,,,0.0138,0.0207,41.311922,-105.581147,2021,6,24,1
West,Knight Hall,2021-06-24T02:00:00,30.0,20.0,,,,,,,0.0207,0.0138,41.311922,-105.581147,2021,6,24,2
West,Knight Hall,2021-06-24T03:00:00,30.0,30.0,,,,,,,0.0207,0.0207,41.311922,-105.581147,2021,6,24,3
West,Knight Hall,2021-06-24T04:00:00,20.0,40.0,,,,,,,0.0138,0.0276,41.311922,-105.581147,2021,6,24,4
West,Knight Hall,2021-06-24T05:00:00,30.0,30.0,,,,,,,0.0207,0.0207,41.311922,-105.581147,2021,6,24,5
West,Knight Hall,2021-06-24T06:00:00,30.0,40.0,,,,,,,0.0207,0.0276,41.311922,-105.581147,2021,6,24,6
West,Knight Hall,2021-06-24T07:00:00,50.0,50.0,,,,,,,0.034499999999999996,0.034499999999999996,41.311922,-105.581147,2021,6,24,7
West,Knight Hall,2021-06-24T08:00:00,70.0,70.0,,,,,,,0.048299999999999996,0.048299999999999996,41.311922,-105.581147,2021,6,24,8
West,Knight Hall,2021-06-24T09:00:00,80.0,70.0,,,,,,,0.0552,0.048299999999999996,41.311922,-105.581147,2021,6,24,9
West,Knight Hall,2021-06-24T10:00:00,,70.0,,,,,,,,0.048299999999999996,41.311922,-105.581147,2021,6,24,10
West,Knight Hall,2021-06-24T11:00:00,80.0,80.0,,,,,,,0.0552,0.0552,41.311922,-105.581147,2021,6,24,11
West,Knight Hall,2021-06-24T12:00:00,70.0,70.0,,,,,,,0.048299999999999996,0.048299999999999996,41.311922,-105.581147,2021,6,24,12
West,Knight Hall,2021-06-24T13:00:00,80.0,80.0,,,,,,,0.0552,0.0552,41.311922,-105.581147,2021,6,24,13
West,Knight Hall,2021-06-24T14:00:00,80.0,70.0,,,,,,,0.0552,0.048299999999999996,41.311922,-105.581147,2021,6,24,14
West,Knight Hall,2021-06-24T15:00:00,70.0,70.0,,,,,,,0.048299999999999996,0.048299999999999996,41.311922,-105.581147,2021,6,24,15
West,Knight Hall,2021-06-24T16:00:00,60.0,60.0,,,,,,,0.0414,0.0414,41.311922,-105.581147,2021,6,24,16
West,Knight Hall,2021-06-24T17:00:00,50.0,60.0,,,,,,,0.034499999999999996,0.0414,41.311922,-105.581147,2021,6,24,17
West,Knight Hall,2021-06-24T18:00:00,40.0,50.0,,,,,,,0.0276,0.034499999999999996,41.311922,-105.581147,2021,6,24,18
West,Knight Hall,2021-06-24T19:00:00,30.0,40.0,,,,,,,0.0207,0.0276,41.311922,-105.581147,2021,6,24,19
West,Knight Hall,2021-06-24T20:00:00,30.0,30.0,,,,,,,0.0207,0.0207,41.311922,-105.581147,2021,6,24,20
West,Knight Hall,2021-06-24T21:00:00,40.0,40.0,,,,,,,0.0276,0.0276,41.311922,-105.581147,2021,6,24,21
West,Knight Hall,2021-06-24T22:00:00,30.0,40.0,,,,,,,0.0207,0.0276,41.311922,-105.581147,2021,6,24,22
West,Knight Hall,2021-06-24T23:00:00,20.0,30.0,,,,,,,0.0138,0.0207,41.311922,-105.581147,2021,6,24,23
West,Knight Hall,2021-06-25T00:00:00,30.0,30.0,,,,,,,0.0207,0.0207,41.311922,-105.581147,2021,6,25,0
West,Knight Hall,2021-06-25T01:00:00,30.0,30.0,,,,,,,0.0207,0.0207,41.311922,-105.581147,2021,6,25,1
West,Knight Hall,2021-06-25T02:00:00,20.0,30.0,,,,,,,0.0138,0.0207,41.311922,-105.581147,2021,6,25,2
West,Knight Hall,2021-06-25T03:00:00,30.0,30.0,,,,,,,0.0207,0.0207,41.311922,-105.581147,2021,6,25,3
West,Knight Hall,2021-06-25T04:00:00,30.0,30.0,,,,,,,0.0207,0.0207,41.311922,-105.581147,2021,6,25,4
West,Knight Hall,2021-06-25T05:00:00,20.0,40.0,,,,,,,0.0138,0.0276,41.311922,-105.581147,2021,6,25,5
West,Knight Hall,2021-06-25T06:00:00,30.0,30.0,,,,,,,0.0207,0.0207,41.311922,-105.581147,2021,6,25,6
West,Knight Hall,2021-06-25T07:00:00,40.0,60.0,,,,,,,0.0276,0.0414,41.311922,-105.581147,2021,6,25,7
West,Knight Hall,2021-06-25T08:00:00,70.0,70.0,,,,,,,0.048299999999999996,0.048299999999999996,41.311922,-105.581147,2021,6,25,8
West,Knight Hall,2021-06-25T09:00:00,70.0,70.0,,,,,,,0.048299999999999996,0.048299999999999996,41.311922,-105.581147,2021,6,25,9
West,Knight Hall,2021-06-25T10:00:00,70.0,70.0,,,,,,,0.048299999999999996,0.048299999999999996,41.311922,-105.581147,2021,6,25,10
West,Knight Hall,2021-06-25T11:00:00,70.0,70.0,,,,,,,0.048299999999999996,0.048299999999999996,41.311922,-105.581147,2021,6,25,11
West,Knight Hall,2021-06-25T12:00:00,70.0,70.0,,,,,,,0.048299999999999996,0.048299999999999996,41.311922,-105.581147,2021,6,25,12
West,Knight Hall,2021-06-25T13:00:00,70.0,70.0,,,,,,,0.048299999999999996,0.048299999999999996,41.311922,-105.581147,2021,6,25,13
West,Knight Hall,2021-06-25T14:00:00,60.0,60.0,,,,,,,0.0414,0.0414,41.311922,-105.581147,2021,6,25,14
West,Knight Hall,2021-06-25T15:00:00,70.0,70.0,,,,,,,0.048299999999999996,0.048299999999999996,41.311922,-105.581147,2021,6,25,15
West,Knight Hall,2021-06-25T16:00:00,60.0,50.0,,,,,,,0.0414,0.034499999999999996,41.311922,-105.581147,2021,6,25,16
West,Knight Hall,2021-06-25T17:00:00,40.0,50.0,,,,,,,0.0276,0.034499999999999996,41.311922,-105.581147,2021,6,25,17
West,Knight Hall,2021-06-25T18:00:00,40.0,40.0,,,,,,,0.0276,0.0276,41.311922,-105.581147,2021,6,25,18
West,Knight Hall,2021-06-25T19:00:00,30.0,40.0,,,,,,,0.0207,0.0276,41.311922,-105.581147,2021,6,25,19
West,Knight Hall,2021-06-25T20:00:00,30.0,30.0,,,,,,,0.0207,0.0207,41.311922,-105.581147,2021,6,25,20
West,Knight Hall,2021-06-25T21:00:00,40.0,30.0,,,,,,,0.0276,0.0207,41.311922,-105.581147,2021,6,25,21
West,Knight Hall,2021-06-25T22:00:00,20.0,30.0,,,,,,,0.0138,0.0207,41.311922,-105.581147,2021,6,25,22
West,Knight Hall,2021-06-25T23:00:00,30.0,30.0,,,,,,,0.0207,0.0207,41.311922,-105.581147,2021,6,25,23
West,Knight Hall,2021-06-26T00:00:00,20.0,20.0,,,,,,,0.0138,0.0138,41.311922,-105.581147,2021,6,26,0
West,Knight Hall,2021-06-26T01:00:00,30.0,30.0,,,,,,,0.0207,0.0207,41.311922,-105.581147,2021,6,26,1
West,Knight Hall,2021-06-26T02:00:00,20.0,20.0,,,,,,,0.0138,0.0138,41.311922,-105.581147,2021,6,26,2
West,Knight Hall,2021-06-26T03:00:00,30.0,30.0,,,,,,,0.0207,0.0207,41.311922,-105.581147,2021,6,26,3
West,Knight Hall,2021-06-26T04:00:00,20.0,20.0,,,,,,,0.0138,0.0138,41.311922,-105.581147,2021,6,26,4
West,Knight Hall,2021-06-26T05:00:00,30.0,30.0,,,,,,,0.0207,0.0207,41.311922,-105.581147,2021,6,26,5
West,Knight Hall,2021-06-26T06:00:00,20.0,30.0,,,,,,,0.0138,0.0207,41.311922,-105.581147,2021,6,26,6
West,Knight Hall,2021-06-26T07:00:00,30.0,40.0,,,,,,,0.0207,0.0276,41.311922,-105.581147,2021,6,26,7
West,Knight Hall,2021-06-26T08:00:00,20.0,60.0,,,,,,,0.0138,0.0414,41.311922,-105.581147,2021,6,26,8
West,Knight Hall,2021-06-26T09:00:00,30.0,70.0,,,,,,,0.0207,0.048299999999999996,41.311922,-105.581147,2021,6,26,9
West,Knight Hall,2021-06-26T10:00:00,30.0,70.0,,,,,,,0.0207,0.048299999999999996,41.311922,-105.581147,2021,6,26,10
West,Knight Hall,2021-06-26T11:00:00,30.0,70.0,,,,,,,0.0207,0.048299999999999996,41.311922,-105.581147,2021,6,26,11
West,Knight Hall,2021-06-26T12:00:00,20.0,60.0,,,,,,,0.0138,0.0414,41.311922,-105.581147,2021,6,26,12
West,Knight Hall,2021-06-26T13:00:00,30.0,60.0,,,,,,,0.0207,0.0414,41.311922,-105.581147,2021,6,26,13
West,Knight Hall,2021-06-26T14:00:00,30.0,60.0,,,,,,,0.0207,0.0414,41.311922,-105.581147,2021,6,26,14
West,Knight Hall,2021-06-26T15:00:00,30.0,60.0,,,,,,,0.0207,0.0414,41.311922,-105.581147,2021,6,26,15
West,Knight Hall,2021-06-26T16:00:00,20.0,60.0,,,,,,,0.0138,0.0414,41.311922,-105.581147,2021,6,26,16
West,Knight Hall,2021-06-26T17:00:00,30.0,40.0,,,,,,,0.0207,0.0276,41.311922,-105.581147,2021,6,26,17
West,Knight Hall,2021-06-26T18:00:00,20.0,40.0,,,,,,,0.0138,0.0276,41.311922,-105.581147,2021,6,26,18
West,Knight Hall,2021-06-26T19:00:00,30.0,30.0,,,,,,,0.0207,0.0207,41.311922,-105.581147,2021,6,26,19
West,Knight Hall,2021-06-26T20:00:00,20.0,30.0,,,,,,,0.0138,0.0207,41.311922,-105.581147,2021,6,26,20
West,Knight Hall,2021-06-26T21:00:00,30.0,40.0,,,,,,,0.0207,0.0276,41.311922,-105.581147,2021,6,26,21
West,Knight Hall,2021-06-26T22:00:00,20.0,30.0,,,,,,,0.0138,0.0207,41.311922,-105.581147,2021,6,26,22
West,Knight Hall,2021-06-26T23:00:00,30.0,20.0,,,,,,,0.0207,0.0138,41.311922,-105.581147,2021,6,26,23
West,Knight Hall,2021-06-27T00:00:00,20.0,30.0,,,,,,,0.0138,0.0207,41.311922,-105.581147,2021,6,27,0
West,Knight Hall,2021-06-27T01:00:00,30.0,30.0,,,,,,,0.0207,0.0207,41.311922,-105.581147,2021,6,27,1
West,Knight Hall,2021-06-27T02:00:00,20.0,20.0,,,,,,,0.0138,0.0138,41.311922,-105.581147,2021,6,27,2
West,Knight Hall,2021-06-27T03:00:00,20.0,30.0,,,,,,,0.0138,0.0207,41.311922,-105.581147,2021,6,27,3
West,Knight Hall,2021-06-27T04:00:00,30.0,20.0,,,,,,,0.0207,0.0138,41.311922,-105.581147,2021,6,27,4
West,Knight Hall,2021-06-27T05:00:00,20.0,30.0,,,,,,,0.0138,0.0207,41.311922,-105.581147,2021,6,27,5
West,Knight Hall,2021-06-27T06:00:00,30.0,20.0,,,,,,,0.0207,0.0138,41.311922,-105.581147,2021,6,27,6
West,Knight Hall,2021-06-27T07:00:00,20.0,30.0,,,,,,,0.0138,0.0207,41.311922,-105.581147,2021,6,27,7
West,Knight Hall,2021-06-27T08:00:00,30.0,30.0,,,,,,,0.0207,0.0207,41.311922,-105.581147,2021,6,27,8
West,Knight Hall,2021-06-27T09:00:00,30.0,30.0,,,,,,,0.0207,0.0207,41.311922,-105.581147,2021,6,27,9
West,Knight Hall,2021-06-27T10:00:00,30.0,30.0,,,,,,,0.0207,0.0207,41.311922,-105.581147,2021,6,27,10
West,Knight Hall,2021-06-27T11:00:00,20.0,30.0,,,,,,,0.0138,0.0207,41.311922,-105.581147,2021,6,27,11
West,Knight Hall,2021-06-27T12:00:00,30.0,30.0,,,,,,,0.0207,0.0207,41.311922,-105.581147,2021,6,27,12
West,Knight Hall,2021-06-27T13:00:00,30.0,30.0,,,,,,,0.0207,0.0207,41.311922,-105.581147,2021,6,27,13
West,Knight Hall,2021-06-27T14:00:00,20.0,30.0,,,,,,,0.0138,0.0207,41.311922,-105.581147,2021,6,27,14
West,Knight Hall,2021-06-27T15:00:00,30.0,30.0,,,,,,,0.0207,0.0207,41.311922,-105.581147,2021,6,27,15
West,Knight Hall,2021-06-27T16:00:00,30.0,30.0,,,,,,,0.0207,0.0207,41.311922,-105.581147,2021,6,27,16
West,Knight Hall,2021-06-27T17:00:00,20.0,20.0,,,,,,,0.0138,0.0138,41.311922,-105.581147,2021,6,27,17
West,Knight Hall,2021-06-27T18:00:00,30.0,30.0,,,,,,,0.0207,0.0207,41.311922,-105.581147,2021,6,27,18
West,Knight Hall,2021-06-27T19:00:00,20.0,20.0,,,,,,,0.0138,0.0138,41.311922,-105.581147,2021,6,27,19
West,Knight Hall,2021-06-27T20:00:00,30.0,30.0,,,,,,,0.0207,0.0207,41.311922,-105.581147,2021,6,27,20
West,Knight Hall,2021-06-27T21:00:00,30.0,30.0,,,,,,,0.0207,0.0207,41.311922,-105.581147,2021,6,27,21
West,Knight Hall,2021-06-27T22:00:00,20.0,20.0,,,,,,,0.0138,0.0138,41.311922,-105.581147,2021,6,27,22
West,Knight Hall,2021-06-27T23:00:00,30.0,30.0,,,,,,,0.0207,0.0207,41.311922,-105.581147,2021,6,27,23
West,Knight Hall,2021-06-28T00:00:00,30.0,20.0,,,,,,,0.0207,0.0138,41.311922,-105.581147,2021,6,28,0
West,Knight Hall,2021-06-28T01:00:00,20.0,30.0,,,,,,,0.0138,0.0207,41.311922,-105.581147,2021,6,28,1
West,Knight Hall,2021-06-28T02:00:00,30.0,20.0,,,,,,,0.0207,0.0138,41.311922,-105.581147,2021,6,28,2
West,Knight Hall,2021-06-28T03:00:00,30.0,30.0,,,,,,,0.0207,0.0207,41.311922,-105.581147,2021,6,28,3
West,Knight Hall,2021-06-28T04:00:00,30.0,20.0,,,,,,,0.0207,0.0138,41.311922,-105.581147,2021,6,28,4
West,Knight Hall,2021-06-28T05:00:00,30.0,30.0,,,,,,,0.0207,0.0207,41.311922,-105.581147,2021,6,28,5
West,Knight Hall,2021-06-28T06:00:00,30.0,20.0,,,,,,,0.0207,0.0138,41.311922,-105.581147,2021,6,28,6
West,Knight Hall,2021-06-28T07:00:00,40.0,30.0,,,,,,,0.0276,0.0207,41.311922,-105.581147,2021,6,28,7
West,Knight Hall,2021-06-28T08:00:00,70.0,30.0,,,,,,,0.048299999999999996,0.0207,41.311922,-105.581147,2021,6,28,8
West,Knight Hall,2021-06-28T09:00:00,70.0,20.0,,,,,,,0.048299999999999996,0.0138,41.311922,-105.581147,2021,6,28,9
West,Knight Hall,2021-06-28T10:00:00,60.0,30.0,,,,,,,0.0414,0.0207,41.311922,-105.581147,2021,6,28,10
West,Knight Hall,2021-06-28T11:00:00,70.0,30.0,,,,,,,0.048299999999999996,0.0207,41.311922,-105.581147,2021,6,28,11
West,Knight Hall,2021-06-28T12:00:00,60.0,30.0,,,,,,,0.0414,0.0207,41.311922,-105.581147,2021,6,28,12
West,Knight Hall,2021-06-28T13:00:00,70.0,30.0,,,,,,,0.048299999999999996,0.0207,41.311922,-105.581147,2021,6,28,13
West,Knight Hall,2021-06-28T14:00:00,60.0,30.0,,,,,,,0.0414,0.0207,41.311922,-105.581147,2021,6,28,14
West,Knight Hall,2021-06-28T15:00:00,70.0,20.0,,,,,,,0.048299999999999996,0.0138,41.311922,-105.581147,2021,6,28,15
West,Knight Hall,2021-06-28T16:00:00,60.0,30.0,,,,,,,0.0414,0.0207,41.311922,-105.581147,2021,6,28,16
West,Knight Hall,2021-06-28T17:00:00,50.0,20.0,,,,,,,0.034499999999999996,0.0138,41.311922,-105.581147,2021,6,28,17
West,Knight Hall,2021-06-28T18:00:00,30.0,30.0,,,,,,,0.0207,0.0207,41.311922,-105.581147,2021,6,28,18
West,Knight Hall,2021-06-28T19:00:00,40.0,30.0,,,,,,,0.0276,0.0207,41.311922,-105.581147,2021,6,28,19
West,Knight Hall,2021-06-28T20:00:00,30.0,30.0,,,,,,,0.0207,0.0207,41.311922,-105.581147,2021,6,28,20
West,Knight Hall,2021-06-28T21:00:00,30.0,20.0,,,,,,,0.0207,0.0138,41.311922,-105.581147,2021,6,28,21
West,Knight Hall,2021-06-28T22:00:00,30.0,30.0,,,,,,,0.0207,0.0207,41.311922,-105.581147,2021,6,28,22
West,Knight Hall,2021-06-28T23:00:00,30.0,20.0,,,,,,,0.0207,0.0138,41.311922,-105.581147,2021,6,28,23
West,Knight Hall,2021-06-29T00:00:00,20.0,30.0,,,,,,,0.0138,0.0207,41.311922,-105.581147,2021,6,29,0
West,Knight Hall,2021-06-29T01:00:00,30.0,20.0,,,,,,,0.0207,0.0138,41.311922,-105.581147,2021,6,29,1
West,Knight Hall,2021-06-29T02:00:00,20.0,30.0,,,,,,,0.0138,0.0207,41.311922,-105.581147,2021,6,29,2
West,Knight Hall,2021-06-29T03:00:00,30.0,30.0,,,,,,,0.0207,0.0207,41.311922,-105.581147,2021,6,29,3
West,Knight Hall,2021-06-29T04:00:00,30.0,30.0,,,,,,,0.0207,0.0207,41.311922,-105.581147,2021,6,29,4
West,Knight Hall,2021-06-29T05:00:00,20.0,20.0,,,,,,,0.0138,0.0138,41.311922,-105.581147,2021,6,29,5
West,Knight Hall,2021-06-29T06:00:00,30.0,30.0,,,,,,,0.0207,0.0207,41.311922,-105.581147,2021,6,29,6
West,Knight Hall,2021-06-29T07:00:00,50.0,50.0,,,,,,,0.034499999999999996,0.034499999999999996,41.311922,-105.581147,2021,6,29,7
West,Knight Hall,2021-06-29T08:00:00,70.0,60.0,,,,,,,0.048299999999999996,0.0414,41.311922,-105.581147,2021,6,29,8
West,Knight Hall,2021-06-29T09:00:00,70.0,70.0,,,,,,,0.048299999999999996,0.048299999999999996,41.311922,-105.581147,2021,6,29,9
West,Knight Hall,2021-06-29T10:00:00,70.0,60.0,,,,,,,0.048299999999999996,0.0414,41.311922,-105.581147,2021,6,29,10
West,Knight Hall,2021-06-29T11:00:00,70.0,70.0,,,,,,,0.048299999999999996,0.048299999999999996,41.311922,-105.581147,2021,6,29,11
West,Knight Hall,2021-06-29T12:00:00,60.0,60.0,,,,,,,0.0414,0.0414,41.311922,-105.581147,2021,6,29,12
West,Knight Hall,2021-06-29T13:00:00,70.0,60.0,,,,,,,0.048299999999999996,0.0414,41.311922,-105.581147,2021,6,29,13
West,Knight Hall,2021-06-29T14:00:00,70.0,70.0,,,,,,,0.048299999999999996,0.048299999999999996,41.311922,-105.581147,2021,6,29,14
West,Knight Hall,2021-06-29T15:00:00,70.0,60.0,,,,,,,0.048299999999999996,0.0414,41.311922,-105.581147,2021,6,29,15
West,Knight Hall,2021-06-29T16:00:00,60.0,60.0,,,,,,,0.0414,0.0414,41.311922,-105.581147,2021,6,29,16
West,Knight Hall,2021-06-29T17:00:00,40.0,40.0,,,,,,,0.0276,0.0276,41.311922,-105.581147,2021,6,29,17
West,Knight Hall,2021-06-29T18:00:00,40.0,40.0,,,,,,,0.0276,0.0276,41.311922,-105.581147,2021,6,29,18
West,Knight Hall,2021-06-29T19:00:00,40.0,40.0,,,,,,,0.0276,0.0276,41.311922,-105.581147,2021,6,29,19
West,Knight Hall,2021-06-29T20:00:00,30.0,30.0,,,,,,,0.0207,0.0207,41.311922,-105.581147,2021,6,29,20
West,Knight Hall,2021-06-29T21:00:00,30.0,30.0,,,,,,,0.0207,0.0207,41.311922,-105.581147,2021,6,29,21
West,Knight Hall,2021-06-29T22:00:00,20.0,30.0,,,,,,,0.0138,0.0207,41.311922,-105.581147,2021,6,29,22
West,Knight Hall,2021-06-29T23:00:00,30.0,30.0,,,,,,,0.0207,0.0207,41.311922,-105.581147,2021,6,29,23
West,Knight Hall,2021-06-30T00:00:00,20.0,20.0,,,,,,,0.0138,0.0138,41.311922,-105.581147,2021,6,30,0
West,Knight Hall,2021-06-30T01:00:00,30.0,30.0,,,,,,,0.0207,0.0207,41.311922,-105.581147,2021,6,30,1
West,Knight Hall,2021-06-30T02:00:00,20.0,20.0,,,,,,,0.0138,0.0138,41.311922,-105.581147,2021,6,30,2
West,Knight Hall,2021-06-30T03:00:00,30.0,30.0,,,,,,,0.0207,0.0207,41.311922,-105.581147,2021,6,30,3
West,Knight Hall,2021-06-30T04:00:00,30.0,30.0,,,,,,,0.0207,0.0207,41.311922,-105.581147,2021,6,30,4
West,Knight Hall,2021-06-30T05:00:00,20.0,20.0,,,,,,,0.0138,0.0138,41.311922,-105.581147,2021,6,30,5
West,Knight Hall,2021-06-30T06:00:00,30.0,30.0,,,,,,,0.0207,0.0207,41.311922,-105.581147,2021,6,30,6
West,Knight Hall,2021-06-30T07:00:00,40.0,50.0,,,,,,,0.0276,0.034499999999999996,41.311922,-105.581147,2021,6,30,7
West,Knight Hall,2021-06-30T08:00:00,70.0,60.0,,,,,,,0.048299999999999996,0.0414,41.311922,-105.581147,2021,6,30,8
West,Knight Hall,2021-06-30T09:00:00,70.0,60.0,,,,,,,0.048299999999999996,0.0414,41.311922,-105.581147,2021,6,30,9
West,Knight Hall,2021-06-30T10:00:00,80.0,60.0,,,,,,,0.0552,0.0414,41.311922,-105.581147,2021,6,30,10
West,Knight Hall,2021-06-30T11:00:00,70.0,70.0,,,,,,,0.048299999999999996,0.048299999999999996,41.311922,-105.581147,2021,6,30,11
West,Knight Hall,2021-06-30T12:00:00,70.0,60.0,,,,,,,0.048299999999999996,0.0414,41.311922,-105.581147,2021,6,30,12
West,Knight Hall,2021-06-30T13:00:00,70.0,60.0,,,,,,,0.048299999999999996,0.0414,41.311922,-105.581147,2021,6,30,13
West,Knight Hall,2021-06-30T14:00:00,60.0,50.0,,,,,,,0.0414,0.034499999999999996,41.311922,-105.581147,2021,6,30,14
West,Knight Hall,2021-06-30T15:00:00,70.0,60.0,,,,,,,0.048299999999999996,0.0414,41.311922,-105.581147,2021,6,30,15
West,Knight Hall,2021-06-30T16:00:00,50.0,50.0,,,,,,,0.034499999999999996,0.034499999999999996,41.311922,-105.581147,2021,6,30,16
West,Knight Hall,2021-06-30T17:00:00,50.0,40.0,,,,,,,0.034499999999999996,0.0276,41.311922,-105.581147,2021,6,30,17
West,Knight Hall,2021-06-30T18:00:00,30.0,50.0,,,,,,,0.0207,0.034499999999999996,41.311922,-105.581147,2021,6,30,18
West,Knight Hall,2021-06-30T19:00:00,40.0,30.0,,,,,,,0.0276,0.0207,41.311922,-105.581147,2021,6,30,19
West,Knight Hall,2021-06-30T20:00:00,30.0,30.0,,,,,,,0.0207,0.0207,41.311922,-105.581147,2021,6,30,20
West,Knight Hall,2021-06-30T21:00:00,30.0,30.0,,,,,,,0.0207,0.0207,41.311922,-105.581147,2021,6,30,21
West,Knight Hall,2021-06-30T22:00:00,30.0,20.0,,,,,,,0.0207,0.0138,41.311922,-105.581147,2021,6,30,22
West,Knight Hall,2021-06-30T23:00:00,30.0,30.0,,,,,,,0.0207,0.0207,41.311922,-105.581147,2021,6,30,23
West,Knight Hall,2021-07-01T00:00:00,20.0,20.0,,,31.56,,,,0.0138,0.0138,41.311922,-105.581147,2021,7,1,0
West,Knight Hall,2021-07-01T01:00:00,30.0,30.0,,,30.23,,,,0.0207,0.0207,41.311922,-105.581147,2021,7,1,1
West,Knight Hall,2021-07-01T02:00:00,20.0,20.0,,,29.58,,,,0.0138,0.0138,41.311922,-105.581147,2021,7,1,2
West,Knight Hall,2021-07-01T03:00:00,30.0,20.0,,,29.22,,,,0.0207,0.0138,41.311922,-105.581147,2021,7,1,3
West,Knight Hall,2021-07-01T04:00:00,30.0,30.0,,,29.49,,,,0.0207,0.0207,41.311922,-105.581147,2021,7,1,4
West,Knight Hall,2021-07-01T05:00:00,20.0,30.0,,,20.630000000000003,,,,0.0138,0.0207,41.311922,-105.581147,2021,7,1,5
West,Knight Hall,2021-07-01T06:00:00,30.0,30.0,,,18.52,,,,0.0207,0.0207,41.311922,-105.581147,2021,7,1,6
West,Knight Hall,2021-07-01T07:00:00,50.0,40.0,,,27.9,,,,0.034499999999999996,0.0276,41.311922,-105.581147,2021,7,1,7
West,Knight Hall,2021-07-01T08:00:00,60.0,60.0,,,76.04,,,,0.0414,0.0414,41.311922,-105.581147,2021,7,1,8
West,Knight Hall,2021-07-01T09:00:00,70.0,60.0,,,106.38,,,,0.048299999999999996,0.0414,41.311922,-105.581147,2021,7,1,9
West,Knight Hall,2021-07-01T10:00:00,70.0,70.0,,,94.83,,,,0.048299999999999996,0.048299999999999996,41.311922,-105.581147,2021,7,1,10
West,Knight Hall,2021-07-01T11:00:00,70.0,60.0,,,95.47,,,,0.048299999999999996,0.0414,41.311922,-105.581147,2021,7,1,11
West,Knight Hall,2021-07-01T12:00:00,60.0,60.0,,,82.19,,,,0.0414,0.0414,41.311922,-105.581147,2021,7,1,12
West,Knight Hall,2021-07-01T13:00:00,70.0,60.0,,,,,,,0.048299999999999996,0.0414,41.311922,-105.581147,2021,7,1,13
West,Knight Hall,2021-07-01T14:00:00,70.0,60.0,,,69.99,,,,0.048299999999999996,0.0414,41.311922,-105.581147,2021,7,1,14
West,Knight Hall,2021-07-01T15:00:00,70.0,60.0,,,71.84,,,,0.048299999999999996,0.0414,41.311922,-105.581147,2021,7,1,15
West,Knight Hall,2021-07-01T16:00:00,50.0,50.0,,,96.9,,,,0.034499999999999996,0.034499999999999996,41.311922,-105.581147,2021,7,1,16
West,Knight Hall,2021-07-01T17:00:00,50.0,50.0,,,39.59,,,,0.034499999999999996,0.034499999999999996,41.311922,-105.581147,2021,7,1,17
West,Knight Hall,2021-07-01T18:00:00,40.0,40.0,,,30.03,,,,0.0276,0.0276,41.311922,-105.581147,2021,7,1,18
West,Knight Hall,2021-07-01T19:00:00,30.0,30.0,,,43.58,,,,0.0207,0.0207,41.311922,-105.581147,2021,7,1,19
West,Knight Hall,2021-07-01T20:00:00,30.0,30.0,,,47.870000000000005,,,,0.0207,0.0207,41.311922,-105.581147,2021,7,1,20
West,Knight Hall,2021-07-01T21:00:00,40.0,30.0,,,31.74,,,,0.0276,0.0207,41.311922,-105.581147,2021,7,1,21
West,Knight Hall,2021-07-01T22:00:00,30.0,30.0,,,40.64,,,,0.0207,0.0207,41.311922,-105.581147,2021,7,1,22
West,Knight Hall,2021-07-01T23:00:00,20.0,20.0,,,54.22,,,,0.0138,0.0138,41.311922,-105.581147,2021,7,1,23
West,Knight Hall,2021-07-02T00:00:00,30.0,30.0,,,32.510000000000005,,,,0.0207,0.0207,41.311922,-105.581147,2021,7,2,0
West,Knight Hall,2021-07-02T01:00:00,20.0,20.0,,,30.44,,,,0.0138,0.0138,41.311922,-105.581147,2021,7,2,1
West,Knight Hall,2021-07-02T02:00:00,30.0,20.0,,,26.82,,,,0.0207,0.0138,41.311922,-105.581147,2021,7,2,2
West,Knight Hall,2021-07-02T03:00:00,20.0,30.0,,,26.74,,,,0.0138,0.0207,41.311922,-105.581147,2021,7,2,3
West,Knight Hall,2021-07-02T04:00:00,30.0,20.0,,,26.5,,,,0.0207,0.0138,41.311922,-105.581147,2021,7,2,4
West,Knight Hall,2021-07-02T05:00:00,30.0,30.0,,,18.630000000000003,,,,0.0207,0.0207,41.311922,-105.581147,2021,7,2,5
West,Knight Hall,2021-07-02T06:00:00,20.0,30.0,,,9.12,,,,0.0138,0.0207,41.311922,-105.581147,2021,7,2,6
West,Knight Hall,2021-07-02T07:00:00,50.0,50.0,,,13.76,,,,0.034499999999999996,0.034499999999999996,41.311922,-105.581147,2021,7,2,7
West,Knight Hall,2021-07-02T08:00:00,60.0,60.0,,,58.220000000000006,,,,0.0414,0.0414,41.311922,-105.581147,2021,7,2,8
West,Knight Hall,2021-07-02T09:00:00,60.0,70.0,,,72.75,,,,0.0414,0.048299999999999996,41.311922,-105.581147,2021,7,2,9
West,Knight Hall,2021-07-02T10:00:00,60.0,60.0,,,66.8,,,,0.0414,0.0414,41.311922,-105.581147,2021,7,2,10
West,Knight Hall,2021-07-02T11:00:00,60.0,60.0,,,62.1,,,,0.0414,0.0414,41.311922,-105.581147,2021,7,2,11
West,Knight Hall,2021-07-02T12:00:00,60.0,60.0,,,39.82,,,,0.0414,0.0414,41.311922,-105.581147,2021,7,2,12
West,Knight Hall,2021-07-02T13:00:00,70.0,60.0,,,46.66,,,,0.048299999999999996,0.0414,41.311922,-105.581147,2021,7,2,13
West,Knight Hall,2021-07-02T14:00:00,60.0,60.0,,,46.42,,,,0.0414,0.0414,41.311922,-105.581147,2021,7,2,14
West,Knight Hall,2021-07-02T15:00:00,60.0,60.0,,,38.51,,,,0.0414,0.0414,41.311922,-105.581147,2021,7,2,15
West,Knight Hall,2021-07-02T16:00:00,40.0,50.0,,,37.82,,,,0.0276,0.034499999999999996,41.311922,-105.581147,2021,7,2,16
West,Knight Hall,2021-07-02T17:00:00,40.0,50.0,,,22.73,,,,0.0276,0.034499999999999996,41.311922,-105.581147,2021,7,2,17
West,Knight Hall,2021-07-02T18:00:00,40.0,30.0,,,23.91,,,,0.0276,0.0207,41.311922,-105.581147,2021,7,2,18
West,Knight Hall,2021-07-02T19:00:00,30.0,40.0,,,51.64,,,,0.0207,0.0276,41.311922,-105.581147,2021,7,2,19
West,Knight Hall,2021-07-02T20:00:00,30.0,30.0,,,20.29,,,,0.0207,0.0207,41.311922,-105.581147,2021,7,2,20
West,Knight Hall,2021-07-02T21:00:00,30.0,30.0,,,30.9,,,,0.0207,0.0207,41.311922,-105.581147,2021,7,2,21
West,Knight Hall,2021-07-02T22:00:00,30.0,30.0,,,33.25000000000001,,,,0.0207,0.0207,41.311922,-105.581147,2021,7,2,22
West,Knight Hall,2021-07-02T23:00:00,30.0,20.0,,,31.82,,,,0.0207,0.0138,41.311922,-105.581147,2021,7,2,23
West,Knight Hall,2021-07-03T00:00:00,20.0,30.0,,,18.67,,,,0.0138,0.0207,41.311922,-105.581147,2021,7,3,0
West,Knight Hall,2021-07-03T01:00:00,30.0,20.0,,,27.770000000000003,,,,0.0207,0.0138,41.311922,-105.581147,2021,7,3,1
West,Knight Hall,2021-07-03T02:00:00,20.0,30.0,,,80.47000000000001,,,,0.0138,0.0207,41.311922,-105.581147,2021,7,3,2
West,Knight Hall,2021-07-03T03:00:00,30.0,20.0,,,47.35000000000001,,,,0.0207,0.0138,41.311922,-105.581147,2021,7,3,3
West,Knight Hall,2021-07-03T04:00:00,20.0,30.0,,,18.8,,,,0.0138,0.0207,41.311922,-105.581147,2021,7,3,4
West,Knight Hall,2021-07-03T05:00:00,30.0,30.0,,,17.27,,,,0.0207,0.0207,41.311922,-105.581147,2021,7,3,5
West,Knight Hall,2021-07-03T06:00:00,20.0,30.0,,,15.259999999999998,,,,0.0138,0.0207,41.311922,-105.581147,2021,7,3,6
West,Knight Hall,2021-07-03T07:00:00,30.0,30.0,,,15.4,,,,0.0207,0.0207,41.311922,-105.581147,2021,7,3,7
West,Knight Hall,2021-07-03T08:00:00,30.0,30.0,,,20.27,,,,0.0207,0.0207,41.311922,-105.581147,2021,7,3,8
West,Knight Hall,2021-07-03T09:00:00,30.0,40.0,,,41.23,,,,0.0207,0.0276,41.311922,-105.581147,2021,7,3,9
West,Knight Hall,2021-07-03T10:00:00,30.0,30.0,,,28.22,,,,0.0207,0.0207,41.311922,-105.581147,2021,7,3,10
West,Knight Hall,2021-07-03T11:00:00,30.0,30.0,,,12.57,,,,0.0207,0.0207,41.311922,-105.581147,2021,7,3,11
West,Knight Hall,2021-07-03T12:00:00,30.0,30.0,,,15.27,,,,0.0207,0.0207,41.311922,-105.581147,2021,7,3,12
West,Knight Hall,2021-07-03T13:00:00,20.0,30.0,,,1.6,,,,0.0138,0.0207,41.311922,-105.581147,2021,7,3,13
West,Knight Hall,2021-07-03T14:00:00,30.0,30.0,,,0.76,,,,0.0207,0.0207,41.311922,-105.581147,2021,7,3,14
West,Knight Hall,2021-07-03T15:00:00,30.0,30.0,,,0.6900000000000001,,,,0.0207,0.0207,41.311922,-105.581147,2021,7,3,15
West,Knight Hall,2021-07-03T16:00:00,30.0,30.0,,,0.6,,,,0.0207,0.0207,41.311922,-105.581147,2021,7,3,16
West,Knight Hall,2021-07-03T17:00:00,20.0,30.0,,,0.8200000000000001,,,,0.0138,0.0207,41.311922,-105.581147,2021,7,3,17
West,Knight Hall,2021-07-03T18:00:00,30.0,30.0,,,0.6900000000000001,,,,0.0207,0.0207,41.311922,-105.581147,2021,7,3,18
West,Knight Hall,2021-07-03T19:00:00,20.0,30.0,,,0.41,,,,0.0138,0.0207,41.311922,-105.581147,2021,7,3,19
West,Knight Hall,2021-07-03T20:00:00,30.0,20.0,,,0.75,,,,0.0207,0.0138,41.311922,-105.581147,2021,7,3,20
West,Knight Hall,2021-07-03T21:00:00,30.0,30.0,,,0.48,,,,0.0207,0.0207,41.311922,-105.581147,2021,7,3,21
West,Knight Hall,2021-07-03T22:00:00,20.0,20.0,,,1.01,,,,0.0138,0.0138,41.311922,-105.581147,2021,7,3,22
West,Knight Hall,2021-07-03T23:00:00,30.0,30.0,,,0.6200000000000001,,,,0.0207,0.0207,41.311922,-105.581147,2021,7,3,23
West,Knight Hall,2021-07-04T00:00:00,20.0,20.0,,,0.8999999999999999,,,,0.0138,0.0138,41.311922,-105.581147,2021,7,4,0
West,Knight Hall,2021-07-04T01:00:00,30.0,30.0,,,0.78,,,,0.0207,0.0207,41.311922,-105.581147,2021,7,4,1
West,Knight Hall,2021-07-04T02:00:00,20.0,20.0,,,1.17,,,,0.0138,0.0138,41.311922,-105.581147,2021,7,4,2
West,Knight Hall,2021-07-04T03:00:00,30.0,30.0,,,0.78,,,,0.0207,0.0207,41.311922,-105.581147,2021,7,4,3
West,Knight Hall,2021-07-04T04:00:00,20.0,20.0,,,0.73,,,,0.0138,0.0138,41.311922,-105.581147,2021,7,4,4
West,Knight Hall,2021-07-04T05:00:00,30.0,30.0,,,0.76,,,,0.0207,0.0207,41.311922,-105.581147,2021,7,4,5
West,Knight Hall,2021-07-04T06:00:00,20.0,20.0,,,1.01,,,,0.0138,0.0138,41.311922,-105.581147,2021,7,4,6
West,Knight Hall,2021-07-04T07:00:00,30.0,30.0,,,1.36,,,,0.0207,0.0207,41.311922,-105.581147,2021,7,4,7
West,Knight Hall,2021-07-04T08:00:00,30.0,20.0,,,0.65,,,,0.0207,0.0138,41.311922,-105.581147,2021,7,4,8
West,Knight Hall,2021-07-04T09:00:00,20.0,30.0,,,1.23,,,,0.0138,0.0207,41.311922,-105.581147,2021,7,4,9
West,Knight Hall,2021-07-04T10:00:00,30.0,30.0,,,0.37,,,,0.0207,0.0207,41.311922,-105.581147,2021,7,4,10
West,Knight Hall,2021-07-04T11:00:00,30.0,30.0,,,14.66,,,,0.0207,0.0207,41.311922,-105.581147,2021,7,4,11
West,Knight Hall,2021-07-04T12:00:00,30.0,30.0,,,4.529999999999999,,,,0.0207,0.0207,41.311922,-105.581147,2021,7,4,12
West,Knight Hall,2021-07-04T13:00:00,30.0,30.0,,,0.43,,,,0.0207,0.0207,41.311922,-105.581147,2021,7,4,13
West,Knight Hall,2021-07-04T14:00:00,30.0,30.0,,,0.52,,,,0.0207,0.0207,41.311922,-105.581147,2021,7,4,14
West,Knight Hall,2021-07-04T15:00:00,30.0,30.0,,,0.65,,,,0.0207,0.0207,41.311922,-105.581147,2021,7,4,15
West,Knight Hall,2021-07-04T16:00:00,30.0,30.0,,,0.47,,,,0.0207,0.0207,41.311922,-105.581147,2021,7,4,16
West,Knight Hall,2021-07-04T17:00:00,20.0,30.0,,,0.48,,,,0.0138,0.0207,41.311922,-105.581147,2021,7,4,17
West,Knight Hall,2021-07-04T18:00:00,30.0,20.0,,,0.56,,,,0.0207,0.0138,41.311922,-105.581147,2021,7,4,18
West,Knight Hall,2021-07-04T19:00:00,20.0,30.0,,,0.4499999999999999,,,,0.0138,0.0207,41.311922,-105.581147,2021,7,4,19
West,Knight Hall,2021-07-04T20:00:00,30.0,30.0,,,0.65,,,,0.0207,0.0207,41.311922,-105.581147,2021,7,4,20
West,Knight Hall,2021-07-04T21:00:00,20.0,30.0,,,0.86,,,,0.0138,0.0207,41.311922,-105.581147,2021,7,4,21
West,Knight Hall,2021-07-04T22:00:00,30.0,20.0,,,1.04,,,,0.0207,0.0138,41.311922,-105.581147,2021,7,4,22
West,Knight Hall,2021-07-04T23:00:00,20.0,30.0,,,0.6,,,,0.0138,0.0207,41.311922,-105.581147,2021,7,4,23
West,Knight Hall,2021-07-05T00:00:00,30.0,20.0,,,0.7100000000000001,,,,0.0207,0.0138,41.311922,-105.581147,2021,7,5,0
West,Knight Hall,2021-07-05T01:00:00,30.0,20.0,,,0.73,,,,0.0207,0.0138,41.311922,-105.581147,2021,7,5,1
West,Knight Hall,2021-07-05T02:00:00,20.0,30.0,,,0.62,,,,0.0138,0.0207,41.311922,-105.581147,2021,7,5,2
West,Knight Hall,2021-07-05T03:00:00,30.0,20.0,,,0.67,,,,0.0207,0.0138,41.311922,-105.581147,2021,7,5,3
West,Knight Hall,2021-07-05T04:00:00,20.0,30.0,,,0.54,,,,0.0138,0.0207,41.311922,-105.581147,2021,7,5,4
West,Knight Hall,2021-07-05T05:00:00,30.0,20.0,,,0.5800000000000001,,,,0.0207,0.0138,41.311922,-105.581147,2021,7,5,5
West,Knight Hall,2021-07-05T06:00:00,30.0,30.0,,,4.72,,,,0.0207,0.0207,41.311922,-105.581147,2021,7,5,6
West,Knight Hall,2021-07-05T07:00:00,20.0,20.0,,,20.74,,,,0.0138,0.0138,41.311922,-105.581147,2021,7,5,7
West,Knight Hall,2021-07-05T08:00:00,30.0,30.0,,,18.950000000000003,,,,0.0207,0.0207,41.311922,-105.581147,2021,7,5,8
West,Knight Hall,2021-07-05T09:00:00,40.0,30.0,,,1.96,,,,0.0276,0.0207,41.311922,-105.581147,2021,7,5,9
West,Knight Hall,2021-07-05T10:00:00,30.0,20.0,,,14.68,,,,0.0207,0.0138,41.311922,-105.581147,2021,7,5,10
West,Knight Hall,2021-07-05T11:00:00,30.0,30.0,,,6.290000000000001,,,,0.0207,0.0207,41.311922,-105.581147,2021,7,5,11
West,Knight Hall,2021-07-05T12:00:00,30.0,30.0,,,0.35,,,,0.0207,0.0207,41.311922,-105.581147,2021,7,5,12
West,Knight Hall,2021-07-05T13:00:00,30.0,30.0,,,0.45,,,,0.0207,0.0207,41.311922,-105.581147,2021,7,5,13
West,Knight Hall,2021-07-05T14:00:00,30.0,20.0,,,0.3,,,,0.0207,0.0138,41.311922,-105.581147,2021,7,5,14
West,Knight Hall,2021-07-05T15:00:00,30.0,30.0,,,0.32,,,,0.0207,0.0207,41.311922,-105.581147,2021,7,5,15
West,Knight Hall,2021-07-05T16:00:00,30.0,30.0,,,15.27,,,,0.0207,0.0207,41.311922,-105.581147,2021,7,5,16
West,Knight Hall,2021-07-05T17:00:00,30.0,20.0,,,7.72,,,,0.0207,0.0138,41.311922,-105.581147,2021,7,5,17
West,Knight Hall,2021-07-05T18:00:00,30.0,20.0,,,17.4,,,,0.0207,0.0138,41.311922,-105.581147,2021,7,5,18
West,Knight Hall,2021-07-05T19:00:00,20.0,30.0,,,17.64,,,,0.0138,0.0207,41.311922,-105.581147,2021,7,5,19
West,Knight Hall,2021-07-05T20:00:00,30.0,20.0,,,21.75,,,,0.0207,0.0138,41.311922,-105.581147,2021,7,5,20
West,Knight Hall,2021-07-05T21:00:00,20.0,30.0,,,27.01,,,,0.0138,0.0207,41.311922,-105.581147,2021,7,5,21
West,Knight Hall,2021-07-05T22:00:00,30.0,20.0,,,20.24,,,,0.0207,0.0138,41.311922,-105.581147,2021,7,5,22
West,Knight Hall,2021-07-05T23:00:00,20.0,30.0,,,19.58,,,,0.0138,0.0207,41.311922,-105.581147,2021,7,5,23
West,Knight Hall,2021-07-06T00:00:00,30.0,20.0,,,13.24,,,,0.0207,0.0138,41.311922,-105.581147,2021,7,6,0
West,Knight Hall,2021-07-06T01:00:00,20.0,20.0,,,12.59,,,,0.0138,0.0138,41.311922,-105.581147,2021,7,6,1
West,Knight Hall,2021-07-06T02:00:00,30.0,30.0,,,12.2,,,,0.0207,0.0207,41.311922,-105.581147,2021,7,6,2
West,Knight Hall,2021-07-06T03:00:00,20.0,20.0,,,12.14,,,,0.0138,0.0138,41.311922,-105.581147,2021,7,6,3
West,Knight Hall,2021-07-06T04:00:00,30.0,30.0,,,11.58,,,,0.0207,0.0207,41.311922,-105.581147,2021,7,6,4
West,Knight Hall,2021-07-06T05:00:00,30.0,30.0,,,2.8,,,,0.0207,0.0207,41.311922,-105.581147,2021,7,6,5
West,Knight Hall,2021-07-06T06:00:00,20.0,30.0,,,0.86,,,,0.0138,0.0207,41.311922,-105.581147,2021,7,6,6
West,Knight Hall,2021-07-06T07:00:00,50.0,40.0,,,35.16,,,,0.034499999999999996,0.0276,41.311922,-105.581147,2021,7,6,7
West,Knight Hall,2021-07-06T08:00:00,60.0,50.0,,,68.22,,,,0.0414,0.034499999999999996,41.311922,-105.581147,2021,7,6,8
West,Knight Hall,2021-07-06T09:00:00,70.0,60.0,,,100.04,,,,0.048299999999999996,0.0414,41.311922,-105.581147,2021,7,6,9
West,Knight Hall,2021-07-06T10:00:00,70.0,60.0,,,86.85,,,,0.048299999999999996,0.0414,41.311922,-105.581147,2021,7,6,10
West,Knight Hall,2021-07-06T11:00:00,70.0,60.0,,,105.86,,,,0.048299999999999996,0.0414,41.311922,-105.581147,2021,7,6,11
West,Knight Hall,2021-07-06T12:00:00,70.0,60.0,,,67.21,,,,0.048299999999999996,0.0414,41.311922,-105.581147,2021,7,6,12
West,Knight Hall,2021-07-06T13:00:00,70.0,60.0,,,80.19,,,,0.048299999999999996,0.0414,41.311922,-105.581147,2021,7,6,13
West,Knight Hall,2021-07-06T14:00:00,70.0,50.0,,,70.89,,,,0.048299999999999996,0.034499999999999996,41.311922,-105.581147,2021,7,6,14
West,Knight Hall,2021-07-06T15:00:00,70.0,60.0,,,52.52,,,,0.048299999999999996,0.0414,41.311922,-105.581147,2021,7,6,15
West,Knight Hall,2021-07-06T16:00:00,60.0,50.0,,,44.67,,,,0.0414,0.034499999999999996,41.311922,-105.581147,2021,7,6,16
West,Knight Hall,2021-07-06T17:00:00,50.0,40.0,,,37.08,,,,0.034499999999999996,0.0276,41.311922,-105.581147,2021,7,6,17
West,Knight Hall,2021-07-06T18:00:00,40.0,40.0,,,27.83,,,,0.0276,0.0276,41.311922,-105.581147,2021,7,6,18
West,Knight Hall,2021-07-06T19:00:00,40.0,30.0,,,33.83,,,,0.0276,0.0207,41.311922,-105.581147,2021,7,6,19
West,Knight Hall,2021-07-06T20:00:00,30.0,20.0,,,14.580000000000002,,,,0.0207,0.0138,41.311922,-105.581147,2021,7,6,20
West,Knight Hall,2021-07-06T21:00:00,40.0,30.0,,,25.25,,,,0.0276,0.0207,41.311922,-105.581147,2021,7,6,21
West,Knight Hall,2021-07-06T22:00:00,30.0,30.0,,,22.12,,,,0.0207,0.0207,41.311922,-105.581147,2021,7,6,22
West,Knight Hall,2021-07-06T23:00:00,30.0,30.0,,,32.94,,,,0.0207,0.0207,41.311922,-105.581147,2021,7,6,23
West,Knight Hall,2021-07-07T00:00:00,20.0,20.0,,,10.44,,,,0.0138,0.0138,41.311922,-105.581147,2021,7,7,0
West,Knight Hall,2021-07-07T01:00:00,30.0,20.0,,,19.08,,,,0.0207,0.0138,41.311922,-105.581147,2021,7,7,1
West,Knight Hall,2021-07-07T02:00:00,30.0,30.0,,,88.21,,,,0.0207,0.0207,41.311922,-105.581147,2021,7,7,2
West,Knight Hall,2021-07-07T03:00:00,20.0,20.0,,,38.38000000000001,,,,0.0138,0.0138,41.311922,-105.581147,2021,7,7,3
West,Knight Hall,2021-07-07T04:00:00,30.0,30.0,,,8.19,,,,0.0207,0.0207,41.311922,-105.581147,2021,7,7,4
West,Knight Hall,2021-07-07T05:00:00,30.0,30.0,,,3.13,,,,0.0207,0.0207,41.311922,-105.581147,2021,7,7,5
West,Knight Hall,2021-07-07T06:00:00,30.0,30.0,,,0.45,,,,0.0207,0.0207,41.311922,-105.581147,2021,7,7,6
West,Knight Hall,2021-07-07T07:00:00,50.0,40.0,,,2.26,,,,0.034499999999999996,0.0276,41.311922,-105.581147,2021,7,7,7
West,Knight Hall,2021-07-07T08:00:00,70.0,60.0,,,85.17,,,,0.048299999999999996,0.0414,41.311922,-105.581147,2021,7,7,8
West,Knight Hall,2021-07-07T09:00:00,80.0,60.0,,,126.65,,,,0.0552,0.0414,41.311922,-105.581147,2021,7,7,9
West,Knight Hall,2021-07-07T10:00:00,70.0,60.0,,,90.45,,,,0.048299999999999996,0.0414,41.311922,-105.581147,2021,7,7,10
West,Knight Hall,2021-07-07T11:00:00,80.0,60.0,,,104.18,,,,0.0552,0.0414,41.311922,-105.581147,2021,7,7,11
West,Knight Hall,2021-07-07T12:00:00,80.0,60.0,,,70.93,,,,0.0552,0.0414,41.311922,-105.581147,2021,7,7,12
West,Knight Hall,2021-07-07T13:00:00,70.0,60.0,,,26.950000000000003,,,,0.048299999999999996,0.0414,41.311922,-105.581147,2021,7,7,13
West,Knight Hall,2021-07-07T14:00:00,80.0,60.0,,,57.5,,,,0.0552,0.0414,41.311922,-105.581147,2021,7,7,14
West,Knight Hall,2021-07-07T15:00:00,70.0,60.0,,,83.81,,,,0.048299999999999996,0.0414,41.311922,-105.581147,2021,7,7,15
West,Knight Hall,2021-07-07T16:00:00,60.0,50.0,,,63.76,,,,0.0414,0.034499999999999996,41.311922,-105.581147,2021,7,7,16
West,Knight Hall,2021-07-07T17:00:00,50.0,50.0,,,19.04,,,,0.034499999999999996,0.034499999999999996,41.311922,-105.581147,2021,7,7,17
West,Knight Hall,2021-07-07T18:00:00,50.0,40.0,,,56.73,,,,0.034499999999999996,0.0276,41.311922,-105.581147,2021,7,7,18
West,Knight Hall,2021-07-07T19:00:00,30.0,30.0,,,30.68,,,,0.0207,0.0207,41.311922,-105.581147,2021,7,7,19
West,Knight Hall,2021-07-07T20:00:00,40.0,30.0,,,23.69,,,,0.0276,0.0207,41.311922,-105.581147,2021,7,7,20
West,Knight Hall,2021-07-07T21:00:00,40.0,30.0,,,12.79,,,,0.0276,0.0207,41.311922,-105.581147,2021,7,7,21
West,Knight Hall,2021-07-07T22:00:00,30.0,30.0,,,29.08,,,,0.0207,0.0207,41.311922,-105.581147,2021,7,7,22
West,Knight Hall,2021-07-07T23:00:00,20.0,30.0,,,13.13,,,,0.0138,0.0207,41.311922,-105.581147,2021,7,7,23
West,Knight Hall,2021-07-08T00:00:00,30.0,20.0,,,12.16,,,,0.0207,0.0138,41.311922,-105.581147,2021,7,8,0
West,Knight Hall,2021-07-08T01:00:00,20.0,30.0,,,7.35,,,,0.0138,0.0207,41.311922,-105.581147,2021,7,8,1
West,Knight Hall,2021-07-08T02:00:00,30.0,20.0,,,6.75,,,,0.0207,0.0138,41.311922,-105.581147,2021,7,8,2
West,Knight Hall,2021-07-08T03:00:00,30.0,30.0,,,8.77,,,,0.0207,0.0207,41.311922,-105.581147,2021,7,8,3
West,Knight Hall,2021-07-08T04:00:00,20.0,20.0,,,7.649999999999999,,,,0.0138,0.0138,41.311922,-105.581147,2021,7,8,4
West,Knight Hall,2021-07-08T05:00:00,30.0,30.0,,,9.06,,,,0.0207,0.0207,41.311922,-105.581147,2021,7,8,5
West,Knight Hall,2021-07-08T06:00:00,30.0,30.0,,,5.24,,,,0.0207,0.0207,41.311922,-105.581147,2021,7,8,6
West,Knight Hall,2021-07-08T07:00:00,50.0,40.0,,,14.88,,,,0.034499999999999996,0.0276,41.311922,-105.581147,2021,7,8,7
West,Knight Hall,2021-07-08T08:00:00,60.0,70.0,,,83.03000000000002,,,,0.0414,0.048299999999999996,41.311922,-105.581147,2021,7,8,8
West,Knight Hall,2021-07-08T09:00:00,70.0,60.0,,,82.92,,,,0.048299999999999996,0.0414,41.311922,-105.581147,2021,7,8,9
West,Knight Hall,2021-07-08T10:00:00,70.0,70.0,,,61.36,,,,0.048299999999999996,0.048299999999999996,41.311922,-105.581147,2021,7,8,10
West,Knight Hall,2021-07-08T11:00:00,70.0,60.0,,,60.56,,,,0.048299999999999996,0.0414,41.311922,-105.581147,2021,7,8,11
West,Knight Hall,2021-07-08T12:00:00,70.0,70.0,,,34.71,,,,0.048299999999999996,0.048299999999999996,41.311922,-105.581147,2021,7,8,12
West,Knight Hall,2021-07-08T13:00:00,70.0,60.0,,,62.35,,,,0.048299999999999996,0.0414,41.311922,-105.581147,2021,7,8,13
West,Knight Hall,2021-07-08T14:00:00,70.0,70.0,,,70.05,,,,0.048299999999999996,0.048299999999999996,41.311922,-105.581147,2021,7,8,14
West,Knight Hall,2021-07-08T15:00:00,70.0,60.0,,,35.94,,,,0.048299999999999996,0.0414,41.311922,-105.581147,2021,7,8,15
West,Knight Hall,2021-07-08T16:00:00,60.0,50.0,,,28.42,,,,0.0414,0.034499999999999996,41.311922,-105.581147,2021,7,8,16
West,Knight Hall,2021-07-08T17:00:00,50.0,50.0,,,33.349999999999994,,,,0.034499999999999996,0.034499999999999996,41.311922,-105.581147,2021,7,8,17
West,Knight Hall,2021-07-08T18:00:00,40.0,30.0,,,6.709999999999999,,,,0.0276,0.0207,41.311922,-105.581147,2021,7,8,18
West,Knight Hall,2021-07-08T19:00:00,30.0,40.0,,,15.739999999999998,,,,0.0207,0.0276,41.311922,-105.581147,2021,7,8,19
West,Knight Hall,2021-07-08T20:00:00,30.0,30.0,,,0.95,,,,0.0207,0.0207,41.311922,-105.581147,2021,7,8,20
West,Knight Hall,2021-07-08T21:00:00,30.0,30.0,,,8.08,,,,0.0207,0.0207,41.311922,-105.581147,2021,7,8,21
West,Knight Hall,2021-07-08T22:00:00,40.0,30.0,,,19.84,,,,0.0276,0.0207,41.311922,-105.581147,2021,7,8,22
West,Knight Hall,2021-07-08T23:00:00,20.0,20.0,,,5.02,,,,0.0138,0.0138,41.311922,-105.581147,2021,7,8,23
West,Knight Hall,2021-07-09T00:00:00,30.0,30.0,,,0.35,,,,0.0207,0.0207,41.311922,-105.581147,2021,7,9,0
West,Knight Hall,2021-07-09T01:00:00,30.0,20.0,,,0.39,,,,0.0207,0.0138,41.311922,-105.581147,2021,7,9,1
West,Knight Hall,2021-07-09T02:00:00,20.0,30.0,,,0.35,,,,0.0138,0.0207,41.311922,-105.581147,2021,7,9,2
West,Knight Hall,2021-07-09T03:00:00,30.0,20.0,,,,,,,0.0207,0.0138,41.311922,-105.581147,2021,7,9,3
West,Knight Hall,2021-07-09T04:00:00,30.0,30.0,,,0.65,,,,0.0207,0.0207,41.311922,-105.581147,2021,7,9,4
West,Knight Hall,2021-07-09T05:00:00,30.0,30.0,,,0.1699999999999999,,,,0.0207,0.0207,41.311922,-105.581147,2021,7,9,5
West,Knight Hall,2021-07-09T06:00:00,30.0,30.0,,,0.3399999999999999,,,,0.0207,0.0207,41.311922,-105.581147,2021,7,9,6
West,Knight Hall,2021-07-09T07:00:00,40.0,40.0,,,56.84,,,,0.0276,0.0276,41.311922,-105.581147,2021,7,9,7
West,Knight Hall,2021-07-09T08:00:00,70.0,70.0,,,27.15,,,,0.048299999999999996,0.048299999999999996,41.311922,-105.581147,2021,7,9,8
West,Knight Hall,2021-07-09T09:00:00,70.0,60.0,,,62.44,,,,0.048299999999999996,0.0414,41.311922,-105.581147,2021,7,9,9
West,Knight Hall,2021-07-09T10:00:00,70.0,60.0,,,64.58,,,,0.048299999999999996,0.0414,41.311922,-105.581147,2021,7,9,10
West,Knight Hall,2021-07-09T11:00:00,70.0,70.0,,,122.26999999999998,,,,0.048299999999999996,0.048299999999999996,41.311922,-105.581147,2021,7,9,11
West,Knight Hall,2021-07-09T12:00:00,70.0,60.0,,,66.69,,,,0.048299999999999996,0.0414,41.311922,-105.581147,2021,7,9,12
West,Knight Hall,2021-07-09T13:00:00,70.0,60.0,,,19.43,,,,0.048299999999999996,0.0414,41.311922,-105.581147,2021,7,9,13
West,Knight Hall,2021-07-09T14:00:00,70.0,60.0,,,25.92,,,,0.048299999999999996,0.0414,41.311922,-105.581147,2021,7,9,14
West,Knight Hall,2021-07-09T15:00:00,60.0,60.0,,,115.59,,,,0.0414,0.0414,41.311922,-105.581147,2021,7,9,15
West,Knight Hall,2021-07-09T16:00:00,60.0,50.0,,,204.92,,,,0.0414,0.034499999999999996,41.311922,-105.581147,2021,7,9,16
West,Knight Hall,2021-07-09T17:00:00,40.0,50.0,,,168.17,,,,0.0276,0.034499999999999996,41.311922,-105.581147,2021,7,9,17
West,Knight Hall,2021-07-09T18:00:00,30.0,50.0,,,176.35,,,,0.0207,0.034499999999999996,41.311922,-105.581147,2021,7,9,18
West,Knight Hall,2021-07-09T19:00:00,40.0,30.0,,,58.02,,,,0.0276,0.0207,41.311922,-105.581147,2021,7,9,19
West,Knight Hall,2021-07-09T20:00:00,30.0,30.0,,,0.52,,,,0.0207,0.0207,41.311922,-105.581147,2021,7,9,20
West,Knight Hall,2021-07-09T21:00:00,30.0,30.0,,,4.2700000000000005,,,,0.0207,0.0207,41.311922,-105.581147,2021,7,9,21
West,Knight Hall,2021-07-09T22:00:00,30.0,30.0,,,3.66,,,,0.0207,0.0207,41.311922,-105.581147,2021,7,9,22
West,Knight Hall,2021-07-09T23:00:00,30.0,30.0,,,1.27,,,,0.0207,0.0207,41.311922,-105.581147,2021,7,9,23
West,Knight Hall,2021-07-10T00:00:00,20.0,20.0,,,0.3,,,,0.0138,0.0138,41.311922,-105.581147,2021,7,10,0
West,Knight Hall,2021-07-10T01:00:00,30.0,30.0,,,6.2700000000000005,,,,0.0207,0.0207,41.311922,-105.581147,2021,7,10,1
West,Knight Hall,2021-07-10T02:00:00,20.0,30.0,,,12.27,,,,0.0138,0.0207,41.311922,-105.581147,2021,7,10,2
West,Knight Hall,2021-07-10T03:00:00,30.0,20.0,,,13.02,,,,0.0207,0.0138,41.311922,-105.581147,2021,7,10,3
West,Knight Hall,2021-07-10T04:00:00,20.0,30.0,,,0.22,,,,0.0138,0.0207,41.311922,-105.581147,2021,7,10,4
West,Knight Hall,2021-07-10T05:00:00,30.0,30.0,,,,,,,0.0207,0.0207,41.311922,-105.581147,2021,7,10,5
West,Knight Hall,2021-07-10T06:00:00,20.0,30.0,,,0.26,,,,0.0138,0.0207,41.311922,-105.581147,2021,7,10,6
West,Knight Hall,2021-07-10T07:00:00,30.0,50.0,,,,,,,0.0207,0.034499999999999996,41.311922,-105.581147,2021,7,10,7
West,Knight Hall,2021-07-10T08:00:00,30.0,50.0,,,2.5700000000000003,,,,0.0207,0.034499999999999996,41.311922,-105.581147,2021,7,10,8
West,Knight Hall,2021-07-10T09:00:00,30.0,60.0,,,0.37,,,,0.0207,0.0414,41.311922,-105.581147,2021,7,10,9
West,Knight Hall,2021-07-10T10:00:00,20.0,60.0,,,0.15,,,,0.0138,0.0414,41.311922,-105.581147,2021,7,10,10
West,Knight Hall,2021-07-10T11:00:00,40.0,60.0,,,0.28,,,,0.0276,0.0414,41.311922,-105.581147,2021,7,10,11
West,Knight Hall,2021-07-10T12:00:00,30.0,60.0,,,,,,,0.0207,0.0414,41.311922,-105.581147,2021,7,10,12
West,Knight Hall,2021-07-10T13:00:00,30.0,50.0,,,2.26,,,,0.0207,0.034499999999999996,41.311922,-105.581147,2021,7,10,13
West,Knight Hall,2021-07-10T14:00:00,20.0,60.0,,,,,,,0.0138,0.0414,41.311922,-105.581147,2021,7,10,14
West,Knight Hall,2021-07-10T15:00:00,30.0,60.0,,,0.17,,,,0.0207,0.0414,41.311922,-105.581147,2021,7,10,15
West,Knight Hall,2021-07-10T16:00:00,30.0,50.0,,,,,,,0.0207,0.034499999999999996,41.311922,-105.581147,2021,7,10,16
West,Knight Hall,2021-07-10T17:00:00,30.0,40.0,,,0.19,,,,0.0207,0.0276,41.311922,-105.581147,2021,7,10,17
West,Knight Hall,2021-07-10T18:00:00,20.0,40.0,,,,,,,0.0138,0.0276,41.311922,-105.581147,2021,7,10,18
West,Knight Hall,2021-07-10T19:00:00,30.0,30.0,,,0.39,,,,0.0207,0.0207,41.311922,-105.581147,2021,7,10,19
West,Knight Hall,2021-07-10T20:00:00,20.0,30.0,,,,,,,0.0138,0.0207,41.311922,-105.581147,2021,7,10,20
West,Knight Hall,2021-07-10T21:00:00,30.0,30.0,,,0.56,,,,0.0207,0.0207,41.311922,-105.581147,2021,7,10,21
West,Knight Hall,2021-07-10T22:00:00,20.0,30.0,,,0.22,,,,0.0138,0.0207,41.311922,-105.581147,2021,7,10,22
West,Knight Hall,2021-07-10T23:00:00,30.0,30.0,,,,,,,0.0207,0.0207,41.311922,-105.581147,2021,7,10,23
West,Knight Hall,2021-07-11T00:00:00,20.0,20.0,,,0.24,,,,0.0138,0.0138,41.311922,-105.581147,2021,7,11,0
West,Knight Hall,2021-07-11T01:00:00,30.0,30.0,,,,,,,0.0207,0.0207,41.311922,-105.581147,2021,7,11,1
West,Knight Hall,2021-07-11T02:00:00,30.0,20.0,,,0.22,,,,0.0207,0.0138,41.311922,-105.581147,2021,7,11,2
West,Knight Hall,2021-07-11T03:00:00,20.0,30.0,,,,,,,0.0138,0.0207,41.311922,-105.581147,2021,7,11,3
West,Knight Hall,2021-07-11T04:00:00,30.0,30.0,,,,,,,0.0207,0.0207,41.311922,-105.581147,2021,7,11,4
West,Knight Hall,2021-07-11T05:00:00,20.0,20.0,,,0.22,,,,0.0138,0.0138,41.311922,-105.581147,2021,7,11,5
West,Knight Hall,2021-07-11T06:00:00,30.0,30.0,,,,,,,0.0207,0.0207,41.311922,-105.581147,2021,7,11,6
West,Knight Hall,2021-07-11T07:00:00,20.0,20.0,,,0.28,,,,0.0138,0.0138,41.311922,-105.581147,2021,7,11,7
West,Knight Hall,2021-07-11T08:00:00,30.0,40.0,,,,,,,0.0207,0.0276,41.311922,-105.581147,2021,7,11,8
West,Knight Hall,2021-07-11T09:00:00,30.0,30.0,,,,,,,0.0207,0.0207,41.311922,-105.581147,2021,7,11,9
West,Knight Hall,2021-07-11T10:00:00,30.0,30.0,,,0.47,,,,0.0207,0.0207,41.311922,-105.581147,2021,7,11,10
West,Knight Hall,2021-07-11T11:00:00,20.0,30.0,,,0.04,,,,0.0138,0.0207,41.311922,-105.581147,2021,7,11,11
West,Knight Hall,2021-07-11T12:00:00,30.0,30.0,,,0.13,,,,0.0207,0.0207,41.311922,-105.581147,2021,7,11,12
West,Knight Hall,2021-07-11T13:00:00,30.0,20.0,,,,,,,0.0207,0.0138,41.311922,-105.581147,2021,7,11,13
West,Knight Hall,2021-07-11T14:00:00,30.0,30.0,,,,,,,0.0207,0.0207,41.311922,-105.581147,2021,7,11,14
West,Knight Hall,2021-07-11T15:00:00,30.0,30.0,,,0.19,,,,0.0207,0.0207,41.311922,-105.581147,2021,7,11,15
West,Knight Hall,2021-07-11T16:00:00,30.0,30.0,,,2.78,,,,0.0207,0.0207,41.311922,-105.581147,2021,7,11,16
West,Knight Hall,2021-07-11T17:00:00,30.0,30.0,,,3.79,,,,0.0207,0.0207,41.311922,-105.581147,2021,7,11,17
West,Knight Hall,2021-07-11T18:00:00,20.0,20.0,,,2.2,,,,0.0138,0.0138,41.311922,-105.581147,2021,7,11,18
West,Knight Hall,2021-07-11T19:00:00,30.0,30.0,,,,,,,0.0207,0.0207,41.311922,-105.581147,2021,7,11,19
West,Knight Hall,2021-07-11T20:00:00,20.0,30.0,,,,,,,0.0138,0.0207,41.311922,-105.581147,2021,7,11,20
West,Knight Hall,2021-07-11T21:00:00,30.0,20.0,,,0.32,,,,0.0207,0.0138,41.311922,-105.581147,2021,7,11,21
West,Knight Hall,2021-07-11T22:00:00,30.0,30.0,,,,,,,0.0207,0.0207,41.311922,-105.581147,2021,7,11,22
West,Knight Hall,2021-07-11T23:00:00,20.0,30.0,,,0.22,,,,0.0138,0.0207,41.311922,-105.581147,2021,7,11,23
West,Knight Hall,2021-07-12T00:00:00,30.0,20.0,,,,,,,0.0207,0.0138,41.311922,-105.581147,2021,7,12,0
West,Knight Hall,2021-07-12T01:00:00,20.0,30.0,,,,,,,0.0138,0.0207,41.311922,-105.581147,2021,7,12,1
West,Knight Hall,2021-07-12T02:00:00,30.0,30.0,,,0.26,,,,0.0207,0.0207,41.311922,-105.581147,2021,7,12,2
West,Knight Hall,2021-07-12T03:00:00,30.0,20.0,,,,,,,0.0207,0.0138,41.311922,-105.581147,2021,7,12,3
West,Knight Hall,2021-07-12T04:00:00,20.0,30.0,,,,,,,0.0138,0.0207,41.311922,-105.581147,2021,7,12,4
West,Knight Hall,2021-07-12T05:00:00,30.0,30.0,,,0.15,,,,0.0207,0.0207,41.311922,-105.581147,2021,7,12,5
West,Knight Hall,2021-07-12T06:00:00,30.0,20.0,,,,,,,0.0207,0.0138,41.311922,-105.581147,2021,7,12,6
West,Knight Hall,2021-07-12T07:00:00,40.0,30.0,,,13.32,,,,0.0276,0.0207,41.311922,-105.581147,2021,7,12,7
West,Knight Hall,2021-07-12T08:00:00,70.0,30.0,,,34.35,,,,0.048299999999999996,0.0207,41.311922,-105.581147,2021,7,12,8
West,Knight Hall,2021-07-12T09:00:00,70.0,30.0,,,70.66,,,,0.048299999999999996,0.0207,41.311922,-105.581147,2021,7,12,9
West,Knight Hall,2021-07-12T10:00:00,80.0,30.0,,,36.86999999999999,,,,0.0552,0.0207,41.311922,-105.581147,2021,7,12,10
West,Knight Hall,2021-07-12T11:00:00,70.0,20.0,,,37.56,,,,0.048299999999999996,0.0138,41.311922,-105.581147,2021,7,12,11
West,Knight Hall,2021-07-12T12:00:00,70.0,30.0,,,53.73,,,,0.048299999999999996,0.0207,41.311922,-105.581147,2021,7,12,12
West,Knight Hall,2021-07-12T13:00:00,80.0,30.0,,,34.33,,,,0.0552,0.0207,41.311922,-105.581147,2021,7,12,13
West,Knight Hall,2021-07-12T14:00:00,70.0,30.0,,,33.18000000000001,,,,0.048299999999999996,0.0207,41.311922,-105.581147,2021,7,12,14
West,Knight Hall,2021-07-12T15:00:00,70.0,40.0,,,26.48,,,,0.048299999999999996,0.0276,41.311922,-105.581147,2021,7,12,15
West,Knight Hall,2021-07-12T16:00:00,60.0,30.0,,,38.21000000000001,,,,0.0414,0.0207,41.311922,-105.581147,2021,7,12,16
West,Knight Hall,2021-07-12T17:00:00,50.0,30.0,,,29.08,,,,0.034499999999999996,0.0207,41.311922,-105.581147,2021,7,12,17
West,Knight Hall,2021-07-12T18:00:00,40.0,30.0,,,23.61,,,,0.0276,0.0207,41.311922,-105.581147,2021,7,12,18
West,Knight Hall,2021-07-12T19:00:00,40.0,30.0,,,5.52,,,,0.0276,0.0207,41.311922,-105.581147,2021,7,12,19
West,Knight Hall,2021-07-12T20:00:00,30.0,30.0,,,19.32,,,,0.0207,0.0207,41.311922,-105.581147,2021,7,12,20
West,Knight Hall,2021-07-12T21:00:00,30.0,20.0,,,1.9,,,,0.0207,0.0138,41.311922,-105.581147,2021,7,12,21
West,Knight Hall,2021-07-12T22:00:00,30.0,30.0,,,3.1,,,,0.0207,0.0207,41.311922,-105.581147,2021,7,12,22
West,Knight Hall,2021-07-12T23:00:00,30.0,20.0,,,,,,,0.0207,0.0138,41.311922,-105.581147,2021,7,12,23
West,Knight Hall,2021-07-13T00:00:00,30.0,30.0,,,0.48,,,,0.0207,0.0207,41.311922,-105.581147,2021,7,13,0
West,Knight Hall,2021-07-13T01:00:00,30.0,20.0,,,0.3,,,,0.0207,0.0138,41.311922,-105.581147,2021,7,13,1
West,Knight Hall,2021-07-13T02:00:00,30.0,30.0,,,,,,,0.0207,0.0207,41.311922,-105.581147,2021,7,13,2
West,Knight Hall,2021-07-13T03:00:00,30.0,20.0,,,0.3,,,,0.0207,0.0138,41.311922,-105.581147,2021,7,13,3
West,Knight Hall,2021-07-13T04:00:00,30.0,30.0,,,0.3,,,,0.0207,0.0207,41.311922,-105.581147,2021,7,13,4
West,Knight Hall,2021-07-13T05:00:00,30.0,30.0,,,0.34,,,,0.0207,0.0207,41.311922,-105.581147,2021,7,13,5
West,Knight Hall,2021-07-13T06:00:00,30.0,30.0,,,0.22,,,,0.0207,0.0207,41.311922,-105.581147,2021,7,13,6
West,Knight Hall,2021-07-13T07:00:00,50.0,40.0,,,17.750000000000004,,,,0.034499999999999996,0.0276,41.311922,-105.581147,2021,7,13,7
West,Knight Hall,2021-07-13T08:00:00,70.0,60.0,,,50.69,,,,0.048299999999999996,0.0414,41.311922,-105.581147,2021,7,13,8
West,Knight Hall,2021-07-13T09:00:00,80.0,70.0,,,63.02,,,,0.0552,0.048299999999999996,41.311922,-105.581147,2021,7,13,9
West,Knight Hall,2021-07-13T10:00:00,80.0,60.0,,,75.2,,,,0.0552,0.0414,41.311922,-105.581147,2021,7,13,10
West,Knight Hall,2021-07-13T11:00:00,70.0,70.0,,,56.64,,,,0.048299999999999996,0.048299999999999996,41.311922,-105.581147,2021,7,13,11
West,Knight Hall,2021-07-13T12:00:00,80.0,60.0,,,40.66,,,,0.0552,0.0414,41.311922,-105.581147,2021,7,13,12
West,Knight Hall,2021-07-13T13:00:00,70.0,60.0,,,43.4,,,,0.048299999999999996,0.0414,41.311922,-105.581147,2021,7,13,13
West,Knight Hall,2021-07-13T14:00:00,70.0,60.0,,,46.77,,,,0.048299999999999996,0.0414,41.311922,-105.581147,2021,7,13,14
West,Knight Hall,2021-07-13T15:00:00,70.0,60.0,,,38.05,,,,0.048299999999999996,0.0414,41.311922,-105.581147,2021,7,13,15
West,Knight Hall,2021-07-13T16:00:00,70.0,50.0,,,41.37,,,,0.048299999999999996,0.034499999999999996,41.311922,-105.581147,2021,7,13,16
West,Knight Hall,2021-07-13T17:00:00,40.0,40.0,,,29.73,,,,0.0276,0.0276,41.311922,-105.581147,2021,7,13,17
West,Knight Hall,2021-07-13T18:00:00,50.0,40.0,,,29.88,,,,0.034499999999999996,0.0276,41.311922,-105.581147,2021,7,13,18
West,Knight Hall,2021-07-13T19:00:00,30.0,30.0,,,31.54,,,,0.0207,0.0207,41.311922,-105.581147,2021,7,13,19
West,Knight Hall,2021-07-13T20:00:00,40.0,30.0,,,13.09,,,,0.0276,0.0207,41.311922,-105.581147,2021,7,13,20
West,Knight Hall,2021-07-13T21:00:00,30.0,30.0,,,12.12,,,,0.0207,0.0207,41.311922,-105.581147,2021,7,13,21
West,Knight Hall,2021-07-13T22:00:00,30.0,30.0,,,16.490000000000002,,,,0.0207,0.0207,41.311922,-105.581147,2021,7,13,22
West,Knight Hall,2021-07-13T23:00:00,30.0,30.0,,,12.59,,,,0.0207,0.0207,41.311922,-105.581147,2021,7,13,23
West,Knight Hall,2021-07-14T00:00:00,30.0,30.0,,,4.4,,,,0.0207,0.0207,41.311922,-105.581147,2021,7,14,0
West,Knight Hall,2021-07-14T01:00:00,30.0,20.0,,,12.66,,,,0.0207,0.0138,41.311922,-105.581147,2021,7,14,1
West,Knight Hall,2021-07-14T02:00:00,20.0,30.0,,,24.97,,,,0.0138,0.0207,41.311922,-105.581147,2021,7,14,2
West,Knight Hall,2021-07-14T03:00:00,30.0,30.0,,,21.99,,,,0.0207,0.0207,41.311922,-105.581147,2021,7,14,3
West,Knight Hall,2021-07-14T04:00:00,30.0,30.0,,,6.75,,,,0.0207,0.0207,41.311922,-105.581147,2021,7,14,4
West,Knight Hall,2021-07-14T05:00:00,30.0,30.0,,,3.45,,,,0.0207,0.0207,41.311922,-105.581147,2021,7,14,5
West,Knight Hall,2021-07-14T06:00:00,30.0,30.0,,,4.03,,,,0.0207,0.0207,41.311922,-105.581147,2021,7,14,6
West,Knight Hall,2021-07-14T07:00:00,40.0,40.0,,,29.54,,,,0.0276,0.0276,41.311922,-105.581147,2021,7,14,7
West,Knight Hall,2021-07-14T08:00:00,70.0,60.0,,,71.26,,,,0.048299999999999996,0.0414,41.311922,-105.581147,2021,7,14,8
West,Knight Hall,2021-07-14T09:00:00,70.0,70.0,,,67.4,,,,0.048299999999999996,0.048299999999999996,41.311922,-105.581147,2021,7,14,9
West,Knight Hall,2021-07-14T10:00:00,80.0,60.0,,,64.86,,,,0.0552,0.0414,41.311922,-105.581147,2021,7,14,10
West,Knight Hall,2021-07-14T11:00:00,70.0,70.0,,,72.16,,,,0.048299999999999996,0.048299999999999996,41.311922,-105.581147,2021,7,14,11
West,Knight Hall,2021-07-14T12:00:00,70.0,60.0,,,37.28,,,,0.048299999999999996,0.0414,41.311922,-105.581147,2021,7,14,12
West,Knight Hall,2021-07-14T13:00:00,80.0,60.0,,,12.61,,,,0.0552,0.0414,41.311922,-105.581147,2021,7,14,13
West,Knight Hall,2021-07-14T14:00:00,70.0,60.0,,,58.11,,,,0.048299999999999996,0.0414,41.311922,-105.581147,2021,7,14,14
West,Knight Hall,2021-07-14T15:00:00,70.0,60.0,,,56.86,,,,0.048299999999999996,0.0414,41.311922,-105.581147,2021,7,14,15
West,Knight Hall,2021-07-14T16:00:00,70.0,60.0,,,21.39,,,,0.048299999999999996,0.0414,41.311922,-105.581147,2021,7,14,16
West,Knight Hall,2021-07-14T17:00:00,40.0,40.0,,,46.74,,,,0.0276,0.0276,41.311922,-105.581147,2021,7,14,17
West,Knight Hall,2021-07-14T18:00:00,40.0,30.0,,,18.78,,,,0.0276,0.0207,41.311922,-105.581147,2021,7,14,18
West,Knight Hall,2021-07-14T19:00:00,40.0,40.0,,,21.76,,,,0.0276,0.0276,41.311922,-105.581147,2021,7,14,19
West,Knight Hall,2021-07-14T20:00:00,40.0,30.0,,,3.71,,,,0.0276,0.0207,41.311922,-105.581147,2021,7,14,20
West,Knight Hall,2021-07-14T21:00:00,30.0,30.0,,,0.41,,,,0.0207,0.0207,41.311922,-105.581147,2021,7,14,21
West,Knight Hall,2021-07-14T22:00:00,30.0,20.0,,,15.48,,,,0.0207,0.0138,41.311922,-105.581147,2021,7,14,22
West,Knight Hall,2021-07-14T23:00:00,30.0,30.0,,,0.47,,,,0.0207,0.0207,41.311922,-105.581147,2021,7,14,23
West,Knight Hall,2021-07-15T00:00:00,20.0,30.0,,,,,,,0.0138,0.0207,41.311922,-105.581147,2021,7,15,0
West,Knight Hall,2021-07-15T01:00:00,30.0,20.0,,,,,,,0.0207,0.0138,41.311922,-105.581147,2021,7,15,1
West,Knight Hall,2021-07-15T02:00:00,30.0,30.0,,,0.43,,,,0.0207,0.0207,41.311922,-105.581147,2021,7,15,2
West,Knight Hall,2021-07-15T03:00:00,20.0,20.0,,,0.54,,,,0.0138,0.0138,41.311922,-105.581147,2021,7,15,3
West,Knight Hall,2021-07-15T04:00:00,30.0,30.0,,,,,,,0.0207,0.0207,41.311922,-105.581147,2021,7,15,4
West,Knight Hall,2021-07-15T05:00:00,30.0,30.0,,,,,,,0.0207,0.0207,41.311922,-105.581147,2021,7,15,5
West,Knight Hall,2021-07-15T06:00:00,30.0,30.0,,,0.15,,,,0.0207,0.0207,41.311922,-105.581147,2021,7,15,6
West,Knight Hall,2021-07-15T07:00:00,50.0,40.0,,,8.6,,,,0.034499999999999996,0.0276,41.311922,-105.581147,2021,7,15,7
West,Knight Hall,2021-07-15T08:00:00,70.0,60.0,,,140.3,,,,0.048299999999999996,0.0414,41.311922,-105.581147,2021,7,15,8
West,Knight Hall,2021-07-15T09:00:00,80.0,60.0,,,69.81,,,,0.0552,0.0414,41.311922,-105.581147,2021,7,15,9
West,Knight Hall,2021-07-15T10:00:00,80.0,70.0,,,61.02,,,,0.0552,0.048299999999999996,41.311922,-105.581147,2021,7,15,10
West,Knight Hall,2021-07-15T11:00:00,70.0,60.0,,,51.12,,,,0.048299999999999996,0.0414,41.311922,-105.581147,2021,7,15,11
West,Knight Hall,2021-07-15T12:00:00,80.0,60.0,,,38.61,,,,0.0552,0.0414,41.311922,-105.581147,2021,7,15,12
West,Knight Hall,2021-07-15T13:00:00,70.0,60.0,,,79.24,,,,0.048299999999999996,0.0414,41.311922,-105.581147,2021,7,15,13
West,Knight Hall,2021-07-15T14:00:00,80.0,60.0,,,108.52,,,,0.0552,0.0414,41.311922,-105.581147,2021,7,15,14
West,Knight Hall,2021-07-15T15:00:00,70.0,70.0,,,109.03000000000002,,,,0.048299999999999996,0.048299999999999996,41.311922,-105.581147,2021,7,15,15
West,Knight Hall,2021-07-15T16:00:00,70.0,50.0,,,36.72,,,,0.048299999999999996,0.034499999999999996,41.311922,-105.581147,2021,7,15,16
West,Knight Hall,2021-07-15T17:00:00,50.0,50.0,,,10.65,,,,0.034499999999999996,0.034499999999999996,41.311922,-105.581147,2021,7,15,17
West,Knight Hall,2021-07-15T18:00:00,40.0,40.0,,,13.78,,,,0.0276,0.0276,41.311922,-105.581147,2021,7,15,18
West,Knight Hall,2021-07-15T19:00:00,40.0,30.0,,,54.38,,,,0.0276,0.0207,41.311922,-105.581147,2021,7,15,19
West,Knight Hall,2021-07-15T20:00:00,40.0,40.0,,,36.5,,,,0.0276,0.0276,41.311922,-105.581147,2021,7,15,20
West,Knight Hall,2021-07-15T21:00:00,30.0,30.0,,,4.18,,,,0.0207,0.0207,41.311922,-105.581147,2021,7,15,21
West,Knight Hall,2021-07-15T22:00:00,40.0,30.0,,,22.04,,,,0.0276,0.0207,41.311922,-105.581147,2021,7,15,22
West,Knight Hall,2021-07-15T23:00:00,30.0,20.0,,,2.41,,,,0.0207,0.0138,41.311922,-105.581147,2021,7,15,23
West,Knight Hall,2021-07-16T00:00:00,30.0,30.0,,,2.16,,,,0.0207,0.0207,41.311922,-105.581147,2021,7,16,0
West,Knight Hall,2021-07-16T01:00:00,30.0,30.0,,,2.0700000000000003,,,,0.0207,0.0207,41.311922,-105.581147,2021,7,16,1
West,Knight Hall,2021-07-16T02:00:00,30.0,20.0,,,2.0,,,,0.0207,0.0138,41.311922,-105.581147,2021,7,16,2
West,Knight Hall,2021-07-16T03:00:00,30.0,30.0,,,1.73,,,,0.0207,0.0207,41.311922,-105.581147,2021,7,16,3
West,Knight Hall,2021-07-16T04:00:00,30.0,30.0,,,2.0700000000000003,,,,0.0207,0.0207,41.311922,-105.581147,2021,7,16,4
West,Knight Hall,2021-07-16T05:00:00,30.0,30.0,,,1.04,,,,0.0207,0.0207,41.311922,-105.581147,2021,7,16,5
West,Knight Hall,2021-07-16T06:00:00,40.0,30.0,,,1.12,,,,0.0276,0.0207,41.311922,-105.581147,2021,7,16,6
West,Knight Hall,2021-07-16T07:00:00,50.0,40.0,,,8.02,,,,0.034499999999999996,0.0276,41.311922,-105.581147,2021,7,16,7
West,Knight Hall,2021-07-16T08:00:00,70.0,60.0,,,46.85,,,,0.048299999999999996,0.0414,41.311922,-105.581147,2021,7,16,8
West,Knight Hall,2021-07-16T09:00:00,70.0,70.0,,,176.77999999999997,,,,0.048299999999999996,0.048299999999999996,41.311922,-105.581147,2021,7,16,9
West,Knight Hall,2021-07-16T10:00:00,80.0,60.0,,,230.61,,,,0.0552,0.0414,41.311922,-105.581147,2021,7,16,10
West,Knight Hall,2021-07-16T11:00:00,70.0,60.0,,,,,,,0.048299999999999996,0.0414,41.311922,-105.581147,2021,7,16,11
West,Knight Hall,2021-07-16T12:00:00,70.0,60.0,,,181.41,,,,0.048299999999999996,0.0414,41.311922,-105.581147,2021,7,16,12
West,Knight Hall,2021-07-16T13:00:00,70.0,60.0,,,73.52,,,,0.048299999999999996,0.0414,41.311922,-105.581147,2021,7,16,13
West,Knight Hall,2021-07-16T14:00:00,70.0,70.0,,,35.73,,,,0.048299999999999996,0.048299999999999996,41.311922,-105.581147,2021,7,16,14
West,Knight Hall,2021-07-16T15:00:00,70.0,60.0,,,25.83,,,,0.048299999999999996,0.0414,41.311922,-105.581147,2021,7,16,15
West,Knight Hall,2021-07-16T16:00:00,60.0,50.0,,,33.64,,,,0.0414,0.034499999999999996,41.311922,-105.581147,2021,7,16,16
West,Knight Hall,2021-07-16T17:00:00,50.0,50.0,,,17.1,,,,0.034499999999999996,0.034499999999999996,41.311922,-105.581147,2021,7,16,17
West,Knight Hall,2021-07-16T18:00:00,40.0,40.0,,,4.92,,,,0.0276,0.0276,41.311922,-105.581147,2021,7,16,18
West,Knight Hall,2021-07-16T19:00:00,40.0,40.0,,,27.71,,,,0.0276,0.0276,41.311922,-105.581147,2021,7,16,19
West,Knight Hall,2021-07-16T20:00:00,40.0,30.0,,,8.34,,,,0.0276,0.0207,41.311922,-105.581147,2021,7,16,20
West,Knight Hall,2021-07-16T21:00:00,30.0,30.0,,,18.48,,,,0.0207,0.0207,41.311922,-105.581147,2021,7,16,21
West,Knight Hall,2021-07-16T22:00:00,30.0,30.0,,,13.88,,,,0.0207,0.0207,41.311922,-105.581147,2021,7,16,22
West,Knight Hall,2021-07-16T23:00:00,30.0,30.0,,,1.12,,,,0.0207,0.0207,41.311922,-105.581147,2021,7,16,23
West,Knight Hall,2021-07-17T00:00:00,30.0,20.0,,,0.75,,,,0.0207,0.0138,41.311922,-105.581147,2021,7,17,0
West,Knight Hall,2021-07-17T01:00:00,30.0,30.0,,,6.32,,,,0.0207,0.0207,41.311922,-105.581147,2021,7,17,1
West,Knight Hall,2021-07-17T02:00:00,30.0,20.0,,,20.2,,,,0.0207,0.0138,41.311922,-105.581147,2021,7,17,2
West,Knight Hall,2021-07-17T03:00:00,30.0,30.0,,,16.580000000000002,,,,0.0207,0.0207,41.311922,-105.581147,2021,7,17,3
West,Knight Hall,2021-07-17T04:00:00,30.0,30.0,,,0.43,,,,0.0207,0.0207,41.311922,-105.581147,2021,7,17,4
West,Knight Hall,2021-07-17T05:00:00,30.0,30.0,,,0.47,,,,0.0207,0.0207,41.311922,-105.581147,2021,7,17,5
West,Knight Hall,2021-07-17T06:00:00,20.0,30.0,,,0.47,,,,0.0138,0.0207,41.311922,-105.581147,2021,7,17,6
West,Knight Hall,2021-07-17T07:00:00,30.0,50.0,,,0.43,,,,0.0207,0.034499999999999996,41.311922,-105.581147,2021,7,17,7
West,Knight Hall,2021-07-17T08:00:00,30.0,60.0,,,0.75,,,,0.0207,0.0414,41.311922,-105.581147,2021,7,17,8
West,Knight Hall,2021-07-17T09:00:00,40.0,70.0,,,,,,,0.0276,0.048299999999999996,41.311922,-105.581147,2021,7,17,9
West,Knight Hall,2021-07-17T10:00:00,30.0,70.0,,,0.26,,,,0.0207,0.048299999999999996,41.311922,-105.581147,2021,7,17,10
West,Knight Hall,2021-07-17T11:00:00,30.0,60.0,,,0.5800000000000001,,,,0.0207,0.0414,41.311922,-105.581147,2021,7,17,11
West,Knight Hall,2021-07-17T12:00:00,40.0,60.0,,,,,,,0.0276,0.0414,41.311922,-105.581147,2021,7,17,12
West,Knight Hall,2021-07-17T13:00:00,30.0,70.0,,,0.32,,,,0.0207,0.048299999999999996,41.311922,-105.581147,2021,7,17,13
West,Knight Hall,2021-07-17T14:00:00,30.0,50.0,,,0.24,,,,0.0207,0.034499999999999996,41.311922,-105.581147,2021,7,17,14
West,Knight Hall,2021-07-17T15:00:00,40.0,60.0,,,,,,,0.0276,0.0414,41.311922,-105.581147,2021,7,17,15
West,Knight Hall,2021-07-17T16:00:00,30.0,50.0,,,0.71,,,,0.0207,0.034499999999999996,41.311922,-105.581147,2021,7,17,16
West,Knight Hall,2021-07-17T17:00:00,30.0,40.0,,,,,,,0.0207,0.0276,41.311922,-105.581147,2021,7,17,17
West,Knight Hall,2021-07-17T18:00:00,30.0,30.0,,,0.54,,,,0.0207,0.0207,41.311922,-105.581147,2021,7,17,18
West,Knight Hall,2021-07-17T19:00:00,30.0,30.0,,,,,,,0.0207,0.0207,41.311922,-105.581147,2021,7,17,19
West,Knight Hall,2021-07-17T20:00:00,30.0,30.0,,,0.17,,,,0.0207,0.0207,41.311922,-105.581147,2021,7,17,20
West,Knight Hall,2021-07-17T21:00:00,30.0,30.0,,,0.63,,,,0.0207,0.0207,41.311922,-105.581147,2021,7,17,21
West,Knight Hall,2021-07-17T22:00:00,30.0,30.0,,,,,,,0.0207,0.0207,41.311922,-105.581147,2021,7,17,22
West,Knight Hall,2021-07-17T23:00:00,20.0,20.0,,,0.26,,,,0.0138,0.0138,41.311922,-105.581147,2021,7,17,23
West,Knight Hall,2021-07-18T00:00:00,40.0,30.0,,,,,,,0.0276,0.0207,41.311922,-105.581147,2021,7,18,0
West,Knight Hall,2021-07-18T01:00:00,20.0,20.0,,,0.28,,,,0.0138,0.0138,41.311922,-105.581147,2021,7,18,1
West,Knight Hall,2021-07-18T02:00:00,30.0,30.0,,,,,,,0.0207,0.0207,41.311922,-105.581147,2021,7,18,2
West,Knight Hall,2021-07-18T03:00:00,30.0,20.0,,,0.3,,,,0.0207,0.0138,41.311922,-105.581147,2021,7,18,3
West,Knight Hall,2021-07-18T04:00:00,30.0,30.0,,,,,,,0.0207,0.0207,41.311922,-105.581147,2021,7,18,4
West,Knight Hall,2021-07-18T05:00:00,30.0,20.0,,,0.4499999999999999,,,,0.0207,0.0138,41.311922,-105.581147,2021,7,18,5
West,Knight Hall,2021-07-18T06:00:00,30.0,30.0,,,,,,,0.0207,0.0207,41.311922,-105.581147,2021,7,18,6
West,Knight Hall,2021-07-18T07:00:00,30.0,20.0,,,0.32,,,,0.0207,0.0138,41.311922,-105.581147,2021,7,18,7
West,Knight Hall,2021-07-18T08:00:00,30.0,30.0,,,0.24,,,,0.0207,0.0207,41.311922,-105.581147,2021,7,18,8
West,Knight Hall,2021-07-18T09:00:00,40.0,30.0,,,3.77,,,,0.0276,0.0207,41.311922,-105.581147,2021,7,18,9
West,Knight Hall,2021-07-18T10:00:00,30.0,30.0,,,,,,,0.0207,0.0207,41.311922,-105.581147,2021,7,18,10
West,Knight Hall,2021-07-18T11:00:00,40.0,30.0,,,0.37,,,,0.0276,0.0207,41.311922,-105.581147,2021,7,18,11
West,Knight Hall,2021-07-18T12:00:00,30.0,30.0,,,,,,,0.0207,0.0207,41.311922,-105.581147,2021,7,18,12
West,Knight Hall,2021-07-18T13:00:00,30.0,30.0,,,,,,,0.0207,0.0207,41.311922,-105.581147,2021,7,18,13
West,Knight Hall,2021-07-18T14:00:00,40.0,30.0,,,0.22,,,,0.0276,0.0207,41.311922,-105.581147,2021,7,18,14
West,Knight Hall,2021-07-18T15:00:00,30.0,30.0,,,0.95,,,,0.0207,0.0207,41.311922,-105.581147,2021,7,18,15
West,Knight Hall,2021-07-18T16:00:00,30.0,20.0,,,3.3,,,,0.0207,0.0138,41.311922,-105.581147,2021,7,18,16
West,Knight Hall,2021-07-18T17:00:00,30.0,30.0,,,0.71,,,,0.0207,0.0207,41.311922,-105.581147,2021,7,18,17
West,Knight Hall,2021-07-18T18:00:00,40.0,20.0,,,0.47,,,,0.0276,0.0138,41.311922,-105.581147,2021,7,18,18
West,Knight Hall,2021-07-18T19:00:00,30.0,30.0,,,1.32,,,,0.0207,0.0207,41.311922,-105.581147,2021,7,18,19
West,Knight Hall,2021-07-18T20:00:00,30.0,20.0,,,0.47,,,,0.0207,0.0138,41.311922,-105.581147,2021,7,18,20
West,Knight Hall,2021-07-18T21:00:00,30.0,20.0,,,0.73,,,,0.0207,0.0138,41.311922,-105.581147,2021,7,18,21
West,Knight Hall,2021-07-18T22:00:00,30.0,30.0,,,,,,,0.0207,0.0207,41.311922,-105.581147,2021,7,18,22
West,Knight Hall,2021-07-18T23:00:00,30.0,20.0,,,,,,,0.0207,0.0138,41.311922,-105.581147,2021,7,18,23
West,Knight Hall,2021-07-19T00:00:00,30.0,30.0,,,0.4499999999999999,,,,0.0207,0.0207,41.311922,-105.581147,2021,7,19,0
West,Knight Hall,2021-07-19T01:00:00,30.0,30.0,,,,,,,0.0207,0.0207,41.311922,-105.581147,2021,7,19,1
West,Knight Hall,2021-07-19T02:00:00,30.0,20.0,,,0.48,,,,0.0207,0.0138,41.311922,-105.581147,2021,7,19,2
West,Knight Hall,2021-07-19T03:00:00,30.0,30.0,,,,,,,0.0207,0.0207,41.311922,-105.581147,2021,7,19,3
West,Knight Hall,2021-07-19T04:00:00,30.0,20.0,,,,,,,0.0207,0.0138,41.311922,-105.581147,2021,7,19,4
West,Knight Hall,2021-07-19T05:00:00,40.0,30.0,,,0.41,,,,0.0276,0.0207,41.311922,-105.581147,2021,7,19,5
West,Knight Hall,2021-07-19T06:00:00,30.0,20.0,,,2.76,,,,0.0207,0.0138,41.311922,-105.581147,2021,7,19,6
West,Knight Hall,2021-07-19T07:00:00,50.0,30.0,,,6.859999999999999,,,,0.034499999999999996,0.0207,41.311922,-105.581147,2021,7,19,7
West,Knight Hall,2021-07-19T08:00:00,80.0,30.0,,,47.3,,,,0.0552,0.0207,41.311922,-105.581147,2021,7,19,8
West,Knight Hall,2021-07-19T09:00:00,80.0,30.0,,,84.41,,,,0.0552,0.0207,41.311922,-105.581147,2021,7,19,9
West,Knight Hall,2021-07-19T10:00:00,80.0,30.0,,,74.32,,,,0.0552,0.0207,41.311922,-105.581147,2021,7,19,10
West,Knight Hall,2021-07-19T11:00:00,80.0,30.0,,,54.76,,,,0.0552,0.0207,41.311922,-105.581147,2021,7,19,11
West,Knight Hall,2021-07-19T12:00:00,80.0,20.0,,,53.15,,,,0.0552,0.0138,41.311922,-105.581147,2021,7,19,12
West,Knight Hall,2021-07-19T13:00:00,70.0,30.0,,,31.43,,,,0.048299999999999996,0.0207,41.311922,-105.581147,2021,7,19,13
West,Knight Hall,2021-07-19T14:00:00,80.0,30.0,,,47.11,,,,0.0552,0.0207,41.311922,-105.581147,2021,7,19,14
West,Knight Hall,2021-07-19T15:00:00,80.0,30.0,,,40.690000000000005,,,,0.0552,0.0207,41.311922,-105.581147,2021,7,19,15
West,Knight Hall,2021-07-19T16:00:00,80.0,20.0,,,48.45,,,,0.0552,0.0138,41.311922,-105.581147,2021,7,19,16
West,Knight Hall,2021-07-19T17:00:00,50.0,30.0,,,35.21,,,,0.034499999999999996,0.0207,41.311922,-105.581147,2021,7,19,17
West,Knight Hall,2021-07-19T18:00:00,50.0,30.0,,,51.29,,,,0.034499999999999996,0.0207,41.311922,-105.581147,2021,7,19,18
West,Knight Hall,2021-07-19T19:00:00,40.0,20.0,,,4.2700000000000005,,,,0.0276,0.0138,41.311922,-105.581147,2021,7,19,19
West,Knight Hall,2021-07-19T20:00:00,40.0,30.0,,,7.699999999999999,,,,0.0276,0.0207,41.311922,-105.581147,2021,7,19,20
West,Knight Hall,2021-07-19T21:00:00,30.0,20.0,,,8.9,,,,0.0207,0.0138,41.311922,-105.581147,2021,7,19,21
West,Knight Hall,2021-07-19T22:00:00,40.0,30.0,,,6.380000000000001,,,,0.0276,0.0207,41.311922,-105.581147,2021,7,19,22
West,Knight Hall,2021-07-19T23:00:00,30.0,20.0,,,2.29,,,,0.0207,0.0138,41.311922,-105.581147,2021,7,19,23
West,Knight Hall,2021-07-20T00:00:00,30.0,30.0,,,1.68,,,,0.0207,0.0207,41.311922,-105.581147,2021,7,20,0
West,Knight Hall,2021-07-20T01:00:00,30.0,20.0,,,1.64,,,,0.0207,0.0138,41.311922,-105.581147,2021,7,20,1
West,Knight Hall,2021-07-20T02:00:00,30.0,30.0,,,1.5299999999999998,,,,0.0207,0.0207,41.311922,-105.581147,2021,7,20,2
West,Knight Hall,2021-07-20T03:00:00,30.0,20.0,,,1.6,,,,0.0207,0.0138,41.311922,-105.581147,2021,7,20,3
West,Knight Hall,2021-07-20T04:00:00,40.0,30.0,,,3.71,,,,0.0276,0.0207,41.311922,-105.581147,2021,7,20,4
West,Knight Hall,2021-07-20T05:00:00,30.0,30.0,,,0.73,,,,0.0207,0.0207,41.311922,-105.581147,2021,7,20,5
West,Knight Hall,2021-07-20T06:00:00,40.0,30.0,,,1.08,,,,0.0276,0.0207,41.311922,-105.581147,2021,7,20,6
West,Knight Hall,2021-07-20T07:00:00,50.0,40.0,,,10.11,,,,0.034499999999999996,0.0276,41.311922,-105.581147,2021,7,20,7
West,Knight Hall,2021-07-20T08:00:00,70.0,60.0,,,74.94,,,,0.048299999999999996,0.0414,41.311922,-105.581147,2021,7,20,8
West,Knight Hall,2021-07-20T09:00:00,80.0,70.0,,,133.07000000000002,,,,0.0552,0.048299999999999996,41.311922,-105.581147,2021,7,20,9
West,Knight Hall,2021-07-20T10:00:00,,60.0,,,114.29,,,,,0.0414,41.311922,-105.581147,2021,7,20,10
West,Knight Hall,2021-07-20T11:00:00,80.0,70.0,,,66.92,,,,0.0552,0.048299999999999996,41.311922,-105.581147,2021,7,20,11
West,Knight Hall,2021-07-20T12:00:00,80.0,60.0,,,61.23,,,,0.0552,0.0414,41.311922,-105.581147,2021,7,20,12
West,Knight Hall,2021-07-20T13:00:00,,60.0,,,120.70000000000002,,,,,0.0414,41.311922,-105.581147,2021,7,20,13
West,Knight Hall,2021-07-20T14:00:00,80.0,60.0,,,34.5,,,,0.0552,0.0414,41.311922,-105.581147,2021,7,20,14
West,Knight Hall,2021-07-20T15:00:00,80.0,60.0,,,46.18,,,,0.0552,0.0414,41.311922,-105.581147,2021,7,20,15
West,Knight Hall,2021-07-20T16:00:00,70.0,60.0,,,29.97,,,,0.048299999999999996,0.0414,41.311922,-105.581147,2021,7,20,16
West,Knight Hall,2021-07-20T17:00:00,60.0,40.0,,,21.02,,,,0.0414,0.0276,41.311922,-105.581147,2021,7,20,17
West,Knight Hall,2021-07-20T18:00:00,50.0,40.0,,,42.3,,,,0.034499999999999996,0.0276,41.311922,-105.581147,2021,7,20,18
West,Knight Hall,2021-07-20T19:00:00,40.0,30.0,,,9.23,,,,0.0276,0.0207,41.311922,-105.581147,2021,7,20,19
West,Knight Hall,2021-07-20T20:00:00,40.0,40.0,,,11.92,,,,0.0276,0.0276,41.311922,-105.581147,2021,7,20,20
West,Knight Hall,2021-07-20T21:00:00,40.0,30.0,,,0.4499999999999999,,,,0.0276,0.0207,41.311922,-105.581147,2021,7,20,21
West,Knight Hall,2021-07-20T22:00:00,40.0,30.0,,,9.23,,,,0.0276,0.0207,41.311922,-105.581147,2021,7,20,22
West,Knight Hall,2021-07-20T23:00:00,30.0,30.0,,,3.21,,,,0.0207,0.0207,41.311922,-105.581147,2021,7,20,23
West,Knight Hall,2021-07-21T00:00:00,40.0,20.0,,,,,,,0.0276,0.0138,41.311922,-105.581147,2021,7,21,0
West,Knight Hall,2021-07-21T01:00:00,30.0,30.0,,,,,,,0.0207,0.0207,41.311922,-105.581147,2021,7,21,1
West,Knight Hall,2021-07-21T02:00:00,30.0,20.0,,,,,,,0.0207,0.0138,41.311922,-105.581147,2021,7,21,2
West,Knight Hall,2021-07-21T03:00:00,40.0,30.0,,,,,,,0.0276,0.0207,41.311922,-105.581147,2021,7,21,3
West,Knight Hall,2021-07-21T04:00:00,30.0,30.0,,,,,,,0.0207,0.0207,41.311922,-105.581147,2021,7,21,4
West,Knight Hall,2021-07-21T05:00:00,30.0,30.0,,,,,,,0.0207,0.0207,41.311922,-105.581147,2021,7,21,5
West,Knight Hall,2021-07-21T06:00:00,40.0,30.0,,,,,,,0.0276,0.0207,41.311922,-105.581147,2021,7,21,6
West,Knight Hall,2021-07-21T07:00:00,50.0,40.0,,,,,,,0.034499999999999996,0.0276,41.311922,-105.581147,2021,7,21,7
West,Knight Hall,2021-07-21T08:00:00,80.0,60.0,,,,,,,0.0552,0.0414,41.311922,-105.581147,2021,7,21,8
West,Knight Hall,2021-07-21T09:00:00,70.0,70.0,,,,,,,0.048299999999999996,0.048299999999999996,41.311922,-105.581147,2021,7,21,9
West,Knight Hall,2021-07-21T10:00:00,80.0,60.0,,,,,,,0.0552,0.0414,41.311922,-105.581147,2021,7,21,10
West,Knight Hall,2021-07-21T11:00:00,,60.0,,,,,,,,0.0414,41.311922,-105.581147,2021,7,21,11
West,Knight Hall,2021-07-21T12:00:00,80.0,60.0,,,,,,,0.0552,0.0414,41.311922,-105.581147,2021,7,21,12
West,Knight Hall,2021-07-21T13:00:00,70.0,60.0,,,,,,,0.048299999999999996,0.0414,41.311922,-105.581147,2021,7,21,13
West,Knight Hall,2021-07-21T14:00:00,,70.0,,,,,,,,0.048299999999999996,41.311922,-105.581147,2021,7,21,14
West,Knight Hall,2021-07-21T15:00:00,80.0,50.0,,,,,,,0.0552,0.034499999999999996,41.311922,-105.581147,2021,7,21,15
West,Knight Hall,2021-07-21T16:00:00,70.0,60.0,,,,,,,0.048299999999999996,0.0414,41.311922,-105.581147,2021,7,21,16
West,Knight Hall,2021-07-21T17:00:00,50.0,40.0,,,,,,,0.034499999999999996,0.0276,41.311922,-105.581147,2021,7,21,17
West,Knight Hall,2021-07-21T18:00:00,50.0,40.0,,,,,,,0.034499999999999996,0.0276,41.311922,-105.581147,2021,7,21,18
West,Knight Hall,2021-07-21T19:00:00,30.0,30.0,,,,,,,0.0207,0.0207,41.311922,-105.581147,2021,7,21,19
West,Knight Hall,2021-07-21T20:00:00,40.0,30.0,,,,,,,0.0276,0.0207,41.311922,-105.581147,2021,7,21,20
West,Knight Hall,2021-07-21T21:00:00,40.0,30.0,,,,,,,0.0276,0.0207,41.311922,-105.581147,2021,7,21,21
West,Knight Hall,2021-07-21T22:00:00,30.0,30.0,,,,,,,0.0207,0.0207,41.311922,-105.581147,2021,7,21,22
West,Knight Hall,2021-07-21T23:00:00,30.0,30.0,,,,,,,0.0207,0.0207,41.311922,-105.581147,2021,7,21,23
West,Knight Hall,2021-07-22T00:00:00,40.0,30.0,,,34.33,,,,0.0276,0.0207,41.311922,-105.581147,2021,7,22,0
West,Knight Hall,2021-07-22T01:00:00,30.0,20.0,,,34.739999999999995,,,,0.0207,0.0138,41.311922,-105.581147,2021,7,22,1
West,Knight Hall,2021-07-22T02:00:00,30.0,30.0,,,33.79,,,,0.0207,0.0207,41.311922,-105.581147,2021,7,22,2
West,Knight Hall,2021-07-22T03:00:00,30.0,30.0,,,35.74999999999999,,,,0.0207,0.0207,41.311922,-105.581147,2021,7,22,3
West,Knight Hall,2021-07-22T04:00:00,30.0,30.0,,,34.76,,,,0.0207,0.0207,41.311922,-105.581147,2021,7,22,4
West,Knight Hall,2021-07-22T05:00:00,30.0,30.0,,,45.82,,,,0.0207,0.0207,41.311922,-105.581147,2021,7,22,5
West,Knight Hall,2021-07-22T06:00:00,40.0,30.0,,,34.65,,,,0.0276,0.0207,41.311922,-105.581147,2021,7,22,6
West,Knight Hall,2021-07-22T07:00:00,50.0,40.0,,,65.08999999999999,,,,0.034499999999999996,0.0276,41.311922,-105.581147,2021,7,22,7
West,Knight Hall,2021-07-22T08:00:00,80.0,60.0,,,132.62,,,,0.0552,0.0414,41.311922,-105.581147,2021,7,22,8
West,Knight Hall,2021-07-22T09:00:00,80.0,70.0,,,196.23,,,,0.0552,0.048299999999999996,41.311922,-105.581147,2021,7,22,9
West,Knight Hall,2021-07-22T10:00:00,80.0,70.0,,,72.12,,,,0.0552,0.048299999999999996,41.311922,-105.581147,2021,7,22,10
West,Knight Hall,2021-07-22T11:00:00,80.0,60.0,,,47.07,,,,0.0552,0.0414,41.311922,-105.581147,2021,7,22,11
West,Knight Hall,2021-07-22T12:00:00,80.0,60.0,,,36.14,,,,0.0552,0.0414,41.311922,-105.581147,2021,7,22,12
West,Knight Hall,2021-07-22T13:00:00,80.0,60.0,,,49.16,,,,0.0552,0.0414,41.311922,-105.581147,2021,7,22,13
West,Knight Hall,2021-07-22T14:00:00,80.0,70.0,,,32.46999999999999,,,,0.0552,0.048299999999999996,41.311922,-105.581147,2021,7,22,14
West,Knight Hall,2021-07-22T15:00:00,80.0,60.0,,,35.3,,,,0.0552,0.0414,41.311922,-105.581147,2021,7,22,15
West,Knight Hall,2021-07-22T16:00:00,70.0,60.0,,,44.690000000000005,,,,0.048299999999999996,0.0414,41.311922,-105.581147,2021,7,22,16
West,Knight Hall,2021-07-22T17:00:00,50.0,40.0,,,13.0,,,,0.034499999999999996,0.0276,41.311922,-105.581147,2021,7,22,17
West,Knight Hall,2021-07-22T18:00:00,40.0,40.0,,,26.05,,,,0.0276,0.0276,41.311922,-105.581147,2021,7,22,18
West,Knight Hall,2021-07-22T19:00:00,40.0,40.0,,,26.28,,,,0.0276,0.0276,41.311922,-105.581147,2021,7,22,19
West,Knight Hall,2021-07-22T20:00:00,40.0,30.0,,,19.130000000000003,,,,0.0276,0.0207,41.311922,-105.581147,2021,7,22,20
West,Knight Hall,2021-07-22T21:00:00,40.0,30.0,,,8.02,,,,0.0276,0.0207,41.311922,-105.581147,2021,7,22,21
West,Knight Hall,2021-07-22T22:00:00,30.0,40.0,,,25.68,,,,0.0207,0.0276,41.311922,-105.581147,2021,7,22,22
West,Knight Hall,2021-07-22T23:00:00,30.0,20.0,,,7.180000000000001,,,,0.0207,0.0138,41.311922,-105.581147,2021,7,22,23
West,Knight Hall,2021-07-23T00:00:00,30.0,30.0,,,6.4,,,,0.0207,0.0207,41.311922,-105.581147,2021,7,23,0
West,Knight Hall,2021-07-23T01:00:00,30.0,20.0,,,5.35,,,,0.0207,0.0138,41.311922,-105.581147,2021,7,23,1
West,Knight Hall,2021-07-23T02:00:00,30.0,30.0,,,6.0600000000000005,,,,0.0207,0.0207,41.311922,-105.581147,2021,7,23,2
West,Knight Hall,2021-07-23T03:00:00,30.0,20.0,,,5.52,,,,0.0207,0.0138,41.311922,-105.581147,2021,7,23,3
West,Knight Hall,2021-07-23T04:00:00,30.0,30.0,,,5.41,,,,0.0207,0.0207,41.311922,-105.581147,2021,7,23,4
West,Knight Hall,2021-07-23T05:00:00,40.0,30.0,,,3.97,,,,0.0276,0.0207,41.311922,-105.581147,2021,7,23,5
West,Knight Hall,2021-07-23T06:00:00,30.0,30.0,,,4.77,,,,0.0207,0.0207,41.311922,-105.581147,2021,7,23,6
West,Knight Hall,2021-07-23T07:00:00,50.0,40.0,,,16.779999999999998,,,,0.034499999999999996,0.0276,41.311922,-105.581147,2021,7,23,7
West,Knight Hall,2021-07-23T08:00:00,70.0,60.0,,,51.78999999999999,,,,0.048299999999999996,0.0414,41.311922,-105.581147,2021,7,23,8
West,Knight Hall,2021-07-23T09:00:00,70.0,70.0,,,65.44,,,,0.048299999999999996,0.048299999999999996,41.311922,-105.581147,2021,7,23,9
West,Knight Hall,2021-07-23T10:00:00,70.0,60.0,,,79.88,,,,0.048299999999999996,0.0414,41.311922,-105.581147,2021,7,23,10
West,Knight Hall,2021-07-23T11:00:00,70.0,60.0,,,39.2,,,,0.048299999999999996,0.0414,41.311922,-105.581147,2021,7,23,11
West,Knight Hall,2021-07-23T12:00:00,70.0,60.0,,,38.83,,,,0.048299999999999996,0.0414,41.311922,-105.581147,2021,7,23,12
West,Knight Hall,2021-07-23T13:00:00,70.0,60.0,,,37.75,,,,0.048299999999999996,0.0414,41.311922,-105.581147,2021,7,23,13
West,Knight Hall,2021-07-23T14:00:00,70.0,70.0,,,38.23,,,,0.048299999999999996,0.048299999999999996,41.311922,-105.581147,2021,7,23,14
West,Knight Hall,2021-07-23T15:00:00,60.0,60.0,,,25.53,,,,0.0414,0.0414,41.311922,-105.581147,2021,7,23,15
West,Knight Hall,2021-07-23T16:00:00,60.0,50.0,,,25.14,,,,0.0414,0.034499999999999996,41.311922,-105.581147,2021,7,23,16
West,Knight Hall,2021-07-23T17:00:00,50.0,50.0,,,5.859999999999999,,,,0.034499999999999996,0.034499999999999996,41.311922,-105.581147,2021,7,23,17
West,Knight Hall,2021-07-23T18:00:00,40.0,40.0,,,20.89,,,,0.0276,0.0276,41.311922,-105.581147,2021,7,23,18
West,Knight Hall,2021-07-23T19:00:00,40.0,30.0,,,2.14,,,,0.0276,0.0207,41.311922,-105.581147,2021,7,23,19
West,Knight Hall,2021-07-23T20:00:00,40.0,40.0,,,5.63,,,,0.0276,0.0276,41.311922,-105.581147,2021,7,23,20
West,Knight Hall,2021-07-23T21:00:00,30.0,30.0,,,0.47,,,,0.0207,0.0207,41.311922,-105.581147,2021,7,23,21
West,Knight Hall,2021-07-23T22:00:00,30.0,20.0,,,0.76,,,,0.0207,0.0138,41.311922,-105.581147,2021,7,23,22
West,Knight Hall,2021-07-23T23:00:00,30.0,30.0,,,0.3,,,,0.0207,0.0207,41.311922,-105.581147,2021,7,23,23
West,Knight Hall,2021-07-24T00:00:00,30.0,30.0,,,0.39,,,,0.0207,0.0207,41.311922,-105.581147,2021,7,24,0
West,Knight Hall,2021-07-24T01:00:00,30.0,20.0,,,0.22,,,,0.0207,0.0138,41.311922,-105.581147,2021,7,24,1
West,Knight Hall,2021-07-24T02:00:00,30.0,20.0,,,0.37,,,,0.0207,0.0138,41.311922,-105.581147,2021,7,24,2
West,Knight Hall,2021-07-24T03:00:00,20.0,30.0,,,0.26,,,,0.0138,0.0207,41.311922,-105.581147,2021,7,24,3
West,Knight Hall,2021-07-24T04:00:00,30.0,30.0,,,0.22,,,,0.0207,0.0207,41.311922,-105.581147,2021,7,24,4
West,Knight Hall,2021-07-24T05:00:00,30.0,20.0,,,0.11,,,,0.0207,0.0138,41.311922,-105.581147,2021,7,24,5
West,Knight Hall,2021-07-24T06:00:00,30.0,30.0,,,0.22,,,,0.0207,0.0207,41.311922,-105.581147,2021,7,24,6
West,Knight Hall,2021-07-24T07:00:00,30.0,40.0,,,0.22,,,,0.0207,0.0276,41.311922,-105.581147,2021,7,24,7
West,Knight Hall,2021-07-24T08:00:00,30.0,60.0,,,5.54,,,,0.0207,0.0414,41.311922,-105.581147,2021,7,24,8
West,Knight Hall,2021-07-24T09:00:00,40.0,60.0,,,5.130000000000001,,,,0.0276,0.0414,41.311922,-105.581147,2021,7,24,9
West,Knight Hall,2021-07-24T10:00:00,40.0,70.0,,,6.430000000000001,,,,0.0276,0.048299999999999996,41.311922,-105.581147,2021,7,24,10
West,Knight Hall,2021-07-24T11:00:00,30.0,60.0,,,2.31,,,,0.0207,0.0414,41.311922,-105.581147,2021,7,24,11
West,Knight Hall,2021-07-24T12:00:00,40.0,60.0,,,3.86,,,,0.0276,0.0414,41.311922,-105.581147,2021,7,24,12
West,Knight Hall,2021-07-24T13:00:00,40.0,50.0,,,0.06,,,,0.0276,0.034499999999999996,41.311922,-105.581147,2021,7,24,13
West,Knight Hall,2021-07-24T14:00:00,30.0,60.0,,,3.58,,,,0.0207,0.0414,41.311922,-105.581147,2021,7,24,14
West,Knight Hall,2021-07-24T15:00:00,40.0,60.0,,,,,,,0.0276,0.0414,41.311922,-105.581147,2021,7,24,15
West,Knight Hall,2021-07-24T16:00:00,30.0,50.0,,,0.19,,,,0.0207,0.034499999999999996,41.311922,-105.581147,2021,7,24,16
West,Knight Hall,2021-07-24T17:00:00,40.0,40.0,,,3.43,,,,0.0276,0.0276,41.311922,-105.581147,2021,7,24,17
West,Knight Hall,2021-07-24T18:00:00,30.0,40.0,,,0.21,,,,0.0207,0.0276,41.311922,-105.581147,2021,7,24,18
West,Knight Hall,2021-07-24T19:00:00,30.0,30.0,,,0.02,,,,0.0207,0.0207,41.311922,-105.581147,2021,7,24,19
West,Knight Hall,2021-07-24T20:00:00,30.0,30.0,,,,,,,0.0207,0.0207,41.311922,-105.581147,2021,7,24,20
West,Knight Hall,2021-07-24T21:00:00,30.0,20.0,,,0.22,,,,0.0207,0.0138,41.311922,-105.581147,2021,7,24,21
West,Knight Hall,2021-07-24T22:00:00,30.0,30.0,,,,,,,0.0207,0.0207,41.311922,-105.581147,2021,7,24,22
West,Knight Hall,2021-07-24T23:00:00,30.0,30.0,,,0.09,,,,0.0207,0.0207,41.311922,-105.581147,2021,7,24,23
West,Knight Hall,2021-07-25T00:00:00,30.0,20.0,,,,,,,0.0207,0.0138,41.311922,-105.581147,2021,7,25,0
West,Knight Hall,2021-07-25T01:00:00,30.0,20.0,,,4.03,,,,0.0207,0.0138,41.311922,-105.581147,2021,7,25,1
West,Knight Hall,2021-07-25T02:00:00,30.0,30.0,,,4.79,,,,0.0207,0.0207,41.311922,-105.581147,2021,7,25,2
West,Knight Hall,2021-07-25T03:00:00,30.0,20.0,,,9.77,,,,0.0207,0.0138,41.311922,-105.581147,2021,7,25,3
West,Knight Hall,2021-07-25T04:00:00,30.0,30.0,,,,,,,0.0207,0.0207,41.311922,-105.581147,2021,7,25,4
West,Knight Hall,2021-07-25T05:00:00,30.0,20.0,,,0.26,,,,0.0207,0.0138,41.311922,-105.581147,2021,7,25,5
West,Knight Hall,2021-07-25T06:00:00,30.0,20.0,,,0.04,,,,0.0207,0.0138,41.311922,-105.581147,2021,7,25,6
West,Knight Hall,2021-07-25T07:00:00,30.0,30.0,,,0.1699999999999999,,,,0.0207,0.0207,41.311922,-105.581147,2021,7,25,7
West,Knight Hall,2021-07-25T08:00:00,30.0,20.0,,,3.56,,,,0.0207,0.0138,41.311922,-105.581147,2021,7,25,8
West,Knight Hall,2021-07-25T09:00:00,40.0,30.0,,,2.48,,,,0.0276,0.0207,41.311922,-105.581147,2021,7,25,9
West,Knight Hall,2021-07-25T10:00:00,30.0,30.0,,,,,,,0.0207,0.0207,41.311922,-105.581147,2021,7,25,10
West,Knight Hall,2021-07-25T11:00:00,40.0,30.0,,,2.13,,,,0.0276,0.0207,41.311922,-105.581147,2021,7,25,11
West,Knight Hall,2021-07-25T12:00:00,40.0,20.0,,,,,,,0.0276,0.0138,41.311922,-105.581147,2021,7,25,12
West,Knight Hall,2021-07-25T13:00:00,40.0,30.0,,,0.13,,,,0.0276,0.0207,41.311922,-105.581147,2021,7,25,13
West,Knight Hall,2021-07-25T14:00:00,40.0,30.0,,,,,,,0.0276,0.0207,41.311922,-105.581147,2021,7,25,14
West,Knight Hall,2021-07-25T15:00:00,30.0,30.0,,,1.92,,,,0.0207,0.0207,41.311922,-105.581147,2021,7,25,15
West,Knight Hall,2021-07-25T16:00:00,40.0,20.0,,,,,,,0.0276,0.0138,41.311922,-105.581147,2021,7,25,16
West,Knight Hall,2021-07-25T17:00:00,30.0,30.0,,,0.07,,,,0.0207,0.0207,41.311922,-105.581147,2021,7,25,17
West,Knight Hall,2021-07-25T18:00:00,30.0,20.0,,,,,,,0.0207,0.0138,41.311922,-105.581147,2021,7,25,18
West,Knight Hall,2021-07-25T19:00:00,30.0,20.0,,,0.04,,,,0.0207,0.0138,41.311922,-105.581147,2021,7,25,19
West,Knight Hall,2021-07-25T20:00:00,40.0,30.0,,,,,,,0.0276,0.0207,41.311922,-105.581147,2021,7,25,20
West,Knight Hall,2021-07-25T21:00:00,30.0,20.0,,,1.72,,,,0.0207,0.0138,41.311922,-105.581147,2021,7,25,21
West,Knight Hall,2021-07-25T22:00:00,30.0,20.0,,,0.3,,,,0.0207,0.0138,41.311922,-105.581147,2021,7,25,22
West,Knight Hall,2021-07-25T23:00:00,30.0,30.0,,,,,,,0.0207,0.0207,41.311922,-105.581147,2021,7,25,23
West,Knight Hall,2021-07-26T00:00:00,30.0,20.0,,,0.73,,,,0.0207,0.0138,41.311922,-105.581147,2021,7,26,0
West,Knight Hall,2021-07-26T01:00:00,30.0,30.0,,,,,,,0.0207,0.0207,41.311922,-105.581147,2021,7,26,1
West,Knight Hall,2021-07-26T02:00:00,30.0,20.0,,,0.26,,,,0.0207,0.0138,41.311922,-105.581147,2021,7,26,2
West,Knight Hall,2021-07-26T03:00:00,30.0,20.0,,,,,,,0.0207,0.0138,41.311922,-105.581147,2021,7,26,3
West,Knight Hall,2021-07-26T04:00:00,40.0,30.0,,,0.28,,,,0.0276,0.0207,41.311922,-105.581147,2021,7,26,4
West,Knight Hall,2021-07-26T05:00:00,30.0,20.0,,,,,,,0.0207,0.0138,41.311922,-105.581147,2021,7,26,5
West,Knight Hall,2021-07-26T06:00:00,40.0,30.0,,,2.67,,,,0.0276,0.0207,41.311922,-105.581147,2021,7,26,6
West,Knight Hall,2021-07-26T07:00:00,50.0,20.0,,,7.140000000000001,,,,0.034499999999999996,0.0138,41.311922,-105.581147,2021,7,26,7
West,Knight Hall,2021-07-26T08:00:00,60.0,30.0,,,54.03,,,,0.0414,0.0207,41.311922,-105.581147,2021,7,26,8
West,Knight Hall,2021-07-26T09:00:00,80.0,20.0,,,59.64,,,,0.0552,0.0138,41.311922,-105.581147,2021,7,26,9
West,Knight Hall,2021-07-26T10:00:00,70.0,30.0,,,71.52,,,,0.048299999999999996,0.0207,41.311922,-105.581147,2021,7,26,10
West,Knight Hall,2021-07-26T11:00:00,80.0,30.0,,,46.48,,,,0.0552,0.0207,41.311922,-105.581147,2021,7,26,11
West,Knight Hall,2021-07-26T12:00:00,70.0,20.0,,,46.66,,,,0.048299999999999996,0.0138,41.311922,-105.581147,2021,7,26,12
West,Knight Hall,2021-07-26T13:00:00,70.0,30.0,,,24.84,,,,0.048299999999999996,0.0207,41.311922,-105.581147,2021,7,26,13
West,Knight Hall,2021-07-26T14:00:00,70.0,30.0,,,32.49,,,,0.048299999999999996,0.0207,41.311922,-105.581147,2021,7,26,14
West,Knight Hall,2021-07-26T15:00:00,80.0,30.0,,,27.94,,,,0.0552,0.0207,41.311922,-105.581147,2021,7,26,15
West,Knight Hall,2021-07-26T16:00:00,60.0,20.0,,,28.83,,,,0.0414,0.0138,41.311922,-105.581147,2021,7,26,16
West,Knight Hall,2021-07-26T17:00:00,60.0,30.0,,,8.08,,,,0.0414,0.0207,41.311922,-105.581147,2021,7,26,17
West,Knight Hall,2021-07-26T18:00:00,40.0,20.0,,,6.25,,,,0.0276,0.0138,41.311922,-105.581147,2021,7,26,18
West,Knight Hall,2021-07-26T19:00:00,40.0,30.0,,,10.31,,,,0.0276,0.0207,41.311922,-105.581147,2021,7,26,19
West,Knight Hall,2021-07-26T20:00:00,40.0,20.0,,,10.35,,,,0.0276,0.0138,41.311922,-105.581147,2021,7,26,20
West,Knight Hall,2021-07-26T21:00:00,40.0,30.0,,,19.15,,,,0.0276,0.0207,41.311922,-105.581147,2021,7,26,21
West,Knight Hall,2021-07-26T22:00:00,30.0,20.0,,,2.83,,,,0.0207,0.0138,41.311922,-105.581147,2021,7,26,22
West,Knight Hall,2021-07-26T23:00:00,30.0,20.0,,,0.43,,,,0.0207,0.0138,41.311922,-105.581147,2021,7,26,23
West,Knight Hall,2021-07-27T00:00:00,40.0,30.0,,,,,,,0.0276,0.0207,41.311922,-105.581147,2021,7,27,0
West,Knight Hall,2021-07-27T01:00:00,30.0,20.0,,,0.28,,,,0.0207,0.0138,41.311922,-105.581147,2021,7,27,1
West,Knight Hall,2021-07-27T02:00:00,30.0,30.0,,,,,,,0.0207,0.0207,41.311922,-105.581147,2021,7,27,2
West,Knight Hall,2021-07-27T03:00:00,30.0,20.0,,,0.32,,,,0.0207,0.0138,41.311922,-105.581147,2021,7,27,3
West,Knight Hall,2021-07-27T04:00:00,30.0,30.0,,,,,,,0.0207,0.0207,41.311922,-105.581147,2021,7,27,4
West,Knight Hall,2021-07-27T05:00:00,30.0,30.0,,,0.13,,,,0.0207,0.0207,41.311922,-105.581147,2021,7,27,5
West,Knight Hall,2021-07-27T06:00:00,40.0,30.0,,,1.31,,,,0.0276,0.0207,41.311922,-105.581147,2021,7,27,6
West,Knight Hall,2021-07-27T07:00:00,60.0,40.0,,,,,,,0.0414,0.0276,41.311922,-105.581147,2021,7,27,7
West,Knight Hall,2021-07-27T08:00:00,70.0,60.0,,,,,,,0.048299999999999996,0.0414,41.311922,-105.581147,2021,7,27,8
West,Knight Hall,2021-07-27T09:00:00,80.0,60.0,,,,,,,0.0552,0.0414,41.311922,-105.581147,2021,7,27,9
West,Knight Hall,2021-07-27T10:00:00,80.0,70.0,,,,,,,0.0552,0.048299999999999996,41.311922,-105.581147,2021,7,27,10
West,Knight Hall,2021-07-27T11:00:00,,60.0,,,,,,,,0.0414,41.311922,-105.581147,2021,7,27,11
West,Knight Hall,2021-07-27T12:00:00,70.0,60.0,,,,,,,0.048299999999999996,0.0414,41.311922,-105.581147,2021,7,27,12
West,Knight Hall,2021-07-27T13:00:00,80.0,60.0,,,,,,,0.0552,0.0414,41.311922,-105.581147,2021,7,27,13
West,Knight Hall,2021-07-27T14:00:00,80.0,60.0,,,,,,,0.0552,0.0414,41.311922,-105.581147,2021,7,27,14
West,Knight Hall,2021-07-27T15:00:00,80.0,60.0,,,65.98,,,,0.0552,0.0414,41.311922,-105.581147,2021,7,27,15
West,Knight Hall,2021-07-27T16:00:00,80.0,50.0,,,,,,,0.0552,0.034499999999999996,41.311922,-105.581147,2021,7,27,16
West,Knight Hall,2021-07-27T17:00:00,50.0,50.0,,,20.2,,,,0.034499999999999996,0.034499999999999996,41.311922,-105.581147,2021,7,27,17
West,Knight Hall,2021-07-27T18:00:00,50.0,30.0,,,62.18,,,,0.034499999999999996,0.0207,41.311922,-105.581147,2021,7,27,18
West,Knight Hall,2021-07-27T19:00:00,50.0,30.0,,,,,,,0.034499999999999996,0.0207,41.311922,-105.581147,2021,7,27,19
West,Knight Hall,2021-07-27T20:00:00,40.0,30.0,,,8.129999999999999,,,,0.0276,0.0207,41.311922,-105.581147,2021,7,27,20
West,Knight Hall,2021-07-27T21:00:00,40.0,30.0,,,0.11,,,,0.0276,0.0207,41.311922,-105.581147,2021,7,27,21
West,Knight Hall,2021-07-27T22:00:00,30.0,30.0,,,3.51,,,,0.0207,0.0207,41.311922,-105.581147,2021,7,27,22
West,Knight Hall,2021-07-27T23:00:00,40.0,20.0,,,,,,,0.0276,0.0138,41.311922,-105.581147,2021,7,27,23
West,Knight Hall,2021-07-28T00:00:00,30.0,30.0,,,0.06,,,,0.0207,0.0207,41.311922,-105.581147,2021,7,28,0
West,Knight Hall,2021-07-28T01:00:00,30.0,20.0,,,,,,,0.0207,0.0138,41.311922,-105.581147,2021,7,28,1
West,Knight Hall,2021-07-28T02:00:00,40.0,30.0,,,,,,,0.0276,0.0207,41.311922,-105.581147,2021,7,28,2
West,Knight Hall,2021-07-28T03:00:00,30.0,20.0,,,,,,,0.0207,0.0138,41.311922,-105.581147,2021,7,28,3
West,Knight Hall,2021-07-28T04:00:00,30.0,30.0,,,0.07,,,,0.0207,0.0207,41.311922,-105.581147,2021,7,28,4
West,Knight Hall,2021-07-28T05:00:00,40.0,30.0,,,,,,,0.0276,0.0207,41.311922,-105.581147,2021,7,28,5
West,Knight Hall,2021-07-28T06:00:00,40.0,30.0,,,10.59,,,,0.0276,0.0207,41.311922,-105.581147,2021,7,28,6
West,Knight Hall,2021-07-28T07:00:00,60.0,40.0,,,9.31,,,,0.0414,0.0276,41.311922,-105.581147,2021,7,28,7
West,Knight Hall,2021-07-28T08:00:00,80.0,60.0,,,50.13,,,,0.0552,0.0414,41.311922,-105.581147,2021,7,28,8
West,Knight Hall,2021-07-28T09:00:00,80.0,70.0,,,78.72,,,,0.0552,0.048299999999999996,41.311922,-105.581147,2021,7,28,9
West,Knight Hall,2021-07-28T10:00:00,80.0,60.0,,,79.67,,,,0.0552,0.0414,41.311922,-105.581147,2021,7,28,10
West,Knight Hall,2021-07-28T11:00:00,80.0,60.0,,,179.32,,,,0.0552,0.0414,41.311922,-105.581147,2021,7,28,11
West,Knight Hall,2021-07-28T12:00:00,80.0,60.0,,,112.46,,,,0.0552,0.0414,41.311922,-105.581147,2021,7,28,12
West,Knight Hall,2021-07-28T13:00:00,80.0,60.0,,,71.08999999999999,,,,0.0552,0.0414,41.311922,-105.581147,2021,7,28,13
West,Knight Hall,2021-07-28T14:00:00,,60.0,,,78.50000000000001,,,,,0.0414,41.311922,-105.581147,2021,7,28,14
West,Knight Hall,2021-07-28T15:00:00,80.0,60.0,,,72.97999999999999,,,,0.0552,0.0414,41.311922,-105.581147,2021,7,28,15
West,Knight Hall,2021-07-28T16:00:00,70.0,50.0,,,208.49,,,,0.048299999999999996,0.034499999999999996,41.311922,-105.581147,2021,7,28,16
West,Knight Hall,2021-07-28T17:00:00,60.0,40.0,,,10.57,,,,0.0414,0.0276,41.311922,-105.581147,2021,7,28,17
West,Knight Hall,2021-07-28T18:00:00,50.0,40.0,,,41.27,,,,0.034499999999999996,0.0276,41.311922,-105.581147,2021,7,28,18
West,Knight Hall,2021-07-28T19:00:00,40.0,30.0,,,9.29,,,,0.0276,0.0207,41.311922,-105.581147,2021,7,28,19
West,Knight Hall,2021-07-28T20:00:00,40.0,40.0,,,7.48,,,,0.0276,0.0276,41.311922,-105.581147,2021,7,28,20
West,Knight Hall,2021-07-28T21:00:00,30.0,30.0,,,0.04,,,,0.0207,0.0207,41.311922,-105.581147,2021,7,28,21
West,Knight Hall,2021-07-28T22:00:00,40.0,20.0,,,2.16,,,,0.0276,0.0138,41.311922,-105.581147,2021,7,28,22
West,Knight Hall,2021-07-28T23:00:00,30.0,30.0,,,0.17,,,,0.0207,0.0207,41.311922,-105.581147,2021,7,28,23
West,Knight Hall,2021-07-29T00:00:00,30.0,20.0,,,,,,,0.0207,0.0138,41.311922,-105.581147,2021,7,29,0
West,Knight Hall,2021-07-29T01:00:00,30.0,30.0,,,0.17,,,,0.0207,0.0207,41.311922,-105.581147,2021,7,29,1
West,Knight Hall,2021-07-29T02:00:00,30.0,20.0,,,,,,,0.0207,0.0138,41.311922,-105.581147,2021,7,29,2
West,Knight Hall,2021-07-29T03:00:00,40.0,20.0,,,0.21,,,,0.0276,0.0138,41.311922,-105.581147,2021,7,29,3
West,Knight Hall,2021-07-29T04:00:00,30.0,30.0,,,,,,,0.0207,0.0207,41.311922,-105.581147,2021,7,29,4
West,Knight Hall,2021-07-29T05:00:00,40.0,30.0,,,5.33,,,,0.0276,0.0207,41.311922,-105.581147,2021,7,29,5
West,Knight Hall,2021-07-29T06:00:00,30.0,30.0,,,0.15,,,,0.0207,0.0207,41.311922,-105.581147,2021,7,29,6
West,Knight Hall,2021-07-29T07:00:00,60.0,40.0,,,16.36,,,,0.0414,0.0276,41.311922,-105.581147,2021,7,29,7
West,Knight Hall,2021-07-29T08:00:00,80.0,60.0,,,42.89,,,,0.0552,0.0414,41.311922,-105.581147,2021,7,29,8
West,Knight Hall,2021-07-29T09:00:00,,60.0,,,157.89,,,,,0.0414,41.311922,-105.581147,2021,7,29,9
West,Knight Hall,2021-07-29T10:00:00,80.0,60.0,,,95.38,,,,0.0552,0.0414,41.311922,-105.581147,2021,7,29,10
West,Knight Hall,2021-07-29T11:00:00,80.0,60.0,,,,,,,0.0552,0.0414,41.311922,-105.581147,2021,7,29,11
West,Knight Hall,2021-07-29T12:00:00,,60.0,,,,,,,,0.0414,41.311922,-105.581147,2021,7,29,12
West,Knight Hall,2021-07-29T13:00:00,80.0,60.0,,,42.37,,,,0.0552,0.0414,41.311922,-105.581147,2021,7,29,13
West,Knight Hall,2021-07-29T14:00:00,,60.0,,,25.660000000000004,,,,,0.0414,41.311922,-105.581147,2021,7,29,14
West,Knight Hall,2021-07-29T15:00:00,80.0,60.0,,,41.85,,,,0.0552,0.0414,41.311922,-105.581147,2021,7,29,15
West,Knight Hall,2021-07-29T16:00:00,70.0,50.0,,,23.55,,,,0.048299999999999996,0.034499999999999996,41.311922,-105.581147,2021,7,29,16
West,Knight Hall,2021-07-29T17:00:00,60.0,40.0,,,35.34,,,,0.0414,0.0276,41.311922,-105.581147,2021,7,29,17
West,Knight Hall,2021-07-29T18:00:00,50.0,40.0,,,18.130000000000003,,,,0.034499999999999996,0.0276,41.311922,-105.581147,2021,7,29,18
West,Knight Hall,2021-07-29T19:00:00,40.0,30.0,,,12.33,,,,0.0276,0.0207,41.311922,-105.581147,2021,7,29,19
West,Knight Hall,2021-07-29T20:00:00,40.0,30.0,,,29.950000000000003,,,,0.0276,0.0207,41.311922,-105.581147,2021,7,29,20
West,Knight Hall,2021-07-29T21:00:00,40.0,30.0,,,7.11,,,,0.0276,0.0207,41.311922,-105.581147,2021,7,29,21
West,Knight Hall,2021-07-29T22:00:00,40.0,20.0,,,17.34,,,,0.0276,0.0138,41.311922,-105.581147,2021,7,29,22
West,Knight Hall,2021-07-29T23:00:00,40.0,20.0,,,7.96,,,,0.0276,0.0138,41.311922,-105.581147,2021,7,29,23
West,Knight Hall,2021-07-30T00:00:00,30.0,30.0,,,8.75,,,,0.0207,0.0207,41.311922,-105.581147,2021,7,30,0
West,Knight Hall,2021-07-30T01:00:00,30.0,20.0,,,9.739999999999998,,,,0.0207,0.0138,41.311922,-105.581147,2021,7,30,1
West,Knight Hall,2021-07-30T02:00:00,40.0,30.0,,,9.72,,,,0.0276,0.0207,41.311922,-105.581147,2021,7,30,2
West,Knight Hall,2021-07-30T03:00:00,30.0,20.0,,,9.98,,,,0.0207,0.0138,41.311922,-105.581147,2021,7,30,3
West,Knight Hall,2021-07-30T04:00:00,40.0,30.0,,,10.52,,,,0.0276,0.0207,41.311922,-105.581147,2021,7,30,4
West,Knight Hall,2021-07-30T05:00:00,30.0,20.0,,,1.7,,,,0.0207,0.0138,41.311922,-105.581147,2021,7,30,5
West,Knight Hall,2021-07-30T06:00:00,40.0,30.0,,,6.83,,,,0.0276,0.0207,41.311922,-105.581147,2021,7,30,6
West,Knight Hall,2021-07-30T07:00:00,50.0,40.0,,,29.22,,,,0.034499999999999996,0.0276,41.311922,-105.581147,2021,7,30,7
West,Knight Hall,2021-07-30T08:00:00,80.0,60.0,,,65.95,,,,0.0552,0.0414,41.311922,-105.581147,2021,7,30,8
West,Knight Hall,2021-07-30T09:00:00,70.0,60.0,,,103.77,,,,0.048299999999999996,0.0414,41.311922,-105.581147,2021,7,30,9
West,Knight Hall,2021-07-30T10:00:00,80.0,60.0,,,,,,,0.0552,0.0414,41.311922,-105.581147,2021,7,30,10
West,Knight Hall,2021-07-30T11:00:00,80.0,60.0,,,,,,,0.0552,0.0414,41.311922,-105.581147,2021,7,30,11
West,Knight Hall,2021-07-30T12:00:00,70.0,60.0,,,,,,,0.048299999999999996,0.0414,41.311922,-105.581147,2021,7,30,12
West,Knight Hall,2021-07-30T13:00:00,80.0,70.0,,,,,,,0.0552,0.048299999999999996,41.311922,-105.581147,2021,7,30,13
West,Knight Hall,2021-07-30T14:00:00,80.0,60.0,,,76.73,,,,0.0552,0.0414,41.311922,-105.581147,2021,7,30,14
West,Knight Hall,2021-07-30T15:00:00,80.0,70.0,,,45.86,,,,0.0552,0.048299999999999996,41.311922,-105.581147,2021,7,30,15
West,Knight Hall,2021-07-30T16:00:00,60.0,50.0,,,21.43,,,,0.0414,0.034499999999999996,41.311922,-105.581147,2021,7,30,16
West,Knight Hall,2021-07-30T17:00:00,50.0,40.0,,,44.98,,,,0.034499999999999996,0.0276,41.311922,-105.581147,2021,7,30,17
West,Knight Hall,2021-07-30T18:00:00,40.0,30.0,,,16.990000000000002,,,,0.0276,0.0207,41.311922,-105.581147,2021,7,30,18
West,Knight Hall,2021-07-30T19:00:00,40.0,30.0,,,1.75,,,,0.0276,0.0207,41.311922,-105.581147,2021,7,30,19
West,Knight Hall,2021-07-30T20:00:00,40.0,30.0,,,3.28,,,,0.0276,0.0207,41.311922,-105.581147,2021,7,30,20
West,Knight Hall,2021-07-30T21:00:00,40.0,20.0,,,9.1,,,,0.0276,0.0138,41.311922,-105.581147,2021,7,30,21
West,Knight Hall,2021-07-30T22:00:00,30.0,30.0,,,0.07,,,,0.0207,0.0207,41.311922,-105.581147,2021,7,30,22
West,Knight Hall,2021-07-30T23:00:00,40.0,20.0,,,0.19,,,,0.0276,0.0138,41.311922,-105.581147,2021,7,30,23
West,Knight Hall,2021-07-31T00:00:00,30.0,,,,0.07,,,,0.0207,,41.311922,-105.581147,2021,7,31,0
West,Knight Hall,2021-07-31T01:00:00,30.0,,,,,,,,0.0207,,41.311922,-105.581147,2021,7,31,1
West,Knight Hall,2021-07-31T02:00:00,30.0,,,,,,,,0.0207,,41.311922,-105.581147,2021,7,31,2
West,Knight Hall,2021-07-31T03:00:00,30.0,,,,,,,,0.0207,,41.311922,-105.581147,2021,7,31,3
West,Knight Hall,2021-07-31T04:00:00,30.0,,,,,,,,0.0207,,41.311922,-105.581147,2021,7,31,4
West,Knight Hall,2021-07-31T05:00:00,40.0,,,,,,,,0.0276,,41.311922,-105.581147,2021,7,31,5
West,Knight Hall,2021-07-31T06:00:00,30.0,,,,,,,,0.0207,,41.311922,-105.581147,2021,7,31,6
West,Knight Hall,2021-07-31T07:00:00,30.0,,,,1.86,,,,0.0207,,41.311922,-105.581147,2021,7,31,7
West,Knight Hall,2021-07-31T08:00:00,40.0,,,,3.3,,,,0.0276,,41.311922,-105.581147,2021,7,31,8
West,Knight Hall,2021-07-31T09:00:00,40.0,,,,5.59,,,,0.0276,,41.311922,-105.581147,2021,7,31,9
West,Knight Hall,2021-07-31T10:00:00,30.0,,,,1.5499999999999998,,,,0.0207,,41.311922,-105.581147,2021,7,31,10
West,Knight Hall,2021-07-31T11:00:00,40.0,,,,2.93,,,,0.0276,,41.311922,-105.581147,2021,7,31,11
West,Knight Hall,2021-07-31T12:00:00,40.0,,,,1.81,,,,0.0276,,41.311922,-105.581147,2021,7,31,12
West,Knight Hall,2021-07-31T13:00:00,40.0,,,,6.36,,,,0.0276,,41.311922,-105.581147,2021,7,31,13
West,Knight Hall,2021-07-31T14:00:00,30.0,,,,2.13,,,,0.0207,,41.311922,-105.581147,2021,7,31,14
West,Knight Hall,2021-07-31T15:00:00,30.0,,,,,,,,0.0207,,41.311922,-105.581147,2021,7,31,15
West,Knight Hall,2021-07-31T16:00:00,40.0,,,,1.68,,,,0.0276,,41.311922,-105.581147,2021,7,31,16
West,Knight Hall,2021-07-31T17:00:00,30.0,,,,,,,,0.0207,,41.311922,-105.581147,2021,7,31,17
West,Knight Hall,2021-07-31T18:00:00,30.0,,,,1.29,,,,0.0207,,41.311922,-105.581147,2021,7,31,18
West,Knight Hall,2021-07-31T19:00:00,40.0,,,,0.02,,,,0.0276,,41.311922,-105.581147,2021,7,31,19
West,Knight Hall,2021-07-31T20:00:00,30.0,,,,,,,,0.0207,,41.311922,-105.581147,2021,7,31,20
West,Knight Hall,2021-07-31T21:00:00,30.0,,,,,,,,0.0207,,41.311922,-105.581147,2021,7,31,21
West,Knight Hall,2021-07-31T22:00:00,30.0,,,,0.07,,,,0.0207,,41.311922,-105.581147,2021,7,31,22
West,Knight Hall,2021-07-31T23:00:00,30.0,,,,,,,,0.0207,,41.311922,-105.581147,2021,7,31,23
West,Knight Hall,2021-08-01T00:00:00,30.0,,,,,,,,0.0207,,41.311922,-105.581147,2021,8,1,0
West,Knight Hall,2021-08-01T01:00:00,30.0,,,,,,,,0.0207,,41.311922,-105.581147,2021,8,1,1
West,Knight Hall,2021-08-01T02:00:00,30.0,,,,,,,,0.0207,,41.311922,-105.581147,2021,8,1,2
West,Knight Hall,2021-08-01T03:00:00,30.0,,,,0.04,,,,0.0207,,41.311922,-105.581147,2021,8,1,3
West,Knight Hall,2021-08-01T04:00:00,30.0,,,,,,,,0.0207,,41.311922,-105.581147,2021,8,1,4
West,Knight Hall,2021-08-01T05:00:00,30.0,,,,,,,,0.0207,,41.311922,-105.581147,2021,8,1,5
West,Knight Hall,2021-08-01T06:00:00,30.0,,,,,,,,0.0207,,41.311922,-105.581147,2021,8,1,6
West,Knight Hall,2021-08-01T07:00:00,30.0,,,,0.04,,,,0.0207,,41.311922,-105.581147,2021,8,1,7
West,Knight Hall,2021-08-01T08:00:00,40.0,40.0,,,,,,,0.0276,0.0276,41.311922,-105.581147,2021,8,1,8
West,Knight Hall,2021-08-01T09:00:00,30.0,40.0,,,,,,,0.0207,0.0276,41.311922,-105.581147,2021,8,1,9
West,Knight Hall,2021-08-01T10:00:00,30.0,30.0,,,,,,,0.0207,0.0207,41.311922,-105.581147,2021,8,1,10
West,Knight Hall,2021-08-01T11:00:00,40.0,40.0,,,,,,,0.0276,0.0276,41.311922,-105.581147,2021,8,1,11
West,Knight Hall,2021-08-01T12:00:00,30.0,40.0,,,1.4900000000000002,,,,0.0207,0.0276,41.311922,-105.581147,2021,8,1,12
West,Knight Hall,2021-08-01T13:00:00,30.0,30.0,,,6.1,,,,0.0207,0.0207,41.311922,-105.581147,2021,8,1,13
West,Knight Hall,2021-08-01T14:00:00,40.0,40.0,,,,,,,0.0276,0.0276,41.311922,-105.581147,2021,8,1,14
West,Knight Hall,2021-08-01T15:00:00,30.0,30.0,,,,,,,0.0207,0.0207,41.311922,-105.581147,2021,8,1,15
West,Knight Hall,2021-08-01T16:00:00,40.0,30.0,,,4.1,,,,0.0276,0.0207,41.311922,-105.581147,2021,8,1,16
West,Knight Hall,2021-08-01T17:00:00,30.0,30.0,,,0.15,,,,0.0207,0.0207,41.311922,-105.581147,2021,8,1,17
West,Knight Hall,2021-08-01T18:00:00,30.0,30.0,,,,,,,0.0207,0.0207,41.311922,-105.581147,2021,8,1,18
West,Knight Hall,2021-08-01T19:00:00,40.0,20.0,,,,,,,0.0276,0.0138,41.311922,-105.581147,2021,8,1,19
West,Knight Hall,2021-08-01T20:00:00,30.0,30.0,,,,,,,0.0207,0.0207,41.311922,-105.581147,2021,8,1,20
West,Knight Hall,2021-08-01T21:00:00,30.0,30.0,,,,,,,0.0207,0.0207,41.311922,-105.581147,2021,8,1,21
West,Knight Hall,2021-08-01T22:00:00,30.0,30.0,,,,,,,0.0207,0.0207,41.311922,-105.581147,2021,8,1,22
West,Knight Hall,2021-08-01T23:00:00,30.0,20.0,,,,,,,0.0207,0.0138,41.311922,-105.581147,2021,8,1,23
West,Knight Hall,2021-08-02T00:00:00,30.0,30.0,,,,,,,0.0207,0.0207,41.311922,-105.581147,2021,8,2,0
West,Knight Hall,2021-08-02T01:00:00,30.0,30.0,,,,,,,0.0207,0.0207,41.311922,-105.581147,2021,8,2,1
West,Knight Hall,2021-08-02T02:00:00,30.0,30.0,,,,,,,0.0207,0.0207,41.311922,-105.581147,2021,8,2,2
West,Knight Hall,2021-08-02T03:00:00,30.0,20.0,,,,,,,0.0207,0.0138,41.311922,-105.581147,2021,8,2,3
West,Knight Hall,2021-08-02T04:00:00,40.0,30.0,,,,,,,0.0276,0.0207,41.311922,-105.581147,2021,8,2,4
West,Knight Hall,2021-08-02T05:00:00,30.0,30.0,,,2.91,,,,0.0207,0.0207,41.311922,-105.581147,2021,8,2,5
West,Knight Hall,2021-08-02T06:00:00,40.0,30.0,,,4.87,,,,0.0276,0.0207,41.311922,-105.581147,2021,8,2,6
West,Knight Hall,2021-08-02T07:00:00,50.0,20.0,,,20.83,,,,0.034499999999999996,0.0138,41.311922,-105.581147,2021,8,2,7
West,Knight Hall,2021-08-02T08:00:00,70.0,40.0,,,51.34,,,,0.048299999999999996,0.0276,41.311922,-105.581147,2021,8,2,8
West,Knight Hall,2021-08-02T09:00:00,,30.0,,,71.6,,,,,0.0207,41.311922,-105.581147,2021,8,2,9
West,Knight Hall,2021-08-02T10:00:00,80.0,30.0,,,,,,,0.0552,0.0207,41.311922,-105.581147,2021,8,2,10
West,Knight Hall,2021-08-02T11:00:00,80.0,30.0,,,190.28,,,,0.0552,0.0207,41.311922,-105.581147,2021,8,2,11
West,Knight Hall,2021-08-02T12:00:00,80.0,30.0,,,120.26999999999998,,,,0.0552,0.0207,41.311922,-105.581147,2021,8,2,12
West,Knight Hall,2021-08-02T13:00:00,80.0,40.0,,,30.16,,,,0.0552,0.0276,41.311922,-105.581147,2021,8,2,13
West,Knight Hall,2021-08-02T14:00:00,80.0,30.0,,,31.76,,,,0.0552,0.0207,41.311922,-105.581147,2021,8,2,14
West,Knight Hall,2021-08-02T15:00:00,80.0,30.0,,,37.77,,,,0.0552,0.0207,41.311922,-105.581147,2021,8,2,15
West,Knight Hall,2021-08-02T16:00:00,70.0,30.0,,,36.81,,,,0.048299999999999996,0.0207,41.311922,-105.581147,2021,8,2,16
West,Knight Hall,2021-08-02T17:00:00,50.0,20.0,,,6.68,,,,0.034499999999999996,0.0138,41.311922,-105.581147,2021,8,2,17
West,Knight Hall,2021-08-02T18:00:00,50.0,30.0,,,26.04,,,,0.034499999999999996,0.0207,41.311922,-105.581147,2021,8,2,18
West,Knight Hall,2021-08-02T19:00:00,40.0,30.0,,,18.74,,,,0.0276,0.0207,41.311922,-105.581147,2021,8,2,19
West,Knight Hall,2021-08-02T20:00:00,40.0,30.0,,,2.39,,,,0.0276,0.0207,41.311922,-105.581147,2021,8,2,20
West,Knight Hall,2021-08-02T21:00:00,40.0,20.0,,,3.2100000000000004,,,,0.0276,0.0138,41.311922,-105.581147,2021,8,2,21
West,Knight Hall,2021-08-02T22:00:00,40.0,30.0,,,14.06,,,,0.0276,0.0207,41.311922,-105.581147,2021,8,2,22
West,Knight Hall,2021-08-02T23:00:00,30.0,30.0,,,0.21,,,,0.0207,0.0207,41.311922,-105.581147,2021,8,2,23
West,Knight Hall,2021-08-03T00:00:00,30.0,20.0,,,0.21,,,,0.0207,0.0138,41.311922,-105.581147,2021,8,3,0
West,Knight Hall,2021-08-03T01:00:00,30.0,30.0,,,0.45,,,,0.0207,0.0207,41.311922,-105.581147,2021,8,3,1
West,Knight Hall,2021-08-03T02:00:00,30.0,20.0,,,0.21,,,,0.0207,0.0138,41.311922,-105.581147,2021,8,3,2
West,Knight Hall,2021-08-03T03:00:00,30.0,30.0,,,0.26,,,,0.0207,0.0207,41.311922,-105.581147,2021,8,3,3
West,Knight Hall,2021-08-03T04:00:00,40.0,30.0,,,0.21,,,,0.0276,0.0207,41.311922,-105.581147,2021,8,3,4
West,Knight Hall,2021-08-03T05:00:00,30.0,30.0,,,0.24,,,,0.0207,0.0207,41.311922,-105.581147,2021,8,3,5
West,Knight Hall,2021-08-03T06:00:00,30.0,30.0,,,0.02,,,,0.0207,0.0207,41.311922,-105.581147,2021,8,3,6
West,Knight Hall,2021-08-03T07:00:00,60.0,40.0,,,11.529999999999998,,,,0.0414,0.0276,41.311922,-105.581147,2021,8,3,7
West,Knight Hall,2021-08-03T08:00:00,80.0,70.0,,,,,,,0.0552,0.048299999999999996,41.311922,-105.581147,2021,8,3,8
West,Knight Hall,2021-08-03T09:00:00,80.0,60.0,,,,,,,0.0552,0.0414,41.311922,-105.581147,2021,8,3,9
West,Knight Hall,2021-08-03T10:00:00,,70.0,,,,,,,,0.048299999999999996,41.311922,-105.581147,2021,8,3,10
West,Knight Hall,2021-08-03T11:00:00,80.0,70.0,,,224.73,,,,0.0552,0.048299999999999996,41.311922,-105.581147,2021,8,3,11
West,Knight Hall,2021-08-03T12:00:00,,60.0,,,113.48,,,,,0.0414,41.311922,-105.581147,2021,8,3,12
West,Knight Hall,2021-08-03T13:00:00,80.0,70.0,,,86.46000000000001,,,,0.0552,0.048299999999999996,41.311922,-105.581147,2021,8,3,13
West,Knight Hall,2021-08-03T14:00:00,80.0,60.0,,,36.67,,,,0.0552,0.0414,41.311922,-105.581147,2021,8,3,14
West,Knight Hall,2021-08-03T15:00:00,80.0,70.0,,,72.79,,,,0.0552,0.048299999999999996,41.311922,-105.581147,2021,8,3,15
West,Knight Hall,2021-08-03T16:00:00,70.0,60.0,,,65.11,,,,0.048299999999999996,0.0414,41.311922,-105.581147,2021,8,3,16
West,Knight Hall,2021-08-03T17:00:00,50.0,40.0,,,21.35,,,,0.034499999999999996,0.0276,41.311922,-105.581147,2021,8,3,17
West,Knight Hall,2021-08-03T18:00:00,50.0,40.0,,,23.39,,,,0.034499999999999996,0.0276,41.311922,-105.581147,2021,8,3,18
West,Knight Hall,2021-08-03T19:00:00,40.0,40.0,,,48.36,,,,0.0276,0.0276,41.311922,-105.581147,2021,8,3,19
West,Knight Hall,2021-08-03T20:00:00,40.0,30.0,,,12.98,,,,0.0276,0.0207,41.311922,-105.581147,2021,8,3,20
West,Knight Hall,2021-08-03T21:00:00,40.0,30.0,,,12.53,,,,0.0276,0.0207,41.311922,-105.581147,2021,8,3,21
West,Knight Hall,2021-08-03T22:00:00,40.0,40.0,,,37.92,,,,0.0276,0.0276,41.311922,-105.581147,2021,8,3,22
West,Knight Hall,2021-08-03T23:00:00,40.0,30.0,,,1.08,,,,0.0276,0.0207,41.311922,-105.581147,2021,8,3,23
West,Knight Hall,2021-08-04T00:00:00,30.0,20.0,,,12.59,,,,0.0207,0.0138,41.311922,-105.581147,2021,8,4,0
West,Knight Hall,2021-08-04T01:00:00,30.0,30.0,,,18.76,,,,0.0207,0.0207,41.311922,-105.581147,2021,8,4,1
West,Knight Hall,2021-08-04T02:00:00,30.0,30.0,,,28.110000000000003,,,,0.0207,0.0207,41.311922,-105.581147,2021,8,4,2
West,Knight Hall,2021-08-04T03:00:00,40.0,30.0,,,26.22,,,,0.0276,0.0207,41.311922,-105.581147,2021,8,4,3
West,Knight Hall,2021-08-04T04:00:00,30.0,30.0,,,11.64,,,,0.0207,0.0207,41.311922,-105.581147,2021,8,4,4
West,Knight Hall,2021-08-04T05:00:00,40.0,30.0,,,11.15,,,,0.0276,0.0207,41.311922,-105.581147,2021,8,4,5
West,Knight Hall,2021-08-04T06:00:00,30.0,40.0,,,11.54,,,,0.0207,0.0276,41.311922,-105.581147,2021,8,4,6
West,Knight Hall,2021-08-04T07:00:00,50.0,40.0,,,20.55,,,,0.034499999999999996,0.0276,41.311922,-105.581147,2021,8,4,7
West,Knight Hall,2021-08-04T08:00:00,80.0,70.0,,,81.94999999999999,,,,0.0552,0.048299999999999996,41.311922,-105.581147,2021,8,4,8
West,Knight Hall,2021-08-04T09:00:00,80.0,70.0,,,58.82000000000001,,,,0.0552,0.048299999999999996,41.311922,-105.581147,2021,8,4,9
West,Knight Hall,2021-08-04T10:00:00,80.0,70.0,,,98.79,,,,0.0552,0.048299999999999996,41.311922,-105.581147,2021,8,4,10
West,Knight Hall,2021-08-04T11:00:00,80.0,70.0,,,58.67,,,,0.0552,0.048299999999999996,41.311922,-105.581147,2021,8,4,11
West,Knight Hall,2021-08-04T12:00:00,80.0,60.0,,,27.86,,,,0.0552,0.0414,41.311922,-105.581147,2021,8,4,12
West,Knight Hall,2021-08-04T13:00:00,80.0,70.0,,,,,,,0.0552,0.048299999999999996,41.311922,-105.581147,2021,8,4,13
West,Knight Hall,2021-08-04T14:00:00,80.0,60.0,,,,,,,0.0552,0.0414,41.311922,-105.581147,2021,8,4,14
West,Knight Hall,2021-08-04T15:00:00,70.0,70.0,,,,,,,0.048299999999999996,0.048299999999999996,41.311922,-105.581147,2021,8,4,15
West,Knight Hall,2021-08-04T16:00:00,70.0,60.0,,,,,,,0.048299999999999996,0.0414,41.311922,-105.581147,2021,8,4,16
West,Knight Hall,2021-08-04T17:00:00,50.0,50.0,,,,,,,0.034499999999999996,0.034499999999999996,41.311922,-105.581147,2021,8,4,17
West,Knight Hall,2021-08-04T18:00:00,40.0,40.0,,,74.17,,,,0.0276,0.0276,41.311922,-105.581147,2021,8,4,18
West,Knight Hall,2021-08-04T19:00:00,40.0,30.0,,,49.72,,,,0.0276,0.0207,41.311922,-105.581147,2021,8,4,19
West,Knight Hall,2021-08-04T20:00:00,30.0,40.0,,,35.17,,,,0.0207,0.0276,41.311922,-105.581147,2021,8,4,20
West,Knight Hall,2021-08-04T21:00:00,40.0,30.0,,,45.8,,,,0.0276,0.0207,41.311922,-105.581147,2021,8,4,21
West,Knight Hall,2021-08-04T22:00:00,30.0,30.0,,,34.28,,,,0.0207,0.0207,41.311922,-105.581147,2021,8,4,22
West,Knight Hall,2021-08-04T23:00:00,40.0,30.0,,,45.04,,,,0.0276,0.0207,41.311922,-105.581147,2021,8,4,23
West,Knight Hall,2021-08-05T00:00:00,20.0,20.0,,,33.66,,,,0.0138,0.0138,41.311922,-105.581147,2021,8,5,0
West,Knight Hall,2021-08-05T01:00:00,30.0,30.0,,,33.91,,,,0.0207,0.0207,41.311922,-105.581147,2021,8,5,1
West,Knight Hall,2021-08-05T02:00:00,30.0,30.0,,,33.29,,,,0.0207,0.0207,41.311922,-105.581147,2021,8,5,2
West,Knight Hall,2021-08-05T03:00:00,30.0,20.0,,,34.04,,,,0.0207,0.0138,41.311922,-105.581147,2021,8,5,3
West,Knight Hall,2021-08-05T04:00:00,30.0,30.0,,,33.57,,,,0.0207,0.0207,41.311922,-105.581147,2021,8,5,4
West,Knight Hall,2021-08-05T05:00:00,30.0,30.0,,,35.88,,,,0.0207,0.0207,41.311922,-105.581147,2021,8,5,5
West,Knight Hall,2021-08-05T06:00:00,30.0,40.0,,,38.92,,,,0.0207,0.0276,41.311922,-105.581147,2021,8,5,6
West,Knight Hall,2021-08-05T07:00:00,50.0,40.0,,,64.73,,,,0.034499999999999996,0.0276,41.311922,-105.581147,2021,8,5,7
West,Knight Hall,2021-08-05T08:00:00,70.0,70.0,,,,,,,0.048299999999999996,0.048299999999999996,41.311922,-105.581147,2021,8,5,8
West,Knight Hall,2021-08-05T09:00:00,70.0,60.0,,,128.53,,,,0.048299999999999996,0.0414,41.311922,-105.581147,2021,8,5,9
West,Knight Hall,2021-08-05T10:00:00,80.0,70.0,,,151.76999999999998,,,,0.0552,0.048299999999999996,41.311922,-105.581147,2021,8,5,10
West,Knight Hall,2021-08-05T11:00:00,80.0,70.0,,,,,,,0.0552,0.048299999999999996,41.311922,-105.581147,2021,8,5,11
West,Knight Hall,2021-08-05T12:00:00,70.0,60.0,,,139.11,,,,0.048299999999999996,0.0414,41.311922,-105.581147,2021,8,5,12
West,Knight Hall,2021-08-05T13:00:00,80.0,70.0,,,124.3,,,,0.0552,0.048299999999999996,41.311922,-105.581147,2021,8,5,13
West,Knight Hall,2021-08-05T14:00:00,70.0,60.0,,,136.76,,,,0.048299999999999996,0.0414,41.311922,-105.581147,2021,8,5,14
West,Knight Hall,2021-08-05T15:00:00,80.0,60.0,,,,,,,0.0552,0.0414,41.311922,-105.581147,2021,8,5,15
West,Knight Hall,2021-08-05T16:00:00,60.0,60.0,,,80.08,,,,0.0414,0.0414,41.311922,-105.581147,2021,8,5,16
West,Knight Hall,2021-08-05T17:00:00,50.0,50.0,,,75.25,,,,0.034499999999999996,0.034499999999999996,41.311922,-105.581147,2021,8,5,17
West,Knight Hall,2021-08-05T18:00:00,50.0,40.0,,,73.63,,,,0.034499999999999996,0.0276,41.311922,-105.581147,2021,8,5,18
West,Knight Hall,2021-08-05T19:00:00,50.0,40.0,,,72.12,,,,0.034499999999999996,0.0276,41.311922,-105.581147,2021,8,5,19
West,Knight Hall,2021-08-05T20:00:00,40.0,40.0,,,39.85,,,,0.0276,0.0276,41.311922,-105.581147,2021,8,5,20
West,Knight Hall,2021-08-05T21:00:00,30.0,30.0,,,39.41,,,,0.0207,0.0207,41.311922,-105.581147,2021,8,5,21
West,Knight Hall,2021-08-05T22:00:00,40.0,30.0,,,66.11,,,,0.0276,0.0207,41.311922,-105.581147,2021,8,5,22
West,Knight Hall,2021-08-05T23:00:00,30.0,30.0,,,35.94,,,,0.0207,0.0207,41.311922,-105.581147,2021,8,5,23
West,Knight Hall,2021-08-06T00:00:00,30.0,30.0,,,36.260000000000005,,,,0.0207,0.0207,41.311922,-105.581147,2021,8,6,0
West,Knight Hall,2021-08-06T01:00:00,30.0,20.0,,,36.16,,,,0.0207,0.0138,41.311922,-105.581147,2021,8,6,1
West,Knight Hall,2021-08-06T02:00:00,20.0,30.0,,,35.86,,,,0.0138,0.0207,41.311922,-105.581147,2021,8,6,2
West,Knight Hall,2021-08-06T03:00:00,30.0,20.0,,,35.92,,,,0.0207,0.0138,41.311922,-105.581147,2021,8,6,3
West,Knight Hall,2021-08-06T04:00:00,30.0,30.0,,,36.95,,,,0.0207,0.0207,41.311922,-105.581147,2021,8,6,4
West,Knight Hall,2021-08-06T05:00:00,40.0,30.0,,,36.93000000000001,,,,0.0276,0.0207,41.311922,-105.581147,2021,8,6,5
West,Knight Hall,2021-08-06T06:00:00,30.0,40.0,,,34.78,,,,0.0207,0.0276,41.311922,-105.581147,2021,8,6,6
West,Knight Hall,2021-08-06T07:00:00,50.0,40.0,,,53.28,,,,0.034499999999999996,0.0276,41.311922,-105.581147,2021,8,6,7
West,Knight Hall,2021-08-06T08:00:00,60.0,60.0,,,89.37,,,,0.0414,0.0414,41.311922,-105.581147,2021,8,6,8
West,Knight Hall,2021-08-06T09:00:00,80.0,60.0,,,,,,,0.0552,0.0414,41.311922,-105.581147,2021,8,6,9
West,Knight Hall,2021-08-06T10:00:00,70.0,70.0,,,,,,,0.048299999999999996,0.048299999999999996,41.311922,-105.581147,2021,8,6,10
West,Knight Hall,2021-08-06T11:00:00,70.0,60.0,,,108.52,,,,0.048299999999999996,0.0414,41.311922,-105.581147,2021,8,6,11
West,Knight Hall,2021-08-06T12:00:00,70.0,60.0,,,125.96,,,,0.048299999999999996,0.0414,41.311922,-105.581147,2021,8,6,12
West,Knight Hall,2021-08-06T13:00:00,70.0,60.0,,,85.28999999999999,,,,0.048299999999999996,0.0414,41.311922,-105.581147,2021,8,6,13
West,Knight Hall,2021-08-06T14:00:00,70.0,60.0,,,90.05999999999999,,,,0.048299999999999996,0.0414,41.311922,-105.581147,2021,8,6,14
West,Knight Hall,2021-08-06T15:00:00,60.0,60.0,,,135.29,,,,0.0414,0.0414,41.311922,-105.581147,2021,8,6,15
West,Knight Hall,2021-08-06T16:00:00,60.0,60.0,,,58.74999999999999,,,,0.0414,0.0414,41.311922,-105.581147,2021,8,6,16
West,Knight Hall,2021-08-06T17:00:00,50.0,40.0,,,58.13,,,,0.034499999999999996,0.0276,41.311922,-105.581147,2021,8,6,17
West,Knight Hall,2021-08-06T18:00:00,40.0,50.0,,,,,,,0.0276,0.034499999999999996,41.311922,-105.581147,2021,8,6,18
West,Knight Hall,2021-08-06T19:00:00,40.0,40.0,,,175.93999999999997,,,,0.0276,0.0276,41.311922,-105.581147,2021,8,6,19
West,Knight Hall,2021-08-06T20:00:00,40.0,40.0,,,41.79,,,,0.0276,0.0276,41.311922,-105.581147,2021,8,6,20
West,Knight Hall,2021-08-06T21:00:00,30.0,30.0,,,54.49,,,,0.0207,0.0207,41.311922,-105.581147,2021,8,6,21
West,Knight Hall,2021-08-06T22:00:00,40.0,30.0,,,42.91,,,,0.0276,0.0207,41.311922,-105.581147,2021,8,6,22
West,Knight Hall,2021-08-06T23:00:00,30.0,30.0,,,36.49999999999999,,,,0.0207,0.0207,41.311922,-105.581147,2021,8,6,23
West,Knight Hall,2021-08-07T00:00:00,20.0,20.0,,,36.59,,,,0.0138,0.0138,41.311922,-105.581147,2021,8,7,0
West,Knight Hall,2021-08-07T01:00:00,30.0,30.0,,,37.23,,,,0.0207,0.0207,41.311922,-105.581147,2021,8,7,1
West,Knight Hall,2021-08-07T02:00:00,30.0,30.0,,,36.68,,,,0.0207,0.0207,41.311922,-105.581147,2021,8,7,2
West,Knight Hall,2021-08-07T03:00:00,30.0,20.0,,,37.02,,,,0.0207,0.0138,41.311922,-105.581147,2021,8,7,3
West,Knight Hall,2021-08-07T04:00:00,20.0,30.0,,,36.48,,,,0.0138,0.0207,41.311922,-105.581147,2021,8,7,4
West,Knight Hall,2021-08-07T05:00:00,30.0,30.0,,,36.59,,,,0.0207,0.0207,41.311922,-105.581147,2021,8,7,5
West,Knight Hall,2021-08-07T06:00:00,30.0,30.0,,,36.93,,,,0.0207,0.0207,41.311922,-105.581147,2021,8,7,6
West,Knight Hall,2021-08-07T07:00:00,20.0,40.0,,,37.23,,,,0.0138,0.0276,41.311922,-105.581147,2021,8,7,7
West,Knight Hall,2021-08-07T08:00:00,30.0,60.0,,,36.7,,,,0.0207,0.0414,41.311922,-105.581147,2021,8,7,8
West,Knight Hall,2021-08-07T09:00:00,30.0,70.0,,,37.09,,,,0.0207,0.048299999999999996,41.311922,-105.581147,2021,8,7,9
West,Knight Hall,2021-08-07T10:00:00,30.0,70.0,,,41.61,,,,0.0207,0.048299999999999996,41.311922,-105.581147,2021,8,7,10
West,Knight Hall,2021-08-07T11:00:00,30.0,60.0,,,43.12,,,,0.0207,0.0414,41.311922,-105.581147,2021,8,7,11
West,Knight Hall,2021-08-07T12:00:00,30.0,70.0,,,37.11,,,,0.0207,0.048299999999999996,41.311922,-105.581147,2021,8,7,12
West,Knight Hall,2021-08-07T13:00:00,30.0,60.0,,,34.65,,,,0.0207,0.0414,41.311922,-105.581147,2021,8,7,13
West,Knight Hall,2021-08-07T14:00:00,30.0,60.0,,,36.03,,,,0.0207,0.0414,41.311922,-105.581147,2021,8,7,14
West,Knight Hall,2021-08-07T15:00:00,30.0,60.0,,,36.370000000000005,,,,0.0207,0.0414,41.311922,-105.581147,2021,8,7,15
West,Knight Hall,2021-08-07T16:00:00,30.0,60.0,,,33.85,,,,0.0207,0.0414,41.311922,-105.581147,2021,8,7,16
West,Knight Hall,2021-08-07T17:00:00,30.0,40.0,,,41.42,,,,0.0207,0.0276,41.311922,-105.581147,2021,8,7,17
West,Knight Hall,2021-08-07T18:00:00,30.0,40.0,,,37.02,,,,0.0207,0.0276,41.311922,-105.581147,2021,8,7,18
West,Knight Hall,2021-08-07T19:00:00,30.0,40.0,,,36.52,,,,0.0207,0.0276,41.311922,-105.581147,2021,8,7,19
West,Knight Hall,2021-08-07T20:00:00,21.42857142863795,40.0,,,36.03,,,,0.014785714285760186,0.0276,41.311922,-105.581147,2021,8,7,20
West,Knight Hall,2021-08-07T21:00:00,28.57142857136205,30.0,,,36.8,,,,0.01971428571423981,0.0207,41.311922,-105.581147,2021,8,7,21
West,Knight Hall,2021-08-07T22:00:00,20.0,30.0,,,36.72,,,,0.0138,0.0207,41.311922,-105.581147,2021,8,7,22
West,Knight Hall,2021-08-07T23:00:00,30.0,30.0,,,36.7,,,,0.0207,0.0207,41.311922,-105.581147,2021,8,7,23
West,Knight Hall,2021-08-08T00:00:00,30.0,20.0,,,35.43,,,,0.0207,0.0138,41.311922,-105.581147,2021,8,8,0
West,Knight Hall,2021-08-08T01:00:00,20.0,30.0,,,36.65,,,,0.0138,0.0207,41.311922,-105.581147,2021,8,8,1
West,Knight Hall,2021-08-08T02:00:00,30.0,20.0,,,36.76,,,,0.0207,0.0138,41.311922,-105.581147,2021,8,8,2
West,Knight Hall,2021-08-08T03:00:00,30.0,30.0,,,36.52,,,,0.0207,0.0207,41.311922,-105.581147,2021,8,8,3
West,Knight Hall,2021-08-08T04:00:00,20.0,20.0,,,36.74,,,,0.0138,0.0138,41.311922,-105.581147,2021,8,8,4
West,Knight Hall,2021-08-08T05:00:00,30.0,30.0,,,36.31,,,,0.0207,0.0207,41.311922,-105.581147,2021,8,8,5
West,Knight Hall,2021-08-08T06:00:00,30.0,20.0,,,37.28,,,,0.0207,0.0138,41.311922,-105.581147,2021,8,8,6
West,Knight Hall,2021-08-08T07:00:00,30.0,30.0,,,36.4,,,,0.0207,0.0207,41.311922,-105.581147,2021,8,8,7
West,Knight Hall,2021-08-08T08:00:00,20.0,30.0,,,34.63,,,,0.0138,0.0207,41.311922,-105.581147,2021,8,8,8
West,Knight Hall,2021-08-08T09:00:00,40.0,30.0,,,35.66,,,,0.0276,0.0207,41.311922,-105.581147,2021,8,8,9
West,Knight Hall,2021-08-08T10:00:00,20.0,30.0,,,34.24,,,,0.0138,0.0207,41.311922,-105.581147,2021,8,8,10
West,Knight Hall,2021-08-08T11:00:00,40.0,40.0,,,35.059999999999995,,,,0.0276,0.0276,41.311922,-105.581147,2021,8,8,11
West,Knight Hall,2021-08-08T12:00:00,20.0,30.0,,,34.54,,,,0.0138,0.0207,41.311922,-105.581147,2021,8,8,12
West,Knight Hall,2021-08-08T13:00:00,40.0,30.0,,,35.42,,,,0.0276,0.0207,41.311922,-105.581147,2021,8,8,13
West,Knight Hall,2021-08-08T14:00:00,20.0,30.0,,,34.07,,,,0.0138,0.0207,41.311922,-105.581147,2021,8,8,14
West,Knight Hall,2021-08-08T15:00:00,40.0,30.0,,,,,,,0.0276,0.0207,41.311922,-105.581147,2021,8,8,15
West,Knight Hall,2021-08-08T16:00:00,30.0,20.0,,,,,,,0.0207,0.0138,41.311922,-105.581147,2021,8,8,16
West,Knight Hall,2021-08-08T17:00:00,30.0,30.0,,,,,,,0.0207,0.0207,41.311922,-105.581147,2021,8,8,17
West,Knight Hall,2021-08-08T18:00:00,20.0,30.0,,,,,,,0.0138,0.0207,41.311922,-105.581147,2021,8,8,18
West,Knight Hall,2021-08-08T19:00:00,40.0,20.0,,,,,,,0.0276,0.0138,41.311922,-105.581147,2021,8,8,19
West,Knight Hall,2021-08-08T20:00:00,20.0,30.0,,,,,,,0.0138,0.0207,41.311922,-105.581147,2021,8,8,20
West,Knight Hall,2021-08-08T21:00:00,30.0,20.0,,,,,,,0.0207,0.0138,41.311922,-105.581147,2021,8,8,21
West,Knight Hall,2021-08-08T22:00:00,20.0,30.0,,,,,,,0.0138,0.0207,41.311922,-105.581147,2021,8,8,22
West,Knight Hall,2021-08-08T23:00:00,30.0,30.0,,,,,,,0.0207,0.0207,41.311922,-105.581147,2021,8,8,23
West,Knight Hall,2021-08-09T00:00:00,30.0,20.0,,,,,,,0.0207,0.0138,41.311922,-105.581147,2021,8,9,0
West,Knight Hall,2021-08-09T01:00:00,30.0,30.0,,,43.29,,,,0.0207,0.0207,41.311922,-105.581147,2021,8,9,1
West,Knight Hall,2021-08-09T02:00:00,20.0,20.0,,,42.35,,,,0.0138,0.0138,41.311922,-105.581147,2021,8,9,2
West,Knight Hall,2021-08-09T03:00:00,40.0,30.0,,,42.2,,,,0.0276,0.0207,41.311922,-105.581147,2021,8,9,3
West,Knight Hall,2021-08-09T04:00:00,20.0,20.0,,,43.03,,,,0.0138,0.0138,41.311922,-105.581147,2021,8,9,4
West,Knight Hall,2021-08-09T05:00:00,30.0,30.0,,,42.19,,,,0.0207,0.0207,41.311922,-105.581147,2021,8,9,5
West,Knight Hall,2021-08-09T06:00:00,30.0,20.0,,,46.21,,,,0.0207,0.0138,41.311922,-105.581147,2021,8,9,6
West,Knight Hall,2021-08-09T07:00:00,50.0,30.0,,,121.24,,,,0.034499999999999996,0.0207,41.311922,-105.581147,2021,8,9,7
West,Knight Hall,2021-08-09T08:00:00,70.0,30.0,,,159.64,,,,0.048299999999999996,0.0207,41.311922,-105.581147,2021,8,9,8
West,Knight Hall,2021-08-09T09:00:00,,30.0,,,132.88,,,,,0.0207,41.311922,-105.581147,2021,8,9,9
West,Knight Hall,2021-08-09T10:00:00,60.0,30.0,,,172.36,,,,0.0414,0.0207,41.311922,-105.581147,2021,8,9,10
West,Knight Hall,2021-08-09T11:00:00,,30.0,,,111.96,,,,,0.0207,41.311922,-105.581147,2021,8,9,11
West,Knight Hall,2021-08-09T12:00:00,60.0,30.0,,,113.06000000000002,,,,0.0414,0.0207,41.311922,-105.581147,2021,8,9,12
West,Knight Hall,2021-08-09T13:00:00,60.0,30.0,,,83.66,,,,0.0414,0.0207,41.311922,-105.581147,2021,8,9,13
West,Knight Hall,2021-08-09T14:00:00,80.0,30.0,,,91.72,,,,0.0552,0.0207,41.311922,-105.581147,2021,8,9,14
West,Knight Hall,2021-08-09T15:00:00,80.0,30.0,,,102.5,,,,0.0552,0.0207,41.311922,-105.581147,2021,8,9,15
West,Knight Hall,2021-08-09T16:00:00,50.0,30.0,,,74.26,,,,0.034499999999999996,0.0207,41.311922,-105.581147,2021,8,9,16
West,Knight Hall,2021-08-09T17:00:00,60.0,30.0,,,60.93000000000001,,,,0.0414,0.0207,41.311922,-105.581147,2021,8,9,17
West,Knight Hall,2021-08-09T18:00:00,40.0,30.0,,,65.03000000000002,,,,0.0276,0.0207,41.311922,-105.581147,2021,8,9,18
West,Knight Hall,2021-08-09T19:00:00,50.0,20.0,,,90.47,,,,0.034499999999999996,0.0138,41.311922,-105.581147,2021,8,9,19
West,Knight Hall,2021-08-09T20:00:00,30.0,30.0,,,43.38,,,,0.0207,0.0207,41.311922,-105.581147,2021,8,9,20
West,Knight Hall,2021-08-09T21:00:00,40.0,30.0,,,42.15,,,,0.0276,0.0207,41.311922,-105.581147,2021,8,9,21
West,Knight Hall,2021-08-09T22:00:00,30.0,20.0,,,70.46,,,,0.0207,0.0138,41.311922,-105.581147,2021,8,9,22
West,Knight Hall,2021-08-09T23:00:00,30.0,30.0,,,43.03,,,,0.0207,0.0207,41.311922,-105.581147,2021,8,9,23
West,Knight Hall,2021-08-10T00:00:00,30.0,20.0,,,42.47,,,,0.0207,0.0138,41.311922,-105.581147,2021,8,10,0
West,Knight Hall,2021-08-10T01:00:00,30.0,30.0,,,40.23,,,,0.0207,0.0207,41.311922,-105.581147,2021,8,10,1
West,Knight Hall,2021-08-10T02:00:00,30.0,30.0,,,39.22,,,,0.0207,0.0207,41.311922,-105.581147,2021,8,10,2
West,Knight Hall,2021-08-10T03:00:00,30.0,20.0,,,38.29,,,,0.0207,0.0138,41.311922,-105.581147,2021,8,10,3
West,Knight Hall,2021-08-10T04:00:00,30.0,30.0,,,45.510000000000005,,,,0.0207,0.0207,41.311922,-105.581147,2021,8,10,4
West,Knight Hall,2021-08-10T05:00:00,30.0,30.0,,,42.39,,,,0.0207,0.0207,41.311922,-105.581147,2021,8,10,5
West,Knight Hall,2021-08-10T06:00:00,30.0,30.0,,,39.74,,,,0.0207,0.0207,41.311922,-105.581147,2021,8,10,6
West,Knight Hall,2021-08-10T07:00:00,60.0,40.0,,,67.2,,,,0.0414,0.0276,41.311922,-105.581147,2021,8,10,7
West,Knight Hall,2021-08-10T08:00:00,70.0,70.0,,,111.28,,,,0.048299999999999996,0.048299999999999996,41.311922,-105.581147,2021,8,10,8
West,Knight Hall,2021-08-10T09:00:00,80.0,70.0,,,185.92,,,,0.0552,0.048299999999999996,41.311922,-105.581147,2021,8,10,9
West,Knight Hall,2021-08-10T10:00:00,80.0,70.0,,,143.25,,,,0.0552,0.048299999999999996,41.311922,-105.581147,2021,8,10,10
West,Knight Hall,2021-08-10T11:00:00,80.0,60.0,,,131.85000000000002,,,,0.0552,0.0414,41.311922,-105.581147,2021,8,10,11
West,Knight Hall,2021-08-10T12:00:00,70.0,70.0,,,101.34,,,,0.048299999999999996,0.048299999999999996,41.311922,-105.581147,2021,8,10,12
West,Knight Hall,2021-08-10T13:00:00,80.0,70.0,,,125.72,,,,0.0552,0.048299999999999996,41.311922,-105.581147,2021,8,10,13
West,Knight Hall,2021-08-10T14:00:00,80.0,70.0,,,123.59,,,,0.0552,0.048299999999999996,41.311922,-105.581147,2021,8,10,14
West,Knight Hall,2021-08-10T15:00:00,,60.0,,,113.17,,,,,0.0414,41.311922,-105.581147,2021,8,10,15
West,Knight Hall,2021-08-10T16:00:00,60.0,60.0,,,89.49999999999999,,,,0.0414,0.0414,41.311922,-105.581147,2021,8,10,16
West,Knight Hall,2021-08-10T17:00:00,50.0,50.0,,,90.9,,,,0.034499999999999996,0.034499999999999996,41.311922,-105.581147,2021,8,10,17
West,Knight Hall,2021-08-10T18:00:00,40.0,40.0,,,68.50000000000001,,,,0.0276,0.0276,41.311922,-105.581147,2021,8,10,18
West,Knight Hall,2021-08-10T19:00:00,50.0,40.0,,,70.25,,,,0.034499999999999996,0.0276,41.311922,-105.581147,2021,8,10,19
West,Knight Hall,2021-08-10T20:00:00,30.0,40.0,,,43.23,,,,0.0207,0.0276,41.311922,-105.581147,2021,8,10,20
West,Knight Hall,2021-08-10T21:00:00,40.0,30.0,,,53.64,,,,0.0276,0.0207,41.311922,-105.581147,2021,8,10,21
West,Knight Hall,2021-08-10T22:00:00,40.0,30.0,,,59.66,,,,0.0276,0.0207,41.311922,-105.581147,2021,8,10,22
West,Knight Hall,2021-08-10T23:00:00,30.0,30.0,,,46.68,,,,0.0207,0.0207,41.311922,-105.581147,2021,8,10,23
West,Knight Hall,2021-08-11T00:00:00,20.0,30.0,,,39.61,,,,0.0138,0.0207,41.311922,-105.581147,2021,8,11,0
West,Knight Hall,2021-08-11T01:00:00,30.0,30.0,,,40.510000000000005,,,,0.0207,0.0207,41.311922,-105.581147,2021,8,11,1
West,Knight Hall,2021-08-11T02:00:00,30.0,30.0,,,39.59,,,,0.0207,0.0207,41.311922,-105.581147,2021,8,11,2
West,Knight Hall,2021-08-11T03:00:00,30.0,20.0,,,39.43,,,,0.0207,0.0138,41.311922,-105.581147,2021,8,11,3
West,Knight Hall,2021-08-11T04:00:00,30.0,30.0,,,41.1,,,,0.0207,0.0207,41.311922,-105.581147,2021,8,11,4
West,Knight Hall,2021-08-11T05:00:00,40.0,30.0,,,40.64,,,,0.0276,0.0207,41.311922,-105.581147,2021,8,11,5
West,Knight Hall,2021-08-11T06:00:00,30.0,40.0,,,42.02,,,,0.0207,0.0276,41.311922,-105.581147,2021,8,11,6
West,Knight Hall,2021-08-11T07:00:00,60.0,40.0,,,78.7,,,,0.0414,0.0276,41.311922,-105.581147,2021,8,11,7
West,Knight Hall,2021-08-11T08:00:00,60.0,70.0,,,118.43,,,,0.0414,0.048299999999999996,41.311922,-105.581147,2021,8,11,8
West,Knight Hall,2021-08-11T09:00:00,80.0,70.0,,,139.28,,,,0.0552,0.048299999999999996,41.311922,-105.581147,2021,8,11,9
West,Knight Hall,2021-08-11T10:00:00,80.0,70.0,,,184.13,,,,0.0552,0.048299999999999996,41.311922,-105.581147,2021,8,11,10
West,Knight Hall,2021-08-11T11:00:00,80.0,70.0,,,117.96,,,,0.0552,0.048299999999999996,41.311922,-105.581147,2021,8,11,11
West,Knight Hall,2021-08-11T12:00:00,80.0,60.0,,,134.19,,,,0.0552,0.0414,41.311922,-105.581147,2021,8,11,12
West,Knight Hall,2021-08-11T13:00:00,80.0,70.0,,,110.52,,,,0.0552,0.048299999999999996,41.311922,-105.581147,2021,8,11,13
West,Knight Hall,2021-08-11T14:00:00,80.0,70.0,,,142.37,,,,0.0552,0.048299999999999996,41.311922,-105.581147,2021,8,11,14
West,Knight Hall,2021-08-11T15:00:00,,60.0,,,105.91,,,,,0.0414,41.311922,-105.581147,2021,8,11,15
West,Knight Hall,2021-08-11T16:00:00,60.0,60.0,,,93.7,,,,0.0414,0.0414,41.311922,-105.581147,2021,8,11,16
West,Knight Hall,2021-08-11T17:00:00,60.0,50.0,,,107.96,,,,0.0414,0.034499999999999996,41.311922,-105.581147,2021,8,11,17
West,Knight Hall,2021-08-11T18:00:00,40.0,40.0,,,65.08999999999999,,,,0.0276,0.0276,41.311922,-105.581147,2021,8,11,18
West,Knight Hall,2021-08-11T19:00:00,50.0,40.0,,,99.07,,,,0.034499999999999996,0.0276,41.311922,-105.581147,2021,8,11,19
West,Knight Hall,2021-08-11T20:00:00,40.0,40.0,,,43.49,,,,0.0276,0.0276,41.311922,-105.581147,2021,8,11,20
West,Knight Hall,2021-08-11T21:00:00,40.0,30.0,,,69.96999999999998,,,,0.0276,0.0207,41.311922,-105.581147,2021,8,11,21
West,Knight Hall,2021-08-11T22:00:00,30.0,30.0,,,51.6,,,,0.0207,0.0207,41.311922,-105.581147,2021,8,11,22
West,Knight Hall,2021-08-11T23:00:00,40.0,30.0,,,50.34,,,,0.0276,0.0207,41.311922,-105.581147,2021,8,11,23
West,Knight Hall,2021-08-12T00:00:00,20.0,30.0,,,44.31,,,,0.0138,0.0207,41.311922,-105.581147,2021,8,12,0
West,Knight Hall,2021-08-12T01:00:00,30.0,30.0,,,45.52,,,,0.0207,0.0207,41.311922,-105.581147,2021,8,12,1
West,Knight Hall,2021-08-12T02:00:00,30.0,20.0,,,41.370000000000005,,,,0.0207,0.0138,41.311922,-105.581147,2021,8,12,2
West,Knight Hall,2021-08-12T03:00:00,30.0,30.0,,,41.66,,,,0.0207,0.0207,41.311922,-105.581147,2021,8,12,3
West,Knight Hall,2021-08-12T04:00:00,30.0,30.0,,,40.92,,,,0.0207,0.0207,41.311922,-105.581147,2021,8,12,4
West,Knight Hall,2021-08-12T05:00:00,30.0,30.0,,,43.98,,,,0.0207,0.0207,41.311922,-105.581147,2021,8,12,5
West,Knight Hall,2021-08-12T06:00:00,30.0,40.0,,,44.03,,,,0.0207,0.0276,41.311922,-105.581147,2021,8,12,6
West,Knight Hall,2021-08-12T07:00:00,70.0,40.0,,,69.6,,,,0.048299999999999996,0.0276,41.311922,-105.581147,2021,8,12,7
West,Knight Hall,2021-08-12T08:00:00,60.0,70.0,,,115.74,,,,0.0414,0.048299999999999996,41.311922,-105.581147,2021,8,12,8
West,Knight Hall,2021-08-12T09:00:00,80.0,70.0,,,,,,,0.0552,0.048299999999999996,41.311922,-105.581147,2021,8,12,9
West,Knight Hall,2021-08-12T10:00:00,70.0,70.0,,,,,,,0.048299999999999996,0.048299999999999996,41.311922,-105.581147,2021,8,12,10
West,Knight Hall,2021-08-12T11:00:00,,60.0,,,,,,,,0.0414,41.311922,-105.581147,2021,8,12,11
West,Knight Hall,2021-08-12T12:00:00,60.0,70.0,,,100.99,,,,0.0414,0.048299999999999996,41.311922,-105.581147,2021,8,12,12
West,Knight Hall,2021-08-12T13:00:00,,70.0,,,145.36,,,,,0.048299999999999996,41.311922,-105.581147,2021,8,12,13
West,Knight Hall,2021-08-12T14:00:00,70.0,70.0,,,119.64,,,,0.048299999999999996,0.048299999999999996,41.311922,-105.581147,2021,8,12,14
West,Knight Hall,2021-08-12T15:00:00,,70.0,,,,,,,,0.048299999999999996,41.311922,-105.581147,2021,8,12,15
West,Knight Hall,2021-08-12T16:00:00,50.0,60.0,,,,,,,0.034499999999999996,0.0414,41.311922,-105.581147,2021,8,12,16
West,Knight Hall,2021-08-12T17:00:00,60.0,50.0,,,76.26,,,,0.0414,0.034499999999999996,41.311922,-105.581147,2021,8,12,17
West,Knight Hall,2021-08-12T18:00:00,40.0,40.0,,,74.6,,,,0.0276,0.0276,41.311922,-105.581147,2021,8,12,18
West,Knight Hall,2021-08-12T19:00:00,50.0,40.0,,,54.08,,,,0.034499999999999996,0.0276,41.311922,-105.581147,2021,8,12,19
West,Knight Hall,2021-08-12T20:00:00,30.0,40.0,,,92.93,,,,0.0207,0.0276,41.311922,-105.581147,2021,8,12,20
West,Knight Hall,2021-08-12T21:00:00,40.0,30.0,,,48.38,,,,0.0276,0.0207,41.311922,-105.581147,2021,8,12,21
West,Knight Hall,2021-08-12T22:00:00,30.0,40.0,,,55.08999999999999,,,,0.0207,0.0276,41.311922,-105.581147,2021,8,12,22
West,Knight Hall,2021-08-12T23:00:00,40.0,30.0,,,42.89,,,,0.0276,0.0207,41.311922,-105.581147,2021,8,12,23
West,Knight Hall,2021-08-13T00:00:00,20.0,20.0,,,42.58,,,,0.0138,0.0138,41.311922,-105.581147,2021,8,13,0
West,Knight Hall,2021-08-13T01:00:00,30.0,30.0,,,46.03,,,,0.0207,0.0207,41.311922,-105.581147,2021,8,13,1
West,Knight Hall,2021-08-13T02:00:00,30.0,30.0,,,44.2,,,,0.0207,0.0207,41.311922,-105.581147,2021,8,13,2
West,Knight Hall,2021-08-13T03:00:00,30.0,20.0,,,43.12,,,,0.0207,0.0138,41.311922,-105.581147,2021,8,13,3
West,Knight Hall,2021-08-13T04:00:00,20.0,30.0,,,43.31,,,,0.0138,0.0207,41.311922,-105.581147,2021,8,13,4
West,Knight Hall,2021-08-13T05:00:00,40.0,30.0,,,42.93000000000001,,,,0.0276,0.0207,41.311922,-105.581147,2021,8,13,5
West,Knight Hall,2021-08-13T06:00:00,30.0,40.0,,,43.4,,,,0.0207,0.0276,41.311922,-105.581147,2021,8,13,6
West,Knight Hall,2021-08-13T07:00:00,50.0,50.0,,,54.64,,,,0.034499999999999996,0.034499999999999996,41.311922,-105.581147,2021,8,13,7
West,Knight Hall,2021-08-13T08:00:00,60.0,60.0,,,103.88,,,,0.0414,0.0414,41.311922,-105.581147,2021,8,13,8
West,Knight Hall,2021-08-13T09:00:00,80.0,60.0,,,127.32,,,,0.0552,0.0414,41.311922,-105.581147,2021,8,13,9
West,Knight Hall,2021-08-13T10:00:00,60.0,70.0,,,116.88,,,,0.0414,0.048299999999999996,41.311922,-105.581147,2021,8,13,10
West,Knight Hall,2021-08-13T11:00:00,80.0,70.0,,,178.04999999999998,,,,0.0552,0.048299999999999996,41.311922,-105.581147,2021,8,13,11
West,Knight Hall,2021-08-13T12:00:00,50.0,70.0,,,164.16,,,,0.034499999999999996,0.048299999999999996,41.311922,-105.581147,2021,8,13,12
West,Knight Hall,2021-08-13T13:00:00,70.0,60.0,,,122.55,,,,0.048299999999999996,0.0414,41.311922,-105.581147,2021,8,13,13
West,Knight Hall,2021-08-13T14:00:00,80.0,60.0,,,135.3,,,,0.0552,0.0414,41.311922,-105.581147,2021,8,13,14
West,Knight Hall,2021-08-13T15:00:00,80.0,70.0,,,191.05,,,,0.0552,0.048299999999999996,41.311922,-105.581147,2021,8,13,15
West,Knight Hall,2021-08-13T16:00:00,50.0,60.0,,,91.7,,,,0.034499999999999996,0.0414,41.311922,-105.581147,2021,8,13,16
West,Knight Hall,2021-08-13T17:00:00,50.0,50.0,,,68.03000000000002,,,,0.034499999999999996,0.034499999999999996,41.311922,-105.581147,2021,8,13,17
West,Knight Hall,2021-08-13T18:00:00,30.0,40.0,,,96.44,,,,0.0207,0.0276,41.311922,-105.581147,2021,8,13,18
West,Knight Hall,2021-08-13T19:00:00,40.0,40.0,,,53.9,,,,0.0276,0.0276,41.311922,-105.581147,2021,8,13,19
West,Knight Hall,2021-08-13T20:00:00,30.0,30.0,,,59.36,,,,0.0207,0.0207,41.311922,-105.581147,2021,8,13,20
West,Knight Hall,2021-08-13T21:00:00,40.0,30.0,,,47.28,,,,0.0276,0.0207,41.311922,-105.581147,2021,8,13,21
West,Knight Hall,2021-08-13T22:00:00,30.0,30.0,,,48.53000000000001,,,,0.0207,0.0207,41.311922,-105.581147,2021,8,13,22
West,Knight Hall,2021-08-13T23:00:00,30.0,30.0,,,40.06,,,,0.0207,0.0207,41.311922,-105.581147,2021,8,13,23
West,Knight Hall,2021-08-14T00:00:00,20.0,30.0,,,40.970000000000006,,,,0.0138,0.0207,41.311922,-105.581147,2021,8,14,0
West,Knight Hall,2021-08-14T01:00:00,30.0,20.0,,,40.69,,,,0.0207,0.0138,41.311922,-105.581147,2021,8,14,1
West,Knight Hall,2021-08-14T02:00:00,20.0,30.0,,,40.62,,,,0.0138,0.0207,41.311922,-105.581147,2021,8,14,2
West,Knight Hall,2021-08-14T03:00:00,30.0,20.0,,,41.29,,,,0.0207,0.0138,41.311922,-105.581147,2021,8,14,3
West,Knight Hall,2021-08-14T04:00:00,20.0,30.0,,,40.77,,,,0.0138,0.0207,41.311922,-105.581147,2021,8,14,4
West,Knight Hall,2021-08-14T05:00:00,30.0,30.0,,,41.65,,,,0.0207,0.0207,41.311922,-105.581147,2021,8,14,5
West,Knight Hall,2021-08-14T06:00:00,30.0,30.0,,,43.38,,,,0.0207,0.0207,41.311922,-105.581147,2021,8,14,6
West,Knight Hall,2021-08-14T07:00:00,30.0,50.0,,,42.04,,,,0.0207,0.034499999999999996,41.311922,-105.581147,2021,8,14,7
West,Knight Hall,2021-08-14T08:00:00,20.0,50.0,,,42.88,,,,0.0138,0.034499999999999996,41.311922,-105.581147,2021,8,14,8
West,Knight Hall,2021-08-14T09:00:00,40.0,70.0,,,43.08,,,,0.0276,0.048299999999999996,41.311922,-105.581147,2021,8,14,9
West,Knight Hall,2021-08-14T10:00:00,30.0,70.0,,,59.74,,,,0.0207,0.048299999999999996,41.311922,-105.581147,2021,8,14,10
West,Knight Hall,2021-08-14T11:00:00,30.0,60.0,,,45.47,,,,0.0207,0.0414,41.311922,-105.581147,2021,8,14,11
West,Knight Hall,2021-08-14T12:00:00,40.0,70.0,,,53.58,,,,0.0276,0.048299999999999996,41.311922,-105.581147,2021,8,14,12
West,Knight Hall,2021-08-14T13:00:00,40.0,60.0,,,45.73,,,,0.0276,0.0414,41.311922,-105.581147,2021,8,14,13
West,Knight Hall,2021-08-14T14:00:00,20.0,60.0,,,45.39,,,,0.0138,0.0414,41.311922,-105.581147,2021,8,14,14
West,Knight Hall,2021-08-14T15:00:00,40.0,60.0,,,42.09,,,,0.0276,0.0414,41.311922,-105.581147,2021,8,14,15
West,Knight Hall,2021-08-14T16:00:00,30.0,60.0,,,42.99,,,,0.0207,0.0414,41.311922,-105.581147,2021,8,14,16
West,Knight Hall,2021-08-14T17:00:00,30.0,40.0,,,46.76,,,,0.0207,0.0276,41.311922,-105.581147,2021,8,14,17
West,Knight Hall,2021-08-14T18:00:00,20.0,40.0,,,40.900000000000006,,,,0.0138,0.0276,41.311922,-105.581147,2021,8,14,18
West,Knight Hall,2021-08-14T19:00:00,30.0,30.0,,,40.54,,,,0.0207,0.0207,41.311922,-105.581147,2021,8,14,19
West,Knight Hall,2021-08-14T20:00:00,30.0,30.0,,,41.33,,,,0.0207,0.0207,41.311922,-105.581147,2021,8,14,20
West,Knight Hall,2021-08-14T21:00:00,30.0,30.0,,,41.42,,,,0.0207,0.0207,41.311922,-105.581147,2021,8,14,21
West,Knight Hall,2021-08-14T22:00:00,20.0,30.0,,,40.54,,,,0.0138,0.0207,41.311922,-105.581147,2021,8,14,22
West,Knight Hall,2021-08-14T23:00:00,40.0,30.0,,,41.85,,,,0.0276,0.0207,41.311922,-105.581147,2021,8,14,23
West,Knight Hall,2021-08-15T00:00:00,20.0,20.0,,,40.66,,,,0.0138,0.0138,41.311922,-105.581147,2021,8,15,0
West,Knight Hall,2021-08-15T01:00:00,30.0,30.0,,,41.7,,,,0.0207,0.0207,41.311922,-105.581147,2021,8,15,1
West,Knight Hall,2021-08-15T02:00:00,20.0,30.0,,,40.9,,,,0.0138,0.0207,41.311922,-105.581147,2021,8,15,2
West,Knight Hall,2021-08-15T03:00:00,30.0,20.0,,,40.99,,,,0.0207,0.0138,41.311922,-105.581147,2021,8,15,3
West,Knight Hall,2021-08-15T04:00:00,30.0,30.0,,,41.2,,,,0.0207,0.0207,41.311922,-105.581147,2021,8,15,4
West,Knight Hall,2021-08-15T05:00:00,30.0,20.0,,,40.28,,,,0.0207,0.0138,41.311922,-105.581147,2021,8,15,5
West,Knight Hall,2021-08-15T06:00:00,20.0,20.0,,,41.2,,,,0.0138,0.0138,41.311922,-105.581147,2021,8,15,6
West,Knight Hall,2021-08-15T07:00:00,30.0,30.0,,,40.45,,,,0.0207,0.0207,41.311922,-105.581147,2021,8,15,7
West,Knight Hall,2021-08-15T08:00:00,30.0,30.0,,,46.4,,,,0.0207,0.0207,41.311922,-105.581147,2021,8,15,8
West,Knight Hall,2021-08-15T09:00:00,40.0,30.0,,,39.970000000000006,,,,0.0276,0.0207,41.311922,-105.581147,2021,8,15,9
West,Knight Hall,2021-08-15T10:00:00,20.0,40.0,,,40.27,,,,0.0138,0.0276,41.311922,-105.581147,2021,8,15,10
West,Knight Hall,2021-08-15T11:00:00,40.0,30.0,,,45.95,,,,0.0276,0.0207,41.311922,-105.581147,2021,8,15,11
West,Knight Hall,2021-08-15T12:00:00,30.0,30.0,,,39.82,,,,0.0207,0.0207,41.311922,-105.581147,2021,8,15,12
West,Knight Hall,2021-08-15T13:00:00,40.0,30.0,,,39.07,,,,0.0276,0.0207,41.311922,-105.581147,2021,8,15,13
West,Knight Hall,2021-08-15T14:00:00,30.0,40.0,,,49.76,,,,0.0207,0.0276,41.311922,-105.581147,2021,8,15,14
West,Knight Hall,2021-08-15T15:00:00,40.0,30.0,,,42.47,,,,0.0276,0.0207,41.311922,-105.581147,2021,8,15,15
West,Knight Hall,2021-08-15T16:00:00,30.0,30.0,,,39.09,,,,0.0207,0.0207,41.311922,-105.581147,2021,8,15,16
West,Knight Hall,2021-08-15T17:00:00,40.0,20.0,,,41.4,,,,0.0276,0.0138,41.311922,-105.581147,2021,8,15,17
West,Knight Hall,2021-08-15T18:00:00,20.0,30.0,,,40.940000000000005,,,,0.0138,0.0207,41.311922,-105.581147,2021,8,15,18
West,Knight Hall,2021-08-15T19:00:00,30.0,30.0,,,43.64,,,,0.0207,0.0207,41.311922,-105.581147,2021,8,15,19
West,Knight Hall,2021-08-15T20:00:00,30.0,20.0,,,41.29,,,,0.0207,0.0138,41.311922,-105.581147,2021,8,15,20
West,Knight Hall,2021-08-15T21:00:00,30.0,30.0,,,40.45,,,,0.0207,0.0207,41.311922,-105.581147,2021,8,15,21
West,Knight Hall,2021-08-15T22:00:00,20.0,20.0,,,40.43,,,,0.0138,0.0138,41.311922,-105.581147,2021,8,15,22
West,Knight Hall,2021-08-15T23:00:00,30.0,30.0,,,41.4,,,,0.0207,0.0207,41.311922,-105.581147,2021,8,15,23
West,Knight Hall,2021-08-16T00:00:00,20.0,30.0,,,40.4,,,,0.0138,0.0207,41.311922,-105.581147,2021,8,16,0
West,Knight Hall,2021-08-16T01:00:00,30.0,20.0,,,40.94,,,,0.0207,0.0138,41.311922,-105.581147,2021,8,16,1
West,Knight Hall,2021-08-16T02:00:00,20.0,30.0,,,41.07,,,,0.0138,0.0207,41.311922,-105.581147,2021,8,16,2
West,Knight Hall,2021-08-16T03:00:00,30.0,20.0,,,40.73,,,,0.0207,0.0138,41.311922,-105.581147,2021,8,16,3
West,Knight Hall,2021-08-16T04:00:00,30.0,30.0,,,40.19,,,,0.0207,0.0207,41.311922,-105.581147,2021,8,16,4
West,Knight Hall,2021-08-16T05:00:00,20.0,20.0,,,41.55,,,,0.0138,0.0138,41.311922,-105.581147,2021,8,16,5
West,Knight Hall,2021-08-16T06:00:00,30.0,30.0,,,38.98,,,,0.0207,0.0207,41.311922,-105.581147,2021,8,16,6
West,Knight Hall,2021-08-16T07:00:00,60.0,20.0,,,78.74000000000001,,,,0.0414,0.0138,41.311922,-105.581147,2021,8,16,7
West,Knight Hall,2021-08-16T08:00:00,60.0,30.0,,,158.41,,,,0.0414,0.0207,41.311922,-105.581147,2021,8,16,8
West,Knight Hall,2021-08-16T09:00:00,70.0,30.0,,,140.86,,,,0.048299999999999996,0.0207,41.311922,-105.581147,2021,8,16,9
West,Knight Hall,2021-08-16T10:00:00,70.0,30.0,,,153.05999999999997,,,,0.048299999999999996,0.0207,41.311922,-105.581147,2021,8,16,10
West,Knight Hall,2021-08-16T11:00:00,80.0,30.0,,,176.28,,,,0.0552,0.0207,41.311922,-105.581147,2021,8,16,11
West,Knight Hall,2021-08-16T12:00:00,70.0,30.0,,,158.86,,,,0.048299999999999996,0.0207,41.311922,-105.581147,2021,8,16,12
West,Knight Hall,2021-08-16T13:00:00,70.0,30.0,,,143.72,,,,0.048299999999999996,0.0207,41.311922,-105.581147,2021,8,16,13
West,Knight Hall,2021-08-16T14:00:00,70.0,30.0,,,128.68,,,,0.048299999999999996,0.0207,41.311922,-105.581147,2021,8,16,14
West,Knight Hall,2021-08-16T15:00:00,80.0,30.0,,,122.21,,,,0.0552,0.0207,41.311922,-105.581147,2021,8,16,15
West,Knight Hall,2021-08-16T16:00:00,70.0,30.0,,,103.47,,,,0.048299999999999996,0.0207,41.311922,-105.581147,2021,8,16,16
West,Knight Hall,2021-08-16T17:00:00,50.0,30.0,,,86.13999999999999,,,,0.034499999999999996,0.0207,41.311922,-105.581147,2021,8,16,17
West,Knight Hall,2021-08-16T18:00:00,40.0,20.0,,,87.6,,,,0.0276,0.0138,41.311922,-105.581147,2021,8,16,18
West,Knight Hall,2021-08-16T19:00:00,30.0,30.0,,,72.94,,,,0.0207,0.0207,41.311922,-105.581147,2021,8,16,19
West,Knight Hall,2021-08-16T20:00:00,40.0,30.0,,,40.25000000000001,,,,0.0276,0.0207,41.311922,-105.581147,2021,8,16,20
West,Knight Hall,2021-08-16T21:00:00,30.0,20.0,,,49.61,,,,0.0207,0.0138,41.311922,-105.581147,2021,8,16,21
West,Knight Hall,2021-08-16T22:00:00,30.0,30.0,,,56.42,,,,0.0207,0.0207,41.311922,-105.581147,2021,8,16,22
West,Knight Hall,2021-08-16T23:00:00,30.0,20.0,,,39.89,,,,0.0207,0.0138,41.311922,-105.581147,2021,8,16,23
West,Knight Hall,2021-08-17T00:00:00,20.0,30.0,,,40.66,,,,0.0138,0.0207,41.311922,-105.581147,2021,8,17,0
West,Knight Hall,2021-08-17T01:00:00,30.0,20.0,,,39.56,,,,0.0207,0.0138,41.311922,-105.581147,2021,8,17,1
West,Knight Hall,2021-08-17T02:00:00,20.0,30.0,,,40.53,,,,0.0138,0.0207,41.311922,-105.581147,2021,8,17,2
West,Knight Hall,2021-08-17T03:00:00,30.0,30.0,,,40.0,,,,0.0207,0.0207,41.311922,-105.581147,2021,8,17,3
West,Knight Hall,2021-08-17T04:00:00,30.0,20.0,,,40.77,,,,0.0207,0.0138,41.311922,-105.581147,2021,8,17,4
West,Knight Hall,2021-08-17T05:00:00,30.0,30.0,,,43.04,,,,0.0207,0.0207,41.311922,-105.581147,2021,8,17,5
West,Knight Hall,2021-08-17T06:00:00,30.0,30.0,,,50.41,,,,0.0207,0.0207,41.311922,-105.581147,2021,8,17,6
West,Knight Hall,2021-08-17T07:00:00,50.0,50.0,,,86.4,,,,0.034499999999999996,0.034499999999999996,41.311922,-105.581147,2021,8,17,7
West,Knight Hall,2021-08-17T08:00:00,80.0,60.0,,,171.34,,,,0.0552,0.0414,41.311922,-105.581147,2021,8,17,8
West,Knight Hall,2021-08-17T09:00:00,80.0,70.0,,,167.49,,,,0.0552,0.048299999999999996,41.311922,-105.581147,2021,8,17,9
West,Knight Hall,2021-08-17T10:00:00,80.0,70.0,,,,,,,0.0552,0.048299999999999996,41.311922,-105.581147,2021,8,17,10
West,Knight Hall,2021-08-17T11:00:00,,70.0,,,,,,,,0.048299999999999996,41.311922,-105.581147,2021,8,17,11
West,Knight Hall,2021-08-17T12:00:00,70.0,60.0,,,184.02,,,,0.048299999999999996,0.0414,41.311922,-105.581147,2021,8,17,12
West,Knight Hall,2021-08-17T13:00:00,,70.0,,,111.92,,,,,0.048299999999999996,41.311922,-105.581147,2021,8,17,13
West,Knight Hall,2021-08-17T14:00:00,70.0,70.0,,,138.76999999999998,,,,0.048299999999999996,0.048299999999999996,41.311922,-105.581147,2021,8,17,14
West,Knight Hall,2021-08-17T15:00:00,,60.0,,,140.08,,,,,0.0414,41.311922,-105.581147,2021,8,17,15
West,Knight Hall,2021-08-17T16:00:00,60.0,60.0,,,121.99,,,,0.0414,0.0414,41.311922,-105.581147,2021,8,17,16
West,Knight Hall,2021-08-17T17:00:00,50.0,50.0,,,69.75,,,,0.034499999999999996,0.034499999999999996,41.311922,-105.581147,2021,8,17,17
West,Knight Hall,2021-08-17T18:00:00,50.0,40.0,,,61.900000000000006,,,,0.034499999999999996,0.0276,41.311922,-105.581147,2021,8,17,18
West,Knight Hall,2021-08-17T19:00:00,40.0,40.0,,,120.03,,,,0.0276,0.0276,41.311922,-105.581147,2021,8,17,19
West,Knight Hall,2021-08-17T20:00:00,30.0,30.0,,,40.12,,,,0.0207,0.0207,41.311922,-105.581147,2021,8,17,20
West,Knight Hall,2021-08-17T21:00:00,40.0,40.0,,,44.93000000000001,,,,0.0276,0.0276,41.311922,-105.581147,2021,8,17,21
West,Knight Hall,2021-08-17T22:00:00,30.0,30.0,,,62.4,,,,0.0207,0.0207,41.311922,-105.581147,2021,8,17,22
West,Knight Hall,2021-08-17T23:00:00,30.0,20.0,,,40.6,,,,0.0207,0.0138,41.311922,-105.581147,2021,8,17,23
West,Knight Hall,2021-08-18T00:00:00,20.0,30.0,,,40.08,,,,0.0138,0.0207,41.311922,-105.581147,2021,8,18,0
West,Knight Hall,2021-08-18T01:00:00,30.0,30.0,,,41.370000000000005,,,,0.0207,0.0207,41.311922,-105.581147,2021,8,18,1
West,Knight Hall,2021-08-18T02:00:00,20.0,20.0,,,41.05,,,,0.0138,0.0138,41.311922,-105.581147,2021,8,18,2
West,Knight Hall,2021-08-18T03:00:00,30.0,30.0,,,41.87,,,,0.0207,0.0207,41.311922,-105.581147,2021,8,18,3
West,Knight Hall,2021-08-18T04:00:00,30.0,30.0,,,42.07,,,,0.0207,0.0207,41.311922,-105.581147,2021,8,18,4
West,Knight Hall,2021-08-18T05:00:00,30.0,30.0,,,41.66,,,,0.0207,0.0207,41.311922,-105.581147,2021,8,18,5
West,Knight Hall,2021-08-18T06:00:00,30.0,30.0,,,60.81999999999999,,,,0.0207,0.0207,41.311922,-105.581147,2021,8,18,6
West,Knight Hall,2021-08-18T07:00:00,50.0,50.0,,,75.63,,,,0.034499999999999996,0.034499999999999996,41.311922,-105.581147,2021,8,18,7
West,Knight Hall,2021-08-18T08:00:00,70.0,60.0,,,157.2,,,,0.048299999999999996,0.0414,41.311922,-105.581147,2021,8,18,8
West,Knight Hall,2021-08-18T09:00:00,80.0,70.0,,,193.03,,,,0.0552,0.048299999999999996,41.311922,-105.581147,2021,8,18,9
West,Knight Hall,2021-08-18T10:00:00,70.0,60.0,,,210.26,,,,0.048299999999999996,0.0414,41.311922,-105.581147,2021,8,18,10
West,Knight Hall,2021-08-18T11:00:00,,70.0,,,,,,,,0.048299999999999996,41.311922,-105.581147,2021,8,18,11
West,Knight Hall,2021-08-18T12:00:00,60.0,70.0,,,221.82,,,,0.0414,0.048299999999999996,41.311922,-105.581147,2021,8,18,12
West,Knight Hall,2021-08-18T13:00:00,80.0,70.0,,,178.02999999999997,,,,0.0552,0.048299999999999996,41.311922,-105.581147,2021,8,18,13
West,Knight Hall,2021-08-18T14:00:00,80.0,70.0,,,203.47,,,,0.0552,0.048299999999999996,41.311922,-105.581147,2021,8,18,14
West,Knight Hall,2021-08-18T15:00:00,,70.0,,,117.77,,,,,0.048299999999999996,41.311922,-105.581147,2021,8,18,15
West,Knight Hall,2021-08-18T16:00:00,50.0,60.0,,,136.01,,,,0.034499999999999996,0.0414,41.311922,-105.581147,2021,8,18,16
West,Knight Hall,2021-08-18T17:00:00,50.0,60.0,,,65.09,,,,0.034499999999999996,0.0414,41.311922,-105.581147,2021,8,18,17
West,Knight Hall,2021-08-18T18:00:00,40.0,50.0,,,83.53,,,,0.0276,0.034499999999999996,41.311922,-105.581147,2021,8,18,18
West,Knight Hall,2021-08-18T19:00:00,40.0,40.0,,,67.85,,,,0.0276,0.0276,41.311922,-105.581147,2021,8,18,19
West,Knight Hall,2021-08-18T20:00:00,40.0,40.0,,,61.53000000000001,,,,0.0276,0.0276,41.311922,-105.581147,2021,8,18,20
West,Knight Hall,2021-08-18T21:00:00,30.0,30.0,,,57.53,,,,0.0207,0.0207,41.311922,-105.581147,2021,8,18,21
West,Knight Hall,2021-08-18T22:00:00,30.0,30.0,,,46.01,,,,0.0207,0.0207,41.311922,-105.581147,2021,8,18,22
West,Knight Hall,2021-08-18T23:00:00,40.0,40.0,,,48.78999999999999,,,,0.0276,0.0276,41.311922,-105.581147,2021,8,18,23
West,Knight Hall,2021-08-19T00:00:00,20.0,20.0,,,42.56,,,,0.0138,0.0138,41.311922,-105.581147,2021,8,19,0
West,Knight Hall,2021-08-19T01:00:00,20.0,30.0,,,42.11,,,,0.0138,0.0207,41.311922,-105.581147,2021,8,19,1
West,Knight Hall,2021-08-19T02:00:00,30.0,30.0,,,42.35,,,,0.0207,0.0207,41.311922,-105.581147,2021,8,19,2
West,Knight Hall,2021-08-19T03:00:00,30.0,30.0,,,41.46,,,,0.0207,0.0207,41.311922,-105.581147,2021,8,19,3
West,Knight Hall,2021-08-19T04:00:00,20.0,30.0,,,44.05,,,,0.0138,0.0207,41.311922,-105.581147,2021,8,19,4
West,Knight Hall,2021-08-19T05:00:00,30.0,30.0,,,45.13,,,,0.0207,0.0207,41.311922,-105.581147,2021,8,19,5
West,Knight Hall,2021-08-19T06:00:00,30.0,30.0,,,48.46999999999999,,,,0.0207,0.0207,41.311922,-105.581147,2021,8,19,6
West,Knight Hall,2021-08-19T07:00:00,50.0,50.0,,,106.68,,,,0.034499999999999996,0.034499999999999996,41.311922,-105.581147,2021,8,19,7
West,Knight Hall,2021-08-19T08:00:00,70.0,70.0,,,225.01,,,,0.048299999999999996,0.048299999999999996,41.311922,-105.581147,2021,8,19,8
West,Knight Hall,2021-08-19T09:00:00,80.0,70.0,,,,,,,0.0552,0.048299999999999996,41.311922,-105.581147,2021,8,19,9
West,Knight Hall,2021-08-19T10:00:00,60.0,80.0,,,157.13,,,,0.0414,0.0552,41.311922,-105.581147,2021,8,19,10
West,Knight Hall,2021-08-19T11:00:00,80.0,70.0,,,143.38,,,,0.0552,0.048299999999999996,41.311922,-105.581147,2021,8,19,11
West,Knight Hall,2021-08-19T12:00:00,70.0,70.0,,,138.33999999999995,,,,0.048299999999999996,0.048299999999999996,41.311922,-105.581147,2021,8,19,12
West,Knight Hall,2021-08-19T13:00:00,70.0,70.0,,,137.88,,,,0.048299999999999996,0.048299999999999996,41.311922,-105.581147,2021,8,19,13
West,Knight Hall,2021-08-19T14:00:00,70.0,70.0,,,139.11,,,,0.048299999999999996,0.048299999999999996,41.311922,-105.581147,2021,8,19,14
West,Knight Hall,2021-08-19T15:00:00,70.0,70.0,,,127.68,,,,0.048299999999999996,0.048299999999999996,41.311922,-105.581147,2021,8,19,15
West,Knight Hall,2021-08-19T16:00:00,60.0,70.0,,,95.28,,,,0.0414,0.048299999999999996,41.311922,-105.581147,2021,8,19,16
West,Knight Hall,2021-08-19T17:00:00,50.0,50.0,,,76.37,,,,0.034499999999999996,0.034499999999999996,41.311922,-105.581147,2021,8,19,17
West,Knight Hall,2021-08-19T18:00:00,50.0,50.0,,,96.96,,,,0.034499999999999996,0.034499999999999996,41.311922,-105.581147,2021,8,19,18
West,Knight Hall,2021-08-19T19:00:00,40.0,40.0,,,58.24,,,,0.0276,0.0276,41.311922,-105.581147,2021,8,19,19
West,Knight Hall,2021-08-19T20:00:00,30.0,40.0,,,62.4,,,,0.0207,0.0276,41.311922,-105.581147,2021,8,19,20
West,Knight Hall,2021-08-19T21:00:00,40.0,30.0,,,47.15,,,,0.0276,0.0207,41.311922,-105.581147,2021,8,19,21
West,Knight Hall,2021-08-19T22:00:00,30.0,30.0,,,61.21000000000001,,,,0.0207,0.0207,41.311922,-105.581147,2021,8,19,22
West,Knight Hall,2021-08-19T23:00:00,30.0,40.0,,,46.74,,,,0.0207,0.0276,41.311922,-105.581147,2021,8,19,23
West,Knight Hall,2021-08-20T00:00:00,20.0,20.0,,,41.29,,,,0.0138,0.0138,41.311922,-105.581147,2021,8,20,0
West,Knight Hall,2021-08-20T01:00:00,20.0,30.0,,,40.86,,,,0.0138,0.0207,41.311922,-105.581147,2021,8,20,1
West,Knight Hall,2021-08-20T02:00:00,30.0,30.0,,,41.89,,,,0.0207,0.0207,41.311922,-105.581147,2021,8,20,2
West,Knight Hall,2021-08-20T03:00:00,30.0,30.0,,,41.37,,,,0.0207,0.0207,41.311922,-105.581147,2021,8,20,3
West,Knight Hall,2021-08-20T04:00:00,20.0,30.0,,,40.970000000000006,,,,0.0138,0.0207,41.311922,-105.581147,2021,8,20,4
West,Knight Hall,2021-08-20T05:00:00,30.0,40.0,,,42.22,,,,0.0207,0.0276,41.311922,-105.581147,2021,8,20,5
West,Knight Hall,2021-08-20T06:00:00,30.0,30.0,,,42.22,,,,0.0207,0.0207,41.311922,-105.581147,2021,8,20,6
West,Knight Hall,2021-08-20T07:00:00,50.0,50.0,,,81.71000000000001,,,,0.034499999999999996,0.034499999999999996,41.311922,-105.581147,2021,8,20,7
West,Knight Hall,2021-08-20T08:00:00,70.0,70.0,,,143.64,,,,0.048299999999999996,0.048299999999999996,41.311922,-105.581147,2021,8,20,8
West,Knight Hall,2021-08-20T09:00:00,70.0,70.0,,,175.01,,,,0.048299999999999996,0.048299999999999996,41.311922,-105.581147,2021,8,20,9
West,Knight Hall,2021-08-20T10:00:00,70.0,70.0,,,192.08,,,,0.048299999999999996,0.048299999999999996,41.311922,-105.581147,2021,8,20,10
West,Knight Hall,2021-08-20T11:00:00,70.0,70.0,,,134.99,,,,0.048299999999999996,0.048299999999999996,41.311922,-105.581147,2021,8,20,11
West,Knight Hall,2021-08-20T12:00:00,70.0,70.0,,,154.03,,,,0.048299999999999996,0.048299999999999996,41.311922,-105.581147,2021,8,20,12
West,Knight Hall,2021-08-20T13:00:00,70.0,70.0,,,131.0,,,,0.048299999999999996,0.048299999999999996,41.311922,-105.581147,2021,8,20,13
West,Knight Hall,2021-08-20T14:00:00,70.0,70.0,,,126.78,,,,0.048299999999999996,0.048299999999999996,41.311922,-105.581147,2021,8,20,14
West,Knight Hall,2021-08-20T15:00:00,80.0,70.0,,,107.48,,,,0.0552,0.048299999999999996,41.311922,-105.581147,2021,8,20,15
West,Knight Hall,2021-08-20T16:00:00,50.0,70.0,,,134.33999999999995,,,,0.034499999999999996,0.048299999999999996,41.311922,-105.581147,2021,8,20,16
West,Knight Hall,2021-08-20T17:00:00,50.0,50.0,,,90.69,,,,0.034499999999999996,0.034499999999999996,41.311922,-105.581147,2021,8,20,17
West,Knight Hall,2021-08-20T18:00:00,40.0,50.0,,,107.8,,,,0.0276,0.034499999999999996,41.311922,-105.581147,2021,8,20,18
West,Knight Hall,2021-08-20T19:00:00,30.0,40.0,,,80.66,,,,0.0207,0.0276,41.311922,-105.581147,2021,8,20,19
West,Knight Hall,2021-08-20T20:00:00,30.0,30.0,,,56.38,,,,0.0207,0.0207,41.311922,-105.581147,2021,8,20,20
West,Knight Hall,2021-08-20T21:00:00,30.0,30.0,,,51.81,,,,0.0207,0.0207,41.311922,-105.581147,2021,8,20,21
West,Knight Hall,2021-08-20T22:00:00,30.0,40.0,,,65.85,,,,0.0207,0.0276,41.311922,-105.581147,2021,8,20,22
West,Knight Hall,2021-08-20T23:00:00,30.0,20.0,,,50.58,,,,0.0207,0.0138,41.311922,-105.581147,2021,8,20,23
West,Knight Hall,2021-08-21T00:00:00,20.0,30.0,,,52.2,,,,0.0138,0.0207,41.311922,-105.581147,2021,8,21,0
West,Knight Hall,2021-08-21T01:00:00,30.0,30.0,,,51.03,,,,0.0207,0.0207,41.311922,-105.581147,2021,8,21,1
West,Knight Hall,2021-08-21T02:00:00,20.0,30.0,,,50.86,,,,0.0138,0.0207,41.311922,-105.581147,2021,8,21,2
West,Knight Hall,2021-08-21T03:00:00,30.0,20.0,,,53.23,,,,0.0207,0.0138,41.311922,-105.581147,2021,8,21,3
West,Knight Hall,2021-08-21T04:00:00,20.0,30.0,,,51.04,,,,0.0138,0.0207,41.311922,-105.581147,2021,8,21,4
West,Knight Hall,2021-08-21T05:00:00,20.0,30.0,,,50.49999999999999,,,,0.0138,0.0207,41.311922,-105.581147,2021,8,21,5
West,Knight Hall,2021-08-21T06:00:00,30.0,40.0,,,52.49999999999999,,,,0.0207,0.0276,41.311922,-105.581147,2021,8,21,6
West,Knight Hall,2021-08-21T07:00:00,20.0,40.0,,,53.04,,,,0.0138,0.0276,41.311922,-105.581147,2021,8,21,7
West,Knight Hall,2021-08-21T08:00:00,30.0,60.0,,,60.24,,,,0.0207,0.0414,41.311922,-105.581147,2021,8,21,8
West,Knight Hall,2021-08-21T09:00:00,40.0,70.0,,,58.97,,,,0.0276,0.048299999999999996,41.311922,-105.581147,2021,8,21,9
West,Knight Hall,2021-08-21T10:00:00,20.0,70.0,,,51.830000000000005,,,,0.0138,0.048299999999999996,41.311922,-105.581147,2021,8,21,10
West,Knight Hall,2021-08-21T11:00:00,30.0,70.0,,,51.44,,,,0.0207,0.048299999999999996,41.311922,-105.581147,2021,8,21,11
West,Knight Hall,2021-08-21T12:00:00,30.0,70.0,,,53.04,,,,0.0207,0.048299999999999996,41.311922,-105.581147,2021,8,21,12
West,Knight Hall,2021-08-21T13:00:00,40.0,70.0,,,52.87,,,,0.0276,0.048299999999999996,41.311922,-105.581147,2021,8,21,13
West,Knight Hall,2021-08-21T14:00:00,20.0,70.0,,,53.08,,,,0.0138,0.048299999999999996,41.311922,-105.581147,2021,8,21,14
West,Knight Hall,2021-08-21T15:00:00,30.0,70.0,,,53.21000000000001,,,,0.0207,0.048299999999999996,41.311922,-105.581147,2021,8,21,15
West,Knight Hall,2021-08-21T16:00:00,20.0,60.0,,,59.38,,,,0.0138,0.0414,41.311922,-105.581147,2021,8,21,16
West,Knight Hall,2021-08-21T17:00:00,30.0,50.0,,,54.85,,,,0.0207,0.034499999999999996,41.311922,-105.581147,2021,8,21,17
West,Knight Hall,2021-08-21T18:00:00,20.0,40.0,,,51.04,,,,0.0138,0.0276,41.311922,-105.581147,2021,8,21,18
West,Knight Hall,2021-08-21T19:00:00,30.0,40.0,,,51.64,,,,0.0207,0.0276,41.311922,-105.581147,2021,8,21,19
West,Knight Hall,2021-08-21T20:00:00,20.0,40.0,,,52.24,,,,0.0138,0.0276,41.311922,-105.581147,2021,8,21,20
West,Knight Hall,2021-08-21T21:00:00,30.0,30.0,,,52.78,,,,0.0207,0.0207,41.311922,-105.581147,2021,8,21,21
West,Knight Hall,2021-08-21T22:00:00,20.0,30.0,,,52.49999999999999,,,,0.0138,0.0207,41.311922,-105.581147,2021,8,21,22
West,Knight Hall,2021-08-21T23:00:00,30.0,30.0,,,52.63,,,,0.0207,0.0207,41.311922,-105.581147,2021,8,21,23
West,Knight Hall,2021-08-22T00:00:00,20.0,20.0,,,51.9,,,,0.0138,0.0138,41.311922,-105.581147,2021,8,22,0
West,Knight Hall,2021-08-22T01:00:00,30.0,30.0,,,51.6,,,,0.0207,0.0207,41.311922,-105.581147,2021,8,22,1
West,Knight Hall,2021-08-22T02:00:00,20.0,30.0,,,51.46999999999999,,,,0.0138,0.0207,41.311922,-105.581147,2021,8,22,2
West,Knight Hall,2021-08-22T03:00:00,30.0,20.0,,,51.81,,,,0.0207,0.0138,41.311922,-105.581147,2021,8,22,3
West,Knight Hall,2021-08-22T04:00:00,20.0,30.0,,,52.08999999999999,,,,0.0138,0.0207,41.311922,-105.581147,2021,8,22,4
West,Knight Hall,2021-08-22T05:00:00,30.0,30.0,,,51.85,,,,0.0207,0.0207,41.311922,-105.581147,2021,8,22,5
West,Knight Hall,2021-08-22T06:00:00,20.0,20.0,,,50.82000000000001,,,,0.0138,0.0138,41.311922,-105.581147,2021,8,22,6
West,Knight Hall,2021-08-22T07:00:00,30.0,30.0,,,50.73,,,,0.0207,0.0207,41.311922,-105.581147,2021,8,22,7
West,Knight Hall,2021-08-22T08:00:00,30.0,30.0,,,51.73,,,,0.0207,0.0207,41.311922,-105.581147,2021,8,22,8
West,Knight Hall,2021-08-22T09:00:00,30.0,40.0,,,52.76,,,,0.0207,0.0276,41.311922,-105.581147,2021,8,22,9
West,Knight Hall,2021-08-22T10:00:00,40.0,40.0,,,52.69,,,,0.0276,0.0276,41.311922,-105.581147,2021,8,22,10
West,Knight Hall,2021-08-22T11:00:00,30.0,30.0,,,52.49999999999999,,,,0.0207,0.0207,41.311922,-105.581147,2021,8,22,11
West,Knight Hall,2021-08-22T12:00:00,30.0,40.0,,,53.49,,,,0.0207,0.0276,41.311922,-105.581147,2021,8,22,12
West,Knight Hall,2021-08-22T13:00:00,30.0,30.0,,,55.2,,,,0.0207,0.0207,41.311922,-105.581147,2021,8,22,13
West,Knight Hall,2021-08-22T14:00:00,30.0,30.0,,,56.58,,,,0.0207,0.0207,41.311922,-105.581147,2021,8,22,14
West,Knight Hall,2021-08-22T15:00:00,40.0,40.0,,,50.56,,,,0.0276,0.0276,41.311922,-105.581147,2021,8,22,15
West,Knight Hall,2021-08-22T16:00:00,20.0,30.0,,,52.650000000000006,,,,0.0138,0.0207,41.311922,-105.581147,2021,8,22,16
West,Knight Hall,2021-08-22T17:00:00,30.0,30.0,,,56.78999999999999,,,,0.0207,0.0207,41.311922,-105.581147,2021,8,22,17
West,Knight Hall,2021-08-22T18:00:00,30.0,20.0,,,52.33,,,,0.0207,0.0138,41.311922,-105.581147,2021,8,22,18
West,Knight Hall,2021-08-22T19:00:00,20.0,30.0,,,50.76,,,,0.0138,0.0207,41.311922,-105.581147,2021,8,22,19
West,Knight Hall,2021-08-22T20:00:00,30.0,30.0,,,51.03,,,,0.0207,0.0207,41.311922,-105.581147,2021,8,22,20
West,Knight Hall,2021-08-22T21:00:00,30.0,30.0,,,51.08,,,,0.0207,0.0207,41.311922,-105.581147,2021,8,22,21
West,Knight Hall,2021-08-22T22:00:00,30.0,20.0,,,50.9,,,,0.0207,0.0138,41.311922,-105.581147,2021,8,22,22
West,Knight Hall,2021-08-22T23:00:00,30.0,30.0,,,50.95,,,,0.0207,0.0207,41.311922,-105.581147,2021,8,22,23
West,Knight Hall,2021-08-23T00:00:00,20.0,30.0,,,50.21000000000001,,,,0.0138,0.0207,41.311922,-105.581147,2021,8,23,0
West,Knight Hall,2021-08-23T01:00:00,30.0,30.0,,,50.47,,,,0.0207,0.0207,41.311922,-105.581147,2021,8,23,1
West,Knight Hall,2021-08-23T02:00:00,20.0,20.0,,,51.29,,,,0.0138,0.0138,41.311922,-105.581147,2021,8,23,2
West,Knight Hall,2021-08-23T03:00:00,30.0,30.0,,,52.06999999999999,,,,0.0207,0.0207,41.311922,-105.581147,2021,8,23,3
West,Knight Hall,2021-08-23T04:00:00,30.0,30.0,,,50.190000000000005,,,,0.0207,0.0207,41.311922,-105.581147,2021,8,23,4
West,Knight Hall,2021-08-23T05:00:00,30.0,20.0,,,51.830000000000005,,,,0.0207,0.0138,41.311922,-105.581147,2021,8,23,5
West,Knight Hall,2021-08-23T06:00:00,30.0,30.0,,,49.63,,,,0.0207,0.0207,41.311922,-105.581147,2021,8,23,6
West,Knight Hall,2021-08-23T07:00:00,40.0,30.0,,,91.83,,,,0.0276,0.0207,41.311922,-105.581147,2021,8,23,7
West,Knight Hall,2021-08-23T08:00:00,70.0,30.0,,,137.69,,,,0.048299999999999996,0.0207,41.311922,-105.581147,2021,8,23,8
West,Knight Hall,2021-08-23T09:00:00,,30.0,,,156.06,,,,,0.0207,41.311922,-105.581147,2021,8,23,9
West,Knight Hall,2021-08-23T10:00:00,70.0,40.0,,,200.84,,,,0.048299999999999996,0.0276,41.311922,-105.581147,2021,8,23,10
West,Knight Hall,2021-08-23T11:00:00,80.0,30.0,,,158.69,,,,0.0552,0.0207,41.311922,-105.581147,2021,8,23,11
West,Knight Hall,2021-08-23T12:00:00,60.0,30.0,,,147.74,,,,0.0414,0.0207,41.311922,-105.581147,2021,8,23,12
West,Knight Hall,2021-08-23T13:00:00,80.0,30.0,,,129.8,,,,0.0552,0.0207,41.311922,-105.581147,2021,8,23,13
West,Knight Hall,2021-08-23T14:00:00,80.0,30.0,,,144.03,,,,0.0552,0.0207,41.311922,-105.581147,2021,8,23,14
West,Knight Hall,2021-08-23T15:00:00,80.0,40.0,,,129.92,,,,0.0552,0.0276,41.311922,-105.581147,2021,8,23,15
West,Knight Hall,2021-08-23T16:00:00,70.0,30.0,,,154.96,,,,0.048299999999999996,0.0207,41.311922,-105.581147,2021,8,23,16
West,Knight Hall,2021-08-23T17:00:00,60.0,30.0,,,93.85,,,,0.0414,0.0207,41.311922,-105.581147,2021,8,23,17
West,Knight Hall,2021-08-23T18:00:00,40.0,30.0,,,103.84,,,,0.0276,0.0207,41.311922,-105.581147,2021,8,23,18
West,Knight Hall,2021-08-23T19:00:00,40.0,30.0,,,57.08999999999999,,,,0.0276,0.0207,41.311922,-105.581147,2021,8,23,19
West,Knight Hall,2021-08-23T20:00:00,30.0,20.0,,,65.91000000000001,,,,0.0207,0.0138,41.311922,-105.581147,2021,8,23,20
West,Knight Hall,2021-08-23T21:00:00,30.0,30.0,,,46.03,,,,0.0207,0.0207,41.311922,-105.581147,2021,8,23,21
West,Knight Hall,2021-08-23T22:00:00,30.0,30.0,,,56.53000000000001,,,,0.0207,0.0207,41.311922,-105.581147,2021,8,23,22
West,Knight Hall,2021-08-23T23:00:00,30.0,20.0,,,53.49,,,,0.0207,0.0138,41.311922,-105.581147,2021,8,23,23
West,Knight Hall,2021-08-24T00:00:00,30.0,30.0,,,45.13,,,,0.0207,0.0207,41.311922,-105.581147,2021,8,24,0
West,Knight Hall,2021-08-24T01:00:00,20.0,30.0,,,44.8,,,,0.0138,0.0207,41.311922,-105.581147,2021,8,24,1
West,Knight Hall,2021-08-24T02:00:00,30.0,30.0,,,44.55,,,,0.0207,0.0207,41.311922,-105.581147,2021,8,24,2
West,Knight Hall,2021-08-24T03:00:00,30.0,20.0,,,44.89,,,,0.0207,0.0138,41.311922,-105.581147,2021,8,24,3
West,Knight Hall,2021-08-24T04:00:00,20.0,30.0,,,44.11,,,,0.0138,0.0207,41.311922,-105.581147,2021,8,24,4
West,Knight Hall,2021-08-24T05:00:00,30.0,40.0,,,45.64999999999999,,,,0.0207,0.0276,41.311922,-105.581147,2021,8,24,5
West,Knight Hall,2021-08-24T06:00:00,30.0,30.0,,,49.44,,,,0.0207,0.0207,41.311922,-105.581147,2021,8,24,6
West,Knight Hall,2021-08-24T07:00:00,50.0,40.0,,,80.61999999999999,,,,0.034499999999999996,0.0276,41.311922,-105.581147,2021,8,24,7
West,Knight Hall,2021-08-24T08:00:00,70.0,70.0,,,111.45,,,,0.048299999999999996,0.048299999999999996,41.311922,-105.581147,2021,8,24,8
West,Knight Hall,2021-08-24T09:00:00,80.0,70.0,,,169.25,,,,0.0552,0.048299999999999996,41.311922,-105.581147,2021,8,24,9
West,Knight Hall,2021-08-24T10:00:00,80.0,70.0,,,214.03,,,,0.0552,0.048299999999999996,41.311922,-105.581147,2021,8,24,10
West,Knight Hall,2021-08-24T11:00:00,80.0,80.0,,,160.97000000000003,,,,0.0552,0.0552,41.311922,-105.581147,2021,8,24,11
West,Knight Hall,2021-08-24T12:00:00,70.0,70.0,,,137.3,,,,0.048299999999999996,0.048299999999999996,41.311922,-105.581147,2021,8,24,12
West,Knight Hall,2021-08-24T13:00:00,,80.0,,,119.14,,,,,0.0552,41.311922,-105.581147,2021,8,24,13
West,Knight Hall,2021-08-24T14:00:00,60.0,70.0,,,137.3,,,,0.0414,0.048299999999999996,41.311922,-105.581147,2021,8,24,14
West,Knight Hall,2021-08-24T15:00:00,70.0,80.0,,,119.73000000000002,,,,0.048299999999999996,0.0552,41.311922,-105.581147,2021,8,24,15
West,Knight Hall,2021-08-24T16:00:00,70.0,60.0,,,143.59,,,,0.048299999999999996,0.0414,41.311922,-105.581147,2021,8,24,16
West,Knight Hall,2021-08-24T17:00:00,50.0,60.0,,,119.55,,,,0.034499999999999996,0.0414,41.311922,-105.581147,2021,8,24,17
West,Knight Hall,2021-08-24T18:00:00,40.0,40.0,,,80.81,,,,0.0276,0.0276,41.311922,-105.581147,2021,8,24,18
West,Knight Hall,2021-08-24T19:00:00,40.0,40.0,,,61.25,,,,0.0276,0.0276,41.311922,-105.581147,2021,8,24,19
West,Knight Hall,2021-08-24T20:00:00,30.0,40.0,,,46.57,,,,0.0207,0.0276,41.311922,-105.581147,2021,8,24,20
West,Knight Hall,2021-08-24T21:00:00,40.0,30.0,,,46.57,,,,0.0276,0.0207,41.311922,-105.581147,2021,8,24,21
West,Knight Hall,2021-08-24T22:00:00,30.0,30.0,,,66.34,,,,0.0207,0.0207,41.311922,-105.581147,2021,8,24,22
West,Knight Hall,2021-08-24T23:00:00,20.0,30.0,,,43.7,,,,0.0138,0.0207,41.311922,-105.581147,2021,8,24,23
West,Knight Hall,2021-08-25T00:00:00,30.0,30.0,,,42.13,,,,0.0207,0.0207,41.311922,-105.581147,2021,8,25,0
West,Knight Hall,2021-08-25T01:00:00,20.0,20.0,,,42.970000000000006,,,,0.0138,0.0138,41.311922,-105.581147,2021,8,25,1
West,Knight Hall,2021-08-25T02:00:00,30.0,30.0,,,42.13,,,,0.0207,0.0207,41.311922,-105.581147,2021,8,25,2
West,Knight Hall,2021-08-25T03:00:00,30.0,30.0,,,42.56,,,,0.0207,0.0207,41.311922,-105.581147,2021,8,25,3
West,Knight Hall,2021-08-25T04:00:00,20.0,30.0,,,41.57,,,,0.0138,0.0207,41.311922,-105.581147,2021,8,25,4
West,Knight Hall,2021-08-25T05:00:00,30.0,30.0,,,42.34,,,,0.0207,0.0207,41.311922,-105.581147,2021,8,25,5
West,Knight Hall,2021-08-25T06:00:00,30.0,30.0,,,42.93000000000001,,,,0.0207,0.0207,41.311922,-105.581147,2021,8,25,6
West,Knight Hall,2021-08-25T07:00:00,50.0,50.0,,,66.24,,,,0.034499999999999996,0.034499999999999996,41.311922,-105.581147,2021,8,25,7
West,Knight Hall,2021-08-25T08:00:00,70.0,60.0,,,18.74,,,,0.048299999999999996,0.0414,41.311922,-105.581147,2021,8,25,8
West,Knight Hall,2021-08-25T09:00:00,70.0,70.0,,,,,,,0.048299999999999996,0.048299999999999996,41.311922,-105.581147,2021,8,25,9
West,Knight Hall,2021-08-25T10:00:00,70.0,80.0,,,,,,,0.048299999999999996,0.0552,41.311922,-105.581147,2021,8,25,10
West,Knight Hall,2021-08-25T11:00:00,80.0,70.0,,,,,,,0.0552,0.048299999999999996,41.311922,-105.581147,2021,8,25,11
West,Knight Hall,2021-08-25T12:00:00,70.0,70.0,,,99.65,,,,0.048299999999999996,0.048299999999999996,41.311922,-105.581147,2021,8,25,12
West,Knight Hall,2021-08-25T13:00:00,70.0,80.0,,,110.31,,,,0.048299999999999996,0.0552,41.311922,-105.581147,2021,8,25,13
West,Knight Hall,2021-08-25T14:00:00,80.0,70.0,,,129.97,,,,0.0552,0.048299999999999996,41.311922,-105.581147,2021,8,25,14
West,Knight Hall,2021-08-25T15:00:00,80.0,70.0,,,100.32,,,,0.0552,0.048299999999999996,41.311922,-105.581147,2021,8,25,15
West,Knight Hall,2021-08-25T16:00:00,70.0,70.0,,,,,,,0.048299999999999996,0.048299999999999996,41.311922,-105.581147,2021,8,25,16
West,Knight Hall,2021-08-25T17:00:00,60.0,50.0,,,,,,,0.0414,0.034499999999999996,41.311922,-105.581147,2021,8,25,17
West,Knight Hall,2021-08-25T18:00:00,40.0,40.0,,,197.24,,,,0.0276,0.0276,41.311922,-105.581147,2021,8,25,18
West,Knight Hall,2021-08-25T19:00:00,30.0,30.0,,,102.78,,,,0.0207,0.0207,41.311922,-105.581147,2021,8,25,19
West,Knight Hall,2021-08-25T20:00:00,40.0,40.0,,,52.74,,,,0.0276,0.0276,41.311922,-105.581147,2021,8,25,20
West,Knight Hall,2021-08-25T21:00:00,30.0,30.0,,,95.1,,,,0.0207,0.0207,41.311922,-105.581147,2021,8,25,21
West,Knight Hall,2021-08-25T22:00:00,40.0,30.0,,,44.72,,,,0.0276,0.0207,41.311922,-105.581147,2021,8,25,22
West,Knight Hall,2021-08-25T23:00:00,20.0,30.0,,,43.85,,,,0.0138,0.0207,41.311922,-105.581147,2021,8,25,23
West,Knight Hall,2021-08-26T00:00:00,30.0,30.0,,,42.61,,,,0.0207,0.0207,41.311922,-105.581147,2021,8,26,0
West,Knight Hall,2021-08-26T01:00:00,30.0,20.0,,,43.44,,,,0.0207,0.0138,41.311922,-105.581147,2021,8,26,1
West,Knight Hall,2021-08-26T02:00:00,20.0,30.0,,,43.03,,,,0.0138,0.0207,41.311922,-105.581147,2021,8,26,2
West,Knight Hall,2021-08-26T03:00:00,30.0,30.0,,,43.46999999999999,,,,0.0207,0.0207,41.311922,-105.581147,2021,8,26,3
West,Knight Hall,2021-08-26T04:00:00,30.0,30.0,,,41.81,,,,0.0207,0.0207,41.311922,-105.581147,2021,8,26,4
West,Knight Hall,2021-08-26T05:00:00,30.0,30.0,,,43.44,,,,0.0207,0.0207,41.311922,-105.581147,2021,8,26,5
West,Knight Hall,2021-08-26T06:00:00,30.0,30.0,,,54.81,,,,0.0207,0.0207,41.311922,-105.581147,2021,8,26,6
West,Knight Hall,2021-08-26T07:00:00,40.0,40.0,,,64.01,,,,0.0276,0.0276,41.311922,-105.581147,2021,8,26,7
West,Knight Hall,2021-08-26T08:00:00,70.0,70.0,,,124.43,,,,0.048299999999999996,0.048299999999999996,41.311922,-105.581147,2021,8,26,8
West,Knight Hall,2021-08-26T09:00:00,80.0,70.0,,,131.59,,,,0.0552,0.048299999999999996,41.311922,-105.581147,2021,8,26,9
West,Knight Hall,2021-08-26T10:00:00,70.0,70.0,,,218.15,,,,0.048299999999999996,0.048299999999999996,41.311922,-105.581147,2021,8,26,10
West,Knight Hall,2021-08-26T11:00:00,70.0,70.0,,,,,,,0.048299999999999996,0.048299999999999996,41.311922,-105.581147,2021,8,26,11
West,Knight Hall,2021-08-26T12:00:00,70.0,70.0,,,164.62,,,,0.048299999999999996,0.048299999999999996,41.311922,-105.581147,2021,8,26,12
West,Knight Hall,2021-08-26T13:00:00,70.0,70.0,,,113.5,,,,0.048299999999999996,0.048299999999999996,41.311922,-105.581147,2021,8,26,13
West,Knight Hall,2021-08-26T14:00:00,70.0,70.0,,,128.03,,,,0.048299999999999996,0.048299999999999996,41.311922,-105.581147,2021,8,26,14
West,Knight Hall,2021-08-26T15:00:00,,70.0,,,135.92,,,,,0.048299999999999996,41.311922,-105.581147,2021,8,26,15
West,Knight Hall,2021-08-26T16:00:00,60.0,70.0,,,147.32999999999998,,,,0.0414,0.048299999999999996,41.311922,-105.581147,2021,8,26,16
West,Knight Hall,2021-08-26T17:00:00,40.0,40.0,,,116.73000000000002,,,,0.0276,0.0276,41.311922,-105.581147,2021,8,26,17
West,Knight Hall,2021-08-26T18:00:00,40.0,50.0,,,65.72,,,,0.0276,0.034499999999999996,41.311922,-105.581147,2021,8,26,18
West,Knight Hall,2021-08-26T19:00:00,40.0,40.0,,,83.94000000000001,,,,0.0276,0.0276,41.311922,-105.581147,2021,8,26,19
West,Knight Hall,2021-08-26T20:00:00,30.0,40.0,,,145.34,,,,0.0207,0.0276,41.311922,-105.581147,2021,8,26,20
West,Knight Hall,2021-08-26T21:00:00,30.0,30.0,,,58.02,,,,0.0207,0.0207,41.311922,-105.581147,2021,8,26,21
West,Knight Hall,2021-08-26T22:00:00,30.0,30.0,,,63.24,,,,0.0207,0.0207,41.311922,-105.581147,2021,8,26,22
West,Knight Hall,2021-08-26T23:00:00,30.0,30.0,,,48.34,,,,0.0207,0.0207,41.311922,-105.581147,2021,8,26,23
West,Knight Hall,2021-08-27T00:00:00,20.0,30.0,,,50.21,,,,0.0138,0.0207,41.311922,-105.581147,2021,8,27,0
West,Knight Hall,2021-08-27T01:00:00,30.0,30.0,,,48.77,,,,0.0207,0.0207,41.311922,-105.581147,2021,8,27,1
West,Knight Hall,2021-08-27T02:00:00,20.0,20.0,,,48.3,,,,0.0138,0.0138,41.311922,-105.581147,2021,8,27,2
West,Knight Hall,2021-08-27T03:00:00,30.0,30.0,,,49.53,,,,0.0207,0.0207,41.311922,-105.581147,2021,8,27,3
West,Knight Hall,2021-08-27T04:00:00,30.0,30.0,,,47.99,,,,0.0207,0.0207,41.311922,-105.581147,2021,8,27,4
West,Knight Hall,2021-08-27T05:00:00,20.0,30.0,,,55.46,,,,0.0138,0.0207,41.311922,-105.581147,2021,8,27,5
West,Knight Hall,2021-08-27T06:00:00,30.0,40.0,,,48.38,,,,0.0207,0.0276,41.311922,-105.581147,2021,8,27,6
West,Knight Hall,2021-08-27T07:00:00,40.0,50.0,,,94.37,,,,0.0276,0.034499999999999996,41.311922,-105.581147,2021,8,27,7
West,Knight Hall,2021-08-27T08:00:00,70.0,60.0,,,114.85,,,,0.048299999999999996,0.0414,41.311922,-105.581147,2021,8,27,8
West,Knight Hall,2021-08-27T09:00:00,80.0,70.0,,,184.65,,,,0.0552,0.048299999999999996,41.311922,-105.581147,2021,8,27,9
West,Knight Hall,2021-08-27T10:00:00,70.0,70.0,,,155.64999999999998,,,,0.048299999999999996,0.048299999999999996,41.311922,-105.581147,2021,8,27,10
West,Knight Hall,2021-08-27T11:00:00,70.0,70.0,,,165.87,,,,0.048299999999999996,0.048299999999999996,41.311922,-105.581147,2021,8,27,11
West,Knight Hall,2021-08-27T12:00:00,70.0,70.0,,,155.73000000000002,,,,0.048299999999999996,0.048299999999999996,41.311922,-105.581147,2021,8,27,12
West,Knight Hall,2021-08-27T13:00:00,70.0,70.0,,,152.82,,,,0.048299999999999996,0.048299999999999996,41.311922,-105.581147,2021,8,27,13
West,Knight Hall,2021-08-27T14:00:00,80.0,70.0,,,129.45,,,,0.0552,0.048299999999999996,41.311922,-105.581147,2021,8,27,14
West,Knight Hall,2021-08-27T15:00:00,70.0,70.0,,,192.43,,,,0.048299999999999996,0.048299999999999996,41.311922,-105.581147,2021,8,27,15
West,Knight Hall,2021-08-27T16:00:00,70.0,60.0,,,133.05,,,,0.048299999999999996,0.0414,41.311922,-105.581147,2021,8,27,16
West,Knight Hall,2021-08-27T17:00:00,50.0,60.0,,,77.99,,,,0.034499999999999996,0.0414,41.311922,-105.581147,2021,8,27,17
West,Knight Hall,2021-08-27T18:00:00,40.0,50.0,,,66.9,,,,0.0276,0.034499999999999996,41.311922,-105.581147,2021,8,27,18
West,Knight Hall,2021-08-27T19:00:00,40.0,40.0,,,66.28,,,,0.0276,0.0276,41.311922,-105.581147,2021,8,27,19
West,Knight Hall,2021-08-27T20:00:00,30.0,30.0,,,89.49999999999999,,,,0.0207,0.0207,41.311922,-105.581147,2021,8,27,20
West,Knight Hall,2021-08-27T21:00:00,40.0,40.0,,,56.29,,,,0.0276,0.0276,41.311922,-105.581147,2021,8,27,21
West,Knight Hall,2021-08-27T22:00:00,30.0,40.0,,,51.49,,,,0.0207,0.0276,41.311922,-105.581147,2021,8,27,22
West,Knight Hall,2021-08-27T23:00:00,30.0,30.0,,,46.81,,,,0.0207,0.0207,41.311922,-105.581147,2021,8,27,23
West,Knight Hall,2021-08-28T00:00:00,20.0,20.0,,,42.32,,,,0.0138,0.0138,41.311922,-105.581147,2021,8,28,0
West,Knight Hall,2021-08-28T01:00:00,20.0,30.0,,,41.48,,,,0.0138,0.0207,41.311922,-105.581147,2021,8,28,1
West,Knight Hall,2021-08-28T02:00:00,30.0,30.0,,,43.190000000000005,,,,0.0207,0.0207,41.311922,-105.581147,2021,8,28,2
West,Knight Hall,2021-08-28T03:00:00,20.0,30.0,,,41.63,,,,0.0138,0.0207,41.311922,-105.581147,2021,8,28,3
West,Knight Hall,2021-08-28T04:00:00,30.0,30.0,,,42.2,,,,0.0207,0.0207,41.311922,-105.581147,2021,8,28,4
West,Knight Hall,2021-08-28T05:00:00,20.0,30.0,,,43.45,,,,0.0138,0.0207,41.311922,-105.581147,2021,8,28,5
West,Knight Hall,2021-08-28T06:00:00,30.0,30.0,,,41.66,,,,0.0207,0.0207,41.311922,-105.581147,2021,8,28,6
West,Knight Hall,2021-08-28T07:00:00,20.0,40.0,,,42.3,,,,0.0138,0.0276,41.311922,-105.581147,2021,8,28,7
West,Knight Hall,2021-08-28T08:00:00,30.0,60.0,,,47.93000000000001,,,,0.0207,0.0414,41.311922,-105.581147,2021,8,28,8
West,Knight Hall,2021-08-28T09:00:00,30.0,70.0,,,43.55,,,,0.0207,0.048299999999999996,41.311922,-105.581147,2021,8,28,9
West,Knight Hall,2021-08-28T10:00:00,30.0,70.0,,,41.76,,,,0.0207,0.048299999999999996,41.311922,-105.581147,2021,8,28,10
West,Knight Hall,2021-08-28T11:00:00,30.0,60.0,,,43.03,,,,0.0207,0.0414,41.311922,-105.581147,2021,8,28,11
West,Knight Hall,2021-08-28T12:00:00,20.0,70.0,,,41.870000000000005,,,,0.0138,0.048299999999999996,41.311922,-105.581147,2021,8,28,12
West,Knight Hall,2021-08-28T13:00:00,30.0,70.0,,,41.61,,,,0.0207,0.048299999999999996,41.311922,-105.581147,2021,8,28,13
West,Knight Hall,2021-08-28T14:00:00,30.0,70.0,,,42.93000000000001,,,,0.0207,0.048299999999999996,41.311922,-105.581147,2021,8,28,14
West,Knight Hall,2021-08-28T15:00:00,30.0,60.0,,,42.54,,,,0.0207,0.0414,41.311922,-105.581147,2021,8,28,15
West,Knight Hall,2021-08-28T16:00:00,30.0,60.0,,,42.41,,,,0.0207,0.0414,41.311922,-105.581147,2021,8,28,16
West,Knight Hall,2021-08-28T17:00:00,20.0,40.0,,,41.51,,,,0.0138,0.0276,41.311922,-105.581147,2021,8,28,17
West,Knight Hall,2021-08-28T18:00:00,30.0,50.0,,,41.74,,,,0.0207,0.034499999999999996,41.311922,-105.581147,2021,8,28,18
West,Knight Hall,2021-08-28T19:00:00,30.0,30.0,,,47.39,,,,0.0207,0.0207,41.311922,-105.581147,2021,8,28,19
West,Knight Hall,2021-08-28T20:00:00,20.0,40.0,,,41.81,,,,0.0138,0.0276,41.311922,-105.581147,2021,8,28,20
West,Knight Hall,2021-08-28T21:00:00,30.0,30.0,,,42.0,,,,0.0207,0.0207,41.311922,-105.581147,2021,8,28,21
West,Knight Hall,2021-08-28T22:00:00,20.0,30.0,,,42.63,,,,0.0138,0.0207,41.311922,-105.581147,2021,8,28,22
West,Knight Hall,2021-08-28T23:00:00,30.0,30.0,,,41.7,,,,0.0207,0.0207,41.311922,-105.581147,2021,8,28,23
West,Knight Hall,2021-08-29T00:00:00,20.0,20.0,,,41.55,,,,0.0138,0.0138,41.311922,-105.581147,2021,8,29,0
West,Knight Hall,2021-08-29T01:00:00,30.0,30.0,,,42.54,,,,0.0207,0.0207,41.311922,-105.581147,2021,8,29,1
West,Knight Hall,2021-08-29T02:00:00,20.0,30.0,,,41.53,,,,0.0138,0.0207,41.311922,-105.581147,2021,8,29,2
West,Knight Hall,2021-08-29T03:00:00,30.0,20.0,,,41.33,,,,0.0207,0.0138,41.311922,-105.581147,2021,8,29,3
West,Knight Hall,2021-08-29T04:00:00,20.0,30.0,,,42.28,,,,0.0138,0.0207,41.311922,-105.581147,2021,8,29,4
West,Knight Hall,2021-08-29T05:00:00,30.0,20.0,,,41.29,,,,0.0207,0.0138,41.311922,-105.581147,2021,8,29,5
West,Knight Hall,2021-08-29T06:00:00,20.0,30.0,,,41.31,,,,0.0138,0.0207,41.311922,-105.581147,2021,8,29,6
West,Knight Hall,2021-08-29T07:00:00,30.0,30.0,,,42.24,,,,0.0207,0.0207,41.311922,-105.581147,2021,8,29,7
West,Knight Hall,2021-08-29T08:00:00,20.0,30.0,,,41.59,,,,0.0138,0.0207,41.311922,-105.581147,2021,8,29,8
West,Knight Hall,2021-08-29T09:00:00,30.0,40.0,,,41.27,,,,0.0207,0.0276,41.311922,-105.581147,2021,8,29,9
West,Knight Hall,2021-08-29T10:00:00,30.0,30.0,,,42.5,,,,0.0207,0.0207,41.311922,-105.581147,2021,8,29,10
West,Knight Hall,2021-08-29T11:00:00,40.0,30.0,,,42.45,,,,0.0276,0.0207,41.311922,-105.581147,2021,8,29,11
West,Knight Hall,2021-08-29T12:00:00,30.0,30.0,,,41.89,,,,0.0207,0.0207,41.311922,-105.581147,2021,8,29,12
West,Knight Hall,2021-08-29T13:00:00,30.0,40.0,,,46.55,,,,0.0207,0.0276,41.311922,-105.581147,2021,8,29,13
West,Knight Hall,2021-08-29T14:00:00,30.0,30.0,,,45.99,,,,0.0207,0.0207,41.311922,-105.581147,2021,8,29,14
West,Knight Hall,2021-08-29T15:00:00,30.0,30.0,,,47.970000000000006,,,,0.0207,0.0207,41.311922,-105.581147,2021,8,29,15
West,Knight Hall,2021-08-29T16:00:00,30.0,30.0,,,42.04,,,,0.0207,0.0207,41.311922,-105.581147,2021,8,29,16
West,Knight Hall,2021-08-29T17:00:00,20.0,30.0,,,42.34,,,,0.0138,0.0207,41.311922,-105.581147,2021,8,29,17
West,Knight Hall,2021-08-29T18:00:00,30.0,30.0,,,42.2,,,,0.0207,0.0207,41.311922,-105.581147,2021,8,29,18
West,Knight Hall,2021-08-29T19:00:00,20.0,20.0,,,41.31,,,,0.0138,0.0138,41.311922,-105.581147,2021,8,29,19
West,Knight Hall,2021-08-29T20:00:00,30.0,30.0,,,41.27,,,,0.0207,0.0207,41.311922,-105.581147,2021,8,29,20
West,Knight Hall,2021-08-29T21:00:00,30.0,30.0,,,42.19,,,,0.0207,0.0207,41.311922,-105.581147,2021,8,29,21
West,Knight Hall,2021-08-29T22:00:00,20.0,20.0,,,42.43,,,,0.0138,0.0138,41.311922,-105.581147,2021,8,29,22
West,Knight Hall,2021-08-29T23:00:00,30.0,30.0,,,41.31,,,,0.0207,0.0207,41.311922,-105.581147,2021,8,29,23
West,Knight Hall,2021-08-30T00:00:00,20.0,20.0,,,41.53000000000001,,,,0.0138,0.0138,41.311922,-105.581147,2021,8,30,0
West,Knight Hall,2021-08-30T01:00:00,30.0,30.0,,,41.57,,,,0.0207,0.0207,41.311922,-105.581147,2021,8,30,1
West,Knight Hall,2021-08-30T02:00:00,20.0,30.0,,,41.46,,,,0.0138,0.0207,41.311922,-105.581147,2021,8,30,2
West,Knight Hall,2021-08-30T03:00:00,30.0,20.0,,,41.42,,,,0.0207,0.0138,41.311922,-105.581147,2021,8,30,3
West,Knight Hall,2021-08-30T04:00:00,30.0,30.0,,,41.53000000000001,,,,0.0207,0.0207,41.311922,-105.581147,2021,8,30,4
West,Knight Hall,2021-08-30T05:00:00,20.0,30.0,,,41.96,,,,0.0138,0.0207,41.311922,-105.581147,2021,8,30,5
West,Knight Hall,2021-08-30T06:00:00,30.0,20.0,,,44.98,,,,0.0207,0.0138,41.311922,-105.581147,2021,8,30,6
West,Knight Hall,2021-08-30T07:00:00,50.0,30.0,,,72.72,,,,0.034499999999999996,0.0207,41.311922,-105.581147,2021,8,30,7
West,Knight Hall,2021-08-30T08:00:00,60.0,30.0,,,154.94,,,,0.0414,0.0207,41.311922,-105.581147,2021,8,30,8
West,Knight Hall,2021-08-30T09:00:00,80.0,30.0,,,170.70000000000002,,,,0.0552,0.0207,41.311922,-105.581147,2021,8,30,9
West,Knight Hall,2021-08-30T10:00:00,70.0,30.0,,,163.91,,,,0.048299999999999996,0.0207,41.311922,-105.581147,2021,8,30,10
West,Knight Hall,2021-08-30T11:00:00,80.0,30.0,,,156.9,,,,0.0552,0.0207,41.311922,-105.581147,2021,8,30,11
West,Knight Hall,2021-08-30T12:00:00,70.0,30.0,,,134.82,,,,0.048299999999999996,0.0207,41.311922,-105.581147,2021,8,30,12
West,Knight Hall,2021-08-30T13:00:00,80.0,30.0,,,115.91,,,,0.0552,0.0207,41.311922,-105.581147,2021,8,30,13
West,Knight Hall,2021-08-30T14:00:00,70.0,30.0,,,161.99,,,,0.048299999999999996,0.0207,41.311922,-105.581147,2021,8,30,14
West,Knight Hall,2021-08-30T15:00:00,70.0,30.0,,,142.09000000000003,,,,0.048299999999999996,0.0207,41.311922,-105.581147,2021,8,30,15
West,Knight Hall,2021-08-30T16:00:00,70.0,30.0,,,135.29000000000002,,,,0.048299999999999996,0.0207,41.311922,-105.581147,2021,8,30,16
West,Knight Hall,2021-08-30T17:00:00,50.0,30.0,,,99.85,,,,0.034499999999999996,0.0207,41.311922,-105.581147,2021,8,30,17
West,Knight Hall,2021-08-30T18:00:00,40.0,20.0,,,51.6,,,,0.0276,0.0138,41.311922,-105.581147,2021,8,30,18
West,Knight Hall,2021-08-30T19:00:00,40.0,30.0,,,61.17,,,,0.0276,0.0207,41.311922,-105.581147,2021,8,30,19
West,Knight Hall,2021-08-30T20:00:00,30.0,30.0,,,46.23,,,,0.0207,0.0207,41.311922,-105.581147,2021,8,30,20
West,Knight Hall,2021-08-30T21:00:00,30.0,20.0,,,55.73,,,,0.0207,0.0138,41.311922,-105.581147,2021,8,30,21
West,Knight Hall,2021-08-30T22:00:00,30.0,30.0,,,47.09,,,,0.0207,0.0207,41.311922,-105.581147,2021,8,30,22
West,Knight Hall,2021-08-30T23:00:00,30.0,30.0,,,44.31,,,,0.0207,0.0207,41.311922,-105.581147,2021,8,30,23
West,Knight Hall,2021-08-31T00:00:00,20.0,20.0,,,42.0,,,,0.0138,0.0138,41.311922,-105.581147,2021,8,31,0
West,Knight Hall,2021-08-31T01:00:00,20.0,30.0,,,42.95,,,,0.0138,0.0207,41.311922,-105.581147,2021,8,31,1
West,Knight Hall,2021-08-31T02:00:00,30.0,30.0,,,42.69,,,,0.0207,0.0207,41.311922,-105.581147,2021,8,31,2
West,Knight Hall,2021-08-31T03:00:00,30.0,20.0,,,41.98,,,,0.0207,0.0138,41.311922,-105.581147,2021,8,31,3
West,Knight Hall,2021-08-31T04:00:00,20.0,30.0,,,42.97,,,,0.0138,0.0207,41.311922,-105.581147,2021,8,31,4
West,Knight Hall,2021-08-31T05:00:00,30.0,30.0,,,42.73,,,,0.0207,0.0207,41.311922,-105.581147,2021,8,31,5
West,Knight Hall,2021-08-31T06:00:00,30.0,30.0,,,48.4,,,,0.0207,0.0207,41.311922,-105.581147,2021,8,31,6
West,Knight Hall,2021-08-31T07:00:00,40.0,40.0,,,71.84,,,,0.0276,0.0276,41.311922,-105.581147,2021,8,31,7
West,Knight Hall,2021-08-31T08:00:00,70.0,70.0,,,158.28,,,,0.048299999999999996,0.048299999999999996,41.311922,-105.581147,2021,8,31,8
West,Knight Hall,2021-08-31T09:00:00,70.0,70.0,,,170.57,,,,0.048299999999999996,0.048299999999999996,41.311922,-105.581147,2021,8,31,9
West,Knight Hall,2021-08-31T10:00:00,70.0,70.0,,,205.07,,,,0.048299999999999996,0.048299999999999996,41.311922,-105.581147,2021,8,31,10
West,Knight Hall,2021-08-31T11:00:00,,70.0,,,161.86,,,,,0.048299999999999996,41.311922,-105.581147,2021,8,31,11
West,Knight Hall,2021-08-31T12:00:00,60.0,70.0,,,137.39,,,,0.0414,0.048299999999999996,41.311922,-105.581147,2021,8,31,12
West,Knight Hall,2021-08-31T13:00:00,70.0,60.0,,,138.23000000000002,,,,0.048299999999999996,0.0414,41.311922,-105.581147,2021,8,31,13
West,Knight Hall,2021-08-31T14:00:00,70.0,70.0,,,190.06000000000003,,,,0.048299999999999996,0.048299999999999996,41.311922,-105.581147,2021,8,31,14
West,Knight Hall,2021-08-31T15:00:00,,70.0,,,211.25,,,,,0.048299999999999996,41.311922,-105.581147,2021,8,31,15
West,Knight Hall,2021-08-31T16:00:00,60.0,70.0,,,,,,,0.0414,0.048299999999999996,41.311922,-105.581147,2021,8,31,16
West,Knight Hall,2021-08-31T17:00:00,60.0,40.0,,,,,,,0.0414,0.0276,41.311922,-105.581147,2021,8,31,17
West,Knight Hall,2021-08-31T18:00:00,40.0,40.0,,,97.3,,,,0.0276,0.0276,41.311922,-105.581147,2021,8,31,18
West,Knight Hall,2021-08-31T19:00:00,40.0,40.0,,,69.0,,,,0.0276,0.0276,41.311922,-105.581147,2021,8,31,19
West,Knight Hall,2021-08-31T20:00:00,20.0,30.0,,,42.95,,,,0.0138,0.0207,41.311922,-105.581147,2021,8,31,20
West,Knight Hall,2021-08-31T21:00:00,40.0,30.0,,,52.42,,,,0.0276,0.0207,41.311922,-105.581147,2021,8,31,21
West,Knight Hall,2021-08-31T22:00:00,30.0,30.0,,,49.12,,,,0.0207,0.0207,41.311922,-105.581147,2021,8,31,22
West,Knight Hall,2021-08-31T23:00:00,30.0,30.0,,,60.87,,,,0.0207,0.0207,41.311922,-105.581147,2021,8,31,23
West,Knight Hall,2021-09-01T00:00:00,30.0,30.0,,,42.07,,,,0.0207,0.0207,41.311922,-105.581147,2021,9,1,0
West,Knight Hall,2021-09-01T01:00:00,20.0,30.0,,,41.63,,,,0.0138,0.0207,41.311922,-105.581147,2021,9,1,1
West,Knight Hall,2021-09-01T02:00:00,30.0,20.0,,,41.81,,,,0.0207,0.0138,41.311922,-105.581147,2021,9,1,2
West,Knight Hall,2021-09-01T03:00:00,20.0,30.0,,,42.04,,,,0.0138,0.0207,41.311922,-105.581147,2021,9,1,3
West,Knight Hall,2021-09-01T04:00:00,30.0,30.0,,,41.53,,,,0.0207,0.0207,41.311922,-105.581147,2021,9,1,4
West,Knight Hall,2021-09-01T05:00:00,30.0,30.0,,,45.43,,,,0.0207,0.0207,41.311922,-105.581147,2021,9,1,5
West,Knight Hall,2021-09-01T06:00:00,20.0,30.0,,,44.22,,,,0.0138,0.0207,41.311922,-105.581147,2021,9,1,6
West,Knight Hall,2021-09-01T07:00:00,60.0,50.0,,,70.52,,,,0.0414,0.034499999999999996,41.311922,-105.581147,2021,9,1,7
West,Knight Hall,2021-09-01T08:00:00,50.0,70.0,,,128.29,,,,0.034499999999999996,0.048299999999999996,41.311922,-105.581147,2021,9,1,8
West,Knight Hall,2021-09-01T09:00:00,80.0,70.0,,,168.0,,,,0.0552,0.048299999999999996,41.311922,-105.581147,2021,9,1,9
West,Knight Hall,2021-09-01T10:00:00,70.0,70.0,,,166.69,,,,0.048299999999999996,0.048299999999999996,41.311922,-105.581147,2021,9,1,10
West,Knight Hall,2021-09-01T11:00:00,,70.0,,,206.31,,,,,0.048299999999999996,41.311922,-105.581147,2021,9,1,11
West,Knight Hall,2021-09-01T12:00:00,60.0,70.0,,,,,,,0.0414,0.048299999999999996,41.311922,-105.581147,2021,9,1,12
West,Knight Hall,2021-09-01T13:00:00,80.0,70.0,,,,,,,0.0552,0.048299999999999996,41.311922,-105.581147,2021,9,1,13
West,Knight Hall,2021-09-01T14:00:00,70.0,60.0,,,,,,,0.048299999999999996,0.0414,41.311922,-105.581147,2021,9,1,14
West,Knight Hall,2021-09-01T15:00:00,70.0,70.0,,,,,,,0.048299999999999996,0.048299999999999996,41.311922,-105.581147,2021,9,1,15
West,Knight Hall,2021-09-01T16:00:00,70.0,60.0,,,,,,,0.048299999999999996,0.0414,41.311922,-105.581147,2021,9,1,16
West,Knight Hall,2021-09-01T17:00:00,50.0,40.0,,,140.34,,,,0.034499999999999996,0.0276,41.311922,-105.581147,2021,9,1,17
West,Knight Hall,2021-09-01T18:00:00,40.0,50.0,,,69.64,,,,0.0276,0.034499999999999996,41.311922,-105.581147,2021,9,1,18
West,Knight Hall,2021-09-01T19:00:00,30.0,30.0,,,63.61,,,,0.0207,0.0207,41.311922,-105.581147,2021,9,1,19
West,Knight Hall,2021-09-01T20:00:00,40.0,40.0,,,153.94,,,,0.0276,0.0276,41.311922,-105.581147,2021,9,1,20
West,Knight Hall,2021-09-01T21:00:00,40.0,30.0,,,54.7,,,,0.0276,0.0207,41.311922,-105.581147,2021,9,1,21
West,Knight Hall,2021-09-01T22:00:00,20.0,30.0,,,61.49,,,,0.0138,0.0207,41.311922,-105.581147,2021,9,1,22
West,Knight Hall,2021-09-01T23:00:00,30.0,30.0,,,51.47,,,,0.0207,0.0207,41.311922,-105.581147,2021,9,1,23
West,Knight Hall,2021-09-02T00:00:00,30.0,20.0,,,49.78,,,,0.0207,0.0138,41.311922,-105.581147,2021,9,2,0
West,Knight Hall,2021-09-02T01:00:00,30.0,30.0,,,51.4,,,,0.0207,0.0207,41.311922,-105.581147,2021,9,2,1
West,Knight Hall,2021-09-02T02:00:00,20.0,20.0,,,50.43,,,,0.0138,0.0138,41.311922,-105.581147,2021,9,2,2
West,Knight Hall,2021-09-02T03:00:00,30.0,30.0,,,52.05,,,,0.0207,0.0207,41.311922,-105.581147,2021,9,2,3
West,Knight Hall,2021-09-02T04:00:00,20.0,30.0,,,50.02,,,,0.0138,0.0207,41.311922,-105.581147,2021,9,2,4
West,Knight Hall,2021-09-02T05:00:00,30.0,30.0,,,49.76,,,,0.0207,0.0207,41.311922,-105.581147,2021,9,2,5
West,Knight Hall,2021-09-02T06:00:00,30.0,30.0,,,54.2,,,,0.0207,0.0207,41.311922,-105.581147,2021,9,2,6
West,Knight Hall,2021-09-02T07:00:00,40.0,40.0,,,70.87,,,,0.0276,0.0276,41.311922,-105.581147,2021,9,2,7
West,Knight Hall,2021-09-02T08:00:00,60.0,60.0,,,144.90999999999997,,,,0.0414,0.0414,41.311922,-105.581147,2021,9,2,8
West,Knight Hall,2021-09-02T09:00:00,70.0,70.0,,,155.64999999999998,,,,0.048299999999999996,0.048299999999999996,41.311922,-105.581147,2021,9,2,9
West,Knight Hall,2021-09-02T10:00:00,70.0,70.0,,,181.69,,,,0.048299999999999996,0.048299999999999996,41.311922,-105.581147,2021,9,2,10
West,Knight Hall,2021-09-02T11:00:00,70.0,70.0,,,131.78,,,,0.048299999999999996,0.048299999999999996,41.311922,-105.581147,2021,9,2,11
West,Knight Hall,2021-09-02T12:00:00,70.0,70.0,,,150.3,,,,0.048299999999999996,0.048299999999999996,41.311922,-105.581147,2021,9,2,12
West,Knight Hall,2021-09-02T13:00:00,70.0,70.0,,,134.41,,,,0.048299999999999996,0.048299999999999996,41.311922,-105.581147,2021,9,2,13
West,Knight Hall,2021-09-02T14:00:00,70.0,70.0,,,126.46,,,,0.048299999999999996,0.048299999999999996,41.311922,-105.581147,2021,9,2,14
West,Knight Hall,2021-09-02T15:00:00,70.0,60.0,,,151.93999999999997,,,,0.048299999999999996,0.0414,41.311922,-105.581147,2021,9,2,15
West,Knight Hall,2021-09-02T16:00:00,70.0,70.0,,,123.0,,,,0.048299999999999996,0.048299999999999996,41.311922,-105.581147,2021,9,2,16
West,Knight Hall,2021-09-02T17:00:00,40.0,50.0,,,115.26,,,,0.0276,0.034499999999999996,41.311922,-105.581147,2021,9,2,17
West,Knight Hall,2021-09-02T18:00:00,40.0,40.0,,,64.19,,,,0.0276,0.0276,41.311922,-105.581147,2021,9,2,18
West,Knight Hall,2021-09-02T19:00:00,40.0,40.0,,,76.17,,,,0.0276,0.0276,41.311922,-105.581147,2021,9,2,19
West,Knight Hall,2021-09-02T20:00:00,30.0,30.0,,,134.93,,,,0.0207,0.0207,41.311922,-105.581147,2021,9,2,20
West,Knight Hall,2021-09-02T21:00:00,30.0,40.0,,,50.970000000000006,,,,0.0207,0.0276,41.311922,-105.581147,2021,9,2,21
West,Knight Hall,2021-09-02T22:00:00,30.0,30.0,,,65.54,,,,0.0207,0.0207,41.311922,-105.581147,2021,9,2,22
West,Knight Hall,2021-09-02T23:00:00,20.0,20.0,,,43.01,,,,0.0138,0.0138,41.311922,-105.581147,2021,9,2,23
West,Knight Hall,2021-09-03T00:00:00,30.0,30.0,,,42.81999999999999,,,,0.0207,0.0207,41.311922,-105.581147,2021,9,3,0
West,Knight Hall,2021-09-03T01:00:00,20.0,30.0,,,43.12,,,,0.0138,0.0207,41.311922,-105.581147,2021,9,3,1
West,Knight Hall,2021-09-03T02:00:00,30.0,20.0,,,42.15,,,,0.0207,0.0138,41.311922,-105.581147,2021,9,3,2
West,Knight Hall,2021-09-03T03:00:00,20.0,30.0,,,43.790000000000006,,,,0.0138,0.0207,41.311922,-105.581147,2021,9,3,3
West,Knight Hall,2021-09-03T04:00:00,30.0,30.0,,,41.76,,,,0.0207,0.0207,41.311922,-105.581147,2021,9,3,4
West,Knight Hall,2021-09-03T05:00:00,30.0,30.0,,,47.28,,,,0.0207,0.0207,41.311922,-105.581147,2021,9,3,5
West,Knight Hall,2021-09-03T06:00:00,30.0,30.0,,,44.09,,,,0.0207,0.0207,41.311922,-105.581147,2021,9,3,6
West,Knight Hall,2021-09-03T07:00:00,50.0,30.0,,,78.35,,,,0.034499999999999996,0.0207,41.311922,-105.581147,2021,9,3,7
West,Knight Hall,2021-09-03T08:00:00,50.0,40.0,,,121.21,,,,0.034499999999999996,0.0276,41.311922,-105.581147,2021,9,3,8
West,Knight Hall,2021-09-03T09:00:00,80.0,50.0,,,159.02999999999997,,,,0.0552,0.034499999999999996,41.311922,-105.581147,2021,9,3,9
West,Knight Hall,2021-09-03T10:00:00,60.0,40.0,,,172.96,,,,0.0414,0.0276,41.311922,-105.581147,2021,9,3,10
West,Knight Hall,2021-09-03T11:00:00,,50.0,,,169.1,,,,,0.034499999999999996,41.311922,-105.581147,2021,9,3,11
West,Knight Hall,2021-09-03T12:00:00,50.0,40.0,,,124.58,,,,0.034499999999999996,0.0276,41.311922,-105.581147,2021,9,3,12
West,Knight Hall,2021-09-03T13:00:00,70.0,50.0,,,116.13,,,,0.048299999999999996,0.034499999999999996,41.311922,-105.581147,2021,9,3,13
West,Knight Hall,2021-09-03T14:00:00,60.0,40.0,,,90.55,,,,0.0414,0.0276,41.311922,-105.581147,2021,9,3,14
West,Knight Hall,2021-09-03T15:00:00,70.0,50.0,,,119.53,,,,0.048299999999999996,0.034499999999999996,41.311922,-105.581147,2021,9,3,15
West,Knight Hall,2021-09-03T16:00:00,70.0,40.0,,,117.89,,,,0.048299999999999996,0.0276,41.311922,-105.581147,2021,9,3,16
West,Knight Hall,2021-09-03T17:00:00,50.0,40.0,,,87.92999999999999,,,,0.034499999999999996,0.0276,41.311922,-105.581147,2021,9,3,17
West,Knight Hall,2021-09-03T18:00:00,30.0,40.0,,,90.47,,,,0.0207,0.0276,41.311922,-105.581147,2021,9,3,18
West,Knight Hall,2021-09-03T19:00:00,30.0,30.0,,,66.36,,,,0.0207,0.0207,41.311922,-105.581147,2021,9,3,19
West,Knight Hall,2021-09-03T20:00:00,30.0,30.0,,,43.19,,,,0.0207,0.0207,41.311922,-105.581147,2021,9,3,20
West,Knight Hall,2021-09-03T21:00:00,40.0,30.0,,,51.7,,,,0.0276,0.0207,41.311922,-105.581147,2021,9,3,21
West,Knight Hall,2021-09-03T22:00:00,30.0,30.0,,,80.81,,,,0.0207,0.0207,41.311922,-105.581147,2021,9,3,22
West,Knight Hall,2021-09-03T23:00:00,30.0,30.0,,,42.69,,,,0.0207,0.0207,41.311922,-105.581147,2021,9,3,23
West,Knight Hall,2021-09-04T00:00:00,20.0,20.0,,,,,,,0.0138,0.0138,41.311922,-105.581147,2021,9,4,0
West,Knight Hall,2021-09-04T01:00:00,20.0,30.0,,,,,,,0.0138,0.0207,41.311922,-105.581147,2021,9,4,1
West,Knight Hall,2021-09-04T02:00:00,30.0,30.0,,,,,,,0.0207,0.0207,41.311922,-105.581147,2021,9,4,2
West,Knight Hall,2021-09-04T03:00:00,20.0,20.0,,,,,,,0.0138,0.0138,41.311922,-105.581147,2021,9,4,3
West,Knight Hall,2021-09-04T04:00:00,30.0,30.0,,,,,,,0.0207,0.0207,41.311922,-105.581147,2021,9,4,4
West,Knight Hall,2021-09-04T05:00:00,20.0,30.0,,,,,,,0.0138,0.0207,41.311922,-105.581147,2021,9,4,5
West,Knight Hall,2021-09-04T06:00:00,20.0,30.0,,,,,,,0.0138,0.0207,41.311922,-105.581147,2021,9,4,6
West,Knight Hall,2021-09-04T07:00:00,30.0,30.0,,,,,,,0.0207,0.0207,41.311922,-105.581147,2021,9,4,7
West,Knight Hall,2021-09-04T08:00:00,30.0,40.0,,,,,,,0.0207,0.0276,41.311922,-105.581147,2021,9,4,8
West,Knight Hall,2021-09-04T09:00:00,30.0,40.0,,,,,,,0.0207,0.0276,41.311922,-105.581147,2021,9,4,9
West,Knight Hall,2021-09-04T10:00:00,20.0,40.0,,,,,,,0.0138,0.0276,41.311922,-105.581147,2021,9,4,10
West,Knight Hall,2021-09-04T11:00:00,30.0,40.0,,,,,,,0.0207,0.0276,41.311922,-105.581147,2021,9,4,11
West,Knight Hall,2021-09-04T12:00:00,30.0,40.0,,,,,,,0.0207,0.0276,41.311922,-105.581147,2021,9,4,12
West,Knight Hall,2021-09-04T13:00:00,30.0,40.0,,,,,,,0.0207,0.0276,41.311922,-105.581147,2021,9,4,13
West,Knight Hall,2021-09-04T14:00:00,30.0,50.0,,,,,,,0.0207,0.034499999999999996,41.311922,-105.581147,2021,9,4,14
West,Knight Hall,2021-09-04T15:00:00,30.0,40.0,,,,,,,0.0207,0.0276,41.311922,-105.581147,2021,9,4,15
West,Knight Hall,2021-09-04T16:00:00,20.0,40.0,,,,,,,0.0138,0.0276,41.311922,-105.581147,2021,9,4,16
West,Knight Hall,2021-09-04T17:00:00,30.0,30.0,,,,,,,0.0207,0.0207,41.311922,-105.581147,2021,9,4,17
West,Knight Hall,2021-09-04T18:00:00,30.0,40.0,,,,,,,0.0207,0.0276,41.311922,-105.581147,2021,9,4,18
West,Knight Hall,2021-09-04T19:00:00,20.0,30.0,,,,,,,0.0138,0.0207,41.311922,-105.581147,2021,9,4,19
West,Knight Hall,2021-09-04T20:00:00,30.0,30.0,,,,,,,0.0207,0.0207,41.311922,-105.581147,2021,9,4,20
West,Knight Hall,2021-09-04T21:00:00,20.0,30.0,,,,,,,0.0138,0.0207,41.311922,-105.581147,2021,9,4,21
West,Knight Hall,2021-09-04T22:00:00,30.0,30.0,,,,,,,0.0207,0.0207,41.311922,-105.581147,2021,9,4,22
West,Knight Hall,2021-09-04T23:00:00,30.0,20.0,,,,,,,0.0207,0.0138,41.311922,-105.581147,2021,9,4,23
West,Knight Hall,2021-09-05T00:00:00,20.0,30.0,,,43.21,,,,0.0138,0.0207,41.311922,-105.581147,2021,9,5,0
West,Knight Hall,2021-09-05T01:00:00,30.0,20.0,,,42.26,,,,0.0207,0.0138,41.311922,-105.581147,2021,9,5,1
West,Knight Hall,2021-09-05T02:00:00,20.0,30.0,,,43.12,,,,0.0138,0.0207,41.311922,-105.581147,2021,9,5,2
West,Knight Hall,2021-09-05T03:00:00,30.0,20.0,,,42.32,,,,0.0207,0.0138,41.311922,-105.581147,2021,9,5,3
West,Knight Hall,2021-09-05T04:00:00,20.0,30.0,,,42.17,,,,0.0138,0.0207,41.311922,-105.581147,2021,9,5,4
West,Knight Hall,2021-09-05T05:00:00,30.0,30.0,,,43.08,,,,0.0207,0.0207,41.311922,-105.581147,2021,9,5,5
West,Knight Hall,2021-09-05T06:00:00,30.0,20.0,,,42.28,,,,0.0207,0.0138,41.311922,-105.581147,2021,9,5,6
West,Knight Hall,2021-09-05T07:00:00,20.0,30.0,,,42.220000000000006,,,,0.0138,0.0207,41.311922,-105.581147,2021,9,5,7
West,Knight Hall,2021-09-05T08:00:00,30.0,30.0,,,43.06,,,,0.0207,0.0207,41.311922,-105.581147,2021,9,5,8
West,Knight Hall,2021-09-05T09:00:00,30.0,30.0,,,42.6,,,,0.0207,0.0207,41.311922,-105.581147,2021,9,5,9
West,Knight Hall,2021-09-05T10:00:00,20.0,30.0,,,42.84,,,,0.0138,0.0207,41.311922,-105.581147,2021,9,5,10
West,Knight Hall,2021-09-05T11:00:00,30.0,30.0,,,42.74999999999999,,,,0.0207,0.0207,41.311922,-105.581147,2021,9,5,11
West,Knight Hall,2021-09-05T12:00:00,30.0,40.0,,,42.35,,,,0.0207,0.0276,41.311922,-105.581147,2021,9,5,12
West,Knight Hall,2021-09-05T13:00:00,30.0,30.0,,,42.41,,,,0.0207,0.0207,41.311922,-105.581147,2021,9,5,13
West,Knight Hall,2021-09-05T14:00:00,30.0,30.0,,,43.77,,,,0.0207,0.0207,41.311922,-105.581147,2021,9,5,14
West,Knight Hall,2021-09-05T15:00:00,30.0,30.0,,,43.830000000000005,,,,0.0207,0.0207,41.311922,-105.581147,2021,9,5,15
West,Knight Hall,2021-09-05T16:00:00,20.0,20.0,,,42.690000000000005,,,,0.0138,0.0138,41.311922,-105.581147,2021,9,5,16
West,Knight Hall,2021-09-05T17:00:00,30.0,30.0,,,43.36,,,,0.0207,0.0207,41.311922,-105.581147,2021,9,5,17
West,Knight Hall,2021-09-05T18:00:00,20.0,30.0,,,42.8,,,,0.0138,0.0207,41.311922,-105.581147,2021,9,5,18
West,Knight Hall,2021-09-05T19:00:00,30.0,20.0,,,46.01,,,,0.0207,0.0138,41.311922,-105.581147,2021,9,5,19
West,Knight Hall,2021-09-05T20:00:00,20.0,30.0,,,43.42,,,,0.0138,0.0207,41.311922,-105.581147,2021,9,5,20
West,Knight Hall,2021-09-05T21:00:00,30.0,20.0,,,42.24,,,,0.0207,0.0138,41.311922,-105.581147,2021,9,5,21
West,Knight Hall,2021-09-05T22:00:00,20.0,30.0,,,42.58,,,,0.0138,0.0207,41.311922,-105.581147,2021,9,5,22
West,Knight Hall,2021-09-05T23:00:00,30.0,30.0,,,42.95,,,,0.0207,0.0207,41.311922,-105.581147,2021,9,5,23
West,Knight Hall,2021-09-06T00:00:00,20.0,20.0,,,42.45,,,,0.0138,0.0138,41.311922,-105.581147,2021,9,6,0
West,Knight Hall,2021-09-06T01:00:00,30.0,30.0,,,43.57,,,,0.0207,0.0207,41.311922,-105.581147,2021,9,6,1
West,Knight Hall,2021-09-06T02:00:00,20.0,30.0,,,42.48,,,,0.0138,0.0207,41.311922,-105.581147,2021,9,6,2
West,Knight Hall,2021-09-06T03:00:00,30.0,20.0,,,42.46999999999999,,,,0.0207,0.0138,41.311922,-105.581147,2021,9,6,3
West,Knight Hall,2021-09-06T04:00:00,30.0,30.0,,,42.88,,,,0.0207,0.0207,41.311922,-105.581147,2021,9,6,4
West,Knight Hall,2021-09-06T05:00:00,20.0,20.0,,,42.76,,,,0.0138,0.0138,41.311922,-105.581147,2021,9,6,5
West,Knight Hall,2021-09-06T06:00:00,30.0,30.0,,,43.08,,,,0.0207,0.0207,41.311922,-105.581147,2021,9,6,6
West,Knight Hall,2021-09-06T07:00:00,30.0,30.0,,,42.75,,,,0.0207,0.0207,41.311922,-105.581147,2021,9,6,7
West,Knight Hall,2021-09-06T08:00:00,20.0,30.0,,,42.32,,,,0.0138,0.0207,41.311922,-105.581147,2021,9,6,8
West,Knight Hall,2021-09-06T09:00:00,30.0,30.0,,,42.58,,,,0.0207,0.0207,41.311922,-105.581147,2021,9,6,9
West,Knight Hall,2021-09-06T10:00:00,40.0,30.0,,,42.56,,,,0.0276,0.0207,41.311922,-105.581147,2021,9,6,10
West,Knight Hall,2021-09-06T11:00:00,30.0,30.0,,,43.01,,,,0.0207,0.0207,41.311922,-105.581147,2021,9,6,11
West,Knight Hall,2021-09-06T12:00:00,30.0,30.0,,,43.62,,,,0.0207,0.0207,41.311922,-105.581147,2021,9,6,12
West,Knight Hall,2021-09-06T13:00:00,30.0,30.0,,,42.78,,,,0.0207,0.0207,41.311922,-105.581147,2021,9,6,13
West,Knight Hall,2021-09-06T14:00:00,30.0,30.0,,,42.8,,,,0.0207,0.0207,41.311922,-105.581147,2021,9,6,14
West,Knight Hall,2021-09-06T15:00:00,20.0,30.0,,,42.3,,,,0.0138,0.0207,41.311922,-105.581147,2021,9,6,15
West,Knight Hall,2021-09-06T16:00:00,30.0,30.0,,,42.73,,,,0.0207,0.0207,41.311922,-105.581147,2021,9,6,16
West,Knight Hall,2021-09-06T17:00:00,40.0,30.0,,,41.96,,,,0.0276,0.0207,41.311922,-105.581147,2021,9,6,17
West,Knight Hall,2021-09-06T18:00:00,30.0,30.0,,,45.67,,,,0.0207,0.0207,41.311922,-105.581147,2021,9,6,18
West,Knight Hall,2021-09-06T19:00:00,20.0,30.0,,,43.17,,,,0.0138,0.0207,41.311922,-105.581147,2021,9,6,19
West,Knight Hall,2021-09-06T20:00:00,30.0,20.0,,,46.31,,,,0.0207,0.0138,41.311922,-105.581147,2021,9,6,20
West,Knight Hall,2021-09-06T21:00:00,20.0,30.0,,,43.14,,,,0.0138,0.0207,41.311922,-105.581147,2021,9,6,21
West,Knight Hall,2021-09-06T22:00:00,30.0,30.0,,,43.25,,,,0.0207,0.0207,41.311922,-105.581147,2021,9,6,22
West,Knight Hall,2021-09-06T23:00:00,20.0,30.0,,,43.14,,,,0.0138,0.0207,41.311922,-105.581147,2021,9,6,23
West,Knight Hall,2021-09-07T00:00:00,30.0,20.0,,,43.17,,,,0.0207,0.0138,41.311922,-105.581147,2021,9,7,0
West,Knight Hall,2021-09-07T01:00:00,20.0,30.0,,,42.24,,,,0.0138,0.0207,41.311922,-105.581147,2021,9,7,1
West,Knight Hall,2021-09-07T02:00:00,30.0,30.0,,,43.1,,,,0.0207,0.0207,41.311922,-105.581147,2021,9,7,2
West,Knight Hall,2021-09-07T03:00:00,20.0,30.0,,,44.64999999999999,,,,0.0138,0.0207,41.311922,-105.581147,2021,9,7,3
West,Knight Hall,2021-09-07T04:00:00,30.0,30.0,,,43.03,,,,0.0207,0.0207,41.311922,-105.581147,2021,9,7,4
West,Knight Hall,2021-09-07T05:00:00,30.0,30.0,,,45.41,,,,0.0207,0.0207,41.311922,-105.581147,2021,9,7,5
West,Knight Hall,2021-09-07T06:00:00,20.0,30.0,,,47.3,,,,0.0138,0.0207,41.311922,-105.581147,2021,9,7,6
West,Knight Hall,2021-09-07T07:00:00,40.0,30.0,,,74.69,,,,0.0276,0.0207,41.311922,-105.581147,2021,9,7,7
West,Knight Hall,2021-09-07T08:00:00,70.0,40.0,,,142.06000000000003,,,,0.048299999999999996,0.0276,41.311922,-105.581147,2021,9,7,8
West,Knight Hall,2021-09-07T09:00:00,70.0,40.0,,,192.86,,,,0.048299999999999996,0.0276,41.311922,-105.581147,2021,9,7,9
West,Knight Hall,2021-09-07T10:00:00,70.0,30.0,,,176.97000000000003,,,,0.048299999999999996,0.0207,41.311922,-105.581147,2021,9,7,10
West,Knight Hall,2021-09-07T11:00:00,70.0,40.0,,,151.42000000000002,,,,0.048299999999999996,0.0276,41.311922,-105.581147,2021,9,7,11
West,Knight Hall,2021-09-07T12:00:00,70.0,40.0,,,138.16,,,,0.048299999999999996,0.0276,41.311922,-105.581147,2021,9,7,12
West,Knight Hall,2021-09-07T13:00:00,70.0,40.0,,,185.57,,,,0.048299999999999996,0.0276,41.311922,-105.581147,2021,9,7,13
West,Knight Hall,2021-09-07T14:00:00,70.0,40.0,,,135.88,,,,0.048299999999999996,0.0276,41.311922,-105.581147,2021,9,7,14
West,Knight Hall,2021-09-07T15:00:00,70.0,30.0,,,,,,,0.048299999999999996,0.0207,41.311922,-105.581147,2021,9,7,15
West,Knight Hall,2021-09-07T16:00:00,70.0,40.0,,,136.61,,,,0.048299999999999996,0.0276,41.311922,-105.581147,2021,9,7,16
West,Knight Hall,2021-09-07T17:00:00,50.0,40.0,,,112.44,,,,0.034499999999999996,0.0276,41.311922,-105.581147,2021,9,7,17
West,Knight Hall,2021-09-07T18:00:00,40.0,30.0,,,98.9,,,,0.0276,0.0207,41.311922,-105.581147,2021,9,7,18
West,Knight Hall,2021-09-07T19:00:00,30.0,30.0,,,56.15,,,,0.0207,0.0207,41.311922,-105.581147,2021,9,7,19
West,Knight Hall,2021-09-07T20:00:00,30.0,30.0,,,56.77,,,,0.0207,0.0207,41.311922,-105.581147,2021,9,7,20
West,Knight Hall,2021-09-07T21:00:00,30.0,30.0,,,44.370000000000005,,,,0.0207,0.0207,41.311922,-105.581147,2021,9,7,21
West,Knight Hall,2021-09-07T22:00:00,30.0,20.0,,,64.98,,,,0.0207,0.0138,41.311922,-105.581147,2021,9,7,22
West,Knight Hall,2021-09-07T23:00:00,30.0,30.0,,,44.57,,,,0.0207,0.0207,41.311922,-105.581147,2021,9,7,23
West,Knight Hall,2021-09-08T00:00:00,20.0,20.0,,,43.34,,,,0.0138,0.0138,41.311922,-105.581147,2021,9,8,0
West,Knight Hall,2021-09-08T01:00:00,30.0,30.0,,,43.32,,,,0.0207,0.0207,41.311922,-105.581147,2021,9,8,1
West,Knight Hall,2021-09-08T02:00:00,20.0,20.0,,,44.27,,,,0.0138,0.0138,41.311922,-105.581147,2021,9,8,2
West,Knight Hall,2021-09-08T03:00:00,30.0,30.0,,,43.25000000000001,,,,0.0207,0.0207,41.311922,-105.581147,2021,9,8,3
West,Knight Hall,2021-09-08T04:00:00,20.0,20.0,,,44.0,,,,0.0138,0.0138,41.311922,-105.581147,2021,9,8,4
West,Knight Hall,2021-09-08T05:00:00,30.0,30.0,,,47.52,,,,0.0207,0.0207,41.311922,-105.581147,2021,9,8,5
West,Knight Hall,2021-09-08T06:00:00,30.0,30.0,,,43.34,,,,0.0207,0.0207,41.311922,-105.581147,2021,9,8,6
West,Knight Hall,2021-09-08T07:00:00,50.0,30.0,,,63.95,,,,0.034499999999999996,0.0207,41.311922,-105.581147,2021,9,8,7
West,Knight Hall,2021-09-08T08:00:00,60.0,40.0,,,124.21,,,,0.0414,0.0276,41.311922,-105.581147,2021,9,8,8
West,Knight Hall,2021-09-08T09:00:00,70.0,40.0,,,183.1,,,,0.048299999999999996,0.0276,41.311922,-105.581147,2021,9,8,9
West,Knight Hall,2021-09-08T10:00:00,80.0,40.0,,,195.99,,,,0.0552,0.0276,41.311922,-105.581147,2021,9,8,10
West,Knight Hall,2021-09-08T11:00:00,70.0,40.0,,,,,,,0.048299999999999996,0.0276,41.311922,-105.581147,2021,9,8,11
West,Knight Hall,2021-09-08T12:00:00,70.0,50.0,,,,,,,0.048299999999999996,0.034499999999999996,41.311922,-105.581147,2021,9,8,12
West,Knight Hall,2021-09-08T13:00:00,70.0,40.0,,,186.37,,,,0.048299999999999996,0.0276,41.311922,-105.581147,2021,9,8,13
West,Knight Hall,2021-09-08T14:00:00,80.0,40.0,,,135.3,,,,0.0552,0.0276,41.311922,-105.581147,2021,9,8,14
West,Knight Hall,2021-09-08T15:00:00,70.0,40.0,,,152.82,,,,0.048299999999999996,0.0276,41.311922,-105.581147,2021,9,8,15
West,Knight Hall,2021-09-08T16:00:00,70.0,40.0,,,109.44,,,,0.048299999999999996,0.0276,41.311922,-105.581147,2021,9,8,16
West,Knight Hall,2021-09-08T17:00:00,60.0,40.0,,,103.54,,,,0.0414,0.0276,41.311922,-105.581147,2021,9,8,17
West,Knight Hall,2021-09-08T18:00:00,30.0,30.0,,,85.28999999999999,,,,0.0207,0.0207,41.311922,-105.581147,2021,9,8,18
West,Knight Hall,2021-09-08T19:00:00,40.0,30.0,,,50.220000000000006,,,,0.0276,0.0207,41.311922,-105.581147,2021,9,8,19
West,Knight Hall,2021-09-08T20:00:00,30.0,30.0,,,61.77,,,,0.0207,0.0207,41.311922,-105.581147,2021,9,8,20
West,Knight Hall,2021-09-08T21:00:00,30.0,30.0,,,60.91,,,,0.0207,0.0207,41.311922,-105.581147,2021,9,8,21
West,Knight Hall,2021-09-08T22:00:00,30.0,30.0,,,50.46999999999999,,,,0.0207,0.0207,41.311922,-105.581147,2021,9,8,22
West,Knight Hall,2021-09-08T23:00:00,30.0,20.0,,,46.34,,,,0.0207,0.0138,41.311922,-105.581147,2021,9,8,23
West,Knight Hall,2021-09-09T00:00:00,20.0,30.0,,,47.05,,,,0.0138,0.0207,41.311922,-105.581147,2021,9,9,0
West,Knight Hall,2021-09-09T01:00:00,20.0,20.0,,,45.900000000000006,,,,0.0138,0.0138,41.311922,-105.581147,2021,9,9,1
West,Knight Hall,2021-09-09T02:00:00,30.0,30.0,,,45.77,,,,0.0207,0.0207,41.311922,-105.581147,2021,9,9,2
West,Knight Hall,2021-09-09T03:00:00,20.0,30.0,,,45.93000000000001,,,,0.0138,0.0207,41.311922,-105.581147,2021,9,9,3
West,Knight Hall,2021-09-09T04:00:00,30.0,30.0,,,46.42,,,,0.0207,0.0207,41.311922,-105.581147,2021,9,9,4
West,Knight Hall,2021-09-09T05:00:00,30.0,30.0,,,47.69,,,,0.0207,0.0207,41.311922,-105.581147,2021,9,9,5
West,Knight Hall,2021-09-09T06:00:00,20.0,30.0,,,50.73,,,,0.0138,0.0207,41.311922,-105.581147,2021,9,9,6
West,Knight Hall,2021-09-09T07:00:00,50.0,30.0,,,73.37,,,,0.034499999999999996,0.0207,41.311922,-105.581147,2021,9,9,7
West,Knight Hall,2021-09-09T08:00:00,70.0,30.0,,,98.38,,,,0.048299999999999996,0.0207,41.311922,-105.581147,2021,9,9,8
West,Knight Hall,2021-09-09T09:00:00,70.0,40.0,,,172.20999999999998,,,,0.048299999999999996,0.0276,41.311922,-105.581147,2021,9,9,9
West,Knight Hall,2021-09-09T10:00:00,80.0,50.0,,,198.19,,,,0.0552,0.034499999999999996,41.311922,-105.581147,2021,9,9,10
West,Knight Hall,2021-09-09T11:00:00,80.0,50.0,,,149.57,,,,0.0552,0.034499999999999996,41.311922,-105.581147,2021,9,9,11
West,Knight Hall,2021-09-09T12:00:00,60.0,40.0,,,137.11,,,,0.0414,0.0276,41.311922,-105.581147,2021,9,9,12
West,Knight Hall,2021-09-09T13:00:00,80.0,50.0,,,81.46,,,,0.0552,0.034499999999999996,41.311922,-105.581147,2021,9,9,13
West,Knight Hall,2021-09-09T14:00:00,60.0,40.0,,,129.99,,,,0.0414,0.0276,41.311922,-105.581147,2021,9,9,14
West,Knight Hall,2021-09-09T15:00:00,80.0,40.0,,,138.62,,,,0.0552,0.0276,41.311922,-105.581147,2021,9,9,15
West,Knight Hall,2021-09-09T16:00:00,60.0,40.0,,,127.1,,,,0.0414,0.0276,41.311922,-105.581147,2021,9,9,16
West,Knight Hall,2021-09-09T17:00:00,50.0,40.0,,,102.89,,,,0.034499999999999996,0.0276,41.311922,-105.581147,2021,9,9,17
West,Knight Hall,2021-09-09T18:00:00,50.0,30.0,,,67.03,,,,0.034499999999999996,0.0207,41.311922,-105.581147,2021,9,9,18
West,Knight Hall,2021-09-09T19:00:00,40.0,40.0,,,119.42,,,,0.0276,0.0276,41.311922,-105.581147,2021,9,9,19
West,Knight Hall,2021-09-09T20:00:00,30.0,30.0,,,51.78999999999999,,,,0.0207,0.0207,41.311922,-105.581147,2021,9,9,20
West,Knight Hall,2021-09-09T21:00:00,30.0,30.0,,,47.63,,,,0.0207,0.0207,41.311922,-105.581147,2021,9,9,21
West,Knight Hall,2021-09-09T22:00:00,30.0,20.0,,,65.82000000000001,,,,0.0207,0.0138,41.311922,-105.581147,2021,9,9,22
West,Knight Hall,2021-09-09T23:00:00,30.0,30.0,,,45.0,,,,0.0207,0.0207,41.311922,-105.581147,2021,9,9,23
West,Knight Hall,2021-09-10T00:00:00,20.0,30.0,,,44.24,,,,0.0138,0.0207,41.311922,-105.581147,2021,9,10,0
West,Knight Hall,2021-09-10T01:00:00,30.0,20.0,,,44.220000000000006,,,,0.0207,0.0138,41.311922,-105.581147,2021,9,10,1
West,Knight Hall,2021-09-10T02:00:00,20.0,30.0,,,44.24,,,,0.0138,0.0207,41.311922,-105.581147,2021,9,10,2
West,Knight Hall,2021-09-10T03:00:00,30.0,20.0,,,44.61,,,,0.0207,0.0138,41.311922,-105.581147,2021,9,10,3
West,Knight Hall,2021-09-10T04:00:00,20.0,30.0,,,43.74999999999999,,,,0.0138,0.0207,41.311922,-105.581147,2021,9,10,4
West,Knight Hall,2021-09-10T05:00:00,40.0,30.0,,,45.52,,,,0.0276,0.0207,41.311922,-105.581147,2021,9,10,5
West,Knight Hall,2021-09-10T06:00:00,20.0,30.0,,,47.17999999999999,,,,0.0138,0.0207,41.311922,-105.581147,2021,9,10,6
West,Knight Hall,2021-09-10T07:00:00,50.0,30.0,,,77.02000000000001,,,,0.034499999999999996,0.0207,41.311922,-105.581147,2021,9,10,7
West,Knight Hall,2021-09-10T08:00:00,60.0,40.0,,,112.22,,,,0.0414,0.0276,41.311922,-105.581147,2021,9,10,8
West,Knight Hall,2021-09-10T09:00:00,80.0,50.0,,,159.96,,,,0.0552,0.034499999999999996,41.311922,-105.581147,2021,9,10,9
West,Knight Hall,2021-09-10T10:00:00,70.0,50.0,,,174.08,,,,0.048299999999999996,0.034499999999999996,41.311922,-105.581147,2021,9,10,10
West,Knight Hall,2021-09-10T11:00:00,80.0,50.0,,,135.4,,,,0.0552,0.034499999999999996,41.311922,-105.581147,2021,9,10,11
West,Knight Hall,2021-09-10T12:00:00,60.0,40.0,,,129.95000000000002,,,,0.0414,0.0276,41.311922,-105.581147,2021,9,10,12
West,Knight Hall,2021-09-10T13:00:00,80.0,50.0,,,98.92,,,,0.0552,0.034499999999999996,41.311922,-105.581147,2021,9,10,13
West,Knight Hall,2021-09-10T14:00:00,60.0,50.0,,,140.6,,,,0.0414,0.034499999999999996,41.311922,-105.581147,2021,9,10,14
West,Knight Hall,2021-09-10T15:00:00,,40.0,,,99.48,,,,,0.0276,41.311922,-105.581147,2021,9,10,15
West,Knight Hall,2021-09-10T16:00:00,50.0,50.0,,,142.64999999999998,,,,0.034499999999999996,0.034499999999999996,41.311922,-105.581147,2021,9,10,16
West,Knight Hall,2021-09-10T17:00:00,50.0,40.0,,,91.16,,,,0.034499999999999996,0.0276,41.311922,-105.581147,2021,9,10,17
West,Knight Hall,2021-09-10T18:00:00,40.0,30.0,,,85.38000000000001,,,,0.0276,0.0207,41.311922,-105.581147,2021,9,10,18
West,Knight Hall,2021-09-10T19:00:00,40.0,30.0,,,113.52,,,,0.0276,0.0207,41.311922,-105.581147,2021,9,10,19
West,Knight Hall,2021-09-10T20:00:00,30.0,30.0,,,62.63,,,,0.0207,0.0207,41.311922,-105.581147,2021,9,10,20
West,Knight Hall,2021-09-10T21:00:00,40.0,30.0,,,76.28,,,,0.0276,0.0207,41.311922,-105.581147,2021,9,10,21
West,Knight Hall,2021-09-10T22:00:00,20.0,20.0,,,68.60999999999999,,,,0.0138,0.0138,41.311922,-105.581147,2021,9,10,22
West,Knight Hall,2021-09-10T23:00:00,30.0,20.0,,,58.81999999999999,,,,0.0207,0.0138,41.311922,-105.581147,2021,9,10,23
West,Knight Hall,2021-09-11T00:00:00,20.0,30.0,,,58.88,,,,0.0138,0.0207,41.311922,-105.581147,2021,9,11,0
West,Knight Hall,2021-09-11T01:00:00,30.0,20.0,,,58.82000000000001,,,,0.0207,0.0138,41.311922,-105.581147,2021,9,11,1
West,Knight Hall,2021-09-11T02:00:00,20.0,20.0,,,59.1,,,,0.0138,0.0138,41.311922,-105.581147,2021,9,11,2
West,Knight Hall,2021-09-11T03:00:00,30.0,30.0,,,58.77,,,,0.0207,0.0207,41.311922,-105.581147,2021,9,11,3
West,Knight Hall,2021-09-11T04:00:00,20.0,20.0,,,60.69,,,,0.0138,0.0138,41.311922,-105.581147,2021,9,11,4
West,Knight Hall,2021-09-11T05:00:00,30.0,30.0,,,59.98,,,,0.0207,0.0207,41.311922,-105.581147,2021,9,11,5
West,Knight Hall,2021-09-11T06:00:00,20.0,30.0,,,61.13,,,,0.0138,0.0207,41.311922,-105.581147,2021,9,11,6
West,Knight Hall,2021-09-11T07:00:00,30.0,30.0,,,59.08,,,,0.0207,0.0207,41.311922,-105.581147,2021,9,11,7
West,Knight Hall,2021-09-11T08:00:00,30.0,40.0,,,59.01,,,,0.0207,0.0276,41.311922,-105.581147,2021,9,11,8
West,Knight Hall,2021-09-11T09:00:00,30.0,50.0,,,59.03,,,,0.0207,0.034499999999999996,41.311922,-105.581147,2021,9,11,9
West,Knight Hall,2021-09-11T10:00:00,30.0,40.0,,,71.84,,,,0.0207,0.0276,41.311922,-105.581147,2021,9,11,10
West,Knight Hall,2021-09-11T11:00:00,30.0,50.0,,,64.49000000000001,,,,0.0207,0.034499999999999996,41.311922,-105.581147,2021,9,11,11
West,Knight Hall,2021-09-11T12:00:00,30.0,50.0,,,59.66,,,,0.0207,0.034499999999999996,41.311922,-105.581147,2021,9,11,12
West,Knight Hall,2021-09-11T13:00:00,40.0,40.0,,,63.540000000000006,,,,0.0276,0.0276,41.311922,-105.581147,2021,9,11,13
West,Knight Hall,2021-09-11T14:00:00,20.0,50.0,,,63.3,,,,0.0138,0.034499999999999996,41.311922,-105.581147,2021,9,11,14
West,Knight Hall,2021-09-11T15:00:00,30.0,40.0,,,57.220000000000006,,,,0.0207,0.0276,41.311922,-105.581147,2021,9,11,15
West,Knight Hall,2021-09-11T16:00:00,20.0,30.0,,,61.41,,,,0.0138,0.0207,41.311922,-105.581147,2021,9,11,16
West,Knight Hall,2021-09-11T17:00:00,30.0,40.0,,,62.49999999999999,,,,0.0207,0.0276,41.311922,-105.581147,2021,9,11,17
West,Knight Hall,2021-09-11T18:00:00,30.0,30.0,,,59.31,,,,0.0207,0.0207,41.311922,-105.581147,2021,9,11,18
West,Knight Hall,2021-09-11T19:00:00,20.0,30.0,,,57.76,,,,0.0138,0.0207,41.311922,-105.581147,2021,9,11,19
West,Knight Hall,2021-09-11T20:00:00,30.0,30.0,,,58.21000000000001,,,,0.0207,0.0207,41.311922,-105.581147,2021,9,11,20
West,Knight Hall,2021-09-11T21:00:00,20.0,30.0,,,54.77,,,,0.0138,0.0207,41.311922,-105.581147,2021,9,11,21
West,Knight Hall,2021-09-11T22:00:00,30.0,20.0,,,59.36,,,,0.0207,0.0138,41.311922,-105.581147,2021,9,11,22
West,Knight Hall,2021-09-11T23:00:00,20.0,30.0,,,58.54,,,,0.0138,0.0207,41.311922,-105.581147,2021,9,11,23
West,Knight Hall,2021-09-12T00:00:00,30.0,20.0,,,57.78,,,,0.0207,0.0138,41.311922,-105.581147,2021,9,12,0
West,Knight Hall,2021-09-12T01:00:00,20.0,30.0,,,56.98,,,,0.0138,0.0207,41.311922,-105.581147,2021,9,12,1
West,Knight Hall,2021-09-12T02:00:00,20.0,20.0,,,56.99,,,,0.0138,0.0138,41.311922,-105.581147,2021,9,12,2
West,Knight Hall,2021-09-12T03:00:00,30.0,20.0,,,58.34,,,,0.0207,0.0138,41.311922,-105.581147,2021,9,12,3
West,Knight Hall,2021-09-12T04:00:00,20.0,20.0,,,59.77,,,,0.0138,0.0138,41.311922,-105.581147,2021,9,12,4
West,Knight Hall,2021-09-12T05:00:00,30.0,30.0,,,57.7,,,,0.0207,0.0207,41.311922,-105.581147,2021,9,12,5
West,Knight Hall,2021-09-12T06:00:00,20.0,20.0,,,56.7,,,,0.0138,0.0138,41.311922,-105.581147,2021,9,12,6
West,Knight Hall,2021-09-12T07:00:00,30.0,20.0,,,58.15,,,,0.0207,0.0138,41.311922,-105.581147,2021,9,12,7
West,Knight Hall,2021-09-12T08:00:00,30.0,30.0,,,59.49,,,,0.0207,0.0207,41.311922,-105.581147,2021,9,12,8
West,Knight Hall,2021-09-12T09:00:00,20.0,20.0,,,58.54,,,,0.0138,0.0138,41.311922,-105.581147,2021,9,12,9
West,Knight Hall,2021-09-12T10:00:00,30.0,30.0,,,57.59,,,,0.0207,0.0207,41.311922,-105.581147,2021,9,12,10
West,Knight Hall,2021-09-12T11:00:00,30.0,30.0,,,58.78,,,,0.0207,0.0207,41.311922,-105.581147,2021,9,12,11
West,Knight Hall,2021-09-12T12:00:00,30.0,30.0,,,58.08,,,,0.0207,0.0207,41.311922,-105.581147,2021,9,12,12
West,Knight Hall,2021-09-12T13:00:00,30.0,30.0,,,58.21000000000001,,,,0.0207,0.0207,41.311922,-105.581147,2021,9,12,13
West,Knight Hall,2021-09-12T14:00:00,20.0,30.0,,,56.34,,,,0.0138,0.0207,41.311922,-105.581147,2021,9,12,14
West,Knight Hall,2021-09-12T15:00:00,30.0,30.0,,,56.46999999999999,,,,0.0207,0.0207,41.311922,-105.581147,2021,9,12,15
West,Knight Hall,2021-09-12T16:00:00,30.0,20.0,,,56.64,,,,0.0207,0.0138,41.311922,-105.581147,2021,9,12,16
West,Knight Hall,2021-09-12T17:00:00,30.0,30.0,,,58.32,,,,0.0207,0.0207,41.311922,-105.581147,2021,9,12,17
West,Knight Hall,2021-09-12T18:00:00,20.0,20.0,,,57.05,,,,0.0138,0.0138,41.311922,-105.581147,2021,9,12,18
West,Knight Hall,2021-09-12T19:00:00,30.0,20.0,,,59.7,,,,0.0207,0.0138,41.311922,-105.581147,2021,9,12,19
West,Knight Hall,2021-09-12T20:00:00,20.0,30.0,,,57.55,,,,0.0138,0.0207,41.311922,-105.581147,2021,9,12,20
West,Knight Hall,2021-09-12T21:00:00,30.0,20.0,,,56.6,,,,0.0207,0.0138,41.311922,-105.581147,2021,9,12,21
West,Knight Hall,2021-09-12T22:00:00,20.0,30.0,,,59.53000000000001,,,,0.0138,0.0207,41.311922,-105.581147,2021,9,12,22
West,Knight Hall,2021-09-12T23:00:00,30.0,20.0,,,56.83,,,,0.0207,0.0138,41.311922,-105.581147,2021,9,12,23
West,Knight Hall,2021-09-13T00:00:00,20.0,30.0,,,56.620000000000005,,,,0.0138,0.0207,41.311922,-105.581147,2021,9,13,0
West,Knight Hall,2021-09-13T01:00:00,20.0,20.0,,,56.12,,,,0.0138,0.0138,41.311922,-105.581147,2021,9,13,1
West,Knight Hall,2021-09-13T02:00:00,30.0,20.0,,,57.46,,,,0.0207,0.0138,41.311922,-105.581147,2021,9,13,2
West,Knight Hall,2021-09-13T03:00:00,30.0,30.0,,,56.74999999999999,,,,0.0207,0.0207,41.311922,-105.581147,2021,9,13,3
West,Knight Hall,2021-09-13T04:00:00,20.0,20.0,,,57.55,,,,0.0138,0.0138,41.311922,-105.581147,2021,9,13,4
West,Knight Hall,2021-09-13T05:00:00,30.0,30.0,,,55.05,,,,0.0207,0.0207,41.311922,-105.581147,2021,9,13,5
West,Knight Hall,2021-09-13T06:00:00,30.0,20.0,,,56.36,,,,0.0207,0.0138,41.311922,-105.581147,2021,9,13,6
West,Knight Hall,2021-09-13T07:00:00,50.0,20.0,,,90.49,,,,0.034499999999999996,0.0138,41.311922,-105.581147,2021,9,13,7
West,Knight Hall,2021-09-13T08:00:00,60.0,30.0,,,117.49,,,,0.0414,0.0207,41.311922,-105.581147,2021,9,13,8
West,Knight Hall,2021-09-13T09:00:00,80.0,30.0,,,196.22,,,,0.0552,0.0207,41.311922,-105.581147,2021,9,13,9
West,Knight Hall,2021-09-13T10:00:00,70.0,20.0,,,148.23000000000002,,,,0.048299999999999996,0.0138,41.311922,-105.581147,2021,9,13,10
West,Knight Hall,2021-09-13T11:00:00,80.0,30.0,,,,,,,0.0552,0.0207,41.311922,-105.581147,2021,9,13,11
West,Knight Hall,2021-09-13T12:00:00,60.0,30.0,,,147.52,,,,0.0414,0.0207,41.311922,-105.581147,2021,9,13,12
West,Knight Hall,2021-09-13T13:00:00,70.0,30.0,,,154.89,,,,0.048299999999999996,0.0207,41.311922,-105.581147,2021,9,13,13
West,Knight Hall,2021-09-13T14:00:00,70.0,20.0,,,123.85,,,,0.048299999999999996,0.0138,41.311922,-105.581147,2021,9,13,14
West,Knight Hall,2021-09-13T15:00:00,80.0,30.0,,,154.61,,,,0.0552,0.0207,41.311922,-105.581147,2021,9,13,15
West,Knight Hall,2021-09-13T16:00:00,50.0,30.0,,,146.89,,,,0.034499999999999996,0.0207,41.311922,-105.581147,2021,9,13,16
West,Knight Hall,2021-09-13T17:00:00,60.0,20.0,,,102.8,,,,0.0414,0.0138,41.311922,-105.581147,2021,9,13,17
West,Knight Hall,2021-09-13T18:00:00,30.0,30.0,,,106.38,,,,0.0207,0.0207,41.311922,-105.581147,2021,9,13,18
West,Knight Hall,2021-09-13T19:00:00,40.0,20.0,,,70.48,,,,0.0276,0.0138,41.311922,-105.581147,2021,9,13,19
West,Knight Hall,2021-09-13T20:00:00,20.0,30.0,,,55.32,,,,0.0138,0.0207,41.311922,-105.581147,2021,9,13,20
West,Knight Hall,2021-09-13T21:00:00,40.0,20.0,,,56.02,,,,0.0276,0.0138,41.311922,-105.581147,2021,9,13,21
West,Knight Hall,2021-09-13T22:00:00,20.0,30.0,,,49.29,,,,0.0138,0.0207,41.311922,-105.581147,2021,9,13,22
West,Knight Hall,2021-09-13T23:00:00,30.0,20.0,,,46.13999999999999,,,,0.0207,0.0138,41.311922,-105.581147,2021,9,13,23
West,Knight Hall,2021-09-14T00:00:00,30.0,30.0,,,47.18000000000001,,,,0.0207,0.0207,41.311922,-105.581147,2021,9,14,0
West,Knight Hall,2021-09-14T01:00:00,30.0,20.0,,,46.51,,,,0.0207,0.0138,41.311922,-105.581147,2021,9,14,1
West,Knight Hall,2021-09-14T02:00:00,20.0,20.0,,,47.59,,,,0.0138,0.0138,41.311922,-105.581147,2021,9,14,2
West,Knight Hall,2021-09-14T03:00:00,30.0,30.0,,,46.46,,,,0.0207,0.0207,41.311922,-105.581147,2021,9,14,3
West,Knight Hall,2021-09-14T04:00:00,20.0,30.0,,,50.06,,,,0.0138,0.0207,41.311922,-105.581147,2021,9,14,4
West,Knight Hall,2021-09-14T05:00:00,30.0,20.0,,,48.19,,,,0.0207,0.0138,41.311922,-105.581147,2021,9,14,5
West,Knight Hall,2021-09-14T06:00:00,30.0,30.0,,,47.06999999999999,,,,0.0207,0.0207,41.311922,-105.581147,2021,9,14,6
West,Knight Hall,2021-09-14T07:00:00,50.0,30.0,,,73.05000000000001,,,,0.034499999999999996,0.0207,41.311922,-105.581147,2021,9,14,7
West,Knight Hall,2021-09-14T08:00:00,60.0,50.0,,,162.7,,,,0.0414,0.034499999999999996,41.311922,-105.581147,2021,9,14,8
West,Knight Hall,2021-09-14T09:00:00,80.0,40.0,,,161.14999999999998,,,,0.0552,0.0276,41.311922,-105.581147,2021,9,14,9
West,Knight Hall,2021-09-14T10:00:00,70.0,50.0,,,149.63,,,,0.048299999999999996,0.034499999999999996,41.311922,-105.581147,2021,9,14,10
West,Knight Hall,2021-09-14T11:00:00,70.0,50.0,,,174.33999999999995,,,,0.048299999999999996,0.034499999999999996,41.311922,-105.581147,2021,9,14,11
West,Knight Hall,2021-09-14T12:00:00,70.0,50.0,,,156.73000000000002,,,,0.048299999999999996,0.034499999999999996,41.311922,-105.581147,2021,9,14,12
West,Knight Hall,2021-09-14T13:00:00,,50.0,,,111.81,,,,,0.034499999999999996,41.311922,-105.581147,2021,9,14,13
West,Knight Hall,2021-09-14T14:00:00,60.0,50.0,,,149.72,,,,0.0414,0.034499999999999996,41.311922,-105.581147,2021,9,14,14
West,Knight Hall,2021-09-14T15:00:00,80.0,50.0,,,116.86,,,,0.0552,0.034499999999999996,41.311922,-105.581147,2021,9,14,15
West,Knight Hall,2021-09-14T16:00:00,60.0,40.0,,,96.93999999999998,,,,0.0414,0.0276,41.311922,-105.581147,2021,9,14,16
West,Knight Hall,2021-09-14T17:00:00,50.0,50.0,,,98.73000000000002,,,,0.034499999999999996,0.034499999999999996,41.311922,-105.581147,2021,9,14,17
West,Knight Hall,2021-09-14T18:00:00,40.0,30.0,,,75.63,,,,0.0276,0.0207,41.311922,-105.581147,2021,9,14,18
West,Knight Hall,2021-09-14T19:00:00,30.0,40.0,,,55.52,,,,0.0207,0.0276,41.311922,-105.581147,2021,9,14,19
West,Knight Hall,2021-09-14T20:00:00,30.0,30.0,,,83.4,,,,0.0207,0.0207,41.311922,-105.581147,2021,9,14,20
West,Knight Hall,2021-09-14T21:00:00,40.0,20.0,,,53.64,,,,0.0276,0.0138,41.311922,-105.581147,2021,9,14,21
West,Knight Hall,2021-09-14T22:00:00,20.0,30.0,,,59.92,,,,0.0138,0.0207,41.311922,-105.581147,2021,9,14,22
West,Knight Hall,2021-09-14T23:00:00,30.0,30.0,,,46.03,,,,0.0207,0.0207,41.311922,-105.581147,2021,9,14,23
West,Knight Hall,2021-09-15T00:00:00,20.0,20.0,,,46.76,,,,0.0138,0.0138,41.311922,-105.581147,2021,9,15,0
West,Knight Hall,2021-09-15T01:00:00,30.0,30.0,,,46.29,,,,0.0207,0.0207,41.311922,-105.581147,2021,9,15,1
West,Knight Hall,2021-09-15T02:00:00,20.0,20.0,,,46.29,,,,0.0138,0.0138,41.311922,-105.581147,2021,9,15,2
West,Knight Hall,2021-09-15T03:00:00,30.0,30.0,,,47.2,,,,0.0207,0.0207,41.311922,-105.581147,2021,9,15,3
West,Knight Hall,2021-09-15T04:00:00,20.0,20.0,,,46.42,,,,0.0138,0.0138,41.311922,-105.581147,2021,9,15,4
West,Knight Hall,2021-09-15T05:00:00,30.0,30.0,,,48.32,,,,0.0207,0.0207,41.311922,-105.581147,2021,9,15,5
West,Knight Hall,2021-09-15T06:00:00,30.0,30.0,,,47.5,,,,0.0207,0.0207,41.311922,-105.581147,2021,9,15,6
West,Knight Hall,2021-09-15T07:00:00,40.0,40.0,,,69.81,,,,0.0276,0.0276,41.311922,-105.581147,2021,9,15,7
West,Knight Hall,2021-09-15T08:00:00,70.0,50.0,,,121.52,,,,0.048299999999999996,0.034499999999999996,41.311922,-105.581147,2021,9,15,8
West,Knight Hall,2021-09-15T09:00:00,80.0,60.0,,,157.89,,,,0.0552,0.0414,41.311922,-105.581147,2021,9,15,9
West,Knight Hall,2021-09-15T10:00:00,60.0,70.0,,,210.39,,,,0.0414,0.048299999999999996,41.311922,-105.581147,2021,9,15,10
West,Knight Hall,2021-09-15T11:00:00,80.0,60.0,,,134.39,,,,0.0552,0.0414,41.311922,-105.581147,2021,9,15,11
West,Knight Hall,2021-09-15T12:00:00,70.0,70.0,,,139.78,,,,0.048299999999999996,0.048299999999999996,41.311922,-105.581147,2021,9,15,12
West,Knight Hall,2021-09-15T13:00:00,80.0,70.0,,,127.99,,,,0.0552,0.048299999999999996,41.311922,-105.581147,2021,9,15,13
West,Knight Hall,2021-09-15T14:00:00,60.0,60.0,,,115.48,,,,0.0414,0.0414,41.311922,-105.581147,2021,9,15,14
West,Knight Hall,2021-09-15T15:00:00,80.0,70.0,,,121.11,,,,0.0552,0.048299999999999996,41.311922,-105.581147,2021,9,15,15
West,Knight Hall,2021-09-15T16:00:00,50.0,60.0,,,123.85,,,,0.034499999999999996,0.0414,41.311922,-105.581147,2021,9,15,16
West,Knight Hall,2021-09-15T17:00:00,60.0,40.0,,,100.9,,,,0.0414,0.0276,41.311922,-105.581147,2021,9,15,17
West,Knight Hall,2021-09-15T18:00:00,30.0,40.0,,,71.78,,,,0.0207,0.0276,41.311922,-105.581147,2021,9,15,18
West,Knight Hall,2021-09-15T19:00:00,30.0,30.0,,,97.05,,,,0.0207,0.0207,41.311922,-105.581147,2021,9,15,19
West,Knight Hall,2021-09-15T20:00:00,30.0,30.0,,,83.35,,,,0.0207,0.0207,41.311922,-105.581147,2021,9,15,20
West,Knight Hall,2021-09-15T21:00:00,40.0,30.0,,,54.29,,,,0.0276,0.0207,41.311922,-105.581147,2021,9,15,21
West,Knight Hall,2021-09-15T22:00:00,20.0,30.0,,,64.23,,,,0.0138,0.0207,41.311922,-105.581147,2021,9,15,22
West,Knight Hall,2021-09-15T23:00:00,30.0,20.0,,,51.68,,,,0.0207,0.0138,41.311922,-105.581147,2021,9,15,23
West,Knight Hall,2021-09-16T00:00:00,20.0,30.0,,,50.82000000000001,,,,0.0138,0.0207,41.311922,-105.581147,2021,9,16,0
West,Knight Hall,2021-09-16T01:00:00,30.0,20.0,,,51.21000000000001,,,,0.0207,0.0138,41.311922,-105.581147,2021,9,16,1
West,Knight Hall,2021-09-16T02:00:00,20.0,30.0,,,50.35000000000001,,,,0.0138,0.0207,41.311922,-105.581147,2021,9,16,2
West,Knight Hall,2021-09-16T03:00:00,30.0,20.0,,,50.34,,,,0.0207,0.0138,41.311922,-105.581147,2021,9,16,3
West,Knight Hall,2021-09-16T04:00:00,20.0,30.0,,,50.19,,,,0.0138,0.0207,41.311922,-105.581147,2021,9,16,4
West,Knight Hall,2021-09-16T05:00:00,30.0,30.0,,,50.45,,,,0.0207,0.0207,41.311922,-105.581147,2021,9,16,5
West,Knight Hall,2021-09-16T06:00:00,30.0,20.0,,,54.16,,,,0.0207,0.0138,41.311922,-105.581147,2021,9,16,6
West,Knight Hall,2021-09-16T07:00:00,50.0,40.0,,,98.34,,,,0.034499999999999996,0.0276,41.311922,-105.581147,2021,9,16,7
West,Knight Hall,2021-09-16T08:00:00,50.0,60.0,,,128.46,,,,0.034499999999999996,0.0414,41.311922,-105.581147,2021,9,16,8
West,Knight Hall,2021-09-16T09:00:00,70.0,60.0,,,141.29,,,,0.048299999999999996,0.0414,41.311922,-105.581147,2021,9,16,9
West,Knight Hall,2021-09-16T10:00:00,70.0,70.0,,,154.32999999999998,,,,0.048299999999999996,0.048299999999999996,41.311922,-105.581147,2021,9,16,10
West,Knight Hall,2021-09-16T11:00:00,80.0,70.0,,,131.48,,,,0.0552,0.048299999999999996,41.311922,-105.581147,2021,9,16,11
West,Knight Hall,2021-09-16T12:00:00,70.0,70.0,,,118.67,,,,0.048299999999999996,0.048299999999999996,41.311922,-105.581147,2021,9,16,12
West,Knight Hall,2021-09-16T13:00:00,80.0,60.0,,,122.66,,,,0.0552,0.0414,41.311922,-105.581147,2021,9,16,13
West,Knight Hall,2021-09-16T14:00:00,60.0,60.0,,,129.73000000000002,,,,0.0414,0.0414,41.311922,-105.581147,2021,9,16,14
West,Knight Hall,2021-09-16T15:00:00,80.0,70.0,,,155.09,,,,0.0552,0.048299999999999996,41.311922,-105.581147,2021,9,16,15
West,Knight Hall,2021-09-16T16:00:00,60.0,60.0,,,122.92,,,,0.0414,0.0414,41.311922,-105.581147,2021,9,16,16
West,Knight Hall,2021-09-16T17:00:00,50.0,40.0,,,120.53,,,,0.034499999999999996,0.0276,41.311922,-105.581147,2021,9,16,17
West,Knight Hall,2021-09-16T18:00:00,50.0,40.0,,,91.53,,,,0.034499999999999996,0.0276,41.311922,-105.581147,2021,9,16,18
West,Knight Hall,2021-09-16T19:00:00,30.0,30.0,,,76.99,,,,0.0207,0.0207,41.311922,-105.581147,2021,9,16,19
West,Knight Hall,2021-09-16T20:00:00,40.0,30.0,,,59.23,,,,0.0276,0.0207,41.311922,-105.581147,2021,9,16,20
West,Knight Hall,2021-09-16T21:00:00,30.0,30.0,,,50.88,,,,0.0207,0.0207,41.311922,-105.581147,2021,9,16,21
West,Knight Hall,2021-09-16T22:00:00,30.0,30.0,,,58.22,,,,0.0207,0.0207,41.311922,-105.581147,2021,9,16,22
West,Knight Hall,2021-09-16T23:00:00,30.0,20.0,,,45.67,,,,0.0207,0.0138,41.311922,-105.581147,2021,9,16,23
West,Knight Hall,2021-09-17T00:00:00,20.0,30.0,,,45.49,,,,0.0138,0.0207,41.311922,-105.581147,2021,9,17,0
West,Knight Hall,2021-09-17T01:00:00,30.0,20.0,,,46.31,,,,0.0207,0.0138,41.311922,-105.581147,2021,9,17,1
West,Knight Hall,2021-09-17T02:00:00,20.0,30.0,,,45.43,,,,0.0138,0.0207,41.311922,-105.581147,2021,9,17,2
West,Knight Hall,2021-09-17T03:00:00,20.0,20.0,,,45.43,,,,0.0138,0.0138,41.311922,-105.581147,2021,9,17,3
West,Knight Hall,2021-09-17T04:00:00,30.0,30.0,,,47.17999999999999,,,,0.0207,0.0207,41.311922,-105.581147,2021,9,17,4
West,Knight Hall,2021-09-17T05:00:00,30.0,20.0,,,46.33,,,,0.0207,0.0138,41.311922,-105.581147,2021,9,17,5
West,Knight Hall,2021-09-17T06:00:00,30.0,30.0,,,48.75,,,,0.0207,0.0207,41.311922,-105.581147,2021,9,17,6
West,Knight Hall,2021-09-17T07:00:00,50.0,40.0,,,71.13,,,,0.034499999999999996,0.0276,41.311922,-105.581147,2021,9,17,7
West,Knight Hall,2021-09-17T08:00:00,50.0,60.0,,,118.78,,,,0.034499999999999996,0.0414,41.311922,-105.581147,2021,9,17,8
West,Knight Hall,2021-09-17T09:00:00,,60.0,,,144.83,,,,,0.0414,41.311922,-105.581147,2021,9,17,9
West,Knight Hall,2021-09-17T10:00:00,50.0,70.0,,,138.64,,,,0.034499999999999996,0.048299999999999996,41.311922,-105.581147,2021,9,17,10
West,Knight Hall,2021-09-17T11:00:00,,70.0,,,158.9,,,,,0.048299999999999996,41.311922,-105.581147,2021,9,17,11
West,Knight Hall,2021-09-17T12:00:00,60.0,70.0,,,94.57,,,,0.0414,0.048299999999999996,41.311922,-105.581147,2021,9,17,12
West,Knight Hall,2021-09-17T13:00:00,80.0,60.0,,,124.1,,,,0.0552,0.0414,41.311922,-105.581147,2021,9,17,13
West,Knight Hall,2021-09-17T14:00:00,50.0,70.0,,,135.26999999999998,,,,0.034499999999999996,0.048299999999999996,41.311922,-105.581147,2021,9,17,14
West,Knight Hall,2021-09-17T15:00:00,80.0,60.0,,,111.92,,,,0.0552,0.0414,41.311922,-105.581147,2021,9,17,15
West,Knight Hall,2021-09-17T16:00:00,60.0,60.0,,,138.32999999999998,,,,0.0414,0.0414,41.311922,-105.581147,2021,9,17,16
West,Knight Hall,2021-09-17T17:00:00,50.0,50.0,,,71.07000000000001,,,,0.034499999999999996,0.034499999999999996,41.311922,-105.581147,2021,9,17,17
West,Knight Hall,2021-09-17T18:00:00,30.0,40.0,,,89.13,,,,0.0207,0.0276,41.311922,-105.581147,2021,9,17,18
West,Knight Hall,2021-09-17T19:00:00,40.0,30.0,,,73.05000000000001,,,,0.0276,0.0207,41.311922,-105.581147,2021,9,17,19
West,Knight Hall,2021-09-17T20:00:00,30.0,30.0,,,54.57,,,,0.0207,0.0207,41.311922,-105.581147,2021,9,17,20
West,Knight Hall,2021-09-17T21:00:00,30.0,30.0,,,54.76,,,,0.0207,0.0207,41.311922,-105.581147,2021,9,17,21
West,Knight Hall,2021-09-17T22:00:00,30.0,30.0,,,54.98,,,,0.0207,0.0207,41.311922,-105.581147,2021,9,17,22
West,Knight Hall,2021-09-17T23:00:00,30.0,20.0,,,45.02,,,,0.0207,0.0138,41.311922,-105.581147,2021,9,17,23
West,Knight Hall,2021-09-18T00:00:00,20.0,20.0,,,45.06,,,,0.0138,0.0138,41.311922,-105.581147,2021,9,18,0
West,Knight Hall,2021-09-18T01:00:00,20.0,30.0,,,44.85,,,,0.0138,0.0207,41.311922,-105.581147,2021,9,18,1
West,Knight Hall,2021-09-18T02:00:00,30.0,20.0,,,44.82000000000001,,,,0.0207,0.0138,41.311922,-105.581147,2021,9,18,2
West,Knight Hall,2021-09-18T03:00:00,20.0,30.0,,,45.69,,,,0.0138,0.0207,41.311922,-105.581147,2021,9,18,3
West,Knight Hall,2021-09-18T04:00:00,20.0,20.0,,,45.11,,,,0.0138,0.0138,41.311922,-105.581147,2021,9,18,4
West,Knight Hall,2021-09-18T05:00:00,30.0,30.0,,,46.08,,,,0.0207,0.0207,41.311922,-105.581147,2021,9,18,5
West,Knight Hall,2021-09-18T06:00:00,20.0,30.0,,,45.23,,,,0.0138,0.0207,41.311922,-105.581147,2021,9,18,6
West,Knight Hall,2021-09-18T07:00:00,30.0,40.0,,,46.01,,,,0.0207,0.0276,41.311922,-105.581147,2021,9,18,7
West,Knight Hall,2021-09-18T08:00:00,30.0,60.0,,,47.91000000000001,,,,0.0207,0.0414,41.311922,-105.581147,2021,9,18,8
West,Knight Hall,2021-09-18T09:00:00,30.0,60.0,,,46.61,,,,0.0207,0.0414,41.311922,-105.581147,2021,9,18,9
West,Knight Hall,2021-09-18T10:00:00,20.0,70.0,,,48.53000000000001,,,,0.0138,0.048299999999999996,41.311922,-105.581147,2021,9,18,10
West,Knight Hall,2021-09-18T11:00:00,40.0,70.0,,,50.11,,,,0.0276,0.048299999999999996,41.311922,-105.581147,2021,9,18,11
West,Knight Hall,2021-09-18T12:00:00,20.0,60.0,,,55.41,,,,0.0138,0.0414,41.311922,-105.581147,2021,9,18,12
West,Knight Hall,2021-09-18T13:00:00,30.0,70.0,,,47.0,,,,0.0207,0.048299999999999996,41.311922,-105.581147,2021,9,18,13
West,Knight Hall,2021-09-18T14:00:00,30.0,60.0,,,46.74,,,,0.0207,0.0414,41.311922,-105.581147,2021,9,18,14
West,Knight Hall,2021-09-18T15:00:00,30.0,70.0,,,50.76,,,,0.0207,0.048299999999999996,41.311922,-105.581147,2021,9,18,15
West,Knight Hall,2021-09-18T16:00:00,20.0,50.0,,,45.13,,,,0.0138,0.034499999999999996,41.311922,-105.581147,2021,9,18,16
West,Knight Hall,2021-09-18T17:00:00,30.0,50.0,,,44.93,,,,0.0207,0.034499999999999996,41.311922,-105.581147,2021,9,18,17
West,Knight Hall,2021-09-18T18:00:00,20.0,40.0,,,44.67,,,,0.0138,0.0276,41.311922,-105.581147,2021,9,18,18
West,Knight Hall,2021-09-18T19:00:00,30.0,30.0,,,44.91000000000001,,,,0.0207,0.0207,41.311922,-105.581147,2021,9,18,19
West,Knight Hall,2021-09-18T20:00:00,20.0,30.0,,,45.690000000000005,,,,0.0138,0.0207,41.311922,-105.581147,2021,9,18,20
West,Knight Hall,2021-09-18T21:00:00,30.0,30.0,,,45.36,,,,0.0207,0.0207,41.311922,-105.581147,2021,9,18,21
West,Knight Hall,2021-09-18T22:00:00,20.0,20.0,,,45.45,,,,0.0138,0.0138,41.311922,-105.581147,2021,9,18,22
West,Knight Hall,2021-09-18T23:00:00,30.0,30.0,,,45.38,,,,0.0207,0.0207,41.311922,-105.581147,2021,9,18,23
West,Knight Hall,2021-09-19T00:00:00,20.0,20.0,,,45.21,,,,0.0138,0.0138,41.311922,-105.581147,2021,9,19,0
West,Knight Hall,2021-09-19T01:00:00,30.0,20.0,,,45.24,,,,0.0207,0.0138,41.311922,-105.581147,2021,9,19,1
West,Knight Hall,2021-09-19T02:00:00,20.0,30.0,,,45.15,,,,0.0138,0.0207,41.311922,-105.581147,2021,9,19,2
West,Knight Hall,2021-09-19T03:00:00,30.0,20.0,,,45.08,,,,0.0207,0.0138,41.311922,-105.581147,2021,9,19,3
West,Knight Hall,2021-09-19T04:00:00,20.0,30.0,,,45.84,,,,0.0138,0.0207,41.311922,-105.581147,2021,9,19,4
West,Knight Hall,2021-09-19T05:00:00,30.0,20.0,,,44.95,,,,0.0207,0.0138,41.311922,-105.581147,2021,9,19,5
West,Knight Hall,2021-09-19T06:00:00,20.0,20.0,,,44.98,,,,0.0138,0.0138,41.311922,-105.581147,2021,9,19,6
West,Knight Hall,2021-09-19T07:00:00,30.0,30.0,,,45.21,,,,0.0207,0.0207,41.311922,-105.581147,2021,9,19,7
West,Knight Hall,2021-09-19T08:00:00,30.0,30.0,,,44.89,,,,0.0207,0.0207,41.311922,-105.581147,2021,9,19,8
West,Knight Hall,2021-09-19T09:00:00,20.0,30.0,,,45.04,,,,0.0138,0.0207,41.311922,-105.581147,2021,9,19,9
West,Knight Hall,2021-09-19T10:00:00,30.0,30.0,,,49.06999999999999,,,,0.0207,0.0207,41.311922,-105.581147,2021,9,19,10
West,Knight Hall,2021-09-19T11:00:00,30.0,30.0,,,45.49,,,,0.0207,0.0207,41.311922,-105.581147,2021,9,19,11
West,Knight Hall,2021-09-19T12:00:00,30.0,40.0,,,57.91000000000001,,,,0.0207,0.0276,41.311922,-105.581147,2021,9,19,12
West,Knight Hall,2021-09-19T13:00:00,30.0,30.0,,,50.86,,,,0.0207,0.0207,41.311922,-105.581147,2021,9,19,13
West,Knight Hall,2021-09-19T14:00:00,20.0,20.0,,,45.24,,,,0.0138,0.0138,41.311922,-105.581147,2021,9,19,14
West,Knight Hall,2021-09-19T15:00:00,30.0,30.0,,,44.72,,,,0.0207,0.0207,41.311922,-105.581147,2021,9,19,15
West,Knight Hall,2021-09-19T16:00:00,30.0,30.0,,,44.42,,,,0.0207,0.0207,41.311922,-105.581147,2021,9,19,16
West,Knight Hall,2021-09-19T17:00:00,30.0,20.0,,,44.8,,,,0.0207,0.0138,41.311922,-105.581147,2021,9,19,17
West,Knight Hall,2021-09-19T18:00:00,20.0,30.0,,,48.42,,,,0.0138,0.0207,41.311922,-105.581147,2021,9,19,18
West,Knight Hall,2021-09-19T19:00:00,30.0,20.0,,,45.46999999999999,,,,0.0207,0.0138,41.311922,-105.581147,2021,9,19,19
West,Knight Hall,2021-09-19T20:00:00,20.0,20.0,,,45.52,,,,0.0138,0.0138,41.311922,-105.581147,2021,9,19,20
West,Knight Hall,2021-09-19T21:00:00,30.0,30.0,,,45.62,,,,0.0207,0.0207,41.311922,-105.581147,2021,9,19,21
West,Knight Hall,2021-09-19T22:00:00,20.0,20.0,,,45.34,,,,0.0138,0.0138,41.311922,-105.581147,2021,9,19,22
West,Knight Hall,2021-09-19T23:00:00,30.0,30.0,,,45.39,,,,0.0207,0.0207,41.311922,-105.581147,2021,9,19,23
West,Knight Hall,2021-09-20T00:00:00,20.0,20.0,,,45.38,,,,0.0138,0.0138,41.311922,-105.581147,2021,9,20,0
West,Knight Hall,2021-09-20T01:00:00,30.0,20.0,,,45.15,,,,0.0207,0.0138,41.311922,-105.581147,2021,9,20,1
West,Knight Hall,2021-09-20T02:00:00,30.0,30.0,,,45.15,,,,0.0207,0.0207,41.311922,-105.581147,2021,9,20,2
West,Knight Hall,2021-09-20T03:00:00,30.0,20.0,,,45.08,,,,0.0207,0.0138,41.311922,-105.581147,2021,9,20,3
West,Knight Hall,2021-09-20T04:00:00,20.0,30.0,,,45.11,,,,0.0138,0.0207,41.311922,-105.581147,2021,9,20,4
West,Knight Hall,2021-09-20T05:00:00,30.0,20.0,,,45.95,,,,0.0207,0.0138,41.311922,-105.581147,2021,9,20,5
West,Knight Hall,2021-09-20T06:00:00,20.0,20.0,,,45.74999999999999,,,,0.0138,0.0138,41.311922,-105.581147,2021,9,20,6
West,Knight Hall,2021-09-20T07:00:00,50.0,30.0,,,93.55,,,,0.034499999999999996,0.0207,41.311922,-105.581147,2021,9,20,7
West,Knight Hall,2021-09-20T08:00:00,60.0,20.0,,,159.48,,,,0.0414,0.0138,41.311922,-105.581147,2021,9,20,8
West,Knight Hall,2021-09-20T09:00:00,,30.0,,,200.21,,,,,0.0207,41.311922,-105.581147,2021,9,20,9
West,Knight Hall,2021-09-20T10:00:00,70.0,30.0,,,192.28,,,,0.048299999999999996,0.0207,41.311922,-105.581147,2021,9,20,10
West,Knight Hall,2021-09-20T11:00:00,,20.0,,,143.62,,,,,0.0138,41.311922,-105.581147,2021,9,20,11
West,Knight Hall,2021-09-20T12:00:00,60.0,30.0,,,138.66,,,,0.0414,0.0207,41.311922,-105.581147,2021,9,20,12
West,Knight Hall,2021-09-20T13:00:00,80.0,30.0,,,125.94,,,,0.0552,0.0207,41.311922,-105.581147,2021,9,20,13
West,Knight Hall,2021-09-20T14:00:00,60.0,30.0,,,148.81,,,,0.0414,0.0207,41.311922,-105.581147,2021,9,20,14
West,Knight Hall,2021-09-20T15:00:00,80.0,30.0,,,129.71,,,,0.0552,0.0207,41.311922,-105.581147,2021,9,20,15
West,Knight Hall,2021-09-20T16:00:00,60.0,20.0,,,141.78,,,,0.0414,0.0138,41.311922,-105.581147,2021,9,20,16
West,Knight Hall,2021-09-20T17:00:00,40.0,30.0,,,131.71,,,,0.0276,0.0207,41.311922,-105.581147,2021,9,20,17
West,Knight Hall,2021-09-20T18:00:00,40.0,20.0,,,83.72,,,,0.0276,0.0138,41.311922,-105.581147,2021,9,20,18
West,Knight Hall,2021-09-20T19:00:00,40.0,20.0,,,63.95,,,,0.0276,0.0138,41.311922,-105.581147,2021,9,20,19
West,Knight Hall,2021-09-20T20:00:00,30.0,30.0,,,98.28,,,,0.0207,0.0207,41.311922,-105.581147,2021,9,20,20
West,Knight Hall,2021-09-20T21:00:00,30.0,20.0,,,68.24,,,,0.0207,0.0138,41.311922,-105.581147,2021,9,20,21
West,Knight Hall,2021-09-20T22:00:00,30.0,30.0,,,71.54,,,,0.0207,0.0207,41.311922,-105.581147,2021,9,20,22
West,Knight Hall,2021-09-20T23:00:00,20.0,20.0,,,58.73,,,,0.0138,0.0138,41.311922,-105.581147,2021,9,20,23
West,Knight Hall,2021-09-21T00:00:00,30.0,20.0,,,56.57,,,,0.0207,0.0138,41.311922,-105.581147,2021,9,21,0
West,Knight Hall,2021-09-21T01:00:00,20.0,30.0,,,57.8,,,,0.0138,0.0207,41.311922,-105.581147,2021,9,21,1
West,Knight Hall,2021-09-21T02:00:00,20.0,20.0,,,57.78,,,,0.0138,0.0138,41.311922,-105.581147,2021,9,21,2
West,Knight Hall,2021-09-21T03:00:00,30.0,30.0,,,58.67,,,,0.0207,0.0207,41.311922,-105.581147,2021,9,21,3
West,Knight Hall,2021-09-21T04:00:00,20.0,20.0,,,57.8,,,,0.0138,0.0138,41.311922,-105.581147,2021,9,21,4
West,Knight Hall,2021-09-21T05:00:00,30.0,30.0,,,61.06,,,,0.0207,0.0207,41.311922,-105.581147,2021,9,21,5
West,Knight Hall,2021-09-21T06:00:00,30.0,30.0,,,74.88,,,,0.0207,0.0207,41.311922,-105.581147,2021,9,21,6
West,Knight Hall,2021-09-21T07:00:00,50.0,30.0,,,75.87,,,,0.034499999999999996,0.0207,41.311922,-105.581147,2021,9,21,7
West,Knight Hall,2021-09-21T08:00:00,60.0,70.0,,,130.36,,,,0.0414,0.048299999999999996,41.311922,-105.581147,2021,9,21,8
West,Knight Hall,2021-09-21T09:00:00,,60.0,,,172.10000000000002,,,,,0.0414,41.311922,-105.581147,2021,9,21,9
West,Knight Hall,2021-09-21T10:00:00,60.0,80.0,,,,,,,0.0414,0.0552,41.311922,-105.581147,2021,9,21,10
West,Knight Hall,2021-09-21T11:00:00,,60.0,,,,,,,,0.0414,41.311922,-105.581147,2021,9,21,11
West,Knight Hall,2021-09-21T12:00:00,60.0,70.0,,,,,,,0.0414,0.048299999999999996,41.311922,-105.581147,2021,9,21,12
West,Knight Hall,2021-09-21T13:00:00,,70.0,,,,,,,,0.048299999999999996,41.311922,-105.581147,2021,9,21,13
West,Knight Hall,2021-09-21T14:00:00,60.0,70.0,,,,,,,0.0414,0.048299999999999996,41.311922,-105.581147,2021,9,21,14
West,Knight Hall,2021-09-21T15:00:00,,70.0,,,,,,,,0.048299999999999996,41.311922,-105.581147,2021,9,21,15
West,Knight Hall,2021-09-21T16:00:00,50.0,60.0,,,138.68,,,,0.034499999999999996,0.0414,41.311922,-105.581147,2021,9,21,16
West,Knight Hall,2021-09-21T17:00:00,50.0,40.0,,,106.55,,,,0.034499999999999996,0.0276,41.311922,-105.581147,2021,9,21,17
West,Knight Hall,2021-09-21T18:00:00,40.0,40.0,,,60.85,,,,0.0276,0.0276,41.311922,-105.581147,2021,9,21,18
West,Knight Hall,2021-09-21T19:00:00,40.0,40.0,,,105.88,,,,0.0276,0.0276,41.311922,-105.581147,2021,9,21,19
West,Knight Hall,2021-09-21T20:00:00,20.0,20.0,,,82.1,,,,0.0138,0.0138,41.311922,-105.581147,2021,9,21,20
West,Knight Hall,2021-09-21T21:00:00,40.0,30.0,,,61.17,,,,0.0276,0.0207,41.311922,-105.581147,2021,9,21,21
West,Knight Hall,2021-09-21T22:00:00,20.0,30.0,,,73.48,,,,0.0138,0.0207,41.311922,-105.581147,2021,9,21,22
West,Knight Hall,2021-09-21T23:00:00,30.0,20.0,,,75.94000000000001,,,,0.0207,0.0138,41.311922,-105.581147,2021,9,21,23
West,Knight Hall,2021-09-22T00:00:00,20.0,30.0,,,55.43,,,,0.0138,0.0207,41.311922,-105.581147,2021,9,22,0
West,Knight Hall,2021-09-22T01:00:00,30.0,20.0,,,55.64999999999999,,,,0.0207,0.0138,41.311922,-105.581147,2021,9,22,1
West,Knight Hall,2021-09-22T02:00:00,20.0,30.0,,,56.55,,,,0.0138,0.0207,41.311922,-105.581147,2021,9,22,2
West,Knight Hall,2021-09-22T03:00:00,30.0,20.0,,,55.88,,,,0.0207,0.0138,41.311922,-105.581147,2021,9,22,3
West,Knight Hall,2021-09-22T04:00:00,20.0,30.0,,,56.06,,,,0.0138,0.0207,41.311922,-105.581147,2021,9,22,4
West,Knight Hall,2021-09-22T05:00:00,40.0,20.0,,,60.06999999999999,,,,0.0276,0.0138,41.311922,-105.581147,2021,9,22,5
West,Knight Hall,2021-09-22T06:00:00,20.0,30.0,,,58.95,,,,0.0138,0.0207,41.311922,-105.581147,2021,9,22,6
West,Knight Hall,2021-09-22T07:00:00,40.0,40.0,,,88.50999999999999,,,,0.0276,0.0276,41.311922,-105.581147,2021,9,22,7
West,Knight Hall,2021-09-22T08:00:00,80.0,60.0,,,126.86,,,,0.0552,0.0414,41.311922,-105.581147,2021,9,22,8
West,Knight Hall,2021-09-22T09:00:00,80.0,70.0,,,201.36,,,,0.0552,0.048299999999999996,41.311922,-105.581147,2021,9,22,9
West,Knight Hall,2021-09-22T10:00:00,,70.0,,,,,,,,0.048299999999999996,41.311922,-105.581147,2021,9,22,10
West,Knight Hall,2021-09-22T11:00:00,,70.0,,,199.7,,,,,0.048299999999999996,41.311922,-105.581147,2021,9,22,11
West,Knight Hall,2021-09-22T12:00:00,60.0,70.0,,,149.63,,,,0.0414,0.048299999999999996,41.311922,-105.581147,2021,9,22,12
West,Knight Hall,2021-09-22T13:00:00,70.0,60.0,,,172.51000000000002,,,,0.048299999999999996,0.0414,41.311922,-105.581147,2021,9,22,13
West,Knight Hall,2021-09-22T14:00:00,80.0,70.0,,,199.87,,,,0.0552,0.048299999999999996,41.311922,-105.581147,2021,9,22,14
West,Knight Hall,2021-09-22T15:00:00,70.0,70.0,,,218.65,,,,0.048299999999999996,0.048299999999999996,41.311922,-105.581147,2021,9,22,15
West,Knight Hall,2021-09-22T16:00:00,70.0,60.0,,,145.82000000000002,,,,0.048299999999999996,0.0414,41.311922,-105.581147,2021,9,22,16
West,Knight Hall,2021-09-22T17:00:00,50.0,50.0,,,107.98,,,,0.034499999999999996,0.034499999999999996,41.311922,-105.581147,2021,9,22,17
West,Knight Hall,2021-09-22T18:00:00,30.0,40.0,,,121.75,,,,0.0207,0.0276,41.311922,-105.581147,2021,9,22,18
West,Knight Hall,2021-09-22T19:00:00,40.0,30.0,,,72.77,,,,0.0276,0.0207,41.311922,-105.581147,2021,9,22,19
West,Knight Hall,2021-09-22T20:00:00,30.0,30.0,,,88.87,,,,0.0207,0.0207,41.311922,-105.581147,2021,9,22,20
West,Knight Hall,2021-09-22T21:00:00,40.0,30.0,,,65.22,,,,0.0276,0.0207,41.311922,-105.581147,2021,9,22,21
West,Knight Hall,2021-09-22T22:00:00,20.0,30.0,,,75.76,,,,0.0138,0.0207,41.311922,-105.581147,2021,9,22,22
West,Knight Hall,2021-09-22T23:00:00,30.0,20.0,,,60.49999999999999,,,,0.0207,0.0138,41.311922,-105.581147,2021,9,22,23
West,Knight Hall,2021-09-23T00:00:00,30.0,30.0,,,59.59,,,,0.0207,0.0207,41.311922,-105.581147,2021,9,23,0
West,Knight Hall,2021-09-23T01:00:00,20.0,20.0,,,59.900000000000006,,,,0.0138,0.0138,41.311922,-105.581147,2021,9,23,1
West,Knight Hall,2021-09-23T02:00:00,30.0,30.0,,,59.27,,,,0.0207,0.0207,41.311922,-105.581147,2021,9,23,2
West,Knight Hall,2021-09-23T03:00:00,20.0,20.0,,,59.870000000000005,,,,0.0138,0.0138,41.311922,-105.581147,2021,9,23,3
West,Knight Hall,2021-09-23T04:00:00,30.0,30.0,,,59.18000000000001,,,,0.0207,0.0207,41.311922,-105.581147,2021,9,23,4
West,Knight Hall,2021-09-23T05:00:00,40.0,20.0,,,59.47,,,,0.0276,0.0138,41.311922,-105.581147,2021,9,23,5
West,Knight Hall,2021-09-23T06:00:00,20.0,30.0,,,59.33,,,,0.0138,0.0207,41.311922,-105.581147,2021,9,23,6
West,Knight Hall,2021-09-23T07:00:00,50.0,40.0,,,102.84,,,,0.034499999999999996,0.0276,41.311922,-105.581147,2021,9,23,7
West,Knight Hall,2021-09-23T08:00:00,60.0,60.0,,,191.61,,,,0.0414,0.0414,41.311922,-105.581147,2021,9,23,8
West,Knight Hall,2021-09-23T09:00:00,,70.0,,,191.59,,,,,0.048299999999999996,41.311922,-105.581147,2021,9,23,9
West,Knight Hall,2021-09-23T10:00:00,60.0,60.0,,,173.57,,,,0.0414,0.0414,41.311922,-105.581147,2021,9,23,10
West,Knight Hall,2021-09-23T11:00:00,,70.0,,,158.8,,,,,0.048299999999999996,41.311922,-105.581147,2021,9,23,11
West,Knight Hall,2021-09-23T12:00:00,60.0,80.0,,,144.59,,,,0.0414,0.0552,41.311922,-105.581147,2021,9,23,12
West,Knight Hall,2021-09-23T13:00:00,80.0,60.0,,,,,,,0.0552,0.0414,41.311922,-105.581147,2021,9,23,13
West,Knight Hall,2021-09-23T14:00:00,60.0,70.0,,,,,,,0.0414,0.048299999999999996,41.311922,-105.581147,2021,9,23,14
West,Knight Hall,2021-09-23T15:00:00,,70.0,,,152.57,,,,,0.048299999999999996,41.311922,-105.581147,2021,9,23,15
West,Knight Hall,2021-09-23T16:00:00,60.0,60.0,,,131.09000000000003,,,,0.0414,0.0414,41.311922,-105.581147,2021,9,23,16
West,Knight Hall,2021-09-23T17:00:00,50.0,40.0,,,162.98,,,,0.034499999999999996,0.0276,41.311922,-105.581147,2021,9,23,17
West,Knight Hall,2021-09-23T18:00:00,40.0,40.0,,,53.36,,,,0.0276,0.0276,41.311922,-105.581147,2021,9,23,18
West,Knight Hall,2021-09-23T19:00:00,40.0,40.0,,,53.38,,,,0.0276,0.0276,41.311922,-105.581147,2021,9,23,19
West,Knight Hall,2021-09-23T20:00:00,30.0,30.0,,,77.66,,,,0.0207,0.0207,41.311922,-105.581147,2021,9,23,20
West,Knight Hall,2021-09-23T21:00:00,40.0,30.0,,,56.620000000000005,,,,0.0276,0.0207,41.311922,-105.581147,2021,9,23,21
West,Knight Hall,2021-09-23T22:00:00,20.0,30.0,,,64.49000000000001,,,,0.0138,0.0207,41.311922,-105.581147,2021,9,23,22
West,Knight Hall,2021-09-23T23:00:00,30.0,20.0,,,45.82,,,,0.0207,0.0138,41.311922,-105.581147,2021,9,23,23
West,Knight Hall,2021-09-24T00:00:00,30.0,20.0,,,47.45,,,,0.0207,0.0138,41.311922,-105.581147,2021,9,24,0
West,Knight Hall,2021-09-24T01:00:00,30.0,30.0,,,45.8,,,,0.0207,0.0207,41.311922,-105.581147,2021,9,24,1
West,Knight Hall,2021-09-24T02:00:00,20.0,30.0,,,45.970000000000006,,,,0.0138,0.0207,41.311922,-105.581147,2021,9,24,2
West,Knight Hall,2021-09-24T03:00:00,30.0,20.0,,,45.84,,,,0.0207,0.0138,41.311922,-105.581147,2021,9,24,3
West,Knight Hall,2021-09-24T04:00:00,30.0,30.0,,,45.3,,,,0.0207,0.0207,41.311922,-105.581147,2021,9,24,4
West,Knight Hall,2021-09-24T05:00:00,30.0,30.0,,,46.77,,,,0.0207,0.0207,41.311922,-105.581147,2021,9,24,5
West,Knight Hall,2021-09-24T06:00:00,30.0,30.0,,,47.370000000000005,,,,0.0207,0.0207,41.311922,-105.581147,2021,9,24,6
West,Knight Hall,2021-09-24T07:00:00,50.0,40.0,,,69.17,,,,0.034499999999999996,0.0276,41.311922,-105.581147,2021,9,24,7
West,Knight Hall,2021-09-24T08:00:00,50.0,60.0,,,133.63,,,,0.034499999999999996,0.0414,41.311922,-105.581147,2021,9,24,8
West,Knight Hall,2021-09-24T09:00:00,70.0,60.0,,,180.62,,,,0.048299999999999996,0.0414,41.311922,-105.581147,2021,9,24,9
West,Knight Hall,2021-09-24T10:00:00,80.0,70.0,,,149.31,,,,0.0552,0.048299999999999996,41.311922,-105.581147,2021,9,24,10
West,Knight Hall,2021-09-24T11:00:00,70.0,70.0,,,135.96,,,,0.048299999999999996,0.048299999999999996,41.311922,-105.581147,2021,9,24,11
West,Knight Hall,2021-09-24T12:00:00,60.0,60.0,,,103.23,,,,0.0414,0.0414,41.311922,-105.581147,2021,9,24,12
West,Knight Hall,2021-09-24T13:00:00,70.0,60.0,,,138.96,,,,0.048299999999999996,0.0414,41.311922,-105.581147,2021,9,24,13
West,Knight Hall,2021-09-24T14:00:00,60.0,70.0,,,164.4,,,,0.0414,0.048299999999999996,41.311922,-105.581147,2021,9,24,14
West,Knight Hall,2021-09-24T15:00:00,70.0,60.0,,,105.26,,,,0.048299999999999996,0.0414,41.311922,-105.581147,2021,9,24,15
West,Knight Hall,2021-09-24T16:00:00,60.0,70.0,,,168.45,,,,0.0414,0.048299999999999996,41.311922,-105.581147,2021,9,24,16
West,Knight Hall,2021-09-24T17:00:00,50.0,40.0,,,88.48,,,,0.034499999999999996,0.0276,41.311922,-105.581147,2021,9,24,17
West,Knight Hall,2021-09-24T18:00:00,30.0,40.0,,,82.26,,,,0.0207,0.0276,41.311922,-105.581147,2021,9,24,18
West,Knight Hall,2021-09-24T19:00:00,30.0,40.0,,,48.43,,,,0.0207,0.0276,41.311922,-105.581147,2021,9,24,19
West,Knight Hall,2021-09-24T20:00:00,30.0,30.0,,,79.9,,,,0.0207,0.0207,41.311922,-105.581147,2021,9,24,20
West,Knight Hall,2021-09-24T21:00:00,30.0,30.0,,,61.34,,,,0.0207,0.0207,41.311922,-105.581147,2021,9,24,21
West,Knight Hall,2021-09-24T22:00:00,30.0,20.0,,,46.85,,,,0.0207,0.0138,41.311922,-105.581147,2021,9,24,22
West,Knight Hall,2021-09-24T23:00:00,30.0,30.0,,,46.44,,,,0.0207,0.0207,41.311922,-105.581147,2021,9,24,23
West,Knight Hall,2021-09-25T00:00:00,20.0,20.0,,,46.64,,,,0.0138,0.0138,41.311922,-105.581147,2021,9,25,0
West,Knight Hall,2021-09-25T01:00:00,30.0,30.0,,,45.49,,,,0.0207,0.0207,41.311922,-105.581147,2021,9,25,1
West,Knight Hall,2021-09-25T02:00:00,20.0,20.0,,,46.23,,,,0.0138,0.0138,41.311922,-105.581147,2021,9,25,2
West,Knight Hall,2021-09-25T03:00:00,30.0,30.0,,,47.28,,,,0.0207,0.0207,41.311922,-105.581147,2021,9,25,3
West,Knight Hall,2021-09-25T04:00:00,20.0,20.0,,,47.05,,,,0.0138,0.0138,41.311922,-105.581147,2021,9,25,4
West,Knight Hall,2021-09-25T05:00:00,30.0,30.0,,,46.55,,,,0.0207,0.0207,41.311922,-105.581147,2021,9,25,5
West,Knight Hall,2021-09-25T06:00:00,20.0,30.0,,,46.55,,,,0.0138,0.0207,41.311922,-105.581147,2021,9,25,6
West,Knight Hall,2021-09-25T07:00:00,30.0,40.0,,,45.88,,,,0.0207,0.0276,41.311922,-105.581147,2021,9,25,7
West,Knight Hall,2021-09-25T08:00:00,30.0,60.0,,,46.77,,,,0.0207,0.0414,41.311922,-105.581147,2021,9,25,8
West,Knight Hall,2021-09-25T09:00:00,20.0,70.0,,,53.38,,,,0.0138,0.048299999999999996,41.311922,-105.581147,2021,9,25,9
West,Knight Hall,2021-09-25T10:00:00,30.0,60.0,,,46.74,,,,0.0207,0.0414,41.311922,-105.581147,2021,9,25,10
West,Knight Hall,2021-09-25T11:00:00,30.0,70.0,,,46.66,,,,0.0207,0.048299999999999996,41.311922,-105.581147,2021,9,25,11
West,Knight Hall,2021-09-25T12:00:00,30.0,60.0,,,48.900000000000006,,,,0.0207,0.0414,41.311922,-105.581147,2021,9,25,12
West,Knight Hall,2021-09-25T13:00:00,30.0,70.0,,,47.50000000000001,,,,0.0207,0.048299999999999996,41.311922,-105.581147,2021,9,25,13
West,Knight Hall,2021-09-25T14:00:00,20.0,60.0,,,50.32,,,,0.0138,0.0414,41.311922,-105.581147,2021,9,25,14
West,Knight Hall,2021-09-25T15:00:00,30.0,60.0,,,50.5,,,,0.0207,0.0414,41.311922,-105.581147,2021,9,25,15
West,Knight Hall,2021-09-25T16:00:00,20.0,60.0,,,50.74999999999999,,,,0.0138,0.0414,41.311922,-105.581147,2021,9,25,16
West,Knight Hall,2021-09-25T17:00:00,30.0,40.0,,,49.09,,,,0.0207,0.0276,41.311922,-105.581147,2021,9,25,17
West,Knight Hall,2021-09-25T18:00:00,20.0,40.0,,,46.07,,,,0.0138,0.0276,41.311922,-105.581147,2021,9,25,18
West,Knight Hall,2021-09-25T19:00:00,30.0,30.0,,,46.44,,,,0.0207,0.0207,41.311922,-105.581147,2021,9,25,19
West,Knight Hall,2021-09-25T20:00:00,20.0,30.0,,,45.38,,,,0.0138,0.0207,41.311922,-105.581147,2021,9,25,20
West,Knight Hall,2021-09-25T21:00:00,20.0,30.0,,,46.42,,,,0.0138,0.0207,41.311922,-105.581147,2021,9,25,21
West,Knight Hall,2021-09-25T22:00:00,30.0,20.0,,,46.7,,,,0.0207,0.0138,41.311922,-105.581147,2021,9,25,22
West,Knight Hall,2021-09-25T23:00:00,30.0,30.0,,,47.13,,,,0.0207,0.0207,41.311922,-105.581147,2021,9,25,23
West,Knight Hall,2021-09-26T00:00:00,20.0,20.0,,,45.41,,,,0.0138,0.0138,41.311922,-105.581147,2021,9,26,0
West,Knight Hall,2021-09-26T01:00:00,30.0,30.0,,,46.33,,,,0.0207,0.0207,41.311922,-105.581147,2021,9,26,1
West,Knight Hall,2021-09-26T02:00:00,20.0,20.0,,,46.36,,,,0.0138,0.0138,41.311922,-105.581147,2021,9,26,2
West,Knight Hall,2021-09-26T03:00:00,30.0,20.0,,,46.16,,,,0.0207,0.0138,41.311922,-105.581147,2021,9,26,3
West,Knight Hall,2021-09-26T04:00:00,20.0,30.0,,,46.38,,,,0.0138,0.0207,41.311922,-105.581147,2021,9,26,4
West,Knight Hall,2021-09-26T05:00:00,30.0,20.0,,,46.33,,,,0.0207,0.0138,41.311922,-105.581147,2021,9,26,5
West,Knight Hall,2021-09-26T06:00:00,20.0,30.0,,,47.06999999999999,,,,0.0138,0.0207,41.311922,-105.581147,2021,9,26,6
West,Knight Hall,2021-09-26T07:00:00,30.0,20.0,,,46.44,,,,0.0207,0.0138,41.311922,-105.581147,2021,9,26,7
West,Knight Hall,2021-09-26T08:00:00,20.0,30.0,,,45.47,,,,0.0138,0.0207,41.311922,-105.581147,2021,9,26,8
West,Knight Hall,2021-09-26T09:00:00,30.0,30.0,,,45.650000000000006,,,,0.0207,0.0207,41.311922,-105.581147,2021,9,26,9
West,Knight Hall,2021-09-26T10:00:00,20.0,20.0,,,46.25,,,,0.0138,0.0138,41.311922,-105.581147,2021,9,26,10
West,Knight Hall,2021-09-26T11:00:00,40.0,30.0,,,46.23,,,,0.0276,0.0207,41.311922,-105.581147,2021,9,26,11
West,Knight Hall,2021-09-26T12:00:00,20.0,30.0,,,51.74999999999999,,,,0.0138,0.0207,41.311922,-105.581147,2021,9,26,12
West,Knight Hall,2021-09-26T13:00:00,40.0,30.0,,,46.48,,,,0.0276,0.0207,41.311922,-105.581147,2021,9,26,13
West,Knight Hall,2021-09-26T14:00:00,20.0,30.0,,,45.41,,,,0.0138,0.0207,41.311922,-105.581147,2021,9,26,14
West,Knight Hall,2021-09-26T15:00:00,30.0,30.0,,,50.49,,,,0.0207,0.0207,41.311922,-105.581147,2021,9,26,15
West,Knight Hall,2021-09-26T16:00:00,20.0,20.0,,,46.34,,,,0.0138,0.0138,41.311922,-105.581147,2021,9,26,16
West,Knight Hall,2021-09-26T17:00:00,30.0,20.0,,,46.59,,,,0.0207,0.0138,41.311922,-105.581147,2021,9,26,17
West,Knight Hall,2021-09-26T18:00:00,20.0,30.0,,,46.06999999999999,,,,0.0138,0.0207,41.311922,-105.581147,2021,9,26,18
West,Knight Hall,2021-09-26T19:00:00,30.0,20.0,,,47.17,,,,0.0207,0.0138,41.311922,-105.581147,2021,9,26,19
West,Knight Hall,2021-09-26T20:00:00,20.0,30.0,,,49.09,,,,0.0138,0.0207,41.311922,-105.581147,2021,9,26,20
West,Knight Hall,2021-09-26T21:00:00,30.0,20.0,,,46.31,,,,0.0207,0.0138,41.311922,-105.581147,2021,9,26,21
West,Knight Hall,2021-09-26T22:00:00,20.0,20.0,,,46.49,,,,0.0138,0.0138,41.311922,-105.581147,2021,9,26,22
West,Knight Hall,2021-09-26T23:00:00,30.0,30.0,,,47.05,,,,0.0207,0.0207,41.311922,-105.581147,2021,9,26,23
West,Knight Hall,2021-09-27T00:00:00,20.0,20.0,,,46.08,,,,0.0138,0.0138,41.311922,-105.581147,2021,9,27,0
West,Knight Hall,2021-09-27T01:00:00,30.0,30.0,,,45.190000000000005,,,,0.0207,0.0207,41.311922,-105.581147,2021,9,27,1
West,Knight Hall,2021-09-27T02:00:00,20.0,20.0,,,46.01,,,,0.0138,0.0138,41.311922,-105.581147,2021,9,27,2
West,Knight Hall,2021-09-27T03:00:00,30.0,20.0,,,45.93000000000001,,,,0.0207,0.0138,41.311922,-105.581147,2021,9,27,3
West,Knight Hall,2021-09-27T04:00:00,30.0,30.0,,,46.05,,,,0.0207,0.0207,41.311922,-105.581147,2021,9,27,4
West,Knight Hall,2021-09-27T05:00:00,20.0,30.0,,,55.74,,,,0.0138,0.0207,41.311922,-105.581147,2021,9,27,5
West,Knight Hall,2021-09-27T06:00:00,30.0,20.0,,,51.55,,,,0.0207,0.0138,41.311922,-105.581147,2021,9,27,6
West,Knight Hall,2021-09-27T07:00:00,60.0,30.0,,,86.48,,,,0.0414,0.0207,41.311922,-105.581147,2021,9,27,7
West,Knight Hall,2021-09-27T08:00:00,60.0,20.0,,,114.6,,,,0.0414,0.0138,41.311922,-105.581147,2021,9,27,8
West,Knight Hall,2021-09-27T09:00:00,80.0,30.0,,,168.52,,,,0.0552,0.0207,41.311922,-105.581147,2021,9,27,9
West,Knight Hall,2021-09-27T10:00:00,60.0,30.0,,,172.18999999999997,,,,0.0414,0.0207,41.311922,-105.581147,2021,9,27,10
West,Knight Hall,2021-09-27T11:00:00,80.0,30.0,,,154.76,,,,0.0552,0.0207,41.311922,-105.581147,2021,9,27,11
West,Knight Hall,2021-09-27T12:00:00,70.0,30.0,,,137.02,,,,0.048299999999999996,0.0207,41.311922,-105.581147,2021,9,27,12
West,Knight Hall,2021-09-27T13:00:00,80.0,30.0,,,137.75,,,,0.0552,0.0207,41.311922,-105.581147,2021,9,27,13
West,Knight Hall,2021-09-27T14:00:00,60.0,30.0,,,113.95,,,,0.0414,0.0207,41.311922,-105.581147,2021,9,27,14
West,Knight Hall,2021-09-27T15:00:00,80.0,30.0,,,130.4,,,,0.0552,0.0207,41.311922,-105.581147,2021,9,27,15
West,Knight Hall,2021-09-27T16:00:00,60.0,20.0,,,131.2,,,,0.0414,0.0138,41.311922,-105.581147,2021,9,27,16
West,Knight Hall,2021-09-27T17:00:00,50.0,30.0,,,114.4,,,,0.034499999999999996,0.0207,41.311922,-105.581147,2021,9,27,17
West,Knight Hall,2021-09-27T18:00:00,40.0,30.0,,,65.11,,,,0.0276,0.0207,41.311922,-105.581147,2021,9,27,18
West,Knight Hall,2021-09-27T19:00:00,30.0,30.0,,,46.38,,,,0.0207,0.0207,41.311922,-105.581147,2021,9,27,19
West,Knight Hall,2021-09-27T20:00:00,30.0,30.0,,,76.2,,,,0.0207,0.0207,41.311922,-105.581147,2021,9,27,20
West,Knight Hall,2021-09-27T21:00:00,30.0,20.0,,,53.86000000000001,,,,0.0207,0.0138,41.311922,-105.581147,2021,9,27,21
West,Knight Hall,2021-09-27T22:00:00,20.0,30.0,,,57.35000000000001,,,,0.0138,0.0207,41.311922,-105.581147,2021,9,27,22
West,Knight Hall,2021-09-27T23:00:00,30.0,30.0,,,46.38,,,,0.0207,0.0207,41.311922,-105.581147,2021,9,27,23
West,Knight Hall,2021-09-28T00:00:00,20.0,20.0,,,46.31,,,,0.0138,0.0138,41.311922,-105.581147,2021,9,28,0
West,Knight Hall,2021-09-28T01:00:00,30.0,30.0,,,45.62,,,,0.0207,0.0207,41.311922,-105.581147,2021,9,28,1
West,Knight Hall,2021-09-28T02:00:00,20.0,20.0,,,46.53,,,,0.0138,0.0138,41.311922,-105.581147,2021,9,28,2
West,Knight Hall,2021-09-28T03:00:00,30.0,30.0,,,45.73,,,,0.0207,0.0207,41.311922,-105.581147,2021,9,28,3
West,Knight Hall,2021-09-28T04:00:00,20.0,30.0,,,45.93000000000001,,,,0.0138,0.0207,41.311922,-105.581147,2021,9,28,4
West,Knight Hall,2021-09-28T05:00:00,40.0,30.0,,,51.18000000000001,,,,0.0276,0.0207,41.311922,-105.581147,2021,9,28,5
West,Knight Hall,2021-09-28T06:00:00,20.0,30.0,,,45.69,,,,0.0138,0.0207,41.311922,-105.581147,2021,9,28,6
West,Knight Hall,2021-09-28T07:00:00,60.0,40.0,,,70.42,,,,0.0414,0.0276,41.311922,-105.581147,2021,9,28,7
West,Knight Hall,2021-09-28T08:00:00,50.0,70.0,,,100.0,,,,0.034499999999999996,0.048299999999999996,41.311922,-105.581147,2021,9,28,8
West,Knight Hall,2021-09-28T09:00:00,70.0,60.0,,,149.72,,,,0.048299999999999996,0.0414,41.311922,-105.581147,2021,9,28,9
West,Knight Hall,2021-09-28T10:00:00,80.0,70.0,,,173.39,,,,0.0552,0.048299999999999996,41.311922,-105.581147,2021,9,28,10
West,Knight Hall,2021-09-28T11:00:00,80.0,70.0,,,171.11,,,,0.0552,0.048299999999999996,41.311922,-105.581147,2021,9,28,11
West,Knight Hall,2021-09-28T12:00:00,60.0,70.0,,,157.63,,,,0.0414,0.048299999999999996,41.311922,-105.581147,2021,9,28,12
West,Knight Hall,2021-09-28T13:00:00,80.0,70.0,,,153.75,,,,0.0552,0.048299999999999996,41.311922,-105.581147,2021,9,28,13
West,Knight Hall,2021-09-28T14:00:00,60.0,70.0,,,156.7,,,,0.0414,0.048299999999999996,41.311922,-105.581147,2021,9,28,14
West,Knight Hall,2021-09-28T15:00:00,80.0,60.0,,,124.08,,,,0.0552,0.0414,41.311922,-105.581147,2021,9,28,15
West,Knight Hall,2021-09-28T16:00:00,60.0,70.0,,,112.4,,,,0.0414,0.048299999999999996,41.311922,-105.581147,2021,9,28,16
West,Knight Hall,2021-09-28T17:00:00,50.0,40.0,,,131.3,,,,0.034499999999999996,0.0276,41.311922,-105.581147,2021,9,28,17
West,Knight Hall,2021-09-28T18:00:00,40.0,40.0,,,73.92999999999999,,,,0.0276,0.0276,41.311922,-105.581147,2021,9,28,18
West,Knight Hall,2021-09-28T19:00:00,30.0,40.0,,,51.55,,,,0.0207,0.0276,41.311922,-105.581147,2021,9,28,19
West,Knight Hall,2021-09-28T20:00:00,30.0,30.0,,,81.07,,,,0.0207,0.0207,41.311922,-105.581147,2021,9,28,20
West,Knight Hall,2021-09-28T21:00:00,40.0,30.0,,,55.58,,,,0.0276,0.0207,41.311922,-105.581147,2021,9,28,21
West,Knight Hall,2021-09-28T22:00:00,20.0,30.0,,,75.05000000000001,,,,0.0138,0.0207,41.311922,-105.581147,2021,9,28,22
West,Knight Hall,2021-09-28T23:00:00,30.0,30.0,,,51.88,,,,0.0207,0.0207,41.311922,-105.581147,2021,9,28,23
West,Knight Hall,2021-09-29T00:00:00,30.0,20.0,,,52.61,,,,0.0207,0.0138,41.311922,-105.581147,2021,9,29,0
West,Knight Hall,2021-09-29T01:00:00,20.0,30.0,,,50.91000000000001,,,,0.0138,0.0207,41.311922,-105.581147,2021,9,29,1
West,Knight Hall,2021-09-29T02:00:00,30.0,30.0,,,50.11,,,,0.0207,0.0207,41.311922,-105.581147,2021,9,29,2
West,Knight Hall,2021-09-29T03:00:00,20.0,20.0,,,50.95,,,,0.0138,0.0138,41.311922,-105.581147,2021,9,29,3
West,Knight Hall,2021-09-29T04:00:00,30.0,30.0,,,50.73,,,,0.0207,0.0207,41.311922,-105.581147,2021,9,29,4
West,Knight Hall,2021-09-29T05:00:00,40.0,30.0,,,51.12,,,,0.0276,0.0207,41.311922,-105.581147,2021,9,29,5
West,Knight Hall,2021-09-29T06:00:00,20.0,30.0,,,56.42,,,,0.0138,0.0207,41.311922,-105.581147,2021,9,29,6
West,Knight Hall,2021-09-29T07:00:00,60.0,40.0,,,82.97,,,,0.0414,0.0276,41.311922,-105.581147,2021,9,29,7
West,Knight Hall,2021-09-29T08:00:00,60.0,70.0,,,124.56,,,,0.0414,0.048299999999999996,41.311922,-105.581147,2021,9,29,8
West,Knight Hall,2021-09-29T09:00:00,70.0,60.0,,,153.71,,,,0.048299999999999996,0.0414,41.311922,-105.581147,2021,9,29,9
West,Knight Hall,2021-09-29T10:00:00,80.0,70.0,,,227.47,,,,0.0552,0.048299999999999996,41.311922,-105.581147,2021,9,29,10
West,Knight Hall,2021-09-29T11:00:00,80.0,70.0,,,196.31,,,,0.0552,0.048299999999999996,41.311922,-105.581147,2021,9,29,11
West,Knight Hall,2021-09-29T12:00:00,60.0,70.0,,,178.76,,,,0.0414,0.048299999999999996,41.311922,-105.581147,2021,9,29,12
West,Knight Hall,2021-09-29T13:00:00,80.0,60.0,,,141.24,,,,0.0552,0.0414,41.311922,-105.581147,2021,9,29,13
West,Knight Hall,2021-09-29T14:00:00,60.0,70.0,,,203.86,,,,0.0414,0.048299999999999996,41.311922,-105.581147,2021,9,29,14
West,Knight Hall,2021-09-29T15:00:00,,60.0,,,120.24,,,,,0.0414,41.311922,-105.581147,2021,9,29,15
West,Knight Hall,2021-09-29T16:00:00,50.0,60.0,,,144.57,,,,0.034499999999999996,0.0414,41.311922,-105.581147,2021,9,29,16
West,Knight Hall,2021-09-29T17:00:00,60.0,50.0,,,87.82,,,,0.0414,0.034499999999999996,41.311922,-105.581147,2021,9,29,17
West,Knight Hall,2021-09-29T18:00:00,30.0,40.0,,,98.36,,,,0.0207,0.0276,41.311922,-105.581147,2021,9,29,18
West,Knight Hall,2021-09-29T19:00:00,50.0,30.0,,,87.78,,,,0.034499999999999996,0.0207,41.311922,-105.581147,2021,9,29,19
West,Knight Hall,2021-09-29T20:00:00,20.0,30.0,,,66.94999999999999,,,,0.0138,0.0207,41.311922,-105.581147,2021,9,29,20
West,Knight Hall,2021-09-29T21:00:00,40.0,30.0,,,60.18,,,,0.0276,0.0207,41.311922,-105.581147,2021,9,29,21
West,Knight Hall,2021-09-29T22:00:00,30.0,30.0,,,57.27,,,,0.0207,0.0207,41.311922,-105.581147,2021,9,29,22
West,Knight Hall,2021-09-29T23:00:00,30.0,20.0,,,54.29,,,,0.0207,0.0138,41.311922,-105.581147,2021,9,29,23
West,Knight Hall,2021-09-30T00:00:00,30.0,30.0,,,53.02,,,,0.0207,0.0207,41.311922,-105.581147,2021,9,30,0
West,Knight Hall,2021-09-30T01:00:00,30.0,30.0,,,52.650000000000006,,,,0.0207,0.0207,41.311922,-105.581147,2021,9,30,1
West,Knight Hall,2021-09-30T02:00:00,20.0,20.0,,,52.29,,,,0.0138,0.0138,41.311922,-105.581147,2021,9,30,2
West,Knight Hall,2021-09-30T03:00:00,30.0,30.0,,,51.31,,,,0.0207,0.0207,41.311922,-105.581147,2021,9,30,3
West,Knight Hall,2021-09-30T04:00:00,30.0,30.0,,,51.29,,,,0.0207,0.0207,41.311922,-105.581147,2021,9,30,4
West,Knight Hall,2021-09-30T05:00:00,30.0,30.0,,,53.49,,,,0.0207,0.0207,41.311922,-105.581147,2021,9,30,5
West,Knight Hall,2021-09-30T06:00:00,30.0,40.0,,,57.26,,,,0.0207,0.0276,41.311922,-105.581147,2021,9,30,6
West,Knight Hall,2021-09-30T07:00:00,40.0,40.0,,,78.42,,,,0.0276,0.0276,41.311922,-105.581147,2021,9,30,7
West,Knight Hall,2021-09-30T08:00:00,70.0,60.0,,,229.04,,,,0.048299999999999996,0.0414,41.311922,-105.581147,2021,9,30,8
West,Knight Hall,2021-09-30T09:00:00,,70.0,,,,,,,,0.048299999999999996,41.311922,-105.581147,2021,9,30,9
West,Knight Hall,2021-09-30T10:00:00,60.0,70.0,,,219.73,,,,0.0414,0.048299999999999996,41.311922,-105.581147,2021,9,30,10
West,Knight Hall,2021-09-30T11:00:00,,70.0,,,181.46000000000004,,,,,0.048299999999999996,41.311922,-105.581147,2021,9,30,11
West,Knight Hall,2021-09-30T12:00:00,60.0,70.0,,,115.26,,,,0.0414,0.048299999999999996,41.311922,-105.581147,2021,9,30,12
West,Knight Hall,2021-09-30T13:00:00,,60.0,,,134.28,,,,,0.0414,41.311922,-105.581147,2021,9,30,13
West,Knight Hall,2021-09-30T14:00:00,60.0,70.0,,,116.67,,,,0.0414,0.048299999999999996,41.311922,-105.581147,2021,9,30,14
West,Knight Hall,2021-09-30T15:00:00,80.0,60.0,,,143.16,,,,0.0552,0.0414,41.311922,-105.581147,2021,9,30,15
West,Knight Hall,2021-09-30T16:00:00,60.0,70.0,,,142.82,,,,0.0414,0.048299999999999996,41.311922,-105.581147,2021,9,30,16
West,Knight Hall,2021-09-30T17:00:00,50.0,40.0,,,78.55,,,,0.034499999999999996,0.0276,41.311922,-105.581147,2021,9,30,17
West,Knight Hall,2021-09-30T18:00:00,40.0,40.0,,,71.54,,,,0.0276,0.0276,41.311922,-105.581147,2021,9,30,18
West,Knight Hall,2021-09-30T19:00:00,40.0,30.0,,,84.76,,,,0.0276,0.0207,41.311922,-105.581147,2021,9,30,19
West,Knight Hall,2021-09-30T20:00:00,30.0,30.0,,,84.0,,,,0.0207,0.0207,41.311922,-105.581147,2021,9,30,20
West,Knight Hall,2021-09-30T21:00:00,30.0,30.0,,,59.92,,,,0.0207,0.0207,41.311922,-105.581147,2021,9,30,21
West,Knight Hall,2021-09-30T22:00:00,30.0,30.0,,,74.79,,,,0.0207,0.0207,41.311922,-105.581147,2021,9,30,22
West,Knight Hall,2021-09-30T23:00:00,30.0,30.0,,,50.46999999999999,,,,0.0207,0.0207,41.311922,-105.581147,2021,9,30,23
West,Knight Hall,2021-10-01T00:00:00,20.0,20.0,,,49.52,,,,0.0138,0.0138,41.311922,-105.581147,2021,10,1,0
West,Knight Hall,2021-10-01T01:00:00,40.0,30.0,,,50.0,,,,0.0276,0.0207,41.311922,-105.581147,2021,10,1,1
West,Knight Hall,2021-10-01T02:00:00,20.0,30.0,,,49.16,,,,0.0138,0.0207,41.311922,-105.581147,2021,10,1,2
West,Knight Hall,2021-10-01T03:00:00,30.0,20.0,,,49.96,,,,0.0207,0.0138,41.311922,-105.581147,2021,10,1,3
West,Knight Hall,2021-10-01T04:00:00,20.0,30.0,,,50.49,,,,0.0138,0.0207,41.311922,-105.581147,2021,10,1,4
West,Knight Hall,2021-10-01T05:00:00,40.0,30.0,,,51.31,,,,0.0276,0.0207,41.311922,-105.581147,2021,10,1,5
West,Knight Hall,2021-10-01T06:00:00,20.0,40.0,,,48.84,,,,0.0138,0.0276,41.311922,-105.581147,2021,10,1,6
West,Knight Hall,2021-10-01T07:00:00,60.0,40.0,,,75.66,,,,0.0414,0.0276,41.311922,-105.581147,2021,10,1,7
West,Knight Hall,2021-10-01T08:00:00,60.0,60.0,,,127.58,,,,0.0414,0.0414,41.311922,-105.581147,2021,10,1,8
West,Knight Hall,2021-10-01T09:00:00,80.0,60.0,,,155.8,,,,0.0552,0.0414,41.311922,-105.581147,2021,10,1,9
West,Knight Hall,2021-10-01T10:00:00,60.0,70.0,,,201.96,,,,0.0414,0.048299999999999996,41.311922,-105.581147,2021,10,1,10
West,Knight Hall,2021-10-01T11:00:00,80.0,70.0,,,148.38,,,,0.0552,0.048299999999999996,41.311922,-105.581147,2021,10,1,11
West,Knight Hall,2021-10-01T12:00:00,60.0,60.0,,,151.92,,,,0.0414,0.0414,41.311922,-105.581147,2021,10,1,12
West,Knight Hall,2021-10-01T13:00:00,80.0,60.0,,,107.89,,,,0.0552,0.0414,41.311922,-105.581147,2021,10,1,13
West,Knight Hall,2021-10-01T14:00:00,50.0,70.0,,,,,,,0.034499999999999996,0.048299999999999996,41.311922,-105.581147,2021,10,1,14
West,Knight Hall,2021-10-01T15:00:00,80.0,60.0,,,,,,,0.0552,0.0414,41.311922,-105.581147,2021,10,1,15
West,Knight Hall,2021-10-01T16:00:00,60.0,60.0,,,,,,,0.0414,0.0414,41.311922,-105.581147,2021,10,1,16
West,Knight Hall,2021-10-01T17:00:00,50.0,50.0,,,,,,,0.034499999999999996,0.034499999999999996,41.311922,-105.581147,2021,10,1,17
West,Knight Hall,2021-10-01T18:00:00,30.0,40.0,,,,,,,0.0207,0.0276,41.311922,-105.581147,2021,10,1,18
West,Knight Hall,2021-10-01T19:00:00,40.0,30.0,,,51.77,,,,0.0276,0.0207,41.311922,-105.581147,2021,10,1,19
West,Knight Hall,2021-10-01T20:00:00,30.0,30.0,,,86.16,,,,0.0207,0.0207,41.311922,-105.581147,2021,10,1,20
West,Knight Hall,2021-10-01T21:00:00,40.0,30.0,,,55.99,,,,0.0276,0.0207,41.311922,-105.581147,2021,10,1,21
West,Knight Hall,2021-10-01T22:00:00,20.0,30.0,,,77.27000000000001,,,,0.0138,0.0207,41.311922,-105.581147,2021,10,1,22
West,Knight Hall,2021-10-01T23:00:00,30.0,30.0,,,54.01,,,,0.0207,0.0207,41.311922,-105.581147,2021,10,1,23
West,Knight Hall,2021-10-02T00:00:00,20.0,20.0,,,50.43,,,,0.0138,0.0138,41.311922,-105.581147,2021,10,2,0
West,Knight Hall,2021-10-02T01:00:00,30.0,30.0,,,51.46,,,,0.0207,0.0207,41.311922,-105.581147,2021,10,2,1
West,Knight Hall,2021-10-02T02:00:00,30.0,20.0,,,51.68,,,,0.0207,0.0138,41.311922,-105.581147,2021,10,2,2
West,Knight Hall,2021-10-02T03:00:00,30.0,30.0,,,51.19,,,,0.0207,0.0207,41.311922,-105.581147,2021,10,2,3
West,Knight Hall,2021-10-02T04:00:00,20.0,30.0,,,52.64999999999999,,,,0.0138,0.0207,41.311922,-105.581147,2021,10,2,4
West,Knight Hall,2021-10-02T05:00:00,30.0,30.0,,,51.27,,,,0.0207,0.0207,41.311922,-105.581147,2021,10,2,5
West,Knight Hall,2021-10-02T06:00:00,20.0,30.0,,,50.9,,,,0.0138,0.0207,41.311922,-105.581147,2021,10,2,6
West,Knight Hall,2021-10-02T07:00:00,30.0,40.0,,,50.88,,,,0.0207,0.0276,41.311922,-105.581147,2021,10,2,7
West,Knight Hall,2021-10-02T08:00:00,40.0,60.0,,,67.64,,,,0.0276,0.0414,41.311922,-105.581147,2021,10,2,8
West,Knight Hall,2021-10-02T09:00:00,30.0,70.0,,,58.02,,,,0.0207,0.048299999999999996,41.311922,-105.581147,2021,10,2,9
West,Knight Hall,2021-10-02T10:00:00,30.0,70.0,,,53.0,,,,0.0207,0.048299999999999996,41.311922,-105.581147,2021,10,2,10
West,Knight Hall,2021-10-02T11:00:00,30.0,70.0,,,52.05,,,,0.0207,0.048299999999999996,41.311922,-105.581147,2021,10,2,11
West,Knight Hall,2021-10-02T12:00:00,30.0,60.0,,,51.46999999999999,,,,0.0207,0.0414,41.311922,-105.581147,2021,10,2,12
West,Knight Hall,2021-10-02T13:00:00,30.0,70.0,,,61.66,,,,0.0207,0.048299999999999996,41.311922,-105.581147,2021,10,2,13
West,Knight Hall,2021-10-02T14:00:00,30.0,60.0,,,51.27,,,,0.0207,0.0414,41.311922,-105.581147,2021,10,2,14
West,Knight Hall,2021-10-02T15:00:00,20.0,60.0,,,52.220000000000006,,,,0.0138,0.0414,41.311922,-105.581147,2021,10,2,15
West,Knight Hall,2021-10-02T16:00:00,30.0,60.0,,,51.7,,,,0.0207,0.0414,41.311922,-105.581147,2021,10,2,16
West,Knight Hall,2021-10-02T17:00:00,30.0,50.0,,,53.06,,,,0.0207,0.034499999999999996,41.311922,-105.581147,2021,10,2,17
West,Knight Hall,2021-10-02T18:00:00,20.0,30.0,,,50.02,,,,0.0138,0.0207,41.311922,-105.581147,2021,10,2,18
West,Knight Hall,2021-10-02T19:00:00,30.0,40.0,,,50.71,,,,0.0207,0.0276,41.311922,-105.581147,2021,10,2,19
West,Knight Hall,2021-10-02T20:00:00,20.0,30.0,,,50.64999999999999,,,,0.0138,0.0207,41.311922,-105.581147,2021,10,2,20
West,Knight Hall,2021-10-02T21:00:00,30.0,30.0,,,49.76,,,,0.0207,0.0207,41.311922,-105.581147,2021,10,2,21
West,Knight Hall,2021-10-02T22:00:00,30.0,30.0,,,51.01,,,,0.0207,0.0207,41.311922,-105.581147,2021,10,2,22
West,Knight Hall,2021-10-02T23:00:00,30.0,20.0,,,49.63,,,,0.0207,0.0138,41.311922,-105.581147,2021,10,2,23
West,Knight Hall,2021-10-03T00:00:00,20.0,30.0,,,50.37,,,,0.0138,0.0207,41.311922,-105.581147,2021,10,3,0
West,Knight Hall,2021-10-03T01:00:00,30.0,30.0,,,49.4,,,,0.0207,0.0207,41.311922,-105.581147,2021,10,3,1
West,Knight Hall,2021-10-03T02:00:00,20.0,20.0,,,50.970000000000006,,,,0.0138,0.0138,41.311922,-105.581147,2021,10,3,2
West,Knight Hall,2021-10-03T03:00:00,30.0,30.0,,,49.72,,,,0.0207,0.0207,41.311922,-105.581147,2021,10,3,3
West,Knight Hall,2021-10-03T04:00:00,30.0,30.0,,,50.970000000000006,,,,0.0207,0.0207,41.311922,-105.581147,2021,10,3,4
West,Knight Hall,2021-10-03T05:00:00,30.0,20.0,,,50.04,,,,0.0207,0.0138,41.311922,-105.581147,2021,10,3,5
West,Knight Hall,2021-10-03T06:00:00,20.0,30.0,,,50.24,,,,0.0138,0.0207,41.311922,-105.581147,2021,10,3,6
West,Knight Hall,2021-10-03T07:00:00,30.0,20.0,,,53.43,,,,0.0207,0.0138,41.311922,-105.581147,2021,10,3,7
West,Knight Hall,2021-10-03T08:00:00,30.0,30.0,,,51.92,,,,0.0207,0.0207,41.311922,-105.581147,2021,10,3,8
West,Knight Hall,2021-10-03T09:00:00,40.0,40.0,,,54.830000000000005,,,,0.0276,0.0276,41.311922,-105.581147,2021,10,3,9
West,Knight Hall,2021-10-03T10:00:00,30.0,30.0,,,60.57,,,,0.0207,0.0207,41.311922,-105.581147,2021,10,3,10
West,Knight Hall,2021-10-03T11:00:00,40.0,30.0,,,50.17,,,,0.0276,0.0207,41.311922,-105.581147,2021,10,3,11
West,Knight Hall,2021-10-03T12:00:00,30.0,30.0,,,49.08999999999999,,,,0.0207,0.0207,41.311922,-105.581147,2021,10,3,12
West,Knight Hall,2021-10-03T13:00:00,40.0,30.0,,,57.76,,,,0.0276,0.0207,41.311922,-105.581147,2021,10,3,13
West,Knight Hall,2021-10-03T14:00:00,30.0,30.0,,,49.96,,,,0.0207,0.0207,41.311922,-105.581147,2021,10,3,14
West,Knight Hall,2021-10-03T15:00:00,40.0,30.0,,,55.63,,,,0.0276,0.0207,41.311922,-105.581147,2021,10,3,15
West,Knight Hall,2021-10-03T16:00:00,40.0,20.0,,,54.48,,,,0.0276,0.0138,41.311922,-105.581147,2021,10,3,16
West,Knight Hall,2021-10-03T17:00:00,30.0,30.0,,,58.09,,,,0.0207,0.0207,41.311922,-105.581147,2021,10,3,17
West,Knight Hall,2021-10-03T18:00:00,30.0,20.0,,,49.72,,,,0.0207,0.0138,41.311922,-105.581147,2021,10,3,18
West,Knight Hall,2021-10-03T19:00:00,30.0,30.0,,,49.68,,,,0.0207,0.0207,41.311922,-105.581147,2021,10,3,19
West,Knight Hall,2021-10-03T20:00:00,20.0,20.0,,,49.38,,,,0.0138,0.0138,41.311922,-105.581147,2021,10,3,20
West,Knight Hall,2021-10-03T21:00:00,30.0,30.0,,,50.690000000000005,,,,0.0207,0.0207,41.311922,-105.581147,2021,10,3,21
West,Knight Hall,2021-10-03T22:00:00,20.0,20.0,,,49.14,,,,0.0138,0.0138,41.311922,-105.581147,2021,10,3,22
West,Knight Hall,2021-10-03T23:00:00,40.0,30.0,,,49.78,,,,0.0276,0.0207,41.311922,-105.581147,2021,10,3,23
West,Knight Hall,2021-10-04T00:00:00,20.0,30.0,,,50.28,,,,0.0138,0.0207,41.311922,-105.581147,2021,10,4,0
West,Knight Hall,2021-10-04T01:00:00,30.0,30.0,,,49.44,,,,0.0207,0.0207,41.311922,-105.581147,2021,10,4,1
West,Knight Hall,2021-10-04T02:00:00,20.0,20.0,,,49.53,,,,0.0138,0.0138,41.311922,-105.581147,2021,10,4,2
West,Knight Hall,2021-10-04T03:00:00,30.0,30.0,,,50.22,,,,0.0207,0.0207,41.311922,-105.581147,2021,10,4,3
West,Knight Hall,2021-10-04T04:00:00,30.0,30.0,,,48.32,,,,0.0207,0.0207,41.311922,-105.581147,2021,10,4,4
West,Knight Hall,2021-10-04T05:00:00,30.0,20.0,,,58.67,,,,0.0207,0.0138,41.311922,-105.581147,2021,10,4,5
West,Knight Hall,2021-10-04T06:00:00,30.0,30.0,,,53.08,,,,0.0207,0.0207,41.311922,-105.581147,2021,10,4,6
West,Knight Hall,2021-10-04T07:00:00,50.0,30.0,,,82.12,,,,0.034499999999999996,0.0207,41.311922,-105.581147,2021,10,4,7
West,Knight Hall,2021-10-04T08:00:00,60.0,30.0,,,128.29,,,,0.0414,0.0207,41.311922,-105.581147,2021,10,4,8
West,Knight Hall,2021-10-04T09:00:00,80.0,30.0,,,206.53,,,,0.0552,0.0207,41.311922,-105.581147,2021,10,4,9
West,Knight Hall,2021-10-04T10:00:00,70.0,20.0,,,201.62,,,,0.048299999999999996,0.0138,41.311922,-105.581147,2021,10,4,10
West,Knight Hall,2021-10-04T11:00:00,80.0,30.0,,,174.57999999999998,,,,0.0552,0.0207,41.311922,-105.581147,2021,10,4,11
West,Knight Hall,2021-10-04T12:00:00,60.0,30.0,,,169.79000000000002,,,,0.0414,0.0207,41.311922,-105.581147,2021,10,4,12
West,Knight Hall,2021-10-04T13:00:00,80.0,30.0,,,,,,,0.0552,0.0207,41.311922,-105.581147,2021,10,4,13
West,Knight Hall,2021-10-04T14:00:00,70.0,30.0,,,,,,,0.048299999999999996,0.0207,41.311922,-105.581147,2021,10,4,14
West,Knight Hall,2021-10-04T15:00:00,80.0,30.0,,,,,,,0.0552,0.0207,41.311922,-105.581147,2021,10,4,15
West,Knight Hall,2021-10-04T16:00:00,60.0,30.0,,,153.92,,,,0.0414,0.0207,41.311922,-105.581147,2021,10,4,16
West,Knight Hall,2021-10-04T17:00:00,50.0,20.0,,,125.31,,,,0.034499999999999996,0.0138,41.311922,-105.581147,2021,10,4,17
West,Knight Hall,2021-10-04T18:00:00,40.0,30.0,,,103.19,,,,0.0276,0.0207,41.311922,-105.581147,2021,10,4,18
West,Knight Hall,2021-10-04T19:00:00,40.0,20.0,,,58.95,,,,0.0276,0.0138,41.311922,-105.581147,2021,10,4,19
West,Knight Hall,2021-10-04T20:00:00,30.0,30.0,,,67.36,,,,0.0207,0.0207,41.311922,-105.581147,2021,10,4,20
West,Knight Hall,2021-10-04T21:00:00,30.0,20.0,,,72.19,,,,0.0207,0.0138,41.311922,-105.581147,2021,10,4,21
West,Knight Hall,2021-10-04T22:00:00,40.0,30.0,,,66.88,,,,0.0276,0.0207,41.311922,-105.581147,2021,10,4,22
West,Knight Hall,2021-10-04T23:00:00,30.0,20.0,,,62.91,,,,0.0207,0.0138,41.311922,-105.581147,2021,10,4,23
West,Knight Hall,2021-10-05T00:00:00,20.0,30.0,,,54.29,,,,0.0138,0.0207,41.311922,-105.581147,2021,10,5,0
West,Knight Hall,2021-10-05T01:00:00,30.0,30.0,,,56.64,,,,0.0207,0.0207,41.311922,-105.581147,2021,10,5,1
West,Knight Hall,2021-10-05T02:00:00,20.0,20.0,,,55.0,,,,0.0138,0.0138,41.311922,-105.581147,2021,10,5,2
West,Knight Hall,2021-10-05T03:00:00,40.0,30.0,,,56.01,,,,0.0276,0.0207,41.311922,-105.581147,2021,10,5,3
West,Knight Hall,2021-10-05T04:00:00,20.0,30.0,,,54.48,,,,0.0138,0.0207,41.311922,-105.581147,2021,10,5,4
West,Knight Hall,2021-10-05T05:00:00,40.0,30.0,,,59.74,,,,0.0276,0.0207,41.311922,-105.581147,2021,10,5,5
West,Knight Hall,2021-10-05T06:00:00,30.0,30.0,,,59.01,,,,0.0207,0.0207,41.311922,-105.581147,2021,10,5,6
West,Knight Hall,2021-10-05T07:00:00,50.0,40.0,,,96.08,,,,0.034499999999999996,0.0276,41.311922,-105.581147,2021,10,5,7
West,Knight Hall,2021-10-05T08:00:00,60.0,60.0,,,149.92999999999998,,,,0.0414,0.0414,41.311922,-105.581147,2021,10,5,8
West,Knight Hall,2021-10-05T09:00:00,80.0,60.0,,,204.96,,,,0.0552,0.0414,41.311922,-105.581147,2021,10,5,9
West,Knight Hall,2021-10-05T10:00:00,70.0,70.0,,,160.15,,,,0.048299999999999996,0.048299999999999996,41.311922,-105.581147,2021,10,5,10
West,Knight Hall,2021-10-05T11:00:00,80.0,70.0,,,189.09000000000003,,,,0.0552,0.048299999999999996,41.311922,-105.581147,2021,10,5,11
West,Knight Hall,2021-10-05T12:00:00,60.0,60.0,,,150.49,,,,0.0414,0.0414,41.311922,-105.581147,2021,10,5,12
West,Knight Hall,2021-10-05T13:00:00,80.0,70.0,,,136.41,,,,0.0552,0.048299999999999996,41.311922,-105.581147,2021,10,5,13
West,Knight Hall,2021-10-05T14:00:00,60.0,70.0,,,,,,,0.0414,0.048299999999999996,41.311922,-105.581147,2021,10,5,14
West,Knight Hall,2021-10-05T15:00:00,,60.0,,,181.18,,,,,0.0414,41.311922,-105.581147,2021,10,5,15
West,Knight Hall,2021-10-05T16:00:00,60.0,70.0,,,133.27,,,,0.0414,0.048299999999999996,41.311922,-105.581147,2021,10,5,16
West,Knight Hall,2021-10-05T17:00:00,60.0,40.0,,,115.52,,,,0.0414,0.0276,41.311922,-105.581147,2021,10,5,17
West,Knight Hall,2021-10-05T18:00:00,30.0,40.0,,,87.99,,,,0.0207,0.0276,41.311922,-105.581147,2021,10,5,18
West,Knight Hall,2021-10-05T19:00:00,40.0,30.0,,,58.17,,,,0.0276,0.0207,41.311922,-105.581147,2021,10,5,19
West,Knight Hall,2021-10-05T20:00:00,30.0,30.0,,,81.03,,,,0.0207,0.0207,41.311922,-105.581147,2021,10,5,20
West,Knight Hall,2021-10-05T21:00:00,40.0,30.0,,,65.46,,,,0.0276,0.0207,41.311922,-105.581147,2021,10,5,21
West,Knight Hall,2021-10-05T22:00:00,20.0,30.0,,,77.49,,,,0.0138,0.0207,41.311922,-105.581147,2021,10,5,22
West,Knight Hall,2021-10-05T23:00:00,30.0,30.0,,,57.52,,,,0.0207,0.0207,41.311922,-105.581147,2021,10,5,23
West,Knight Hall,2021-10-06T00:00:00,20.0,30.0,,,55.56,,,,0.0138,0.0207,41.311922,-105.581147,2021,10,6,0
West,Knight Hall,2021-10-06T01:00:00,30.0,20.0,,,55.82,,,,0.0207,0.0138,41.311922,-105.581147,2021,10,6,1
West,Knight Hall,2021-10-06T02:00:00,20.0,30.0,,,55.84,,,,0.0138,0.0207,41.311922,-105.581147,2021,10,6,2
West,Knight Hall,2021-10-06T03:00:00,40.0,30.0,,,55.32,,,,0.0276,0.0207,41.311922,-105.581147,2021,10,6,3
West,Knight Hall,2021-10-06T04:00:00,20.0,30.0,,,55.39,,,,0.0138,0.0207,41.311922,-105.581147,2021,10,6,4
West,Knight Hall,2021-10-06T05:00:00,40.0,30.0,,,65.2,,,,0.0276,0.0207,41.311922,-105.581147,2021,10,6,5
West,Knight Hall,2021-10-06T06:00:00,30.0,30.0,,,73.78,,,,0.0207,0.0207,41.311922,-105.581147,2021,10,6,6
West,Knight Hall,2021-10-06T07:00:00,60.0,40.0,,,87.64999999999999,,,,0.0414,0.0276,41.311922,-105.581147,2021,10,6,7
West,Knight Hall,2021-10-06T08:00:00,60.0,60.0,,,130.62,,,,0.0414,0.0414,41.311922,-105.581147,2021,10,6,8
West,Knight Hall,2021-10-06T09:00:00,80.0,70.0,,,190.06000000000003,,,,0.0552,0.048299999999999996,41.311922,-105.581147,2021,10,6,9
West,Knight Hall,2021-10-06T10:00:00,60.0,60.0,,,212.5,,,,0.0414,0.0414,41.311922,-105.581147,2021,10,6,10
West,Knight Hall,2021-10-06T11:00:00,,70.0,,,171.86,,,,,0.048299999999999996,41.311922,-105.581147,2021,10,6,11
West,Knight Hall,2021-10-06T12:00:00,60.0,70.0,,,167.53,,,,0.0414,0.048299999999999996,41.311922,-105.581147,2021,10,6,12
West,Knight Hall,2021-10-06T13:00:00,,70.0,,,,,,,,0.048299999999999996,41.311922,-105.581147,2021,10,6,13
West,Knight Hall,2021-10-06T14:00:00,70.0,60.0,,,,,,,0.048299999999999996,0.0414,41.311922,-105.581147,2021,10,6,14
West,Knight Hall,2021-10-06T15:00:00,80.0,70.0,,,,,,,0.0552,0.048299999999999996,41.311922,-105.581147,2021,10,6,15
West,Knight Hall,2021-10-06T16:00:00,60.0,60.0,,,183.33,,,,0.0414,0.0414,41.311922,-105.581147,2021,10,6,16
West,Knight Hall,2021-10-06T17:00:00,60.0,50.0,,,110.24,,,,0.0414,0.034499999999999996,41.311922,-105.581147,2021,10,6,17
West,Knight Hall,2021-10-06T18:00:00,40.0,40.0,,,95.66,,,,0.0276,0.0276,41.311922,-105.581147,2021,10,6,18
West,Knight Hall,2021-10-06T19:00:00,50.0,40.0,,,51.06,,,,0.034499999999999996,0.0276,41.311922,-105.581147,2021,10,6,19
West,Knight Hall,2021-10-06T20:00:00,20.0,30.0,,,79.86,,,,0.0138,0.0207,41.311922,-105.581147,2021,10,6,20
West,Knight Hall,2021-10-06T21:00:00,50.0,20.0,,,54.51,,,,0.034499999999999996,0.0138,41.311922,-105.581147,2021,10,6,21
West,Knight Hall,2021-10-06T22:00:00,20.0,30.0,,,57.870000000000005,,,,0.0138,0.0207,41.311922,-105.581147,2021,10,6,22
West,Knight Hall,2021-10-06T23:00:00,40.0,30.0,,,49.93000000000001,,,,0.0276,0.0207,41.311922,-105.581147,2021,10,6,23
West,Knight Hall,2021-10-07T00:00:00,20.0,30.0,,,50.620000000000005,,,,0.0138,0.0207,41.311922,-105.581147,2021,10,7,0
West,Knight Hall,2021-10-07T01:00:00,20.0,30.0,,,50.370000000000005,,,,0.0138,0.0207,41.311922,-105.581147,2021,10,7,1
West,Knight Hall,2021-10-07T02:00:00,30.0,20.0,,,49.78,,,,0.0207,0.0138,41.311922,-105.581147,2021,10,7,2
West,Knight Hall,2021-10-07T03:00:00,30.0,30.0,,,49.85,,,,0.0207,0.0207,41.311922,-105.581147,2021,10,7,3
West,Knight Hall,2021-10-07T04:00:00,30.0,30.0,,,49.48,,,,0.0207,0.0207,41.311922,-105.581147,2021,10,7,4
West,Knight Hall,2021-10-07T05:00:00,30.0,30.0,,,49.870000000000005,,,,0.0207,0.0207,41.311922,-105.581147,2021,10,7,5
West,Knight Hall,2021-10-07T06:00:00,40.0,30.0,,,57.91,,,,0.0276,0.0207,41.311922,-105.581147,2021,10,7,6
West,Knight Hall,2021-10-07T07:00:00,50.0,40.0,,,109.75,,,,0.034499999999999996,0.0276,41.311922,-105.581147,2021,10,7,7
West,Knight Hall,2021-10-07T08:00:00,60.0,70.0,,,125.22,,,,0.0414,0.048299999999999996,41.311922,-105.581147,2021,10,7,8
West,Knight Hall,2021-10-07T09:00:00,80.0,70.0,,,197.0,,,,0.0552,0.048299999999999996,41.311922,-105.581147,2021,10,7,9
West,Knight Hall,2021-10-07T10:00:00,60.0,80.0,,,164.98000000000002,,,,0.0414,0.0552,41.311922,-105.581147,2021,10,7,10
West,Knight Hall,2021-10-07T11:00:00,,70.0,,,174.61999999999998,,,,,0.048299999999999996,41.311922,-105.581147,2021,10,7,11
West,Knight Hall,2021-10-07T12:00:00,60.0,70.0,,,196.64,,,,0.0414,0.048299999999999996,41.311922,-105.581147,2021,10,7,12
West,Knight Hall,2021-10-07T13:00:00,80.0,70.0,,,153.56,,,,0.0552,0.048299999999999996,41.311922,-105.581147,2021,10,7,13
West,Knight Hall,2021-10-07T14:00:00,60.0,70.0,,,148.3,,,,0.0414,0.048299999999999996,41.311922,-105.581147,2021,10,7,14
West,Knight Hall,2021-10-07T15:00:00,,60.0,,,153.48999999999998,,,,,0.0414,41.311922,-105.581147,2021,10,7,15
West,Knight Hall,2021-10-07T16:00:00,60.0,70.0,,,126.84,,,,0.0414,0.048299999999999996,41.311922,-105.581147,2021,10,7,16
West,Knight Hall,2021-10-07T17:00:00,50.0,50.0,,,,,,,0.034499999999999996,0.034499999999999996,41.311922,-105.581147,2021,10,7,17
West,Knight Hall,2021-10-07T18:00:00,40.0,40.0,,,113.0,,,,0.0276,0.0276,41.311922,-105.581147,2021,10,7,18
West,Knight Hall,2021-10-07T19:00:00,40.0,30.0,,,59.29,,,,0.0276,0.0207,41.311922,-105.581147,2021,10,7,19
West,Knight Hall,2021-10-07T20:00:00,30.0,30.0,,,63.84,,,,0.0207,0.0207,41.311922,-105.581147,2021,10,7,20
West,Knight Hall,2021-10-07T21:00:00,40.0,30.0,,,69.47000000000001,,,,0.0276,0.0207,41.311922,-105.581147,2021,10,7,21
West,Knight Hall,2021-10-07T22:00:00,20.0,30.0,,,61.45,,,,0.0138,0.0207,41.311922,-105.581147,2021,10,7,22
West,Knight Hall,2021-10-07T23:00:00,30.0,30.0,,,60.370000000000005,,,,0.0207,0.0207,41.311922,-105.581147,2021,10,7,23
West,Knight Hall,2021-10-08T00:00:00,20.0,20.0,,,48.3,,,,0.0138,0.0138,41.311922,-105.581147,2021,10,8,0
West,Knight Hall,2021-10-08T01:00:00,30.0,30.0,,,48.23,,,,0.0207,0.0207,41.311922,-105.581147,2021,10,8,1
West,Knight Hall,2021-10-08T02:00:00,30.0,30.0,,,48.42,,,,0.0207,0.0207,41.311922,-105.581147,2021,10,8,2
West,Knight Hall,2021-10-08T03:00:00,20.0,20.0,,,49.42,,,,0.0138,0.0138,41.311922,-105.581147,2021,10,8,3
West,Knight Hall,2021-10-08T04:00:00,30.0,30.0,,,49.16,,,,0.0207,0.0207,41.311922,-105.581147,2021,10,8,4
West,Knight Hall,2021-10-08T05:00:00,40.0,30.0,,,49.89,,,,0.0276,0.0207,41.311922,-105.581147,2021,10,8,5
West,Knight Hall,2021-10-08T06:00:00,20.0,40.0,,,40.41,,,,0.0138,0.0276,41.311922,-105.581147,2021,10,8,6
West,Knight Hall,2021-10-08T07:00:00,50.0,40.0,,,66.39,,,,0.034499999999999996,0.0276,41.311922,-105.581147,2021,10,8,7
West,Knight Hall,2021-10-08T08:00:00,60.0,70.0,,,165.03,,,,0.0414,0.048299999999999996,41.311922,-105.581147,2021,10,8,8
West,Knight Hall,2021-10-08T09:00:00,80.0,60.0,,,143.14,,,,0.0552,0.0414,41.311922,-105.581147,2021,10,8,9
West,Knight Hall,2021-10-08T10:00:00,60.0,70.0,,,129.15,,,,0.0414,0.048299999999999996,41.311922,-105.581147,2021,10,8,10
West,Knight Hall,2021-10-08T11:00:00,70.0,70.0,,,117.12,,,,0.048299999999999996,0.048299999999999996,41.311922,-105.581147,2021,10,8,11
West,Knight Hall,2021-10-08T12:00:00,70.0,70.0,,,91.33,,,,0.048299999999999996,0.048299999999999996,41.311922,-105.581147,2021,10,8,12
West,Knight Hall,2021-10-08T13:00:00,60.0,70.0,,,95.13,,,,0.0414,0.048299999999999996,41.311922,-105.581147,2021,10,8,13
West,Knight Hall,2021-10-08T14:00:00,70.0,70.0,,,,,,,0.048299999999999996,0.048299999999999996,41.311922,-105.581147,2021,10,8,14
West,Knight Hall,2021-10-08T15:00:00,70.0,60.0,,,,,,,0.048299999999999996,0.0414,41.311922,-105.581147,2021,10,8,15
West,Knight Hall,2021-10-08T16:00:00,60.0,70.0,,,171.37,,,,0.0414,0.048299999999999996,41.311922,-105.581147,2021,10,8,16
West,Knight Hall,2021-10-08T17:00:00,60.0,50.0,,,114.36,,,,0.0414,0.034499999999999996,41.311922,-105.581147,2021,10,8,17
West,Knight Hall,2021-10-08T18:00:00,20.0,40.0,,,77.81,,,,0.0138,0.0276,41.311922,-105.581147,2021,10,8,18
West,Knight Hall,2021-10-08T19:00:00,40.0,40.0,,,74.54,,,,0.0276,0.0276,41.311922,-105.581147,2021,10,8,19
West,Knight Hall,2021-10-08T20:00:00,30.0,30.0,,,88.68,,,,0.0207,0.0207,41.311922,-105.581147,2021,10,8,20
West,Knight Hall,2021-10-08T21:00:00,30.0,30.0,,,57.59,,,,0.0207,0.0207,41.311922,-105.581147,2021,10,8,21
West,Knight Hall,2021-10-08T22:00:00,30.0,30.0,,,61.58,,,,0.0207,0.0207,41.311922,-105.581147,2021,10,8,22
West,Knight Hall,2021-10-08T23:00:00,30.0,30.0,,,60.870000000000005,,,,0.0207,0.0207,41.311922,-105.581147,2021,10,8,23
West,Knight Hall,2021-10-09T00:00:00,20.0,20.0,,,56.4,,,,0.0138,0.0138,41.311922,-105.581147,2021,10,9,0
West,Knight Hall,2021-10-09T01:00:00,30.0,30.0,,,57.24,,,,0.0207,0.0207,41.311922,-105.581147,2021,10,9,1
West,Knight Hall,2021-10-09T02:00:00,20.0,30.0,,,56.55,,,,0.0138,0.0207,41.311922,-105.581147,2021,10,9,2
West,Knight Hall,2021-10-09T03:00:00,40.0,20.0,,,57.44,,,,0.0276,0.0138,41.311922,-105.581147,2021,10,9,3
West,Knight Hall,2021-10-09T04:00:00,20.0,30.0,,,56.38,,,,0.0138,0.0207,41.311922,-105.581147,2021,10,9,4
West,Knight Hall,2021-10-09T05:00:00,30.0,30.0,,,56.36,,,,0.0207,0.0207,41.311922,-105.581147,2021,10,9,5
West,Knight Hall,2021-10-09T06:00:00,20.0,40.0,,,57.72,,,,0.0138,0.0276,41.311922,-105.581147,2021,10,9,6
West,Knight Hall,2021-10-09T07:00:00,30.0,40.0,,,56.71,,,,0.0207,0.0276,41.311922,-105.581147,2021,10,9,7
West,Knight Hall,2021-10-09T08:00:00,30.0,60.0,,,58.260000000000005,,,,0.0207,0.0414,41.311922,-105.581147,2021,10,9,8
West,Knight Hall,2021-10-09T09:00:00,30.0,70.0,,,63.78,,,,0.0207,0.048299999999999996,41.311922,-105.581147,2021,10,9,9
West,Knight Hall,2021-10-09T10:00:00,30.0,70.0,,,65.18,,,,0.0207,0.048299999999999996,41.311922,-105.581147,2021,10,9,10
West,Knight Hall,2021-10-09T11:00:00,40.0,70.0,,,63.15,,,,0.0276,0.048299999999999996,41.311922,-105.581147,2021,10,9,11
West,Knight Hall,2021-10-09T12:00:00,20.0,60.0,,,60.87,,,,0.0138,0.0414,41.311922,-105.581147,2021,10,9,12
West,Knight Hall,2021-10-09T13:00:00,30.0,70.0,,,56.6,,,,0.0207,0.048299999999999996,41.311922,-105.581147,2021,10,9,13
West,Knight Hall,2021-10-09T14:00:00,30.0,70.0,,,55.32,,,,0.0207,0.048299999999999996,41.311922,-105.581147,2021,10,9,14
West,Knight Hall,2021-10-09T15:00:00,20.0,60.0,,,56.73,,,,0.0138,0.0414,41.311922,-105.581147,2021,10,9,15
West,Knight Hall,2021-10-09T16:00:00,30.0,60.0,,,56.510000000000005,,,,0.0207,0.0414,41.311922,-105.581147,2021,10,9,16
West,Knight Hall,2021-10-09T17:00:00,30.0,40.0,,,55.71,,,,0.0207,0.0276,41.311922,-105.581147,2021,10,9,17
West,Knight Hall,2021-10-09T18:00:00,20.0,40.0,,,57.35000000000001,,,,0.0138,0.0276,41.311922,-105.581147,2021,10,9,18
West,Knight Hall,2021-10-09T19:00:00,30.0,30.0,,,58.56,,,,0.0207,0.0207,41.311922,-105.581147,2021,10,9,19
West,Knight Hall,2021-10-09T20:00:00,30.0,30.0,,,56.23,,,,0.0207,0.0207,41.311922,-105.581147,2021,10,9,20
West,Knight Hall,2021-10-09T21:00:00,20.0,30.0,,,58.91,,,,0.0138,0.0207,41.311922,-105.581147,2021,10,9,21
West,Knight Hall,2021-10-09T22:00:00,30.0,30.0,,,56.29,,,,0.0207,0.0207,41.311922,-105.581147,2021,10,9,22
West,Knight Hall,2021-10-09T23:00:00,30.0,30.0,,,58.45,,,,0.0207,0.0207,41.311922,-105.581147,2021,10,9,23
West,Knight Hall,2021-10-10T00:00:00,20.0,20.0,,,60.15,,,,0.0138,0.0138,41.311922,-105.581147,2021,10,10,0
West,Knight Hall,2021-10-10T01:00:00,30.0,30.0,,,56.99,,,,0.0207,0.0207,41.311922,-105.581147,2021,10,10,1
West,Knight Hall,2021-10-10T02:00:00,30.0,30.0,,,57.72,,,,0.0207,0.0207,41.311922,-105.581147,2021,10,10,2
West,Knight Hall,2021-10-10T03:00:00,30.0,20.0,,,55.76,,,,0.0207,0.0138,41.311922,-105.581147,2021,10,10,3
West,Knight Hall,2021-10-10T04:00:00,20.0,30.0,,,58.77,,,,0.0138,0.0207,41.311922,-105.581147,2021,10,10,4
West,Knight Hall,2021-10-10T05:00:00,30.0,20.0,,,55.95,,,,0.0207,0.0138,41.311922,-105.581147,2021,10,10,5
West,Knight Hall,2021-10-10T06:00:00,30.0,30.0,,,58.3,,,,0.0207,0.0207,41.311922,-105.581147,2021,10,10,6
West,Knight Hall,2021-10-10T07:00:00,20.0,30.0,,,58.78,,,,0.0138,0.0207,41.311922,-105.581147,2021,10,10,7
West,Knight Hall,2021-10-10T08:00:00,30.0,30.0,,,58.15,,,,0.0207,0.0207,41.311922,-105.581147,2021,10,10,8
West,Knight Hall,2021-10-10T09:00:00,30.0,30.0,,,63.39,,,,0.0207,0.0207,41.311922,-105.581147,2021,10,10,9
West,Knight Hall,2021-10-10T10:00:00,30.0,30.0,,,56.74999999999999,,,,0.0207,0.0207,41.311922,-105.581147,2021,10,10,10
West,Knight Hall,2021-10-10T11:00:00,30.0,30.0,,,58.06,,,,0.0207,0.0207,41.311922,-105.581147,2021,10,10,11
West,Knight Hall,2021-10-10T12:00:00,30.0,40.0,,,56.81,,,,0.0207,0.0276,41.311922,-105.581147,2021,10,10,12
West,Knight Hall,2021-10-10T13:00:00,30.0,30.0,,,59.17999999999999,,,,0.0207,0.0207,41.311922,-105.581147,2021,10,10,13
West,Knight Hall,2021-10-10T14:00:00,30.0,30.0,,,57.11,,,,0.0207,0.0207,41.311922,-105.581147,2021,10,10,14
West,Knight Hall,2021-10-10T15:00:00,30.0,30.0,,,54.94,,,,0.0207,0.0207,41.311922,-105.581147,2021,10,10,15
West,Knight Hall,2021-10-10T16:00:00,20.0,20.0,,,56.49,,,,0.0138,0.0138,41.311922,-105.581147,2021,10,10,16
West,Knight Hall,2021-10-10T17:00:00,30.0,30.0,,,61.34,,,,0.0207,0.0207,41.311922,-105.581147,2021,10,10,17
West,Knight Hall,2021-10-10T18:00:00,30.0,30.0,,,56.43,,,,0.0207,0.0207,41.311922,-105.581147,2021,10,10,18
West,Knight Hall,2021-10-10T19:00:00,20.0,30.0,,,55.8,,,,0.0138,0.0207,41.311922,-105.581147,2021,10,10,19
West,Knight Hall,2021-10-10T20:00:00,30.0,20.0,,,59.29,,,,0.0207,0.0138,41.311922,-105.581147,2021,10,10,20
West,Knight Hall,2021-10-10T21:00:00,30.0,30.0,,,53.56,,,,0.0207,0.0207,41.311922,-105.581147,2021,10,10,21
West,Knight Hall,2021-10-10T22:00:00,30.0,20.0,,,57.24,,,,0.0207,0.0138,41.311922,-105.581147,2021,10,10,22
West,Knight Hall,2021-10-10T23:00:00,30.0,30.0,,,56.7,,,,0.0207,0.0207,41.311922,-105.581147,2021,10,10,23
West,Knight Hall,2021-10-11T00:00:00,20.0,30.0,,,56.81,,,,0.0138,0.0207,41.311922,-105.581147,2021,10,11,0
West,Knight Hall,2021-10-11T01:00:00,30.0,20.0,,,56.57,,,,0.0207,0.0138,41.311922,-105.581147,2021,10,11,1
West,Knight Hall,2021-10-11T02:00:00,20.0,30.0,,,57.220000000000006,,,,0.0138,0.0207,41.311922,-105.581147,2021,10,11,2
West,Knight Hall,2021-10-11T03:00:00,30.0,30.0,,,56.86,,,,0.0207,0.0207,41.311922,-105.581147,2021,10,11,3
West,Knight Hall,2021-10-11T04:00:00,30.0,20.0,,,53.74999999999999,,,,0.0207,0.0138,41.311922,-105.581147,2021,10,11,4
West,Knight Hall,2021-10-11T05:00:00,30.0,30.0,,,58.43,,,,0.0207,0.0207,41.311922,-105.581147,2021,10,11,5
West,Knight Hall,2021-10-11T06:00:00,30.0,20.0,,,57.68,,,,0.0207,0.0138,41.311922,-105.581147,2021,10,11,6
West,Knight Hall,2021-10-11T07:00:00,50.0,30.0,,,78.42,,,,0.034499999999999996,0.0207,41.311922,-105.581147,2021,10,11,7
West,Knight Hall,2021-10-11T08:00:00,60.0,30.0,,,147.09,,,,0.0414,0.0207,41.311922,-105.581147,2021,10,11,8
West,Knight Hall,2021-10-11T09:00:00,70.0,20.0,,,205.97000000000003,,,,0.048299999999999996,0.0138,41.311922,-105.581147,2021,10,11,9
West,Knight Hall,2021-10-11T10:00:00,70.0,30.0,,,171.21999999999997,,,,0.048299999999999996,0.0207,41.311922,-105.581147,2021,10,11,10
West,Knight Hall,2021-10-11T11:00:00,70.0,30.0,,,,,,,0.048299999999999996,0.0207,41.311922,-105.581147,2021,10,11,11
West,Knight Hall,2021-10-11T12:00:00,70.0,30.0,,,177.47,,,,0.048299999999999996,0.0207,41.311922,-105.581147,2021,10,11,12
West,Knight Hall,2021-10-11T13:00:00,80.0,30.0,,,120.91,,,,0.0552,0.0207,41.311922,-105.581147,2021,10,11,13
West,Knight Hall,2021-10-11T14:00:00,60.0,30.0,,,134.71,,,,0.0414,0.0207,41.311922,-105.581147,2021,10,11,14
West,Knight Hall,2021-10-11T15:00:00,80.0,30.0,,,136.18,,,,0.0552,0.0207,41.311922,-105.581147,2021,10,11,15
West,Knight Hall,2021-10-11T16:00:00,50.0,30.0,,,124.84,,,,0.034499999999999996,0.0207,41.311922,-105.581147,2021,10,11,16
West,Knight Hall,2021-10-11T17:00:00,50.0,30.0,,,128.89,,,,0.034499999999999996,0.0207,41.311922,-105.581147,2021,10,11,17
West,Knight Hall,2021-10-11T18:00:00,30.0,20.0,,,71.04,,,,0.0207,0.0138,41.311922,-105.581147,2021,10,11,18
West,Knight Hall,2021-10-11T19:00:00,40.0,30.0,,,56.86,,,,0.0276,0.0207,41.311922,-105.581147,2021,10,11,19
West,Knight Hall,2021-10-11T20:00:00,20.0,30.0,,,79.54,,,,0.0138,0.0207,41.311922,-105.581147,2021,10,11,20
West,Knight Hall,2021-10-11T21:00:00,40.0,20.0,,,57.39,,,,0.0276,0.0138,41.311922,-105.581147,2021,10,11,21
West,Knight Hall,2021-10-11T22:00:00,30.0,30.0,,,65.11,,,,0.0207,0.0207,41.311922,-105.581147,2021,10,11,22
West,Knight Hall,2021-10-11T23:00:00,30.0,30.0,,,61.49,,,,0.0207,0.0207,41.311922,-105.581147,2021,10,11,23
West,Knight Hall,2021-10-12T00:00:00,20.0,30.0,,,50.04,,,,0.0138,0.0207,41.311922,-105.581147,2021,10,12,0
West,Knight Hall,2021-10-12T01:00:00,30.0,20.0,,,52.35000000000001,,,,0.0207,0.0138,41.311922,-105.581147,2021,10,12,1
West,Knight Hall,2021-10-12T02:00:00,30.0,30.0,,,51.59,,,,0.0207,0.0207,41.311922,-105.581147,2021,10,12,2
West,Knight Hall,2021-10-12T03:00:00,30.0,30.0,,,51.92,,,,0.0207,0.0207,41.311922,-105.581147,2021,10,12,3
West,Knight Hall,2021-10-12T04:00:00,20.0,30.0,,,52.35000000000001,,,,0.0138,0.0207,41.311922,-105.581147,2021,10,12,4
West,Knight Hall,2021-10-12T05:00:00,40.0,30.0,,,54.33,,,,0.0276,0.0207,41.311922,-105.581147,2021,10,12,5
West,Knight Hall,2021-10-12T06:00:00,20.0,30.0,,,51.94,,,,0.0138,0.0207,41.311922,-105.581147,2021,10,12,6
West,Knight Hall,2021-10-12T07:00:00,60.0,40.0,,,94.98,,,,0.0414,0.0276,41.311922,-105.581147,2021,10,12,7
West,Knight Hall,2021-10-12T08:00:00,60.0,60.0,,,129.14999999999998,,,,0.0414,0.0414,41.311922,-105.581147,2021,10,12,8
West,Knight Hall,2021-10-12T09:00:00,70.0,70.0,,,182.62,,,,0.048299999999999996,0.048299999999999996,41.311922,-105.581147,2021,10,12,9
West,Knight Hall,2021-10-12T10:00:00,80.0,70.0,,,193.59,,,,0.0552,0.048299999999999996,41.311922,-105.581147,2021,10,12,10
West,Knight Hall,2021-10-12T11:00:00,80.0,70.0,,,155.0,,,,0.0552,0.048299999999999996,41.311922,-105.581147,2021,10,12,11
West,Knight Hall,2021-10-12T12:00:00,60.0,60.0,,,183.87,,,,0.0414,0.0414,41.311922,-105.581147,2021,10,12,12
West,Knight Hall,2021-10-12T13:00:00,,60.0,,,164.53,,,,,0.0414,41.311922,-105.581147,2021,10,12,13
West,Knight Hall,2021-10-12T14:00:00,60.0,70.0,,,151.18,,,,0.0414,0.048299999999999996,41.311922,-105.581147,2021,10,12,14
West,Knight Hall,2021-10-12T15:00:00,,60.0,,,125.27,,,,,0.0414,41.311922,-105.581147,2021,10,12,15
West,Knight Hall,2021-10-12T16:00:00,60.0,70.0,,,130.38,,,,0.0414,0.048299999999999996,41.311922,-105.581147,2021,10,12,16
West,Knight Hall,2021-10-12T17:00:00,50.0,40.0,,,97.15,,,,0.034499999999999996,0.0276,41.311922,-105.581147,2021,10,12,17
West,Knight Hall,2021-10-12T18:00:00,40.0,40.0,,,63.73,,,,0.0276,0.0276,41.311922,-105.581147,2021,10,12,18
West,Knight Hall,2021-10-12T19:00:00,40.0,30.0,,,92.58,,,,0.0276,0.0207,41.311922,-105.581147,2021,10,12,19
West,Knight Hall,2021-10-12T20:00:00,30.0,40.0,,,51.620000000000005,,,,0.0207,0.0276,41.311922,-105.581147,2021,10,12,20
West,Knight Hall,2021-10-12T21:00:00,40.0,30.0,,,69.36,,,,0.0276,0.0207,41.311922,-105.581147,2021,10,12,21
West,Knight Hall,2021-10-12T22:00:00,30.0,30.0,,,57.01,,,,0.0207,0.0207,41.311922,-105.581147,2021,10,12,22
West,Knight Hall,2021-10-12T23:00:00,30.0,30.0,,,53.19,,,,0.0207,0.0207,41.311922,-105.581147,2021,10,12,23
West,Knight Hall,2021-10-13T00:00:00,30.0,30.0,,,51.6,,,,0.0207,0.0207,41.311922,-105.581147,2021,10,13,0
West,Knight Hall,2021-10-13T01:00:00,30.0,20.0,,,49.830000000000005,,,,0.0207,0.0138,41.311922,-105.581147,2021,10,13,1
West,Knight Hall,2021-10-13T02:00:00,30.0,30.0,,,50.52,,,,0.0207,0.0207,41.311922,-105.581147,2021,10,13,2
West,Knight Hall,2021-10-13T03:00:00,30.0,30.0,,,50.78,,,,0.0207,0.0207,41.311922,-105.581147,2021,10,13,3
West,Knight Hall,2021-10-13T04:00:00,20.0,20.0,,,50.81999999999999,,,,0.0138,0.0138,41.311922,-105.581147,2021,10,13,4
West,Knight Hall,2021-10-13T05:00:00,30.0,40.0,,,50.67,,,,0.0207,0.0276,41.311922,-105.581147,2021,10,13,5
West,Knight Hall,2021-10-13T06:00:00,40.0,30.0,,,59.49,,,,0.0276,0.0207,41.311922,-105.581147,2021,10,13,6
West,Knight Hall,2021-10-13T07:00:00,50.0,40.0,,,83.64,,,,0.034499999999999996,0.0276,41.311922,-105.581147,2021,10,13,7
West,Knight Hall,2021-10-13T08:00:00,70.0,60.0,,,173.13,,,,0.048299999999999996,0.0414,41.311922,-105.581147,2021,10,13,8
West,Knight Hall,2021-10-13T09:00:00,70.0,70.0,,,210.56,,,,0.048299999999999996,0.048299999999999996,41.311922,-105.581147,2021,10,13,9
West,Knight Hall,2021-10-13T10:00:00,80.0,70.0,,,194.63,,,,0.0552,0.048299999999999996,41.311922,-105.581147,2021,10,13,10
West,Knight Hall,2021-10-13T11:00:00,,60.0,,,175.22000000000003,,,,,0.0414,41.311922,-105.581147,2021,10,13,11
West,Knight Hall,2021-10-13T12:00:00,60.0,70.0,,,158.0,,,,0.0414,0.048299999999999996,41.311922,-105.581147,2021,10,13,12
West,Knight Hall,2021-10-13T13:00:00,80.0,70.0,,,127.04,,,,0.0552,0.048299999999999996,41.311922,-105.581147,2021,10,13,13
West,Knight Hall,2021-10-13T14:00:00,60.0,60.0,,,120.42,,,,0.0414,0.0414,41.311922,-105.581147,2021,10,13,14
West,Knight Hall,2021-10-13T15:00:00,,70.0,,,167.57,,,,,0.048299999999999996,41.311922,-105.581147,2021,10,13,15
West,Knight Hall,2021-10-13T16:00:00,50.0,60.0,,,140.19,,,,0.034499999999999996,0.0414,41.311922,-105.581147,2021,10,13,16
West,Knight Hall,2021-10-13T17:00:00,50.0,40.0,,,81.2,,,,0.034499999999999996,0.0276,41.311922,-105.581147,2021,10,13,17
West,Knight Hall,2021-10-13T18:00:00,40.0,40.0,,,86.48,,,,0.0276,0.0276,41.311922,-105.581147,2021,10,13,18
West,Knight Hall,2021-10-13T19:00:00,40.0,40.0,,,97.76,,,,0.0276,0.0276,41.311922,-105.581147,2021,10,13,19
West,Knight Hall,2021-10-13T20:00:00,30.0,30.0,,,54.29,,,,0.0207,0.0207,41.311922,-105.581147,2021,10,13,20
West,Knight Hall,2021-10-13T21:00:00,40.0,30.0,,,81.13,,,,0.0276,0.0207,41.311922,-105.581147,2021,10,13,21
West,Knight Hall,2021-10-13T22:00:00,20.0,30.0,,,60.49999999999999,,,,0.0138,0.0207,41.311922,-105.581147,2021,10,13,22
West,Knight Hall,2021-10-13T23:00:00,40.0,20.0,,,55.970000000000006,,,,0.0276,0.0138,41.311922,-105.581147,2021,10,13,23
West,Knight Hall,2021-10-14T00:00:00,20.0,30.0,,,56.04,,,,0.0138,0.0207,41.311922,-105.581147,2021,10,14,0
West,Knight Hall,2021-10-14T01:00:00,30.0,20.0,,,58.32,,,,0.0207,0.0138,41.311922,-105.581147,2021,10,14,1
West,Knight Hall,2021-10-14T02:00:00,20.0,30.0,,,55.48,,,,0.0138,0.0207,41.311922,-105.581147,2021,10,14,2
West,Knight Hall,2021-10-14T03:00:00,40.0,20.0,,,56.04,,,,0.0276,0.0138,41.311922,-105.581147,2021,10,14,3
West,Knight Hall,2021-10-14T04:00:00,20.0,30.0,,,55.54,,,,0.0138,0.0207,41.311922,-105.581147,2021,10,14,4
West,Knight Hall,2021-10-14T05:00:00,30.0,30.0,,,55.28,,,,0.0207,0.0207,41.311922,-105.581147,2021,10,14,5
West,Knight Hall,2021-10-14T06:00:00,30.0,30.0,,,56.32,,,,0.0207,0.0207,41.311922,-105.581147,2021,10,14,6
West,Knight Hall,2021-10-14T07:00:00,40.0,40.0,,,94.46,,,,0.0276,0.0276,41.311922,-105.581147,2021,10,14,7
West,Knight Hall,2021-10-14T08:00:00,70.0,60.0,,,123.44,,,,0.048299999999999996,0.0414,41.311922,-105.581147,2021,10,14,8
West,Knight Hall,2021-10-14T09:00:00,,60.0,,,136.74,,,,,0.0414,41.311922,-105.581147,2021,10,14,9
West,Knight Hall,2021-10-14T10:00:00,70.0,70.0,,,204.66,,,,0.048299999999999996,0.048299999999999996,41.311922,-105.581147,2021,10,14,10
West,Knight Hall,2021-10-14T11:00:00,80.0,70.0,,,141.25,,,,0.0552,0.048299999999999996,41.311922,-105.581147,2021,10,14,11
West,Knight Hall,2021-10-14T12:00:00,70.0,60.0,,,149.09000000000003,,,,0.048299999999999996,0.0414,41.311922,-105.581147,2021,10,14,12
West,Knight Hall,2021-10-14T13:00:00,80.0,60.0,,,125.64,,,,0.0552,0.0414,41.311922,-105.581147,2021,10,14,13
West,Knight Hall,2021-10-14T14:00:00,60.0,60.0,,,219.04,,,,0.0414,0.0414,41.311922,-105.581147,2021,10,14,14
West,Knight Hall,2021-10-14T15:00:00,,70.0,,,,,,,,0.048299999999999996,41.311922,-105.581147,2021,10,14,15
West,Knight Hall,2021-10-14T16:00:00,60.0,60.0,,,,,,,0.0414,0.0414,41.311922,-105.581147,2021,10,14,16
West,Knight Hall,2021-10-14T17:00:00,50.0,40.0,,,,,,,0.034499999999999996,0.0276,41.311922,-105.581147,2021,10,14,17
West,Knight Hall,2021-10-14T18:00:00,40.0,40.0,,,,,,,0.0276,0.0276,41.311922,-105.581147,2021,10,14,18
West,Knight Hall,2021-10-14T19:00:00,40.0,40.0,,,84.37,,,,0.0276,0.0276,41.311922,-105.581147,2021,10,14,19
West,Knight Hall,2021-10-14T20:00:00,30.0,30.0,,,66.28,,,,0.0207,0.0207,41.311922,-105.581147,2021,10,14,20
West,Knight Hall,2021-10-14T21:00:00,30.0,30.0,,,62.78,,,,0.0207,0.0207,41.311922,-105.581147,2021,10,14,21
West,Knight Hall,2021-10-14T22:00:00,30.0,30.0,,,62.64,,,,0.0207,0.0207,41.311922,-105.581147,2021,10,14,22
West,Knight Hall,2021-10-14T23:00:00,30.0,30.0,,,64.25,,,,0.0207,0.0207,41.311922,-105.581147,2021,10,14,23
West,Knight Hall,2021-10-15T00:00:00,30.0,20.0,,,56.99,,,,0.0207,0.0138,41.311922,-105.581147,2021,10,15,0
West,Knight Hall,2021-10-15T01:00:00,20.0,30.0,,,56.620000000000005,,,,0.0138,0.0207,41.311922,-105.581147,2021,10,15,1
West,Knight Hall,2021-10-15T02:00:00,30.0,30.0,,,57.29,,,,0.0207,0.0207,41.311922,-105.581147,2021,10,15,2
West,Knight Hall,2021-10-15T03:00:00,30.0,20.0,,,55.73,,,,0.0207,0.0138,41.311922,-105.581147,2021,10,15,3
West,Knight Hall,2021-10-15T04:00:00,30.0,30.0,,,57.72,,,,0.0207,0.0207,41.311922,-105.581147,2021,10,15,4
West,Knight Hall,2021-10-15T05:00:00,30.0,30.0,,,57.44,,,,0.0207,0.0207,41.311922,-105.581147,2021,10,15,5
West,Knight Hall,2021-10-15T06:00:00,30.0,30.0,,,61.94,,,,0.0207,0.0207,41.311922,-105.581147,2021,10,15,6
West,Knight Hall,2021-10-15T07:00:00,50.0,50.0,,,99.98,,,,0.034499999999999996,0.034499999999999996,41.311922,-105.581147,2021,10,15,7
West,Knight Hall,2021-10-15T08:00:00,60.0,60.0,,,106.12,,,,0.0414,0.0414,41.311922,-105.581147,2021,10,15,8
West,Knight Hall,2021-10-15T09:00:00,70.0,70.0,,,,,,,0.048299999999999996,0.048299999999999996,41.311922,-105.581147,2021,10,15,9
West,Knight Hall,2021-10-15T10:00:00,80.0,60.0,,,157.54000000000002,,,,0.0552,0.0414,41.311922,-105.581147,2021,10,15,10
West,Knight Hall,2021-10-15T11:00:00,60.0,70.0,,,160.26,,,,0.0414,0.048299999999999996,41.311922,-105.581147,2021,10,15,11
West,Knight Hall,2021-10-15T12:00:00,70.0,60.0,,,91.16,,,,0.048299999999999996,0.0414,41.311922,-105.581147,2021,10,15,12
West,Knight Hall,2021-10-15T13:00:00,60.0,70.0,,,45.99,,,,0.0414,0.048299999999999996,41.311922,-105.581147,2021,10,15,13
West,Knight Hall,2021-10-15T14:00:00,70.0,70.0,,,89.30000000000001,,,,0.048299999999999996,0.048299999999999996,41.311922,-105.581147,2021,10,15,14
West,Knight Hall,2021-10-15T15:00:00,60.0,60.0,,,74.50999999999999,,,,0.0414,0.0414,41.311922,-105.581147,2021,10,15,15
West,Knight Hall,2021-10-15T16:00:00,60.0,60.0,,,59.59,,,,0.0414,0.0414,41.311922,-105.581147,2021,10,15,16
West,Knight Hall,2021-10-15T17:00:00,40.0,50.0,,,83.08999999999999,,,,0.0276,0.034499999999999996,41.311922,-105.581147,2021,10,15,17
West,Knight Hall,2021-10-15T18:00:00,40.0,40.0,,,18.67,,,,0.0276,0.0276,41.311922,-105.581147,2021,10,15,18
West,Knight Hall,2021-10-15T19:00:00,40.0,40.0,,,26.86,,,,0.0276,0.0276,41.311922,-105.581147,2021,10,15,19
West,Knight Hall,2021-10-15T20:00:00,30.0,40.0,,,31.31,,,,0.0207,0.0276,41.311922,-105.581147,2021,10,15,20
West,Knight Hall,2021-10-15T21:00:00,30.0,30.0,,,20.85,,,,0.0207,0.0207,41.311922,-105.581147,2021,10,15,21
West,Knight Hall,2021-10-15T22:00:00,30.0,30.0,,,18.71,,,,0.0207,0.0207,41.311922,-105.581147,2021,10,15,22
West,Knight Hall,2021-10-15T23:00:00,30.0,30.0,,,5.300000000000001,,,,0.0207,0.0207,41.311922,-105.581147,2021,10,15,23
West,Knight Hall,2021-10-16T00:00:00,20.0,20.0,,,5.69,,,,0.0138,0.0138,41.311922,-105.581147,2021,10,16,0
West,Knight Hall,2021-10-16T01:00:00,30.0,30.0,,,3.6,,,,0.0207,0.0207,41.311922,-105.581147,2021,10,16,1
West,Knight Hall,2021-10-16T02:00:00,20.0,30.0,,,4.44,,,,0.0138,0.0207,41.311922,-105.581147,2021,10,16,2
West,Knight Hall,2021-10-16T03:00:00,30.0,20.0,,,4.83,,,,0.0207,0.0138,41.311922,-105.581147,2021,10,16,3
West,Knight Hall,2021-10-16T04:00:00,30.0,30.0,,,4.48,,,,0.0207,0.0207,41.311922,-105.581147,2021,10,16,4
West,Knight Hall,2021-10-16T05:00:00,20.0,30.0,,,4.63,,,,0.0138,0.0207,41.311922,-105.581147,2021,10,16,5
West,Knight Hall,2021-10-16T06:00:00,30.0,40.0,,,3.47,,,,0.0207,0.0276,41.311922,-105.581147,2021,10,16,6
West,Knight Hall,2021-10-16T07:00:00,30.0,40.0,,,4.210000000000001,,,,0.0207,0.0276,41.311922,-105.581147,2021,10,16,7
West,Knight Hall,2021-10-16T08:00:00,30.0,60.0,,,5.45,,,,0.0207,0.0414,41.311922,-105.581147,2021,10,16,8
West,Knight Hall,2021-10-16T09:00:00,30.0,70.0,,,6.6,,,,0.0207,0.048299999999999996,41.311922,-105.581147,2021,10,16,9
West,Knight Hall,2021-10-16T10:00:00,30.0,60.0,,,7.12,,,,0.0207,0.0414,41.311922,-105.581147,2021,10,16,10
West,Knight Hall,2021-10-16T11:00:00,30.0,70.0,,,9.29,,,,0.0207,0.048299999999999996,41.311922,-105.581147,2021,10,16,11
West,Knight Hall,2021-10-16T12:00:00,30.0,60.0,,,3.36,,,,0.0207,0.0414,41.311922,-105.581147,2021,10,16,12
West,Knight Hall,2021-10-16T13:00:00,30.0,60.0,,,3.71,,,,0.0207,0.0414,41.311922,-105.581147,2021,10,16,13
West,Knight Hall,2021-10-16T14:00:00,30.0,70.0,,,2.26,,,,0.0207,0.048299999999999996,41.311922,-105.581147,2021,10,16,14
West,Knight Hall,2021-10-16T15:00:00,30.0,60.0,,,4.48,,,,0.0207,0.0414,41.311922,-105.581147,2021,10,16,15
West,Knight Hall,2021-10-16T16:00:00,30.0,60.0,,,11.9,,,,0.0207,0.0414,41.311922,-105.581147,2021,10,16,16
West,Knight Hall,2021-10-16T17:00:00,30.0,40.0,,,1.98,,,,0.0207,0.0276,41.311922,-105.581147,2021,10,16,17
West,Knight Hall,2021-10-16T18:00:00,20.0,40.0,,,4.49,,,,0.0138,0.0276,41.311922,-105.581147,2021,10,16,18
West,Knight Hall,2021-10-16T19:00:00,30.0,30.0,,,3.1500000000000004,,,,0.0207,0.0207,41.311922,-105.581147,2021,10,16,19
West,Knight Hall,2021-10-16T20:00:00,30.0,30.0,,,1.9,,,,0.0207,0.0207,41.311922,-105.581147,2021,10,16,20
West,Knight Hall,2021-10-16T21:00:00,30.0,30.0,,,3.0,,,,0.0207,0.0207,41.311922,-105.581147,2021,10,16,21
West,Knight Hall,2021-10-16T22:00:00,20.0,30.0,,,1.86,,,,0.0138,0.0207,41.311922,-105.581147,2021,10,16,22
West,Knight Hall,2021-10-16T23:00:00,30.0,30.0,,,4.48,,,,0.0207,0.0207,41.311922,-105.581147,2021,10,16,23
West,Knight Hall,2021-10-17T00:00:00,20.0,20.0,,,1.6,,,,0.0138,0.0138,41.311922,-105.581147,2021,10,17,0
West,Knight Hall,2021-10-17T01:00:00,30.0,30.0,,,2.8200000000000003,,,,0.0207,0.0207,41.311922,-105.581147,2021,10,17,1
West,Knight Hall,2021-10-17T02:00:00,30.0,30.0,,,1.83,,,,0.0207,0.0207,41.311922,-105.581147,2021,10,17,2
West,Knight Hall,2021-10-17T03:00:00,30.0,20.0,,,2.87,,,,0.0207,0.0138,41.311922,-105.581147,2021,10,17,3
West,Knight Hall,2021-10-17T04:00:00,20.0,30.0,,,3.64,,,,0.0138,0.0207,41.311922,-105.581147,2021,10,17,4
West,Knight Hall,2021-10-17T05:00:00,30.0,30.0,,,2.54,,,,0.0207,0.0207,41.311922,-105.581147,2021,10,17,5
West,Knight Hall,2021-10-17T06:00:00,20.0,20.0,,,1.98,,,,0.0138,0.0138,41.311922,-105.581147,2021,10,17,6
West,Knight Hall,2021-10-17T07:00:00,30.0,30.0,,,1.68,,,,0.0207,0.0207,41.311922,-105.581147,2021,10,17,7
West,Knight Hall,2021-10-17T08:00:00,30.0,40.0,,,2.52,,,,0.0207,0.0276,41.311922,-105.581147,2021,10,17,8
West,Knight Hall,2021-10-17T09:00:00,30.0,30.0,,,1.96,,,,0.0207,0.0207,41.311922,-105.581147,2021,10,17,9
West,Knight Hall,2021-10-17T10:00:00,30.0,40.0,,,3.08,,,,0.0207,0.0276,41.311922,-105.581147,2021,10,17,10
West,Knight Hall,2021-10-17T11:00:00,30.0,30.0,,,2.78,,,,0.0207,0.0207,41.311922,-105.581147,2021,10,17,11
West,Knight Hall,2021-10-17T12:00:00,20.0,40.0,,,1.77,,,,0.0138,0.0276,41.311922,-105.581147,2021,10,17,12
West,Knight Hall,2021-10-17T13:00:00,30.0,30.0,,,2.9800000000000004,,,,0.0207,0.0207,41.311922,-105.581147,2021,10,17,13
West,Knight Hall,2021-10-17T14:00:00,30.0,30.0,,,1.79,,,,0.0207,0.0207,41.311922,-105.581147,2021,10,17,14
West,Knight Hall,2021-10-17T15:00:00,40.0,20.0,,,2.13,,,,0.0276,0.0138,41.311922,-105.581147,2021,10,17,15
West,Knight Hall,2021-10-17T16:00:00,20.0,30.0,,,1.7,,,,0.0138,0.0207,41.311922,-105.581147,2021,10,17,16
West,Knight Hall,2021-10-17T17:00:00,30.0,20.0,,,3.2100000000000004,,,,0.0207,0.0138,41.311922,-105.581147,2021,10,17,17
West,Knight Hall,2021-10-17T18:00:00,20.0,30.0,,,5.45,,,,0.0138,0.0207,41.311922,-105.581147,2021,10,17,18
West,Knight Hall,2021-10-17T19:00:00,20.0,20.0,,,2.09,,,,0.0138,0.0138,41.311922,-105.581147,2021,10,17,19
West,Knight Hall,2021-10-17T20:00:00,30.0,30.0,,,1.86,,,,0.0207,0.0207,41.311922,-105.581147,2021,10,17,20
West,Knight Hall,2021-10-17T21:00:00,30.0,30.0,,,1.7,,,,0.0207,0.0207,41.311922,-105.581147,2021,10,17,21
West,Knight Hall,2021-10-17T22:00:00,20.0,20.0,,,2.59,,,,0.0138,0.0138,41.311922,-105.581147,2021,10,17,22
West,Knight Hall,2021-10-17T23:00:00,30.0,30.0,,,1.5499999999999998,,,,0.0207,0.0207,41.311922,-105.581147,2021,10,17,23
West,Knight Hall,2021-10-18T00:00:00,30.0,30.0,,,1.73,,,,0.0207,0.0207,41.311922,-105.581147,2021,10,18,0
West,Knight Hall,2021-10-18T01:00:00,30.0,20.0,,,1.62,,,,0.0207,0.0138,41.311922,-105.581147,2021,10,18,1
West,Knight Hall,2021-10-18T02:00:00,20.0,30.0,,,3.21,,,,0.0138,0.0207,41.311922,-105.581147,2021,10,18,2
West,Knight Hall,2021-10-18T03:00:00,30.0,30.0,,,1.68,,,,0.0207,0.0207,41.311922,-105.581147,2021,10,18,3
West,Knight Hall,2021-10-18T04:00:00,30.0,20.0,,,1.64,,,,0.0207,0.0138,41.311922,-105.581147,2021,10,18,4
West,Knight Hall,2021-10-18T05:00:00,30.0,30.0,,,2.05,,,,0.0207,0.0207,41.311922,-105.581147,2021,10,18,5
West,Knight Hall,2021-10-18T06:00:00,30.0,30.0,,,11.28,,,,0.0207,0.0207,41.311922,-105.581147,2021,10,18,6
West,Knight Hall,2021-10-18T07:00:00,40.0,30.0,,,46.900000000000006,,,,0.0276,0.0207,41.311922,-105.581147,2021,10,18,7
West,Knight Hall,2021-10-18T08:00:00,70.0,40.0,,,79.45,,,,0.048299999999999996,0.0276,41.311922,-105.581147,2021,10,18,8
West,Knight Hall,2021-10-18T09:00:00,80.0,30.0,,,133.76,,,,0.0552,0.0207,41.311922,-105.581147,2021,10,18,9
West,Knight Hall,2021-10-18T10:00:00,70.0,30.0,,,127.17,,,,0.048299999999999996,0.0207,41.311922,-105.581147,2021,10,18,10
West,Knight Hall,2021-10-18T11:00:00,70.0,30.0,,,106.29,,,,0.048299999999999996,0.0207,41.311922,-105.581147,2021,10,18,11
West,Knight Hall,2021-10-18T12:00:00,70.0,40.0,,,93.14,,,,0.048299999999999996,0.0276,41.311922,-105.581147,2021,10,18,12
West,Knight Hall,2021-10-18T13:00:00,70.0,30.0,,,78.83,,,,0.048299999999999996,0.0207,41.311922,-105.581147,2021,10,18,13
West,Knight Hall,2021-10-18T14:00:00,70.0,30.0,,,98.97,,,,0.048299999999999996,0.0207,41.311922,-105.581147,2021,10,18,14
West,Knight Hall,2021-10-18T15:00:00,80.0,30.0,,,123.98,,,,0.0552,0.0207,41.311922,-105.581147,2021,10,18,15
West,Knight Hall,2021-10-18T16:00:00,70.0,30.0,,,102.98,,,,0.048299999999999996,0.0207,41.311922,-105.581147,2021,10,18,16
West,Knight Hall,2021-10-18T17:00:00,50.0,30.0,,,44.05,,,,0.034499999999999996,0.0207,41.311922,-105.581147,2021,10,18,17
West,Knight Hall,2021-10-18T18:00:00,30.0,30.0,,,25.08,,,,0.0207,0.0207,41.311922,-105.581147,2021,10,18,18
West,Knight Hall,2021-10-18T19:00:00,40.0,20.0,,,45.21,,,,0.0276,0.0138,41.311922,-105.581147,2021,10,18,19
West,Knight Hall,2021-10-18T20:00:00,30.0,30.0,,,16.41,,,,0.0207,0.0207,41.311922,-105.581147,2021,10,18,20
West,Knight Hall,2021-10-18T21:00:00,30.0,20.0,,,8.900000000000002,,,,0.0207,0.0138,41.311922,-105.581147,2021,10,18,21
West,Knight Hall,2021-10-18T22:00:00,30.0,20.0,,,8.02,,,,0.0207,0.0138,41.311922,-105.581147,2021,10,18,22
West,Knight Hall,2021-10-18T23:00:00,30.0,30.0,,,3.92,,,,0.0207,0.0207,41.311922,-105.581147,2021,10,18,23
West,Knight Hall,2021-10-19T00:00:00,20.0,20.0,,,5.05,,,,0.0138,0.0138,41.311922,-105.581147,2021,10,19,0
West,Knight Hall,2021-10-19T01:00:00,30.0,30.0,,,2.05,,,,0.0207,0.0207,41.311922,-105.581147,2021,10,19,1
West,Knight Hall,2021-10-19T02:00:00,30.0,30.0,,,2.1100000000000003,,,,0.0207,0.0207,41.311922,-105.581147,2021,10,19,2
West,Knight Hall,2021-10-19T03:00:00,30.0,20.0,,,2.09,,,,0.0207,0.0138,41.311922,-105.581147,2021,10,19,3
West,Knight Hall,2021-10-19T04:00:00,20.0,30.0,,,1.01,,,,0.0138,0.0207,41.311922,-105.581147,2021,10,19,4
West,Knight Hall,2021-10-19T05:00:00,30.0,30.0,,,2.16,,,,0.0207,0.0207,41.311922,-105.581147,2021,10,19,5
West,Knight Hall,2021-10-19T06:00:00,40.0,30.0,,,2.24,,,,0.0276,0.0207,41.311922,-105.581147,2021,10,19,6
West,Knight Hall,2021-10-19T07:00:00,40.0,40.0,,,48.4,,,,0.0276,0.0276,41.311922,-105.581147,2021,10,19,7
West,Knight Hall,2021-10-19T08:00:00,70.0,60.0,,,80.08,,,,0.048299999999999996,0.0414,41.311922,-105.581147,2021,10,19,8
West,Knight Hall,2021-10-19T09:00:00,80.0,70.0,,,149.18,,,,0.0552,0.048299999999999996,41.311922,-105.581147,2021,10,19,9
West,Knight Hall,2021-10-19T10:00:00,70.0,80.0,,,143.1,,,,0.048299999999999996,0.0552,41.311922,-105.581147,2021,10,19,10
West,Knight Hall,2021-10-19T11:00:00,80.0,70.0,,,125.01,,,,0.0552,0.048299999999999996,41.311922,-105.581147,2021,10,19,11
West,Knight Hall,2021-10-19T12:00:00,80.0,70.0,,,113.45,,,,0.0552,0.048299999999999996,41.311922,-105.581147,2021,10,19,12
West,Knight Hall,2021-10-19T13:00:00,80.0,70.0,,,61.71,,,,0.0552,0.048299999999999996,41.311922,-105.581147,2021,10,19,13
West,Knight Hall,2021-10-19T14:00:00,80.0,70.0,,,97.28,,,,0.0552,0.048299999999999996,41.311922,-105.581147,2021,10,19,14
West,Knight Hall,2021-10-19T15:00:00,,70.0,,,87.28,,,,,0.048299999999999996,41.311922,-105.581147,2021,10,19,15
West,Knight Hall,2021-10-19T16:00:00,60.0,70.0,,,103.12,,,,0.0414,0.048299999999999996,41.311922,-105.581147,2021,10,19,16
West,Knight Hall,2021-10-19T17:00:00,50.0,50.0,,,40.38,,,,0.034499999999999996,0.034499999999999996,41.311922,-105.581147,2021,10,19,17
West,Knight Hall,2021-10-19T18:00:00,40.0,40.0,,,71.49,,,,0.0276,0.0276,41.311922,-105.581147,2021,10,19,18
West,Knight Hall,2021-10-19T19:00:00,50.0,40.0,,,4.76,,,,0.034499999999999996,0.0276,41.311922,-105.581147,2021,10,19,19
West,Knight Hall,2021-10-19T20:00:00,30.0,30.0,,,27.73,,,,0.0207,0.0207,41.311922,-105.581147,2021,10,19,20
West,Knight Hall,2021-10-19T21:00:00,40.0,30.0,,,5.28,,,,0.0276,0.0207,41.311922,-105.581147,2021,10,19,21
West,Knight Hall,2021-10-19T22:00:00,30.0,40.0,,,14.85,,,,0.0207,0.0276,41.311922,-105.581147,2021,10,19,22
West,Knight Hall,2021-10-19T23:00:00,40.0,20.0,,,11.88,,,,0.0276,0.0138,41.311922,-105.581147,2021,10,19,23
West,Knight Hall,2021-10-20T00:00:00,30.0,30.0,,,,,,,0.0207,0.0207,41.311922,-105.581147,2021,10,20,0
West,Knight Hall,2021-10-20T01:00:00,30.0,30.0,,,,,,,0.0207,0.0207,41.311922,-105.581147,2021,10,20,1
West,Knight Hall,2021-10-20T02:00:00,20.0,20.0,,,,,,,0.0138,0.0138,41.311922,-105.581147,2021,10,20,2
West,Knight Hall,2021-10-20T03:00:00,30.0,30.0,,,,,,,0.0207,0.0207,41.311922,-105.581147,2021,10,20,3
West,Knight Hall,2021-10-20T04:00:00,30.0,30.0,,,,,,,0.0207,0.0207,41.311922,-105.581147,2021,10,20,4
West,Knight Hall,2021-10-20T05:00:00,30.0,30.0,,,,,,,0.0207,0.0207,41.311922,-105.581147,2021,10,20,5
West,Knight Hall,2021-10-20T06:00:00,30.0,40.0,,,,,,,0.0207,0.0276,41.311922,-105.581147,2021,10,20,6
West,Knight Hall,2021-10-20T07:00:00,50.0,40.0,,,,,,,0.034499999999999996,0.0276,41.311922,-105.581147,2021,10,20,7
West,Knight Hall,2021-10-20T08:00:00,70.0,60.0,,,,,,,0.048299999999999996,0.0414,41.311922,-105.581147,2021,10,20,8
West,Knight Hall,2021-10-20T09:00:00,70.0,70.0,,,,,,,0.048299999999999996,0.048299999999999996,41.311922,-105.581147,2021,10,20,9
West,Knight Hall,2021-10-20T10:00:00,80.0,70.0,,,,,,,0.0552,0.048299999999999996,41.311922,-105.581147,2021,10,20,10
West,Knight Hall,2021-10-20T11:00:00,80.0,80.0,,,,,,,0.0552,0.0552,41.311922,-105.581147,2021,10,20,11
West,Knight Hall,2021-10-20T12:00:00,60.0,70.0,,,,,,,0.0414,0.048299999999999996,41.311922,-105.581147,2021,10,20,12
West,Knight Hall,2021-10-20T13:00:00,,60.0,,,,,,,,0.0414,41.311922,-105.581147,2021,10,20,13
West,Knight Hall,2021-10-20T14:00:00,60.0,70.0,,,,,,,0.0414,0.048299999999999996,41.311922,-105.581147,2021,10,20,14
West,Knight Hall,2021-10-20T15:00:00,80.0,70.0,,,,,,,0.0552,0.048299999999999996,41.311922,-105.581147,2021,10,20,15
West,Knight Hall,2021-10-20T16:00:00,60.0,70.0,,,,,,,0.0414,0.048299999999999996,41.311922,-105.581147,2021,10,20,16
West,Knight Hall,2021-10-20T17:00:00,60.0,50.0,,,,,,,0.0414,0.034499999999999996,41.311922,-105.581147,2021,10,20,17
West,Knight Hall,2021-10-20T18:00:00,40.0,40.0,,,,,,,0.0276,0.0276,41.311922,-105.581147,2021,10,20,18
West,Knight Hall,2021-10-20T19:00:00,40.0,40.0,,,,,,,0.0276,0.0276,41.311922,-105.581147,2021,10,20,19
West,Knight Hall,2021-10-20T20:00:00,30.0,40.0,,,,,,,0.0207,0.0276,41.311922,-105.581147,2021,10,20,20
West,Knight Hall,2021-10-20T21:00:00,30.0,30.0,,,,,,,0.0207,0.0207,41.311922,-105.581147,2021,10,20,21
West,Knight Hall,2021-10-20T22:00:00,30.0,30.0,,,,,,,0.0207,0.0207,41.311922,-105.581147,2021,10,20,22
West,Knight Hall,2021-10-20T23:00:00,40.0,30.0,,,,,,,0.0276,0.0207,41.311922,-105.581147,2021,10,20,23
West,Knight Hall,2021-10-21T00:00:00,20.0,30.0,,,1.21,,,,0.0138,0.0207,41.311922,-105.581147,2021,10,21,0
West,Knight Hall,2021-10-21T01:00:00,30.0,20.0,,,0.9,,,,0.0207,0.0138,41.311922,-105.581147,2021,10,21,1
West,Knight Hall,2021-10-21T02:00:00,20.0,30.0,,,0.06,,,,0.0138,0.0207,41.311922,-105.581147,2021,10,21,2
West,Knight Hall,2021-10-21T03:00:00,30.0,30.0,,,0.73,,,,0.0207,0.0207,41.311922,-105.581147,2021,10,21,3
West,Knight Hall,2021-10-21T04:00:00,30.0,30.0,,,0.17,,,,0.0207,0.0207,41.311922,-105.581147,2021,10,21,4
West,Knight Hall,2021-10-21T05:00:00,30.0,30.0,,,2.09,,,,0.0207,0.0207,41.311922,-105.581147,2021,10,21,5
West,Knight Hall,2021-10-21T06:00:00,30.0,30.0,,,6.7,,,,0.0207,0.0207,41.311922,-105.581147,2021,10,21,6
West,Knight Hall,2021-10-21T07:00:00,60.0,40.0,,,37.95,,,,0.0414,0.0276,41.311922,-105.581147,2021,10,21,7
West,Knight Hall,2021-10-21T08:00:00,60.0,60.0,,,89.63,,,,0.0414,0.0414,41.311922,-105.581147,2021,10,21,8
West,Knight Hall,2021-10-21T09:00:00,70.0,80.0,,,108.26,,,,0.048299999999999996,0.0552,41.311922,-105.581147,2021,10,21,9
West,Knight Hall,2021-10-21T10:00:00,80.0,60.0,,,,,,,0.0552,0.0414,41.311922,-105.581147,2021,10,21,10
West,Knight Hall,2021-10-21T11:00:00,,70.0,,,195.84,,,,,0.048299999999999996,41.311922,-105.581147,2021,10,21,11
West,Knight Hall,2021-10-21T12:00:00,60.0,70.0,,,203.43,,,,0.0414,0.048299999999999996,41.311922,-105.581147,2021,10,21,12
West,Knight Hall,2021-10-21T13:00:00,80.0,60.0,,,154.53000000000003,,,,0.0552,0.0414,41.311922,-105.581147,2021,10,21,13
West,Knight Hall,2021-10-21T14:00:00,60.0,70.0,,,103.39,,,,0.0414,0.048299999999999996,41.311922,-105.581147,2021,10,21,14
West,Knight Hall,2021-10-21T15:00:00,,70.0,,,91.59,,,,,0.048299999999999996,41.311922,-105.581147,2021,10,21,15
West,Knight Hall,2021-10-21T16:00:00,60.0,60.0,,,35.71,,,,0.0414,0.0414,41.311922,-105.581147,2021,10,21,16
West,Knight Hall,2021-10-21T17:00:00,50.0,50.0,,,42.02,,,,0.034499999999999996,0.034499999999999996,41.311922,-105.581147,2021,10,21,17
West,Knight Hall,2021-10-21T18:00:00,40.0,40.0,,,46.27,,,,0.0276,0.0276,41.311922,-105.581147,2021,10,21,18
West,Knight Hall,2021-10-21T19:00:00,40.0,40.0,,,8.389999999999999,,,,0.0276,0.0276,41.311922,-105.581147,2021,10,21,19
West,Knight Hall,2021-10-21T20:00:00,30.0,30.0,,,29.34,,,,0.0207,0.0207,41.311922,-105.581147,2021,10,21,20
West,Knight Hall,2021-10-21T21:00:00,30.0,30.0,,,3.69,,,,0.0207,0.0207,41.311922,-105.581147,2021,10,21,21
West,Knight Hall,2021-10-21T22:00:00,30.0,20.0,,,6.470000000000001,,,,0.0207,0.0138,41.311922,-105.581147,2021,10,21,22
West,Knight Hall,2021-10-21T23:00:00,30.0,30.0,,,23.05,,,,0.0207,0.0207,41.311922,-105.581147,2021,10,21,23
West,Knight Hall,2021-10-22T00:00:00,30.0,30.0,,,,,,,0.0207,0.0207,41.311922,-105.581147,2021,10,22,0
West,Knight Hall,2021-10-22T01:00:00,30.0,20.0,,,0.84,,,,0.0207,0.0138,41.311922,-105.581147,2021,10,22,1
West,Knight Hall,2021-10-22T02:00:00,20.0,30.0,,,,,,,0.0138,0.0207,41.311922,-105.581147,2021,10,22,2
West,Knight Hall,2021-10-22T03:00:00,30.0,30.0,,,,,,,0.0207,0.0207,41.311922,-105.581147,2021,10,22,3
West,Knight Hall,2021-10-22T04:00:00,30.0,30.0,,,,,,,0.0207,0.0207,41.311922,-105.581147,2021,10,22,4
West,Knight Hall,2021-10-22T05:00:00,40.0,30.0,,,2.42,,,,0.0276,0.0207,41.311922,-105.581147,2021,10,22,5
West,Knight Hall,2021-10-22T06:00:00,20.0,30.0,,,0.09,,,,0.0138,0.0207,41.311922,-105.581147,2021,10,22,6
West,Knight Hall,2021-10-22T07:00:00,40.0,40.0,,,32.260000000000005,,,,0.0276,0.0276,41.311922,-105.581147,2021,10,22,7
West,Knight Hall,2021-10-22T08:00:00,70.0,60.0,,,65.65,,,,0.048299999999999996,0.0414,41.311922,-105.581147,2021,10,22,8
West,Knight Hall,2021-10-22T09:00:00,70.0,60.0,,,102.76,,,,0.048299999999999996,0.0414,41.311922,-105.581147,2021,10,22,9
West,Knight Hall,2021-10-22T10:00:00,80.0,80.0,,,,,,,0.0552,0.0552,41.311922,-105.581147,2021,10,22,10
West,Knight Hall,2021-10-22T11:00:00,80.0,70.0,,,,,,,0.0552,0.048299999999999996,41.311922,-105.581147,2021,10,22,11
West,Knight Hall,2021-10-22T12:00:00,50.0,60.0,,,,,,,0.034499999999999996,0.0414,41.311922,-105.581147,2021,10,22,12
West,Knight Hall,2021-10-22T13:00:00,80.0,70.0,,,,,,,0.0552,0.048299999999999996,41.311922,-105.581147,2021,10,22,13
West,Knight Hall,2021-10-22T14:00:00,60.0,60.0,,,,,,,0.0414,0.0414,41.311922,-105.581147,2021,10,22,14
West,Knight Hall,2021-10-22T15:00:00,80.0,70.0,,,,,,,0.0552,0.048299999999999996,41.311922,-105.581147,2021,10,22,15
West,Knight Hall,2021-10-22T16:00:00,50.0,60.0,,,144.54,,,,0.034499999999999996,0.0414,41.311922,-105.581147,2021,10,22,16
West,Knight Hall,2021-10-22T17:00:00,40.0,40.0,,,71.17,,,,0.0276,0.0276,41.311922,-105.581147,2021,10,22,17
West,Knight Hall,2021-10-22T18:00:00,40.0,40.0,,,29.49,,,,0.0276,0.0276,41.311922,-105.581147,2021,10,22,18
West,Knight Hall,2021-10-22T19:00:00,30.0,40.0,,,60.72,,,,0.0207,0.0276,41.311922,-105.581147,2021,10,22,19
West,Knight Hall,2021-10-22T20:00:00,30.0,30.0,,,25.590000000000003,,,,0.0207,0.0207,41.311922,-105.581147,2021,10,22,20
West,Knight Hall,2021-10-22T21:00:00,40.0,30.0,,,15.67,,,,0.0276,0.0207,41.311922,-105.581147,2021,10,22,21
West,Knight Hall,2021-10-22T22:00:00,20.0,40.0,,,18.2,,,,0.0138,0.0276,41.311922,-105.581147,2021,10,22,22
West,Knight Hall,2021-10-22T23:00:00,40.0,20.0,,,11.23,,,,0.0276,0.0138,41.311922,-105.581147,2021,10,22,23
West,Knight Hall,2021-10-23T00:00:00,20.0,30.0,,,10.8,,,,0.0138,0.0207,41.311922,-105.581147,2021,10,23,0
West,Knight Hall,2021-10-23T01:00:00,30.0,30.0,,,9.27,,,,0.0207,0.0207,41.311922,-105.581147,2021,10,23,1
West,Knight Hall,2021-10-23T02:00:00,20.0,20.0,,,9.34,,,,0.0138,0.0138,41.311922,-105.581147,2021,10,23,2
West,Knight Hall,2021-10-23T03:00:00,30.0,30.0,,,8.04,,,,0.0207,0.0207,41.311922,-105.581147,2021,10,23,3
West,Knight Hall,2021-10-23T04:00:00,30.0,30.0,,,7.2,,,,0.0207,0.0207,41.311922,-105.581147,2021,10,23,4
West,Knight Hall,2021-10-23T05:00:00,30.0,30.0,,,7.81,,,,0.0207,0.0207,41.311922,-105.581147,2021,10,23,5
West,Knight Hall,2021-10-23T06:00:00,20.0,30.0,,,6.92,,,,0.0138,0.0207,41.311922,-105.581147,2021,10,23,6
West,Knight Hall,2021-10-23T07:00:00,30.0,40.0,,,7.2,,,,0.0207,0.0276,41.311922,-105.581147,2021,10,23,7
West,Knight Hall,2021-10-23T08:00:00,30.0,60.0,,,9.06,,,,0.0207,0.0414,41.311922,-105.581147,2021,10,23,8
West,Knight Hall,2021-10-23T09:00:00,30.0,60.0,,,6.55,,,,0.0207,0.0414,41.311922,-105.581147,2021,10,23,9
West,Knight Hall,2021-10-23T10:00:00,30.0,70.0,,,11.13,,,,0.0207,0.048299999999999996,41.311922,-105.581147,2021,10,23,10
West,Knight Hall,2021-10-23T11:00:00,30.0,70.0,,,6.62,,,,0.0207,0.048299999999999996,41.311922,-105.581147,2021,10,23,11
West,Knight Hall,2021-10-23T12:00:00,30.0,60.0,,,4.380000000000001,,,,0.0207,0.0414,41.311922,-105.581147,2021,10,23,12
West,Knight Hall,2021-10-23T13:00:00,40.0,70.0,,,13.89,,,,0.0276,0.048299999999999996,41.311922,-105.581147,2021,10,23,13
West,Knight Hall,2021-10-23T14:00:00,20.0,60.0,,,11.1,,,,0.0138,0.0414,41.311922,-105.581147,2021,10,23,14
West,Knight Hall,2021-10-23T15:00:00,40.0,70.0,,,8.52,,,,0.0276,0.048299999999999996,41.311922,-105.581147,2021,10,23,15
West,Knight Hall,2021-10-23T16:00:00,20.0,60.0,,,5.52,,,,0.0138,0.0414,41.311922,-105.581147,2021,10,23,16
West,Knight Hall,2021-10-23T17:00:00,40.0,40.0,,,6.15,,,,0.0276,0.0276,41.311922,-105.581147,2021,10,23,17
West,Knight Hall,2021-10-23T18:00:00,20.0,40.0,,,4.35,,,,0.0138,0.0276,41.311922,-105.581147,2021,10,23,18
West,Knight Hall,2021-10-23T19:00:00,40.0,40.0,,,5.05,,,,0.0276,0.0276,41.311922,-105.581147,2021,10,23,19
West,Knight Hall,2021-10-23T20:00:00,20.0,30.0,,,3.86,,,,0.0138,0.0207,41.311922,-105.581147,2021,10,23,20
West,Knight Hall,2021-10-23T21:00:00,30.0,30.0,,,3.67,,,,0.0207,0.0207,41.311922,-105.581147,2021,10,23,21
West,Knight Hall,2021-10-23T22:00:00,30.0,30.0,,,3.77,,,,0.0207,0.0207,41.311922,-105.581147,2021,10,23,22
West,Knight Hall,2021-10-23T23:00:00,30.0,20.0,,,2.56,,,,0.0207,0.0138,41.311922,-105.581147,2021,10,23,23
West,Knight Hall,2021-10-24T00:00:00,20.0,30.0,,,4.609999999999999,,,,0.0138,0.0207,41.311922,-105.581147,2021,10,24,0
West,Knight Hall,2021-10-24T01:00:00,40.0,20.0,,,3.67,,,,0.0276,0.0138,41.311922,-105.581147,2021,10,24,1
West,Knight Hall,2021-10-24T02:00:00,20.0,30.0,,,2.16,,,,0.0138,0.0207,41.311922,-105.581147,2021,10,24,2
West,Knight Hall,2021-10-24T03:00:00,30.0,30.0,,,3.64,,,,0.0207,0.0207,41.311922,-105.581147,2021,10,24,3
West,Knight Hall,2021-10-24T04:00:00,30.0,20.0,,,4.609999999999999,,,,0.0207,0.0138,41.311922,-105.581147,2021,10,24,4
West,Knight Hall,2021-10-24T05:00:00,30.0,30.0,,,2.28,,,,0.0207,0.0207,41.311922,-105.581147,2021,10,24,5
West,Knight Hall,2021-10-24T06:00:00,20.0,30.0,,,4.380000000000001,,,,0.0138,0.0207,41.311922,-105.581147,2021,10,24,6
West,Knight Hall,2021-10-24T07:00:00,40.0,20.0,,,2.39,,,,0.0276,0.0138,41.311922,-105.581147,2021,10,24,7
West,Knight Hall,2021-10-24T08:00:00,20.0,30.0,,,2.18,,,,0.0138,0.0207,41.311922,-105.581147,2021,10,24,8
West,Knight Hall,2021-10-24T09:00:00,40.0,30.0,,,3.88,,,,0.0276,0.0207,41.311922,-105.581147,2021,10,24,9
West,Knight Hall,2021-10-24T10:00:00,30.0,30.0,,,2.48,,,,0.0207,0.0207,41.311922,-105.581147,2021,10,24,10
West,Knight Hall,2021-10-24T11:00:00,40.0,30.0,,,4.12,,,,0.0276,0.0207,41.311922,-105.581147,2021,10,24,11
West,Knight Hall,2021-10-24T12:00:00,30.0,30.0,,,7.96,,,,0.0207,0.0207,41.311922,-105.581147,2021,10,24,12
West,Knight Hall,2021-10-24T13:00:00,30.0,30.0,,,2.41,,,,0.0207,0.0207,41.311922,-105.581147,2021,10,24,13
West,Knight Hall,2021-10-24T14:00:00,30.0,30.0,,,2.28,,,,0.0207,0.0207,41.311922,-105.581147,2021,10,24,14
West,Knight Hall,2021-10-24T15:00:00,40.0,30.0,,,5.74,,,,0.0276,0.0207,41.311922,-105.581147,2021,10,24,15
West,Knight Hall,2021-10-24T16:00:00,30.0,30.0,,,2.13,,,,0.0207,0.0207,41.311922,-105.581147,2021,10,24,16
West,Knight Hall,2021-10-24T17:00:00,40.0,30.0,,,6.84,,,,0.0276,0.0207,41.311922,-105.581147,2021,10,24,17
West,Knight Hall,2021-10-24T18:00:00,20.0,20.0,,,4.64,,,,0.0138,0.0138,41.311922,-105.581147,2021,10,24,18
West,Knight Hall,2021-10-24T19:00:00,40.0,30.0,,,2.0,,,,0.0276,0.0207,41.311922,-105.581147,2021,10,24,19
West,Knight Hall,2021-10-24T20:00:00,20.0,30.0,,,4.1,,,,0.0138,0.0207,41.311922,-105.581147,2021,10,24,20
West,Knight Hall,2021-10-24T21:00:00,40.0,30.0,,,1.96,,,,0.0276,0.0207,41.311922,-105.581147,2021,10,24,21
West,Knight Hall,2021-10-24T22:00:00,20.0,30.0,,,1.98,,,,0.0138,0.0207,41.311922,-105.581147,2021,10,24,22
West,Knight Hall,2021-10-24T23:00:00,30.0,30.0,,,1.77,,,,0.0207,0.0207,41.311922,-105.581147,2021,10,24,23
West,Knight Hall,2021-10-25T00:00:00,30.0,30.0,,,2.01,,,,0.0207,0.0207,41.311922,-105.581147,2021,10,25,0
West,Knight Hall,2021-10-25T01:00:00,30.0,20.0,,,3.08,,,,0.0207,0.0138,41.311922,-105.581147,2021,10,25,1
West,Knight Hall,2021-10-25T02:00:00,20.0,30.0,,,2.0700000000000003,,,,0.0138,0.0207,41.311922,-105.581147,2021,10,25,2
West,Knight Hall,2021-10-25T03:00:00,30.0,30.0,,,1.79,,,,0.0207,0.0207,41.311922,-105.581147,2021,10,25,3
West,Knight Hall,2021-10-25T04:00:00,30.0,10.0,,,0.35,,,,0.0207,0.0069,41.311922,-105.581147,2021,10,25,4
West,Knight Hall,2021-10-25T05:00:00,30.0,,,,5.65,,,,0.0207,,41.311922,-105.581147,2021,10,25,5
West,Knight Hall,2021-10-25T06:00:00,30.0,10.0,,,16.169999999999998,,,,0.0207,0.0069,41.311922,-105.581147,2021,10,25,6
West,Knight Hall,2021-10-25T07:00:00,60.0,20.0,,,49.4,,,,0.0414,0.0138,41.311922,-105.581147,2021,10,25,7
West,Knight Hall,2021-10-25T08:00:00,60.0,30.0,,,87.34,,,,0.0414,0.0207,41.311922,-105.581147,2021,10,25,8
West,Knight Hall,2021-10-25T09:00:00,70.0,20.0,,,174.92,,,,0.048299999999999996,0.0138,41.311922,-105.581147,2021,10,25,9
West,Knight Hall,2021-10-25T10:00:00,70.0,30.0,,,102.01,,,,0.048299999999999996,0.0207,41.311922,-105.581147,2021,10,25,10
West,Knight Hall,2021-10-25T11:00:00,70.0,20.0,,,106.55,,,,0.048299999999999996,0.0138,41.311922,-105.581147,2021,10,25,11
West,Knight Hall,2021-10-25T12:00:00,70.0,30.0,,,104.31,,,,0.048299999999999996,0.0207,41.311922,-105.581147,2021,10,25,12
West,Knight Hall,2021-10-25T13:00:00,,20.0,,,85.92,,,,,0.0138,41.311922,-105.581147,2021,10,25,13
West,Knight Hall,2021-10-25T14:00:00,60.0,30.0,,,171.32,,,,0.0414,0.0207,41.311922,-105.581147,2021,10,25,14
West,Knight Hall,2021-10-25T15:00:00,80.0,30.0,,,,,,,0.0552,0.0207,41.311922,-105.581147,2021,10,25,15
West,Knight Hall,2021-10-25T16:00:00,60.0,20.0,,,,,,,0.0414,0.0138,41.311922,-105.581147,2021,10,25,16
West,Knight Hall,2021-10-25T17:00:00,50.0,20.0,,,,,,,0.034499999999999996,0.0138,41.311922,-105.581147,2021,10,25,17
West,Knight Hall,2021-10-25T18:00:00,40.0,30.0,,,,,,,0.0276,0.0207,41.311922,-105.581147,2021,10,25,18
West,Knight Hall,2021-10-25T19:00:00,30.0,20.0,,,,,,,0.0207,0.0138,41.311922,-105.581147,2021,10,25,19
West,Knight Hall,2021-10-25T20:00:00,30.0,20.0,,,11.99,,,,0.0207,0.0138,41.311922,-105.581147,2021,10,25,20
West,Knight Hall,2021-10-25T21:00:00,30.0,20.0,,,8.63,,,,0.0207,0.0138,41.311922,-105.581147,2021,10,25,21
West,Knight Hall,2021-10-25T22:00:00,30.0,30.0,,,7.390000000000001,,,,0.0207,0.0207,41.311922,-105.581147,2021,10,25,22
West,Knight Hall,2021-10-25T23:00:00,30.0,20.0,,,0.06,,,,0.0207,0.0138,41.311922,-105.581147,2021,10,25,23
West,Knight Hall,2021-10-26T00:00:00,20.0,20.0,,,,,,,0.0138,0.0138,41.311922,-105.581147,2021,10,26,0
West,Knight Hall,2021-10-26T01:00:00,30.0,30.0,,,1.77,,,,0.0207,0.0207,41.311922,-105.581147,2021,10,26,1
West,Knight Hall,2021-10-26T02:00:00,20.0,20.0,,,0.02,,,,0.0138,0.0138,41.311922,-105.581147,2021,10,26,2
West,Knight Hall,2021-10-26T03:00:00,30.0,20.0,,,,,,,0.0207,0.0138,41.311922,-105.581147,2021,10,26,3
West,Knight Hall,2021-10-26T04:00:00,30.0,30.0,,,1.17,,,,0.0207,0.0207,41.311922,-105.581147,2021,10,26,4
West,Knight Hall,2021-10-26T05:00:00,30.0,20.0,,,2.93,,,,0.0207,0.0138,41.311922,-105.581147,2021,10,26,5
West,Knight Hall,2021-10-26T06:00:00,30.0,30.0,,,0.13,,,,0.0207,0.0207,41.311922,-105.581147,2021,10,26,6
West,Knight Hall,2021-10-26T07:00:00,60.0,40.0,,,33.77,,,,0.0414,0.0276,41.311922,-105.581147,2021,10,26,7
West,Knight Hall,2021-10-26T08:00:00,60.0,60.0,,,96.76,,,,0.0414,0.0414,41.311922,-105.581147,2021,10,26,8
West,Knight Hall,2021-10-26T09:00:00,70.0,70.0,,,136.26999999999998,,,,0.048299999999999996,0.048299999999999996,41.311922,-105.581147,2021,10,26,9
West,Knight Hall,2021-10-26T10:00:00,80.0,70.0,,,134.82,,,,0.0552,0.048299999999999996,41.311922,-105.581147,2021,10,26,10
West,Knight Hall,2021-10-26T11:00:00,,70.0,,,222.6,,,,,0.048299999999999996,41.311922,-105.581147,2021,10,26,11
West,Knight Hall,2021-10-26T12:00:00,60.0,70.0,,,207.22,,,,0.0414,0.048299999999999996,41.311922,-105.581147,2021,10,26,12
West,Knight Hall,2021-10-26T13:00:00,80.0,70.0,,,109.21,,,,0.0552,0.048299999999999996,41.311922,-105.581147,2021,10,26,13
West,Knight Hall,2021-10-26T14:00:00,80.0,70.0,,,154.04999999999998,,,,0.0552,0.048299999999999996,41.311922,-105.581147,2021,10,26,14
West,Knight Hall,2021-10-26T15:00:00,70.0,60.0,,,91.4,,,,0.048299999999999996,0.0414,41.311922,-105.581147,2021,10,26,15
West,Knight Hall,2021-10-26T16:00:00,80.0,60.0,,,102.76,,,,0.0552,0.0414,41.311922,-105.581147,2021,10,26,16
West,Knight Hall,2021-10-26T17:00:00,60.0,50.0,,,97.87,,,,0.0414,0.034499999999999996,41.311922,-105.581147,2021,10,26,17
West,Knight Hall,2021-10-26T18:00:00,40.0,40.0,,,11.62,,,,0.0276,0.0276,41.311922,-105.581147,2021,10,26,18
West,Knight Hall,2021-10-26T19:00:00,50.0,30.0,,,34.3,,,,0.034499999999999996,0.0207,41.311922,-105.581147,2021,10,26,19
West,Knight Hall,2021-10-26T20:00:00,30.0,20.0,,,23.110000000000003,,,,0.0207,0.0138,41.311922,-105.581147,2021,10,26,20
West,Knight Hall,2021-10-26T21:00:00,40.0,30.0,,,8.219999999999999,,,,0.0276,0.0207,41.311922,-105.581147,2021,10,26,21
West,Knight Hall,2021-10-26T22:00:00,20.0,30.0,,,20.01,,,,0.0138,0.0207,41.311922,-105.581147,2021,10,26,22
West,Knight Hall,2021-10-26T23:00:00,30.0,20.0,,,1.6,,,,0.0207,0.0138,41.311922,-105.581147,2021,10,26,23
West,Knight Hall,2021-10-27T00:00:00,30.0,30.0,,,1.32,,,,0.0207,0.0207,41.311922,-105.581147,2021,10,27,0
West,Knight Hall,2021-10-27T01:00:00,30.0,20.0,,,2.6100000000000003,,,,0.0207,0.0138,41.311922,-105.581147,2021,10,27,1
West,Knight Hall,2021-10-27T02:00:00,20.0,20.0,,,1.31,,,,0.0138,0.0138,41.311922,-105.581147,2021,10,27,2
West,Knight Hall,2021-10-27T03:00:00,40.0,30.0,,,1.4,,,,0.0276,0.0207,41.311922,-105.581147,2021,10,27,3
West,Knight Hall,2021-10-27T04:00:00,20.0,20.0,,,1.38,,,,0.0138,0.0138,41.311922,-105.581147,2021,10,27,4
West,Knight Hall,2021-10-27T05:00:00,30.0,30.0,,,1.5699999999999998,,,,0.0207,0.0207,41.311922,-105.581147,2021,10,27,5
West,Knight Hall,2021-10-27T06:00:00,30.0,30.0,,,1.5299999999999998,,,,0.0207,0.0207,41.311922,-105.581147,2021,10,27,6
West,Knight Hall,2021-10-27T07:00:00,50.0,40.0,,,29.09,,,,0.034499999999999996,0.0276,41.311922,-105.581147,2021,10,27,7
West,Knight Hall,2021-10-27T08:00:00,70.0,60.0,,,88.31,,,,0.048299999999999996,0.0414,41.311922,-105.581147,2021,10,27,8
West,Knight Hall,2021-10-27T09:00:00,,70.0,,,136.85,,,,,0.048299999999999996,41.311922,-105.581147,2021,10,27,9
West,Knight Hall,2021-10-27T10:00:00,60.0,70.0,,,174.56,,,,0.0414,0.048299999999999996,41.311922,-105.581147,2021,10,27,10
West,Knight Hall,2021-10-27T11:00:00,,80.0,,,119.79,,,,,0.0552,41.311922,-105.581147,2021,10,27,11
West,Knight Hall,2021-10-27T12:00:00,70.0,60.0,,,95.95,,,,0.048299999999999996,0.0414,41.311922,-105.581147,2021,10,27,12
West,Knight Hall,2021-10-27T13:00:00,80.0,70.0,,,102.87,,,,0.0552,0.048299999999999996,41.311922,-105.581147,2021,10,27,13
West,Knight Hall,2021-10-27T14:00:00,60.0,70.0,,,100.58,,,,0.0414,0.048299999999999996,41.311922,-105.581147,2021,10,27,14
West,Knight Hall,2021-10-27T15:00:00,,60.0,,,113.48,,,,,0.0414,41.311922,-105.581147,2021,10,27,15
West,Knight Hall,2021-10-27T16:00:00,60.0,60.0,,,65.13,,,,0.0414,0.0414,41.311922,-105.581147,2021,10,27,16
West,Knight Hall,2021-10-27T17:00:00,50.0,50.0,,,50.56,,,,0.034499999999999996,0.034499999999999996,41.311922,-105.581147,2021,10,27,17
West,Knight Hall,2021-10-27T18:00:00,40.0,40.0,,,16.060000000000002,,,,0.0276,0.0276,41.311922,-105.581147,2021,10,27,18
West,Knight Hall,2021-10-27T19:00:00,40.0,30.0,,,73.64999999999999,,,,0.0276,0.0207,41.311922,-105.581147,2021,10,27,19
West,Knight Hall,2021-10-27T20:00:00,30.0,30.0,,,4.49,,,,0.0207,0.0207,41.311922,-105.581147,2021,10,27,20
West,Knight Hall,2021-10-27T21:00:00,40.0,30.0,,,32.47,,,,0.0276,0.0207,41.311922,-105.581147,2021,10,27,21
West,Knight Hall,2021-10-27T22:00:00,20.0,30.0,,,22.980000000000004,,,,0.0138,0.0207,41.311922,-105.581147,2021,10,27,22
West,Knight Hall,2021-10-27T23:00:00,30.0,30.0,,,6.430000000000001,,,,0.0207,0.0207,41.311922,-105.581147,2021,10,27,23
West,Knight Hall,2021-10-28T00:00:00,30.0,30.0,,,,,,,0.0207,0.0207,41.311922,-105.581147,2021,10,28,0
West,Knight Hall,2021-10-28T01:00:00,30.0,20.0,,,0.02,,,,0.0207,0.0138,41.311922,-105.581147,2021,10,28,1
West,Knight Hall,2021-10-28T02:00:00,20.0,30.0,,,2.0700000000000003,,,,0.0138,0.0207,41.311922,-105.581147,2021,10,28,2
West,Knight Hall,2021-10-28T03:00:00,30.0,20.0,,,,,,,0.0207,0.0138,41.311922,-105.581147,2021,10,28,3
West,Knight Hall,2021-10-28T04:00:00,30.0,30.0,,,0.88,,,,0.0207,0.0207,41.311922,-105.581147,2021,10,28,4
West,Knight Hall,2021-10-28T05:00:00,30.0,20.0,,,1.4699999999999998,,,,0.0207,0.0138,41.311922,-105.581147,2021,10,28,5
West,Knight Hall,2021-10-28T06:00:00,30.0,40.0,,,2.8200000000000003,,,,0.0207,0.0276,41.311922,-105.581147,2021,10,28,6
West,Knight Hall,2021-10-28T07:00:00,60.0,30.0,,,54.89,,,,0.0414,0.0207,41.311922,-105.581147,2021,10,28,7
West,Knight Hall,2021-10-28T08:00:00,60.0,70.0,,,222.83,,,,0.0414,0.048299999999999996,41.311922,-105.581147,2021,10,28,8
West,Knight Hall,2021-10-28T09:00:00,70.0,70.0,,,,,,,0.048299999999999996,0.048299999999999996,41.311922,-105.581147,2021,10,28,9
West,Knight Hall,2021-10-28T10:00:00,80.0,80.0,,,,,,,0.0552,0.0552,41.311922,-105.581147,2021,10,28,10
West,Knight Hall,2021-10-28T11:00:00,80.0,70.0,,,,,,,0.0552,0.048299999999999996,41.311922,-105.581147,2021,10,28,11
West,Knight Hall,2021-10-28T12:00:00,60.0,70.0,,,,,,,0.0414,0.048299999999999996,41.311922,-105.581147,2021,10,28,12
West,Knight Hall,2021-10-28T13:00:00,,60.0,,,109.01,,,,,0.0414,41.311922,-105.581147,2021,10,28,13
West,Knight Hall,2021-10-28T14:00:00,60.0,70.0,,,176.86,,,,0.0414,0.048299999999999996,41.311922,-105.581147,2021,10,28,14
West,Knight Hall,2021-10-28T15:00:00,80.0,70.0,,,84.56,,,,0.0552,0.048299999999999996,41.311922,-105.581147,2021,10,28,15
West,Knight Hall,2021-10-28T16:00:00,60.0,60.0,,,85.4,,,,0.0414,0.0414,41.311922,-105.581147,2021,10,28,16
West,Knight Hall,2021-10-28T17:00:00,50.0,50.0,,,50.620000000000005,,,,0.034499999999999996,0.034499999999999996,41.311922,-105.581147,2021,10,28,17
West,Knight Hall,2021-10-28T18:00:00,40.0,40.0,,,41.22,,,,0.0276,0.0276,41.311922,-105.581147,2021,10,28,18
West,Knight Hall,2021-10-28T19:00:00,40.0,30.0,,,3.75,,,,0.0276,0.0207,41.311922,-105.581147,2021,10,28,19
West,Knight Hall,2021-10-28T20:00:00,30.0,30.0,,,2.7,,,,0.0207,0.0207,41.311922,-105.581147,2021,10,28,20
West,Knight Hall,2021-10-28T21:00:00,40.0,30.0,,,24.62,,,,0.0276,0.0207,41.311922,-105.581147,2021,10,28,21
West,Knight Hall,2021-10-28T22:00:00,30.0,30.0,,,14.66,,,,0.0207,0.0207,41.311922,-105.581147,2021,10,28,22
West,Knight Hall,2021-10-28T23:00:00,30.0,30.0,,,27.01,,,,0.0207,0.0207,41.311922,-105.581147,2021,10,28,23
West,Knight Hall,2021-10-29T00:00:00,30.0,20.0,,,0.97,,,,0.0207,0.0138,41.311922,-105.581147,2021,10,29,0
West,Knight Hall,2021-10-29T01:00:00,30.0,30.0,,,0.02,,,,0.0207,0.0207,41.311922,-105.581147,2021,10,29,1
West,Knight Hall,2021-10-29T02:00:00,30.0,20.0,,,1.23,,,,0.0207,0.0138,41.311922,-105.581147,2021,10,29,2
West,Knight Hall,2021-10-29T03:00:00,30.0,30.0,,,0.04,,,,0.0207,0.0207,41.311922,-105.581147,2021,10,29,3
West,Knight Hall,2021-10-29T04:00:00,20.0,30.0,,,1.75,,,,0.0138,0.0207,41.311922,-105.581147,2021,10,29,4
West,Knight Hall,2021-10-29T05:00:00,30.0,30.0,,,1.4,,,,0.0207,0.0207,41.311922,-105.581147,2021,10,29,5
West,Knight Hall,2021-10-29T06:00:00,40.0,30.0,,,0.1699999999999999,,,,0.0276,0.0207,41.311922,-105.581147,2021,10,29,6
West,Knight Hall,2021-10-29T07:00:00,50.0,40.0,,,41.81,,,,0.034499999999999996,0.0276,41.311922,-105.581147,2021,10,29,7
West,Knight Hall,2021-10-29T08:00:00,60.0,60.0,,,78.67,,,,0.0414,0.0414,41.311922,-105.581147,2021,10,29,8
West,Knight Hall,2021-10-29T09:00:00,,60.0,,,,,,,,0.0414,41.311922,-105.581147,2021,10,29,9
West,Knight Hall,2021-10-29T10:00:00,60.0,70.0,,,,,,,0.0414,0.048299999999999996,41.311922,-105.581147,2021,10,29,10
West,Knight Hall,2021-10-29T11:00:00,70.0,80.0,,,,,,,0.048299999999999996,0.0552,41.311922,-105.581147,2021,10,29,11
West,Knight Hall,2021-10-29T12:00:00,70.0,60.0,,,,,,,0.048299999999999996,0.0414,41.311922,-105.581147,2021,10,29,12
West,Knight Hall,2021-10-29T13:00:00,80.0,70.0,,,,,,,0.0552,0.048299999999999996,41.311922,-105.581147,2021,10,29,13
West,Knight Hall,2021-10-29T14:00:00,60.0,60.0,,,232.56,,,,0.0414,0.0414,41.311922,-105.581147,2021,10,29,14
West,Knight Hall,2021-10-29T15:00:00,80.0,70.0,,,219.98,,,,0.0552,0.048299999999999996,41.311922,-105.581147,2021,10,29,15
West,Knight Hall,2021-10-29T16:00:00,50.0,60.0,,,224.86,,,,0.034499999999999996,0.0414,41.311922,-105.581147,2021,10,29,16
West,Knight Hall,2021-10-29T17:00:00,40.0,50.0,,,164.68,,,,0.0276,0.034499999999999996,41.311922,-105.581147,2021,10,29,17
West,Knight Hall,2021-10-29T18:00:00,40.0,40.0,,,158.54000000000002,,,,0.0276,0.0276,41.311922,-105.581147,2021,10,29,18
West,Knight Hall,2021-10-29T19:00:00,40.0,30.0,,,164.73000000000002,,,,0.0276,0.0207,41.311922,-105.581147,2021,10,29,19
West,Knight Hall,2021-10-29T20:00:00,30.0,40.0,,,6.84,,,,0.0207,0.0276,41.311922,-105.581147,2021,10,29,20
West,Knight Hall,2021-10-29T21:00:00,40.0,30.0,,,29.95,,,,0.0276,0.0207,41.311922,-105.581147,2021,10,29,21
West,Knight Hall,2021-10-29T22:00:00,20.0,30.0,,,10.26,,,,0.0138,0.0207,41.311922,-105.581147,2021,10,29,22
West,Knight Hall,2021-10-29T23:00:00,30.0,20.0,,,2.41,,,,0.0207,0.0138,41.311922,-105.581147,2021,10,29,23
West,Knight Hall,2021-10-30T00:00:00,30.0,30.0,,,2.7,,,,0.0207,0.0207,41.311922,-105.581147,2021,10,30,0
West,Knight Hall,2021-10-30T01:00:00,30.0,20.0,,,3.04,,,,0.0207,0.0138,41.311922,-105.581147,2021,10,30,1
West,Knight Hall,2021-10-30T02:00:00,20.0,30.0,,,0.6900000000000001,,,,0.0138,0.0207,41.311922,-105.581147,2021,10,30,2
West,Knight Hall,2021-10-30T03:00:00,30.0,30.0,,,1.77,,,,0.0207,0.0207,41.311922,-105.581147,2021,10,30,3
West,Knight Hall,2021-10-30T04:00:00,20.0,20.0,,,2.91,,,,0.0138,0.0138,41.311922,-105.581147,2021,10,30,4
West,Knight Hall,2021-10-30T05:00:00,30.0,30.0,,,0.6900000000000001,,,,0.0207,0.0207,41.311922,-105.581147,2021,10,30,5
West,Knight Hall,2021-10-30T06:00:00,30.0,30.0,,,3.21,,,,0.0207,0.0207,41.311922,-105.581147,2021,10,30,6
West,Knight Hall,2021-10-30T07:00:00,30.0,40.0,,,0.69,,,,0.0207,0.0276,41.311922,-105.581147,2021,10,30,7
West,Knight Hall,2021-10-30T08:00:00,20.0,60.0,,,4.789999999999999,,,,0.0138,0.0414,41.311922,-105.581147,2021,10,30,8
West,Knight Hall,2021-10-30T09:00:00,30.0,70.0,,,3.0,,,,0.0207,0.048299999999999996,41.311922,-105.581147,2021,10,30,9
West,Knight Hall,2021-10-30T10:00:00,30.0,60.0,,,1.7,,,,0.0207,0.0414,41.311922,-105.581147,2021,10,30,10
West,Knight Hall,2021-10-30T11:00:00,30.0,70.0,,,3.41,,,,0.0207,0.048299999999999996,41.311922,-105.581147,2021,10,30,11
West,Knight Hall,2021-10-30T12:00:00,30.0,70.0,,,0.62,,,,0.0207,0.048299999999999996,41.311922,-105.581147,2021,10,30,12
West,Knight Hall,2021-10-30T13:00:00,30.0,70.0,,,7.68,,,,0.0207,0.048299999999999996,41.311922,-105.581147,2021,10,30,13
West,Knight Hall,2021-10-30T14:00:00,30.0,60.0,,,2.33,,,,0.0207,0.0414,41.311922,-105.581147,2021,10,30,14
West,Knight Hall,2021-10-30T15:00:00,30.0,70.0,,,2.59,,,,0.0207,0.048299999999999996,41.311922,-105.581147,2021,10,30,15
West,Knight Hall,2021-10-30T16:00:00,20.0,60.0,,,2.37,,,,0.0138,0.0414,41.311922,-105.581147,2021,10,30,16
West,Knight Hall,2021-10-30T17:00:00,30.0,40.0,,,1.08,,,,0.0207,0.0276,41.311922,-105.581147,2021,10,30,17
West,Knight Hall,2021-10-30T18:00:00,20.0,40.0,,,0.35,,,,0.0138,0.0276,41.311922,-105.581147,2021,10,30,18
West,Knight Hall,2021-10-30T19:00:00,30.0,30.0,,,0.21,,,,0.0207,0.0207,41.311922,-105.581147,2021,10,30,19
West,Knight Hall,2021-10-30T20:00:00,20.0,30.0,,,0.22,,,,0.0138,0.0207,41.311922,-105.581147,2021,10,30,20
West,Knight Hall,2021-10-30T21:00:00,30.0,30.0,,,0.35,,,,0.0207,0.0207,41.311922,-105.581147,2021,10,30,21
West,Knight Hall,2021-10-30T22:00:00,30.0,30.0,,,1.77,,,,0.0207,0.0207,41.311922,-105.581147,2021,10,30,22
West,Knight Hall,2021-10-30T23:00:00,30.0,20.0,,,0.37,,,,0.0207,0.0138,41.311922,-105.581147,2021,10,30,23
West,Knight Hall,2021-10-31T00:00:00,20.0,30.0,,,0.5,,,,0.0138,0.0207,41.311922,-105.581147,2021,10,31,0
West,Knight Hall,2021-10-31T01:00:00,30.0,20.0,,,0.4499999999999999,,,,0.0207,0.0138,41.311922,-105.581147,2021,10,31,1
West,Knight Hall,2021-10-31T02:00:00,30.0,30.0,,,0.32,,,,0.0207,0.0207,41.311922,-105.581147,2021,10,31,2
West,Knight Hall,2021-10-31T03:00:00,30.0,30.0,,,0.4499999999999999,,,,0.0207,0.0207,41.311922,-105.581147,2021,10,31,3
West,Knight Hall,2021-10-31T04:00:00,20.0,20.0,,,0.97,,,,0.0138,0.0138,41.311922,-105.581147,2021,10,31,4
West,Knight Hall,2021-10-31T05:00:00,30.0,30.0,,,1.77,,,,0.0207,0.0207,41.311922,-105.581147,2021,10,31,5
West,Knight Hall,2021-10-31T06:00:00,20.0,20.0,,,0.24,,,,0.0138,0.0138,41.311922,-105.581147,2021,10,31,6
West,Knight Hall,2021-10-31T07:00:00,40.0,30.0,,,0.28,,,,0.0276,0.0207,41.311922,-105.581147,2021,10,31,7
West,Knight Hall,2021-10-31T08:00:00,20.0,30.0,,,0.34,,,,0.0138,0.0207,41.311922,-105.581147,2021,10,31,8
West,Knight Hall,2021-10-31T09:00:00,30.0,20.0,,,0.28,,,,0.0207,0.0138,41.311922,-105.581147,2021,10,31,9
West,Knight Hall,2021-10-31T10:00:00,30.0,40.0,,,0.3,,,,0.0207,0.0276,41.311922,-105.581147,2021,10,31,10
West,Knight Hall,2021-10-31T11:00:00,30.0,30.0,,,1.1,,,,0.0207,0.0207,41.311922,-105.581147,2021,10,31,11
West,Knight Hall,2021-10-31T12:00:00,30.0,30.0,,,1.68,,,,0.0207,0.0207,41.311922,-105.581147,2021,10,31,12
West,Knight Hall,2021-10-31T13:00:00,30.0,30.0,,,0.54,,,,0.0207,0.0207,41.311922,-105.581147,2021,10,31,13
West,Knight Hall,2021-10-31T14:00:00,30.0,30.0,,,0.41,,,,0.0207,0.0207,41.311922,-105.581147,2021,10,31,14
West,Knight Hall,2021-10-31T15:00:00,30.0,30.0,,,2.35,,,,0.0207,0.0207,41.311922,-105.581147,2021,10,31,15
West,Knight Hall,2021-10-31T16:00:00,30.0,20.0,,,0.99,,,,0.0207,0.0138,41.311922,-105.581147,2021,10,31,16
West,Knight Hall,2021-10-31T17:00:00,30.0,30.0,,,0.48,,,,0.0207,0.0207,41.311922,-105.581147,2021,10,31,17
West,Knight Hall,2021-10-31T18:00:00,20.0,30.0,,,4.74,,,,0.0138,0.0207,41.311922,-105.581147,2021,10,31,18
West,Knight Hall,2021-10-31T19:00:00,30.0,30.0,,,0.8200000000000001,,,,0.0207,0.0207,41.311922,-105.581147,2021,10,31,19
West,Knight Hall,2021-10-31T20:00:00,30.0,30.0,,,3.95,,,,0.0207,0.0207,41.311922,-105.581147,2021,10,31,20
West,Knight Hall,2021-10-31T21:00:00,20.0,20.0,,,1.83,,,,0.0138,0.0138,41.311922,-105.581147,2021,10,31,21
West,Knight Hall,2021-10-31T22:00:00,30.0,20.0,,,0.15,,,,0.0207,0.0138,41.311922,-105.581147,2021,10,31,22
West,Knight Hall,2021-10-31T23:00:00,30.0,30.0,,,1.38,,,,0.0207,0.0207,41.311922,-105.581147,2021,10,31,23
West,Knight Hall,2021-11-01T00:00:00,30.0,30.0,,,0.13,,,,0.0207,0.0207,41.311922,-105.581147,2021,11,1,0
West,Knight Hall,2021-11-01T01:00:00,30.0,50.0,,,0.78,,,,0.0207,0.034499999999999996,41.311922,-105.581147,2021,11,1,1
West,Knight Hall,2021-11-01T02:00:00,20.0,30.0,,,0.21,,,,0.0138,0.0207,41.311922,-105.581147,2021,11,1,2
West,Knight Hall,2021-11-01T03:00:00,40.0,20.0,,,0.07,,,,0.0276,0.0138,41.311922,-105.581147,2021,11,1,3
West,Knight Hall,2021-11-01T04:00:00,20.0,30.0,,,0.02,,,,0.0138,0.0207,41.311922,-105.581147,2021,11,1,4
West,Knight Hall,2021-11-01T05:00:00,40.0,30.0,,,0.24,,,,0.0276,0.0207,41.311922,-105.581147,2021,11,1,5
West,Knight Hall,2021-11-01T06:00:00,30.0,20.0,,,10.13,,,,0.0207,0.0138,41.311922,-105.581147,2021,11,1,6
West,Knight Hall,2021-11-01T07:00:00,60.0,30.0,,,37.5,,,,0.0414,0.0207,41.311922,-105.581147,2021,11,1,7
West,Knight Hall,2021-11-01T08:00:00,60.0,30.0,,,103.67,,,,0.0414,0.0207,41.311922,-105.581147,2021,11,1,8
West,Knight Hall,2021-11-01T09:00:00,,30.0,,,145.13,,,,,0.0207,41.311922,-105.581147,2021,11,1,9
West,Knight Hall,2021-11-01T10:00:00,70.0,30.0,,,132.46999999999997,,,,0.048299999999999996,0.0207,41.311922,-105.581147,2021,11,1,10
West,Knight Hall,2021-11-01T11:00:00,,30.0,,,104.44,,,,,0.0207,41.311922,-105.581147,2021,11,1,11
West,Knight Hall,2021-11-01T12:00:00,60.0,20.0,,,96.98,,,,0.0414,0.0138,41.311922,-105.581147,2021,11,1,12
West,Knight Hall,2021-11-01T13:00:00,80.0,30.0,,,186.2,,,,0.0552,0.0207,41.311922,-105.581147,2021,11,1,13
West,Knight Hall,2021-11-01T14:00:00,70.0,30.0,,,,,,,0.048299999999999996,0.0207,41.311922,-105.581147,2021,11,1,14
West,Knight Hall,2021-11-01T15:00:00,80.0,30.0,,,121.22,,,,0.0552,0.0207,41.311922,-105.581147,2021,11,1,15
West,Knight Hall,2021-11-01T16:00:00,60.0,30.0,,,74.73,,,,0.0414,0.0207,41.311922,-105.581147,2021,11,1,16
West,Knight Hall,2021-11-01T17:00:00,50.0,20.0,,,14.66,,,,0.034499999999999996,0.0138,41.311922,-105.581147,2021,11,1,17
West,Knight Hall,2021-11-01T18:00:00,40.0,30.0,,,46.940000000000005,,,,0.0276,0.0207,41.311922,-105.581147,2021,11,1,18
West,Knight Hall,2021-11-01T19:00:00,30.0,30.0,,,18.97,,,,0.0207,0.0207,41.311922,-105.581147,2021,11,1,19
West,Knight Hall,2021-11-01T20:00:00,30.0,20.0,,,7.35,,,,0.0207,0.0138,41.311922,-105.581147,2021,11,1,20
West,Knight Hall,2021-11-01T21:00:00,40.0,30.0,,,13.45,,,,0.0276,0.0207,41.311922,-105.581147,2021,11,1,21
West,Knight Hall,2021-11-01T22:00:00,30.0,20.0,,,5.99,,,,0.0207,0.0138,41.311922,-105.581147,2021,11,1,22
West,Knight Hall,2021-11-01T23:00:00,30.0,30.0,,,18.87,,,,0.0207,0.0207,41.311922,-105.581147,2021,11,1,23
West,Knight Hall,2021-11-02T00:00:00,30.0,20.0,,,0.8200000000000001,,,,0.0207,0.0138,41.311922,-105.581147,2021,11,2,0
West,Knight Hall,2021-11-02T01:00:00,30.0,30.0,,,0.02,,,,0.0207,0.0207,41.311922,-105.581147,2021,11,2,1
West,Knight Hall,2021-11-02T02:00:00,20.0,20.0,,,,,,,0.0138,0.0138,41.311922,-105.581147,2021,11,2,2
West,Knight Hall,2021-11-02T03:00:00,30.0,30.0,,,,,,,0.0207,0.0207,41.311922,-105.581147,2021,11,2,3
West,Knight Hall,2021-11-02T04:00:00,30.0,30.0,,,,,,,0.0207,0.0207,41.311922,-105.581147,2021,11,2,4
West,Knight Hall,2021-11-02T05:00:00,30.0,20.0,,,1.4699999999999998,,,,0.0207,0.0138,41.311922,-105.581147,2021,11,2,5
West,Knight Hall,2021-11-02T06:00:00,40.0,40.0,,,16.580000000000002,,,,0.0276,0.0276,41.311922,-105.581147,2021,11,2,6
West,Knight Hall,2021-11-02T07:00:00,40.0,40.0,,,32.86,,,,0.0276,0.0276,41.311922,-105.581147,2021,11,2,7
West,Knight Hall,2021-11-02T08:00:00,70.0,60.0,,,69.43,,,,0.048299999999999996,0.0414,41.311922,-105.581147,2021,11,2,8
West,Knight Hall,2021-11-02T09:00:00,80.0,70.0,,,87.94999999999999,,,,0.0552,0.048299999999999996,41.311922,-105.581147,2021,11,2,9
West,Knight Hall,2021-11-02T10:00:00,70.0,80.0,,,204.85,,,,0.048299999999999996,0.0552,41.311922,-105.581147,2021,11,2,10
West,Knight Hall,2021-11-02T11:00:00,80.0,70.0,,,119.77,,,,0.0552,0.048299999999999996,41.311922,-105.581147,2021,11,2,11
West,Knight Hall,2021-11-02T12:00:00,70.0,70.0,,,100.77,,,,0.048299999999999996,0.048299999999999996,41.311922,-105.581147,2021,11,2,12
West,Knight Hall,2021-11-02T13:00:00,80.0,60.0,,,58.86,,,,0.0552,0.0414,41.311922,-105.581147,2021,11,2,13
West,Knight Hall,2021-11-02T14:00:00,70.0,70.0,,,60.52,,,,0.048299999999999996,0.048299999999999996,41.311922,-105.581147,2021,11,2,14
West,Knight Hall,2021-11-02T15:00:00,,70.0,,,,,,,,0.048299999999999996,41.311922,-105.581147,2021,11,2,15
West,Knight Hall,2021-11-02T16:00:00,60.0,60.0,,,,,,,0.0414,0.0414,41.311922,-105.581147,2021,11,2,16
West,Knight Hall,2021-11-02T17:00:00,50.0,50.0,,,,,,,0.034499999999999996,0.034499999999999996,41.311922,-105.581147,2021,11,2,17
West,Knight Hall,2021-11-02T18:00:00,40.0,40.0,,,9.98,,,,0.0276,0.0276,41.311922,-105.581147,2021,11,2,18
West,Knight Hall,2021-11-02T19:00:00,30.0,40.0,,,27.19,,,,0.0207,0.0276,41.311922,-105.581147,2021,11,2,19
West,Knight Hall,2021-11-02T20:00:00,40.0,30.0,,,16.490000000000002,,,,0.0276,0.0207,41.311922,-105.581147,2021,11,2,20
West,Knight Hall,2021-11-02T21:00:00,30.0,30.0,,,2.37,,,,0.0207,0.0207,41.311922,-105.581147,2021,11,2,21
West,Knight Hall,2021-11-02T22:00:00,30.0,30.0,,,4.3100000000000005,,,,0.0207,0.0207,41.311922,-105.581147,2021,11,2,22
West,Knight Hall,2021-11-02T23:00:00,30.0,20.0,,,1.83,,,,0.0207,0.0138,41.311922,-105.581147,2021,11,2,23
West,Knight Hall,2021-11-03T00:00:00,20.0,30.0,,,,,,,0.0138,0.0207,41.311922,-105.581147,2021,11,3,0
West,Knight Hall,2021-11-03T01:00:00,30.0,20.0,,,0.84,,,,0.0207,0.0138,41.311922,-105.581147,2021,11,3,1
West,Knight Hall,2021-11-03T02:00:00,20.0,30.0,,,1.16,,,,0.0138,0.0207,41.311922,-105.581147,2021,11,3,2
West,Knight Hall,2021-11-03T03:00:00,40.0,20.0,,,0.02,,,,0.0276,0.0138,41.311922,-105.581147,2021,11,3,3
West,Knight Hall,2021-11-03T04:00:00,20.0,30.0,,,,,,,0.0138,0.0207,41.311922,-105.581147,2021,11,3,4
West,Knight Hall,2021-11-03T05:00:00,30.0,30.0,,,,,,,0.0207,0.0207,41.311922,-105.581147,2021,11,3,5
West,Knight Hall,2021-11-03T06:00:00,30.0,30.0,,,9.29,,,,0.0207,0.0207,41.311922,-105.581147,2021,11,3,6
West,Knight Hall,2021-11-03T07:00:00,60.0,40.0,,,40.13,,,,0.0414,0.0276,41.311922,-105.581147,2021,11,3,7
West,Knight Hall,2021-11-03T08:00:00,60.0,70.0,,,54.76,,,,0.0414,0.048299999999999996,41.311922,-105.581147,2021,11,3,8
West,Knight Hall,2021-11-03T09:00:00,80.0,60.0,,,,,,,0.0552,0.0414,41.311922,-105.581147,2021,11,3,9
West,Knight Hall,2021-11-03T10:00:00,70.0,70.0,,,,,,,0.048299999999999996,0.048299999999999996,41.311922,-105.581147,2021,11,3,10
West,Knight Hall,2021-11-03T11:00:00,70.0,70.0,,,,,,,0.048299999999999996,0.048299999999999996,41.311922,-105.581147,2021,11,3,11
West,Knight Hall,2021-11-03T12:00:00,70.0,70.0,,,87.84,,,,0.048299999999999996,0.048299999999999996,41.311922,-105.581147,2021,11,3,12
West,Knight Hall,2021-11-03T13:00:00,,60.0,,,95.13,,,,,0.0414,41.311922,-105.581147,2021,11,3,13
West,Knight Hall,2021-11-03T14:00:00,60.0,70.0,,,90.15,,,,0.0414,0.048299999999999996,41.311922,-105.581147,2021,11,3,14
West,Knight Hall,2021-11-03T15:00:00,80.0,60.0,,,65.67,,,,0.0552,0.0414,41.311922,-105.581147,2021,11,3,15
West,Knight Hall,2021-11-03T16:00:00,60.0,60.0,,,55.3,,,,0.0414,0.0414,41.311922,-105.581147,2021,11,3,16
West,Knight Hall,2021-11-03T17:00:00,50.0,50.0,,,42.39,,,,0.034499999999999996,0.034499999999999996,41.311922,-105.581147,2021,11,3,17
West,Knight Hall,2021-11-03T18:00:00,40.0,40.0,,,57.31,,,,0.0276,0.0276,41.311922,-105.581147,2021,11,3,18
West,Knight Hall,2021-11-03T19:00:00,50.0,40.0,,,5.58,,,,0.034499999999999996,0.0276,41.311922,-105.581147,2021,11,3,19
West,Knight Hall,2021-11-03T20:00:00,30.0,30.0,,,21.02,,,,0.0207,0.0207,41.311922,-105.581147,2021,11,3,20
West,Knight Hall,2021-11-03T21:00:00,30.0,30.0,,,1.16,,,,0.0207,0.0207,41.311922,-105.581147,2021,11,3,21
West,Knight Hall,2021-11-03T22:00:00,30.0,30.0,,,12.68,,,,0.0207,0.0207,41.311922,-105.581147,2021,11,3,22
West,Knight Hall,2021-11-03T23:00:00,30.0,30.0,,,0.47,,,,0.0207,0.0207,41.311922,-105.581147,2021,11,3,23
West,Knight Hall,2021-11-04T00:00:00,30.0,20.0,,,,,,,0.0207,0.0138,41.311922,-105.581147,2021,11,4,0
West,Knight Hall,2021-11-04T01:00:00,30.0,30.0,,,,,,,0.0207,0.0207,41.311922,-105.581147,2021,11,4,1
West,Knight Hall,2021-11-04T02:00:00,20.0,30.0,,,,,,,0.0138,0.0207,41.311922,-105.581147,2021,11,4,2
West,Knight Hall,2021-11-04T03:00:00,30.0,20.0,,,,,,,0.0207,0.0138,41.311922,-105.581147,2021,11,4,3
West,Knight Hall,2021-11-04T04:00:00,30.0,30.0,,,1.1,,,,0.0207,0.0207,41.311922,-105.581147,2021,11,4,4
West,Knight Hall,2021-11-04T05:00:00,30.0,30.0,,,,,,,0.0207,0.0207,41.311922,-105.581147,2021,11,4,5
West,Knight Hall,2021-11-04T06:00:00,30.0,30.0,,,8.36,,,,0.0207,0.0207,41.311922,-105.581147,2021,11,4,6
West,Knight Hall,2021-11-04T07:00:00,40.0,40.0,,,29.950000000000003,,,,0.0276,0.0276,41.311922,-105.581147,2021,11,4,7
West,Knight Hall,2021-11-04T08:00:00,70.0,70.0,,,68.87,,,,0.048299999999999996,0.048299999999999996,41.311922,-105.581147,2021,11,4,8
West,Knight Hall,2021-11-04T09:00:00,,70.0,,,110.95,,,,,0.048299999999999996,41.311922,-105.581147,2021,11,4,9
West,Knight Hall,2021-11-04T10:00:00,60.0,80.0,,,130.06000000000003,,,,0.0414,0.0552,41.311922,-105.581147,2021,11,4,10
West,Knight Hall,2021-11-04T11:00:00,,70.0,,,128.31,,,,,0.048299999999999996,41.311922,-105.581147,2021,11,4,11
West,Knight Hall,2021-11-04T12:00:00,60.0,70.0,,,191.96,,,,0.0414,0.048299999999999996,41.311922,-105.581147,2021,11,4,12
West,Knight Hall,2021-11-04T13:00:00,80.0,70.0,,,,,,,0.0552,0.048299999999999996,41.311922,-105.581147,2021,11,4,13
West,Knight Hall,2021-11-04T14:00:00,60.0,70.0,,,174.49,,,,0.0414,0.048299999999999996,41.311922,-105.581147,2021,11,4,14
West,Knight Hall,2021-11-04T15:00:00,70.0,60.0,,,88.75,,,,0.048299999999999996,0.0414,41.311922,-105.581147,2021,11,4,15
West,Knight Hall,2021-11-04T16:00:00,70.0,70.0,,,86.33,,,,0.048299999999999996,0.048299999999999996,41.311922,-105.581147,2021,11,4,16
West,Knight Hall,2021-11-04T17:00:00,50.0,50.0,,,67.81,,,,0.034499999999999996,0.034499999999999996,41.311922,-105.581147,2021,11,4,17
West,Knight Hall,2021-11-04T18:00:00,40.0,40.0,,,10.33,,,,0.0276,0.0276,41.311922,-105.581147,2021,11,4,18
West,Knight Hall,2021-11-04T19:00:00,40.0,40.0,,,3.95,,,,0.0276,0.0276,41.311922,-105.581147,2021,11,4,19
West,Knight Hall,2021-11-04T20:00:00,40.0,30.0,,,25.660000000000004,,,,0.0276,0.0207,41.311922,-105.581147,2021,11,4,20
West,Knight Hall,2021-11-04T21:00:00,30.0,30.0,,,6.68,,,,0.0207,0.0207,41.311922,-105.581147,2021,11,4,21
West,Knight Hall,2021-11-04T22:00:00,30.0,30.0,,,0.02,,,,0.0207,0.0207,41.311922,-105.581147,2021,11,4,22
West,Knight Hall,2021-11-04T23:00:00,30.0,30.0,,,,,,,0.0207,0.0207,41.311922,-105.581147,2021,11,4,23
West,Knight Hall,2021-11-05T00:00:00,20.0,30.0,,,1.12,,,,0.0138,0.0207,41.311922,-105.581147,2021,11,5,0
West,Knight Hall,2021-11-05T01:00:00,30.0,20.0,,,,,,,0.0207,0.0138,41.311922,-105.581147,2021,11,5,1
West,Knight Hall,2021-11-05T02:00:00,30.0,30.0,,,,,,,0.0207,0.0207,41.311922,-105.581147,2021,11,5,2
West,Knight Hall,2021-11-05T03:00:00,20.0,20.0,,,1.12,,,,0.0138,0.0138,41.311922,-105.581147,2021,11,5,3
West,Knight Hall,2021-11-05T04:00:00,30.0,30.0,,,,,,,0.0207,0.0207,41.311922,-105.581147,2021,11,5,4
West,Knight Hall,2021-11-05T05:00:00,40.0,30.0,,,0.22,,,,0.0276,0.0207,41.311922,-105.581147,2021,11,5,5
West,Knight Hall,2021-11-05T06:00:00,30.0,30.0,,,8.059999999999999,,,,0.0207,0.0207,41.311922,-105.581147,2021,11,5,6
West,Knight Hall,2021-11-05T07:00:00,40.0,50.0,,,62.35,,,,0.0276,0.034499999999999996,41.311922,-105.581147,2021,11,5,7
West,Knight Hall,2021-11-05T08:00:00,60.0,60.0,,,,,,,0.0414,0.0414,41.311922,-105.581147,2021,11,5,8
West,Knight Hall,2021-11-05T09:00:00,80.0,70.0,,,,,,,0.0552,0.048299999999999996,41.311922,-105.581147,2021,11,5,9
West,Knight Hall,2021-11-05T10:00:00,70.0,60.0,,,,,,,0.048299999999999996,0.0414,41.311922,-105.581147,2021,11,5,10
West,Knight Hall,2021-11-05T11:00:00,80.0,70.0,,,,,,,0.0552,0.048299999999999996,41.311922,-105.581147,2021,11,5,11
West,Knight Hall,2021-11-05T12:00:00,70.0,70.0,,,195.45,,,,0.048299999999999996,0.048299999999999996,41.311922,-105.581147,2021,11,5,12
West,Knight Hall,2021-11-05T13:00:00,70.0,70.0,,,71.75,,,,0.048299999999999996,0.048299999999999996,41.311922,-105.581147,2021,11,5,13
West,Knight Hall,2021-11-05T14:00:00,70.0,60.0,,,126.17,,,,0.048299999999999996,0.0414,41.311922,-105.581147,2021,11,5,14
West,Knight Hall,2021-11-05T15:00:00,80.0,70.0,,,76.32,,,,0.0552,0.048299999999999996,41.311922,-105.581147,2021,11,5,15
West,Knight Hall,2021-11-05T16:00:00,50.0,60.0,,,89.91,,,,0.034499999999999996,0.0414,41.311922,-105.581147,2021,11,5,16
West,Knight Hall,2021-11-05T17:00:00,50.0,50.0,,,22.72,,,,0.034499999999999996,0.034499999999999996,41.311922,-105.581147,2021,11,5,17
West,Knight Hall,2021-11-05T18:00:00,30.0,40.0,,,14.16,,,,0.0207,0.0276,41.311922,-105.581147,2021,11,5,18
West,Knight Hall,2021-11-05T19:00:00,40.0,30.0,,,10.76,,,,0.0276,0.0207,41.311922,-105.581147,2021,11,5,19
West,Knight Hall,2021-11-05T20:00:00,30.0,30.0,,,1.08,,,,0.0207,0.0207,41.311922,-105.581147,2021,11,5,20
West,Knight Hall,2021-11-05T21:00:00,30.0,40.0,,,32.6,,,,0.0207,0.0276,41.311922,-105.581147,2021,11,5,21
West,Knight Hall,2021-11-05T22:00:00,30.0,30.0,,,7.98,,,,0.0207,0.0207,41.311922,-105.581147,2021,11,5,22
West,Knight Hall,2021-11-05T23:00:00,30.0,20.0,,,1.16,,,,0.0207,0.0138,41.311922,-105.581147,2021,11,5,23
West,Knight Hall,2021-11-06T00:00:00,30.0,30.0,,,,,,,0.0207,0.0207,41.311922,-105.581147,2021,11,6,0
West,Knight Hall,2021-11-06T01:00:00,30.0,20.0,,,1.16,,,,0.0207,0.0138,41.311922,-105.581147,2021,11,6,1
West,Knight Hall,2021-11-06T02:00:00,20.0,30.0,,,,,,,0.0138,0.0207,41.311922,-105.581147,2021,11,6,2
West,Knight Hall,2021-11-06T03:00:00,30.0,30.0,,,,,,,0.0207,0.0207,41.311922,-105.581147,2021,11,6,3
West,Knight Hall,2021-11-06T04:00:00,20.0,20.0,,,1.14,,,,0.0138,0.0138,41.311922,-105.581147,2021,11,6,4
West,Knight Hall,2021-11-06T05:00:00,30.0,30.0,,,,,,,0.0207,0.0207,41.311922,-105.581147,2021,11,6,5
West,Knight Hall,2021-11-06T06:00:00,30.0,30.0,,,,,,,0.0207,0.0207,41.311922,-105.581147,2021,11,6,6
West,Knight Hall,2021-11-06T07:00:00,20.0,40.0,,,1.1,,,,0.0138,0.0276,41.311922,-105.581147,2021,11,6,7
West,Knight Hall,2021-11-06T08:00:00,30.0,60.0,,,3.26,,,,0.0207,0.0414,41.311922,-105.581147,2021,11,6,8
West,Knight Hall,2021-11-06T09:00:00,40.0,70.0,,,0.75,,,,0.0276,0.048299999999999996,41.311922,-105.581147,2021,11,6,9
West,Knight Hall,2021-11-06T10:00:00,30.0,70.0,,,2.63,,,,0.0207,0.048299999999999996,41.311922,-105.581147,2021,11,6,10
West,Knight Hall,2021-11-06T11:00:00,40.0,70.0,,,,,,,0.0276,0.048299999999999996,41.311922,-105.581147,2021,11,6,11
West,Knight Hall,2021-11-06T12:00:00,30.0,60.0,,,0.8200000000000001,,,,0.0207,0.0414,41.311922,-105.581147,2021,11,6,12
West,Knight Hall,2021-11-06T13:00:00,40.0,70.0,,,2.39,,,,0.0276,0.048299999999999996,41.311922,-105.581147,2021,11,6,13
West,Knight Hall,2021-11-06T14:00:00,30.0,70.0,,,,,,,0.0207,0.048299999999999996,41.311922,-105.581147,2021,11,6,14
West,Knight Hall,2021-11-06T15:00:00,30.0,60.0,,,,,,,0.0207,0.0414,41.311922,-105.581147,2021,11,6,15
West,Knight Hall,2021-11-06T16:00:00,30.0,60.0,,,1.17,,,,0.0207,0.0414,41.311922,-105.581147,2021,11,6,16
West,Knight Hall,2021-11-06T17:00:00,20.0,40.0,,,,,,,0.0138,0.0276,41.311922,-105.581147,2021,11,6,17
West,Knight Hall,2021-11-06T18:00:00,30.0,40.0,,,,,,,0.0207,0.0276,41.311922,-105.581147,2021,11,6,18
West,Knight Hall,2021-11-06T19:00:00,30.0,40.0,,,1.23,,,,0.0207,0.0276,41.311922,-105.581147,2021,11,6,19
West,Knight Hall,2021-11-06T20:00:00,20.0,40.0,,,0.24,,,,0.0138,0.0276,41.311922,-105.581147,2021,11,6,20
West,Knight Hall,2021-11-06T21:00:00,40.0,40.0,,,,,,,0.0276,0.0276,41.311922,-105.581147,2021,11,6,21
West,Knight Hall,2021-11-06T22:00:00,20.0,30.0,,,1.17,,,,0.0138,0.0207,41.311922,-105.581147,2021,11,6,22
West,Knight Hall,2021-11-06T23:00:00,30.0,20.0,,,,,,,0.0207,0.0138,41.311922,-105.581147,2021,11,6,23
West,Knight Hall,2021-11-07T00:00:00,20.0,30.0,,,,,,,0.0138,0.0207,41.311922,-105.581147,2021,11,7,0
West,Knight Hall,2021-11-07T01:00:00,60.0,20.0,,,1.1,,,,0.0414,0.0138,41.311922,-105.581147,2021,11,7,1
West,Knight Hall,2021-11-07T02:00:00,30.0,30.0,,,,,,,0.0207,0.0207,41.311922,-105.581147,2021,11,7,2
West,Knight Hall,2021-11-07T03:00:00,20.0,30.0,,,1.1,,,,0.0138,0.0207,41.311922,-105.581147,2021,11,7,3
West,Knight Hall,2021-11-07T04:00:00,30.0,20.0,,,,,,,0.0207,0.0138,41.311922,-105.581147,2021,11,7,4
West,Knight Hall,2021-11-07T05:00:00,30.0,30.0,,,,,,,0.0207,0.0207,41.311922,-105.581147,2021,11,7,5
West,Knight Hall,2021-11-07T06:00:00,30.0,20.0,,,,,,,0.0207,0.0138,41.311922,-105.581147,2021,11,7,6
West,Knight Hall,2021-11-07T07:00:00,20.0,30.0,,,1.1,,,,0.0138,0.0207,41.311922,-105.581147,2021,11,7,7
West,Knight Hall,2021-11-07T08:00:00,40.0,20.0,,,,,,,0.0276,0.0138,41.311922,-105.581147,2021,11,7,8
West,Knight Hall,2021-11-07T09:00:00,30.0,40.0,,,2.91,,,,0.0207,0.0276,41.311922,-105.581147,2021,11,7,9
West,Knight Hall,2021-11-07T10:00:00,30.0,30.0,,,,,,,0.0207,0.0207,41.311922,-105.581147,2021,11,7,10
West,Knight Hall,2021-11-07T11:00:00,30.0,30.0,,,1.77,,,,0.0207,0.0207,41.311922,-105.581147,2021,11,7,11
West,Knight Hall,2021-11-07T12:00:00,30.0,30.0,,,0.62,,,,0.0207,0.0207,41.311922,-105.581147,2021,11,7,12
West,Knight Hall,2021-11-07T13:00:00,30.0,20.0,,,,,,,0.0207,0.0138,41.311922,-105.581147,2021,11,7,13
West,Knight Hall,2021-11-07T14:00:00,30.0,30.0,,,,,,,0.0207,0.0207,41.311922,-105.581147,2021,11,7,14
West,Knight Hall,2021-11-07T15:00:00,30.0,30.0,,,1.14,,,,0.0207,0.0207,41.311922,-105.581147,2021,11,7,15
West,Knight Hall,2021-11-07T16:00:00,30.0,20.0,,,3.79,,,,0.0207,0.0138,41.311922,-105.581147,2021,11,7,16
West,Knight Hall,2021-11-07T17:00:00,30.0,30.0,,,0.3399999999999999,,,,0.0207,0.0207,41.311922,-105.581147,2021,11,7,17
West,Knight Hall,2021-11-07T18:00:00,30.0,20.0,,,,,,,0.0207,0.0138,41.311922,-105.581147,2021,11,7,18
West,Knight Hall,2021-11-07T19:00:00,20.0,30.0,,,4.3100000000000005,,,,0.0138,0.0207,41.311922,-105.581147,2021,11,7,19
West,Knight Hall,2021-11-07T20:00:00,30.0,20.0,,,,,,,0.0207,0.0138,41.311922,-105.581147,2021,11,7,20
West,Knight Hall,2021-11-07T21:00:00,30.0,30.0,,,,,,,0.0207,0.0207,41.311922,-105.581147,2021,11,7,21
West,Knight Hall,2021-11-07T22:00:00,30.0,20.0,,,,,,,0.0207,0.0138,41.311922,-105.581147,2021,11,7,22
West,Knight Hall,2021-11-07T23:00:00,30.0,30.0,,,1.16,,,,0.0207,0.0207,41.311922,-105.581147,2021,11,7,23
West,Knight Hall,2021-11-08T00:00:00,20.0,20.0,,,0.04,,,,0.0138,0.0138,41.311922,-105.581147,2021,11,8,0
West,Knight Hall,2021-11-08T01:00:00,40.0,30.0,,,,,,,0.0276,0.0207,41.311922,-105.581147,2021,11,8,1
West,Knight Hall,2021-11-08T02:00:00,20.0,20.0,,,,,,,0.0138,0.0138,41.311922,-105.581147,2021,11,8,2
West,Knight Hall,2021-11-08T03:00:00,30.0,30.0,,,,,,,0.0207,0.0207,41.311922,-105.581147,2021,11,8,3
West,Knight Hall,2021-11-08T04:00:00,30.0,30.0,,,4.07,,,,0.0207,0.0207,41.311922,-105.581147,2021,11,8,4
West,Knight Hall,2021-11-08T05:00:00,30.0,20.0,,,8.26,,,,0.0207,0.0138,41.311922,-105.581147,2021,11,8,5
West,Knight Hall,2021-11-08T06:00:00,30.0,30.0,,,31.39,,,,0.0207,0.0207,41.311922,-105.581147,2021,11,8,6
West,Knight Hall,2021-11-08T07:00:00,50.0,20.0,,,138.2,,,,0.034499999999999996,0.0138,41.311922,-105.581147,2021,11,8,7
West,Knight Hall,2021-11-08T08:00:00,60.0,30.0,,,,,,,0.0414,0.0207,41.311922,-105.581147,2021,11,8,8
West,Knight Hall,2021-11-08T09:00:00,80.0,30.0,,,185.79,,,,0.0552,0.0207,41.311922,-105.581147,2021,11,8,9
West,Knight Hall,2021-11-08T10:00:00,70.0,30.0,,,168.73000000000002,,,,0.048299999999999996,0.0207,41.311922,-105.581147,2021,11,8,10
West,Knight Hall,2021-11-08T11:00:00,80.0,30.0,,,201.12,,,,0.0552,0.0207,41.311922,-105.581147,2021,11,8,11
West,Knight Hall,2021-11-08T12:00:00,60.0,30.0,,,96.27,,,,0.0414,0.0207,41.311922,-105.581147,2021,11,8,12
West,Knight Hall,2021-11-08T13:00:00,,30.0,,,136.89,,,,,0.0207,41.311922,-105.581147,2021,11,8,13
West,Knight Hall,2021-11-08T14:00:00,60.0,30.0,,,83.01,,,,0.0414,0.0207,41.311922,-105.581147,2021,11,8,14
West,Knight Hall,2021-11-08T15:00:00,80.0,30.0,,,89.48,,,,0.0552,0.0207,41.311922,-105.581147,2021,11,8,15
West,Knight Hall,2021-11-08T16:00:00,60.0,20.0,,,69.45,,,,0.0414,0.0138,41.311922,-105.581147,2021,11,8,16
West,Knight Hall,2021-11-08T17:00:00,60.0,30.0,,,20.25,,,,0.0414,0.0207,41.311922,-105.581147,2021,11,8,17
West,Knight Hall,2021-11-08T18:00:00,30.0,30.0,,,6.84,,,,0.0207,0.0207,41.311922,-105.581147,2021,11,8,18
West,Knight Hall,2021-11-08T19:00:00,40.0,20.0,,,13.43,,,,0.0276,0.0138,41.311922,-105.581147,2021,11,8,19
West,Knight Hall,2021-11-08T20:00:00,30.0,30.0,,,31.67,,,,0.0207,0.0207,41.311922,-105.581147,2021,11,8,20
West,Knight Hall,2021-11-08T21:00:00,40.0,30.0,,,8.43,,,,0.0276,0.0207,41.311922,-105.581147,2021,11,8,21
West,Knight Hall,2021-11-08T22:00:00,20.0,20.0,,,0.09,,,,0.0138,0.0138,41.311922,-105.581147,2021,11,8,22
West,Knight Hall,2021-11-08T23:00:00,30.0,30.0,,,1.5299999999999998,,,,0.0207,0.0207,41.311922,-105.581147,2021,11,8,23
West,Knight Hall,2021-11-09T00:00:00,30.0,20.0,,,0.15,,,,0.0207,0.0138,41.311922,-105.581147,2021,11,9,0
West,Knight Hall,2021-11-09T01:00:00,30.0,30.0,,,2.28,,,,0.0207,0.0207,41.311922,-105.581147,2021,11,9,1
West,Knight Hall,2021-11-09T02:00:00,20.0,20.0,,,0.26,,,,0.0138,0.0138,41.311922,-105.581147,2021,11,9,2
West,Knight Hall,2021-11-09T03:00:00,30.0,30.0,,,0.9,,,,0.0207,0.0207,41.311922,-105.581147,2021,11,9,3
West,Knight Hall,2021-11-09T04:00:00,20.0,20.0,,,4.869999999999999,,,,0.0138,0.0138,41.311922,-105.581147,2021,11,9,4
West,Knight Hall,2021-11-09T05:00:00,40.0,30.0,,,2.18,,,,0.0276,0.0207,41.311922,-105.581147,2021,11,9,5
West,Knight Hall,2021-11-09T06:00:00,30.0,30.0,,,52.82000000000001,,,,0.0207,0.0207,41.311922,-105.581147,2021,11,9,6
West,Knight Hall,2021-11-09T07:00:00,50.0,40.0,,,106.77,,,,0.034499999999999996,0.0276,41.311922,-105.581147,2021,11,9,7
West,Knight Hall,2021-11-09T08:00:00,60.0,60.0,,,144.8,,,,0.0414,0.0414,41.311922,-105.581147,2021,11,9,8
West,Knight Hall,2021-11-09T09:00:00,,60.0,,,130.82999999999998,,,,,0.0414,41.311922,-105.581147,2021,11,9,9
West,Knight Hall,2021-11-09T10:00:00,60.0,70.0,,,215.69,,,,0.0414,0.048299999999999996,41.311922,-105.581147,2021,11,9,10
West,Knight Hall,2021-11-09T11:00:00,80.0,70.0,,,142.35000000000002,,,,0.0552,0.048299999999999996,41.311922,-105.581147,2021,11,9,11
West,Knight Hall,2021-11-09T12:00:00,70.0,60.0,,,98.42,,,,0.048299999999999996,0.0414,41.311922,-105.581147,2021,11,9,12
West,Knight Hall,2021-11-09T13:00:00,80.0,70.0,,,227.92,,,,0.0552,0.048299999999999996,41.311922,-105.581147,2021,11,9,13
West,Knight Hall,2021-11-09T14:00:00,60.0,60.0,,,123.95,,,,0.0414,0.0414,41.311922,-105.581147,2021,11,9,14
West,Knight Hall,2021-11-09T15:00:00,,70.0,,,97.09,,,,,0.048299999999999996,41.311922,-105.581147,2021,11,9,15
West,Knight Hall,2021-11-09T16:00:00,60.0,60.0,,,15.39,,,,0.0414,0.0414,41.311922,-105.581147,2021,11,9,16
West,Knight Hall,2021-11-09T17:00:00,50.0,50.0,,,26.5,,,,0.034499999999999996,0.034499999999999996,41.311922,-105.581147,2021,11,9,17
West,Knight Hall,2021-11-09T18:00:00,40.0,40.0,,,15.95,,,,0.0276,0.0276,41.311922,-105.581147,2021,11,9,18
West,Knight Hall,2021-11-09T19:00:00,40.0,40.0,,,2.41,,,,0.0276,0.0276,41.311922,-105.581147,2021,11,9,19
West,Knight Hall,2021-11-09T20:00:00,30.0,30.0,,,33.98,,,,0.0207,0.0207,41.311922,-105.581147,2021,11,9,20
West,Knight Hall,2021-11-09T21:00:00,40.0,30.0,,,8.69,,,,0.0276,0.0207,41.311922,-105.581147,2021,11,9,21
West,Knight Hall,2021-11-09T22:00:00,20.0,30.0,,,,,,,0.0138,0.0207,41.311922,-105.581147,2021,11,9,22
West,Knight Hall,2021-11-09T23:00:00,30.0,30.0,,,0.84,,,,0.0207,0.0207,41.311922,-105.581147,2021,11,9,23
West,Knight Hall,2021-11-10T00:00:00,30.0,20.0,,,,,,,0.0207,0.0138,41.311922,-105.581147,2021,11,10,0
West,Knight Hall,2021-11-10T01:00:00,30.0,30.0,,,1.14,,,,0.0207,0.0207,41.311922,-105.581147,2021,11,10,1
West,Knight Hall,2021-11-10T02:00:00,20.0,20.0,,,,,,,0.0138,0.0138,41.311922,-105.581147,2021,11,10,2
West,Knight Hall,2021-11-10T03:00:00,30.0,30.0,,,,,,,0.0207,0.0207,41.311922,-105.581147,2021,11,10,3
West,Knight Hall,2021-11-10T04:00:00,30.0,30.0,,,,,,,0.0207,0.0207,41.311922,-105.581147,2021,11,10,4
West,Knight Hall,2021-11-10T05:00:00,30.0,30.0,,,8.32,,,,0.0207,0.0207,41.311922,-105.581147,2021,11,10,5
West,Knight Hall,2021-11-10T06:00:00,30.0,30.0,,,57.01,,,,0.0207,0.0207,41.311922,-105.581147,2021,11,10,6
West,Knight Hall,2021-11-10T07:00:00,50.0,40.0,,,62.66,,,,0.034499999999999996,0.0276,41.311922,-105.581147,2021,11,10,7
West,Knight Hall,2021-11-10T08:00:00,70.0,60.0,,,215.35,,,,0.048299999999999996,0.0414,41.311922,-105.581147,2021,11,10,8
West,Knight Hall,2021-11-10T09:00:00,80.0,60.0,,,,,,,0.0552,0.0414,41.311922,-105.581147,2021,11,10,9
West,Knight Hall,2021-11-10T10:00:00,70.0,60.0,,,,,,,0.048299999999999996,0.0414,41.311922,-105.581147,2021,11,10,10
West,Knight Hall,2021-11-10T11:00:00,80.0,60.0,,,,,,,0.0552,0.0414,41.311922,-105.581147,2021,11,10,11
West,Knight Hall,2021-11-10T12:00:00,60.0,60.0,,,,,,,0.0414,0.0414,41.311922,-105.581147,2021,11,10,12
West,Knight Hall,2021-11-10T13:00:00,,70.0,,,96.05,,,,,0.048299999999999996,41.311922,-105.581147,2021,11,10,13
West,Knight Hall,2021-11-10T14:00:00,60.0,60.0,,,230.05,,,,0.0414,0.0414,41.311922,-105.581147,2021,11,10,14
West,Knight Hall,2021-11-10T15:00:00,80.0,60.0,,,93.4,,,,0.0552,0.0414,41.311922,-105.581147,2021,11,10,15
West,Knight Hall,2021-11-10T16:00:00,70.0,60.0,,,32.21,,,,0.048299999999999996,0.0414,41.311922,-105.581147,2021,11,10,16
West,Knight Hall,2021-11-10T17:00:00,50.0,40.0,,,31.18,,,,0.034499999999999996,0.0276,41.311922,-105.581147,2021,11,10,17
West,Knight Hall,2021-11-10T18:00:00,40.0,40.0,,,14.23,,,,0.0276,0.0276,41.311922,-105.581147,2021,11,10,18
West,Knight Hall,2021-11-10T19:00:00,40.0,30.0,,,30.62,,,,0.0276,0.0207,41.311922,-105.581147,2021,11,10,19
West,Knight Hall,2021-11-10T20:00:00,30.0,40.0,,,4.36,,,,0.0207,0.0276,41.311922,-105.581147,2021,11,10,20
West,Knight Hall,2021-11-10T21:00:00,30.0,30.0,,,4.25,,,,0.0207,0.0207,41.311922,-105.581147,2021,11,10,21
West,Knight Hall,2021-11-10T22:00:00,30.0,30.0,,,0.88,,,,0.0207,0.0207,41.311922,-105.581147,2021,11,10,22
West,Knight Hall,2021-11-10T23:00:00,20.0,20.0,,,1.16,,,,0.0138,0.0138,41.311922,-105.581147,2021,11,10,23
West,Knight Hall,2021-11-11T00:00:00,30.0,30.0,,,0.8200000000000001,,,,0.0207,0.0207,41.311922,-105.581147,2021,11,11,0
West,Knight Hall,2021-11-11T01:00:00,30.0,30.0,,,,,,,0.0207,0.0207,41.311922,-105.581147,2021,11,11,1
West,Knight Hall,2021-11-11T02:00:00,20.0,20.0,,,1.16,,,,0.0138,0.0138,41.311922,-105.581147,2021,11,11,2
West,Knight Hall,2021-11-11T03:00:00,30.0,30.0,,,,,,,0.0207,0.0207,41.311922,-105.581147,2021,11,11,3
West,Knight Hall,2021-11-11T04:00:00,30.0,20.0,,,8.059999999999999,,,,0.0207,0.0138,41.311922,-105.581147,2021,11,11,4
West,Knight Hall,2021-11-11T05:00:00,30.0,30.0,,,1.16,,,,0.0207,0.0207,41.311922,-105.581147,2021,11,11,5
West,Knight Hall,2021-11-11T06:00:00,30.0,40.0,,,34.67,,,,0.0207,0.0276,41.311922,-105.581147,2021,11,11,6
West,Knight Hall,2021-11-11T07:00:00,60.0,40.0,,,105.24,,,,0.0414,0.0276,41.311922,-105.581147,2021,11,11,7
West,Knight Hall,2021-11-11T08:00:00,60.0,60.0,,,120.12,,,,0.0414,0.0414,41.311922,-105.581147,2021,11,11,8
West,Knight Hall,2021-11-11T09:00:00,70.0,60.0,,,157.98,,,,0.048299999999999996,0.0414,41.311922,-105.581147,2021,11,11,9
West,Knight Hall,2021-11-11T10:00:00,80.0,70.0,,,145.79000000000002,,,,0.0552,0.048299999999999996,41.311922,-105.581147,2021,11,11,10
West,Knight Hall,2021-11-11T11:00:00,,70.0,,,91.66,,,,,0.048299999999999996,41.311922,-105.581147,2021,11,11,11
West,Knight Hall,2021-11-11T12:00:00,60.0,60.0,,,92.43,,,,0.0414,0.0414,41.311922,-105.581147,2021,11,11,12
West,Knight Hall,2021-11-11T13:00:00,80.0,60.0,,,113.45,,,,0.0552,0.0414,41.311922,-105.581147,2021,11,11,13
West,Knight Hall,2021-11-11T14:00:00,70.0,70.0,,,128.52,,,,0.048299999999999996,0.048299999999999996,41.311922,-105.581147,2021,11,11,14
West,Knight Hall,2021-11-11T15:00:00,,60.0,,,109.94,,,,,0.0414,41.311922,-105.581147,2021,11,11,15
West,Knight Hall,2021-11-11T16:00:00,60.0,60.0,,,22.380000000000003,,,,0.0414,0.0414,41.311922,-105.581147,2021,11,11,16
West,Knight Hall,2021-11-11T17:00:00,60.0,50.0,,,30.16,,,,0.0414,0.034499999999999996,41.311922,-105.581147,2021,11,11,17
West,Knight Hall,2021-11-11T18:00:00,40.0,40.0,,,10.93,,,,0.0276,0.0276,41.311922,-105.581147,2021,11,11,18
West,Knight Hall,2021-11-11T19:00:00,40.0,30.0,,,3.75,,,,0.0276,0.0207,41.311922,-105.581147,2021,11,11,19
West,Knight Hall,2021-11-11T20:00:00,30.0,40.0,,,23.05,,,,0.0207,0.0276,41.311922,-105.581147,2021,11,11,20
West,Knight Hall,2021-11-11T21:00:00,30.0,30.0,,,12.64,,,,0.0207,0.0207,41.311922,-105.581147,2021,11,11,21
West,Knight Hall,2021-11-11T22:00:00,30.0,30.0,,,4.659999999999999,,,,0.0207,0.0207,41.311922,-105.581147,2021,11,11,22
West,Knight Hall,2021-11-11T23:00:00,30.0,30.0,,,0.8200000000000001,,,,0.0207,0.0207,41.311922,-105.581147,2021,11,11,23
West,Knight Hall,2021-11-12T00:00:00,30.0,20.0,,,,,,,0.0207,0.0138,41.311922,-105.581147,2021,11,12,0
West,Knight Hall,2021-11-12T01:00:00,30.0,30.0,,,,,,,0.0207,0.0207,41.311922,-105.581147,2021,11,12,1
West,Knight Hall,2021-11-12T02:00:00,20.0,20.0,,,,,,,0.0138,0.0138,41.311922,-105.581147,2021,11,12,2
West,Knight Hall,2021-11-12T03:00:00,30.0,30.0,,,0.84,,,,0.0207,0.0207,41.311922,-105.581147,2021,11,12,3
West,Knight Hall,2021-11-12T04:00:00,30.0,20.0,,,0.73,,,,0.0207,0.0138,41.311922,-105.581147,2021,11,12,4
West,Knight Hall,2021-11-12T05:00:00,30.0,30.0,,,6.88,,,,0.0207,0.0207,41.311922,-105.581147,2021,11,12,5
West,Knight Hall,2021-11-12T06:00:00,30.0,30.0,,,26.07,,,,0.0207,0.0207,41.311922,-105.581147,2021,11,12,6
West,Knight Hall,2021-11-12T07:00:00,50.0,40.0,,,,,,,0.034499999999999996,0.0276,41.311922,-105.581147,2021,11,12,7
West,Knight Hall,2021-11-12T08:00:00,60.0,60.0,,,,,,,0.0414,0.0414,41.311922,-105.581147,2021,11,12,8
West,Knight Hall,2021-11-12T09:00:00,70.0,50.0,,,,,,,0.048299999999999996,0.034499999999999996,41.311922,-105.581147,2021,11,12,9
West,Knight Hall,2021-11-12T10:00:00,80.0,60.0,,,,,,,0.0552,0.0414,41.311922,-105.581147,2021,11,12,10
West,Knight Hall,2021-11-12T11:00:00,70.0,60.0,,,,,,,0.048299999999999996,0.0414,41.311922,-105.581147,2021,11,12,11
West,Knight Hall,2021-11-12T12:00:00,70.0,60.0,,,,,,,0.048299999999999996,0.0414,41.311922,-105.581147,2021,11,12,12
West,Knight Hall,2021-11-12T13:00:00,70.0,60.0,,,91.55,,,,0.048299999999999996,0.0414,41.311922,-105.581147,2021,11,12,13
West,Knight Hall,2021-11-12T14:00:00,70.0,60.0,,,81.56,,,,0.048299999999999996,0.0414,41.311922,-105.581147,2021,11,12,14
West,Knight Hall,2021-11-12T15:00:00,70.0,60.0,,,66.61999999999999,,,,0.048299999999999996,0.0414,41.311922,-105.581147,2021,11,12,15
West,Knight Hall,2021-11-12T16:00:00,70.0,60.0,,,28.7,,,,0.048299999999999996,0.0414,41.311922,-105.581147,2021,11,12,16
West,Knight Hall,2021-11-12T17:00:00,50.0,50.0,,,7.16,,,,0.034499999999999996,0.034499999999999996,41.311922,-105.581147,2021,11,12,17
West,Knight Hall,2021-11-12T18:00:00,40.0,30.0,,,11.23,,,,0.0276,0.0207,41.311922,-105.581147,2021,11,12,18
West,Knight Hall,2021-11-12T19:00:00,40.0,40.0,,,15.44,,,,0.0276,0.0276,41.311922,-105.581147,2021,11,12,19
West,Knight Hall,2021-11-12T20:00:00,30.0,30.0,,,5.539999999999999,,,,0.0207,0.0207,41.311922,-105.581147,2021,11,12,20
West,Knight Hall,2021-11-12T21:00:00,30.0,30.0,,,0.22,,,,0.0207,0.0207,41.311922,-105.581147,2021,11,12,21
West,Knight Hall,2021-11-12T22:00:00,20.0,30.0,,,,,,,0.0138,0.0207,41.311922,-105.581147,2021,11,12,22
West,Knight Hall,2021-11-12T23:00:00,30.0,20.0,,,,,,,0.0207,0.0138,41.311922,-105.581147,2021,11,12,23
West,Knight Hall,2021-11-13T00:00:00,30.0,30.0,,,,,,,0.0207,0.0207,41.311922,-105.581147,2021,11,13,0
West,Knight Hall,2021-11-13T01:00:00,30.0,20.0,,,,,,,0.0207,0.0138,41.311922,-105.581147,2021,11,13,1
West,Knight Hall,2021-11-13T02:00:00,20.0,30.0,,,0.8200000000000001,,,,0.0138,0.0207,41.311922,-105.581147,2021,11,13,2
West,Knight Hall,2021-11-13T03:00:00,30.0,20.0,,,,,,,0.0207,0.0138,41.311922,-105.581147,2021,11,13,3
West,Knight Hall,2021-11-13T04:00:00,20.0,30.0,,,,,,,0.0138,0.0207,41.311922,-105.581147,2021,11,13,4
West,Knight Hall,2021-11-13T05:00:00,30.0,30.0,,,,,,,0.0207,0.0207,41.311922,-105.581147,2021,11,13,5
West,Knight Hall,2021-11-13T06:00:00,30.0,30.0,,,0.8200000000000001,,,,0.0207,0.0207,41.311922,-105.581147,2021,11,13,6
West,Knight Hall,2021-11-13T07:00:00,30.0,40.0,,,4.76,,,,0.0207,0.0276,41.311922,-105.581147,2021,11,13,7
West,Knight Hall,2021-11-13T08:00:00,20.0,50.0,,,9.72,,,,0.0138,0.034499999999999996,41.311922,-105.581147,2021,11,13,8
West,Knight Hall,2021-11-13T09:00:00,40.0,60.0,,,12.59,,,,0.0276,0.0414,41.311922,-105.581147,2021,11,13,9
West,Knight Hall,2021-11-13T10:00:00,30.0,60.0,,,,,,,0.0207,0.0414,41.311922,-105.581147,2021,11,13,10
West,Knight Hall,2021-11-13T11:00:00,40.0,70.0,,,0.37,,,,0.0276,0.048299999999999996,41.311922,-105.581147,2021,11,13,11
West,Knight Hall,2021-11-13T12:00:00,30.0,60.0,,,,,,,0.0207,0.0414,41.311922,-105.581147,2021,11,13,12
West,Knight Hall,2021-11-13T13:00:00,30.0,50.0,,,0.8,,,,0.0207,0.034499999999999996,41.311922,-105.581147,2021,11,13,13
West,Knight Hall,2021-11-13T14:00:00,20.0,60.0,,,,,,,0.0138,0.0414,41.311922,-105.581147,2021,11,13,14
West,Knight Hall,2021-11-13T15:00:00,40.0,60.0,,,1.21,,,,0.0276,0.0414,41.311922,-105.581147,2021,11,13,15
West,Knight Hall,2021-11-13T16:00:00,20.0,50.0,,,3.13,,,,0.0138,0.034499999999999996,41.311922,-105.581147,2021,11,13,16
West,Knight Hall,2021-11-13T17:00:00,30.0,40.0,,,0.4499999999999999,,,,0.0207,0.0276,41.311922,-105.581147,2021,11,13,17
West,Knight Hall,2021-11-13T18:00:00,20.0,30.0,,,0.02,,,,0.0138,0.0207,41.311922,-105.581147,2021,11,13,18
West,Knight Hall,2021-11-13T19:00:00,30.0,40.0,,,,,,,0.0207,0.0276,41.311922,-105.581147,2021,11,13,19
West,Knight Hall,2021-11-13T20:00:00,30.0,30.0,,,0.67,,,,0.0207,0.0207,41.311922,-105.581147,2021,11,13,20
West,Knight Hall,2021-11-13T21:00:00,30.0,30.0,,,,,,,0.0207,0.0207,41.311922,-105.581147,2021,11,13,21
West,Knight Hall,2021-11-13T22:00:00,20.0,20.0,,,,,,,0.0138,0.0138,41.311922,-105.581147,2021,11,13,22
West,Knight Hall,2021-11-13T23:00:00,30.0,30.0,,,,,,,0.0207,0.0207,41.311922,-105.581147,2021,11,13,23
West,Knight Hall,2021-11-14T00:00:00,30.0,20.0,,,,,,,0.0207,0.0138,41.311922,-105.581147,2021,11,14,0
West,Knight Hall,2021-11-14T01:00:00,30.0,30.0,,,,,,,0.0207,0.0207,41.311922,-105.581147,2021,11,14,1
West,Knight Hall,2021-11-14T02:00:00,20.0,20.0,,,,,,,0.0138,0.0138,41.311922,-105.581147,2021,11,14,2
West,Knight Hall,2021-11-14T03:00:00,40.0,30.0,,,,,,,0.0276,0.0207,41.311922,-105.581147,2021,11,14,3
West,Knight Hall,2021-11-14T04:00:00,20.0,30.0,,,,,,,0.0138,0.0207,41.311922,-105.581147,2021,11,14,4
West,Knight Hall,2021-11-14T05:00:00,30.0,20.0,,,,,,,0.0207,0.0138,41.311922,-105.581147,2021,11,14,5
West,Knight Hall,2021-11-14T06:00:00,20.0,30.0,,,,,,,0.0138,0.0207,41.311922,-105.581147,2021,11,14,6
West,Knight Hall,2021-11-14T07:00:00,40.0,30.0,,,,,,,0.0276,0.0207,41.311922,-105.581147,2021,11,14,7
West,Knight Hall,2021-11-14T08:00:00,20.0,30.0,,,3.1000000000000005,,,,0.0138,0.0207,41.311922,-105.581147,2021,11,14,8
West,Knight Hall,2021-11-14T09:00:00,40.0,20.0,,,14.98,,,,0.0276,0.0138,41.311922,-105.581147,2021,11,14,9
West,Knight Hall,2021-11-14T10:00:00,30.0,30.0,,,,,,,0.0207,0.0207,41.311922,-105.581147,2021,11,14,10
West,Knight Hall,2021-11-14T11:00:00,30.0,40.0,,,0.22,,,,0.0207,0.0276,41.311922,-105.581147,2021,11,14,11
West,Knight Hall,2021-11-14T12:00:00,30.0,30.0,,,,,,,0.0207,0.0207,41.311922,-105.581147,2021,11,14,12
West,Knight Hall,2021-11-14T13:00:00,40.0,30.0,,,,,,,0.0276,0.0207,41.311922,-105.581147,2021,11,14,13
West,Knight Hall,2021-11-14T14:00:00,20.0,40.0,,,4.79,,,,0.0138,0.0276,41.311922,-105.581147,2021,11,14,14
West,Knight Hall,2021-11-14T15:00:00,40.0,30.0,,,3.86,,,,0.0276,0.0207,41.311922,-105.581147,2021,11,14,15
West,Knight Hall,2021-11-14T16:00:00,30.0,30.0,,,3.34,,,,0.0207,0.0207,41.311922,-105.581147,2021,11,14,16
West,Knight Hall,2021-11-14T17:00:00,40.0,20.0,,,,,,,0.0276,0.0138,41.311922,-105.581147,2021,11,14,17
West,Knight Hall,2021-11-14T18:00:00,20.0,30.0,,,3.28,,,,0.0138,0.0207,41.311922,-105.581147,2021,11,14,18
West,Knight Hall,2021-11-14T19:00:00,30.0,20.0,,,,,,,0.0207,0.0138,41.311922,-105.581147,2021,11,14,19
West,Knight Hall,2021-11-14T20:00:00,30.0,30.0,,,0.8200000000000001,,,,0.0207,0.0207,41.311922,-105.581147,2021,11,14,20
West,Knight Hall,2021-11-14T21:00:00,40.0,30.0,,,,,,,0.0276,0.0207,41.311922,-105.581147,2021,11,14,21
West,Knight Hall,2021-11-14T22:00:00,20.0,20.0,,,,,,,0.0138,0.0138,41.311922,-105.581147,2021,11,14,22
West,Knight Hall,2021-11-14T23:00:00,40.0,30.0,,,,,,,0.0276,0.0207,41.311922,-105.581147,2021,11,14,23
West,Knight Hall,2021-11-15T00:00:00,20.0,20.0,,,,,,,0.0138,0.0138,41.311922,-105.581147,2021,11,15,0
West,Knight Hall,2021-11-15T01:00:00,40.0,30.0,,,,,,,0.0276,0.0207,41.311922,-105.581147,2021,11,15,1
West,Knight Hall,2021-11-15T02:00:00,20.0,20.0,,,,,,,0.0138,0.0138,41.311922,-105.581147,2021,11,15,2
West,Knight Hall,2021-11-15T03:00:00,40.0,30.0,,,,,,,0.0276,0.0207,41.311922,-105.581147,2021,11,15,3
West,Knight Hall,2021-11-15T04:00:00,20.0,30.0,,,1.96,,,,0.0138,0.0207,41.311922,-105.581147,2021,11,15,4
West,Knight Hall,2021-11-15T05:00:00,40.0,20.0,,,0.95,,,,0.0276,0.0138,41.311922,-105.581147,2021,11,15,5
West,Knight Hall,2021-11-15T06:00:00,30.0,30.0,,,35.83,,,,0.0207,0.0207,41.311922,-105.581147,2021,11,15,6
West,Knight Hall,2021-11-15T07:00:00,60.0,20.0,,,83.35,,,,0.0414,0.0138,41.311922,-105.581147,2021,11,15,7
West,Knight Hall,2021-11-15T08:00:00,60.0,30.0,,,152.89,,,,0.0414,0.0207,41.311922,-105.581147,2021,11,15,8
West,Knight Hall,2021-11-15T09:00:00,80.0,40.0,,,154.90999999999997,,,,0.0552,0.0276,41.311922,-105.581147,2021,11,15,9
West,Knight Hall,2021-11-15T10:00:00,70.0,30.0,,,121.77,,,,0.048299999999999996,0.0207,41.311922,-105.581147,2021,11,15,10
West,Knight Hall,2021-11-15T11:00:00,,30.0,,,92.91,,,,,0.0207,41.311922,-105.581147,2021,11,15,11
West,Knight Hall,2021-11-15T12:00:00,60.0,30.0,,,62.76,,,,0.0414,0.0207,41.311922,-105.581147,2021,11,15,12
West,Knight Hall,2021-11-15T13:00:00,80.0,30.0,,,138.4,,,,0.0552,0.0207,41.311922,-105.581147,2021,11,15,13
West,Knight Hall,2021-11-15T14:00:00,70.0,30.0,,,102.61,,,,0.048299999999999996,0.0207,41.311922,-105.581147,2021,11,15,14
West,Knight Hall,2021-11-15T15:00:00,80.0,30.0,,,101.88,,,,0.0552,0.0207,41.311922,-105.581147,2021,11,15,15
West,Knight Hall,2021-11-15T16:00:00,60.0,30.0,,,60.71,,,,0.0414,0.0207,41.311922,-105.581147,2021,11,15,16
West,Knight Hall,2021-11-15T17:00:00,40.0,20.0,,,36.39,,,,0.0276,0.0138,41.311922,-105.581147,2021,11,15,17
West,Knight Hall,2021-11-15T18:00:00,50.0,30.0,,,23.24,,,,0.034499999999999996,0.0207,41.311922,-105.581147,2021,11,15,18
West,Knight Hall,2021-11-15T19:00:00,40.0,30.0,,,26.31,,,,0.0276,0.0207,41.311922,-105.581147,2021,11,15,19
West,Knight Hall,2021-11-15T20:00:00,30.0,20.0,,,1.5099999999999998,,,,0.0207,0.0138,41.311922,-105.581147,2021,11,15,20
West,Knight Hall,2021-11-15T21:00:00,30.0,30.0,,,17.61,,,,0.0207,0.0207,41.311922,-105.581147,2021,11,15,21
West,Knight Hall,2021-11-15T22:00:00,30.0,30.0,,,1.73,,,,0.0207,0.0207,41.311922,-105.581147,2021,11,15,22
West,Knight Hall,2021-11-15T23:00:00,30.0,20.0,,,0.76,,,,0.0207,0.0138,41.311922,-105.581147,2021,11,15,23
West,Knight Hall,2021-11-16T00:00:00,20.0,30.0,,,,,,,0.0138,0.0207,41.311922,-105.581147,2021,11,16,0
West,Knight Hall,2021-11-16T01:00:00,30.0,30.0,,,1.23,,,,0.0207,0.0207,41.311922,-105.581147,2021,11,16,1
West,Knight Hall,2021-11-16T02:00:00,30.0,30.0,,,,,,,0.0207,0.0207,41.311922,-105.581147,2021,11,16,2
West,Knight Hall,2021-11-16T03:00:00,30.0,20.0,,,0.09,,,,0.0207,0.0138,41.311922,-105.581147,2021,11,16,3
West,Knight Hall,2021-11-16T04:00:00,30.0,30.0,,,3.38,,,,0.0207,0.0207,41.311922,-105.581147,2021,11,16,4
West,Knight Hall,2021-11-16T05:00:00,30.0,30.0,,,21.130000000000003,,,,0.0207,0.0207,41.311922,-105.581147,2021,11,16,5
West,Knight Hall,2021-11-16T06:00:00,30.0,40.0,,,33.510000000000005,,,,0.0207,0.0276,41.311922,-105.581147,2021,11,16,6
West,Knight Hall,2021-11-16T07:00:00,40.0,30.0,,,108.15,,,,0.0276,0.0207,41.311922,-105.581147,2021,11,16,7
West,Knight Hall,2021-11-16T08:00:00,70.0,60.0,,,183.79,,,,0.048299999999999996,0.0414,41.311922,-105.581147,2021,11,16,8
West,Knight Hall,2021-11-16T09:00:00,80.0,60.0,,,154.89,,,,0.0552,0.0414,41.311922,-105.581147,2021,11,16,9
West,Knight Hall,2021-11-16T10:00:00,70.0,60.0,,,137.17,,,,0.048299999999999996,0.0414,41.311922,-105.581147,2021,11,16,10
West,Knight Hall,2021-11-16T11:00:00,,60.0,,,95.9,,,,,0.0414,41.311922,-105.581147,2021,11,16,11
West,Knight Hall,2021-11-16T12:00:00,60.0,70.0,,,84.50000000000001,,,,0.0414,0.048299999999999996,41.311922,-105.581147,2021,11,16,12
West,Knight Hall,2021-11-16T13:00:00,80.0,60.0,,,130.17999999999998,,,,0.0552,0.0414,41.311922,-105.581147,2021,11,16,13
West,Knight Hall,2021-11-16T14:00:00,70.0,60.0,,,88.97999999999999,,,,0.048299999999999996,0.0414,41.311922,-105.581147,2021,11,16,14
West,Knight Hall,2021-11-16T15:00:00,80.0,70.0,,,,,,,0.0552,0.048299999999999996,41.311922,-105.581147,2021,11,16,15
West,Knight Hall,2021-11-16T16:00:00,60.0,60.0,,,220.78,,,,0.0414,0.0414,41.311922,-105.581147,2021,11,16,16
West,Knight Hall,2021-11-16T17:00:00,60.0,40.0,,,36.48,,,,0.0414,0.0276,41.311922,-105.581147,2021,11,16,17
West,Knight Hall,2021-11-16T18:00:00,30.0,40.0,,,13.89,,,,0.0207,0.0276,41.311922,-105.581147,2021,11,16,18
West,Knight Hall,2021-11-16T19:00:00,40.0,40.0,,,29.88,,,,0.0276,0.0276,41.311922,-105.581147,2021,11,16,19
West,Knight Hall,2021-11-16T20:00:00,30.0,30.0,,,9.59,,,,0.0207,0.0207,41.311922,-105.581147,2021,11,16,20
West,Knight Hall,2021-11-16T21:00:00,30.0,40.0,,,18.84,,,,0.0207,0.0276,41.311922,-105.581147,2021,11,16,21
West,Knight Hall,2021-11-16T22:00:00,30.0,30.0,,,0.02,,,,0.0207,0.0207,41.311922,-105.581147,2021,11,16,22
West,Knight Hall,2021-11-16T23:00:00,30.0,20.0,,,0.8,,,,0.0207,0.0138,41.311922,-105.581147,2021,11,16,23
West,Knight Hall,2021-11-17T00:00:00,20.0,30.0,,,,,,,0.0138,0.0207,41.311922,-105.581147,2021,11,17,0
West,Knight Hall,2021-11-17T01:00:00,30.0,30.0,,,2.76,,,,0.0207,0.0207,41.311922,-105.581147,2021,11,17,1
West,Knight Hall,2021-11-17T02:00:00,20.0,20.0,,,0.63,,,,0.0138,0.0138,41.311922,-105.581147,2021,11,17,2
West,Knight Hall,2021-11-17T03:00:00,40.0,30.0,,,,,,,0.0276,0.0207,41.311922,-105.581147,2021,11,17,3
West,Knight Hall,2021-11-17T04:00:00,20.0,20.0,,,0.3,,,,0.0138,0.0138,41.311922,-105.581147,2021,11,17,4
West,Knight Hall,2021-11-17T05:00:00,40.0,30.0,,,27.51,,,,0.0276,0.0207,41.311922,-105.581147,2021,11,17,5
West,Knight Hall,2021-11-17T06:00:00,20.0,30.0,,,37.86,,,,0.0138,0.0207,41.311922,-105.581147,2021,11,17,6
West,Knight Hall,2021-11-17T07:00:00,60.0,40.0,,,184.95,,,,0.0414,0.0276,41.311922,-105.581147,2021,11,17,7
West,Knight Hall,2021-11-17T08:00:00,60.0,50.0,,,,,,,0.0414,0.034499999999999996,41.311922,-105.581147,2021,11,17,8
West,Knight Hall,2021-11-17T09:00:00,,60.0,,,143.42,,,,,0.0414,41.311922,-105.581147,2021,11,17,9
West,Knight Hall,2021-11-17T10:00:00,70.0,70.0,,,150.02,,,,0.048299999999999996,0.048299999999999996,41.311922,-105.581147,2021,11,17,10
West,Knight Hall,2021-11-17T11:00:00,,60.0,,,108.8,,,,,0.0414,41.311922,-105.581147,2021,11,17,11
West,Knight Hall,2021-11-17T12:00:00,60.0,70.0,,,160.76,,,,0.0414,0.048299999999999996,41.311922,-105.581147,2021,11,17,12
West,Knight Hall,2021-11-17T13:00:00,,60.0,,,180.21,,,,,0.0414,41.311922,-105.581147,2021,11,17,13
West,Knight Hall,2021-11-17T14:00:00,60.0,60.0,,,,,,,0.0414,0.0414,41.311922,-105.581147,2021,11,17,14
West,Knight Hall,2021-11-17T15:00:00,,60.0,,,134.61,,,,,0.0414,41.311922,-105.581147,2021,11,17,15
West,Knight Hall,2021-11-17T16:00:00,60.0,60.0,,,40.74999999999999,,,,0.0414,0.0414,41.311922,-105.581147,2021,11,17,16
West,Knight Hall,2021-11-17T17:00:00,60.0,50.0,,,51.01,,,,0.0414,0.034499999999999996,41.311922,-105.581147,2021,11,17,17
West,Knight Hall,2021-11-17T18:00:00,30.0,40.0,,,12.55,,,,0.0207,0.0276,41.311922,-105.581147,2021,11,17,18
West,Knight Hall,2021-11-17T19:00:00,40.0,30.0,,,28.4,,,,0.0276,0.0207,41.311922,-105.581147,2021,11,17,19
West,Knight Hall,2021-11-17T20:00:00,30.0,30.0,,,10.43,,,,0.0207,0.0207,41.311922,-105.581147,2021,11,17,20
West,Knight Hall,2021-11-17T21:00:00,40.0,30.0,,,1.25,,,,0.0276,0.0207,41.311922,-105.581147,2021,11,17,21
West,Knight Hall,2021-11-17T22:00:00,30.0,30.0,,,,,,,0.0207,0.0207,41.311922,-105.581147,2021,11,17,22
West,Knight Hall,2021-11-17T23:00:00,30.0,30.0,,,1.98,,,,0.0207,0.0207,41.311922,-105.581147,2021,11,17,23
West,Knight Hall,2021-11-18T00:00:00,20.0,30.0,,,,,,,0.0138,0.0207,41.311922,-105.581147,2021,11,18,0
West,Knight Hall,2021-11-18T01:00:00,40.0,20.0,,,,,,,0.0276,0.0138,41.311922,-105.581147,2021,11,18,1
West,Knight Hall,2021-11-18T02:00:00,20.0,30.0,,,,,,,0.0138,0.0207,41.311922,-105.581147,2021,11,18,2
West,Knight Hall,2021-11-18T03:00:00,30.0,20.0,,,0.8200000000000001,,,,0.0207,0.0138,41.311922,-105.581147,2021,11,18,3
West,Knight Hall,2021-11-18T04:00:00,30.0,30.0,,,,,,,0.0207,0.0207,41.311922,-105.581147,2021,11,18,4
West,Knight Hall,2021-11-18T05:00:00,30.0,30.0,,,3.75,,,,0.0207,0.0207,41.311922,-105.581147,2021,11,18,5
West,Knight Hall,2021-11-18T06:00:00,30.0,30.0,,,32.02,,,,0.0207,0.0207,41.311922,-105.581147,2021,11,18,6
West,Knight Hall,2021-11-18T07:00:00,60.0,40.0,,,80.34,,,,0.0414,0.0276,41.311922,-105.581147,2021,11,18,7
West,Knight Hall,2021-11-18T08:00:00,60.0,60.0,,,115.78,,,,0.0414,0.0414,41.311922,-105.581147,2021,11,18,8
West,Knight Hall,2021-11-18T09:00:00,70.0,70.0,,,137.14999999999998,,,,0.048299999999999996,0.048299999999999996,41.311922,-105.581147,2021,11,18,9
West,Knight Hall,2021-11-18T10:00:00,80.0,60.0,,,163.09,,,,0.0552,0.0414,41.311922,-105.581147,2021,11,18,10
West,Knight Hall,2021-11-18T11:00:00,70.0,60.0,,,170.55,,,,0.048299999999999996,0.0414,41.311922,-105.581147,2021,11,18,11
West,Knight Hall,2021-11-18T12:00:00,80.0,70.0,,,69.71000000000001,,,,0.0552,0.048299999999999996,41.311922,-105.581147,2021,11,18,12
West,Knight Hall,2021-11-18T13:00:00,70.0,60.0,,,91.53,,,,0.048299999999999996,0.0414,41.311922,-105.581147,2021,11,18,13
West,Knight Hall,2021-11-18T14:00:00,70.0,70.0,,,97.63,,,,0.048299999999999996,0.048299999999999996,41.311922,-105.581147,2021,11,18,14
West,Knight Hall,2021-11-18T15:00:00,70.0,60.0,,,100.37,,,,0.048299999999999996,0.0414,41.311922,-105.581147,2021,11,18,15
West,Knight Hall,2021-11-18T16:00:00,80.0,50.0,,,52.01,,,,0.0552,0.034499999999999996,41.311922,-105.581147,2021,11,18,16
West,Knight Hall,2021-11-18T17:00:00,50.0,50.0,,,32.67,,,,0.034499999999999996,0.034499999999999996,41.311922,-105.581147,2021,11,18,17
West,Knight Hall,2021-11-18T18:00:00,40.0,40.0,,,28.07,,,,0.0276,0.0276,41.311922,-105.581147,2021,11,18,18
West,Knight Hall,2021-11-18T19:00:00,40.0,40.0,,,9.92,,,,0.0276,0.0276,41.311922,-105.581147,2021,11,18,19
West,Knight Hall,2021-11-18T20:00:00,30.0,30.0,,,5.82,,,,0.0207,0.0207,41.311922,-105.581147,2021,11,18,20
West,Knight Hall,2021-11-18T21:00:00,40.0,30.0,,,18.18,,,,0.0276,0.0207,41.311922,-105.581147,2021,11,18,21
West,Knight Hall,2021-11-18T22:00:00,30.0,30.0,,,,,,,0.0207,0.0207,41.311922,-105.581147,2021,11,18,22
West,Knight Hall,2021-11-18T23:00:00,20.0,30.0,,,0.84,,,,0.0138,0.0207,41.311922,-105.581147,2021,11,18,23
West,Knight Hall,2021-11-19T00:00:00,30.0,30.0,,,,,,,0.0207,0.0207,41.311922,-105.581147,2021,11,19,0
West,Knight Hall,2021-11-19T01:00:00,30.0,20.0,,,1.21,,,,0.0207,0.0138,41.311922,-105.581147,2021,11,19,1
West,Knight Hall,2021-11-19T02:00:00,20.0,30.0,,,,,,,0.0138,0.0207,41.311922,-105.581147,2021,11,19,2
West,Knight Hall,2021-11-19T03:00:00,30.0,20.0,,,0.84,,,,0.0207,0.0138,41.311922,-105.581147,2021,11,19,3
West,Knight Hall,2021-11-19T04:00:00,30.0,30.0,,,7.390000000000001,,,,0.0207,0.0207,41.311922,-105.581147,2021,11,19,4
West,Knight Hall,2021-11-19T05:00:00,30.0,30.0,,,0.13,,,,0.0207,0.0207,41.311922,-105.581147,2021,11,19,5
West,Knight Hall,2021-11-19T06:00:00,30.0,30.0,,,30.47,,,,0.0207,0.0207,41.311922,-105.581147,2021,11,19,6
West,Knight Hall,2021-11-19T07:00:00,60.0,40.0,,,112.33,,,,0.0414,0.0276,41.311922,-105.581147,2021,11,19,7
West,Knight Hall,2021-11-19T08:00:00,50.0,60.0,,,126.22,,,,0.034499999999999996,0.0414,41.311922,-105.581147,2021,11,19,8
West,Knight Hall,2021-11-19T09:00:00,80.0,60.0,,,148.81,,,,0.0552,0.0414,41.311922,-105.581147,2021,11,19,9
West,Knight Hall,2021-11-19T10:00:00,70.0,60.0,,,149.91,,,,0.048299999999999996,0.0414,41.311922,-105.581147,2021,11,19,10
West,Knight Hall,2021-11-19T11:00:00,80.0,70.0,,,83.85,,,,0.0552,0.048299999999999996,41.311922,-105.581147,2021,11,19,11
West,Knight Hall,2021-11-19T12:00:00,60.0,60.0,,,94.93,,,,0.0414,0.0414,41.311922,-105.581147,2021,11,19,12
West,Knight Hall,2021-11-19T13:00:00,,60.0,,,136.32999999999998,,,,,0.0414,41.311922,-105.581147,2021,11,19,13
West,Knight Hall,2021-11-19T14:00:00,60.0,70.0,,,58.54,,,,0.0414,0.048299999999999996,41.311922,-105.581147,2021,11,19,14
West,Knight Hall,2021-11-19T15:00:00,80.0,60.0,,,107.12,,,,0.0552,0.0414,41.311922,-105.581147,2021,11,19,15
West,Knight Hall,2021-11-19T16:00:00,60.0,60.0,,,43.88,,,,0.0414,0.0414,41.311922,-105.581147,2021,11,19,16
West,Knight Hall,2021-11-19T17:00:00,50.0,40.0,,,76.8,,,,0.034499999999999996,0.0276,41.311922,-105.581147,2021,11,19,17
West,Knight Hall,2021-11-19T18:00:00,30.0,40.0,,,7.140000000000001,,,,0.0207,0.0276,41.311922,-105.581147,2021,11,19,18
West,Knight Hall,2021-11-19T19:00:00,40.0,40.0,,,23.55,,,,0.0276,0.0276,41.311922,-105.581147,2021,11,19,19
West,Knight Hall,2021-11-19T20:00:00,30.0,30.0,,,5.430000000000001,,,,0.0207,0.0207,41.311922,-105.581147,2021,11,19,20
West,Knight Hall,2021-11-19T21:00:00,30.0,30.0,,,7.529999999999999,,,,0.0207,0.0207,41.311922,-105.581147,2021,11,19,21
West,Knight Hall,2021-11-19T22:00:00,30.0,20.0,,,0.65,,,,0.0207,0.0138,41.311922,-105.581147,2021,11,19,22
West,Knight Hall,2021-11-19T23:00:00,20.0,30.0,,,0.78,,,,0.0138,0.0207,41.311922,-105.581147,2021,11,19,23
West,Knight Hall,2021-11-20T00:00:00,30.0,30.0,,,,,,,0.0207,0.0207,41.311922,-105.581147,2021,11,20,0
West,Knight Hall,2021-11-20T01:00:00,20.0,20.0,,,,,,,0.0138,0.0138,41.311922,-105.581147,2021,11,20,1
West,Knight Hall,2021-11-20T02:00:00,30.0,30.0,,,0.78,,,,0.0207,0.0207,41.311922,-105.581147,2021,11,20,2
West,Knight Hall,2021-11-20T03:00:00,30.0,20.0,,,1.14,,,,0.0207,0.0138,41.311922,-105.581147,2021,11,20,3
West,Knight Hall,2021-11-20T04:00:00,20.0,30.0,,,,,,,0.0138,0.0207,41.311922,-105.581147,2021,11,20,4
West,Knight Hall,2021-11-20T05:00:00,30.0,30.0,,,,,,,0.0207,0.0207,41.311922,-105.581147,2021,11,20,5
West,Knight Hall,2021-11-20T06:00:00,30.0,30.0,,,5.28,,,,0.0207,0.0207,41.311922,-105.581147,2021,11,20,6
West,Knight Hall,2021-11-20T07:00:00,30.0,40.0,,,,,,,0.0207,0.0276,41.311922,-105.581147,2021,11,20,7
West,Knight Hall,2021-11-20T08:00:00,20.0,50.0,,,0.37,,,,0.0138,0.034499999999999996,41.311922,-105.581147,2021,11,20,8
West,Knight Hall,2021-11-20T09:00:00,40.0,60.0,,,,,,,0.0276,0.0414,41.311922,-105.581147,2021,11,20,9
West,Knight Hall,2021-11-20T10:00:00,20.0,60.0,,,0.6,,,,0.0138,0.0414,41.311922,-105.581147,2021,11,20,10
West,Knight Hall,2021-11-20T11:00:00,30.0,60.0,,,,,,,0.0207,0.0414,41.311922,-105.581147,2021,11,20,11
West,Knight Hall,2021-11-20T12:00:00,30.0,60.0,,,0.35,,,,0.0207,0.0414,41.311922,-105.581147,2021,11,20,12
West,Knight Hall,2021-11-20T13:00:00,30.0,60.0,,,,,,,0.0207,0.0414,41.311922,-105.581147,2021,11,20,13
West,Knight Hall,2021-11-20T14:00:00,30.0,60.0,,,,,,,0.0207,0.0414,41.311922,-105.581147,2021,11,20,14
West,Knight Hall,2021-11-20T15:00:00,30.0,60.0,,,,,,,0.0207,0.0414,41.311922,-105.581147,2021,11,20,15
West,Knight Hall,2021-11-20T16:00:00,30.0,50.0,,,0.8,,,,0.0207,0.034499999999999996,41.311922,-105.581147,2021,11,20,16
West,Knight Hall,2021-11-20T17:00:00,30.0,50.0,,,6.12,,,,0.0207,0.034499999999999996,41.311922,-105.581147,2021,11,20,17
West,Knight Hall,2021-11-20T18:00:00,30.0,40.0,,,1.7,,,,0.0207,0.0276,41.311922,-105.581147,2021,11,20,18
West,Knight Hall,2021-11-20T19:00:00,30.0,30.0,,,,,,,0.0207,0.0207,41.311922,-105.581147,2021,11,20,19
West,Knight Hall,2021-11-20T20:00:00,30.0,30.0,,,0.78,,,,0.0207,0.0207,41.311922,-105.581147,2021,11,20,20
West,Knight Hall,2021-11-20T21:00:00,40.0,30.0,,,1.19,,,,0.0276,0.0207,41.311922,-105.581147,2021,11,20,21
West,Knight Hall,2021-11-20T22:00:00,20.0,30.0,,,,,,,0.0138,0.0207,41.311922,-105.581147,2021,11,20,22
West,Knight Hall,2021-11-20T23:00:00,30.0,20.0,,,0.62,,,,0.0207,0.0138,41.311922,-105.581147,2021,11,20,23
West,Knight Hall,2021-11-21T00:00:00,20.0,30.0,,,,,,,0.0138,0.0207,41.311922,-105.581147,2021,11,21,0
West,Knight Hall,2021-11-21T01:00:00,30.0,20.0,,,,,,,0.0207,0.0138,41.311922,-105.581147,2021,11,21,1
West,Knight Hall,2021-11-21T02:00:00,30.0,30.0,,,,,,,0.0207,0.0207,41.311922,-105.581147,2021,11,21,2
West,Knight Hall,2021-11-21T03:00:00,30.0,20.0,,,,,,,0.0207,0.0138,41.311922,-105.581147,2021,11,21,3
West,Knight Hall,2021-11-21T04:00:00,20.0,30.0,,,,,,,0.0138,0.0207,41.311922,-105.581147,2021,11,21,4
West,Knight Hall,2021-11-21T05:00:00,30.0,20.0,,,,,,,0.0207,0.0138,41.311922,-105.581147,2021,11,21,5
West,Knight Hall,2021-11-21T06:00:00,30.0,30.0,,,0.39,,,,0.0207,0.0207,41.311922,-105.581147,2021,11,21,6
West,Knight Hall,2021-11-21T07:00:00,30.0,30.0,,,,,,,0.0207,0.0207,41.311922,-105.581147,2021,11,21,7
West,Knight Hall,2021-11-21T08:00:00,30.0,30.0,,,0.99,,,,0.0207,0.0207,41.311922,-105.581147,2021,11,21,8
West,Knight Hall,2021-11-21T09:00:00,30.0,30.0,,,0.62,,,,0.0207,0.0207,41.311922,-105.581147,2021,11,21,9
West,Knight Hall,2021-11-21T10:00:00,30.0,30.0,,,0.8200000000000001,,,,0.0207,0.0207,41.311922,-105.581147,2021,11,21,10
West,Knight Hall,2021-11-21T11:00:00,30.0,40.0,,,,,,,0.0207,0.0276,41.311922,-105.581147,2021,11,21,11
West,Knight Hall,2021-11-21T12:00:00,30.0,30.0,,,,,,,0.0207,0.0207,41.311922,-105.581147,2021,11,21,12
West,Knight Hall,2021-11-21T13:00:00,30.0,30.0,,,,,,,0.0207,0.0207,41.311922,-105.581147,2021,11,21,13
West,Knight Hall,2021-11-21T14:00:00,30.0,30.0,,,,,,,0.0207,0.0207,41.311922,-105.581147,2021,11,21,14
West,Knight Hall,2021-11-21T15:00:00,30.0,20.0,,,,,,,0.0207,0.0138,41.311922,-105.581147,2021,11,21,15
West,Knight Hall,2021-11-21T16:00:00,20.0,30.0,,,0.6900000000000001,,,,0.0138,0.0207,41.311922,-105.581147,2021,11,21,16
West,Knight Hall,2021-11-21T17:00:00,30.0,30.0,,,,,,,0.0207,0.0207,41.311922,-105.581147,2021,11,21,17
West,Knight Hall,2021-11-21T18:00:00,30.0,20.0,,,3.1100000000000003,,,,0.0207,0.0138,41.311922,-105.581147,2021,11,21,18
West,Knight Hall,2021-11-21T19:00:00,30.0,30.0,,,0.11,,,,0.0207,0.0207,41.311922,-105.581147,2021,11,21,19
West,Knight Hall,2021-11-21T20:00:00,30.0,20.0,,,,,,,0.0207,0.0138,41.311922,-105.581147,2021,11,21,20
West,Knight Hall,2021-11-21T21:00:00,30.0,30.0,,,,,,,0.0207,0.0207,41.311922,-105.581147,2021,11,21,21
West,Knight Hall,2021-11-21T22:00:00,20.0,30.0,,,,,,,0.0138,0.0207,41.311922,-105.581147,2021,11,21,22
West,Knight Hall,2021-11-21T23:00:00,30.0,20.0,,,,,,,0.0207,0.0138,41.311922,-105.581147,2021,11,21,23
West,Knight Hall,2021-11-22T00:00:00,20.0,30.0,,,0.6,,,,0.0138,0.0207,41.311922,-105.581147,2021,11,22,0
West,Knight Hall,2021-11-22T01:00:00,30.0,20.0,,,,,,,0.0207,0.0138,41.311922,-105.581147,2021,11,22,1
West,Knight Hall,2021-11-22T02:00:00,20.0,30.0,,,,,,,0.0138,0.0207,41.311922,-105.581147,2021,11,22,2
West,Knight Hall,2021-11-22T03:00:00,30.0,30.0,,,0.02,,,,0.0207,0.0207,41.311922,-105.581147,2021,11,22,3
West,Knight Hall,2021-11-22T04:00:00,30.0,20.0,,,1.44,,,,0.0207,0.0138,41.311922,-105.581147,2021,11,22,4
West,Knight Hall,2021-11-22T05:00:00,30.0,30.0,,,13.61,,,,0.0207,0.0207,41.311922,-105.581147,2021,11,22,5
West,Knight Hall,2021-11-22T06:00:00,30.0,30.0,,,30.87,,,,0.0207,0.0207,41.311922,-105.581147,2021,11,22,6
West,Knight Hall,2021-11-22T07:00:00,40.0,20.0,,,65.72,,,,0.0276,0.0138,41.311922,-105.581147,2021,11,22,7
West,Knight Hall,2021-11-22T08:00:00,70.0,30.0,,,146.07000000000002,,,,0.048299999999999996,0.0207,41.311922,-105.581147,2021,11,22,8
West,Knight Hall,2021-11-22T09:00:00,80.0,30.0,,,186.03,,,,0.0552,0.0207,41.311922,-105.581147,2021,11,22,9
West,Knight Hall,2021-11-22T10:00:00,80.0,30.0,,,95.45,,,,0.0552,0.0207,41.311922,-105.581147,2021,11,22,10
West,Knight Hall,2021-11-22T11:00:00,70.0,30.0,,,110.43,,,,0.048299999999999996,0.0207,41.311922,-105.581147,2021,11,22,11
West,Knight Hall,2021-11-22T12:00:00,70.0,30.0,,,55.78,,,,0.048299999999999996,0.0207,41.311922,-105.581147,2021,11,22,12
West,Knight Hall,2021-11-22T13:00:00,70.0,30.0,,,88.75,,,,0.048299999999999996,0.0207,41.311922,-105.581147,2021,11,22,13
West,Knight Hall,2021-11-22T14:00:00,70.0,30.0,,,72.72,,,,0.048299999999999996,0.0207,41.311922,-105.581147,2021,11,22,14
West,Knight Hall,2021-11-22T15:00:00,70.0,30.0,,,62.72,,,,0.048299999999999996,0.0207,41.311922,-105.581147,2021,11,22,15
West,Knight Hall,2021-11-22T16:00:00,70.0,20.0,,,27.27,,,,0.048299999999999996,0.0138,41.311922,-105.581147,2021,11,22,16
West,Knight Hall,2021-11-22T17:00:00,50.0,30.0,,,6.71,,,,0.034499999999999996,0.0207,41.311922,-105.581147,2021,11,22,17
West,Knight Hall,2021-11-22T18:00:00,40.0,30.0,,,7.93,,,,0.0276,0.0207,41.311922,-105.581147,2021,11,22,18
West,Knight Hall,2021-11-22T19:00:00,30.0,20.0,,,33.66,,,,0.0207,0.0138,41.311922,-105.581147,2021,11,22,19
West,Knight Hall,2021-11-22T20:00:00,30.0,30.0,,,5.15,,,,0.0207,0.0207,41.311922,-105.581147,2021,11,22,20
West,Knight Hall,2021-11-22T21:00:00,30.0,30.0,,,1.79,,,,0.0207,0.0207,41.311922,-105.581147,2021,11,22,21
West,Knight Hall,2021-11-22T22:00:00,30.0,20.0,,,0.84,,,,0.0207,0.0138,41.311922,-105.581147,2021,11,22,22
West,Knight Hall,2021-11-22T23:00:00,30.0,30.0,,,,,,,0.0207,0.0207,41.311922,-105.581147,2021,11,22,23
West,Knight Hall,2021-11-23T00:00:00,30.0,20.0,,,1.29,,,,0.0207,0.0138,41.311922,-105.581147,2021,11,23,0
West,Knight Hall,2021-11-23T01:00:00,20.0,30.0,,,,,,,0.0138,0.0207,41.311922,-105.581147,2021,11,23,1
West,Knight Hall,2021-11-23T02:00:00,30.0,30.0,,,0.86,,,,0.0207,0.0207,41.311922,-105.581147,2021,11,23,2
West,Knight Hall,2021-11-23T03:00:00,30.0,20.0,,,1.21,,,,0.0207,0.0138,41.311922,-105.581147,2021,11,23,3
West,Knight Hall,2021-11-23T04:00:00,30.0,30.0,,,5.56,,,,0.0207,0.0207,41.311922,-105.581147,2021,11,23,4
West,Knight Hall,2021-11-23T05:00:00,30.0,30.0,,,17.21,,,,0.0207,0.0207,41.311922,-105.581147,2021,11,23,5
West,Knight Hall,2021-11-23T06:00:00,30.0,30.0,,,33.36,,,,0.0207,0.0207,41.311922,-105.581147,2021,11,23,6
West,Knight Hall,2021-11-23T07:00:00,50.0,40.0,,,148.38,,,,0.034499999999999996,0.0276,41.311922,-105.581147,2021,11,23,7
West,Knight Hall,2021-11-23T08:00:00,60.0,60.0,,,193.12,,,,0.0414,0.0414,41.311922,-105.581147,2021,11,23,8
West,Knight Hall,2021-11-23T09:00:00,80.0,60.0,,,196.96,,,,0.0552,0.0414,41.311922,-105.581147,2021,11,23,9
West,Knight Hall,2021-11-23T10:00:00,60.0,60.0,,,157.72,,,,0.0414,0.0414,41.311922,-105.581147,2021,11,23,10
West,Knight Hall,2021-11-23T11:00:00,70.0,70.0,,,76.54,,,,0.048299999999999996,0.048299999999999996,41.311922,-105.581147,2021,11,23,11
West,Knight Hall,2021-11-23T12:00:00,70.0,60.0,,,78.91,,,,0.048299999999999996,0.0414,41.311922,-105.581147,2021,11,23,12
West,Knight Hall,2021-11-23T13:00:00,80.0,70.0,,,59.27,,,,0.0552,0.048299999999999996,41.311922,-105.581147,2021,11,23,13
West,Knight Hall,2021-11-23T14:00:00,60.0,60.0,,,81.92999999999999,,,,0.0414,0.0414,41.311922,-105.581147,2021,11,23,14
West,Knight Hall,2021-11-23T15:00:00,70.0,60.0,,,90.12,,,,0.048299999999999996,0.0414,41.311922,-105.581147,2021,11,23,15
West,Knight Hall,2021-11-23T16:00:00,70.0,60.0,,,195.36,,,,0.048299999999999996,0.0414,41.311922,-105.581147,2021,11,23,16
West,Knight Hall,2021-11-23T17:00:00,40.0,50.0,,,85.71000000000001,,,,0.0276,0.034499999999999996,41.311922,-105.581147,2021,11,23,17
West,Knight Hall,2021-11-23T18:00:00,40.0,40.0,,,1.4700000000000002,,,,0.0276,0.0276,41.311922,-105.581147,2021,11,23,18
West,Knight Hall,2021-11-23T19:00:00,40.0,30.0,,,24.8,,,,0.0276,0.0207,41.311922,-105.581147,2021,11,23,19
West,Knight Hall,2021-11-23T20:00:00,30.0,40.0,,,1.66,,,,0.0207,0.0276,41.311922,-105.581147,2021,11,23,20
West,Knight Hall,2021-11-23T21:00:00,30.0,30.0,,,17.59,,,,0.0207,0.0207,41.311922,-105.581147,2021,11,23,21
West,Knight Hall,2021-11-23T22:00:00,30.0,30.0,,,0.8,,,,0.0207,0.0207,41.311922,-105.581147,2021,11,23,22
West,Knight Hall,2021-11-23T23:00:00,30.0,30.0,,,0.84,,,,0.0207,0.0207,41.311922,-105.581147,2021,11,23,23
West,Knight Hall,2021-11-24T00:00:00,30.0,20.0,,,,,,,0.0207,0.0138,41.311922,-105.581147,2021,11,24,0
West,Knight Hall,2021-11-24T01:00:00,20.0,30.0,,,,,,,0.0138,0.0207,41.311922,-105.581147,2021,11,24,1
West,Knight Hall,2021-11-24T02:00:00,30.0,20.0,,,,,,,0.0207,0.0138,41.311922,-105.581147,2021,11,24,2
West,Knight Hall,2021-11-24T03:00:00,30.0,30.0,,,,,,,0.0207,0.0207,41.311922,-105.581147,2021,11,24,3
West,Knight Hall,2021-11-24T04:00:00,20.0,30.0,,,1.96,,,,0.0138,0.0207,41.311922,-105.581147,2021,11,24,4
West,Knight Hall,2021-11-24T05:00:00,30.0,30.0,,,0.8,,,,0.0207,0.0207,41.311922,-105.581147,2021,11,24,5
West,Knight Hall,2021-11-24T06:00:00,30.0,30.0,,,12.79,,,,0.0207,0.0207,41.311922,-105.581147,2021,11,24,6
West,Knight Hall,2021-11-24T07:00:00,50.0,40.0,,,37.15,,,,0.034499999999999996,0.0276,41.311922,-105.581147,2021,11,24,7
West,Knight Hall,2021-11-24T08:00:00,60.0,50.0,,,66.92,,,,0.0414,0.034499999999999996,41.311922,-105.581147,2021,11,24,8
West,Knight Hall,2021-11-24T09:00:00,70.0,70.0,,,90.26999999999998,,,,0.048299999999999996,0.048299999999999996,41.311922,-105.581147,2021,11,24,9
West,Knight Hall,2021-11-24T10:00:00,70.0,60.0,,,99.55,,,,0.048299999999999996,0.0414,41.311922,-105.581147,2021,11,24,10
West,Knight Hall,2021-11-24T11:00:00,80.0,70.0,,,64.7,,,,0.0552,0.048299999999999996,41.311922,-105.581147,2021,11,24,11
West,Knight Hall,2021-11-24T12:00:00,50.0,60.0,,,41.5,,,,0.034499999999999996,0.0414,41.311922,-105.581147,2021,11,24,12
West,Knight Hall,2021-11-24T13:00:00,60.0,60.0,,,46.25,,,,0.0414,0.0414,41.311922,-105.581147,2021,11,24,13
West,Knight Hall,2021-11-24T14:00:00,60.0,60.0,,,13.39,,,,0.0414,0.0414,41.311922,-105.581147,2021,11,24,14
West,Knight Hall,2021-11-24T15:00:00,70.0,60.0,,,39.260000000000005,,,,0.048299999999999996,0.0414,41.311922,-105.581147,2021,11,24,15
West,Knight Hall,2021-11-24T16:00:00,40.0,50.0,,,8.11,,,,0.0276,0.034499999999999996,41.311922,-105.581147,2021,11,24,16
West,Knight Hall,2021-11-24T17:00:00,50.0,40.0,,,6.51,,,,0.034499999999999996,0.0276,41.311922,-105.581147,2021,11,24,17
West,Knight Hall,2021-11-24T18:00:00,30.0,40.0,,,6.619999999999999,,,,0.0207,0.0276,41.311922,-105.581147,2021,11,24,18
West,Knight Hall,2021-11-24T19:00:00,40.0,30.0,,,,,,,0.0276,0.0207,41.311922,-105.581147,2021,11,24,19
West,Knight Hall,2021-11-24T20:00:00,30.0,40.0,,,10.78,,,,0.0207,0.0276,41.311922,-105.581147,2021,11,24,20
West,Knight Hall,2021-11-24T21:00:00,30.0,30.0,,,,,,,0.0207,0.0207,41.311922,-105.581147,2021,11,24,21
West,Knight Hall,2021-11-24T22:00:00,30.0,30.0,,,,,,,0.0207,0.0207,41.311922,-105.581147,2021,11,24,22
West,Knight Hall,2021-11-24T23:00:00,30.0,20.0,,,0.8200000000000001,,,,0.0207,0.0138,41.311922,-105.581147,2021,11,24,23
West,Knight Hall,2021-11-25T00:00:00,20.0,30.0,,,,,,,0.0138,0.0207,41.311922,-105.581147,2021,11,25,0
West,Knight Hall,2021-11-25T01:00:00,30.0,30.0,,,0.8999999999999999,,,,0.0207,0.0207,41.311922,-105.581147,2021,11,25,1
West,Knight Hall,2021-11-25T02:00:00,30.0,20.0,,,,,,,0.0207,0.0138,41.311922,-105.581147,2021,11,25,2
West,Knight Hall,2021-11-25T03:00:00,20.0,30.0,,,,,,,0.0138,0.0207,41.311922,-105.581147,2021,11,25,3
West,Knight Hall,2021-11-25T04:00:00,30.0,30.0,,,,,,,0.0207,0.0207,41.311922,-105.581147,2021,11,25,4
West,Knight Hall,2021-11-25T05:00:00,30.0,30.0,,,,,,,0.0207,0.0207,41.311922,-105.581147,2021,11,25,5
West,Knight Hall,2021-11-25T06:00:00,30.0,30.0,,,,,,,0.0207,0.0207,41.311922,-105.581147,2021,11,25,6
West,Knight Hall,2021-11-25T07:00:00,30.0,40.0,,,,,,,0.0207,0.0276,41.311922,-105.581147,2021,11,25,7
West,Knight Hall,2021-11-25T08:00:00,30.0,50.0,,,3.25,,,,0.0207,0.034499999999999996,41.311922,-105.581147,2021,11,25,8
West,Knight Hall,2021-11-25T09:00:00,40.0,60.0,,,2.09,,,,0.0276,0.0414,41.311922,-105.581147,2021,11,25,9
West,Knight Hall,2021-11-25T10:00:00,20.0,60.0,,,,,,,0.0138,0.0414,41.311922,-105.581147,2021,11,25,10
West,Knight Hall,2021-11-25T11:00:00,40.0,60.0,,,0.41,,,,0.0276,0.0414,41.311922,-105.581147,2021,11,25,11
West,Knight Hall,2021-11-25T12:00:00,20.0,50.0,,,,,,,0.0138,0.034499999999999996,41.311922,-105.581147,2021,11,25,12
West,Knight Hall,2021-11-25T13:00:00,40.0,60.0,,,,,,,0.0276,0.0414,41.311922,-105.581147,2021,11,25,13
West,Knight Hall,2021-11-25T14:00:00,20.0,40.0,,,,,,,0.0138,0.0276,41.311922,-105.581147,2021,11,25,14
West,Knight Hall,2021-11-25T15:00:00,40.0,40.0,,,,,,,0.0276,0.0276,41.311922,-105.581147,2021,11,25,15
West,Knight Hall,2021-11-25T16:00:00,20.0,40.0,,,,,,,0.0138,0.0276,41.311922,-105.581147,2021,11,25,16
West,Knight Hall,2021-11-25T17:00:00,30.0,30.0,,,9.25,,,,0.0207,0.0207,41.311922,-105.581147,2021,11,25,17
West,Knight Hall,2021-11-25T18:00:00,30.0,40.0,,,0.88,,,,0.0207,0.0276,41.311922,-105.581147,2021,11,25,18
West,Knight Hall,2021-11-25T19:00:00,20.0,20.0,,,,,,,0.0138,0.0138,41.311922,-105.581147,2021,11,25,19
West,Knight Hall,2021-11-25T20:00:00,30.0,30.0,,,,,,,0.0207,0.0207,41.311922,-105.581147,2021,11,25,20
West,Knight Hall,2021-11-25T21:00:00,30.0,30.0,,,,,,,0.0207,0.0207,41.311922,-105.581147,2021,11,25,21
West,Knight Hall,2021-11-25T22:00:00,20.0,20.0,,,,,,,0.0138,0.0138,41.311922,-105.581147,2021,11,25,22
West,Knight Hall,2021-11-25T23:00:00,30.0,30.0,,,,,,,0.0207,0.0207,41.311922,-105.581147,2021,11,25,23
West,Knight Hall,2021-11-26T00:00:00,20.0,20.0,,,,,,,0.0138,0.0138,41.311922,-105.581147,2021,11,26,0
West,Knight Hall,2021-11-26T01:00:00,40.0,30.0,,,,,,,0.0276,0.0207,41.311922,-105.581147,2021,11,26,1
West,Knight Hall,2021-11-26T02:00:00,20.0,20.0,,,,,,,0.0138,0.0138,41.311922,-105.581147,2021,11,26,2
West,Knight Hall,2021-11-26T03:00:00,20.0,30.0,,,0.8600000000000001,,,,0.0138,0.0207,41.311922,-105.581147,2021,11,26,3
West,Knight Hall,2021-11-26T04:00:00,30.0,30.0,,,,,,,0.0207,0.0207,41.311922,-105.581147,2021,11,26,4
West,Knight Hall,2021-11-26T05:00:00,40.0,30.0,,,,,,,0.0276,0.0207,41.311922,-105.581147,2021,11,26,5
West,Knight Hall,2021-11-26T06:00:00,20.0,20.0,,,3.52,,,,0.0138,0.0138,41.311922,-105.581147,2021,11,26,6
West,Knight Hall,2021-11-26T07:00:00,40.0,30.0,,,0.43,,,,0.0276,0.0207,41.311922,-105.581147,2021,11,26,7
West,Knight Hall,2021-11-26T08:00:00,20.0,40.0,,,,,,,0.0138,0.0276,41.311922,-105.581147,2021,11,26,8
West,Knight Hall,2021-11-26T09:00:00,30.0,30.0,,,0.41,,,,0.0207,0.0207,41.311922,-105.581147,2021,11,26,9
West,Knight Hall,2021-11-26T10:00:00,30.0,30.0,,,0.34,,,,0.0207,0.0207,41.311922,-105.581147,2021,11,26,10
West,Knight Hall,2021-11-26T11:00:00,30.0,30.0,,,0.41,,,,0.0207,0.0207,41.311922,-105.581147,2021,11,26,11
West,Knight Hall,2021-11-26T12:00:00,20.0,30.0,,,,,,,0.0138,0.0207,41.311922,-105.581147,2021,11,26,12
West,Knight Hall,2021-11-26T13:00:00,40.0,30.0,,,0.88,,,,0.0276,0.0207,41.311922,-105.581147,2021,11,26,13
West,Knight Hall,2021-11-26T14:00:00,20.0,20.0,,,,,,,0.0138,0.0138,41.311922,-105.581147,2021,11,26,14
West,Knight Hall,2021-11-26T15:00:00,30.0,30.0,,,,,,,0.0207,0.0207,41.311922,-105.581147,2021,11,26,15
West,Knight Hall,2021-11-26T16:00:00,30.0,30.0,,,,,,,0.0207,0.0207,41.311922,-105.581147,2021,11,26,16
West,Knight Hall,2021-11-26T17:00:00,30.0,30.0,,,,,,,0.0207,0.0207,41.311922,-105.581147,2021,11,26,17
West,Knight Hall,2021-11-26T18:00:00,20.0,30.0,,,0.67,,,,0.0138,0.0207,41.311922,-105.581147,2021,11,26,18
West,Knight Hall,2021-11-26T19:00:00,30.0,30.0,,,,,,,0.0207,0.0207,41.311922,-105.581147,2021,11,26,19
West,Knight Hall,2021-11-26T20:00:00,30.0,30.0,,,3.26,,,,0.0207,0.0207,41.311922,-105.581147,2021,11,26,20
West,Knight Hall,2021-11-26T21:00:00,30.0,20.0,,,0.02,,,,0.0207,0.0138,41.311922,-105.581147,2021,11,26,21
West,Knight Hall,2021-11-26T22:00:00,20.0,30.0,,,0.02,,,,0.0138,0.0207,41.311922,-105.581147,2021,11,26,22
West,Knight Hall,2021-11-26T23:00:00,20.0,20.0,,,,,,,0.0138,0.0138,41.311922,-105.581147,2021,11,26,23
West,Knight Hall,2021-11-27T00:00:00,30.0,30.0,,,0.86,,,,0.0207,0.0207,41.311922,-105.581147,2021,11,27,0
West,Knight Hall,2021-11-27T01:00:00,30.0,30.0,,,,,,,0.0207,0.0207,41.311922,-105.581147,2021,11,27,1
West,Knight Hall,2021-11-27T02:00:00,20.0,20.0,,,,,,,0.0138,0.0138,41.311922,-105.581147,2021,11,27,2
West,Knight Hall,2021-11-27T03:00:00,30.0,30.0,,,,,,,0.0207,0.0207,41.311922,-105.581147,2021,11,27,3
West,Knight Hall,2021-11-27T04:00:00,20.0,30.0,,,0.69,,,,0.0138,0.0207,41.311922,-105.581147,2021,11,27,4
West,Knight Hall,2021-11-27T05:00:00,40.0,30.0,,,,,,,0.0276,0.0207,41.311922,-105.581147,2021,11,27,5
West,Knight Hall,2021-11-27T06:00:00,20.0,30.0,,,0.41,,,,0.0138,0.0207,41.311922,-105.581147,2021,11,27,6
West,Knight Hall,2021-11-27T07:00:00,30.0,30.0,,,0.34,,,,0.0207,0.0207,41.311922,-105.581147,2021,11,27,7
West,Knight Hall,2021-11-27T08:00:00,20.0,30.0,,,1.75,,,,0.0138,0.0207,41.311922,-105.581147,2021,11,27,8
West,Knight Hall,2021-11-27T09:00:00,40.0,30.0,,,13.170000000000002,,,,0.0276,0.0207,41.311922,-105.581147,2021,11,27,9
West,Knight Hall,2021-11-27T10:00:00,20.0,30.0,,,0.41,,,,0.0138,0.0207,41.311922,-105.581147,2021,11,27,10
West,Knight Hall,2021-11-27T11:00:00,40.0,30.0,,,0.37,,,,0.0276,0.0207,41.311922,-105.581147,2021,11,27,11
West,Knight Hall,2021-11-27T12:00:00,20.0,30.0,,,0.8200000000000001,,,,0.0138,0.0207,41.311922,-105.581147,2021,11,27,12
West,Knight Hall,2021-11-27T13:00:00,40.0,30.0,,,,,,,0.0276,0.0207,41.311922,-105.581147,2021,11,27,13
West,Knight Hall,2021-11-27T14:00:00,20.0,30.0,,,,,,,0.0138,0.0207,41.311922,-105.581147,2021,11,27,14
West,Knight Hall,2021-11-27T15:00:00,40.0,30.0,,,,,,,0.0276,0.0207,41.311922,-105.581147,2021,11,27,15
West,Knight Hall,2021-11-27T16:00:00,20.0,30.0,,,2.54,,,,0.0138,0.0207,41.311922,-105.581147,2021,11,27,16
West,Knight Hall,2021-11-27T17:00:00,30.0,30.0,,,,,,,0.0207,0.0207,41.311922,-105.581147,2021,11,27,17
West,Knight Hall,2021-11-27T18:00:00,20.0,30.0,,,,,,,0.0138,0.0207,41.311922,-105.581147,2021,11,27,18
West,Knight Hall,2021-11-27T19:00:00,30.0,20.0,,,,,,,0.0207,0.0138,41.311922,-105.581147,2021,11,27,19
West,Knight Hall,2021-11-27T20:00:00,30.0,30.0,,,,,,,0.0207,0.0207,41.311922,-105.581147,2021,11,27,20
West,Knight Hall,2021-11-27T21:00:00,20.0,20.0,,,,,,,0.0138,0.0138,41.311922,-105.581147,2021,11,27,21
West,Knight Hall,2021-11-27T22:00:00,30.0,30.0,,,1.12,,,,0.0207,0.0207,41.311922,-105.581147,2021,11,27,22
West,Knight Hall,2021-11-27T23:00:00,30.0,20.0,,,,,,,0.0207,0.0138,41.311922,-105.581147,2021,11,27,23
West,Knight Hall,2021-11-28T00:00:00,20.0,30.0,,,,,,,0.0138,0.0207,41.311922,-105.581147,2021,11,28,0
West,Knight Hall,2021-11-28T01:00:00,30.0,20.0,,,0.88,,,,0.0207,0.0138,41.311922,-105.581147,2021,11,28,1
West,Knight Hall,2021-11-28T02:00:00,20.0,30.0,,,,,,,0.0138,0.0207,41.311922,-105.581147,2021,11,28,2
West,Knight Hall,2021-11-28T03:00:00,40.0,20.0,,,,,,,0.0276,0.0138,41.311922,-105.581147,2021,11,28,3
West,Knight Hall,2021-11-28T04:00:00,20.0,30.0,,,2.37,,,,0.0138,0.0207,41.311922,-105.581147,2021,11,28,4
West,Knight Hall,2021-11-28T05:00:00,30.0,20.0,,,,,,,0.0207,0.0138,41.311922,-105.581147,2021,11,28,5
West,Knight Hall,2021-11-28T06:00:00,20.0,30.0,,,,,,,0.0138,0.0207,41.311922,-105.581147,2021,11,28,6
West,Knight Hall,2021-11-28T07:00:00,30.0,20.0,,,,,,,0.0207,0.0138,41.311922,-105.581147,2021,11,28,7
West,Knight Hall,2021-11-28T08:00:00,30.0,30.0,,,4.42,,,,0.0207,0.0207,41.311922,-105.581147,2021,11,28,8
West,Knight Hall,2021-11-28T09:00:00,30.0,30.0,,,,,,,0.0207,0.0207,41.311922,-105.581147,2021,11,28,9
West,Knight Hall,2021-11-28T10:00:00,30.0,30.0,,,,,,,0.0207,0.0207,41.311922,-105.581147,2021,11,28,10
West,Knight Hall,2021-11-28T11:00:00,30.0,30.0,,,0.06,,,,0.0207,0.0207,41.311922,-105.581147,2021,11,28,11
West,Knight Hall,2021-11-28T12:00:00,20.0,30.0,,,0.3399999999999999,,,,0.0138,0.0207,41.311922,-105.581147,2021,11,28,12
West,Knight Hall,2021-11-28T13:00:00,30.0,30.0,,,,,,,0.0207,0.0207,41.311922,-105.581147,2021,11,28,13
West,Knight Hall,2021-11-28T14:00:00,20.0,30.0,,,3.49,,,,0.0138,0.0207,41.311922,-105.581147,2021,11,28,14
West,Knight Hall,2021-11-28T15:00:00,30.0,20.0,,,1.23,,,,0.0207,0.0138,41.311922,-105.581147,2021,11,28,15
West,Knight Hall,2021-11-28T16:00:00,30.0,30.0,,,,,,,0.0207,0.0207,41.311922,-105.581147,2021,11,28,16
West,Knight Hall,2021-11-28T17:00:00,20.0,20.0,,,,,,,0.0138,0.0138,41.311922,-105.581147,2021,11,28,17
West,Knight Hall,2021-11-28T18:00:00,30.0,30.0,,,,,,,0.0207,0.0207,41.311922,-105.581147,2021,11,28,18
West,Knight Hall,2021-11-28T19:00:00,40.0,30.0,,,,,,,0.0276,0.0207,41.311922,-105.581147,2021,11,28,19
West,Knight Hall,2021-11-28T20:00:00,30.0,20.0,,,,,,,0.0207,0.0138,41.311922,-105.581147,2021,11,28,20
West,Knight Hall,2021-11-28T21:00:00,30.0,30.0,,,,,,,0.0207,0.0207,41.311922,-105.581147,2021,11,28,21
West,Knight Hall,2021-11-28T22:00:00,30.0,20.0,,,,,,,0.0207,0.0138,41.311922,-105.581147,2021,11,28,22
West,Knight Hall,2021-11-28T23:00:00,30.0,30.0,,,,,,,0.0207,0.0207,41.311922,-105.581147,2021,11,28,23
West,Knight Hall,2021-11-29T00:00:00,20.0,20.0,,,,,,,0.0138,0.0138,41.311922,-105.581147,2021,11,29,0
West,Knight Hall,2021-11-29T01:00:00,40.0,30.0,,,,,,,0.0276,0.0207,41.311922,-105.581147,2021,11,29,1
West,Knight Hall,2021-11-29T02:00:00,20.0,20.0,,,,,,,0.0138,0.0138,41.311922,-105.581147,2021,11,29,2
West,Knight Hall,2021-11-29T03:00:00,40.0,30.0,,,,,,,0.0276,0.0207,41.311922,-105.581147,2021,11,29,3
West,Knight Hall,2021-11-29T04:00:00,20.0,30.0,,,1.1,,,,0.0138,0.0207,41.311922,-105.581147,2021,11,29,4
West,Knight Hall,2021-11-29T05:00:00,40.0,20.0,,,36.5,,,,0.0276,0.0138,41.311922,-105.581147,2021,11,29,5
West,Knight Hall,2021-11-29T06:00:00,30.0,30.0,,,24.43,,,,0.0207,0.0207,41.311922,-105.581147,2021,11,29,6
West,Knight Hall,2021-11-29T07:00:00,40.0,20.0,,,97.32,,,,0.0276,0.0138,41.311922,-105.581147,2021,11,29,7
West,Knight Hall,2021-11-29T08:00:00,70.0,30.0,,,172.31,,,,0.048299999999999996,0.0207,41.311922,-105.581147,2021,11,29,8
West,Knight Hall,2021-11-29T09:00:00,,30.0,,,164.38,,,,,0.0207,41.311922,-105.581147,2021,11,29,9
West,Knight Hall,2021-11-29T10:00:00,50.0,30.0,,,,,,,0.034499999999999996,0.0207,41.311922,-105.581147,2021,11,29,10
West,Knight Hall,2021-11-29T11:00:00,,20.0,,,,,,,,0.0138,41.311922,-105.581147,2021,11,29,11
West,Knight Hall,2021-11-29T12:00:00,50.0,30.0,,,182.88,,,,0.034499999999999996,0.0207,41.311922,-105.581147,2021,11,29,12
West,Knight Hall,2021-11-29T13:00:00,,30.0,,,156.76999999999998,,,,,0.0207,41.311922,-105.581147,2021,11,29,13
West,Knight Hall,2021-11-29T14:00:00,60.0,30.0,,,137.24,,,,0.0414,0.0207,41.311922,-105.581147,2021,11,29,14
West,Knight Hall,2021-11-29T15:00:00,80.0,30.0,,,124.93999999999998,,,,0.0552,0.0207,41.311922,-105.581147,2021,11,29,15
West,Knight Hall,2021-11-29T16:00:00,60.0,30.0,,,43.32,,,,0.0414,0.0207,41.311922,-105.581147,2021,11,29,16
West,Knight Hall,2021-11-29T17:00:00,40.0,20.0,,,49.370000000000005,,,,0.0276,0.0138,41.311922,-105.581147,2021,11,29,17
West,Knight Hall,2021-11-29T18:00:00,40.0,30.0,,,27.28,,,,0.0276,0.0207,41.311922,-105.581147,2021,11,29,18
West,Knight Hall,2021-11-29T19:00:00,40.0,20.0,,,13.6,,,,0.0276,0.0138,41.311922,-105.581147,2021,11,29,19
West,Knight Hall,2021-11-29T20:00:00,30.0,30.0,,,1.4499999999999995,,,,0.0207,0.0207,41.311922,-105.581147,2021,11,29,20
West,Knight Hall,2021-11-29T21:00:00,40.0,30.0,,,18.76,,,,0.0276,0.0207,41.311922,-105.581147,2021,11,29,21
West,Knight Hall,2021-11-29T22:00:00,30.0,20.0,,,0.84,,,,0.0207,0.0138,41.311922,-105.581147,2021,11,29,22
West,Knight Hall,2021-11-29T23:00:00,30.0,30.0,,,,,,,0.0207,0.0207,41.311922,-105.581147,2021,11,29,23
West,Knight Hall,2021-11-30T00:00:00,20.0,20.0,,,,,,,0.0138,0.0138,41.311922,-105.581147,2021,11,30,0
West,Knight Hall,2021-11-30T01:00:00,30.0,30.0,,,,,,,0.0207,0.0207,41.311922,-105.581147,2021,11,30,1
West,Knight Hall,2021-11-30T02:00:00,20.0,20.0,,,1.7,,,,0.0138,0.0138,41.311922,-105.581147,2021,11,30,2
West,Knight Hall,2021-11-30T03:00:00,40.0,30.0,,,,,,,0.0276,0.0207,41.311922,-105.581147,2021,11,30,3
West,Knight Hall,2021-11-30T04:00:00,20.0,30.0,,,2.35,,,,0.0138,0.0207,41.311922,-105.581147,2021,11,30,4
West,Knight Hall,2021-11-30T05:00:00,40.0,30.0,,,7.220000000000001,,,,0.0276,0.0207,41.311922,-105.581147,2021,11,30,5
West,Knight Hall,2021-11-30T06:00:00,30.0,30.0,,,39.58,,,,0.0207,0.0207,41.311922,-105.581147,2021,11,30,6
West,Knight Hall,2021-11-30T07:00:00,60.0,30.0,,,115.67,,,,0.0414,0.0207,41.311922,-105.581147,2021,11,30,7
West,Knight Hall,2021-11-30T08:00:00,60.0,60.0,,,,,,,0.0414,0.0414,41.311922,-105.581147,2021,11,30,8
West,Knight Hall,2021-11-30T09:00:00,,60.0,,,,,,,,0.0414,41.311922,-105.581147,2021,11,30,9
West,Knight Hall,2021-11-30T10:00:00,60.0,70.0,,,133.38,,,,0.0414,0.048299999999999996,41.311922,-105.581147,2021,11,30,10
West,Knight Hall,2021-11-30T11:00:00,80.0,70.0,,,106.16,,,,0.0552,0.048299999999999996,41.311922,-105.581147,2021,11,30,11
West,Knight Hall,2021-11-30T12:00:00,70.0,60.0,,,194.29,,,,0.048299999999999996,0.0414,41.311922,-105.581147,2021,11,30,12
West,Knight Hall,2021-11-30T13:00:00,80.0,70.0,,,,,,,0.0552,0.048299999999999996,41.311922,-105.581147,2021,11,30,13
West,Knight Hall,2021-11-30T14:00:00,70.0,60.0,,,,,,,0.048299999999999996,0.0414,41.311922,-105.581147,2021,11,30,14
West,Knight Hall,2021-11-30T15:00:00,,60.0,,,,,,,,0.0414,41.311922,-105.581147,2021,11,30,15
West,Knight Hall,2021-11-30T16:00:00,60.0,60.0,,,53.23,,,,0.0414,0.0414,41.311922,-105.581147,2021,11,30,16
West,Knight Hall,2021-11-30T17:00:00,60.0,50.0,,,30.01,,,,0.0414,0.034499999999999996,41.311922,-105.581147,2021,11,30,17
West,Knight Hall,2021-11-30T18:00:00,30.0,40.0,,,5.67,,,,0.0207,0.0276,41.311922,-105.581147,2021,11,30,18
West,Knight Hall,2021-11-30T19:00:00,40.0,30.0,,,15.96,,,,0.0276,0.0207,41.311922,-105.581147,2021,11,30,19
West,Knight Hall,2021-11-30T20:00:00,30.0,30.0,,,3.08,,,,0.0207,0.0207,41.311922,-105.581147,2021,11,30,20
West,Knight Hall,2021-11-30T21:00:00,30.0,30.0,,,22.23,,,,0.0207,0.0207,41.311922,-105.581147,2021,11,30,21
West,Knight Hall,2021-11-30T22:00:00,30.0,30.0,,,0.6900000000000001,,,,0.0207,0.0207,41.311922,-105.581147,2021,11,30,22
West,Knight Hall,2021-11-30T23:00:00,40.0,30.0,,,0.84,,,,0.0276,0.0207,41.311922,-105.581147,2021,11,30,23
West,Knight Hall,2021-12-01T00:00:00,20.0,30.0,,,2.0700000000000003,,,,0.0138,0.0207,41.311922,-105.581147,2021,12,1,0
West,Knight Hall,2021-12-01T01:00:00,30.0,30.0,,,0.02,,,,0.0207,0.0207,41.311922,-105.581147,2021,12,1,1
West,Knight Hall,2021-12-01T02:00:00,20.0,20.0,,,,,,,0.0138,0.0138,41.311922,-105.581147,2021,12,1,2
West,Knight Hall,2021-12-01T03:00:00,30.0,30.0,,,1.19,,,,0.0207,0.0207,41.311922,-105.581147,2021,12,1,3
West,Knight Hall,2021-12-01T04:00:00,30.0,30.0,,,0.24,,,,0.0207,0.0207,41.311922,-105.581147,2021,12,1,4
West,Knight Hall,2021-12-01T05:00:00,30.0,30.0,,,26.8,,,,0.0207,0.0207,41.311922,-105.581147,2021,12,1,5
West,Knight Hall,2021-12-01T06:00:00,30.0,30.0,,,22.380000000000003,,,,0.0207,0.0207,41.311922,-105.581147,2021,12,1,6
West,Knight Hall,2021-12-01T07:00:00,50.0,40.0,,,99.96,,,,0.034499999999999996,0.0276,41.311922,-105.581147,2021,12,1,7
West,Knight Hall,2021-12-01T08:00:00,60.0,60.0,,,160.91,,,,0.0414,0.0414,41.311922,-105.581147,2021,12,1,8
West,Knight Hall,2021-12-01T09:00:00,80.0,80.0,,,149.63,,,,0.0552,0.0552,41.311922,-105.581147,2021,12,1,9
West,Knight Hall,2021-12-01T10:00:00,80.0,70.0,,,166.13,,,,0.0552,0.048299999999999996,41.311922,-105.581147,2021,12,1,10
West,Knight Hall,2021-12-01T11:00:00,,70.0,,,101.72,,,,,0.048299999999999996,41.311922,-105.581147,2021,12,1,11
West,Knight Hall,2021-12-01T12:00:00,60.0,60.0,,,153.32,,,,0.0414,0.0414,41.311922,-105.581147,2021,12,1,12
West,Knight Hall,2021-12-01T13:00:00,80.0,70.0,,,,,,,0.0552,0.048299999999999996,41.311922,-105.581147,2021,12,1,13
West,Knight Hall,2021-12-01T14:00:00,60.0,60.0,,,219.94,,,,0.0414,0.0414,41.311922,-105.581147,2021,12,1,14
West,Knight Hall,2021-12-01T15:00:00,80.0,70.0,,,139.58,,,,0.0552,0.048299999999999996,41.311922,-105.581147,2021,12,1,15
West,Knight Hall,2021-12-01T16:00:00,70.0,70.0,,,29.770000000000003,,,,0.048299999999999996,0.048299999999999996,41.311922,-105.581147,2021,12,1,16
West,Knight Hall,2021-12-01T17:00:00,50.0,50.0,,,75.35,,,,0.034499999999999996,0.034499999999999996,41.311922,-105.581147,2021,12,1,17
West,Knight Hall,2021-12-01T18:00:00,30.0,40.0,,,0.8999999999999999,,,,0.0207,0.0276,41.311922,-105.581147,2021,12,1,18
West,Knight Hall,2021-12-01T19:00:00,40.0,30.0,,,17.08,,,,0.0276,0.0207,41.311922,-105.581147,2021,12,1,19
West,Knight Hall,2021-12-01T20:00:00,30.0,40.0,,,13.56,,,,0.0207,0.0276,41.311922,-105.581147,2021,12,1,20
West,Knight Hall,2021-12-01T21:00:00,30.0,30.0,,,1.29,,,,0.0207,0.0207,41.311922,-105.581147,2021,12,1,21
West,Knight Hall,2021-12-01T22:00:00,30.0,30.0,,,,,,,0.0207,0.0207,41.311922,-105.581147,2021,12,1,22
West,Knight Hall,2021-12-01T23:00:00,20.0,30.0,,,,,,,0.0138,0.0207,41.311922,-105.581147,2021,12,1,23
West,Knight Hall,2021-12-02T00:00:00,30.0,20.0,,,1.21,,,,0.0207,0.0138,41.311922,-105.581147,2021,12,2,0
West,Knight Hall,2021-12-02T01:00:00,30.0,30.0,,,0.8,,,,0.0207,0.0207,41.311922,-105.581147,2021,12,2,1
West,Knight Hall,2021-12-02T02:00:00,20.0,20.0,,,0.88,,,,0.0138,0.0138,41.311922,-105.581147,2021,12,2,2
West,Knight Hall,2021-12-02T03:00:00,40.0,30.0,,,1.21,,,,0.0276,0.0207,41.311922,-105.581147,2021,12,2,3
West,Knight Hall,2021-12-02T04:00:00,20.0,30.0,,,,,,,0.0138,0.0207,41.311922,-105.581147,2021,12,2,4
West,Knight Hall,2021-12-02T05:00:00,40.0,30.0,,,6.96,,,,0.0276,0.0207,41.311922,-105.581147,2021,12,2,5
West,Knight Hall,2021-12-02T06:00:00,20.0,40.0,,,31.410000000000004,,,,0.0138,0.0276,41.311922,-105.581147,2021,12,2,6
West,Knight Hall,2021-12-02T07:00:00,40.0,30.0,,,75.33,,,,0.0276,0.0207,41.311922,-105.581147,2021,12,2,7
West,Knight Hall,2021-12-02T08:00:00,70.0,60.0,,,165.39,,,,0.048299999999999996,0.0414,41.311922,-105.581147,2021,12,2,8
West,Knight Hall,2021-12-02T09:00:00,,70.0,,,162.2,,,,,0.048299999999999996,41.311922,-105.581147,2021,12,2,9
West,Knight Hall,2021-12-02T10:00:00,60.0,70.0,,,120.25,,,,0.0414,0.048299999999999996,41.311922,-105.581147,2021,12,2,10
West,Knight Hall,2021-12-02T11:00:00,,70.0,,,,,,,,0.048299999999999996,41.311922,-105.581147,2021,12,2,11
West,Knight Hall,2021-12-02T12:00:00,70.0,60.0,,,,,,,0.048299999999999996,0.0414,41.311922,-105.581147,2021,12,2,12
West,Knight Hall,2021-12-02T13:00:00,80.0,60.0,,,130.31,,,,0.0552,0.0414,41.311922,-105.581147,2021,12,2,13
West,Knight Hall,2021-12-02T14:00:00,60.0,60.0,,,98.19,,,,0.0414,0.0414,41.311922,-105.581147,2021,12,2,14
West,Knight Hall,2021-12-02T15:00:00,80.0,60.0,,,97.63,,,,0.0552,0.0414,41.311922,-105.581147,2021,12,2,15
West,Knight Hall,2021-12-02T16:00:00,60.0,50.0,,,14.99,,,,0.0414,0.034499999999999996,41.311922,-105.581147,2021,12,2,16
West,Knight Hall,2021-12-02T17:00:00,50.0,50.0,,,6.99,,,,0.034499999999999996,0.034499999999999996,41.311922,-105.581147,2021,12,2,17
West,Knight Hall,2021-12-02T18:00:00,40.0,30.0,,,40.62,,,,0.0276,0.0207,41.311922,-105.581147,2021,12,2,18
West,Knight Hall,2021-12-02T19:00:00,40.0,40.0,,,3.38,,,,0.0276,0.0276,41.311922,-105.581147,2021,12,2,19
West,Knight Hall,2021-12-02T20:00:00,30.0,30.0,,,6.529999999999999,,,,0.0207,0.0207,41.311922,-105.581147,2021,12,2,20
West,Knight Hall,2021-12-02T21:00:00,30.0,30.0,,,,,,,0.0207,0.0207,41.311922,-105.581147,2021,12,2,21
West,Knight Hall,2021-12-02T22:00:00,30.0,30.0,,,2.65,,,,0.0207,0.0207,41.311922,-105.581147,2021,12,2,22
West,Knight Hall,2021-12-02T23:00:00,30.0,20.0,,,0.86,,,,0.0207,0.0138,41.311922,-105.581147,2021,12,2,23
West,Knight Hall,2021-12-03T00:00:00,20.0,30.0,,,0.9,,,,0.0138,0.0207,41.311922,-105.581147,2021,12,3,0
West,Knight Hall,2021-12-03T01:00:00,30.0,30.0,,,1.16,,,,0.0207,0.0207,41.311922,-105.581147,2021,12,3,1
West,Knight Hall,2021-12-03T02:00:00,30.0,20.0,,,0.84,,,,0.0207,0.0138,41.311922,-105.581147,2021,12,3,2
West,Knight Hall,2021-12-03T03:00:00,30.0,30.0,,,,,,,0.0207,0.0207,41.311922,-105.581147,2021,12,3,3
West,Knight Hall,2021-12-03T04:00:00,30.0,30.0,,,4.789999999999999,,,,0.0207,0.0207,41.311922,-105.581147,2021,12,3,4
West,Knight Hall,2021-12-03T05:00:00,40.0,30.0,,,17.33,,,,0.0276,0.0207,41.311922,-105.581147,2021,12,3,5
West,Knight Hall,2021-12-03T06:00:00,30.0,30.0,,,12.27,,,,0.0207,0.0207,41.311922,-105.581147,2021,12,3,6
West,Knight Hall,2021-12-03T07:00:00,50.0,40.0,,,121.8,,,,0.034499999999999996,0.0276,41.311922,-105.581147,2021,12,3,7
West,Knight Hall,2021-12-03T08:00:00,70.0,60.0,,,116.71,,,,0.048299999999999996,0.0414,41.311922,-105.581147,2021,12,3,8
West,Knight Hall,2021-12-03T09:00:00,70.0,70.0,,,149.03,,,,0.048299999999999996,0.048299999999999996,41.311922,-105.581147,2021,12,3,9
West,Knight Hall,2021-12-03T10:00:00,80.0,60.0,,,171.71,,,,0.0552,0.0414,41.311922,-105.581147,2021,12,3,10
West,Knight Hall,2021-12-03T11:00:00,80.0,70.0,,,,,,,0.0552,0.048299999999999996,41.311922,-105.581147,2021,12,3,11
West,Knight Hall,2021-12-03T12:00:00,60.0,60.0,,,,,,,0.0414,0.0414,41.311922,-105.581147,2021,12,3,12
West,Knight Hall,2021-12-03T13:00:00,70.0,60.0,,,226.54,,,,0.048299999999999996,0.0414,41.311922,-105.581147,2021,12,3,13
West,Knight Hall,2021-12-03T14:00:00,70.0,70.0,,,97.13,,,,0.048299999999999996,0.048299999999999996,41.311922,-105.581147,2021,12,3,14
West,Knight Hall,2021-12-03T15:00:00,80.0,60.0,,,84.91,,,,0.0552,0.0414,41.311922,-105.581147,2021,12,3,15
West,Knight Hall,2021-12-03T16:00:00,60.0,60.0,,,45.92,,,,0.0414,0.0414,41.311922,-105.581147,2021,12,3,16
West,Knight Hall,2021-12-03T17:00:00,50.0,40.0,,,48.51,,,,0.034499999999999996,0.0276,41.311922,-105.581147,2021,12,3,17
West,Knight Hall,2021-12-03T18:00:00,30.0,40.0,,,4.3500000000000005,,,,0.0207,0.0276,41.311922,-105.581147,2021,12,3,18
West,Knight Hall,2021-12-03T19:00:00,40.0,30.0,,,39.31,,,,0.0276,0.0207,41.311922,-105.581147,2021,12,3,19
West,Knight Hall,2021-12-03T20:00:00,30.0,40.0,,,7.85,,,,0.0207,0.0276,41.311922,-105.581147,2021,12,3,20
West,Knight Hall,2021-12-03T21:00:00,40.0,30.0,,,10.59,,,,0.0276,0.0207,41.311922,-105.581147,2021,12,3,21
West,Knight Hall,2021-12-03T22:00:00,30.0,30.0,,,0.99,,,,0.0207,0.0207,41.311922,-105.581147,2021,12,3,22
West,Knight Hall,2021-12-03T23:00:00,30.0,20.0,,,,,,,0.0207,0.0138,41.311922,-105.581147,2021,12,3,23
West,Knight Hall,2021-12-04T00:00:00,30.0,30.0,,,,,,,0.0207,0.0207,41.311922,-105.581147,2021,12,4,0
West,Knight Hall,2021-12-04T01:00:00,30.0,30.0,,,,,,,0.0207,0.0207,41.311922,-105.581147,2021,12,4,1
West,Knight Hall,2021-12-04T02:00:00,20.0,20.0,,,,,,,0.0138,0.0138,41.311922,-105.581147,2021,12,4,2
West,Knight Hall,2021-12-04T03:00:00,30.0,30.0,,,,,,,0.0207,0.0207,41.311922,-105.581147,2021,12,4,3
West,Knight Hall,2021-12-04T04:00:00,20.0,30.0,,,,,,,0.0138,0.0207,41.311922,-105.581147,2021,12,4,4
West,Knight Hall,2021-12-04T05:00:00,30.0,30.0,,,,,,,0.0207,0.0207,41.311922,-105.581147,2021,12,4,5
West,Knight Hall,2021-12-04T06:00:00,20.0,30.0,,,,,,,0.0138,0.0207,41.311922,-105.581147,2021,12,4,6
West,Knight Hall,2021-12-04T07:00:00,30.0,40.0,,,,,,,0.0207,0.0276,41.311922,-105.581147,2021,12,4,7
West,Knight Hall,2021-12-04T08:00:00,30.0,60.0,,,,,,,0.0207,0.0414,41.311922,-105.581147,2021,12,4,8
West,Knight Hall,2021-12-04T09:00:00,40.0,60.0,,,,,,,0.0276,0.0414,41.311922,-105.581147,2021,12,4,9
West,Knight Hall,2021-12-04T10:00:00,20.0,60.0,,,,,,,0.0138,0.0414,41.311922,-105.581147,2021,12,4,10
West,Knight Hall,2021-12-04T11:00:00,30.0,70.0,,,,,,,0.0207,0.048299999999999996,41.311922,-105.581147,2021,12,4,11
West,Knight Hall,2021-12-04T12:00:00,30.0,60.0,,,,,,,0.0207,0.0414,41.311922,-105.581147,2021,12,4,12
West,Knight Hall,2021-12-04T13:00:00,20.0,60.0,,,,,,,0.0138,0.0414,41.311922,-105.581147,2021,12,4,13
West,Knight Hall,2021-12-04T14:00:00,30.0,60.0,,,,,,,0.0207,0.0414,41.311922,-105.581147,2021,12,4,14
West,Knight Hall,2021-12-04T15:00:00,30.0,60.0,,,,,,,0.0207,0.0414,41.311922,-105.581147,2021,12,4,15
West,Knight Hall,2021-12-04T16:00:00,30.0,60.0,,,,,,,0.0207,0.0414,41.311922,-105.581147,2021,12,4,16
West,Knight Hall,2021-12-04T17:00:00,20.0,40.0,,,,,,,0.0138,0.0276,41.311922,-105.581147,2021,12,4,17
West,Knight Hall,2021-12-04T18:00:00,30.0,40.0,,,,,,,0.0207,0.0276,41.311922,-105.581147,2021,12,4,18
West,Knight Hall,2021-12-04T19:00:00,30.0,30.0,,,,,,,0.0207,0.0207,41.311922,-105.581147,2021,12,4,19
West,Knight Hall,2021-12-04T20:00:00,20.0,30.0,,,,,,,0.0138,0.0207,41.311922,-105.581147,2021,12,4,20
West,Knight Hall,2021-12-04T21:00:00,30.0,30.0,,,,,,,0.0207,0.0207,41.311922,-105.581147,2021,12,4,21
West,Knight Hall,2021-12-04T22:00:00,20.0,40.0,,,,,,,0.0138,0.0276,41.311922,-105.581147,2021,12,4,22
West,Knight Hall,2021-12-04T23:00:00,40.0,20.0,,,0.99,,,,0.0276,0.0138,41.311922,-105.581147,2021,12,4,23
West,Knight Hall,2021-12-05T00:00:00,20.0,30.0,,,0.07,,,,0.0138,0.0207,41.311922,-105.581147,2021,12,5,0
West,Knight Hall,2021-12-05T01:00:00,30.0,30.0,,,0.02,,,,0.0207,0.0207,41.311922,-105.581147,2021,12,5,1
West,Knight Hall,2021-12-05T02:00:00,20.0,20.0,,,0.09,,,,0.0138,0.0138,41.311922,-105.581147,2021,12,5,2
West,Knight Hall,2021-12-05T03:00:00,30.0,30.0,,,1.7,,,,0.0207,0.0207,41.311922,-105.581147,2021,12,5,3
West,Knight Hall,2021-12-05T04:00:00,20.0,30.0,,,,,,,0.0138,0.0207,41.311922,-105.581147,2021,12,5,4
West,Knight Hall,2021-12-05T05:00:00,30.0,20.0,,,0.04,,,,0.0207,0.0138,41.311922,-105.581147,2021,12,5,5
West,Knight Hall,2021-12-05T06:00:00,30.0,30.0,,,0.13,,,,0.0207,0.0207,41.311922,-105.581147,2021,12,5,6
West,Knight Hall,2021-12-05T07:00:00,20.0,30.0,,,0.07,,,,0.0138,0.0207,41.311922,-105.581147,2021,12,5,7
West,Knight Hall,2021-12-05T08:00:00,30.0,20.0,,,4.4,,,,0.0207,0.0138,41.311922,-105.581147,2021,12,5,8
West,Knight Hall,2021-12-05T09:00:00,30.0,40.0,,,1.72,,,,0.0207,0.0276,41.311922,-105.581147,2021,12,5,9
West,Knight Hall,2021-12-05T10:00:00,30.0,30.0,,,1.73,,,,0.0207,0.0207,41.311922,-105.581147,2021,12,5,10
West,Knight Hall,2021-12-05T11:00:00,30.0,30.0,,,0.1699999999999999,,,,0.0207,0.0207,41.311922,-105.581147,2021,12,5,11
West,Knight Hall,2021-12-05T12:00:00,30.0,30.0,,,0.17,,,,0.0207,0.0207,41.311922,-105.581147,2021,12,5,12
West,Knight Hall,2021-12-05T13:00:00,40.0,30.0,,,5.609999999999999,,,,0.0276,0.0207,41.311922,-105.581147,2021,12,5,13
West,Knight Hall,2021-12-05T14:00:00,20.0,30.0,,,1.04,,,,0.0138,0.0207,41.311922,-105.581147,2021,12,5,14
West,Knight Hall,2021-12-05T15:00:00,30.0,30.0,,,6.77,,,,0.0207,0.0207,41.311922,-105.581147,2021,12,5,15
West,Knight Hall,2021-12-05T16:00:00,30.0,30.0,,,0.67,,,,0.0207,0.0207,41.311922,-105.581147,2021,12,5,16
West,Knight Hall,2021-12-05T17:00:00,30.0,20.0,,,3.32,,,,0.0207,0.0138,41.311922,-105.581147,2021,12,5,17
West,Knight Hall,2021-12-05T18:00:00,20.0,30.0,,,0.97,,,,0.0138,0.0207,41.311922,-105.581147,2021,12,5,18
West,Knight Hall,2021-12-05T19:00:00,40.0,30.0,,,3.69,,,,0.0276,0.0207,41.311922,-105.581147,2021,12,5,19
West,Knight Hall,2021-12-05T20:00:00,20.0,30.0,,,0.09,,,,0.0138,0.0207,41.311922,-105.581147,2021,12,5,20
West,Knight Hall,2021-12-05T21:00:00,30.0,20.0,,,0.04,,,,0.0207,0.0138,41.311922,-105.581147,2021,12,5,21
West,Knight Hall,2021-12-05T22:00:00,20.0,30.0,,,0.02,,,,0.0138,0.0207,41.311922,-105.581147,2021,12,5,22
West,Knight Hall,2021-12-05T23:00:00,30.0,30.0,,,0.02,,,,0.0207,0.0207,41.311922,-105.581147,2021,12,5,23
West,Knight Hall,2021-12-06T00:00:00,30.0,30.0,,,,,,,0.0207,0.0207,41.311922,-105.581147,2021,12,6,0
West,Knight Hall,2021-12-06T01:00:00,30.0,30.0,,,,,,,0.0207,0.0207,41.311922,-105.581147,2021,12,6,1
West,Knight Hall,2021-12-06T02:00:00,20.0,20.0,,,,,,,0.0138,0.0138,41.311922,-105.581147,2021,12,6,2
West,Knight Hall,2021-12-06T03:00:00,40.0,30.0,,,,,,,0.0276,0.0207,41.311922,-105.581147,2021,12,6,3
West,Knight Hall,2021-12-06T04:00:00,20.0,30.0,,,1.25,,,,0.0138,0.0207,41.311922,-105.581147,2021,12,6,4
West,Knight Hall,2021-12-06T05:00:00,40.0,30.0,,,7.22,,,,0.0276,0.0207,41.311922,-105.581147,2021,12,6,5
West,Knight Hall,2021-12-06T06:00:00,30.0,20.0,,,18.78,,,,0.0207,0.0138,41.311922,-105.581147,2021,12,6,6
West,Knight Hall,2021-12-06T07:00:00,50.0,30.0,,,100.88,,,,0.034499999999999996,0.0207,41.311922,-105.581147,2021,12,6,7
West,Knight Hall,2021-12-06T08:00:00,60.0,30.0,,,138.23000000000002,,,,0.0414,0.0207,41.311922,-105.581147,2021,12,6,8
West,Knight Hall,2021-12-06T09:00:00,,30.0,,,153.23000000000002,,,,,0.0207,41.311922,-105.581147,2021,12,6,9
West,Knight Hall,2021-12-06T10:00:00,70.0,30.0,,,178.46,,,,0.048299999999999996,0.0207,41.311922,-105.581147,2021,12,6,10
West,Knight Hall,2021-12-06T11:00:00,,30.0,,,,,,,,0.0207,41.311922,-105.581147,2021,12,6,11
West,Knight Hall,2021-12-06T12:00:00,60.0,30.0,,,,,,,0.0414,0.0207,41.311922,-105.581147,2021,12,6,12
West,Knight Hall,2021-12-06T13:00:00,,30.0,,,126.5,,,,,0.0207,41.311922,-105.581147,2021,12,6,13
West,Knight Hall,2021-12-06T14:00:00,70.0,30.0,,,96.38,,,,0.048299999999999996,0.0207,41.311922,-105.581147,2021,12,6,14
West,Knight Hall,2021-12-06T15:00:00,80.0,30.0,,,98.02,,,,0.0552,0.0207,41.311922,-105.581147,2021,12,6,15
West,Knight Hall,2021-12-06T16:00:00,70.0,30.0,,,94.54,,,,0.048299999999999996,0.0207,41.311922,-105.581147,2021,12,6,16
West,Knight Hall,2021-12-06T17:00:00,50.0,30.0,,,13.97,,,,0.034499999999999996,0.0207,41.311922,-105.581147,2021,12,6,17
West,Knight Hall,2021-12-06T18:00:00,40.0,20.0,,,11.3,,,,0.0276,0.0138,41.311922,-105.581147,2021,12,6,18
West,Knight Hall,2021-12-06T19:00:00,40.0,30.0,,,34.07,,,,0.0276,0.0207,41.311922,-105.581147,2021,12,6,19
West,Knight Hall,2021-12-06T20:00:00,30.0,30.0,,,9.16,,,,0.0207,0.0207,41.311922,-105.581147,2021,12,6,20
West,Knight Hall,2021-12-06T21:00:00,40.0,30.0,,,3.71,,,,0.0276,0.0207,41.311922,-105.581147,2021,12,6,21
West,Knight Hall,2021-12-06T22:00:00,20.0,30.0,,,2.16,,,,0.0138,0.0207,41.311922,-105.581147,2021,12,6,22
West,Knight Hall,2021-12-06T23:00:00,30.0,20.0,,,0.04,,,,0.0207,0.0138,41.311922,-105.581147,2021,12,6,23
West,Knight Hall,2021-12-07T00:00:00,20.0,30.0,,,0.88,,,,0.0138,0.0207,41.311922,-105.581147,2021,12,7,0
West,Knight Hall,2021-12-07T01:00:00,30.0,30.0,,,1.14,,,,0.0207,0.0207,41.311922,-105.581147,2021,12,7,1
West,Knight Hall,2021-12-07T02:00:00,20.0,30.0,,,0.99,,,,0.0138,0.0207,41.311922,-105.581147,2021,12,7,2
West,Knight Hall,2021-12-07T03:00:00,30.0,30.0,,,0.93,,,,0.0207,0.0207,41.311922,-105.581147,2021,12,7,3
West,Knight Hall,2021-12-07T04:00:00,30.0,30.0,,,0.54,,,,0.0207,0.0207,41.311922,-105.581147,2021,12,7,4
West,Knight Hall,2021-12-07T05:00:00,30.0,30.0,,,7.96,,,,0.0207,0.0207,41.311922,-105.581147,2021,12,7,5
West,Knight Hall,2021-12-07T06:00:00,30.0,30.0,,,38.940000000000005,,,,0.0207,0.0207,41.311922,-105.581147,2021,12,7,6
West,Knight Hall,2021-12-07T07:00:00,50.0,40.0,,,127.23,,,,0.034499999999999996,0.0276,41.311922,-105.581147,2021,12,7,7
West,Knight Hall,2021-12-07T08:00:00,60.0,60.0,,,116.15,,,,0.0414,0.0414,41.311922,-105.581147,2021,12,7,8
West,Knight Hall,2021-12-07T09:00:00,80.0,70.0,,,154.98000000000002,,,,0.0552,0.048299999999999996,41.311922,-105.581147,2021,12,7,9
West,Knight Hall,2021-12-07T10:00:00,80.0,70.0,,,169.04,,,,0.0552,0.048299999999999996,41.311922,-105.581147,2021,12,7,10
West,Knight Hall,2021-12-07T11:00:00,,70.0,,,186.57,,,,,0.048299999999999996,41.311922,-105.581147,2021,12,7,11
West,Knight Hall,2021-12-07T12:00:00,60.0,60.0,,,115.07,,,,0.0414,0.0414,41.311922,-105.581147,2021,12,7,12
West,Knight Hall,2021-12-07T13:00:00,,60.0,,,162.59,,,,,0.0414,41.311922,-105.581147,2021,12,7,13
West,Knight Hall,2021-12-07T14:00:00,70.0,70.0,,,127.57,,,,0.048299999999999996,0.048299999999999996,41.311922,-105.581147,2021,12,7,14
West,Knight Hall,2021-12-07T15:00:00,70.0,60.0,,,124.17,,,,0.048299999999999996,0.0414,41.311922,-105.581147,2021,12,7,15
West,Knight Hall,2021-12-07T16:00:00,70.0,60.0,,,85.25,,,,0.048299999999999996,0.0414,41.311922,-105.581147,2021,12,7,16
West,Knight Hall,2021-12-07T17:00:00,60.0,50.0,,,28.09,,,,0.0414,0.034499999999999996,41.311922,-105.581147,2021,12,7,17
West,Knight Hall,2021-12-07T18:00:00,30.0,40.0,,,40.86,,,,0.0207,0.0276,41.311922,-105.581147,2021,12,7,18
West,Knight Hall,2021-12-07T19:00:00,40.0,40.0,,,50.69,,,,0.0276,0.0276,41.311922,-105.581147,2021,12,7,19
West,Knight Hall,2021-12-07T20:00:00,30.0,30.0,,,16.54,,,,0.0207,0.0207,41.311922,-105.581147,2021,12,7,20
West,Knight Hall,2021-12-07T21:00:00,30.0,30.0,,,39.28,,,,0.0207,0.0207,41.311922,-105.581147,2021,12,7,21
West,Knight Hall,2021-12-07T22:00:00,30.0,30.0,,,12.12,,,,0.0207,0.0207,41.311922,-105.581147,2021,12,7,22
West,Knight Hall,2021-12-07T23:00:00,30.0,30.0,,,7.609999999999999,,,,0.0207,0.0207,41.311922,-105.581147,2021,12,7,23
West,Knight Hall,2021-12-08T00:00:00,20.0,30.0,,,7.65,,,,0.0138,0.0207,41.311922,-105.581147,2021,12,8,0
West,Knight Hall,2021-12-08T01:00:00,30.0,30.0,,,5.2,,,,0.0207,0.0207,41.311922,-105.581147,2021,12,8,1
West,Knight Hall,2021-12-08T02:00:00,30.0,20.0,,,5.63,,,,0.0207,0.0138,41.311922,-105.581147,2021,12,8,2
West,Knight Hall,2021-12-08T03:00:00,20.0,30.0,,,4.64,,,,0.0138,0.0207,41.311922,-105.581147,2021,12,8,3
West,Knight Hall,2021-12-08T04:00:00,30.0,30.0,,,5.35,,,,0.0207,0.0207,41.311922,-105.581147,2021,12,8,4
West,Knight Hall,2021-12-08T05:00:00,30.0,30.0,,,15.91,,,,0.0207,0.0207,41.311922,-105.581147,2021,12,8,5
West,Knight Hall,2021-12-08T06:00:00,30.0,30.0,,,33.64,,,,0.0207,0.0207,41.311922,-105.581147,2021,12,8,6
West,Knight Hall,2021-12-08T07:00:00,50.0,40.0,,,97.26,,,,0.034499999999999996,0.0276,41.311922,-105.581147,2021,12,8,7
West,Knight Hall,2021-12-08T08:00:00,70.0,70.0,,,119.55,,,,0.048299999999999996,0.048299999999999996,41.311922,-105.581147,2021,12,8,8
West,Knight Hall,2021-12-08T09:00:00,80.0,70.0,,,157.41,,,,0.0552,0.048299999999999996,41.311922,-105.581147,2021,12,8,9
West,Knight Hall,2021-12-08T10:00:00,80.0,70.0,,,153.69,,,,0.0552,0.048299999999999996,41.311922,-105.581147,2021,12,8,10
West,Knight Hall,2021-12-08T11:00:00,,70.0,,,118.41,,,,,0.048299999999999996,41.311922,-105.581147,2021,12,8,11
West,Knight Hall,2021-12-08T12:00:00,60.0,60.0,,,186.37,,,,0.0414,0.0414,41.311922,-105.581147,2021,12,8,12
West,Knight Hall,2021-12-08T13:00:00,,70.0,,,,,,,,0.048299999999999996,41.311922,-105.581147,2021,12,8,13
West,Knight Hall,2021-12-08T14:00:00,70.0,60.0,,,221.73,,,,0.048299999999999996,0.0414,41.311922,-105.581147,2021,12,8,14
West,Knight Hall,2021-12-08T15:00:00,80.0,60.0,,,81.69,,,,0.0552,0.0414,41.311922,-105.581147,2021,12,8,15
West,Knight Hall,2021-12-08T16:00:00,70.0,60.0,,,70.46,,,,0.048299999999999996,0.0414,41.311922,-105.581147,2021,12,8,16
West,Knight Hall,2021-12-08T17:00:00,60.0,50.0,,,52.49999999999999,,,,0.0414,0.034499999999999996,41.311922,-105.581147,2021,12,8,17
West,Knight Hall,2021-12-08T18:00:00,40.0,30.0,,,1.88,,,,0.0276,0.0207,41.311922,-105.581147,2021,12,8,18
West,Knight Hall,2021-12-08T19:00:00,40.0,40.0,,,35.489999999999995,,,,0.0276,0.0276,41.311922,-105.581147,2021,12,8,19
West,Knight Hall,2021-12-08T20:00:00,30.0,30.0,,,17.42,,,,0.0207,0.0207,41.311922,-105.581147,2021,12,8,20
West,Knight Hall,2021-12-08T21:00:00,30.0,30.0,,,17.06,,,,0.0207,0.0207,41.311922,-105.581147,2021,12,8,21
West,Knight Hall,2021-12-08T22:00:00,30.0,30.0,,,0.48,,,,0.0207,0.0207,41.311922,-105.581147,2021,12,8,22
West,Knight Hall,2021-12-08T23:00:00,30.0,30.0,,,0.93,,,,0.0207,0.0207,41.311922,-105.581147,2021,12,8,23
West,Knight Hall,2021-12-09T00:00:00,20.0,20.0,,,1.17,,,,0.0138,0.0138,41.311922,-105.581147,2021,12,9,0
West,Knight Hall,2021-12-09T01:00:00,30.0,30.0,,,,,,,0.0207,0.0207,41.311922,-105.581147,2021,12,9,1
West,Knight Hall,2021-12-09T02:00:00,20.0,30.0,,,0.95,,,,0.0138,0.0207,41.311922,-105.581147,2021,12,9,2
West,Knight Hall,2021-12-09T03:00:00,40.0,20.0,,,,,,,0.0276,0.0138,41.311922,-105.581147,2021,12,9,3
West,Knight Hall,2021-12-09T04:00:00,20.0,30.0,,,2.28,,,,0.0138,0.0207,41.311922,-105.581147,2021,12,9,4
West,Knight Hall,2021-12-09T05:00:00,30.0,30.0,,,7.18,,,,0.0207,0.0207,41.311922,-105.581147,2021,12,9,5
West,Knight Hall,2021-12-09T06:00:00,30.0,40.0,,,21.56,,,,0.0207,0.0276,41.311922,-105.581147,2021,12,9,6
West,Knight Hall,2021-12-09T07:00:00,50.0,30.0,,,82.75,,,,0.034499999999999996,0.0207,41.311922,-105.581147,2021,12,9,7
West,Knight Hall,2021-12-09T08:00:00,60.0,60.0,,,119.51,,,,0.0414,0.0414,41.311922,-105.581147,2021,12,9,8
West,Knight Hall,2021-12-09T09:00:00,80.0,70.0,,,105.67,,,,0.0552,0.048299999999999996,41.311922,-105.581147,2021,12,9,9
West,Knight Hall,2021-12-09T10:00:00,80.0,70.0,,,129.43,,,,0.0552,0.048299999999999996,41.311922,-105.581147,2021,12,9,10
West,Knight Hall,2021-12-09T11:00:00,80.0,60.0,,,99.44,,,,0.0552,0.0414,41.311922,-105.581147,2021,12,9,11
West,Knight Hall,2021-12-09T12:00:00,70.0,60.0,,,94.67,,,,0.048299999999999996,0.0414,41.311922,-105.581147,2021,12,9,12
West,Knight Hall,2021-12-09T13:00:00,,60.0,,,104.23,,,,,0.0414,41.311922,-105.581147,2021,12,9,13
West,Knight Hall,2021-12-09T14:00:00,70.0,70.0,,,66.26,,,,0.048299999999999996,0.048299999999999996,41.311922,-105.581147,2021,12,9,14
West,Knight Hall,2021-12-09T15:00:00,,60.0,,,92.13,,,,,0.0414,41.311922,-105.581147,2021,12,9,15
West,Knight Hall,2021-12-09T16:00:00,60.0,60.0,,,51.53,,,,0.0414,0.0414,41.311922,-105.581147,2021,12,9,16
West,Knight Hall,2021-12-09T17:00:00,60.0,40.0,,,14.94,,,,0.0414,0.0276,41.311922,-105.581147,2021,12,9,17
West,Knight Hall,2021-12-09T18:00:00,40.0,40.0,,,39.52,,,,0.0276,0.0276,41.311922,-105.581147,2021,12,9,18
West,Knight Hall,2021-12-09T19:00:00,40.0,30.0,,,16.65,,,,0.0276,0.0207,41.311922,-105.581147,2021,12,9,19
West,Knight Hall,2021-12-09T20:00:00,30.0,30.0,,,6.84,,,,0.0207,0.0207,41.311922,-105.581147,2021,12,9,20
West,Knight Hall,2021-12-09T21:00:00,40.0,30.0,,,24.69,,,,0.0276,0.0207,41.311922,-105.581147,2021,12,9,21
West,Knight Hall,2021-12-09T22:00:00,20.0,30.0,,,0.91,,,,0.0138,0.0207,41.311922,-105.581147,2021,12,9,22
West,Knight Hall,2021-12-09T23:00:00,30.0,30.0,,,1.16,,,,0.0207,0.0207,41.311922,-105.581147,2021,12,9,23
West,Knight Hall,2021-12-10T00:00:00,30.0,20.0,,,0.91,,,,0.0207,0.0138,41.311922,-105.581147,2021,12,10,0
West,Knight Hall,2021-12-10T01:00:00,30.0,30.0,,,,,,,0.0207,0.0207,41.311922,-105.581147,2021,12,10,1
West,Knight Hall,2021-12-10T02:00:00,30.0,30.0,,,,,,,0.0207,0.0207,41.311922,-105.581147,2021,12,10,2
West,Knight Hall,2021-12-10T03:00:00,40.0,20.0,,,,,,,0.0276,0.0138,41.311922,-105.581147,2021,12,10,3
West,Knight Hall,2021-12-10T04:00:00,20.0,30.0,,,1.29,,,,0.0138,0.0207,41.311922,-105.581147,2021,12,10,4
West,Knight Hall,2021-12-10T05:00:00,40.0,40.0,,,1.98,,,,0.0276,0.0276,41.311922,-105.581147,2021,12,10,5
West,Knight Hall,2021-12-10T06:00:00,30.0,30.0,,,13.02,,,,0.0207,0.0207,41.311922,-105.581147,2021,12,10,6
West,Knight Hall,2021-12-10T07:00:00,50.0,40.0,,,54.830000000000005,,,,0.034499999999999996,0.0276,41.311922,-105.581147,2021,12,10,7
West,Knight Hall,2021-12-10T08:00:00,60.0,60.0,,,113.26,,,,0.0414,0.0414,41.311922,-105.581147,2021,12,10,8
West,Knight Hall,2021-12-10T09:00:00,70.0,60.0,,,154.38,,,,0.048299999999999996,0.0414,41.311922,-105.581147,2021,12,10,9
West,Knight Hall,2021-12-10T10:00:00,80.0,80.0,,,125.23,,,,0.0552,0.0552,41.311922,-105.581147,2021,12,10,10
West,Knight Hall,2021-12-10T11:00:00,80.0,60.0,,,90.27,,,,0.0552,0.0414,41.311922,-105.581147,2021,12,10,11
West,Knight Hall,2021-12-10T12:00:00,60.0,70.0,,,89.30999999999999,,,,0.0414,0.048299999999999996,41.311922,-105.581147,2021,12,10,12
West,Knight Hall,2021-12-10T13:00:00,,60.0,,,111.27,,,,,0.0414,41.311922,-105.581147,2021,12,10,13
West,Knight Hall,2021-12-10T14:00:00,60.0,60.0,,,90.15,,,,0.0414,0.0414,41.311922,-105.581147,2021,12,10,14
West,Knight Hall,2021-12-10T15:00:00,80.0,60.0,,,162.7,,,,0.0552,0.0414,41.311922,-105.581147,2021,12,10,15
West,Knight Hall,2021-12-10T16:00:00,60.0,60.0,,,134.89,,,,0.0414,0.0414,41.311922,-105.581147,2021,12,10,16
West,Knight Hall,2021-12-10T17:00:00,50.0,50.0,,,129.02,,,,0.034499999999999996,0.034499999999999996,41.311922,-105.581147,2021,12,10,17
West,Knight Hall,2021-12-10T18:00:00,40.0,40.0,,,,,,,0.0276,0.0276,41.311922,-105.581147,2021,12,10,18
West,Knight Hall,2021-12-10T19:00:00,30.0,30.0,,,,,,,0.0207,0.0207,41.311922,-105.581147,2021,12,10,19
West,Knight Hall,2021-12-10T20:00:00,30.0,30.0,,,,,,,0.0207,0.0207,41.311922,-105.581147,2021,12,10,20
West,Knight Hall,2021-12-10T21:00:00,30.0,30.0,,,,,,,0.0207,0.0207,41.311922,-105.581147,2021,12,10,21
West,Knight Hall,2021-12-10T22:00:00,30.0,30.0,,,,,,,0.0207,0.0207,41.311922,-105.581147,2021,12,10,22
West,Knight Hall,2021-12-10T23:00:00,30.0,30.0,,,,,,,0.0207,0.0207,41.311922,-105.581147,2021,12,10,23
West,Knight Hall,2021-12-11T00:00:00,30.0,30.0,,,,,,,0.0207,0.0207,41.311922,-105.581147,2021,12,11,0
West,Knight Hall,2021-12-11T01:00:00,20.0,20.0,,,,,,,0.0138,0.0138,41.311922,-105.581147,2021,12,11,1
West,Knight Hall,2021-12-11T02:00:00,30.0,30.0,,,,,,,0.0207,0.0207,41.311922,-105.581147,2021,12,11,2
West,Knight Hall,2021-12-11T03:00:00,30.0,30.0,,,,,,,0.0207,0.0207,41.311922,-105.581147,2021,12,11,3
West,Knight Hall,2021-12-11T04:00:00,30.0,30.0,,,,,,,0.0207,0.0207,41.311922,-105.581147,2021,12,11,4
West,Knight Hall,2021-12-11T05:00:00,30.0,30.0,,,,,,,0.0207,0.0207,41.311922,-105.581147,2021,12,11,5
West,Knight Hall,2021-12-11T06:00:00,20.0,40.0,,,,,,,0.0138,0.0276,41.311922,-105.581147,2021,12,11,6
West,Knight Hall,2021-12-11T07:00:00,30.0,30.0,,,,,,,0.0207,0.0207,41.311922,-105.581147,2021,12,11,7
West,Knight Hall,2021-12-11T08:00:00,30.0,70.0,,,,,,,0.0207,0.048299999999999996,41.311922,-105.581147,2021,12,11,8
West,Knight Hall,2021-12-11T09:00:00,40.0,70.0,,,,,,,0.0276,0.048299999999999996,41.311922,-105.581147,2021,12,11,9
West,Knight Hall,2021-12-11T10:00:00,30.0,70.0,,,,,,,0.0207,0.048299999999999996,41.311922,-105.581147,2021,12,11,10
West,Knight Hall,2021-12-11T11:00:00,40.0,70.0,,,,,,,0.0276,0.048299999999999996,41.311922,-105.581147,2021,12,11,11
West,Knight Hall,2021-12-11T12:00:00,30.0,60.0,,,,,,,0.0207,0.0414,41.311922,-105.581147,2021,12,11,12
West,Knight Hall,2021-12-11T13:00:00,40.0,70.0,,,,,,,0.0276,0.048299999999999996,41.311922,-105.581147,2021,12,11,13
West,Knight Hall,2021-12-11T14:00:00,20.0,60.0,,,,,,,0.0138,0.0414,41.311922,-105.581147,2021,12,11,14
West,Knight Hall,2021-12-11T15:00:00,40.0,70.0,,,,,,,0.0276,0.048299999999999996,41.311922,-105.581147,2021,12,11,15
West,Knight Hall,2021-12-11T16:00:00,30.0,60.0,,,,,,,0.0207,0.0414,41.311922,-105.581147,2021,12,11,16
West,Knight Hall,2021-12-11T17:00:00,30.0,50.0,,,,,,,0.0207,0.034499999999999996,41.311922,-105.581147,2021,12,11,17
West,Knight Hall,2021-12-11T18:00:00,20.0,40.0,,,,,,,0.0138,0.0276,41.311922,-105.581147,2021,12,11,18
West,Knight Hall,2021-12-11T19:00:00,40.0,40.0,,,,,,,0.0276,0.0276,41.311922,-105.581147,2021,12,11,19
West,Knight Hall,2021-12-11T20:00:00,20.0,30.0,,,,,,,0.0138,0.0207,41.311922,-105.581147,2021,12,11,20
West,Knight Hall,2021-12-11T21:00:00,40.0,30.0,,,,,,,0.0276,0.0207,41.311922,-105.581147,2021,12,11,21
West,Knight Hall,2021-12-11T22:00:00,20.0,20.0,,,,,,,0.0138,0.0138,41.311922,-105.581147,2021,12,11,22
West,Knight Hall,2021-12-11T23:00:00,30.0,30.0,,,,,,,0.0207,0.0207,41.311922,-105.581147,2021,12,11,23
West,Knight Hall,2021-12-12T00:00:00,30.0,30.0,,,,,,,0.0207,0.0207,41.311922,-105.581147,2021,12,12,0
West,Knight Hall,2021-12-12T01:00:00,30.0,20.0,,,,,,,0.0207,0.0138,41.311922,-105.581147,2021,12,12,1
West,Knight Hall,2021-12-12T02:00:00,20.0,30.0,,,,,,,0.0138,0.0207,41.311922,-105.581147,2021,12,12,2
West,Knight Hall,2021-12-12T03:00:00,40.0,30.0,,,,,,,0.0276,0.0207,41.311922,-105.581147,2021,12,12,3
West,Knight Hall,2021-12-12T04:00:00,20.0,20.0,,,,,,,0.0138,0.0138,41.311922,-105.581147,2021,12,12,4
West,Knight Hall,2021-12-12T05:00:00,30.0,30.0,,,,,,,0.0207,0.0207,41.311922,-105.581147,2021,12,12,5
West,Knight Hall,2021-12-12T06:00:00,30.0,30.0,,,,,,,0.0207,0.0207,41.311922,-105.581147,2021,12,12,6
West,Knight Hall,2021-12-12T07:00:00,30.0,30.0,,,,,,,0.0207,0.0207,41.311922,-105.581147,2021,12,12,7
West,Knight Hall,2021-12-12T08:00:00,30.0,30.0,,,,,,,0.0207,0.0207,41.311922,-105.581147,2021,12,12,8
West,Knight Hall,2021-12-12T09:00:00,30.0,30.0,,,,,,,0.0207,0.0207,41.311922,-105.581147,2021,12,12,9
West,Knight Hall,2021-12-12T10:00:00,30.0,30.0,,,,,,,0.0207,0.0207,41.311922,-105.581147,2021,12,12,10
West,Knight Hall,2021-12-12T11:00:00,40.0,30.0,,,,,,,0.0276,0.0207,41.311922,-105.581147,2021,12,12,11
West,Knight Hall,2021-12-12T12:00:00,20.0,40.0,,,,,,,0.0138,0.0276,41.311922,-105.581147,2021,12,12,12
West,Knight Hall,2021-12-12T13:00:00,40.0,30.0,,,,,,,0.0276,0.0207,41.311922,-105.581147,2021,12,12,13
West,Knight Hall,2021-12-12T14:00:00,20.0,30.0,,,,,,,0.0138,0.0207,41.311922,-105.581147,2021,12,12,14
West,Knight Hall,2021-12-12T15:00:00,40.0,30.0,,,,,,,0.0276,0.0207,41.311922,-105.581147,2021,12,12,15
West,Knight Hall,2021-12-12T16:00:00,30.0,30.0,,,,,,,0.0207,0.0207,41.311922,-105.581147,2021,12,12,16
West,Knight Hall,2021-12-12T17:00:00,30.0,30.0,,,,,,,0.0207,0.0207,41.311922,-105.581147,2021,12,12,17
West,Knight Hall,2021-12-12T18:00:00,30.0,30.0,,,,,,,0.0207,0.0207,41.311922,-105.581147,2021,12,12,18
West,Knight Hall,2021-12-12T19:00:00,20.0,30.0,,,,,,,0.0138,0.0207,41.311922,-105.581147,2021,12,12,19
West,Knight Hall,2021-12-12T20:00:00,30.0,20.0,,,,,,,0.0207,0.0138,41.311922,-105.581147,2021,12,12,20
West,Knight Hall,2021-12-12T21:00:00,40.0,30.0,,,,,,,0.0276,0.0207,41.311922,-105.581147,2021,12,12,21
West,Knight Hall,2021-12-12T22:00:00,20.0,30.0,,,,,,,0.0138,0.0207,41.311922,-105.581147,2021,12,12,22
West,Knight Hall,2021-12-12T23:00:00,30.0,30.0,,,,,,,0.0207,0.0207,41.311922,-105.581147,2021,12,12,23
West,Knight Hall,2021-12-13T00:00:00,30.0,20.0,,,,,,,0.0207,0.0138,41.311922,-105.581147,2021,12,13,0
West,Knight Hall,2021-12-13T01:00:00,30.0,30.0,,,,,,,0.0207,0.0207,41.311922,-105.581147,2021,12,13,1
West,Knight Hall,2021-12-13T02:00:00,20.0,30.0,,,,,,,0.0138,0.0207,41.311922,-105.581147,2021,12,13,2
West,Knight Hall,2021-12-13T03:00:00,40.0,20.0,,,,,,,0.0276,0.0138,41.311922,-105.581147,2021,12,13,3
West,Knight Hall,2021-12-13T04:00:00,30.0,30.0,,,,,,,0.0207,0.0207,41.311922,-105.581147,2021,12,13,4
West,Knight Hall,2021-12-13T05:00:00,30.0,30.0,,,,,,,0.0207,0.0207,41.311922,-105.581147,2021,12,13,5
West,Knight Hall,2021-12-13T06:00:00,30.0,20.0,,,,,,,0.0207,0.0138,41.311922,-105.581147,2021,12,13,6
West,Knight Hall,2021-12-13T07:00:00,50.0,30.0,,,,,,,0.034499999999999996,0.0207,41.311922,-105.581147,2021,12,13,7
West,Knight Hall,2021-12-13T08:00:00,80.0,30.0,,,,,,,0.0552,0.0207,41.311922,-105.581147,2021,12,13,8
West,Knight Hall,2021-12-13T09:00:00,,30.0,,,112.7,,,,,0.0207,41.311922,-105.581147,2021,12,13,9
West,Knight Hall,2021-12-13T10:00:00,70.0,30.0,,,125.07,,,,0.048299999999999996,0.0207,41.311922,-105.581147,2021,12,13,10
West,Knight Hall,2021-12-13T11:00:00,,30.0,,,,,,,,0.0207,41.311922,-105.581147,2021,12,13,11
West,Knight Hall,2021-12-13T12:00:00,70.0,30.0,,,,,,,0.048299999999999996,0.0207,41.311922,-105.581147,2021,12,13,12
West,Knight Hall,2021-12-13T13:00:00,,20.0,,,105.37,,,,,0.0138,41.311922,-105.581147,2021,12,13,13
West,Knight Hall,2021-12-13T14:00:00,70.0,30.0,,,97.99,,,,0.048299999999999996,0.0207,41.311922,-105.581147,2021,12,13,14
West,Knight Hall,2021-12-13T15:00:00,,30.0,,,77.86,,,,,0.0207,41.311922,-105.581147,2021,12,13,15
West,Knight Hall,2021-12-13T16:00:00,60.0,30.0,,,50.39,,,,0.0414,0.0207,41.311922,-105.581147,2021,12,13,16
West,Knight Hall,2021-12-13T17:00:00,50.0,30.0,,,54.27,,,,0.034499999999999996,0.0207,41.311922,-105.581147,2021,12,13,17
West,Knight Hall,2021-12-13T18:00:00,40.0,30.0,,,15.03,,,,0.0276,0.0207,41.311922,-105.581147,2021,12,13,18
West,Knight Hall,2021-12-13T19:00:00,40.0,20.0,,,8.41,,,,0.0276,0.0138,41.311922,-105.581147,2021,12,13,19
West,Knight Hall,2021-12-13T20:00:00,30.0,30.0,,,7.63,,,,0.0207,0.0207,41.311922,-105.581147,2021,12,13,20
West,Knight Hall,2021-12-13T21:00:00,30.0,30.0,,,7.699999999999999,,,,0.0207,0.0207,41.311922,-105.581147,2021,12,13,21
West,Knight Hall,2021-12-13T22:00:00,30.0,20.0,,,1.19,,,,0.0207,0.0138,41.311922,-105.581147,2021,12,13,22
West,Knight Hall,2021-12-13T23:00:00,30.0,30.0,,,0.91,,,,0.0207,0.0207,41.311922,-105.581147,2021,12,13,23
West,Knight Hall,2021-12-14T00:00:00,20.0,30.0,,,,,,,0.0138,0.0207,41.311922,-105.581147,2021,12,14,0
West,Knight Hall,2021-12-14T01:00:00,30.0,20.0,,,0.02,,,,0.0207,0.0138,41.311922,-105.581147,2021,12,14,1
West,Knight Hall,2021-12-14T02:00:00,20.0,30.0,,,0.91,,,,0.0138,0.0207,41.311922,-105.581147,2021,12,14,2
West,Knight Hall,2021-12-14T03:00:00,40.0,30.0,,,,,,,0.0276,0.0207,41.311922,-105.581147,2021,12,14,3
West,Knight Hall,2021-12-14T04:00:00,20.0,20.0,,,1.19,,,,0.0138,0.0138,41.311922,-105.581147,2021,12,14,4
West,Knight Hall,2021-12-14T05:00:00,40.0,30.0,,,11.26,,,,0.0276,0.0207,41.311922,-105.581147,2021,12,14,5
West,Knight Hall,2021-12-14T06:00:00,20.0,40.0,,,20.78,,,,0.0138,0.0276,41.311922,-105.581147,2021,12,14,6
West,Knight Hall,2021-12-14T07:00:00,60.0,30.0,,,84.2,,,,0.0414,0.0207,41.311922,-105.581147,2021,12,14,7
West,Knight Hall,2021-12-14T08:00:00,70.0,60.0,,,120.01,,,,0.048299999999999996,0.0414,41.311922,-105.581147,2021,12,14,8
West,Knight Hall,2021-12-14T09:00:00,,70.0,,,150.3,,,,,0.048299999999999996,41.311922,-105.581147,2021,12,14,9
West,Knight Hall,2021-12-14T10:00:00,70.0,70.0,,,123.8,,,,0.048299999999999996,0.048299999999999996,41.311922,-105.581147,2021,12,14,10
West,Knight Hall,2021-12-14T11:00:00,,70.0,,,91.44,,,,,0.048299999999999996,41.311922,-105.581147,2021,12,14,11
West,Knight Hall,2021-12-14T12:00:00,60.0,60.0,,,85.98,,,,0.0414,0.0414,41.311922,-105.581147,2021,12,14,12
West,Knight Hall,2021-12-14T13:00:00,,60.0,,,87.08,,,,,0.0414,41.311922,-105.581147,2021,12,14,13
West,Knight Hall,2021-12-14T14:00:00,60.0,70.0,,,79.32,,,,0.0414,0.048299999999999996,41.311922,-105.581147,2021,12,14,14
West,Knight Hall,2021-12-14T15:00:00,,60.0,,,91.78,,,,,0.0414,41.311922,-105.581147,2021,12,14,15
West,Knight Hall,2021-12-14T16:00:00,70.0,60.0,,,40.69,,,,0.048299999999999996,0.0414,41.311922,-105.581147,2021,12,14,16
West,Knight Hall,2021-12-14T17:00:00,50.0,50.0,,,48.66,,,,0.034499999999999996,0.034499999999999996,41.311922,-105.581147,2021,12,14,17
West,Knight Hall,2021-12-14T18:00:00,40.0,40.0,,,1.14,,,,0.0276,0.0276,41.311922,-105.581147,2021,12,14,18
West,Knight Hall,2021-12-14T19:00:00,40.0,40.0,,,26.110000000000003,,,,0.0276,0.0276,41.311922,-105.581147,2021,12,14,19
West,Knight Hall,2021-12-14T20:00:00,20.0,30.0,,,10.29,,,,0.0138,0.0207,41.311922,-105.581147,2021,12,14,20
West,Knight Hall,2021-12-14T21:00:00,40.0,30.0,,,8.75,,,,0.0276,0.0207,41.311922,-105.581147,2021,12,14,21
West,Knight Hall,2021-12-14T22:00:00,20.0,30.0,,,3.41,,,,0.0138,0.0207,41.311922,-105.581147,2021,12,14,22
West,Knight Hall,2021-12-14T23:00:00,40.0,30.0,,,0.0699999999999999,,,,0.0276,0.0207,41.311922,-105.581147,2021,12,14,23
West,Knight Hall,2021-12-15T00:00:00,20.0,30.0,,,0.17,,,,0.0138,0.0207,41.311922,-105.581147,2021,12,15,0
West,Knight Hall,2021-12-15T01:00:00,30.0,30.0,,,0.11,,,,0.0207,0.0207,41.311922,-105.581147,2021,12,15,1
West,Knight Hall,2021-12-15T02:00:00,20.0,30.0,,,1.03,,,,0.0138,0.0207,41.311922,-105.581147,2021,12,15,2
West,Knight Hall,2021-12-15T03:00:00,30.0,30.0,,,1.27,,,,0.0207,0.0207,41.311922,-105.581147,2021,12,15,3
West,Knight Hall,2021-12-15T04:00:00,30.0,30.0,,,0.04,,,,0.0207,0.0207,41.311922,-105.581147,2021,12,15,4
West,Knight Hall,2021-12-15T05:00:00,30.0,40.0,,,30.32,,,,0.0207,0.0276,41.311922,-105.581147,2021,12,15,5
West,Knight Hall,2021-12-15T06:00:00,30.0,30.0,,,28.91,,,,0.0207,0.0207,41.311922,-105.581147,2021,12,15,6
West,Knight Hall,2021-12-15T07:00:00,60.0,40.0,,,85.96,,,,0.0414,0.0276,41.311922,-105.581147,2021,12,15,7
West,Knight Hall,2021-12-15T08:00:00,70.0,60.0,,,117.42,,,,0.048299999999999996,0.0414,41.311922,-105.581147,2021,12,15,8
West,Knight Hall,2021-12-15T09:00:00,,70.0,,,138.83,,,,,0.048299999999999996,41.311922,-105.581147,2021,12,15,9
West,Knight Hall,2021-12-15T10:00:00,70.0,70.0,,,118.2,,,,0.048299999999999996,0.048299999999999996,41.311922,-105.581147,2021,12,15,10
West,Knight Hall,2021-12-15T11:00:00,80.0,70.0,,,73.82,,,,0.0552,0.048299999999999996,41.311922,-105.581147,2021,12,15,11
West,Knight Hall,2021-12-15T12:00:00,80.0,70.0,,,99.01,,,,0.0552,0.048299999999999996,41.311922,-105.581147,2021,12,15,12
West,Knight Hall,2021-12-15T13:00:00,,60.0,,,100.73,,,,,0.0414,41.311922,-105.581147,2021,12,15,13
West,Knight Hall,2021-12-15T14:00:00,60.0,60.0,,,159.92,,,,0.0414,0.0414,41.311922,-105.581147,2021,12,15,14
West,Knight Hall,2021-12-15T15:00:00,,60.0,,,107.44,,,,,0.0414,41.311922,-105.581147,2021,12,15,15
West,Knight Hall,2021-12-15T16:00:00,60.0,60.0,,,69.12,,,,0.0414,0.0414,41.311922,-105.581147,2021,12,15,16
West,Knight Hall,2021-12-15T17:00:00,60.0,40.0,,,28.76,,,,0.0414,0.0276,41.311922,-105.581147,2021,12,15,17
West,Knight Hall,2021-12-15T18:00:00,40.0,40.0,,,2.46,,,,0.0276,0.0276,41.311922,-105.581147,2021,12,15,18
West,Knight Hall,2021-12-15T19:00:00,40.0,30.0,,,30.380000000000003,,,,0.0276,0.0207,41.311922,-105.581147,2021,12,15,19
West,Knight Hall,2021-12-15T20:00:00,30.0,40.0,,,12.68,,,,0.0207,0.0276,41.311922,-105.581147,2021,12,15,20
West,Knight Hall,2021-12-15T21:00:00,40.0,30.0,,,7.96,,,,0.0276,0.0207,41.311922,-105.581147,2021,12,15,21
West,Knight Hall,2021-12-15T22:00:00,30.0,30.0,,,0.02,,,,0.0207,0.0207,41.311922,-105.581147,2021,12,15,22
West,Knight Hall,2021-12-15T23:00:00,30.0,30.0,,,1.17,,,,0.0207,0.0207,41.311922,-105.581147,2021,12,15,23
West,Knight Hall,2021-12-16T00:00:00,20.0,20.0,,,0.04,,,,0.0138,0.0138,41.311922,-105.581147,2021,12,16,0
West,Knight Hall,2021-12-16T01:00:00,40.0,30.0,,,0.95,,,,0.0276,0.0207,41.311922,-105.581147,2021,12,16,1
West,Knight Hall,2021-12-16T02:00:00,20.0,30.0,,,0.37,,,,0.0138,0.0207,41.311922,-105.581147,2021,12,16,2
West,Knight Hall,2021-12-16T03:00:00,30.0,30.0,,,0.8200000000000001,,,,0.0207,0.0207,41.311922,-105.581147,2021,12,16,3
West,Knight Hall,2021-12-16T04:00:00,30.0,20.0,,,,,,,0.0207,0.0138,41.311922,-105.581147,2021,12,16,4
West,Knight Hall,2021-12-16T05:00:00,30.0,40.0,,,5.48,,,,0.0207,0.0276,41.311922,-105.581147,2021,12,16,5
West,Knight Hall,2021-12-16T06:00:00,30.0,30.0,,,35.27,,,,0.0207,0.0207,41.311922,-105.581147,2021,12,16,6
West,Knight Hall,2021-12-16T07:00:00,60.0,40.0,,,48.38,,,,0.0414,0.0276,41.311922,-105.581147,2021,12,16,7
West,Knight Hall,2021-12-16T08:00:00,60.0,60.0,,,111.96999999999998,,,,0.0414,0.0414,41.311922,-105.581147,2021,12,16,8
West,Knight Hall,2021-12-16T09:00:00,80.0,60.0,,,118.17,,,,0.0552,0.0414,41.311922,-105.581147,2021,12,16,9
West,Knight Hall,2021-12-16T10:00:00,80.0,70.0,,,153.45,,,,0.0552,0.048299999999999996,41.311922,-105.581147,2021,12,16,10
West,Knight Hall,2021-12-16T11:00:00,80.0,70.0,,,195.97000000000003,,,,0.0552,0.048299999999999996,41.311922,-105.581147,2021,12,16,11
West,Knight Hall,2021-12-16T12:00:00,70.0,60.0,,,94.93,,,,0.048299999999999996,0.0414,41.311922,-105.581147,2021,12,16,12
West,Knight Hall,2021-12-16T13:00:00,,70.0,,,110.8,,,,,0.048299999999999996,41.311922,-105.581147,2021,12,16,13
West,Knight Hall,2021-12-16T14:00:00,60.0,60.0,,,,,,,0.0414,0.0414,41.311922,-105.581147,2021,12,16,14
West,Knight Hall,2021-12-16T15:00:00,,60.0,,,,,,,,0.0414,41.311922,-105.581147,2021,12,16,15
West,Knight Hall,2021-12-16T16:00:00,60.0,60.0,,,,,,,0.0414,0.0414,41.311922,-105.581147,2021,12,16,16
West,Knight Hall,2021-12-16T17:00:00,60.0,40.0,,,107.07,,,,0.0414,0.0276,41.311922,-105.581147,2021,12,16,17
West,Knight Hall,2021-12-16T18:00:00,30.0,40.0,,,12.23,,,,0.0207,0.0276,41.311922,-105.581147,2021,12,16,18
West,Knight Hall,2021-12-16T19:00:00,50.0,30.0,,,38.79,,,,0.034499999999999996,0.0207,41.311922,-105.581147,2021,12,16,19
West,Knight Hall,2021-12-16T20:00:00,30.0,30.0,,,12.1,,,,0.0207,0.0207,41.311922,-105.581147,2021,12,16,20
West,Knight Hall,2021-12-16T21:00:00,40.0,30.0,,,26.410000000000004,,,,0.0276,0.0207,41.311922,-105.581147,2021,12,16,21
West,Knight Hall,2021-12-16T22:00:00,30.0,30.0,,,10.01,,,,0.0207,0.0207,41.311922,-105.581147,2021,12,16,22
West,Knight Hall,2021-12-16T23:00:00,30.0,30.0,,,5.59,,,,0.0207,0.0207,41.311922,-105.581147,2021,12,16,23
West,Knight Hall,2021-12-17T00:00:00,20.0,30.0,,,5.84,,,,0.0138,0.0207,41.311922,-105.581147,2021,12,17,0
West,Knight Hall,2021-12-17T01:00:00,40.0,20.0,,,3.51,,,,0.0276,0.0138,41.311922,-105.581147,2021,12,17,1
West,Knight Hall,2021-12-17T02:00:00,20.0,30.0,,,4.699999999999999,,,,0.0138,0.0207,41.311922,-105.581147,2021,12,17,2
West,Knight Hall,2021-12-17T03:00:00,30.0,30.0,,,5.56,,,,0.0207,0.0207,41.311922,-105.581147,2021,12,17,3
West,Knight Hall,2021-12-17T04:00:00,30.0,30.0,,,4.51,,,,0.0207,0.0207,41.311922,-105.581147,2021,12,17,4
West,Knight Hall,2021-12-17T05:00:00,30.0,30.0,,,8.28,,,,0.0207,0.0207,41.311922,-105.581147,2021,12,17,5
West,Knight Hall,2021-12-17T06:00:00,30.0,30.0,,,38.51,,,,0.0207,0.0207,41.311922,-105.581147,2021,12,17,6
West,Knight Hall,2021-12-17T07:00:00,60.0,30.0,,,69.81,,,,0.0414,0.0207,41.311922,-105.581147,2021,12,17,7
West,Knight Hall,2021-12-17T08:00:00,70.0,70.0,,,144.59,,,,0.048299999999999996,0.048299999999999996,41.311922,-105.581147,2021,12,17,8
West,Knight Hall,2021-12-17T09:00:00,70.0,60.0,,,125.94,,,,0.048299999999999996,0.0414,41.311922,-105.581147,2021,12,17,9
West,Knight Hall,2021-12-17T10:00:00,80.0,70.0,,,92.6,,,,0.0552,0.048299999999999996,41.311922,-105.581147,2021,12,17,10
West,Knight Hall,2021-12-17T11:00:00,,70.0,,,159.72,,,,,0.048299999999999996,41.311922,-105.581147,2021,12,17,11
West,Knight Hall,2021-12-17T12:00:00,60.0,60.0,,,148.27,,,,0.0414,0.0414,41.311922,-105.581147,2021,12,17,12
West,Knight Hall,2021-12-17T13:00:00,,60.0,,,,,,,,0.0414,41.311922,-105.581147,2021,12,17,13
West,Knight Hall,2021-12-17T14:00:00,70.0,70.0,,,,,,,0.048299999999999996,0.048299999999999996,41.311922,-105.581147,2021,12,17,14
West,Knight Hall,2021-12-17T15:00:00,80.0,60.0,,,102.85,,,,0.0552,0.0414,41.311922,-105.581147,2021,12,17,15
West,Knight Hall,2021-12-17T16:00:00,60.0,60.0,,,47.3,,,,0.0414,0.0414,41.311922,-105.581147,2021,12,17,16
West,Knight Hall,2021-12-17T17:00:00,50.0,50.0,,,8.19,,,,0.034499999999999996,0.034499999999999996,41.311922,-105.581147,2021,12,17,17
West,Knight Hall,2021-12-17T18:00:00,30.0,40.0,,,13.52,,,,0.0207,0.0276,41.311922,-105.581147,2021,12,17,18
West,Knight Hall,2021-12-17T19:00:00,50.0,40.0,,,3.52,,,,0.034499999999999996,0.0276,41.311922,-105.581147,2021,12,17,19
West,Knight Hall,2021-12-17T20:00:00,20.0,30.0,,,13.52,,,,0.0138,0.0207,41.311922,-105.581147,2021,12,17,20
West,Knight Hall,2021-12-17T21:00:00,40.0,40.0,,,5.37,,,,0.0276,0.0276,41.311922,-105.581147,2021,12,17,21
West,Knight Hall,2021-12-17T22:00:00,20.0,30.0,,,6.300000000000001,,,,0.0138,0.0207,41.311922,-105.581147,2021,12,17,22
West,Knight Hall,2021-12-17T23:00:00,30.0,20.0,,,6.25,,,,0.0207,0.0138,41.311922,-105.581147,2021,12,17,23
West,Knight Hall,2021-12-18T00:00:00,20.0,30.0,,,5.2,,,,0.0138,0.0207,41.311922,-105.581147,2021,12,18,0
West,Knight Hall,2021-12-18T01:00:00,30.0,30.0,,,4.98,,,,0.0207,0.0207,41.311922,-105.581147,2021,12,18,1
West,Knight Hall,2021-12-18T02:00:00,30.0,20.0,,,3.67,,,,0.0207,0.0138,41.311922,-105.581147,2021,12,18,2
West,Knight Hall,2021-12-18T03:00:00,30.0,30.0,,,1.79,,,,0.0207,0.0207,41.311922,-105.581147,2021,12,18,3
West,Knight Hall,2021-12-18T04:00:00,20.0,30.0,,,5.33,,,,0.0138,0.0207,41.311922,-105.581147,2021,12,18,4
West,Knight Hall,2021-12-18T05:00:00,30.0,30.0,,,5.22,,,,0.0207,0.0207,41.311922,-105.581147,2021,12,18,5
West,Knight Hall,2021-12-18T06:00:00,20.0,40.0,,,0.71,,,,0.0138,0.0276,41.311922,-105.581147,2021,12,18,6
West,Knight Hall,2021-12-18T07:00:00,40.0,40.0,,,1.12,,,,0.0276,0.0276,41.311922,-105.581147,2021,12,18,7
West,Knight Hall,2021-12-18T08:00:00,20.0,60.0,,,3.0,,,,0.0138,0.0414,41.311922,-105.581147,2021,12,18,8
West,Knight Hall,2021-12-18T09:00:00,40.0,60.0,,,1.12,,,,0.0276,0.0414,41.311922,-105.581147,2021,12,18,9
West,Knight Hall,2021-12-18T10:00:00,20.0,70.0,,,2.63,,,,0.0138,0.048299999999999996,41.311922,-105.581147,2021,12,18,10
West,Knight Hall,2021-12-18T11:00:00,40.0,70.0,,,1.03,,,,0.0276,0.048299999999999996,41.311922,-105.581147,2021,12,18,11
West,Knight Hall,2021-12-18T12:00:00,20.0,60.0,,,1.68,,,,0.0138,0.0414,41.311922,-105.581147,2021,12,18,12
West,Knight Hall,2021-12-18T13:00:00,30.0,60.0,,,1.19,,,,0.0207,0.0414,41.311922,-105.581147,2021,12,18,13
West,Knight Hall,2021-12-18T14:00:00,30.0,60.0,,,0.69,,,,0.0207,0.0414,41.311922,-105.581147,2021,12,18,14
West,Knight Hall,2021-12-18T15:00:00,30.0,60.0,,,7.869999999999999,,,,0.0207,0.0414,41.311922,-105.581147,2021,12,18,15
West,Knight Hall,2021-12-18T16:00:00,20.0,20.0,,,1.88,,,,0.0138,0.0138,41.311922,-105.581147,2021,12,18,16
West,Knight Hall,2021-12-18T17:00:00,40.0,,,,1.66,,,,0.0276,,41.311922,-105.581147,2021,12,18,17
West,Knight Hall,2021-12-18T18:00:00,20.0,,,,5.67,,,,0.0138,,41.311922,-105.581147,2021,12,18,18
West,Knight Hall,2021-12-18T19:00:00,30.0,,,,0.62,,,,0.0207,,41.311922,-105.581147,2021,12,18,19
West,Knight Hall,2021-12-18T20:00:00,20.0,,,,0.04,,,,0.0138,,41.311922,-105.581147,2021,12,18,20
West,Knight Hall,2021-12-18T21:00:00,30.0,,,,0.06,,,,0.0207,,41.311922,-105.581147,2021,12,18,21
West,Knight Hall,2021-12-18T22:00:00,20.0,,,,0.04,,,,0.0138,,41.311922,-105.581147,2021,12,18,22
West,Knight Hall,2021-12-18T23:00:00,40.0,,,,0.07,,,,0.0276,,41.311922,-105.581147,2021,12,18,23
West,Knight Hall,2021-12-19T00:00:00,20.0,20.0,,,0.84,,,,0.0138,0.0138,41.311922,-105.581147,2021,12,19,0
West,Knight Hall,2021-12-19T01:00:00,30.0,30.0,,,1.4,,,,0.0207,0.0207,41.311922,-105.581147,2021,12,19,1
West,Knight Hall,2021-12-19T02:00:00,20.0,30.0,,,1.4,,,,0.0138,0.0207,41.311922,-105.581147,2021,12,19,2
West,Knight Hall,2021-12-19T03:00:00,30.0,20.0,,,0.43,,,,0.0207,0.0138,41.311922,-105.581147,2021,12,19,3
West,Knight Hall,2021-12-19T04:00:00,30.0,30.0,,,0.19,,,,0.0207,0.0207,41.311922,-105.581147,2021,12,19,4
West,Knight Hall,2021-12-19T05:00:00,30.0,30.0,,,0.39,,,,0.0207,0.0207,41.311922,-105.581147,2021,12,19,5
West,Knight Hall,2021-12-19T06:00:00,20.0,20.0,,,0.19,,,,0.0138,0.0138,41.311922,-105.581147,2021,12,19,6
West,Knight Hall,2021-12-19T07:00:00,30.0,30.0,,,0.02,,,,0.0207,0.0207,41.311922,-105.581147,2021,12,19,7
West,Knight Hall,2021-12-19T08:00:00,30.0,30.0,,,0.02,,,,0.0207,0.0207,41.311922,-105.581147,2021,12,19,8
West,Knight Hall,2021-12-19T09:00:00,30.0,30.0,,,0.39,,,,0.0207,0.0207,41.311922,-105.581147,2021,12,19,9
West,Knight Hall,2021-12-19T10:00:00,20.0,30.0,,,0.91,,,,0.0138,0.0207,41.311922,-105.581147,2021,12,19,10
West,Knight Hall,2021-12-19T11:00:00,40.0,40.0,,,1.62,,,,0.0276,0.0276,41.311922,-105.581147,2021,12,19,11
West,Knight Hall,2021-12-19T12:00:00,20.0,30.0,,,0.52,,,,0.0138,0.0207,41.311922,-105.581147,2021,12,19,12
West,Knight Hall,2021-12-19T13:00:00,30.0,30.0,,,0.32,,,,0.0207,0.0207,41.311922,-105.581147,2021,12,19,13
West,Knight Hall,2021-12-19T14:00:00,30.0,30.0,,,0.0699999999999999,,,,0.0207,0.0207,41.311922,-105.581147,2021,12,19,14
West,Knight Hall,2021-12-19T15:00:00,30.0,30.0,,,0.06,,,,0.0207,0.0207,41.311922,-105.581147,2021,12,19,15
West,Knight Hall,2021-12-19T16:00:00,20.0,20.0,,,0.9,,,,0.0138,0.0138,41.311922,-105.581147,2021,12,19,16
West,Knight Hall,2021-12-19T17:00:00,30.0,30.0,,,0.26,,,,0.0207,0.0207,41.311922,-105.581147,2021,12,19,17
West,Knight Hall,2021-12-19T18:00:00,20.0,30.0,,,0.1699999999999999,,,,0.0138,0.0207,41.311922,-105.581147,2021,12,19,18
West,Knight Hall,2021-12-19T19:00:00,30.0,30.0,,,3.49,,,,0.0207,0.0207,41.311922,-105.581147,2021,12,19,19
West,Knight Hall,2021-12-19T20:00:00,30.0,20.0,,,,,,,0.0207,0.0138,41.311922,-105.581147,2021,12,19,20
West,Knight Hall,2021-12-19T21:00:00,30.0,30.0,,,,,,,0.0207,0.0207,41.311922,-105.581147,2021,12,19,21
West,Knight Hall,2021-12-19T22:00:00,20.0,30.0,,,1.29,,,,0.0138,0.0207,41.311922,-105.581147,2021,12,19,22
West,Knight Hall,2021-12-19T23:00:00,30.0,30.0,,,0.06,,,,0.0207,0.0207,41.311922,-105.581147,2021,12,19,23
West,Knight Hall,2021-12-20T00:00:00,20.0,20.0,,,,,,,0.0138,0.0138,41.311922,-105.581147,2021,12,20,0
West,Knight Hall,2021-12-20T01:00:00,30.0,30.0,,,,,,,0.0207,0.0207,41.311922,-105.581147,2021,12,20,1
West,Knight Hall,2021-12-20T02:00:00,30.0,30.0,,,,,,,0.0207,0.0207,41.311922,-105.581147,2021,12,20,2
West,Knight Hall,2021-12-20T03:00:00,30.0,30.0,,,0.15,,,,0.0207,0.0207,41.311922,-105.581147,2021,12,20,3
West,Knight Hall,2021-12-20T04:00:00,20.0,20.0,,,7.24,,,,0.0138,0.0138,41.311922,-105.581147,2021,12,20,4
West,Knight Hall,2021-12-20T05:00:00,40.0,30.0,,,1.98,,,,0.0276,0.0207,41.311922,-105.581147,2021,12,20,5
West,Knight Hall,2021-12-20T06:00:00,20.0,30.0,,,19.12,,,,0.0138,0.0207,41.311922,-105.581147,2021,12,20,6
West,Knight Hall,2021-12-20T07:00:00,50.0,30.0,,,76.78,,,,0.034499999999999996,0.0207,41.311922,-105.581147,2021,12,20,7
West,Knight Hall,2021-12-20T08:00:00,60.0,30.0,,,122.08,,,,0.0414,0.0207,41.311922,-105.581147,2021,12,20,8
West,Knight Hall,2021-12-20T09:00:00,80.0,30.0,,,90.71,,,,0.0552,0.0207,41.311922,-105.581147,2021,12,20,9
West,Knight Hall,2021-12-20T10:00:00,60.0,30.0,,,125.16,,,,0.0414,0.0207,41.311922,-105.581147,2021,12,20,10
West,Knight Hall,2021-12-20T11:00:00,80.0,30.0,,,105.11,,,,0.0552,0.0207,41.311922,-105.581147,2021,12,20,11
West,Knight Hall,2021-12-20T12:00:00,60.0,30.0,,,55.56,,,,0.0414,0.0207,41.311922,-105.581147,2021,12,20,12
West,Knight Hall,2021-12-20T13:00:00,80.0,30.0,,,73.2,,,,0.0552,0.0207,41.311922,-105.581147,2021,12,20,13
West,Knight Hall,2021-12-20T14:00:00,60.0,30.0,,,64.17,,,,0.0414,0.0207,41.311922,-105.581147,2021,12,20,14
West,Knight Hall,2021-12-20T15:00:00,80.0,30.0,,,82.08,,,,0.0552,0.0207,41.311922,-105.581147,2021,12,20,15
West,Knight Hall,2021-12-20T16:00:00,50.0,30.0,,,29.5,,,,0.034499999999999996,0.0207,41.311922,-105.581147,2021,12,20,16
West,Knight Hall,2021-12-20T17:00:00,60.0,20.0,,,23.67,,,,0.0414,0.0138,41.311922,-105.581147,2021,12,20,17
West,Knight Hall,2021-12-20T18:00:00,30.0,30.0,,,31.5,,,,0.0207,0.0207,41.311922,-105.581147,2021,12,20,18
West,Knight Hall,2021-12-20T19:00:00,40.0,30.0,,,38.03,,,,0.0276,0.0207,41.311922,-105.581147,2021,12,20,19
West,Knight Hall,2021-12-20T20:00:00,30.0,30.0,,,4.72,,,,0.0207,0.0207,41.311922,-105.581147,2021,12,20,20
West,Knight Hall,2021-12-20T21:00:00,30.0,20.0,,,20.18,,,,0.0207,0.0138,41.311922,-105.581147,2021,12,20,21
West,Knight Hall,2021-12-20T22:00:00,30.0,30.0,,,0.88,,,,0.0207,0.0207,41.311922,-105.581147,2021,12,20,22
West,Knight Hall,2021-12-20T23:00:00,30.0,30.0,,,1.21,,,,0.0207,0.0207,41.311922,-105.581147,2021,12,20,23
West,Knight Hall,2021-12-21T00:00:00,20.0,30.0,,,0.02,,,,0.0138,0.0207,41.311922,-105.581147,2021,12,21,0
West,Knight Hall,2021-12-21T01:00:00,30.0,20.0,,,,,,,0.0207,0.0138,41.311922,-105.581147,2021,12,21,1
West,Knight Hall,2021-12-21T02:00:00,30.0,30.0,,,2.0700000000000003,,,,0.0207,0.0207,41.311922,-105.581147,2021,12,21,2
West,Knight Hall,2021-12-21T03:00:00,30.0,30.0,,,0.02,,,,0.0207,0.0207,41.311922,-105.581147,2021,12,21,3
West,Knight Hall,2021-12-21T04:00:00,30.0,30.0,,,,,,,0.0207,0.0207,41.311922,-105.581147,2021,12,21,4
West,Knight Hall,2021-12-21T05:00:00,30.0,30.0,,,8.9,,,,0.0207,0.0207,41.311922,-105.581147,2021,12,21,5
West,Knight Hall,2021-12-21T06:00:00,30.0,30.0,,,19.0,,,,0.0207,0.0207,41.311922,-105.581147,2021,12,21,6
West,Knight Hall,2021-12-21T07:00:00,50.0,40.0,,,63.26,,,,0.034499999999999996,0.0276,41.311922,-105.581147,2021,12,21,7
West,Knight Hall,2021-12-21T08:00:00,60.0,60.0,,,,,,,0.0414,0.0414,41.311922,-105.581147,2021,12,21,8
West,Knight Hall,2021-12-21T09:00:00,80.0,60.0,,,,,,,0.0552,0.0414,41.311922,-105.581147,2021,12,21,9
West,Knight Hall,2021-12-21T10:00:00,60.0,60.0,,,,,,,0.0414,0.0414,41.311922,-105.581147,2021,12,21,10
West,Knight Hall,2021-12-21T11:00:00,80.0,70.0,,,109.66,,,,0.0552,0.048299999999999996,41.311922,-105.581147,2021,12,21,11
West,Knight Hall,2021-12-21T12:00:00,60.0,60.0,,,58.56,,,,0.0414,0.0414,41.311922,-105.581147,2021,12,21,12
West,Knight Hall,2021-12-21T13:00:00,80.0,60.0,,,,,,,0.0552,0.0414,41.311922,-105.581147,2021,12,21,13
West,Knight Hall,2021-12-21T14:00:00,60.0,60.0,,,,,,,0.0414,0.0414,41.311922,-105.581147,2021,12,21,14
West,Knight Hall,2021-12-21T15:00:00,70.0,70.0,,,,,,,0.048299999999999996,0.048299999999999996,41.311922,-105.581147,2021,12,21,15
West,Knight Hall,2021-12-21T16:00:00,60.0,60.0,,,,,,,0.0414,0.0414,41.311922,-105.581147,2021,12,21,16
West,Knight Hall,2021-12-21T17:00:00,50.0,40.0,,,,,,,0.034499999999999996,0.0276,41.311922,-105.581147,2021,12,21,17
West,Knight Hall,2021-12-21T18:00:00,30.0,40.0,,,,,,,0.0207,0.0276,41.311922,-105.581147,2021,12,21,18
West,Knight Hall,2021-12-21T19:00:00,40.0,30.0,,,120.87,,,,0.0276,0.0207,41.311922,-105.581147,2021,12,21,19
West,Knight Hall,2021-12-21T20:00:00,30.0,30.0,,,2.72,,,,0.0207,0.0207,41.311922,-105.581147,2021,12,21,20
West,Knight Hall,2021-12-21T21:00:00,30.0,30.0,,,12.36,,,,0.0207,0.0207,41.311922,-105.581147,2021,12,21,21
West,Knight Hall,2021-12-21T22:00:00,30.0,40.0,,,0.6,,,,0.0207,0.0276,41.311922,-105.581147,2021,12,21,22
West,Knight Hall,2021-12-21T23:00:00,30.0,20.0,,,,,,,0.0207,0.0138,41.311922,-105.581147,2021,12,21,23
West,Knight Hall,2021-12-22T00:00:00,20.0,30.0,,,2.0700000000000003,,,,0.0138,0.0207,41.311922,-105.581147,2021,12,22,0
West,Knight Hall,2021-12-22T01:00:00,30.0,30.0,,,0.06,,,,0.0207,0.0207,41.311922,-105.581147,2021,12,22,1
West,Knight Hall,2021-12-22T02:00:00,20.0,20.0,,,,,,,0.0138,0.0138,41.311922,-105.581147,2021,12,22,2
West,Knight Hall,2021-12-22T03:00:00,30.0,30.0,,,0.88,,,,0.0207,0.0207,41.311922,-105.581147,2021,12,22,3
West,Knight Hall,2021-12-22T04:00:00,30.0,30.0,,,0.02,,,,0.0207,0.0207,41.311922,-105.581147,2021,12,22,4
West,Knight Hall,2021-12-22T05:00:00,30.0,30.0,,,16.78,,,,0.0207,0.0207,41.311922,-105.581147,2021,12,22,5
West,Knight Hall,2021-12-22T06:00:00,30.0,30.0,,,7.33,,,,0.0207,0.0207,41.311922,-105.581147,2021,12,22,6
West,Knight Hall,2021-12-22T07:00:00,40.0,40.0,,,49.42,,,,0.0276,0.0276,41.311922,-105.581147,2021,12,22,7
West,Knight Hall,2021-12-22T08:00:00,60.0,50.0,,,81.28,,,,0.0414,0.034499999999999996,41.311922,-105.581147,2021,12,22,8
West,Knight Hall,2021-12-22T09:00:00,80.0,70.0,,,92.22,,,,0.0552,0.048299999999999996,41.311922,-105.581147,2021,12,22,9
West,Knight Hall,2021-12-22T10:00:00,60.0,60.0,,,90.6,,,,0.0414,0.0414,41.311922,-105.581147,2021,12,22,10
West,Knight Hall,2021-12-22T11:00:00,80.0,70.0,,,40.46999999999999,,,,0.0552,0.048299999999999996,41.311922,-105.581147,2021,12,22,11
West,Knight Hall,2021-12-22T12:00:00,50.0,60.0,,,50.650000000000006,,,,0.034499999999999996,0.0414,41.311922,-105.581147,2021,12,22,12
West,Knight Hall,2021-12-22T13:00:00,80.0,60.0,,,40.74999999999999,,,,0.0552,0.0414,41.311922,-105.581147,2021,12,22,13
West,Knight Hall,2021-12-22T14:00:00,60.0,60.0,,,61.71,,,,0.0414,0.0414,41.311922,-105.581147,2021,12,22,14
West,Knight Hall,2021-12-22T15:00:00,70.0,60.0,,,,,,,0.048299999999999996,0.0414,41.311922,-105.581147,2021,12,22,15
West,Knight Hall,2021-12-22T16:00:00,50.0,60.0,,,,,,,0.034499999999999996,0.0414,41.311922,-105.581147,2021,12,22,16
West,Knight Hall,2021-12-22T17:00:00,50.0,50.0,,,,,,,0.034499999999999996,0.034499999999999996,41.311922,-105.581147,2021,12,22,17
West,Knight Hall,2021-12-22T18:00:00,40.0,50.0,,,179.75,,,,0.0276,0.034499999999999996,41.311922,-105.581147,2021,12,22,18
West,Knight Hall,2021-12-22T19:00:00,40.0,40.0,,,11.75,,,,0.0276,0.0276,41.311922,-105.581147,2021,12,22,19
West,Knight Hall,2021-12-22T20:00:00,20.0,40.0,,,14.21,,,,0.0138,0.0276,41.311922,-105.581147,2021,12,22,20
West,Knight Hall,2021-12-22T21:00:00,40.0,30.0,,,3.39,,,,0.0276,0.0207,41.311922,-105.581147,2021,12,22,21
West,Knight Hall,2021-12-22T22:00:00,20.0,30.0,,,2.7,,,,0.0138,0.0207,41.311922,-105.581147,2021,12,22,22
West,Knight Hall,2021-12-22T23:00:00,30.0,30.0,,,,,,,0.0207,0.0207,41.311922,-105.581147,2021,12,22,23
West,Knight Hall,2021-12-23T00:00:00,30.0,30.0,,,0.86,,,,0.0207,0.0207,41.311922,-105.581147,2021,12,23,0
West,Knight Hall,2021-12-23T01:00:00,30.0,30.0,,,,,,,0.0207,0.0207,41.311922,-105.581147,2021,12,23,1
West,Knight Hall,2021-12-23T02:00:00,20.0,30.0,,,1.17,,,,0.0138,0.0207,41.311922,-105.581147,2021,12,23,2
West,Knight Hall,2021-12-23T03:00:00,30.0,20.0,,,0.86,,,,0.0207,0.0138,41.311922,-105.581147,2021,12,23,3
West,Knight Hall,2021-12-23T04:00:00,20.0,30.0,,,1.5699999999999998,,,,0.0138,0.0207,41.311922,-105.581147,2021,12,23,4
West,Knight Hall,2021-12-23T05:00:00,40.0,40.0,,,0.62,,,,0.0276,0.0276,41.311922,-105.581147,2021,12,23,5
West,Knight Hall,2021-12-23T06:00:00,20.0,30.0,,,17.16,,,,0.0138,0.0207,41.311922,-105.581147,2021,12,23,6
West,Knight Hall,2021-12-23T07:00:00,40.0,40.0,,,26.59,,,,0.0276,0.0276,41.311922,-105.581147,2021,12,23,7
West,Knight Hall,2021-12-23T08:00:00,60.0,50.0,,,71.02,,,,0.0414,0.034499999999999996,41.311922,-105.581147,2021,12,23,8
West,Knight Hall,2021-12-23T09:00:00,70.0,60.0,,,103.45,,,,0.048299999999999996,0.0414,41.311922,-105.581147,2021,12,23,9
West,Knight Hall,2021-12-23T10:00:00,60.0,60.0,,,81.56,,,,0.0414,0.0414,41.311922,-105.581147,2021,12,23,10
West,Knight Hall,2021-12-23T11:00:00,70.0,60.0,,,49.76,,,,0.048299999999999996,0.0414,41.311922,-105.581147,2021,12,23,11
West,Knight Hall,2021-12-23T12:00:00,60.0,60.0,,,37.67,,,,0.0414,0.0414,41.311922,-105.581147,2021,12,23,12
West,Knight Hall,2021-12-23T13:00:00,70.0,60.0,,,117.2,,,,0.048299999999999996,0.0414,41.311922,-105.581147,2021,12,23,13
West,Knight Hall,2021-12-23T14:00:00,50.0,50.0,,,193.44,,,,0.034499999999999996,0.034499999999999996,41.311922,-105.581147,2021,12,23,14
West,Knight Hall,2021-12-23T15:00:00,70.0,60.0,,,31.950000000000003,,,,0.048299999999999996,0.0414,41.311922,-105.581147,2021,12,23,15
West,Knight Hall,2021-12-23T16:00:00,40.0,50.0,,,59.33,,,,0.0276,0.034499999999999996,41.311922,-105.581147,2021,12,23,16
West,Knight Hall,2021-12-23T17:00:00,50.0,50.0,,,22.6,,,,0.034499999999999996,0.034499999999999996,41.311922,-105.581147,2021,12,23,17
West,Knight Hall,2021-12-23T18:00:00,30.0,30.0,,,8.129999999999999,,,,0.0207,0.0207,41.311922,-105.581147,2021,12,23,18
West,Knight Hall,2021-12-23T19:00:00,30.0,30.0,,,3.39,,,,0.0207,0.0207,41.311922,-105.581147,2021,12,23,19
West,Knight Hall,2021-12-23T20:00:00,20.0,30.0,,,3.3,,,,0.0138,0.0207,41.311922,-105.581147,2021,12,23,20
West,Knight Hall,2021-12-23T21:00:00,30.0,30.0,,,,,,,0.0207,0.0207,41.311922,-105.581147,2021,12,23,21
West,Knight Hall,2021-12-23T22:00:00,20.0,20.0,,,2.05,,,,0.0138,0.0138,41.311922,-105.581147,2021,12,23,22
West,Knight Hall,2021-12-23T23:00:00,30.0,30.0,,,,,,,0.0207,0.0207,41.311922,-105.581147,2021,12,23,23
West,Knight Hall,2021-12-24T00:00:00,20.0,30.0,,,0.84,,,,0.0138,0.0207,41.311922,-105.581147,2021,12,24,0
West,Knight Hall,2021-12-24T01:00:00,40.0,20.0,,,,,,,0.0276,0.0138,41.311922,-105.581147,2021,12,24,1
West,Knight Hall,2021-12-24T02:00:00,20.0,30.0,,,,,,,0.0138,0.0207,41.311922,-105.581147,2021,12,24,2
West,Knight Hall,2021-12-24T03:00:00,30.0,30.0,,,1.19,,,,0.0207,0.0207,41.311922,-105.581147,2021,12,24,3
West,Knight Hall,2021-12-24T04:00:00,20.0,30.0,,,,,,,0.0138,0.0207,41.311922,-105.581147,2021,12,24,4
West,Knight Hall,2021-12-24T05:00:00,40.0,30.0,,,,,,,0.0276,0.0207,41.311922,-105.581147,2021,12,24,5
West,Knight Hall,2021-12-24T06:00:00,20.0,30.0,,,0.84,,,,0.0138,0.0207,41.311922,-105.581147,2021,12,24,6
West,Knight Hall,2021-12-24T07:00:00,30.0,30.0,,,,,,,0.0207,0.0207,41.311922,-105.581147,2021,12,24,7
West,Knight Hall,2021-12-24T08:00:00,30.0,40.0,,,13.95,,,,0.0207,0.0276,41.311922,-105.581147,2021,12,24,8
West,Knight Hall,2021-12-24T09:00:00,30.0,30.0,,,1.7,,,,0.0207,0.0207,41.311922,-105.581147,2021,12,24,9
West,Knight Hall,2021-12-24T10:00:00,30.0,30.0,,,4.789999999999999,,,,0.0207,0.0207,41.311922,-105.581147,2021,12,24,10
West,Knight Hall,2021-12-24T11:00:00,30.0,40.0,,,0.84,,,,0.0207,0.0276,41.311922,-105.581147,2021,12,24,11
West,Knight Hall,2021-12-24T12:00:00,30.0,30.0,,,3.2100000000000004,,,,0.0207,0.0207,41.311922,-105.581147,2021,12,24,12
West,Knight Hall,2021-12-24T13:00:00,30.0,30.0,,,0.88,,,,0.0207,0.0207,41.311922,-105.581147,2021,12,24,13
West,Knight Hall,2021-12-24T14:00:00,20.0,30.0,,,,,,,0.0138,0.0207,41.311922,-105.581147,2021,12,24,14
West,Knight Hall,2021-12-24T15:00:00,40.0,30.0,,,1.17,,,,0.0276,0.0207,41.311922,-105.581147,2021,12,24,15
West,Knight Hall,2021-12-24T16:00:00,20.0,30.0,,,0.48,,,,0.0138,0.0207,41.311922,-105.581147,2021,12,24,16
West,Knight Hall,2021-12-24T17:00:00,30.0,30.0,,,,,,,0.0207,0.0207,41.311922,-105.581147,2021,12,24,17
West,Knight Hall,2021-12-24T18:00:00,30.0,30.0,,,3.1100000000000003,,,,0.0207,0.0207,41.311922,-105.581147,2021,12,24,18
West,Knight Hall,2021-12-24T19:00:00,30.0,30.0,,,,,,,0.0207,0.0207,41.311922,-105.581147,2021,12,24,19
West,Knight Hall,2021-12-24T20:00:00,20.0,20.0,,,,,,,0.0138,0.0138,41.311922,-105.581147,2021,12,24,20
West,Knight Hall,2021-12-24T21:00:00,30.0,30.0,,,1.17,,,,0.0207,0.0207,41.311922,-105.581147,2021,12,24,21
West,Knight Hall,2021-12-24T22:00:00,20.0,30.0,,,,,,,0.0138,0.0207,41.311922,-105.581147,2021,12,24,22
West,Knight Hall,2021-12-24T23:00:00,30.0,20.0,,,0.84,,,,0.0207,0.0138,41.311922,-105.581147,2021,12,24,23
West,Knight Hall,2021-12-25T00:00:00,30.0,30.0,,,,,,,0.0207,0.0207,41.311922,-105.581147,2021,12,25,0
West,Knight Hall,2021-12-25T01:00:00,30.0,30.0,,,,,,,0.0207,0.0207,41.311922,-105.581147,2021,12,25,1
West,Knight Hall,2021-12-25T02:00:00,20.0,20.0,,,,,,,0.0138,0.0138,41.311922,-105.581147,2021,12,25,2
West,Knight Hall,2021-12-25T03:00:00,40.0,30.0,,,,,,,0.0276,0.0207,41.311922,-105.581147,2021,12,25,3
West,Knight Hall,2021-12-25T04:00:00,20.0,30.0,,,1.19,,,,0.0138,0.0207,41.311922,-105.581147,2021,12,25,4
West,Knight Hall,2021-12-25T05:00:00,30.0,30.0,,,0.84,,,,0.0207,0.0207,41.311922,-105.581147,2021,12,25,5
West,Knight Hall,2021-12-25T06:00:00,30.0,30.0,,,,,,,0.0207,0.0207,41.311922,-105.581147,2021,12,25,6
West,Knight Hall,2021-12-25T07:00:00,30.0,30.0,,,,,,,0.0207,0.0207,41.311922,-105.581147,2021,12,25,7
West,Knight Hall,2021-12-25T08:00:00,30.0,30.0,,,,,,,0.0207,0.0207,41.311922,-105.581147,2021,12,25,8
West,Knight Hall,2021-12-25T09:00:00,30.0,30.0,,,,,,,0.0207,0.0207,41.311922,-105.581147,2021,12,25,9
West,Knight Hall,2021-12-25T10:00:00,30.0,30.0,,,,,,,0.0207,0.0207,41.311922,-105.581147,2021,12,25,10
West,Knight Hall,2021-12-25T11:00:00,30.0,30.0,,,1.17,,,,0.0207,0.0207,41.311922,-105.581147,2021,12,25,11
West,Knight Hall,2021-12-25T12:00:00,30.0,30.0,,,,,,,0.0207,0.0207,41.311922,-105.581147,2021,12,25,12
West,Knight Hall,2021-12-25T13:00:00,30.0,30.0,,,,,,,0.0207,0.0207,41.311922,-105.581147,2021,12,25,13
West,Knight Hall,2021-12-25T14:00:00,30.0,30.0,,,,,,,0.0207,0.0207,41.311922,-105.581147,2021,12,25,14
West,Knight Hall,2021-12-25T15:00:00,30.0,30.0,,,,,,,0.0207,0.0207,41.311922,-105.581147,2021,12,25,15
West,Knight Hall,2021-12-25T16:00:00,20.0,30.0,,,,,,,0.0138,0.0207,41.311922,-105.581147,2021,12,25,16
West,Knight Hall,2021-12-25T17:00:00,30.0,30.0,,,,,,,0.0207,0.0207,41.311922,-105.581147,2021,12,25,17
West,Knight Hall,2021-12-25T18:00:00,20.0,30.0,,,1.19,,,,0.0138,0.0207,41.311922,-105.581147,2021,12,25,18
West,Knight Hall,2021-12-25T19:00:00,30.0,30.0,,,,,,,0.0207,0.0207,41.311922,-105.581147,2021,12,25,19
West,Knight Hall,2021-12-25T20:00:00,20.0,20.0,,,,,,,0.0138,0.0138,41.311922,-105.581147,2021,12,25,20
West,Knight Hall,2021-12-25T21:00:00,30.0,30.0,,,,,,,0.0207,0.0207,41.311922,-105.581147,2021,12,25,21
West,Knight Hall,2021-12-25T22:00:00,30.0,20.0,,,,,,,0.0207,0.0138,41.311922,-105.581147,2021,12,25,22
West,Knight Hall,2021-12-25T23:00:00,30.0,30.0,,,,,,,0.0207,0.0207,41.311922,-105.581147,2021,12,25,23
West,Knight Hall,2021-12-26T00:00:00,20.0,30.0,,,,,,,0.0138,0.0207,41.311922,-105.581147,2021,12,26,0
West,Knight Hall,2021-12-26T01:00:00,30.0,20.0,,,1.17,,,,0.0207,0.0138,41.311922,-105.581147,2021,12,26,1
West,Knight Hall,2021-12-26T02:00:00,20.0,30.0,,,,,,,0.0138,0.0207,41.311922,-105.581147,2021,12,26,2
West,Knight Hall,2021-12-26T03:00:00,30.0,30.0,,,,,,,0.0207,0.0207,41.311922,-105.581147,2021,12,26,3
West,Knight Hall,2021-12-26T04:00:00,20.0,20.0,,,0.88,,,,0.0138,0.0138,41.311922,-105.581147,2021,12,26,4
West,Knight Hall,2021-12-26T05:00:00,30.0,30.0,,,,,,,0.0207,0.0207,41.311922,-105.581147,2021,12,26,5
West,Knight Hall,2021-12-26T06:00:00,30.0,30.0,,,,,,,0.0207,0.0207,41.311922,-105.581147,2021,12,26,6
West,Knight Hall,2021-12-26T07:00:00,30.0,20.0,,,,,,,0.0207,0.0138,41.311922,-105.581147,2021,12,26,7
West,Knight Hall,2021-12-26T08:00:00,20.0,30.0,,,,,,,0.0138,0.0207,41.311922,-105.581147,2021,12,26,8
West,Knight Hall,2021-12-26T09:00:00,40.0,30.0,,,1.21,,,,0.0276,0.0207,41.311922,-105.581147,2021,12,26,9
West,Knight Hall,2021-12-26T10:00:00,20.0,30.0,,,,,,,0.0138,0.0207,41.311922,-105.581147,2021,12,26,10
West,Knight Hall,2021-12-26T11:00:00,30.0,30.0,,,,,,,0.0207,0.0207,41.311922,-105.581147,2021,12,26,11
West,Knight Hall,2021-12-26T12:00:00,30.0,30.0,,,,,,,0.0207,0.0207,41.311922,-105.581147,2021,12,26,12
West,Knight Hall,2021-12-26T13:00:00,40.0,30.0,,,,,,,0.0276,0.0207,41.311922,-105.581147,2021,12,26,13
West,Knight Hall,2021-12-26T14:00:00,20.0,30.0,,,,,,,0.0138,0.0207,41.311922,-105.581147,2021,12,26,14
West,Knight Hall,2021-12-26T15:00:00,30.0,30.0,,,1.01,,,,0.0207,0.0207,41.311922,-105.581147,2021,12,26,15
West,Knight Hall,2021-12-26T16:00:00,30.0,20.0,,,3.32,,,,0.0207,0.0138,41.311922,-105.581147,2021,12,26,16
West,Knight Hall,2021-12-26T17:00:00,30.0,30.0,,,4.529999999999999,,,,0.0207,0.0207,41.311922,-105.581147,2021,12,26,17
West,Knight Hall,2021-12-26T18:00:00,20.0,30.0,,,0.19,,,,0.0138,0.0207,41.311922,-105.581147,2021,12,26,18
West,Knight Hall,2021-12-26T19:00:00,30.0,30.0,,,,,,,0.0207,0.0207,41.311922,-105.581147,2021,12,26,19
West,Knight Hall,2021-12-26T20:00:00,20.0,20.0,,,,,,,0.0138,0.0138,41.311922,-105.581147,2021,12,26,20
West,Knight Hall,2021-12-26T21:00:00,30.0,30.0,,,,,,,0.0207,0.0207,41.311922,-105.581147,2021,12,26,21
West,Knight Hall,2021-12-26T22:00:00,30.0,30.0,,,,,,,0.0207,0.0207,41.311922,-105.581147,2021,12,26,22
West,Knight Hall,2021-12-26T23:00:00,30.0,20.0,,,,,,,0.0207,0.0138,41.311922,-105.581147,2021,12,26,23
West,Knight Hall,2021-12-27T00:00:00,20.0,30.0,,,,,,,0.0138,0.0207,41.311922,-105.581147,2021,12,27,0
West,Knight Hall,2021-12-27T01:00:00,30.0,30.0,,,,,,,0.0207,0.0207,41.311922,-105.581147,2021,12,27,1
West,Knight Hall,2021-12-27T02:00:00,20.0,30.0,,,2.85,,,,0.0138,0.0207,41.311922,-105.581147,2021,12,27,2
West,Knight Hall,2021-12-27T03:00:00,30.0,30.0,,,,,,,0.0207,0.0207,41.311922,-105.581147,2021,12,27,3
West,Knight Hall,2021-12-27T04:00:00,30.0,20.0,,,,,,,0.0207,0.0138,41.311922,-105.581147,2021,12,27,4
West,Knight Hall,2021-12-27T05:00:00,30.0,40.0,,,,,,,0.0207,0.0276,41.311922,-105.581147,2021,12,27,5
West,Knight Hall,2021-12-27T06:00:00,30.0,20.0,,,6.450000000000001,,,,0.0207,0.0138,41.311922,-105.581147,2021,12,27,6
West,Knight Hall,2021-12-27T07:00:00,30.0,30.0,,,0.48,,,,0.0207,0.0207,41.311922,-105.581147,2021,12,27,7
West,Knight Hall,2021-12-27T08:00:00,20.0,30.0,,,1.14,,,,0.0138,0.0207,41.311922,-105.581147,2021,12,27,8
West,Knight Hall,2021-12-27T09:00:00,40.0,30.0,,,4.9,,,,0.0276,0.0207,41.311922,-105.581147,2021,12,27,9
West,Knight Hall,2021-12-27T10:00:00,30.0,30.0,,,0.48,,,,0.0207,0.0207,41.311922,-105.581147,2021,12,27,10
West,Knight Hall,2021-12-27T11:00:00,30.0,30.0,,,23.590000000000003,,,,0.0207,0.0207,41.311922,-105.581147,2021,12,27,11
West,Knight Hall,2021-12-27T12:00:00,30.0,30.0,,,0.91,,,,0.0207,0.0207,41.311922,-105.581147,2021,12,27,12
West,Knight Hall,2021-12-27T13:00:00,30.0,30.0,,,3.13,,,,0.0207,0.0207,41.311922,-105.581147,2021,12,27,13
West,Knight Hall,2021-12-27T14:00:00,30.0,30.0,,,2.6500000000000004,,,,0.0207,0.0207,41.311922,-105.581147,2021,12,27,14
West,Knight Hall,2021-12-27T15:00:00,40.0,30.0,,,4.03,,,,0.0276,0.0207,41.311922,-105.581147,2021,12,27,15
West,Knight Hall,2021-12-27T16:00:00,20.0,30.0,,,,,,,0.0138,0.0207,41.311922,-105.581147,2021,12,27,16
West,Knight Hall,2021-12-27T17:00:00,40.0,20.0,,,2.18,,,,0.0276,0.0138,41.311922,-105.581147,2021,12,27,17
West,Knight Hall,2021-12-27T18:00:00,20.0,30.0,,,4.05,,,,0.0138,0.0207,41.311922,-105.581147,2021,12,27,18
West,Knight Hall,2021-12-27T19:00:00,30.0,30.0,,,3.13,,,,0.0207,0.0207,41.311922,-105.581147,2021,12,27,19
West,Knight Hall,2021-12-27T20:00:00,20.0,20.0,,,1.21,,,,0.0138,0.0138,41.311922,-105.581147,2021,12,27,20
West,Knight Hall,2021-12-27T21:00:00,30.0,30.0,,,,,,,0.0207,0.0207,41.311922,-105.581147,2021,12,27,21
West,Knight Hall,2021-12-27T22:00:00,20.0,30.0,,,,,,,0.0138,0.0207,41.311922,-105.581147,2021,12,27,22
West,Knight Hall,2021-12-27T23:00:00,40.0,20.0,,,,,,,0.0276,0.0138,41.311922,-105.581147,2021,12,27,23
West,Knight Hall,2021-12-28T00:00:00,20.0,30.0,,,,,,,0.0138,0.0207,41.311922,-105.581147,2021,12,28,0
West,Knight Hall,2021-12-28T01:00:00,30.0,30.0,,,,,,,0.0207,0.0207,41.311922,-105.581147,2021,12,28,1
West,Knight Hall,2021-12-28T02:00:00,20.0,20.0,,,,,,,0.0138,0.0138,41.311922,-105.581147,2021,12,28,2
West,Knight Hall,2021-12-28T03:00:00,30.0,30.0,,,,,,,0.0207,0.0207,41.311922,-105.581147,2021,12,28,3
West,Knight Hall,2021-12-28T04:00:00,30.0,30.0,,,0.02,,,,0.0207,0.0207,41.311922,-105.581147,2021,12,28,4
West,Knight Hall,2021-12-28T05:00:00,30.0,30.0,,,1.21,,,,0.0207,0.0207,41.311922,-105.581147,2021,12,28,5
West,Knight Hall,2021-12-28T06:00:00,20.0,30.0,,,,,,,0.0138,0.0207,41.311922,-105.581147,2021,12,28,6
West,Knight Hall,2021-12-28T07:00:00,40.0,30.0,,,13.48,,,,0.0276,0.0207,41.311922,-105.581147,2021,12,28,7
West,Knight Hall,2021-12-28T08:00:00,30.0,30.0,,,21.09,,,,0.0207,0.0207,41.311922,-105.581147,2021,12,28,8
West,Knight Hall,2021-12-28T09:00:00,30.0,40.0,,,5.300000000000001,,,,0.0207,0.0276,41.311922,-105.581147,2021,12,28,9
West,Knight Hall,2021-12-28T10:00:00,30.0,30.0,,,15.33,,,,0.0207,0.0207,41.311922,-105.581147,2021,12,28,10
West,Knight Hall,2021-12-28T11:00:00,40.0,40.0,,,4.2700000000000005,,,,0.0276,0.0276,41.311922,-105.581147,2021,12,28,11
West,Knight Hall,2021-12-28T12:00:00,30.0,30.0,,,4.85,,,,0.0207,0.0207,41.311922,-105.581147,2021,12,28,12
West,Knight Hall,2021-12-28T13:00:00,40.0,30.0,,,2.01,,,,0.0276,0.0207,41.311922,-105.581147,2021,12,28,13
West,Knight Hall,2021-12-28T14:00:00,20.0,40.0,,,,,,,0.0138,0.0276,41.311922,-105.581147,2021,12,28,14
West,Knight Hall,2021-12-28T15:00:00,40.0,30.0,,,4.36,,,,0.0276,0.0207,41.311922,-105.581147,2021,12,28,15
West,Knight Hall,2021-12-28T16:00:00,20.0,30.0,,,4.96,,,,0.0138,0.0207,41.311922,-105.581147,2021,12,28,16
West,Knight Hall,2021-12-28T17:00:00,40.0,30.0,,,3.84,,,,0.0276,0.0207,41.311922,-105.581147,2021,12,28,17
West,Knight Hall,2021-12-28T18:00:00,20.0,40.0,,,0.73,,,,0.0138,0.0276,41.311922,-105.581147,2021,12,28,18
West,Knight Hall,2021-12-28T19:00:00,40.0,20.0,,,6.470000000000001,,,,0.0276,0.0138,41.311922,-105.581147,2021,12,28,19
West,Knight Hall,2021-12-28T20:00:00,20.0,30.0,,,0.04,,,,0.0138,0.0207,41.311922,-105.581147,2021,12,28,20
West,Knight Hall,2021-12-28T21:00:00,30.0,30.0,,,,,,,0.0207,0.0207,41.311922,-105.581147,2021,12,28,21
West,Knight Hall,2021-12-28T22:00:00,20.0,30.0,,,,,,,0.0138,0.0207,41.311922,-105.581147,2021,12,28,22
West,Knight Hall,2021-12-28T23:00:00,30.0,30.0,,,,,,,0.0207,0.0207,41.311922,-105.581147,2021,12,28,23
West,Knight Hall,2021-12-29T00:00:00,20.0,30.0,,,,,,,0.0138,0.0207,41.311922,-105.581147,2021,12,29,0
West,Knight Hall,2021-12-29T01:00:00,30.0,20.0,,,1.23,,,,0.0207,0.0138,41.311922,-105.581147,2021,12,29,1
West,Knight Hall,2021-12-29T02:00:00,30.0,30.0,,,,,,,0.0207,0.0207,41.311922,-105.581147,2021,12,29,2
West,Knight Hall,2021-12-29T03:00:00,30.0,30.0,,,,,,,0.0207,0.0207,41.311922,-105.581147,2021,12,29,3
West,Knight Hall,2021-12-29T04:00:00,20.0,30.0,,,,,,,0.0138,0.0207,41.311922,-105.581147,2021,12,29,4
West,Knight Hall,2021-12-29T05:00:00,30.0,30.0,,,0.88,,,,0.0207,0.0207,41.311922,-105.581147,2021,12,29,5
West,Knight Hall,2021-12-29T06:00:00,30.0,40.0,,,0.21,,,,0.0207,0.0276,41.311922,-105.581147,2021,12,29,6
West,Knight Hall,2021-12-29T07:00:00,30.0,30.0,,,6.92,,,,0.0207,0.0207,41.311922,-105.581147,2021,12,29,7
West,Knight Hall,2021-12-29T08:00:00,30.0,40.0,,,3.17,,,,0.0207,0.0276,41.311922,-105.581147,2021,12,29,8
West,Knight Hall,2021-12-29T09:00:00,40.0,30.0,,,7.81,,,,0.0276,0.0207,41.311922,-105.581147,2021,12,29,9
West,Knight Hall,2021-12-29T10:00:00,30.0,30.0,,,2.69,,,,0.0207,0.0207,41.311922,-105.581147,2021,12,29,10
West,Knight Hall,2021-12-29T11:00:00,40.0,40.0,,,4.72,,,,0.0276,0.0276,41.311922,-105.581147,2021,12,29,11
West,Knight Hall,2021-12-29T12:00:00,20.0,40.0,,,13.69,,,,0.0138,0.0276,41.311922,-105.581147,2021,12,29,12
West,Knight Hall,2021-12-29T13:00:00,40.0,30.0,,,3.41,,,,0.0276,0.0207,41.311922,-105.581147,2021,12,29,13
West,Knight Hall,2021-12-29T14:00:00,30.0,30.0,,,2.31,,,,0.0207,0.0207,41.311922,-105.581147,2021,12,29,14
West,Knight Hall,2021-12-29T15:00:00,40.0,40.0,,,0.07,,,,0.0276,0.0276,41.311922,-105.581147,2021,12,29,15
West,Knight Hall,2021-12-29T16:00:00,20.0,30.0,,,5.22,,,,0.0138,0.0207,41.311922,-105.581147,2021,12,29,16
West,Knight Hall,2021-12-29T17:00:00,40.0,30.0,,,1.64,,,,0.0276,0.0207,41.311922,-105.581147,2021,12,29,17
West,Knight Hall,2021-12-29T18:00:00,20.0,30.0,,,,,,,0.0138,0.0207,41.311922,-105.581147,2021,12,29,18
West,Knight Hall,2021-12-29T19:00:00,30.0,30.0,,,3.28,,,,0.0207,0.0207,41.311922,-105.581147,2021,12,29,19
West,Knight Hall,2021-12-29T20:00:00,30.0,30.0,,,,,,,0.0207,0.0207,41.311922,-105.581147,2021,12,29,20
West,Knight Hall,2021-12-29T21:00:00,20.0,20.0,,,,,,,0.0138,0.0138,41.311922,-105.581147,2021,12,29,21
West,Knight Hall,2021-12-29T22:00:00,30.0,30.0,,,,,,,0.0207,0.0207,41.311922,-105.581147,2021,12,29,22
West,Knight Hall,2021-12-29T23:00:00,30.0,30.0,,,1.23,,,,0.0207,0.0207,41.311922,-105.581147,2021,12,29,23
West,Knight Hall,2021-12-30T00:00:00,20.0,20.0,,,,,,,0.0138,0.0138,41.311922,-105.581147,2021,12,30,0
West,Knight Hall,2021-12-30T01:00:00,30.0,30.0,,,,,,,0.0207,0.0207,41.311922,-105.581147,2021,12,30,1
West,Knight Hall,2021-12-30T02:00:00,20.0,30.0,,,,,,,0.0138,0.0207,41.311922,-105.581147,2021,12,30,2
West,Knight Hall,2021-12-30T03:00:00,40.0,30.0,,,,,,,0.0276,0.0207,41.311922,-105.581147,2021,12,30,3
West,Knight Hall,2021-12-30T04:00:00,20.0,30.0,,,4.55,,,,0.0138,0.0207,41.311922,-105.581147,2021,12,30,4
West,Knight Hall,2021-12-30T05:00:00,30.0,30.0,,,,,,,0.0207,0.0207,41.311922,-105.581147,2021,12,30,5
West,Knight Hall,2021-12-30T06:00:00,20.0,30.0,,,3.1100000000000003,,,,0.0138,0.0207,41.311922,-105.581147,2021,12,30,6
West,Knight Hall,2021-12-30T07:00:00,40.0,30.0,,,30.7,,,,0.0276,0.0207,41.311922,-105.581147,2021,12,30,7
West,Knight Hall,2021-12-30T08:00:00,30.0,30.0,,,7.11,,,,0.0207,0.0207,41.311922,-105.581147,2021,12,30,8
West,Knight Hall,2021-12-30T09:00:00,30.0,30.0,,,19.55,,,,0.0207,0.0207,41.311922,-105.581147,2021,12,30,9
West,Knight Hall,2021-12-30T10:00:00,30.0,30.0,,,5.65,,,,0.0207,0.0207,41.311922,-105.581147,2021,12,30,10
West,Knight Hall,2021-12-30T11:00:00,40.0,40.0,,,19.71,,,,0.0276,0.0276,41.311922,-105.581147,2021,12,30,11
West,Knight Hall,2021-12-30T12:00:00,30.0,30.0,,,3.1000000000000005,,,,0.0207,0.0207,41.311922,-105.581147,2021,12,30,12
West,Knight Hall,2021-12-30T13:00:00,40.0,40.0,,,1.68,,,,0.0276,0.0276,41.311922,-105.581147,2021,12,30,13
West,Knight Hall,2021-12-30T14:00:00,20.0,30.0,,,1.6,,,,0.0138,0.0207,41.311922,-105.581147,2021,12,30,14
West,Knight Hall,2021-12-30T15:00:00,40.0,30.0,,,6.36,,,,0.0276,0.0207,41.311922,-105.581147,2021,12,30,15
West,Knight Hall,2021-12-30T16:00:00,30.0,30.0,,,0.43,,,,0.0207,0.0207,41.311922,-105.581147,2021,12,30,16
West,Knight Hall,2021-12-30T17:00:00,30.0,30.0,,,4.96,,,,0.0207,0.0207,41.311922,-105.581147,2021,12,30,17
West,Knight Hall,2021-12-30T18:00:00,30.0,30.0,,,0.5800000000000001,,,,0.0207,0.0207,41.311922,-105.581147,2021,12,30,18
West,Knight Hall,2021-12-30T19:00:00,30.0,30.0,,,8.37,,,,0.0207,0.0207,41.311922,-105.581147,2021,12,30,19
West,Knight Hall,2021-12-30T20:00:00,20.0,30.0,,,,,,,0.0138,0.0207,41.311922,-105.581147,2021,12,30,20
West,Knight Hall,2021-12-30T21:00:00,30.0,30.0,,,,,,,0.0207,0.0207,41.311922,-105.581147,2021,12,30,21
West,Knight Hall,2021-12-30T22:00:00,30.0,30.0,,,,,,,0.0207,0.0207,41.311922,-105.581147,2021,12,30,22
West,Knight Hall,2021-12-30T23:00:00,30.0,20.0,,,1.21,,,,0.0207,0.0138,41.311922,-105.581147,2021,12,30,23
West,Knight Hall,2021-12-31T00:00:00,20.0,30.0,,,,,,,0.0138,0.0207,41.311922,-105.581147,2021,12,31,0
West,Knight Hall,2021-12-31T01:00:00,30.0,30.0,,,,,,,0.0207,0.0207,41.311922,-105.581147,2021,12,31,1
West,Knight Hall,2021-12-31T02:00:00,30.0,30.0,,,,,,,0.0207,0.0207,41.311922,-105.581147,2021,12,31,2
West,Knight Hall,2021-12-31T03:00:00,20.0,30.0,,,,,,,0.0138,0.0207,41.311922,-105.581147,2021,12,31,3
West,Knight Hall,2021-12-31T04:00:00,30.0,30.0,,,,,,,0.0207,0.0207,41.311922,-105.581147,2021,12,31,4
West,Knight Hall,2021-12-31T05:00:00,40.0,30.0,,,,,,,0.0276,0.0207,41.311922,-105.581147,2021,12,31,5
West,Knight Hall,2021-12-31T06:00:00,20.0,30.0,,,,,,,0.0138,0.0207,41.311922,-105.581147,2021,12,31,6
West,Knight Hall,2021-12-31T07:00:00,40.0,30.0,,,3.17,,,,0.0276,0.0207,41.311922,-105.581147,2021,12,31,7
West,Knight Hall,2021-12-31T08:00:00,20.0,30.0,,,1.72,,,,0.0138,0.0207,41.311922,-105.581147,2021,12,31,8
West,Knight Hall,2021-12-31T09:00:00,40.0,40.0,,,0.39,,,,0.0276,0.0276,41.311922,-105.581147,2021,12,31,9
West,Knight Hall,2021-12-31T10:00:00,30.0,30.0,,,4.14,,,,0.0207,0.0207,41.311922,-105.581147,2021,12,31,10
West,Knight Hall,2021-12-31T11:00:00,40.0,40.0,,,0.99,,,,0.0276,0.0276,41.311922,-105.581147,2021,12,31,11
West,Knight Hall,2021-12-31T12:00:00,20.0,30.0,,,2.13,,,,0.0138,0.0207,41.311922,-105.581147,2021,12,31,12
West,Knight Hall,2021-12-31T13:00:00,40.0,40.0,,,,,,,0.0276,0.0276,41.311922,-105.581147,2021,12,31,13
West,Knight Hall,2021-12-31T14:00:00,30.0,30.0,,,0.02,,,,0.0207,0.0207,41.311922,-105.581147,2021,12,31,14
West,Knight Hall,2021-12-31T15:00:00,30.0,30.0,,,,,,,0.0207,0.0207,41.311922,-105.581147,2021,12,31,15
West,Knight Hall,2021-12-31T16:00:00,30.0,30.0,,,3.1500000000000004,,,,0.0207,0.0207,41.311922,-105.581147,2021,12,31,16
West,Knight Hall,2021-12-31T17:00:00,40.0,30.0,,,,,,,0.0276,0.0207,41.311922,-105.581147,2021,12,31,17
West,Knight Hall,2021-12-31T18:00:00,20.0,40.0,,,0.93,,,,0.0138,0.0276,41.311922,-105.581147,2021,12,31,18
West,Knight Hall,2021-12-31T19:00:00,40.0,20.0,,,3.21,,,,0.0276,0.0138,41.311922,-105.581147,2021,12,31,19
West,Knight Hall,2021-12-31T20:00:00,20.0,30.0,,,,,,,0.0138,0.0207,41.311922,-105.581147,2021,12,31,20
West,Knight Hall,2021-12-31T21:00:00,40.0,30.0,,,,,,,0.0276,0.0207,41.311922,-105.581147,2021,12,31,21
West,Knight Hall,2021-12-31T22:00:00,20.0,30.0,,,,,,,0.0138,0.0207,41.311922,-105.581147,2021,12,31,22
West,Knight Hall,2021-12-31T23:00:00,30.0,30.0,,,,,,,0.0207,0.0207,41.311922,-105.581147,2021,12,31,23
West,Knight Hall,2022-01-01T00:00:00,20.0,30.0,,,,,,,0.0138,0.0207,41.311922,-105.581147,2022,1,1,0
West,Knight Hall,2022-01-01T01:00:00,30.0,30.0,,,1.27,,,,0.0207,0.0207,41.311922,-105.581147,2022,1,1,1
West,Knight Hall,2022-01-01T02:00:00,30.0,20.0,,,,,,,0.0207,0.0138,41.311922,-105.581147,2022,1,1,2
West,Knight Hall,2022-01-01T03:00:00,30.0,30.0,,,,,,,0.0207,0.0207,41.311922,-105.581147,2022,1,1,3
West,Knight Hall,2022-01-01T04:00:00,20.0,30.0,,,,,,,0.0138,0.0207,41.311922,-105.581147,2022,1,1,4
West,Knight Hall,2022-01-01T05:00:00,30.0,30.0,,,,,,,0.0207,0.0207,41.311922,-105.581147,2022,1,1,5
West,Knight Hall,2022-01-01T06:00:00,20.0,40.0,,,,,,,0.0138,0.0276,41.311922,-105.581147,2022,1,1,6
West,Knight Hall,2022-01-01T07:00:00,30.0,30.0,,,3.77,,,,0.0207,0.0207,41.311922,-105.581147,2022,1,1,7
West,Knight Hall,2022-01-01T08:00:00,30.0,30.0,,,0.43,,,,0.0207,0.0207,41.311922,-105.581147,2022,1,1,8
West,Knight Hall,2022-01-01T09:00:00,30.0,40.0,,,0.37,,,,0.0207,0.0276,41.311922,-105.581147,2022,1,1,9
West,Knight Hall,2022-01-01T10:00:00,30.0,30.0,,,,,,,0.0207,0.0207,41.311922,-105.581147,2022,1,1,10
West,Knight Hall,2022-01-01T11:00:00,30.0,30.0,,,0.39,,,,0.0207,0.0207,41.311922,-105.581147,2022,1,1,11
West,Knight Hall,2022-01-01T12:00:00,30.0,30.0,,,0.21,,,,0.0207,0.0207,41.311922,-105.581147,2022,1,1,12
West,Knight Hall,2022-01-01T13:00:00,40.0,30.0,,,,,,,0.0276,0.0207,41.311922,-105.581147,2022,1,1,13
West,Knight Hall,2022-01-01T14:00:00,20.0,40.0,,,1.23,,,,0.0138,0.0276,41.311922,-105.581147,2022,1,1,14
West,Knight Hall,2022-01-01T15:00:00,30.0,30.0,,,,,,,0.0207,0.0207,41.311922,-105.581147,2022,1,1,15
West,Knight Hall,2022-01-01T16:00:00,20.0,30.0,,,0.04,,,,0.0138,0.0207,41.311922,-105.581147,2022,1,1,16
West,Knight Hall,2022-01-01T17:00:00,30.0,30.0,,,,,,,0.0207,0.0207,41.311922,-105.581147,2022,1,1,17
West,Knight Hall,2022-01-01T18:00:00,30.0,30.0,,,,,,,0.0207,0.0207,41.311922,-105.581147,2022,1,1,18
West,Knight Hall,2022-01-01T19:00:00,30.0,30.0,,,,,,,0.0207,0.0207,41.311922,-105.581147,2022,1,1,19
West,Knight Hall,2022-01-01T20:00:00,20.0,30.0,,,,,,,0.0138,0.0207,41.311922,-105.581147,2022,1,1,20
West,Knight Hall,2022-01-01T21:00:00,30.0,30.0,,,,,,,0.0207,0.0207,41.311922,-105.581147,2022,1,1,21
West,Knight Hall,2022-01-01T22:00:00,20.0,20.0,,,,,,,0.0138,0.0138,41.311922,-105.581147,2022,1,1,22
West,Knight Hall,2022-01-01T23:00:00,30.0,30.0,,,,,,,0.0207,0.0207,41.311922,-105.581147,2022,1,1,23
West,Knight Hall,2022-01-02T00:00:00,20.0,30.0,,,,,,,0.0138,0.0207,41.311922,-105.581147,2022,1,2,0
West,Knight Hall,2022-01-02T01:00:00,30.0,30.0,,,,,,,0.0207,0.0207,41.311922,-105.581147,2022,1,2,1
West,Knight Hall,2022-01-02T02:00:00,30.0,20.0,,,,,,,0.0207,0.0138,41.311922,-105.581147,2022,1,2,2
West,Knight Hall,2022-01-02T03:00:00,30.0,30.0,,,,,,,0.0207,0.0207,41.311922,-105.581147,2022,1,2,3
West,Knight Hall,2022-01-02T04:00:00,20.0,30.0,,,1.21,,,,0.0138,0.0207,41.311922,-105.581147,2022,1,2,4
West,Knight Hall,2022-01-02T05:00:00,30.0,30.0,,,,,,,0.0207,0.0207,41.311922,-105.581147,2022,1,2,5
West,Knight Hall,2022-01-02T06:00:00,20.0,20.0,,,,,,,0.0138,0.0138,41.311922,-105.581147,2022,1,2,6
West,Knight Hall,2022-01-02T07:00:00,30.0,30.0,,,,,,,0.0207,0.0207,41.311922,-105.581147,2022,1,2,7
West,Knight Hall,2022-01-02T08:00:00,30.0,30.0,,,0.24,,,,0.0207,0.0207,41.311922,-105.581147,2022,1,2,8
West,Knight Hall,2022-01-02T09:00:00,30.0,30.0,,,0.02,,,,0.0207,0.0207,41.311922,-105.581147,2022,1,2,9
West,Knight Hall,2022-01-02T10:00:00,30.0,40.0,,,,,,,0.0207,0.0276,41.311922,-105.581147,2022,1,2,10
West,Knight Hall,2022-01-02T11:00:00,30.0,30.0,,,,,,,0.0207,0.0207,41.311922,-105.581147,2022,1,2,11
West,Knight Hall,2022-01-02T12:00:00,30.0,30.0,,,0.06,,,,0.0207,0.0207,41.311922,-105.581147,2022,1,2,12
West,Knight Hall,2022-01-02T13:00:00,30.0,30.0,,,,,,,0.0207,0.0207,41.311922,-105.581147,2022,1,2,13
West,Knight Hall,2022-01-02T14:00:00,20.0,30.0,,,0.02,,,,0.0138,0.0207,41.311922,-105.581147,2022,1,2,14
West,Knight Hall,2022-01-02T15:00:00,40.0,30.0,,,3.52,,,,0.0276,0.0207,41.311922,-105.581147,2022,1,2,15
West,Knight Hall,2022-01-02T16:00:00,20.0,30.0,,,0.04,,,,0.0138,0.0207,41.311922,-105.581147,2022,1,2,16
West,Knight Hall,2022-01-02T17:00:00,30.0,30.0,,,0.02,,,,0.0207,0.0207,41.311922,-105.581147,2022,1,2,17
West,Knight Hall,2022-01-02T18:00:00,20.0,30.0,,,,,,,0.0138,0.0207,41.311922,-105.581147,2022,1,2,18
West,Knight Hall,2022-01-02T19:00:00,30.0,20.0,,,1.25,,,,0.0207,0.0138,41.311922,-105.581147,2022,1,2,19
West,Knight Hall,2022-01-02T20:00:00,30.0,30.0,,,,,,,0.0207,0.0207,41.311922,-105.581147,2022,1,2,20
West,Knight Hall,2022-01-02T21:00:00,30.0,30.0,,,,,,,0.0207,0.0207,41.311922,-105.581147,2022,1,2,21
West,Knight Hall,2022-01-02T22:00:00,20.0,30.0,,,,,,,0.0138,0.0207,41.311922,-105.581147,2022,1,2,22
West,Knight Hall,2022-01-02T23:00:00,30.0,30.0,,,,,,,0.0207,0.0207,41.311922,-105.581147,2022,1,2,23
West,Knight Hall,2022-01-03T00:00:00,20.0,20.0,,,,,,,0.0138,0.0138,41.311922,-105.581147,2022,1,3,0
West,Knight Hall,2022-01-03T01:00:00,30.0,30.0,,,,,,,0.0207,0.0207,41.311922,-105.581147,2022,1,3,1
West,Knight Hall,2022-01-03T02:00:00,30.0,30.0,,,,,,,0.0207,0.0207,41.311922,-105.581147,2022,1,3,2
West,Knight Hall,2022-01-03T03:00:00,20.0,30.0,,,,,,,0.0138,0.0207,41.311922,-105.581147,2022,1,3,3
West,Knight Hall,2022-01-03T04:00:00,30.0,30.0,,,,,,,0.0207,0.0207,41.311922,-105.581147,2022,1,3,4
West,Knight Hall,2022-01-03T05:00:00,40.0,20.0,,,,,,,0.0276,0.0138,41.311922,-105.581147,2022,1,3,5
West,Knight Hall,2022-01-03T06:00:00,20.0,30.0,,,3.17,,,,0.0138,0.0207,41.311922,-105.581147,2022,1,3,6
West,Knight Hall,2022-01-03T07:00:00,30.0,30.0,,,10.24,,,,0.0207,0.0207,41.311922,-105.581147,2022,1,3,7
West,Knight Hall,2022-01-03T08:00:00,30.0,30.0,,,0.5800000000000001,,,,0.0207,0.0207,41.311922,-105.581147,2022,1,3,8
West,Knight Hall,2022-01-03T09:00:00,40.0,30.0,,,4.87,,,,0.0276,0.0207,41.311922,-105.581147,2022,1,3,9
West,Knight Hall,2022-01-03T10:00:00,20.0,30.0,,,0.5800000000000001,,,,0.0138,0.0207,41.311922,-105.581147,2022,1,3,10
West,Knight Hall,2022-01-03T11:00:00,40.0,30.0,,,7.72,,,,0.0276,0.0207,41.311922,-105.581147,2022,1,3,11
West,Knight Hall,2022-01-03T12:00:00,30.0,30.0,,,0.02,,,,0.0207,0.0207,41.311922,-105.581147,2022,1,3,12
West,Knight Hall,2022-01-03T13:00:00,30.0,30.0,,,6.64,,,,0.0207,0.0207,41.311922,-105.581147,2022,1,3,13
West,Knight Hall,2022-01-03T14:00:00,30.0,30.0,,,1.92,,,,0.0207,0.0207,41.311922,-105.581147,2022,1,3,14
West,Knight Hall,2022-01-03T15:00:00,40.0,30.0,,,0.06,,,,0.0276,0.0207,41.311922,-105.581147,2022,1,3,15
West,Knight Hall,2022-01-03T16:00:00,20.0,30.0,,,1.85,,,,0.0138,0.0207,41.311922,-105.581147,2022,1,3,16
West,Knight Hall,2022-01-03T17:00:00,40.0,30.0,,,,,,,0.0276,0.0207,41.311922,-105.581147,2022,1,3,17
West,Knight Hall,2022-01-03T18:00:00,20.0,30.0,,,3.28,,,,0.0138,0.0207,41.311922,-105.581147,2022,1,3,18
West,Knight Hall,2022-01-03T19:00:00,30.0,30.0,,,0.78,,,,0.0207,0.0207,41.311922,-105.581147,2022,1,3,19
West,Knight Hall,2022-01-03T20:00:00,30.0,20.0,,,,,,,0.0207,0.0138,41.311922,-105.581147,2022,1,3,20
West,Knight Hall,2022-01-03T21:00:00,30.0,30.0,,,,,,,0.0207,0.0207,41.311922,-105.581147,2022,1,3,21
West,Knight Hall,2022-01-03T22:00:00,20.0,30.0,,,,,,,0.0138,0.0207,41.311922,-105.581147,2022,1,3,22
West,Knight Hall,2022-01-03T23:00:00,30.0,30.0,,,0.86,,,,0.0207,0.0207,41.311922,-105.581147,2022,1,3,23
West,Knight Hall,2022-01-04T00:00:00,20.0,30.0,,,,,,,0.0138,0.0207,41.311922,-105.581147,2022,1,4,0
West,Knight Hall,2022-01-04T01:00:00,30.0,20.0,,,,,,,0.0207,0.0138,41.311922,-105.581147,2022,1,4,1
West,Knight Hall,2022-01-04T02:00:00,30.0,30.0,,,,,,,0.0207,0.0207,41.311922,-105.581147,2022,1,4,2
West,Knight Hall,2022-01-04T03:00:00,20.0,30.0,,,1.21,,,,0.0138,0.0207,41.311922,-105.581147,2022,1,4,3
West,Knight Hall,2022-01-04T04:00:00,30.0,30.0,,,0.15,,,,0.0207,0.0207,41.311922,-105.581147,2022,1,4,4
West,Knight Hall,2022-01-04T05:00:00,40.0,30.0,,,0.06,,,,0.0276,0.0207,41.311922,-105.581147,2022,1,4,5
West,Knight Hall,2022-01-04T06:00:00,20.0,30.0,,,63.15,,,,0.0138,0.0207,41.311922,-105.581147,2022,1,4,6
West,Knight Hall,2022-01-04T07:00:00,60.0,40.0,,,69.21,,,,0.0414,0.0276,41.311922,-105.581147,2022,1,4,7
West,Knight Hall,2022-01-04T08:00:00,50.0,60.0,,,206.16,,,,0.034499999999999996,0.0414,41.311922,-105.581147,2022,1,4,8
West,Knight Hall,2022-01-04T09:00:00,,70.0,,,,,,,,0.048299999999999996,41.311922,-105.581147,2022,1,4,9
West,Knight Hall,2022-01-04T10:00:00,60.0,70.0,,,97.2,,,,0.0414,0.048299999999999996,41.311922,-105.581147,2022,1,4,10
West,Knight Hall,2022-01-04T11:00:00,80.0,70.0,,,74.1,,,,0.0552,0.048299999999999996,41.311922,-105.581147,2022,1,4,11
West,Knight Hall,2022-01-04T12:00:00,60.0,70.0,,,63.540000000000006,,,,0.0414,0.048299999999999996,41.311922,-105.581147,2022,1,4,12
West,Knight Hall,2022-01-04T13:00:00,80.0,60.0,,,138.20999999999998,,,,0.0552,0.0414,41.311922,-105.581147,2022,1,4,13
West,Knight Hall,2022-01-04T14:00:00,50.0,70.0,,,87.96999999999998,,,,0.034499999999999996,0.048299999999999996,41.311922,-105.581147,2022,1,4,14
West,Knight Hall,2022-01-04T15:00:00,80.0,60.0,,,88.44,,,,0.0552,0.0414,41.311922,-105.581147,2022,1,4,15
West,Knight Hall,2022-01-04T16:00:00,50.0,70.0,,,100.32,,,,0.034499999999999996,0.048299999999999996,41.311922,-105.581147,2022,1,4,16
West,Knight Hall,2022-01-04T17:00:00,60.0,40.0,,,10.35,,,,0.0414,0.0276,41.311922,-105.581147,2022,1,4,17
West,Knight Hall,2022-01-04T18:00:00,30.0,40.0,,,12.57,,,,0.0207,0.0276,41.311922,-105.581147,2022,1,4,18
West,Knight Hall,2022-01-04T19:00:00,40.0,30.0,,,15.11,,,,0.0276,0.0207,41.311922,-105.581147,2022,1,4,19
West,Knight Hall,2022-01-04T20:00:00,30.0,40.0,,,11.79,,,,0.0207,0.0276,41.311922,-105.581147,2022,1,4,20
West,Knight Hall,2022-01-04T21:00:00,30.0,30.0,,,14.62,,,,0.0207,0.0207,41.311922,-105.581147,2022,1,4,21
West,Knight Hall,2022-01-04T22:00:00,30.0,30.0,,,0.06,,,,0.0207,0.0207,41.311922,-105.581147,2022,1,4,22
West,Knight Hall,2022-01-04T23:00:00,30.0,20.0,,,,,,,0.0207,0.0138,41.311922,-105.581147,2022,1,4,23
West,Knight Hall,2022-01-05T00:00:00,20.0,30.0,,,,,,,0.0138,0.0207,41.311922,-105.581147,2022,1,5,0
West,Knight Hall,2022-01-05T01:00:00,30.0,30.0,,,,,,,0.0207,0.0207,41.311922,-105.581147,2022,1,5,1
West,Knight Hall,2022-01-05T02:00:00,20.0,30.0,,,,,,,0.0138,0.0207,41.311922,-105.581147,2022,1,5,2
West,Knight Hall,2022-01-05T03:00:00,30.0,20.0,,,,,,,0.0207,0.0138,41.311922,-105.581147,2022,1,5,3
West,Knight Hall,2022-01-05T04:00:00,30.0,30.0,,,0.13,,,,0.0207,0.0207,41.311922,-105.581147,2022,1,5,4
West,Knight Hall,2022-01-05T05:00:00,30.0,30.0,,,0.88,,,,0.0207,0.0207,41.311922,-105.581147,2022,1,5,5
West,Knight Hall,2022-01-05T06:00:00,30.0,40.0,,,18.31,,,,0.0207,0.0276,41.311922,-105.581147,2022,1,5,6
West,Knight Hall,2022-01-05T07:00:00,50.0,30.0,,,94.5,,,,0.034499999999999996,0.0207,41.311922,-105.581147,2022,1,5,7
West,Knight Hall,2022-01-05T08:00:00,60.0,70.0,,,105.88,,,,0.0414,0.048299999999999996,41.311922,-105.581147,2022,1,5,8
West,Knight Hall,2022-01-05T09:00:00,80.0,60.0,,,160.76,,,,0.0552,0.0414,41.311922,-105.581147,2022,1,5,9
West,Knight Hall,2022-01-05T10:00:00,60.0,70.0,,,106.34,,,,0.0414,0.048299999999999996,41.311922,-105.581147,2022,1,5,10
West,Knight Hall,2022-01-05T11:00:00,80.0,70.0,,,64.04,,,,0.0552,0.048299999999999996,41.311922,-105.581147,2022,1,5,11
West,Knight Hall,2022-01-05T12:00:00,60.0,70.0,,,89.78,,,,0.0414,0.048299999999999996,41.311922,-105.581147,2022,1,5,12
West,Knight Hall,2022-01-05T13:00:00,80.0,60.0,,,81.97,,,,0.0552,0.0414,41.311922,-105.581147,2022,1,5,13
West,Knight Hall,2022-01-05T14:00:00,60.0,60.0,,,120.85,,,,0.0414,0.0414,41.311922,-105.581147,2022,1,5,14
West,Knight Hall,2022-01-05T15:00:00,80.0,60.0,,,,,,,0.0552,0.0414,41.311922,-105.581147,2022,1,5,15
West,Knight Hall,2022-01-05T16:00:00,60.0,70.0,,,,,,,0.0414,0.048299999999999996,41.311922,-105.581147,2022,1,5,16
West,Knight Hall,2022-01-05T17:00:00,50.0,40.0,,,,,,,0.034499999999999996,0.0276,41.311922,-105.581147,2022,1,5,17
West,Knight Hall,2022-01-05T18:00:00,40.0,50.0,,,,,,,0.0276,0.034499999999999996,41.311922,-105.581147,2022,1,5,18
West,Knight Hall,2022-01-05T19:00:00,40.0,30.0,,,75.83000000000001,,,,0.0276,0.0207,41.311922,-105.581147,2022,1,5,19
West,Knight Hall,2022-01-05T20:00:00,30.0,40.0,,,42.65,,,,0.0207,0.0276,41.311922,-105.581147,2022,1,5,20
West,Knight Hall,2022-01-05T21:00:00,40.0,30.0,,,1.32,,,,0.0276,0.0207,41.311922,-105.581147,2022,1,5,21
West,Knight Hall,2022-01-05T22:00:00,20.0,30.0,,,,,,,0.0138,0.0207,41.311922,-105.581147,2022,1,5,22
West,Knight Hall,2022-01-05T23:00:00,30.0,20.0,,,,,,,0.0207,0.0138,41.311922,-105.581147,2022,1,5,23
West,Knight Hall,2022-01-06T00:00:00,20.0,30.0,,,,,,,0.0138,0.0207,41.311922,-105.581147,2022,1,6,0
West,Knight Hall,2022-01-06T01:00:00,40.0,30.0,,,1.29,,,,0.0276,0.0207,41.311922,-105.581147,2022,1,6,1
West,Knight Hall,2022-01-06T02:00:00,20.0,30.0,,,0.9,,,,0.0138,0.0207,41.311922,-105.581147,2022,1,6,2
West,Knight Hall,2022-01-06T03:00:00,30.0,20.0,,,,,,,0.0207,0.0138,41.311922,-105.581147,2022,1,6,3
West,Knight Hall,2022-01-06T04:00:00,30.0,30.0,,,,,,,0.0207,0.0207,41.311922,-105.581147,2022,1,6,4
West,Knight Hall,2022-01-06T05:00:00,40.0,30.0,,,,,,,0.0276,0.0207,41.311922,-105.581147,2022,1,6,5
West,Knight Hall,2022-01-06T06:00:00,20.0,30.0,,,19.0,,,,0.0138,0.0207,41.311922,-105.581147,2022,1,6,6
West,Knight Hall,2022-01-06T07:00:00,40.0,40.0,,,95.19,,,,0.0276,0.0276,41.311922,-105.581147,2022,1,6,7
West,Knight Hall,2022-01-06T08:00:00,70.0,60.0,,,76.69,,,,0.048299999999999996,0.0414,41.311922,-105.581147,2022,1,6,8
West,Knight Hall,2022-01-06T09:00:00,80.0,70.0,,,96.08,,,,0.0552,0.048299999999999996,41.311922,-105.581147,2022,1,6,9
West,Knight Hall,2022-01-06T10:00:00,60.0,70.0,,,87.88,,,,0.0414,0.048299999999999996,41.311922,-105.581147,2022,1,6,10
West,Knight Hall,2022-01-06T11:00:00,70.0,70.0,,,82.32,,,,0.048299999999999996,0.048299999999999996,41.311922,-105.581147,2022,1,6,11
West,Knight Hall,2022-01-06T12:00:00,70.0,60.0,,,55.69,,,,0.048299999999999996,0.0414,41.311922,-105.581147,2022,1,6,12
West,Knight Hall,2022-01-06T13:00:00,80.0,60.0,,,95.43,,,,0.0552,0.0414,41.311922,-105.581147,2022,1,6,13
West,Knight Hall,2022-01-06T14:00:00,60.0,60.0,,,78.05000000000001,,,,0.0414,0.0414,41.311922,-105.581147,2022,1,6,14
West,Knight Hall,2022-01-06T15:00:00,70.0,70.0,,,80.85,,,,0.048299999999999996,0.048299999999999996,41.311922,-105.581147,2022,1,6,15
West,Knight Hall,2022-01-06T16:00:00,60.0,60.0,,,11.32,,,,0.0414,0.0414,41.311922,-105.581147,2022,1,6,16
West,Knight Hall,2022-01-06T17:00:00,50.0,50.0,,,4.16,,,,0.034499999999999996,0.034499999999999996,41.311922,-105.581147,2022,1,6,17
West,Knight Hall,2022-01-06T18:00:00,30.0,40.0,,,8.9,,,,0.0207,0.0276,41.311922,-105.581147,2022,1,6,18
West,Knight Hall,2022-01-06T19:00:00,40.0,30.0,,,32.690000000000005,,,,0.0276,0.0207,41.311922,-105.581147,2022,1,6,19
West,Knight Hall,2022-01-06T20:00:00,30.0,30.0,,,7.07,,,,0.0207,0.0207,41.311922,-105.581147,2022,1,6,20
West,Knight Hall,2022-01-06T21:00:00,30.0,30.0,,,4.16,,,,0.0207,0.0207,41.311922,-105.581147,2022,1,6,21
West,Knight Hall,2022-01-06T22:00:00,20.0,20.0,,,2.13,,,,0.0138,0.0138,41.311922,-105.581147,2022,1,6,22
West,Knight Hall,2022-01-06T23:00:00,30.0,30.0,,,,,,,0.0207,0.0207,41.311922,-105.581147,2022,1,6,23
West,Knight Hall,2022-01-07T00:00:00,20.0,20.0,,,,,,,0.0138,0.0138,41.311922,-105.581147,2022,1,7,0
West,Knight Hall,2022-01-07T01:00:00,30.0,20.0,,,,,,,0.0207,0.0138,41.311922,-105.581147,2022,1,7,1
West,Knight Hall,2022-01-07T02:00:00,20.0,30.0,,,,,,,0.0138,0.0207,41.311922,-105.581147,2022,1,7,2
West,Knight Hall,2022-01-07T03:00:00,40.0,20.0,,,1.25,,,,0.0276,0.0138,41.311922,-105.581147,2022,1,7,3
West,Knight Hall,2022-01-07T04:00:00,20.0,30.0,,,,,,,0.0138,0.0207,41.311922,-105.581147,2022,1,7,4
West,Knight Hall,2022-01-07T05:00:00,30.0,30.0,,,15.39,,,,0.0207,0.0207,41.311922,-105.581147,2022,1,7,5
West,Knight Hall,2022-01-07T06:00:00,30.0,30.0,,,17.08,,,,0.0207,0.0207,41.311922,-105.581147,2022,1,7,6
West,Knight Hall,2022-01-07T07:00:00,50.0,30.0,,,78.55,,,,0.034499999999999996,0.0207,41.311922,-105.581147,2022,1,7,7
West,Knight Hall,2022-01-07T08:00:00,50.0,60.0,,,78.03000000000002,,,,0.034499999999999996,0.0414,41.311922,-105.581147,2022,1,7,8
West,Knight Hall,2022-01-07T09:00:00,80.0,60.0,,,115.01,,,,0.0552,0.0414,41.311922,-105.581147,2022,1,7,9
West,Knight Hall,2022-01-07T10:00:00,60.0,70.0,,,,,,,0.0414,0.048299999999999996,41.311922,-105.581147,2022,1,7,10
West,Knight Hall,2022-01-07T11:00:00,70.0,70.0,,,159.31,,,,0.048299999999999996,0.048299999999999996,41.311922,-105.581147,2022,1,7,11
West,Knight Hall,2022-01-07T12:00:00,60.0,60.0,,,145.14999999999998,,,,0.0414,0.0414,41.311922,-105.581147,2022,1,7,12
West,Knight Hall,2022-01-07T13:00:00,80.0,60.0,,,156.48999999999998,,,,0.0552,0.0414,41.311922,-105.581147,2022,1,7,13
West,Knight Hall,2022-01-07T14:00:00,50.0,60.0,,,140.57999999999998,,,,0.034499999999999996,0.0414,41.311922,-105.581147,2022,1,7,14
West,Knight Hall,2022-01-07T15:00:00,70.0,70.0,,,180.36,,,,0.048299999999999996,0.048299999999999996,41.311922,-105.581147,2022,1,7,15
West,Knight Hall,2022-01-07T16:00:00,70.0,60.0,,,116.06,,,,0.048299999999999996,0.0414,41.311922,-105.581147,2022,1,7,16
West,Knight Hall,2022-01-07T17:00:00,50.0,40.0,,,101.42,,,,0.034499999999999996,0.0276,41.311922,-105.581147,2022,1,7,17
West,Knight Hall,2022-01-07T18:00:00,30.0,40.0,,,34.07,,,,0.0207,0.0276,41.311922,-105.581147,2022,1,7,18
West,Knight Hall,2022-01-07T19:00:00,40.0,30.0,,,38.03,,,,0.0276,0.0207,41.311922,-105.581147,2022,1,7,19
West,Knight Hall,2022-01-07T20:00:00,30.0,30.0,,,23.52,,,,0.0207,0.0207,41.311922,-105.581147,2022,1,7,20
West,Knight Hall,2022-01-07T21:00:00,30.0,30.0,,,36.12,,,,0.0207,0.0207,41.311922,-105.581147,2022,1,7,21
West,Knight Hall,2022-01-07T22:00:00,40.0,30.0,,,21.620000000000005,,,,0.0276,0.0207,41.311922,-105.581147,2022,1,7,22
West,Knight Hall,2022-01-07T23:00:00,30.0,30.0,,,18.54,,,,0.0207,0.0207,41.311922,-105.581147,2022,1,7,23
West,Knight Hall,2022-01-08T00:00:00,20.0,20.0,,,16.97,,,,0.0138,0.0138,41.311922,-105.581147,2022,1,8,0
West,Knight Hall,2022-01-08T01:00:00,30.0,30.0,,,16.88,,,,0.0207,0.0207,41.311922,-105.581147,2022,1,8,1
West,Knight Hall,2022-01-08T02:00:00,20.0,30.0,,,14.77,,,,0.0138,0.0207,41.311922,-105.581147,2022,1,8,2
West,Knight Hall,2022-01-08T03:00:00,40.0,20.0,,,14.7,,,,0.0276,0.0138,41.311922,-105.581147,2022,1,8,3
West,Knight Hall,2022-01-08T04:00:00,20.0,30.0,,,13.39,,,,0.0138,0.0207,41.311922,-105.581147,2022,1,8,4
West,Knight Hall,2022-01-08T05:00:00,30.0,40.0,,,12.29,,,,0.0207,0.0276,41.311922,-105.581147,2022,1,8,5
West,Knight Hall,2022-01-08T06:00:00,30.0,30.0,,,13.6,,,,0.0207,0.0207,41.311922,-105.581147,2022,1,8,6
West,Knight Hall,2022-01-08T07:00:00,30.0,40.0,,,10.95,,,,0.0207,0.0276,41.311922,-105.581147,2022,1,8,7
West,Knight Hall,2022-01-08T08:00:00,20.0,60.0,,,14.580000000000002,,,,0.0138,0.0414,41.311922,-105.581147,2022,1,8,8
West,Knight Hall,2022-01-08T09:00:00,40.0,60.0,,,12.57,,,,0.0276,0.0414,41.311922,-105.581147,2022,1,8,9
West,Knight Hall,2022-01-08T10:00:00,30.0,70.0,,,11.45,,,,0.0207,0.048299999999999996,41.311922,-105.581147,2022,1,8,10
West,Knight Hall,2022-01-08T11:00:00,30.0,70.0,,,16.470000000000002,,,,0.0207,0.048299999999999996,41.311922,-105.581147,2022,1,8,11
West,Knight Hall,2022-01-08T12:00:00,30.0,60.0,,,13.76,,,,0.0207,0.0414,41.311922,-105.581147,2022,1,8,12
West,Knight Hall,2022-01-08T13:00:00,30.0,60.0,,,8.54,,,,0.0207,0.0414,41.311922,-105.581147,2022,1,8,13
West,Knight Hall,2022-01-08T14:00:00,30.0,60.0,,,8.43,,,,0.0207,0.0414,41.311922,-105.581147,2022,1,8,14
West,Knight Hall,2022-01-08T15:00:00,30.0,50.0,,,12.27,,,,0.0207,0.034499999999999996,41.311922,-105.581147,2022,1,8,15
West,Knight Hall,2022-01-08T16:00:00,30.0,60.0,,,8.56,,,,0.0207,0.0414,41.311922,-105.581147,2022,1,8,16
West,Knight Hall,2022-01-08T17:00:00,30.0,40.0,,,7.22,,,,0.0207,0.0276,41.311922,-105.581147,2022,1,8,17
West,Knight Hall,2022-01-08T18:00:00,20.0,40.0,,,7.290000000000001,,,,0.0138,0.0276,41.311922,-105.581147,2022,1,8,18
West,Knight Hall,2022-01-08T19:00:00,40.0,30.0,,,8.059999999999999,,,,0.0276,0.0207,41.311922,-105.581147,2022,1,8,19
West,Knight Hall,2022-01-08T20:00:00,20.0,30.0,,,7.27,,,,0.0138,0.0207,41.311922,-105.581147,2022,1,8,20
West,Knight Hall,2022-01-08T21:00:00,30.0,30.0,,,6.0600000000000005,,,,0.0207,0.0207,41.311922,-105.581147,2022,1,8,21
West,Knight Hall,2022-01-08T22:00:00,30.0,30.0,,,7.25,,,,0.0207,0.0207,41.311922,-105.581147,2022,1,8,22
West,Knight Hall,2022-01-08T23:00:00,30.0,20.0,,,6.08,,,,0.0207,0.0138,41.311922,-105.581147,2022,1,8,23
West,Knight Hall,2022-01-09T00:00:00,20.0,30.0,,,6.02,,,,0.0138,0.0207,41.311922,-105.581147,2022,1,9,0
West,Knight Hall,2022-01-09T01:00:00,40.0,20.0,,,6.1,,,,0.0276,0.0138,41.311922,-105.581147,2022,1,9,1
West,Knight Hall,2022-01-09T02:00:00,20.0,30.0,,,6.04,,,,0.0138,0.0207,41.311922,-105.581147,2022,1,9,2
West,Knight Hall,2022-01-09T03:00:00,30.0,20.0,,,6.12,,,,0.0207,0.0138,41.311922,-105.581147,2022,1,9,3
West,Knight Hall,2022-01-09T04:00:00,20.0,30.0,,,4.87,,,,0.0138,0.0207,41.311922,-105.581147,2022,1,9,4
West,Knight Hall,2022-01-09T05:00:00,40.0,20.0,,,6.1,,,,0.0276,0.0138,41.311922,-105.581147,2022,1,9,5
West,Knight Hall,2022-01-09T06:00:00,20.0,30.0,,,6.1,,,,0.0138,0.0207,41.311922,-105.581147,2022,1,9,6
West,Knight Hall,2022-01-09T07:00:00,30.0,20.0,,,5.67,,,,0.0207,0.0138,41.311922,-105.581147,2022,1,9,7
West,Knight Hall,2022-01-09T08:00:00,30.0,30.0,,,6.01,,,,0.0207,0.0207,41.311922,-105.581147,2022,1,9,8
West,Knight Hall,2022-01-09T09:00:00,30.0,40.0,,,4.83,,,,0.0207,0.0276,41.311922,-105.581147,2022,1,9,9
West,Knight Hall,2022-01-09T10:00:00,30.0,30.0,,,5.970000000000001,,,,0.0207,0.0207,41.311922,-105.581147,2022,1,9,10
West,Knight Hall,2022-01-09T11:00:00,40.0,30.0,,,4.8100000000000005,,,,0.0276,0.0207,41.311922,-105.581147,2022,1,9,11
West,Knight Hall,2022-01-09T12:00:00,20.0,40.0,,,5.0,,,,0.0138,0.0276,41.311922,-105.581147,2022,1,9,12
West,Knight Hall,2022-01-09T13:00:00,40.0,30.0,,,6.140000000000001,,,,0.0276,0.0207,41.311922,-105.581147,2022,1,9,13
West,Knight Hall,2022-01-09T14:00:00,20.0,30.0,,,4.85,,,,0.0138,0.0207,41.311922,-105.581147,2022,1,9,14
West,Knight Hall,2022-01-09T15:00:00,40.0,30.0,,,4.85,,,,0.0276,0.0207,41.311922,-105.581147,2022,1,9,15
West,Knight Hall,2022-01-09T16:00:00,20.0,20.0,,,8.149999999999999,,,,0.0138,0.0138,41.311922,-105.581147,2022,1,9,16
West,Knight Hall,2022-01-09T17:00:00,30.0,30.0,,,3.82,,,,0.0207,0.0207,41.311922,-105.581147,2022,1,9,17
West,Knight Hall,2022-01-09T18:00:00,30.0,20.0,,,5.02,,,,0.0207,0.0138,41.311922,-105.581147,2022,1,9,18
West,Knight Hall,2022-01-09T19:00:00,30.0,30.0,,,4.94,,,,0.0207,0.0207,41.311922,-105.581147,2022,1,9,19
West,Knight Hall,2022-01-09T20:00:00,20.0,20.0,,,4.92,,,,0.0138,0.0138,41.311922,-105.581147,2022,1,9,20
West,Knight Hall,2022-01-09T21:00:00,40.0,30.0,,,3.8,,,,0.0276,0.0207,41.311922,-105.581147,2022,1,9,21
West,Knight Hall,2022-01-09T22:00:00,20.0,30.0,,,5.84,,,,0.0138,0.0207,41.311922,-105.581147,2022,1,9,22
West,Knight Hall,2022-01-09T23:00:00,30.0,20.0,,,3.69,,,,0.0207,0.0138,41.311922,-105.581147,2022,1,9,23
West,Knight Hall,2022-01-10T00:00:00,30.0,30.0,,,4.9,,,,0.0207,0.0207,41.311922,-105.581147,2022,1,10,0
West,Knight Hall,2022-01-10T01:00:00,30.0,20.0,,,3.71,,,,0.0207,0.0138,41.311922,-105.581147,2022,1,10,1
West,Knight Hall,2022-01-10T02:00:00,20.0,30.0,,,4.96,,,,0.0138,0.0207,41.311922,-105.581147,2022,1,10,2
West,Knight Hall,2022-01-10T03:00:00,30.0,20.0,,,3.69,,,,0.0207,0.0138,41.311922,-105.581147,2022,1,10,3
West,Knight Hall,2022-01-10T04:00:00,30.0,30.0,,,6.430000000000001,,,,0.0207,0.0207,41.311922,-105.581147,2022,1,10,4
West,Knight Hall,2022-01-10T05:00:00,40.0,20.0,,,11.77,,,,0.0276,0.0138,41.311922,-105.581147,2022,1,10,5
West,Knight Hall,2022-01-10T06:00:00,20.0,30.0,,,27.43,,,,0.0138,0.0207,41.311922,-105.581147,2022,1,10,6
West,Knight Hall,2022-01-10T07:00:00,60.0,20.0,,,80.92,,,,0.0414,0.0138,41.311922,-105.581147,2022,1,10,7
West,Knight Hall,2022-01-10T08:00:00,50.0,30.0,,,156.4,,,,0.034499999999999996,0.0207,41.311922,-105.581147,2022,1,10,8
West,Knight Hall,2022-01-10T09:00:00,,30.0,,,122.46,,,,,0.0207,41.311922,-105.581147,2022,1,10,9
West,Knight Hall,2022-01-10T10:00:00,60.0,30.0,,,124.38,,,,0.0414,0.0207,41.311922,-105.581147,2022,1,10,10
West,Knight Hall,2022-01-10T11:00:00,,30.0,,,73.28,,,,,0.0207,41.311922,-105.581147,2022,1,10,11
West,Knight Hall,2022-01-10T12:00:00,60.0,30.0,,,40.49,,,,0.0414,0.0207,41.311922,-105.581147,2022,1,10,12
West,Knight Hall,2022-01-10T13:00:00,80.0,30.0,,,95.96999999999998,,,,0.0552,0.0207,41.311922,-105.581147,2022,1,10,13
West,Knight Hall,2022-01-10T14:00:00,60.0,30.0,,,139.04999999999998,,,,0.0414,0.0207,41.311922,-105.581147,2022,1,10,14
West,Knight Hall,2022-01-10T15:00:00,,30.0,,,156.62,,,,,0.0207,41.311922,-105.581147,2022,1,10,15
West,Knight Hall,2022-01-10T16:00:00,50.0,20.0,,,145.92,,,,0.034499999999999996,0.0138,41.311922,-105.581147,2022,1,10,16
West,Knight Hall,2022-01-10T17:00:00,60.0,30.0,,,34.970000000000006,,,,0.0414,0.0207,41.311922,-105.581147,2022,1,10,17
West,Knight Hall,2022-01-10T18:00:00,30.0,30.0,,,24.02,,,,0.0207,0.0207,41.311922,-105.581147,2022,1,10,18
West,Knight Hall,2022-01-10T19:00:00,40.0,20.0,,,6.58,,,,0.0276,0.0138,41.311922,-105.581147,2022,1,10,19
West,Knight Hall,2022-01-10T20:00:00,30.0,30.0,,,26.58,,,,0.0207,0.0207,41.311922,-105.581147,2022,1,10,20
West,Knight Hall,2022-01-10T21:00:00,40.0,20.0,,,11.34,,,,0.0276,0.0138,41.311922,-105.581147,2022,1,10,21
West,Knight Hall,2022-01-10T22:00:00,20.0,30.0,,,1.4,,,,0.0138,0.0207,41.311922,-105.581147,2022,1,10,22
West,Knight Hall,2022-01-10T23:00:00,40.0,30.0,,,,,,,0.0276,0.0207,41.311922,-105.581147,2022,1,10,23
West,Knight Hall,2022-01-11T00:00:00,20.0,20.0,,,,,,,0.0138,0.0138,41.311922,-105.581147,2022,1,11,0
West,Knight Hall,2022-01-11T01:00:00,30.0,30.0,,,,,,,0.0207,0.0207,41.311922,-105.581147,2022,1,11,1
West,Knight Hall,2022-01-11T02:00:00,20.0,20.0,,,,,,,0.0138,0.0138,41.311922,-105.581147,2022,1,11,2
West,Knight Hall,2022-01-11T03:00:00,30.0,30.0,,,,,,,0.0207,0.0207,41.311922,-105.581147,2022,1,11,3
West,Knight Hall,2022-01-11T04:00:00,30.0,30.0,,,3.75,,,,0.0207,0.0207,41.311922,-105.581147,2022,1,11,4
West,Knight Hall,2022-01-11T05:00:00,30.0,30.0,,,0.1699999999999999,,,,0.0207,0.0207,41.311922,-105.581147,2022,1,11,5
West,Knight Hall,2022-01-11T06:00:00,30.0,30.0,,,28.33,,,,0.0207,0.0207,41.311922,-105.581147,2022,1,11,6
West,Knight Hall,2022-01-11T07:00:00,60.0,40.0,,,89.37,,,,0.0414,0.0276,41.311922,-105.581147,2022,1,11,7
West,Knight Hall,2022-01-11T08:00:00,50.0,60.0,,,108.86,,,,0.034499999999999996,0.0414,41.311922,-105.581147,2022,1,11,8
West,Knight Hall,2022-01-11T09:00:00,80.0,70.0,,,143.85000000000002,,,,0.0552,0.048299999999999996,41.311922,-105.581147,2022,1,11,9
West,Knight Hall,2022-01-11T10:00:00,70.0,80.0,,,193.27,,,,0.048299999999999996,0.0552,41.311922,-105.581147,2022,1,11,10
West,Knight Hall,2022-01-11T11:00:00,70.0,70.0,,,172.03,,,,0.048299999999999996,0.048299999999999996,41.311922,-105.581147,2022,1,11,11
West,Knight Hall,2022-01-11T12:00:00,60.0,70.0,,,172.87,,,,0.0414,0.048299999999999996,41.311922,-105.581147,2022,1,11,12
West,Knight Hall,2022-01-11T13:00:00,80.0,60.0,,,188.12,,,,0.0552,0.0414,41.311922,-105.581147,2022,1,11,13
West,Knight Hall,2022-01-11T14:00:00,60.0,80.0,,,158.04,,,,0.0414,0.0552,41.311922,-105.581147,2022,1,11,14
West,Knight Hall,2022-01-11T15:00:00,70.0,60.0,,,,,,,0.048299999999999996,0.0414,41.311922,-105.581147,2022,1,11,15
West,Knight Hall,2022-01-11T16:00:00,70.0,70.0,,,,,,,0.048299999999999996,0.048299999999999996,41.311922,-105.581147,2022,1,11,16
West,Knight Hall,2022-01-11T17:00:00,50.0,40.0,,,88.89999999999999,,,,0.034499999999999996,0.0276,41.311922,-105.581147,2022,1,11,17
West,Knight Hall,2022-01-11T18:00:00,40.0,40.0,,,23.55,,,,0.0276,0.0276,41.311922,-105.581147,2022,1,11,18
West,Knight Hall,2022-01-11T19:00:00,40.0,40.0,,,16.470000000000002,,,,0.0276,0.0276,41.311922,-105.581147,2022,1,11,19
West,Knight Hall,2022-01-11T20:00:00,20.0,30.0,,,31.130000000000003,,,,0.0138,0.0207,41.311922,-105.581147,2022,1,11,20
West,Knight Hall,2022-01-11T21:00:00,40.0,30.0,,,34.91,,,,0.0276,0.0207,41.311922,-105.581147,2022,1,11,21
West,Knight Hall,2022-01-11T22:00:00,30.0,30.0,,,3.62,,,,0.0207,0.0207,41.311922,-105.581147,2022,1,11,22
West,Knight Hall,2022-01-11T23:00:00,30.0,30.0,,,2.39,,,,0.0207,0.0207,41.311922,-105.581147,2022,1,11,23
West,Knight Hall,2022-01-12T00:00:00,20.0,20.0,,,3.54,,,,0.0138,0.0138,41.311922,-105.581147,2022,1,12,0
West,Knight Hall,2022-01-12T01:00:00,30.0,30.0,,,1.16,,,,0.0207,0.0207,41.311922,-105.581147,2022,1,12,1
West,Knight Hall,2022-01-12T02:00:00,20.0,30.0,,,2.31,,,,0.0138,0.0207,41.311922,-105.581147,2022,1,12,2
West,Knight Hall,2022-01-12T03:00:00,40.0,20.0,,,1.14,,,,0.0276,0.0138,41.311922,-105.581147,2022,1,12,3
West,Knight Hall,2022-01-12T04:00:00,20.0,30.0,,,5.709999999999999,,,,0.0138,0.0207,41.311922,-105.581147,2022,1,12,4
West,Knight Hall,2022-01-12T05:00:00,30.0,30.0,,,1.29,,,,0.0207,0.0207,41.311922,-105.581147,2022,1,12,5
West,Knight Hall,2022-01-12T06:00:00,30.0,30.0,,,24.24,,,,0.0207,0.0207,41.311922,-105.581147,2022,1,12,6
West,Knight Hall,2022-01-12T07:00:00,50.0,40.0,,,69.28,,,,0.034499999999999996,0.0276,41.311922,-105.581147,2022,1,12,7
West,Knight Hall,2022-01-12T08:00:00,60.0,70.0,,,116.19,,,,0.0414,0.048299999999999996,41.311922,-105.581147,2022,1,12,8
West,Knight Hall,2022-01-12T09:00:00,,70.0,,,191.33,,,,,0.048299999999999996,41.311922,-105.581147,2022,1,12,9
West,Knight Hall,2022-01-12T10:00:00,60.0,70.0,,,106.62,,,,0.0414,0.048299999999999996,41.311922,-105.581147,2022,1,12,10
West,Knight Hall,2022-01-12T11:00:00,80.0,70.0,,,158.8,,,,0.0552,0.048299999999999996,41.311922,-105.581147,2022,1,12,11
West,Knight Hall,2022-01-12T12:00:00,50.0,60.0,,,176.04999999999998,,,,0.034499999999999996,0.0414,41.311922,-105.581147,2022,1,12,12
West,Knight Hall,2022-01-12T13:00:00,70.0,70.0,,,209.08,,,,0.048299999999999996,0.048299999999999996,41.311922,-105.581147,2022,1,12,13
West,Knight Hall,2022-01-12T14:00:00,70.0,70.0,,,213.8,,,,0.048299999999999996,0.048299999999999996,41.311922,-105.581147,2022,1,12,14
West,Knight Hall,2022-01-12T15:00:00,80.0,60.0,,,174.15,,,,0.0552,0.0414,41.311922,-105.581147,2022,1,12,15
West,Knight Hall,2022-01-12T16:00:00,60.0,70.0,,,170.35000000000002,,,,0.0414,0.048299999999999996,41.311922,-105.581147,2022,1,12,16
West,Knight Hall,2022-01-12T17:00:00,50.0,50.0,,,82.77,,,,0.034499999999999996,0.034499999999999996,41.311922,-105.581147,2022,1,12,17
West,Knight Hall,2022-01-12T18:00:00,30.0,40.0,,,5.460000000000001,,,,0.0207,0.0276,41.311922,-105.581147,2022,1,12,18
West,Knight Hall,2022-01-12T19:00:00,40.0,30.0,,,22.21,,,,0.0276,0.0207,41.311922,-105.581147,2022,1,12,19
West,Knight Hall,2022-01-12T20:00:00,30.0,40.0,,,29.62,,,,0.0207,0.0276,41.311922,-105.581147,2022,1,12,20
West,Knight Hall,2022-01-12T21:00:00,30.0,30.0,,,10.26,,,,0.0207,0.0207,41.311922,-105.581147,2022,1,12,21
West,Knight Hall,2022-01-12T22:00:00,30.0,30.0,,,0.07,,,,0.0207,0.0207,41.311922,-105.581147,2022,1,12,22
West,Knight Hall,2022-01-12T23:00:00,30.0,30.0,,,1.1,,,,0.0207,0.0207,41.311922,-105.581147,2022,1,12,23
West,Knight Hall,2022-01-13T00:00:00,20.0,20.0,,,0.43,,,,0.0138,0.0138,41.311922,-105.581147,2022,1,13,0
West,Knight Hall,2022-01-13T01:00:00,30.0,30.0,,,2.31,,,,0.0207,0.0207,41.311922,-105.581147,2022,1,13,1
West,Knight Hall,2022-01-13T02:00:00,20.0,20.0,,,0.4499999999999999,,,,0.0138,0.0138,41.311922,-105.581147,2022,1,13,2
West,Knight Hall,2022-01-13T03:00:00,40.0,30.0,,,0.15,,,,0.0276,0.0207,41.311922,-105.581147,2022,1,13,3
West,Knight Hall,2022-01-13T04:00:00,20.0,30.0,,,0.21,,,,0.0138,0.0207,41.311922,-105.581147,2022,1,13,4
West,Knight Hall,2022-01-13T05:00:00,40.0,30.0,,,2.16,,,,0.0276,0.0207,41.311922,-105.581147,2022,1,13,5
West,Knight Hall,2022-01-13T06:00:00,20.0,30.0,,,27.84,,,,0.0138,0.0207,41.311922,-105.581147,2022,1,13,6
West,Knight Hall,2022-01-13T07:00:00,50.0,40.0,,,53.28,,,,0.034499999999999996,0.0276,41.311922,-105.581147,2022,1,13,7
West,Knight Hall,2022-01-13T08:00:00,60.0,60.0,,,119.75,,,,0.0414,0.0414,41.311922,-105.581147,2022,1,13,8
West,Knight Hall,2022-01-13T09:00:00,80.0,70.0,,,218.78,,,,0.0552,0.048299999999999996,41.311922,-105.581147,2022,1,13,9
West,Knight Hall,2022-01-13T10:00:00,60.0,70.0,,,,,,,0.0414,0.048299999999999996,41.311922,-105.581147,2022,1,13,10
West,Knight Hall,2022-01-13T11:00:00,,70.0,,,206.45,,,,,0.048299999999999996,41.311922,-105.581147,2022,1,13,11
West,Knight Hall,2022-01-13T12:00:00,50.0,70.0,,,89.25999999999999,,,,0.034499999999999996,0.048299999999999996,41.311922,-105.581147,2022,1,13,12
West,Knight Hall,2022-01-13T13:00:00,70.0,60.0,,,120.14,,,,0.048299999999999996,0.0414,41.311922,-105.581147,2022,1,13,13
West,Knight Hall,2022-01-13T14:00:00,70.0,70.0,,,55.8,,,,0.048299999999999996,0.048299999999999996,41.311922,-105.581147,2022,1,13,14
West,Knight Hall,2022-01-13T15:00:00,70.0,70.0,,,96.46,,,,0.048299999999999996,0.048299999999999996,41.311922,-105.581147,2022,1,13,15
West,Knight Hall,2022-01-13T16:00:00,60.0,60.0,,,62.55,,,,0.0414,0.0414,41.311922,-105.581147,2022,1,13,16
West,Knight Hall,2022-01-13T17:00:00,60.0,50.0,,,52.57,,,,0.0414,0.034499999999999996,41.311922,-105.581147,2022,1,13,17
West,Knight Hall,2022-01-13T18:00:00,30.0,40.0,,,1.27,,,,0.0207,0.0276,41.311922,-105.581147,2022,1,13,18
West,Knight Hall,2022-01-13T19:00:00,40.0,30.0,,,20.27,,,,0.0276,0.0207,41.311922,-105.581147,2022,1,13,19
West,Knight Hall,2022-01-13T20:00:00,30.0,30.0,,,3.3,,,,0.0207,0.0207,41.311922,-105.581147,2022,1,13,20
West,Knight Hall,2022-01-13T21:00:00,30.0,30.0,,,22.88,,,,0.0207,0.0207,41.311922,-105.581147,2022,1,13,21
West,Knight Hall,2022-01-13T22:00:00,30.0,30.0,,,,,,,0.0207,0.0207,41.311922,-105.581147,2022,1,13,22
West,Knight Hall,2022-01-13T23:00:00,30.0,30.0,,,,,,,0.0207,0.0207,41.311922,-105.581147,2022,1,13,23
West,Knight Hall,2022-01-14T00:00:00,20.0,30.0,,,,,,,0.0138,0.0207,41.311922,-105.581147,2022,1,14,0
West,Knight Hall,2022-01-14T01:00:00,30.0,20.0,,,,,,,0.0207,0.0138,41.311922,-105.581147,2022,1,14,1
West,Knight Hall,2022-01-14T02:00:00,20.0,30.0,,,0.88,,,,0.0138,0.0207,41.311922,-105.581147,2022,1,14,2
West,Knight Hall,2022-01-14T03:00:00,30.0,30.0,,,,,,,0.0207,0.0207,41.311922,-105.581147,2022,1,14,3
West,Knight Hall,2022-01-14T04:00:00,30.0,30.0,,,3.75,,,,0.0207,0.0207,41.311922,-105.581147,2022,1,14,4
West,Knight Hall,2022-01-14T05:00:00,30.0,30.0,,,3.11,,,,0.0207,0.0207,41.311922,-105.581147,2022,1,14,5
West,Knight Hall,2022-01-14T06:00:00,30.0,30.0,,,34.41,,,,0.0207,0.0207,41.311922,-105.581147,2022,1,14,6
West,Knight Hall,2022-01-14T07:00:00,50.0,40.0,,,84.60999999999999,,,,0.034499999999999996,0.0276,41.311922,-105.581147,2022,1,14,7
West,Knight Hall,2022-01-14T08:00:00,60.0,70.0,,,108.37,,,,0.0414,0.048299999999999996,41.311922,-105.581147,2022,1,14,8
West,Knight Hall,2022-01-14T09:00:00,80.0,70.0,,,202.72,,,,0.0552,0.048299999999999996,41.311922,-105.581147,2022,1,14,9
West,Knight Hall,2022-01-14T10:00:00,60.0,60.0,,,198.53,,,,0.0414,0.0414,41.311922,-105.581147,2022,1,14,10
West,Knight Hall,2022-01-14T11:00:00,,70.0,,,83.87,,,,,0.048299999999999996,41.311922,-105.581147,2022,1,14,11
West,Knight Hall,2022-01-14T12:00:00,60.0,60.0,,,75.49000000000001,,,,0.0414,0.0414,41.311922,-105.581147,2022,1,14,12
West,Knight Hall,2022-01-14T13:00:00,80.0,70.0,,,,,,,0.0552,0.048299999999999996,41.311922,-105.581147,2022,1,14,13
West,Knight Hall,2022-01-14T14:00:00,60.0,60.0,,,,,,,0.0414,0.0414,41.311922,-105.581147,2022,1,14,14
West,Knight Hall,2022-01-14T15:00:00,70.0,70.0,,,60.43,,,,0.048299999999999996,0.048299999999999996,41.311922,-105.581147,2022,1,14,15
West,Knight Hall,2022-01-14T16:00:00,50.0,70.0,,,21.54,,,,0.034499999999999996,0.048299999999999996,41.311922,-105.581147,2022,1,14,16
West,Knight Hall,2022-01-14T17:00:00,50.0,50.0,,,67.01,,,,0.034499999999999996,0.034499999999999996,41.311922,-105.581147,2022,1,14,17
West,Knight Hall,2022-01-14T18:00:00,40.0,40.0,,,0.35,,,,0.0276,0.0276,41.311922,-105.581147,2022,1,14,18
West,Knight Hall,2022-01-14T19:00:00,30.0,40.0,,,25.21,,,,0.0207,0.0276,41.311922,-105.581147,2022,1,14,19
West,Knight Hall,2022-01-14T20:00:00,40.0,30.0,,,32.0,,,,0.0276,0.0207,41.311922,-105.581147,2022,1,14,20
West,Knight Hall,2022-01-14T21:00:00,40.0,30.0,,,9.81,,,,0.0276,0.0207,41.311922,-105.581147,2022,1,14,21
West,Knight Hall,2022-01-14T22:00:00,30.0,30.0,,,0.84,,,,0.0207,0.0207,41.311922,-105.581147,2022,1,14,22
West,Knight Hall,2022-01-14T23:00:00,30.0,20.0,,,,,,,0.0207,0.0138,41.311922,-105.581147,2022,1,14,23
West,Knight Hall,2022-01-15T00:00:00,20.0,30.0,,,,,,,0.0138,0.0207,41.311922,-105.581147,2022,1,15,0
West,Knight Hall,2022-01-15T01:00:00,30.0,30.0,,,,,,,0.0207,0.0207,41.311922,-105.581147,2022,1,15,1
West,Knight Hall,2022-01-15T02:00:00,30.0,20.0,,,,,,,0.0207,0.0138,41.311922,-105.581147,2022,1,15,2
West,Knight Hall,2022-01-15T03:00:00,30.0,30.0,,,1.27,,,,0.0207,0.0207,41.311922,-105.581147,2022,1,15,3
West,Knight Hall,2022-01-15T04:00:00,20.0,30.0,,,0.6900000000000001,,,,0.0138,0.0207,41.311922,-105.581147,2022,1,15,4
West,Knight Hall,2022-01-15T05:00:00,30.0,30.0,,,0.06,,,,0.0207,0.0207,41.311922,-105.581147,2022,1,15,5
West,Knight Hall,2022-01-15T06:00:00,30.0,30.0,,,,,,,0.0207,0.0207,41.311922,-105.581147,2022,1,15,6
West,Knight Hall,2022-01-15T07:00:00,30.0,40.0,,,1.4700000000000002,,,,0.0207,0.0276,41.311922,-105.581147,2022,1,15,7
West,Knight Hall,2022-01-15T08:00:00,20.0,60.0,,,0.67,,,,0.0138,0.0414,41.311922,-105.581147,2022,1,15,8
West,Knight Hall,2022-01-15T09:00:00,40.0,70.0,,,0.6900000000000001,,,,0.0276,0.048299999999999996,41.311922,-105.581147,2022,1,15,9
West,Knight Hall,2022-01-15T10:00:00,20.0,70.0,,,1.92,,,,0.0138,0.048299999999999996,41.311922,-105.581147,2022,1,15,10
West,Knight Hall,2022-01-15T11:00:00,40.0,70.0,,,1.08,,,,0.0276,0.048299999999999996,41.311922,-105.581147,2022,1,15,11
West,Knight Hall,2022-01-15T12:00:00,20.0,70.0,,,0.88,,,,0.0138,0.048299999999999996,41.311922,-105.581147,2022,1,15,12
West,Knight Hall,2022-01-15T13:00:00,40.0,70.0,,,21.75,,,,0.0276,0.048299999999999996,41.311922,-105.581147,2022,1,15,13
West,Knight Hall,2022-01-15T14:00:00,30.0,60.0,,,4.3500000000000005,,,,0.0207,0.0414,41.311922,-105.581147,2022,1,15,14
West,Knight Hall,2022-01-15T15:00:00,30.0,70.0,,,1.9,,,,0.0207,0.048299999999999996,41.311922,-105.581147,2022,1,15,15
West,Knight Hall,2022-01-15T16:00:00,20.0,60.0,,,0.09,,,,0.0138,0.0414,41.311922,-105.581147,2022,1,15,16
West,Knight Hall,2022-01-15T17:00:00,30.0,50.0,,,1.98,,,,0.0207,0.034499999999999996,41.311922,-105.581147,2022,1,15,17
West,Knight Hall,2022-01-15T18:00:00,30.0,40.0,,,0.11,,,,0.0207,0.0276,41.311922,-105.581147,2022,1,15,18
West,Knight Hall,2022-01-15T19:00:00,30.0,30.0,,,,,,,0.0207,0.0207,41.311922,-105.581147,2022,1,15,19
West,Knight Hall,2022-01-15T20:00:00,20.0,30.0,,,0.02,,,,0.0138,0.0207,41.311922,-105.581147,2022,1,15,20
West,Knight Hall,2022-01-15T21:00:00,30.0,30.0,,,,,,,0.0207,0.0207,41.311922,-105.581147,2022,1,15,21
West,Knight Hall,2022-01-15T22:00:00,20.0,30.0,,,,,,,0.0138,0.0207,41.311922,-105.581147,2022,1,15,22
West,Knight Hall,2022-01-15T23:00:00,40.0,30.0,,,,,,,0.0276,0.0207,41.311922,-105.581147,2022,1,15,23
West,Knight Hall,2022-01-16T00:00:00,20.0,30.0,,,0.07,,,,0.0138,0.0207,41.311922,-105.581147,2022,1,16,0
West,Knight Hall,2022-01-16T01:00:00,30.0,20.0,,,,,,,0.0207,0.0138,41.311922,-105.581147,2022,1,16,1
West,Knight Hall,2022-01-16T02:00:00,30.0,30.0,,,,,,,0.0207,0.0207,41.311922,-105.581147,2022,1,16,2
West,Knight Hall,2022-01-16T03:00:00,30.0,20.0,,,,,,,0.0207,0.0138,41.311922,-105.581147,2022,1,16,3
West,Knight Hall,2022-01-16T04:00:00,20.0,30.0,,,,,,,0.0138,0.0207,41.311922,-105.581147,2022,1,16,4
West,Knight Hall,2022-01-16T05:00:00,40.0,30.0,,,,,,,0.0276,0.0207,41.311922,-105.581147,2022,1,16,5
West,Knight Hall,2022-01-16T06:00:00,20.0,30.0,,,0.06,,,,0.0138,0.0207,41.311922,-105.581147,2022,1,16,6
West,Knight Hall,2022-01-16T07:00:00,30.0,30.0,,,0.11,,,,0.0207,0.0207,41.311922,-105.581147,2022,1,16,7
West,Knight Hall,2022-01-16T08:00:00,30.0,30.0,,,0.17,,,,0.0207,0.0207,41.311922,-105.581147,2022,1,16,8
West,Knight Hall,2022-01-16T09:00:00,40.0,30.0,,,0.73,,,,0.0276,0.0207,41.311922,-105.581147,2022,1,16,9
West,Knight Hall,2022-01-16T10:00:00,20.0,30.0,,,0.04,,,,0.0138,0.0207,41.311922,-105.581147,2022,1,16,10
West,Knight Hall,2022-01-16T11:00:00,40.0,30.0,,,0.19,,,,0.0276,0.0207,41.311922,-105.581147,2022,1,16,11
West,Knight Hall,2022-01-16T12:00:00,20.0,30.0,,,0.43,,,,0.0138,0.0207,41.311922,-105.581147,2022,1,16,12
West,Knight Hall,2022-01-16T13:00:00,40.0,30.0,,,0.22,,,,0.0276,0.0207,41.311922,-105.581147,2022,1,16,13
West,Knight Hall,2022-01-16T14:00:00,20.0,30.0,,,0.13,,,,0.0138,0.0207,41.311922,-105.581147,2022,1,16,14
West,Knight Hall,2022-01-16T15:00:00,40.0,30.0,,,0.17,,,,0.0276,0.0207,41.311922,-105.581147,2022,1,16,15
West,Knight Hall,2022-01-16T16:00:00,20.0,30.0,,,0.99,,,,0.0138,0.0207,41.311922,-105.581147,2022,1,16,16
West,Knight Hall,2022-01-16T17:00:00,30.0,20.0,,,6.79,,,,0.0207,0.0138,41.311922,-105.581147,2022,1,16,17
West,Knight Hall,2022-01-16T18:00:00,30.0,30.0,,,4.699999999999999,,,,0.0207,0.0207,41.311922,-105.581147,2022,1,16,18
West,Knight Hall,2022-01-16T19:00:00,30.0,20.0,,,0.19,,,,0.0207,0.0138,41.311922,-105.581147,2022,1,16,19
West,Knight Hall,2022-01-16T20:00:00,30.0,30.0,,,,,,,0.0207,0.0207,41.311922,-105.581147,2022,1,16,20
West,Knight Hall,2022-01-16T21:00:00,30.0,30.0,,,0.02,,,,0.0207,0.0207,41.311922,-105.581147,2022,1,16,21
West,Knight Hall,2022-01-16T22:00:00,20.0,20.0,,,,,,,0.0138,0.0138,41.311922,-105.581147,2022,1,16,22
West,Knight Hall,2022-01-16T23:00:00,40.0,30.0,,,0.02,,,,0.0276,0.0207,41.311922,-105.581147,2022,1,16,23
West,Knight Hall,2022-01-17T00:00:00,30.0,20.0,,,0.02,,,,0.0207,0.0138,41.311922,-105.581147,2022,1,17,0
West,Knight Hall,2022-01-17T01:00:00,30.0,30.0,,,,,,,0.0207,0.0207,41.311922,-105.581147,2022,1,17,1
West,Knight Hall,2022-01-17T02:00:00,20.0,30.0,,,,,,,0.0138,0.0207,41.311922,-105.581147,2022,1,17,2
West,Knight Hall,2022-01-17T03:00:00,30.0,30.0,,,,,,,0.0207,0.0207,41.311922,-105.581147,2022,1,17,3
West,Knight Hall,2022-01-17T04:00:00,30.0,20.0,,,,,,,0.0207,0.0138,41.311922,-105.581147,2022,1,17,4
West,Knight Hall,2022-01-17T05:00:00,40.0,30.0,,,0.06,,,,0.0276,0.0207,41.311922,-105.581147,2022,1,17,5
West,Knight Hall,2022-01-17T06:00:00,20.0,30.0,,,3.3,,,,0.0138,0.0207,41.311922,-105.581147,2022,1,17,6
West,Knight Hall,2022-01-17T07:00:00,40.0,20.0,,,3.6,,,,0.0276,0.0138,41.311922,-105.581147,2022,1,17,7
West,Knight Hall,2022-01-17T08:00:00,30.0,30.0,,,2.42,,,,0.0207,0.0207,41.311922,-105.581147,2022,1,17,8
West,Knight Hall,2022-01-17T09:00:00,40.0,40.0,,,1.21,,,,0.0276,0.0276,41.311922,-105.581147,2022,1,17,9
West,Knight Hall,2022-01-17T10:00:00,20.0,30.0,,,0.54,,,,0.0138,0.0207,41.311922,-105.581147,2022,1,17,10
West,Knight Hall,2022-01-17T11:00:00,40.0,30.0,,,0.28,,,,0.0276,0.0207,41.311922,-105.581147,2022,1,17,11
West,Knight Hall,2022-01-17T12:00:00,30.0,30.0,,,2.01,,,,0.0207,0.0207,41.311922,-105.581147,2022,1,17,12
West,Knight Hall,2022-01-17T13:00:00,30.0,30.0,,,0.6,,,,0.0207,0.0207,41.311922,-105.581147,2022,1,17,13
West,Knight Hall,2022-01-17T14:00:00,30.0,30.0,,,0.35,,,,0.0207,0.0207,41.311922,-105.581147,2022,1,17,14
West,Knight Hall,2022-01-17T15:00:00,40.0,30.0,,,8.75,,,,0.0276,0.0207,41.311922,-105.581147,2022,1,17,15
West,Knight Hall,2022-01-17T16:00:00,20.0,20.0,,,0.34,,,,0.0138,0.0138,41.311922,-105.581147,2022,1,17,16
West,Knight Hall,2022-01-17T17:00:00,40.0,30.0,,,1.73,,,,0.0276,0.0207,41.311922,-105.581147,2022,1,17,17
West,Knight Hall,2022-01-17T18:00:00,30.0,30.0,,,5.89,,,,0.0207,0.0207,41.311922,-105.581147,2022,1,17,18
West,Knight Hall,2022-01-17T19:00:00,30.0,30.0,,,0.02,,,,0.0207,0.0207,41.311922,-105.581147,2022,1,17,19
West,Knight Hall,2022-01-17T20:00:00,30.0,30.0,,,,,,,0.0207,0.0207,41.311922,-105.581147,2022,1,17,20
West,Knight Hall,2022-01-17T21:00:00,30.0,30.0,,,,,,,0.0207,0.0207,41.311922,-105.581147,2022,1,17,21
West,Knight Hall,2022-01-17T22:00:00,20.0,20.0,,,,,,,0.0138,0.0138,41.311922,-105.581147,2022,1,17,22
West,Knight Hall,2022-01-17T23:00:00,30.0,30.0,,,,,,,0.0207,0.0207,41.311922,-105.581147,2022,1,17,23
West,Knight Hall,2022-01-18T00:00:00,30.0,30.0,,,,,,,0.0207,0.0207,41.311922,-105.581147,2022,1,18,0
West,Knight Hall,2022-01-18T01:00:00,30.0,30.0,,,,,,,0.0207,0.0207,41.311922,-105.581147,2022,1,18,1
West,Knight Hall,2022-01-18T02:00:00,20.0,30.0,,,,,,,0.0138,0.0207,41.311922,-105.581147,2022,1,18,2
West,Knight Hall,2022-01-18T03:00:00,30.0,30.0,,,,,,,0.0207,0.0207,41.311922,-105.581147,2022,1,18,3
West,Knight Hall,2022-01-18T04:00:00,30.0,20.0,,,0.11,,,,0.0207,0.0138,41.311922,-105.581147,2022,1,18,4
West,Knight Hall,2022-01-18T05:00:00,40.0,40.0,,,10.37,,,,0.0276,0.0276,41.311922,-105.581147,2022,1,18,5
West,Knight Hall,2022-01-18T06:00:00,20.0,30.0,,,23.54,,,,0.0138,0.0207,41.311922,-105.581147,2022,1,18,6
West,Knight Hall,2022-01-18T07:00:00,50.0,30.0,,,83.23,,,,0.034499999999999996,0.0207,41.311922,-105.581147,2022,1,18,7
West,Knight Hall,2022-01-18T08:00:00,60.0,30.0,,,195.02,,,,0.0414,0.0207,41.311922,-105.581147,2022,1,18,8
West,Knight Hall,2022-01-18T09:00:00,,40.0,,,167.72,,,,,0.0276,41.311922,-105.581147,2022,1,18,9
West,Knight Hall,2022-01-18T10:00:00,60.0,30.0,,,120.22,,,,0.0414,0.0207,41.311922,-105.581147,2022,1,18,10
West,Knight Hall,2022-01-18T11:00:00,,40.0,,,117.44,,,,,0.0276,41.311922,-105.581147,2022,1,18,11
West,Knight Hall,2022-01-18T12:00:00,60.0,30.0,,,50.15,,,,0.0414,0.0207,41.311922,-105.581147,2022,1,18,12
West,Knight Hall,2022-01-18T13:00:00,80.0,40.0,,,95.67,,,,0.0552,0.0276,41.311922,-105.581147,2022,1,18,13
West,Knight Hall,2022-01-18T14:00:00,60.0,30.0,,,,,,,0.0414,0.0207,41.311922,-105.581147,2022,1,18,14
West,Knight Hall,2022-01-18T15:00:00,,30.0,,,,,,,,0.0207,41.311922,-105.581147,2022,1,18,15
West,Knight Hall,2022-01-18T16:00:00,50.0,30.0,,,72.51,,,,0.034499999999999996,0.0207,41.311922,-105.581147,2022,1,18,16
West,Knight Hall,2022-01-18T17:00:00,60.0,40.0,,,42.07,,,,0.0414,0.0276,41.311922,-105.581147,2022,1,18,17
West,Knight Hall,2022-01-18T18:00:00,30.0,30.0,,,20.25,,,,0.0207,0.0207,41.311922,-105.581147,2022,1,18,18
West,Knight Hall,2022-01-18T19:00:00,40.0,30.0,,,14.73,,,,0.0276,0.0207,41.311922,-105.581147,2022,1,18,19
West,Knight Hall,2022-01-18T20:00:00,30.0,20.0,,,9.4,,,,0.0207,0.0138,41.311922,-105.581147,2022,1,18,20
West,Knight Hall,2022-01-18T21:00:00,40.0,30.0,,,36.18,,,,0.0276,0.0207,41.311922,-105.581147,2022,1,18,21
West,Knight Hall,2022-01-18T22:00:00,20.0,30.0,,,2.18,,,,0.0138,0.0207,41.311922,-105.581147,2022,1,18,22
West,Knight Hall,2022-01-18T23:00:00,30.0,20.0,,,,,,,0.0207,0.0138,41.311922,-105.581147,2022,1,18,23
West,Knight Hall,2022-01-19T00:00:00,30.0,30.0,,,,,,,0.0207,0.0207,41.311922,-105.581147,2022,1,19,0
West,Knight Hall,2022-01-19T01:00:00,30.0,30.0,,,,,,,0.0207,0.0207,41.311922,-105.581147,2022,1,19,1
West,Knight Hall,2022-01-19T02:00:00,20.0,20.0,,,,,,,0.0138,0.0138,41.311922,-105.581147,2022,1,19,2
West,Knight Hall,2022-01-19T03:00:00,30.0,30.0,,,,,,,0.0207,0.0207,41.311922,-105.581147,2022,1,19,3
West,Knight Hall,2022-01-19T04:00:00,30.0,30.0,,,,,,,0.0207,0.0207,41.311922,-105.581147,2022,1,19,4
West,Knight Hall,2022-01-19T05:00:00,30.0,30.0,,,,,,,0.0207,0.0207,41.311922,-105.581147,2022,1,19,5
West,Knight Hall,2022-01-19T06:00:00,30.0,30.0,,,,,,,0.0207,0.0207,41.311922,-105.581147,2022,1,19,6
West,Knight Hall,2022-01-19T07:00:00,50.0,40.0,,,,,,,0.034499999999999996,0.0276,41.311922,-105.581147,2022,1,19,7
West,Knight Hall,2022-01-19T08:00:00,60.0,70.0,,,,,,,0.0414,0.048299999999999996,41.311922,-105.581147,2022,1,19,8
West,Knight Hall,2022-01-19T09:00:00,,70.0,,,,,,,,0.048299999999999996,41.311922,-105.581147,2022,1,19,9
West,Knight Hall,2022-01-19T10:00:00,60.0,70.0,,,,,,,0.0414,0.048299999999999996,41.311922,-105.581147,2022,1,19,10
West,Knight Hall,2022-01-19T11:00:00,,80.0,,,,,,,,0.0552,41.311922,-105.581147,2022,1,19,11
West,Knight Hall,2022-01-19T12:00:00,60.0,70.0,,,,,,,0.0414,0.048299999999999996,41.311922,-105.581147,2022,1,19,12
West,Knight Hall,2022-01-19T13:00:00,,70.0,,,,,,,,0.048299999999999996,41.311922,-105.581147,2022,1,19,13
West,Knight Hall,2022-01-19T14:00:00,60.0,70.0,,,,,,,0.0414,0.048299999999999996,41.311922,-105.581147,2022,1,19,14
West,Knight Hall,2022-01-19T15:00:00,,70.0,,,,,,,,0.048299999999999996,41.311922,-105.581147,2022,1,19,15
West,Knight Hall,2022-01-19T16:00:00,60.0,60.0,,,,,,,0.0414,0.0414,41.311922,-105.581147,2022,1,19,16
West,Knight Hall,2022-01-19T17:00:00,60.0,50.0,,,,,,,0.0414,0.034499999999999996,41.311922,-105.581147,2022,1,19,17
West,Knight Hall,2022-01-19T18:00:00,30.0,40.0,,,,,,,0.0207,0.0276,41.311922,-105.581147,2022,1,19,18
West,Knight Hall,2022-01-19T19:00:00,50.0,40.0,,,,,,,0.034499999999999996,0.0276,41.311922,-105.581147,2022,1,19,19
West,Knight Hall,2022-01-19T20:00:00,30.0,40.0,,,,,,,0.0207,0.0276,41.311922,-105.581147,2022,1,19,20
West,Knight Hall,2022-01-19T21:00:00,40.0,30.0,,,,,,,0.0276,0.0207,41.311922,-105.581147,2022,1,19,21
West,Knight Hall,2022-01-19T22:00:00,30.0,30.0,,,,,,,0.0207,0.0207,41.311922,-105.581147,2022,1,19,22
West,Knight Hall,2022-01-19T23:00:00,30.0,30.0,,,0.02,,,,0.0207,0.0207,41.311922,-105.581147,2022,1,19,23
West,Knight Hall,2022-01-20T00:00:00,20.0,30.0,,,,,,,0.0138,0.0207,41.311922,-105.581147,2022,1,20,0
West,Knight Hall,2022-01-20T01:00:00,40.0,30.0,,,,,,,0.0276,0.0207,41.311922,-105.581147,2022,1,20,1
West,Knight Hall,2022-01-20T02:00:00,20.0,20.0,,,0.8999999999999999,,,,0.0138,0.0138,41.311922,-105.581147,2022,1,20,2
West,Knight Hall,2022-01-20T03:00:00,30.0,30.0,,,,,,,0.0207,0.0207,41.311922,-105.581147,2022,1,20,3
West,Knight Hall,2022-01-20T04:00:00,30.0,30.0,,,1.4,,,,0.0207,0.0207,41.311922,-105.581147,2022,1,20,4
West,Knight Hall,2022-01-20T05:00:00,30.0,30.0,,,1.25,,,,0.0207,0.0207,41.311922,-105.581147,2022,1,20,5
West,Knight Hall,2022-01-20T06:00:00,30.0,40.0,,,44.59,,,,0.0207,0.0276,41.311922,-105.581147,2022,1,20,6
West,Knight Hall,2022-01-20T07:00:00,50.0,40.0,,,81.78,,,,0.034499999999999996,0.0276,41.311922,-105.581147,2022,1,20,7
West,Knight Hall,2022-01-20T08:00:00,60.0,70.0,,,91.93,,,,0.0414,0.048299999999999996,41.311922,-105.581147,2022,1,20,8
West,Knight Hall,2022-01-20T09:00:00,,70.0,,,,,,,,0.048299999999999996,41.311922,-105.581147,2022,1,20,9
West,Knight Hall,2022-01-20T10:00:00,60.0,70.0,,,,,,,0.0414,0.048299999999999996,41.311922,-105.581147,2022,1,20,10
West,Knight Hall,2022-01-20T11:00:00,,80.0,,,,,,,,0.0552,41.311922,-105.581147,2022,1,20,11
West,Knight Hall,2022-01-20T12:00:00,50.0,70.0,,,63.190000000000005,,,,0.034499999999999996,0.048299999999999996,41.311922,-105.581147,2022,1,20,12
West,Knight Hall,2022-01-20T13:00:00,80.0,70.0,,,217.03,,,,0.0552,0.048299999999999996,41.311922,-105.581147,2022,1,20,13
West,Knight Hall,2022-01-20T14:00:00,60.0,70.0,,,231.45,,,,0.0414,0.048299999999999996,41.311922,-105.581147,2022,1,20,14
West,Knight Hall,2022-01-20T15:00:00,,70.0,,,115.98,,,,,0.048299999999999996,41.311922,-105.581147,2022,1,20,15
West,Knight Hall,2022-01-20T16:00:00,50.0,60.0,,,35.16,,,,0.034499999999999996,0.0414,41.311922,-105.581147,2022,1,20,16
West,Knight Hall,2022-01-20T17:00:00,60.0,60.0,,,55.32,,,,0.0414,0.0414,41.311922,-105.581147,2022,1,20,17
West,Knight Hall,2022-01-20T18:00:00,30.0,40.0,,,8.900000000000002,,,,0.0207,0.0276,41.311922,-105.581147,2022,1,20,18
West,Knight Hall,2022-01-20T19:00:00,50.0,40.0,,,27.14,,,,0.034499999999999996,0.0276,41.311922,-105.581147,2022,1,20,19
West,Knight Hall,2022-01-20T20:00:00,20.0,30.0,,,7.42,,,,0.0138,0.0207,41.311922,-105.581147,2022,1,20,20
West,Knight Hall,2022-01-20T21:00:00,40.0,40.0,,,19.96,,,,0.0276,0.0276,41.311922,-105.581147,2022,1,20,21
West,Knight Hall,2022-01-20T22:00:00,30.0,30.0,,,,,,,0.0207,0.0207,41.311922,-105.581147,2022,1,20,22
West,Knight Hall,2022-01-20T23:00:00,30.0,20.0,,,,,,,0.0207,0.0138,41.311922,-105.581147,2022,1,20,23
West,Knight Hall,2022-01-21T00:00:00,30.0,30.0,,,,,,,0.0207,0.0207,41.311922,-105.581147,2022,1,21,0
West,Knight Hall,2022-01-21T01:00:00,30.0,30.0,,,0.8,,,,0.0207,0.0207,41.311922,-105.581147,2022,1,21,1
West,Knight Hall,2022-01-21T02:00:00,30.0,30.0,,,,,,,0.0207,0.0207,41.311922,-105.581147,2022,1,21,2
West,Knight Hall,2022-01-21T03:00:00,30.0,20.0,,,,,,,0.0207,0.0138,41.311922,-105.581147,2022,1,21,3
West,Knight Hall,2022-01-21T04:00:00,30.0,30.0,,,0.04,,,,0.0207,0.0207,41.311922,-105.581147,2022,1,21,4
West,Knight Hall,2022-01-21T05:00:00,40.0,30.0,,,0.21,,,,0.0276,0.0207,41.311922,-105.581147,2022,1,21,5
West,Knight Hall,2022-01-21T06:00:00,30.0,40.0,,,10.22,,,,0.0207,0.0276,41.311922,-105.581147,2022,1,21,6
West,Knight Hall,2022-01-21T07:00:00,50.0,40.0,,,75.49000000000001,,,,0.034499999999999996,0.0276,41.311922,-105.581147,2022,1,21,7
West,Knight Hall,2022-01-21T08:00:00,60.0,60.0,,,156.49,,,,0.0414,0.0414,41.311922,-105.581147,2022,1,21,8
West,Knight Hall,2022-01-21T09:00:00,80.0,70.0,,,211.64,,,,0.0552,0.048299999999999996,41.311922,-105.581147,2022,1,21,9
West,Knight Hall,2022-01-21T10:00:00,60.0,80.0,,,144.63,,,,0.0414,0.0552,41.311922,-105.581147,2022,1,21,10
West,Knight Hall,2022-01-21T11:00:00,,70.0,,,136.48,,,,,0.048299999999999996,41.311922,-105.581147,2022,1,21,11
West,Knight Hall,2022-01-21T12:00:00,60.0,70.0,,,84.6,,,,0.0414,0.048299999999999996,41.311922,-105.581147,2022,1,21,12
West,Knight Hall,2022-01-21T13:00:00,80.0,70.0,,,100.24,,,,0.0552,0.048299999999999996,41.311922,-105.581147,2022,1,21,13
West,Knight Hall,2022-01-21T14:00:00,60.0,80.0,,,93.08,,,,0.0414,0.0552,41.311922,-105.581147,2022,1,21,14
West,Knight Hall,2022-01-21T15:00:00,80.0,70.0,,,85.44,,,,0.0552,0.048299999999999996,41.311922,-105.581147,2022,1,21,15
West,Knight Hall,2022-01-21T16:00:00,60.0,70.0,,,37.73,,,,0.0414,0.048299999999999996,41.311922,-105.581147,2022,1,21,16
West,Knight Hall,2022-01-21T17:00:00,60.0,50.0,,,33.05,,,,0.0414,0.034499999999999996,41.311922,-105.581147,2022,1,21,17
West,Knight Hall,2022-01-21T18:00:00,40.0,40.0,,,5.56,,,,0.0276,0.0276,41.311922,-105.581147,2022,1,21,18
West,Knight Hall,2022-01-21T19:00:00,40.0,40.0,,,38.72,,,,0.0276,0.0276,41.311922,-105.581147,2022,1,21,19
West,Knight Hall,2022-01-21T20:00:00,30.0,30.0,,,44.14,,,,0.0207,0.0207,41.311922,-105.581147,2022,1,21,20
West,Knight Hall,2022-01-21T21:00:00,40.0,30.0,,,10.11,,,,0.0276,0.0207,41.311922,-105.581147,2022,1,21,21
West,Knight Hall,2022-01-21T22:00:00,30.0,40.0,,,1.5100000000000002,,,,0.0207,0.0276,41.311922,-105.581147,2022,1,21,22
West,Knight Hall,2022-01-21T23:00:00,30.0,20.0,,,,,,,0.0207,0.0138,41.311922,-105.581147,2022,1,21,23
West,Knight Hall,2022-01-22T00:00:00,20.0,30.0,,,,,,,0.0138,0.0207,41.311922,-105.581147,2022,1,22,0
West,Knight Hall,2022-01-22T01:00:00,40.0,30.0,,,,,,,0.0276,0.0207,41.311922,-105.581147,2022,1,22,1
West,Knight Hall,2022-01-22T02:00:00,20.0,30.0,,,0.56,,,,0.0138,0.0207,41.311922,-105.581147,2022,1,22,2
West,Knight Hall,2022-01-22T03:00:00,30.0,20.0,,,,,,,0.0207,0.0138,41.311922,-105.581147,2022,1,22,3
West,Knight Hall,2022-01-22T04:00:00,20.0,30.0,,,,,,,0.0138,0.0207,41.311922,-105.581147,2022,1,22,4
West,Knight Hall,2022-01-22T05:00:00,30.0,30.0,,,2.0700000000000003,,,,0.0207,0.0207,41.311922,-105.581147,2022,1,22,5
West,Knight Hall,2022-01-22T06:00:00,30.0,30.0,,,0.54,,,,0.0207,0.0207,41.311922,-105.581147,2022,1,22,6
West,Knight Hall,2022-01-22T07:00:00,30.0,50.0,,,0.88,,,,0.0207,0.034499999999999996,41.311922,-105.581147,2022,1,22,7
West,Knight Hall,2022-01-22T08:00:00,20.0,60.0,,,2.1100000000000003,,,,0.0138,0.0414,41.311922,-105.581147,2022,1,22,8
West,Knight Hall,2022-01-22T09:00:00,40.0,70.0,,,0.95,,,,0.0276,0.048299999999999996,41.311922,-105.581147,2022,1,22,9
West,Knight Hall,2022-01-22T10:00:00,20.0,70.0,,,4.92,,,,0.0138,0.048299999999999996,41.311922,-105.581147,2022,1,22,10
West,Knight Hall,2022-01-22T11:00:00,30.0,80.0,,,0.04,,,,0.0207,0.0552,41.311922,-105.581147,2022,1,22,11
West,Knight Hall,2022-01-22T12:00:00,30.0,60.0,,,0.63,,,,0.0207,0.0414,41.311922,-105.581147,2022,1,22,12
West,Knight Hall,2022-01-22T13:00:00,40.0,70.0,,,1.66,,,,0.0276,0.048299999999999996,41.311922,-105.581147,2022,1,22,13
West,Knight Hall,2022-01-22T14:00:00,20.0,70.0,,,0.54,,,,0.0138,0.048299999999999996,41.311922,-105.581147,2022,1,22,14
West,Knight Hall,2022-01-22T15:00:00,40.0,60.0,,,1.79,,,,0.0276,0.0414,41.311922,-105.581147,2022,1,22,15
West,Knight Hall,2022-01-22T16:00:00,20.0,70.0,,,0.13,,,,0.0138,0.048299999999999996,41.311922,-105.581147,2022,1,22,16
West,Knight Hall,2022-01-22T17:00:00,30.0,40.0,,,0.26,,,,0.0207,0.0276,41.311922,-105.581147,2022,1,22,17
West,Knight Hall,2022-01-22T18:00:00,20.0,40.0,,,1.5500000000000005,,,,0.0138,0.0276,41.311922,-105.581147,2022,1,22,18
West,Knight Hall,2022-01-22T19:00:00,30.0,40.0,,,,,,,0.0207,0.0276,41.311922,-105.581147,2022,1,22,19
West,Knight Hall,2022-01-22T20:00:00,30.0,30.0,,,,,,,0.0207,0.0207,41.311922,-105.581147,2022,1,22,20
West,Knight Hall,2022-01-22T21:00:00,20.0,30.0,,,0.76,,,,0.0138,0.0207,41.311922,-105.581147,2022,1,22,21
West,Knight Hall,2022-01-22T22:00:00,30.0,30.0,,,,,,,0.0207,0.0207,41.311922,-105.581147,2022,1,22,22
West,Knight Hall,2022-01-22T23:00:00,30.0,30.0,,,0.56,,,,0.0207,0.0207,41.311922,-105.581147,2022,1,22,23
West,Knight Hall,2022-01-23T00:00:00,20.0,30.0,,,1.25,,,,0.0138,0.0207,41.311922,-105.581147,2022,1,23,0
West,Knight Hall,2022-01-23T01:00:00,30.0,20.0,,,,,,,0.0207,0.0138,41.311922,-105.581147,2022,1,23,1
West,Knight Hall,2022-01-23T02:00:00,30.0,30.0,,,,,,,0.0207,0.0207,41.311922,-105.581147,2022,1,23,2
West,Knight Hall,2022-01-23T03:00:00,30.0,30.0,,,0.56,,,,0.0207,0.0207,41.311922,-105.581147,2022,1,23,3
West,Knight Hall,2022-01-23T04:00:00,20.0,20.0,,,,,,,0.0138,0.0138,41.311922,-105.581147,2022,1,23,4
West,Knight Hall,2022-01-23T05:00:00,30.0,30.0,,,,,,,0.0207,0.0207,41.311922,-105.581147,2022,1,23,5
West,Knight Hall,2022-01-23T06:00:00,20.0,30.0,,,,,,,0.0138,0.0207,41.311922,-105.581147,2022,1,23,6
West,Knight Hall,2022-01-23T07:00:00,40.0,30.0,,,,,,,0.0276,0.0207,41.311922,-105.581147,2022,1,23,7
West,Knight Hall,2022-01-23T08:00:00,20.0,30.0,,,,,,,0.0138,0.0207,41.311922,-105.581147,2022,1,23,8
West,Knight Hall,2022-01-23T09:00:00,30.0,30.0,,,1.7,,,,0.0207,0.0207,41.311922,-105.581147,2022,1,23,9
West,Knight Hall,2022-01-23T10:00:00,30.0,,,,0.88,,,,0.0207,,41.311922,-105.581147,2022,1,23,10
West,Knight Hall,2022-01-23T11:00:00,30.0,,,,0.86,,,,0.0207,,41.311922,-105.581147,2022,1,23,11
West,Knight Hall,2022-01-23T12:00:00,30.0,,,,0.13,,,,0.0207,,41.311922,-105.581147,2022,1,23,12
West,Knight Hall,2022-01-23T13:00:00,30.0,,,,0.06,,,,0.0207,,41.311922,-105.581147,2022,1,23,13
West,Knight Hall,2022-01-23T14:00:00,20.0,,,,0.6200000000000001,,,,0.0138,,41.311922,-105.581147,2022,1,23,14
West,Knight Hall,2022-01-23T15:00:00,40.0,,,,,,,,0.0276,,41.311922,-105.581147,2022,1,23,15
West,Knight Hall,2022-01-23T16:00:00,20.0,,,,,,,,0.0138,,41.311922,-105.581147,2022,1,23,16
West,Knight Hall,2022-01-23T17:00:00,30.0,,,,0.8999999999999999,,,,0.0207,,41.311922,-105.581147,2022,1,23,17
West,Knight Hall,2022-01-23T18:00:00,30.0,,,,3.1900000000000004,,,,0.0207,,41.311922,-105.581147,2022,1,23,18
West,Knight Hall,2022-01-23T19:00:00,30.0,,,,0.15,,,,0.0207,,41.311922,-105.581147,2022,1,23,19
West,Knight Hall,2022-01-23T20:00:00,20.0,,,,0.6,,,,0.0138,,41.311922,-105.581147,2022,1,23,20
West,Knight Hall,2022-01-23T21:00:00,40.0,,,,1.27,,,,0.0276,,41.311922,-105.581147,2022,1,23,21
West,Knight Hall,2022-01-23T22:00:00,20.0,,,,,,,,0.0138,,41.311922,-105.581147,2022,1,23,22
West,Knight Hall,2022-01-23T23:00:00,30.0,,,,,,,,0.0207,,41.311922,-105.581147,2022,1,23,23
West,Knight Hall,2022-01-24T00:00:00,20.0,30.0,,,,,,,0.0138,0.0207,41.311922,-105.581147,2022,1,24,0
West,Knight Hall,2022-01-24T01:00:00,40.0,30.0,,,0.5800000000000001,,,,0.0276,0.0207,41.311922,-105.581147,2022,1,24,1
West,Knight Hall,2022-01-24T02:00:00,20.0,30.0,,,,,,,0.0138,0.0207,41.311922,-105.581147,2022,1,24,2
West,Knight Hall,2022-01-24T03:00:00,30.0,30.0,,,,,,,0.0207,0.0207,41.311922,-105.581147,2022,1,24,3
West,Knight Hall,2022-01-24T04:00:00,30.0,30.0,,,0.17,,,,0.0207,0.0207,41.311922,-105.581147,2022,1,24,4
West,Knight Hall,2022-01-24T05:00:00,30.0,20.0,,,0.02,,,,0.0207,0.0138,41.311922,-105.581147,2022,1,24,5
West,Knight Hall,2022-01-24T06:00:00,30.0,30.0,,,32.39,,,,0.0207,0.0207,41.311922,-105.581147,2022,1,24,6
West,Knight Hall,2022-01-24T07:00:00,50.0,30.0,,,96.57,,,,0.034499999999999996,0.0207,41.311922,-105.581147,2022,1,24,7
West,Knight Hall,2022-01-24T08:00:00,60.0,30.0,,,,,,,0.0414,0.0207,41.311922,-105.581147,2022,1,24,8
West,Knight Hall,2022-01-24T09:00:00,80.0,30.0,,,,,,,0.0552,0.0207,41.311922,-105.581147,2022,1,24,9
West,Knight Hall,2022-01-24T10:00:00,70.0,30.0,,,185.25,,,,0.048299999999999996,0.0207,41.311922,-105.581147,2022,1,24,10
West,Knight Hall,2022-01-24T11:00:00,80.0,30.0,,,225.2,,,,0.0552,0.0207,41.311922,-105.581147,2022,1,24,11
West,Knight Hall,2022-01-24T12:00:00,60.0,30.0,,,,,,,0.0414,0.0207,41.311922,-105.581147,2022,1,24,12
West,Knight Hall,2022-01-24T13:00:00,,40.0,,,,,,,,0.0276,41.311922,-105.581147,2022,1,24,13
West,Knight Hall,2022-01-24T14:00:00,60.0,30.0,,,,,,,0.0414,0.0207,41.311922,-105.581147,2022,1,24,14
West,Knight Hall,2022-01-24T15:00:00,80.0,30.0,,,109.34,,,,0.0552,0.0207,41.311922,-105.581147,2022,1,24,15
West,Knight Hall,2022-01-24T16:00:00,60.0,30.0,,,,,,,0.0414,0.0207,41.311922,-105.581147,2022,1,24,16
West,Knight Hall,2022-01-24T17:00:00,50.0,20.0,,,32.53000000000001,,,,0.034499999999999996,0.0138,41.311922,-105.581147,2022,1,24,17
West,Knight Hall,2022-01-24T18:00:00,40.0,30.0,,,21.52,,,,0.0276,0.0207,41.311922,-105.581147,2022,1,24,18
West,Knight Hall,2022-01-24T19:00:00,40.0,30.0,,,27.92,,,,0.0276,0.0207,41.311922,-105.581147,2022,1,24,19
West,Knight Hall,2022-01-24T20:00:00,30.0,30.0,,,22.79,,,,0.0207,0.0207,41.311922,-105.581147,2022,1,24,20
West,Knight Hall,2022-01-24T21:00:00,30.0,30.0,,,4.460000000000001,,,,0.0207,0.0207,41.311922,-105.581147,2022,1,24,21
West,Knight Hall,2022-01-24T22:00:00,30.0,30.0,,,,,,,0.0207,0.0207,41.311922,-105.581147,2022,1,24,22
West,Knight Hall,2022-01-24T23:00:00,30.0,30.0,,,1.4700000000000002,,,,0.0207,0.0207,41.311922,-105.581147,2022,1,24,23
West,Knight Hall,2022-01-25T00:00:00,20.0,20.0,,,0.02,,,,0.0138,0.0138,41.311922,-105.581147,2022,1,25,0
West,Knight Hall,2022-01-25T01:00:00,40.0,30.0,,,0.88,,,,0.0276,0.0207,41.311922,-105.581147,2022,1,25,1
West,Knight Hall,2022-01-25T02:00:00,20.0,30.0,,,,,,,0.0138,0.0207,41.311922,-105.581147,2022,1,25,2
West,Knight Hall,2022-01-25T03:00:00,40.0,30.0,,,,,,,0.0276,0.0207,41.311922,-105.581147,2022,1,25,3
West,Knight Hall,2022-01-25T04:00:00,30.0,30.0,,,0.32,,,,0.0207,0.0207,41.311922,-105.581147,2022,1,25,4
West,Knight Hall,2022-01-25T05:00:00,30.0,30.0,,,6.300000000000001,,,,0.0207,0.0207,41.311922,-105.581147,2022,1,25,5
West,Knight Hall,2022-01-25T06:00:00,30.0,40.0,,,46.46,,,,0.0207,0.0276,41.311922,-105.581147,2022,1,25,6
West,Knight Hall,2022-01-25T07:00:00,50.0,50.0,,,95.84,,,,0.034499999999999996,0.034499999999999996,41.311922,-105.581147,2022,1,25,7
West,Knight Hall,2022-01-25T08:00:00,70.0,70.0,,,157.39,,,,0.048299999999999996,0.048299999999999996,41.311922,-105.581147,2022,1,25,8
West,Knight Hall,2022-01-25T09:00:00,,70.0,,,197.32,,,,,0.048299999999999996,41.311922,-105.581147,2022,1,25,9
West,Knight Hall,2022-01-25T10:00:00,70.0,70.0,,,132.49,,,,0.048299999999999996,0.048299999999999996,41.311922,-105.581147,2022,1,25,10
West,Knight Hall,2022-01-25T11:00:00,,80.0,,,110.8,,,,,0.0552,41.311922,-105.581147,2022,1,25,11
West,Knight Hall,2022-01-25T12:00:00,60.0,70.0,,,131.54,,,,0.0414,0.048299999999999996,41.311922,-105.581147,2022,1,25,12
West,Knight Hall,2022-01-25T13:00:00,,70.0,,,141.78,,,,,0.048299999999999996,41.311922,-105.581147,2022,1,25,13
West,Knight Hall,2022-01-25T14:00:00,60.0,70.0,,,89.49999999999999,,,,0.0414,0.048299999999999996,41.311922,-105.581147,2022,1,25,14
West,Knight Hall,2022-01-25T15:00:00,,70.0,,,161.62,,,,,0.048299999999999996,41.311922,-105.581147,2022,1,25,15
West,Knight Hall,2022-01-25T16:00:00,60.0,70.0,,,163.71,,,,0.0414,0.048299999999999996,41.311922,-105.581147,2022,1,25,16
West,Knight Hall,2022-01-25T17:00:00,50.0,50.0,,,79.94999999999999,,,,0.034499999999999996,0.034499999999999996,41.311922,-105.581147,2022,1,25,17
West,Knight Hall,2022-01-25T18:00:00,30.0,40.0,,,42.56,,,,0.0207,0.0276,41.311922,-105.581147,2022,1,25,18
West,Knight Hall,2022-01-25T19:00:00,40.0,30.0,,,22.94,,,,0.0276,0.0207,41.311922,-105.581147,2022,1,25,19
West,Knight Hall,2022-01-25T20:00:00,30.0,40.0,,,49.89,,,,0.0207,0.0276,41.311922,-105.581147,2022,1,25,20
West,Knight Hall,2022-01-25T21:00:00,40.0,30.0,,,13.02,,,,0.0276,0.0207,41.311922,-105.581147,2022,1,25,21
West,Knight Hall,2022-01-25T22:00:00,20.0,40.0,,,12.79,,,,0.0138,0.0276,41.311922,-105.581147,2022,1,25,22
West,Knight Hall,2022-01-25T23:00:00,30.0,20.0,,,11.62,,,,0.0207,0.0138,41.311922,-105.581147,2022,1,25,23
West,Knight Hall,2022-01-26T00:00:00,30.0,30.0,,,11.26,,,,0.0207,0.0207,41.311922,-105.581147,2022,1,26,0
West,Knight Hall,2022-01-26T01:00:00,30.0,30.0,,,9.29,,,,0.0207,0.0207,41.311922,-105.581147,2022,1,26,1
West,Knight Hall,2022-01-26T02:00:00,20.0,20.0,,,10.07,,,,0.0138,0.0138,41.311922,-105.581147,2022,1,26,2
West,Knight Hall,2022-01-26T03:00:00,30.0,30.0,,,9.16,,,,0.0207,0.0207,41.311922,-105.581147,2022,1,26,3
West,Knight Hall,2022-01-26T04:00:00,30.0,30.0,,,8.129999999999999,,,,0.0207,0.0207,41.311922,-105.581147,2022,1,26,4
West,Knight Hall,2022-01-26T05:00:00,30.0,30.0,,,16.08,,,,0.0207,0.0207,41.311922,-105.581147,2022,1,26,5
West,Knight Hall,2022-01-26T06:00:00,30.0,30.0,,,24.45,,,,0.0207,0.0207,41.311922,-105.581147,2022,1,26,6
West,Knight Hall,2022-01-26T07:00:00,50.0,40.0,,,82.49,,,,0.034499999999999996,0.0276,41.311922,-105.581147,2022,1,26,7
West,Knight Hall,2022-01-26T08:00:00,60.0,70.0,,,,,,,0.0414,0.048299999999999996,41.311922,-105.581147,2022,1,26,8
West,Knight Hall,2022-01-26T09:00:00,,80.0,,,,,,,,0.0552,41.311922,-105.581147,2022,1,26,9
West,Knight Hall,2022-01-26T10:00:00,70.0,70.0,,,118.93,,,,0.048299999999999996,0.048299999999999996,41.311922,-105.581147,2022,1,26,10
West,Knight Hall,2022-01-26T11:00:00,70.0,80.0,,,174.0,,,,0.048299999999999996,0.0552,41.311922,-105.581147,2022,1,26,11
West,Knight Hall,2022-01-26T12:00:00,70.0,70.0,,,108.21,,,,0.048299999999999996,0.048299999999999996,41.311922,-105.581147,2022,1,26,12
West,Knight Hall,2022-01-26T13:00:00,,70.0,,,101.32,,,,,0.048299999999999996,41.311922,-105.581147,2022,1,26,13
West,Knight Hall,2022-01-26T14:00:00,60.0,70.0,,,81.16,,,,0.0414,0.048299999999999996,41.311922,-105.581147,2022,1,26,14
West,Knight Hall,2022-01-26T15:00:00,70.0,70.0,,,98.73,,,,0.048299999999999996,0.048299999999999996,41.311922,-105.581147,2022,1,26,15
West,Knight Hall,2022-01-26T16:00:00,70.0,70.0,,,88.77000000000001,,,,0.048299999999999996,0.048299999999999996,41.311922,-105.581147,2022,1,26,16
West,Knight Hall,2022-01-26T17:00:00,60.0,50.0,,,68.0,,,,0.0414,0.034499999999999996,41.311922,-105.581147,2022,1,26,17
West,Knight Hall,2022-01-26T18:00:00,30.0,50.0,,,54.33,,,,0.0207,0.034499999999999996,41.311922,-105.581147,2022,1,26,18
West,Knight Hall,2022-01-26T19:00:00,50.0,50.0,,,73.60999999999999,,,,0.034499999999999996,0.034499999999999996,41.311922,-105.581147,2022,1,26,19
West,Knight Hall,2022-01-26T20:00:00,20.0,50.0,,,5.41,,,,0.0138,0.034499999999999996,41.311922,-105.581147,2022,1,26,20
West,Knight Hall,2022-01-26T21:00:00,40.0,30.0,,,0.88,,,,0.0276,0.0207,41.311922,-105.581147,2022,1,26,21
West,Knight Hall,2022-01-26T22:00:00,20.0,40.0,,,,,,,0.0138,0.0276,41.311922,-105.581147,2022,1,26,22
West,Knight Hall,2022-01-26T23:00:00,30.0,30.0,,,,,,,0.0207,0.0207,41.311922,-105.581147,2022,1,26,23
West,Knight Hall,2022-01-27T00:00:00,30.0,20.0,,,0.84,,,,0.0207,0.0138,41.311922,-105.581147,2022,1,27,0
West,Knight Hall,2022-01-27T01:00:00,30.0,30.0,,,0.8,,,,0.0207,0.0207,41.311922,-105.581147,2022,1,27,1
West,Knight Hall,2022-01-27T02:00:00,20.0,30.0,,,,,,,0.0138,0.0207,41.311922,-105.581147,2022,1,27,2
West,Knight Hall,2022-01-27T03:00:00,30.0,30.0,,,,,,,0.0207,0.0207,41.311922,-105.581147,2022,1,27,3
West,Knight Hall,2022-01-27T04:00:00,30.0,30.0,,,1.16,,,,0.0207,0.0207,41.311922,-105.581147,2022,1,27,4
West,Knight Hall,2022-01-27T05:00:00,30.0,30.0,,,0.95,,,,0.0207,0.0207,41.311922,-105.581147,2022,1,27,5
West,Knight Hall,2022-01-27T06:00:00,30.0,30.0,,,19.25,,,,0.0207,0.0207,41.311922,-105.581147,2022,1,27,6
West,Knight Hall,2022-01-27T07:00:00,50.0,40.0,,,57.7,,,,0.034499999999999996,0.0276,41.311922,-105.581147,2022,1,27,7
West,Knight Hall,2022-01-27T08:00:00,60.0,70.0,,,166.19,,,,0.0414,0.048299999999999996,41.311922,-105.581147,2022,1,27,8
West,Knight Hall,2022-01-27T09:00:00,,70.0,,,118.59,,,,,0.048299999999999996,41.311922,-105.581147,2022,1,27,9
West,Knight Hall,2022-01-27T10:00:00,70.0,80.0,,,169.55,,,,0.048299999999999996,0.0552,41.311922,-105.581147,2022,1,27,10
West,Knight Hall,2022-01-27T11:00:00,,70.0,,,203.77,,,,,0.048299999999999996,41.311922,-105.581147,2022,1,27,11
West,Knight Hall,2022-01-27T12:00:00,70.0,70.0,,,,,,,0.048299999999999996,0.048299999999999996,41.311922,-105.581147,2022,1,27,12
West,Knight Hall,2022-01-27T13:00:00,80.0,70.0,,,,,,,0.0552,0.048299999999999996,41.311922,-105.581147,2022,1,27,13
West,Knight Hall,2022-01-27T14:00:00,70.0,70.0,,,,,,,0.048299999999999996,0.048299999999999996,41.311922,-105.581147,2022,1,27,14
West,Knight Hall,2022-01-27T15:00:00,80.0,70.0,,,,,,,0.0552,0.048299999999999996,41.311922,-105.581147,2022,1,27,15
West,Knight Hall,2022-01-27T16:00:00,60.0,70.0,,,194.26,,,,0.0414,0.048299999999999996,41.311922,-105.581147,2022,1,27,16
West,Knight Hall,2022-01-27T17:00:00,60.0,50.0,,,69.73,,,,0.0414,0.034499999999999996,41.311922,-105.581147,2022,1,27,17
West,Knight Hall,2022-01-27T18:00:00,30.0,50.0,,,41.05,,,,0.0207,0.034499999999999996,41.311922,-105.581147,2022,1,27,18
West,Knight Hall,2022-01-27T19:00:00,40.0,40.0,,,1.5500000000000005,,,,0.0276,0.0276,41.311922,-105.581147,2022,1,27,19
West,Knight Hall,2022-01-27T20:00:00,30.0,30.0,,,5.13,,,,0.0207,0.0207,41.311922,-105.581147,2022,1,27,20
West,Knight Hall,2022-01-27T21:00:00,30.0,30.0,,,21.58,,,,0.0207,0.0207,41.311922,-105.581147,2022,1,27,21
West,Knight Hall,2022-01-27T22:00:00,30.0,30.0,,,1.4900000000000002,,,,0.0207,0.0207,41.311922,-105.581147,2022,1,27,22
West,Knight Hall,2022-01-27T23:00:00,30.0,30.0,,,,,,,0.0207,0.0207,41.311922,-105.581147,2022,1,27,23
West,Knight Hall,2022-01-28T00:00:00,30.0,30.0,,,1.14,,,,0.0207,0.0207,41.311922,-105.581147,2022,1,28,0
West,Knight Hall,2022-01-28T01:00:00,30.0,20.0,,,0.78,,,,0.0207,0.0138,41.311922,-105.581147,2022,1,28,1
West,Knight Hall,2022-01-28T02:00:00,20.0,30.0,,,,,,,0.0138,0.0207,41.311922,-105.581147,2022,1,28,2
West,Knight Hall,2022-01-28T03:00:00,40.0,30.0,,,,,,,0.0276,0.0207,41.311922,-105.581147,2022,1,28,3
West,Knight Hall,2022-01-28T04:00:00,20.0,30.0,,,0.86,,,,0.0138,0.0207,41.311922,-105.581147,2022,1,28,4
West,Knight Hall,2022-01-28T05:00:00,40.0,30.0,,,2.28,,,,0.0276,0.0207,41.311922,-105.581147,2022,1,28,5
West,Knight Hall,2022-01-28T06:00:00,20.0,30.0,,,18.07,,,,0.0138,0.0207,41.311922,-105.581147,2022,1,28,6
West,Knight Hall,2022-01-28T07:00:00,60.0,50.0,,,80.75,,,,0.0414,0.034499999999999996,41.311922,-105.581147,2022,1,28,7
West,Knight Hall,2022-01-28T08:00:00,50.0,60.0,,,138.23000000000002,,,,0.034499999999999996,0.0414,41.311922,-105.581147,2022,1,28,8
West,Knight Hall,2022-01-28T09:00:00,,70.0,,,74.34,,,,,0.048299999999999996,41.311922,-105.581147,2022,1,28,9
West,Knight Hall,2022-01-28T10:00:00,60.0,70.0,,,97.8,,,,0.0414,0.048299999999999996,41.311922,-105.581147,2022,1,28,10
West,Knight Hall,2022-01-28T11:00:00,80.0,70.0,,,110.28,,,,0.0552,0.048299999999999996,41.311922,-105.581147,2022,1,28,11
West,Knight Hall,2022-01-28T12:00:00,50.0,70.0,,,80.31,,,,0.034499999999999996,0.048299999999999996,41.311922,-105.581147,2022,1,28,12
West,Knight Hall,2022-01-28T13:00:00,,70.0,,,202.69,,,,,0.048299999999999996,41.311922,-105.581147,2022,1,28,13
West,Knight Hall,2022-01-28T14:00:00,60.0,70.0,,,181.48,,,,0.0414,0.048299999999999996,41.311922,-105.581147,2022,1,28,14
West,Knight Hall,2022-01-28T15:00:00,80.0,60.0,,,192.0,,,,0.0552,0.0414,41.311922,-105.581147,2022,1,28,15
West,Knight Hall,2022-01-28T16:00:00,60.0,70.0,,,182.77,,,,0.0414,0.048299999999999996,41.311922,-105.581147,2022,1,28,16
West,Knight Hall,2022-01-28T17:00:00,50.0,50.0,,,93.92,,,,0.034499999999999996,0.034499999999999996,41.311922,-105.581147,2022,1,28,17
West,Knight Hall,2022-01-28T18:00:00,30.0,40.0,,,102.03000000000002,,,,0.0207,0.0276,41.311922,-105.581147,2022,1,28,18
West,Knight Hall,2022-01-28T19:00:00,40.0,30.0,,,57.33,,,,0.0276,0.0207,41.311922,-105.581147,2022,1,28,19
West,Knight Hall,2022-01-28T20:00:00,30.0,30.0,,,28.91,,,,0.0207,0.0207,41.311922,-105.581147,2022,1,28,20
West,Knight Hall,2022-01-28T21:00:00,40.0,40.0,,,7.22,,,,0.0276,0.0276,41.311922,-105.581147,2022,1,28,21
West,Knight Hall,2022-01-28T22:00:00,20.0,30.0,,,0.76,,,,0.0138,0.0207,41.311922,-105.581147,2022,1,28,22
West,Knight Hall,2022-01-28T23:00:00,30.0,20.0,,,,,,,0.0207,0.0138,41.311922,-105.581147,2022,1,28,23
West,Knight Hall,2022-01-29T00:00:00,30.0,30.0,,,,,,,0.0207,0.0207,41.311922,-105.581147,2022,1,29,0
West,Knight Hall,2022-01-29T01:00:00,30.0,30.0,,,0.78,,,,0.0207,0.0207,41.311922,-105.581147,2022,1,29,1
West,Knight Hall,2022-01-29T02:00:00,20.0,20.0,,,,,,,0.0138,0.0138,41.311922,-105.581147,2022,1,29,2
West,Knight Hall,2022-01-29T03:00:00,30.0,30.0,,,0.84,,,,0.0207,0.0207,41.311922,-105.581147,2022,1,29,3
West,Knight Hall,2022-01-29T04:00:00,20.0,30.0,,,,,,,0.0138,0.0207,41.311922,-105.581147,2022,1,29,4
West,Knight Hall,2022-01-29T05:00:00,30.0,30.0,,,0.8200000000000001,,,,0.0207,0.0207,41.311922,-105.581147,2022,1,29,5
West,Knight Hall,2022-01-29T06:00:00,30.0,30.0,,,,,,,0.0207,0.0207,41.311922,-105.581147,2022,1,29,6
West,Knight Hall,2022-01-29T07:00:00,30.0,40.0,,,1.6,,,,0.0207,0.0276,41.311922,-105.581147,2022,1,29,7
West,Knight Hall,2022-01-29T08:00:00,20.0,70.0,,,6.859999999999999,,,,0.0138,0.048299999999999996,41.311922,-105.581147,2022,1,29,8
West,Knight Hall,2022-01-29T09:00:00,30.0,70.0,,,0.4499999999999999,,,,0.0207,0.048299999999999996,41.311922,-105.581147,2022,1,29,9
West,Knight Hall,2022-01-29T10:00:00,30.0,80.0,,,1.17,,,,0.0207,0.0552,41.311922,-105.581147,2022,1,29,10
West,Knight Hall,2022-01-29T11:00:00,30.0,70.0,,,1.64,,,,0.0207,0.048299999999999996,41.311922,-105.581147,2022,1,29,11
West,Knight Hall,2022-01-29T12:00:00,30.0,60.0,,,0.54,,,,0.0207,0.0414,41.311922,-105.581147,2022,1,29,12
West,Knight Hall,2022-01-29T13:00:00,30.0,70.0,,,,,,,0.0207,0.048299999999999996,41.311922,-105.581147,2022,1,29,13
West,Knight Hall,2022-01-29T14:00:00,30.0,70.0,,,1.38,,,,0.0207,0.048299999999999996,41.311922,-105.581147,2022,1,29,14
West,Knight Hall,2022-01-29T15:00:00,30.0,70.0,,,2.93,,,,0.0207,0.048299999999999996,41.311922,-105.581147,2022,1,29,15
West,Knight Hall,2022-01-29T16:00:00,20.0,60.0,,,,,,,0.0138,0.0414,41.311922,-105.581147,2022,1,29,16
West,Knight Hall,2022-01-29T17:00:00,30.0,50.0,,,,,,,0.0207,0.034499999999999996,41.311922,-105.581147,2022,1,29,17
West,Knight Hall,2022-01-29T18:00:00,30.0,40.0,,,0.78,,,,0.0207,0.0276,41.311922,-105.581147,2022,1,29,18
West,Knight Hall,2022-01-29T19:00:00,30.0,40.0,,,,,,,0.0207,0.0276,41.311922,-105.581147,2022,1,29,19
West,Knight Hall,2022-01-29T20:00:00,20.0,30.0,,,,,,,0.0138,0.0207,41.311922,-105.581147,2022,1,29,20
West,Knight Hall,2022-01-29T21:00:00,30.0,40.0,,,,,,,0.0207,0.0276,41.311922,-105.581147,2022,1,29,21
West,Knight Hall,2022-01-29T22:00:00,20.0,30.0,,,,,,,0.0138,0.0207,41.311922,-105.581147,2022,1,29,22
West,Knight Hall,2022-01-29T23:00:00,30.0,30.0,,,0.86,,,,0.0207,0.0207,41.311922,-105.581147,2022,1,29,23
West,Knight Hall,2022-01-30T00:00:00,30.0,30.0,,,,,,,0.0207,0.0207,41.311922,-105.581147,2022,1,30,0
West,Knight Hall,2022-01-30T01:00:00,30.0,20.0,,,,,,,0.0207,0.0138,41.311922,-105.581147,2022,1,30,1
West,Knight Hall,2022-01-30T02:00:00,20.0,30.0,,,,,,,0.0138,0.0207,41.311922,-105.581147,2022,1,30,2
West,Knight Hall,2022-01-30T03:00:00,30.0,30.0,,,,,,,0.0207,0.0207,41.311922,-105.581147,2022,1,30,3
West,Knight Hall,2022-01-30T04:00:00,20.0,20.0,,,,,,,0.0138,0.0138,41.311922,-105.581147,2022,1,30,4
West,Knight Hall,2022-01-30T05:00:00,30.0,30.0,,,0.8200000000000001,,,,0.0207,0.0207,41.311922,-105.581147,2022,1,30,5
West,Knight Hall,2022-01-30T06:00:00,30.0,30.0,,,,,,,0.0207,0.0207,41.311922,-105.581147,2022,1,30,6
West,Knight Hall,2022-01-30T07:00:00,30.0,20.0,,,,,,,0.0207,0.0138,41.311922,-105.581147,2022,1,30,7
West,Knight Hall,2022-01-30T08:00:00,20.0,30.0,,,0.39,,,,0.0138,0.0207,41.311922,-105.581147,2022,1,30,8
West,Knight Hall,2022-01-30T09:00:00,40.0,30.0,,,,,,,0.0276,0.0207,41.311922,-105.581147,2022,1,30,9
West,Knight Hall,2022-01-30T10:00:00,20.0,40.0,,,,,,,0.0138,0.0276,41.311922,-105.581147,2022,1,30,10
West,Knight Hall,2022-01-30T11:00:00,30.0,30.0,,,,,,,0.0207,0.0207,41.311922,-105.581147,2022,1,30,11
West,Knight Hall,2022-01-30T12:00:00,30.0,30.0,,,0.11,,,,0.0207,0.0207,41.311922,-105.581147,2022,1,30,12
West,Knight Hall,2022-01-30T13:00:00,30.0,30.0,,,1.75,,,,0.0207,0.0207,41.311922,-105.581147,2022,1,30,13
West,Knight Hall,2022-01-30T14:00:00,30.0,30.0,,,7.52,,,,0.0207,0.0207,41.311922,-105.581147,2022,1,30,14
West,Knight Hall,2022-01-30T15:00:00,30.0,30.0,,,0.02,,,,0.0207,0.0207,41.311922,-105.581147,2022,1,30,15
West,Knight Hall,2022-01-30T16:00:00,20.0,20.0,,,4.05,,,,0.0138,0.0138,41.311922,-105.581147,2022,1,30,16
West,Knight Hall,2022-01-30T17:00:00,30.0,30.0,,,0.04,,,,0.0207,0.0207,41.311922,-105.581147,2022,1,30,17
West,Knight Hall,2022-01-30T18:00:00,20.0,30.0,,,0.02,,,,0.0138,0.0207,41.311922,-105.581147,2022,1,30,18
West,Knight Hall,2022-01-30T19:00:00,40.0,20.0,,,3.75,,,,0.0276,0.0138,41.311922,-105.581147,2022,1,30,19
West,Knight Hall,2022-01-30T20:00:00,20.0,30.0,,,0.86,,,,0.0138,0.0207,41.311922,-105.581147,2022,1,30,20
West,Knight Hall,2022-01-30T21:00:00,30.0,30.0,,,,,,,0.0207,0.0207,41.311922,-105.581147,2022,1,30,21
West,Knight Hall,2022-01-30T22:00:00,20.0,30.0,,,,,,,0.0138,0.0207,41.311922,-105.581147,2022,1,30,22
West,Knight Hall,2022-01-30T23:00:00,30.0,20.0,,,,,,,0.0207,0.0138,41.311922,-105.581147,2022,1,30,23
West,Knight Hall,2022-01-31T00:00:00,30.0,30.0,,,1.27,,,,0.0207,0.0207,41.311922,-105.581147,2022,1,31,0
West,Knight Hall,2022-01-31T01:00:00,30.0,30.0,,,,,,,0.0207,0.0207,41.311922,-105.581147,2022,1,31,1
West,Knight Hall,2022-01-31T02:00:00,20.0,30.0,,,0.8,,,,0.0138,0.0207,41.311922,-105.581147,2022,1,31,2
West,Knight Hall,2022-01-31T03:00:00,40.0,20.0,,,,,,,0.0276,0.0138,41.311922,-105.581147,2022,1,31,3
West,Knight Hall,2022-01-31T04:00:00,20.0,30.0,,,0.26,,,,0.0138,0.0207,41.311922,-105.581147,2022,1,31,4
West,Knight Hall,2022-01-31T05:00:00,40.0,30.0,,,0.11,,,,0.0276,0.0207,41.311922,-105.581147,2022,1,31,5
West,Knight Hall,2022-01-31T06:00:00,20.0,30.0,,,58.64,,,,0.0138,0.0207,41.311922,-105.581147,2022,1,31,6
West,Knight Hall,2022-01-31T07:00:00,60.0,20.0,,,89.29999999999998,,,,0.0414,0.0138,41.311922,-105.581147,2022,1,31,7
West,Knight Hall,2022-01-31T08:00:00,60.0,30.0,,,177.19,,,,0.0414,0.0207,41.311922,-105.581147,2022,1,31,8
West,Knight Hall,2022-01-31T09:00:00,80.0,30.0,,,,,,,0.0552,0.0207,41.311922,-105.581147,2022,1,31,9
West,Knight Hall,2022-01-31T10:00:00,70.0,40.0,,,,,,,0.048299999999999996,0.0276,41.311922,-105.581147,2022,1,31,10
West,Knight Hall,2022-01-31T11:00:00,80.0,30.0,,,125.31,,,,0.0552,0.0207,41.311922,-105.581147,2022,1,31,11
West,Knight Hall,2022-01-31T12:00:00,60.0,30.0,,,107.16,,,,0.0414,0.0207,41.311922,-105.581147,2022,1,31,12
West,Knight Hall,2022-01-31T13:00:00,80.0,30.0,,,81.07,,,,0.0552,0.0207,41.311922,-105.581147,2022,1,31,13
West,Knight Hall,2022-01-31T14:00:00,60.0,30.0,,,90.28,,,,0.0414,0.0207,41.311922,-105.581147,2022,1,31,14
West,Knight Hall,2022-01-31T15:00:00,80.0,30.0,,,93.34,,,,0.0552,0.0207,41.311922,-105.581147,2022,1,31,15
West,Knight Hall,2022-01-31T16:00:00,60.0,30.0,,,29.43,,,,0.0414,0.0207,41.311922,-105.581147,2022,1,31,16
West,Knight Hall,2022-01-31T17:00:00,50.0,20.0,,,15.07,,,,0.034499999999999996,0.0138,41.311922,-105.581147,2022,1,31,17
West,Knight Hall,2022-01-31T18:00:00,30.0,30.0,,,2.2,,,,0.0207,0.0207,41.311922,-105.581147,2022,1,31,18
West,Knight Hall,2022-01-31T19:00:00,50.0,30.0,,,28.12,,,,0.034499999999999996,0.0207,41.311922,-105.581147,2022,1,31,19
West,Knight Hall,2022-01-31T20:00:00,30.0,30.0,,,1.1,,,,0.0207,0.0207,41.311922,-105.581147,2022,1,31,20
West,Knight Hall,2022-01-31T21:00:00,30.0,30.0,,,5.430000000000001,,,,0.0207,0.0207,41.311922,-105.581147,2022,1,31,21
West,Knight Hall,2022-01-31T22:00:00,30.0,20.0,,,0.5800000000000001,,,,0.0207,0.0138,41.311922,-105.581147,2022,1,31,22
West,Knight Hall,2022-01-31T23:00:00,30.0,30.0,,,,,,,0.0207,0.0207,41.311922,-105.581147,2022,1,31,23
West,Knight Hall,2022-02-01T00:00:00,20.0,30.0,,,,,,,0.0138,0.0207,41.311922,-105.581147,2022,2,1,0
West,Knight Hall,2022-02-01T01:00:00,40.0,30.0,,,0.8,,,,0.0276,0.0207,41.311922,-105.581147,2022,2,1,1
West,Knight Hall,2022-02-01T02:00:00,20.0,20.0,,,,,,,0.0138,0.0138,41.311922,-105.581147,2022,2,1,2
West,Knight Hall,2022-02-01T03:00:00,30.0,30.0,,,,,,,0.0207,0.0207,41.311922,-105.581147,2022,2,1,3
West,Knight Hall,2022-02-01T04:00:00,30.0,30.0,,,,,,,0.0207,0.0207,41.311922,-105.581147,2022,2,1,4
West,Knight Hall,2022-02-01T05:00:00,30.0,30.0,,,0.09,,,,0.0207,0.0207,41.311922,-105.581147,2022,2,1,5
West,Knight Hall,2022-02-01T06:00:00,30.0,40.0,,,29.41,,,,0.0207,0.0276,41.311922,-105.581147,2022,2,1,6
West,Knight Hall,2022-02-01T07:00:00,60.0,40.0,,,105.28,,,,0.0414,0.0276,41.311922,-105.581147,2022,2,1,7
West,Knight Hall,2022-02-01T08:00:00,50.0,70.0,,,110.41,,,,0.034499999999999996,0.048299999999999996,41.311922,-105.581147,2022,2,1,8
West,Knight Hall,2022-02-01T09:00:00,70.0,80.0,,,219.21,,,,0.048299999999999996,0.0552,41.311922,-105.581147,2022,2,1,9
West,Knight Hall,2022-02-01T10:00:00,80.0,80.0,,,124.04,,,,0.0552,0.0552,41.311922,-105.581147,2022,2,1,10
West,Knight Hall,2022-02-01T11:00:00,80.0,70.0,,,,,,,0.0552,0.048299999999999996,41.311922,-105.581147,2022,2,1,11
West,Knight Hall,2022-02-01T12:00:00,60.0,70.0,,,,,,,0.0414,0.048299999999999996,41.311922,-105.581147,2022,2,1,12
West,Knight Hall,2022-02-01T13:00:00,,60.0,,,,,,,,0.0414,41.311922,-105.581147,2022,2,1,13
West,Knight Hall,2022-02-01T14:00:00,60.0,70.0,,,,,,,0.0414,0.048299999999999996,41.311922,-105.581147,2022,2,1,14
West,Knight Hall,2022-02-01T15:00:00,80.0,70.0,,,95.52,,,,0.0552,0.048299999999999996,41.311922,-105.581147,2022,2,1,15
West,Knight Hall,2022-02-01T16:00:00,60.0,70.0,,,95.51,,,,0.0414,0.048299999999999996,41.311922,-105.581147,2022,2,1,16
West,Knight Hall,2022-02-01T17:00:00,50.0,50.0,,,20.14,,,,0.034499999999999996,0.034499999999999996,41.311922,-105.581147,2022,2,1,17
West,Knight Hall,2022-02-01T18:00:00,30.0,40.0,,,2.91,,,,0.0207,0.0276,41.311922,-105.581147,2022,2,1,18
West,Knight Hall,2022-02-01T19:00:00,40.0,40.0,,,27.88,,,,0.0276,0.0276,41.311922,-105.581147,2022,2,1,19
West,Knight Hall,2022-02-01T20:00:00,30.0,30.0,,,9.12,,,,0.0207,0.0207,41.311922,-105.581147,2022,2,1,20
West,Knight Hall,2022-02-01T21:00:00,40.0,30.0,,,13.2,,,,0.0276,0.0207,41.311922,-105.581147,2022,2,1,21
West,Knight Hall,2022-02-01T22:00:00,30.0,30.0,,,9.29,,,,0.0207,0.0207,41.311922,-105.581147,2022,2,1,22
West,Knight Hall,2022-02-01T23:00:00,30.0,30.0,,,,,,,0.0207,0.0207,41.311922,-105.581147,2022,2,1,23
West,Knight Hall,2022-02-02T00:00:00,20.0,30.0,,,0.88,,,,0.0138,0.0207,41.311922,-105.581147,2022,2,2,0
West,Knight Hall,2022-02-02T01:00:00,40.0,30.0,,,1.96,,,,0.0276,0.0207,41.311922,-105.581147,2022,2,2,1
West,Knight Hall,2022-02-02T02:00:00,20.0,30.0,,,,,,,0.0138,0.0207,41.311922,-105.581147,2022,2,2,2
West,Knight Hall,2022-02-02T03:00:00,30.0,30.0,,,0.04,,,,0.0207,0.0207,41.311922,-105.581147,2022,2,2,3
West,Knight Hall,2022-02-02T04:00:00,30.0,30.0,,,0.8,,,,0.0207,0.0207,41.311922,-105.581147,2022,2,2,4
West,Knight Hall,2022-02-02T05:00:00,30.0,30.0,,,1.34,,,,0.0207,0.0207,41.311922,-105.581147,2022,2,2,5
West,Knight Hall,2022-02-02T06:00:00,30.0,40.0,,,33.64,,,,0.0207,0.0276,41.311922,-105.581147,2022,2,2,6
West,Knight Hall,2022-02-02T07:00:00,50.0,40.0,,,,,,,0.034499999999999996,0.0276,41.311922,-105.581147,2022,2,2,7
West,Knight Hall,2022-02-02T08:00:00,60.0,70.0,,,114.36,,,,0.0414,0.048299999999999996,41.311922,-105.581147,2022,2,2,8
West,Knight Hall,2022-02-02T09:00:00,,70.0,,,151.6,,,,,0.048299999999999996,41.311922,-105.581147,2022,2,2,9
West,Knight Hall,2022-02-02T10:00:00,60.0,70.0,,,155.8,,,,0.0414,0.048299999999999996,41.311922,-105.581147,2022,2,2,10
West,Knight Hall,2022-02-02T11:00:00,,70.0,,,117.31,,,,,0.048299999999999996,41.311922,-105.581147,2022,2,2,11
West,Knight Hall,2022-02-02T12:00:00,60.0,70.0,,,106.23,,,,0.0414,0.048299999999999996,41.311922,-105.581147,2022,2,2,12
West,Knight Hall,2022-02-02T13:00:00,80.0,70.0,,,79.58,,,,0.0552,0.048299999999999996,41.311922,-105.581147,2022,2,2,13
West,Knight Hall,2022-02-02T14:00:00,70.0,70.0,,,117.57,,,,0.048299999999999996,0.048299999999999996,41.311922,-105.581147,2022,2,2,14
West,Knight Hall,2022-02-02T15:00:00,80.0,70.0,,,87.9,,,,0.0552,0.048299999999999996,41.311922,-105.581147,2022,2,2,15
West,Knight Hall,2022-02-02T16:00:00,60.0,60.0,,,77.19,,,,0.0414,0.0414,41.311922,-105.581147,2022,2,2,16
West,Knight Hall,2022-02-02T17:00:00,50.0,50.0,,,6.84,,,,0.034499999999999996,0.034499999999999996,41.311922,-105.581147,2022,2,2,17
West,Knight Hall,2022-02-02T18:00:00,40.0,50.0,,,18.46,,,,0.0276,0.034499999999999996,41.311922,-105.581147,2022,2,2,18
West,Knight Hall,2022-02-02T19:00:00,50.0,30.0,,,25.81,,,,0.034499999999999996,0.0207,41.311922,-105.581147,2022,2,2,19
West,Knight Hall,2022-02-02T20:00:00,30.0,40.0,,,22.72,,,,0.0207,0.0276,41.311922,-105.581147,2022,2,2,20
West,Knight Hall,2022-02-02T21:00:00,40.0,40.0,,,1.14,,,,0.0276,0.0276,41.311922,-105.581147,2022,2,2,21
West,Knight Hall,2022-02-02T22:00:00,20.0,30.0,,,,,,,0.0138,0.0207,41.311922,-105.581147,2022,2,2,22
West,Knight Hall,2022-02-02T23:00:00,40.0,20.0,,,,,,,0.0276,0.0138,41.311922,-105.581147,2022,2,2,23
West,Knight Hall,2022-02-03T00:00:00,20.0,30.0,,,0.8,,,,0.0138,0.0207,41.311922,-105.581147,2022,2,3,0
West,Knight Hall,2022-02-03T01:00:00,30.0,30.0,,,,,,,0.0207,0.0207,41.311922,-105.581147,2022,2,3,1
West,Knight Hall,2022-02-03T02:00:00,20.0,30.0,,,,,,,0.0138,0.0207,41.311922,-105.581147,2022,2,3,2
West,Knight Hall,2022-02-03T03:00:00,40.0,20.0,,,,,,,0.0276,0.0138,41.311922,-105.581147,2022,2,3,3
West,Knight Hall,2022-02-03T04:00:00,20.0,30.0,,,,,,,0.0138,0.0207,41.311922,-105.581147,2022,2,3,4
West,Knight Hall,2022-02-03T05:00:00,30.0,30.0,,,0.04,,,,0.0207,0.0207,41.311922,-105.581147,2022,2,3,5
West,Knight Hall,2022-02-03T06:00:00,30.0,40.0,,,19.99,,,,0.0207,0.0276,41.311922,-105.581147,2022,2,3,6
West,Knight Hall,2022-02-03T07:00:00,50.0,40.0,,,100.88,,,,0.034499999999999996,0.0276,41.311922,-105.581147,2022,2,3,7
West,Knight Hall,2022-02-03T08:00:00,60.0,60.0,,,119.62,,,,0.0414,0.0414,41.311922,-105.581147,2022,2,3,8
West,Knight Hall,2022-02-03T09:00:00,80.0,70.0,,,119.12,,,,0.0552,0.048299999999999996,41.311922,-105.581147,2022,2,3,9
West,Knight Hall,2022-02-03T10:00:00,80.0,80.0,,,106.73000000000002,,,,0.0552,0.0552,41.311922,-105.581147,2022,2,3,10
West,Knight Hall,2022-02-03T11:00:00,80.0,70.0,,,88.33999999999999,,,,0.0552,0.048299999999999996,41.311922,-105.581147,2022,2,3,11
West,Knight Hall,2022-02-03T12:00:00,60.0,70.0,,,88.33,,,,0.0414,0.048299999999999996,41.311922,-105.581147,2022,2,3,12
West,Knight Hall,2022-02-03T13:00:00,80.0,70.0,,,201.1,,,,0.0552,0.048299999999999996,41.311922,-105.581147,2022,2,3,13
West,Knight Hall,2022-02-03T14:00:00,60.0,80.0,,,175.90999999999997,,,,0.0414,0.0552,41.311922,-105.581147,2022,2,3,14
West,Knight Hall,2022-02-03T15:00:00,,70.0,,,176.56,,,,,0.048299999999999996,41.311922,-105.581147,2022,2,3,15
West,Knight Hall,2022-02-03T16:00:00,60.0,70.0,,,30.53,,,,0.0414,0.048299999999999996,41.311922,-105.581147,2022,2,3,16
West,Knight Hall,2022-02-03T17:00:00,50.0,50.0,,,7.11,,,,0.034499999999999996,0.034499999999999996,41.311922,-105.581147,2022,2,3,17
West,Knight Hall,2022-02-03T18:00:00,40.0,50.0,,,24.92,,,,0.0276,0.034499999999999996,41.311922,-105.581147,2022,2,3,18
West,Knight Hall,2022-02-03T19:00:00,40.0,30.0,,,3.02,,,,0.0276,0.0207,41.311922,-105.581147,2022,2,3,19
West,Knight Hall,2022-02-03T20:00:00,20.0,40.0,,,2.72,,,,0.0138,0.0276,41.311922,-105.581147,2022,2,3,20
West,Knight Hall,2022-02-03T21:00:00,40.0,30.0,,,0.95,,,,0.0276,0.0207,41.311922,-105.581147,2022,2,3,21
West,Knight Hall,2022-02-03T22:00:00,20.0,30.0,,,0.78,,,,0.0138,0.0207,41.311922,-105.581147,2022,2,3,22
West,Knight Hall,2022-02-03T23:00:00,30.0,20.0,,,,,,,0.0207,0.0138,41.311922,-105.581147,2022,2,3,23
West,Knight Hall,2022-02-04T00:00:00,30.0,30.0,,,,,,,0.0207,0.0207,41.311922,-105.581147,2022,2,4,0
West,Knight Hall,2022-02-04T01:00:00,30.0,30.0,,,0.78,,,,0.0207,0.0207,41.311922,-105.581147,2022,2,4,1
West,Knight Hall,2022-02-04T02:00:00,20.0,30.0,,,,,,,0.0138,0.0207,41.311922,-105.581147,2022,2,4,2
West,Knight Hall,2022-02-04T03:00:00,30.0,20.0,,,,,,,0.0207,0.0138,41.311922,-105.581147,2022,2,4,3
West,Knight Hall,2022-02-04T04:00:00,30.0,30.0,,,,,,,0.0207,0.0207,41.311922,-105.581147,2022,2,4,4
West,Knight Hall,2022-02-04T05:00:00,30.0,30.0,,,,,,,0.0207,0.0207,41.311922,-105.581147,2022,2,4,5
West,Knight Hall,2022-02-04T06:00:00,30.0,40.0,,,40.1,,,,0.0207,0.0276,41.311922,-105.581147,2022,2,4,6
West,Knight Hall,2022-02-04T07:00:00,40.0,40.0,,,67.92,,,,0.0276,0.0276,41.311922,-105.581147,2022,2,4,7
West,Knight Hall,2022-02-04T08:00:00,60.0,70.0,,,181.02,,,,0.0414,0.048299999999999996,41.311922,-105.581147,2022,2,4,8
West,Knight Hall,2022-02-04T09:00:00,80.0,70.0,,,,,,,0.0552,0.048299999999999996,41.311922,-105.581147,2022,2,4,9
West,Knight Hall,2022-02-04T10:00:00,70.0,70.0,,,,,,,0.048299999999999996,0.048299999999999996,41.311922,-105.581147,2022,2,4,10
West,Knight Hall,2022-02-04T11:00:00,,70.0,,,,,,,,0.048299999999999996,41.311922,-105.581147,2022,2,4,11
West,Knight Hall,2022-02-04T12:00:00,60.0,70.0,,,,,,,0.0414,0.048299999999999996,41.311922,-105.581147,2022,2,4,12
West,Knight Hall,2022-02-04T13:00:00,80.0,70.0,,,94.98,,,,0.0552,0.048299999999999996,41.311922,-105.581147,2022,2,4,13
West,Knight Hall,2022-02-04T14:00:00,60.0,70.0,,,70.46,,,,0.0414,0.048299999999999996,41.311922,-105.581147,2022,2,4,14
West,Knight Hall,2022-02-04T15:00:00,80.0,70.0,,,87.22999999999999,,,,0.0552,0.048299999999999996,41.311922,-105.581147,2022,2,4,15
West,Knight Hall,2022-02-04T16:00:00,50.0,70.0,,,55.11,,,,0.034499999999999996,0.048299999999999996,41.311922,-105.581147,2022,2,4,16
West,Knight Hall,2022-02-04T17:00:00,60.0,50.0,,,41.18000000000001,,,,0.0414,0.034499999999999996,41.311922,-105.581147,2022,2,4,17
West,Knight Hall,2022-02-04T18:00:00,30.0,40.0,,,28.18,,,,0.0207,0.0276,41.311922,-105.581147,2022,2,4,18
West,Knight Hall,2022-02-04T19:00:00,40.0,30.0,,,8.71,,,,0.0276,0.0207,41.311922,-105.581147,2022,2,4,19
West,Knight Hall,2022-02-04T20:00:00,30.0,30.0,,,9.23,,,,0.0207,0.0207,41.311922,-105.581147,2022,2,4,20
West,Knight Hall,2022-02-04T21:00:00,40.0,40.0,,,0.91,,,,0.0276,0.0276,41.311922,-105.581147,2022,2,4,21
West,Knight Hall,2022-02-04T22:00:00,30.0,30.0,,,0.17,,,,0.0207,0.0207,41.311922,-105.581147,2022,2,4,22
West,Knight Hall,2022-02-04T23:00:00,20.0,20.0,,,1.17,,,,0.0138,0.0138,41.311922,-105.581147,2022,2,4,23
West,Knight Hall,2022-02-05T00:00:00,30.0,30.0,,,,,,,0.0207,0.0207,41.311922,-105.581147,2022,2,5,0
West,Knight Hall,2022-02-05T01:00:00,30.0,30.0,,,0.84,,,,0.0207,0.0207,41.311922,-105.581147,2022,2,5,1
West,Knight Hall,2022-02-05T02:00:00,30.0,20.0,,,,,,,0.0207,0.0138,41.311922,-105.581147,2022,2,5,2
West,Knight Hall,2022-02-05T03:00:00,30.0,30.0,,,,,,,0.0207,0.0207,41.311922,-105.581147,2022,2,5,3
West,Knight Hall,2022-02-05T04:00:00,20.0,30.0,,,,,,,0.0138,0.0207,41.311922,-105.581147,2022,2,5,4
West,Knight Hall,2022-02-05T05:00:00,30.0,30.0,,,1.17,,,,0.0207,0.0207,41.311922,-105.581147,2022,2,5,5
West,Knight Hall,2022-02-05T06:00:00,30.0,30.0,,,,,,,0.0207,0.0207,41.311922,-105.581147,2022,2,5,6
West,Knight Hall,2022-02-05T07:00:00,30.0,40.0,,,1.59,,,,0.0207,0.0276,41.311922,-105.581147,2022,2,5,7
West,Knight Hall,2022-02-05T08:00:00,20.0,70.0,,,2.59,,,,0.0138,0.048299999999999996,41.311922,-105.581147,2022,2,5,8
West,Knight Hall,2022-02-05T09:00:00,40.0,70.0,,,0.37,,,,0.0276,0.048299999999999996,41.311922,-105.581147,2022,2,5,9
West,Knight Hall,2022-02-05T10:00:00,20.0,70.0,,,3.54,,,,0.0138,0.048299999999999996,41.311922,-105.581147,2022,2,5,10
West,Knight Hall,2022-02-05T11:00:00,40.0,70.0,,,1.73,,,,0.0276,0.048299999999999996,41.311922,-105.581147,2022,2,5,11
West,Knight Hall,2022-02-05T12:00:00,30.0,70.0,,,5.35,,,,0.0207,0.048299999999999996,41.311922,-105.581147,2022,2,5,12
West,Knight Hall,2022-02-05T13:00:00,30.0,70.0,,,,,,,0.0207,0.048299999999999996,41.311922,-105.581147,2022,2,5,13
West,Knight Hall,2022-02-05T14:00:00,20.0,70.0,,,1.19,,,,0.0138,0.048299999999999996,41.311922,-105.581147,2022,2,5,14
West,Knight Hall,2022-02-05T15:00:00,40.0,60.0,,,0.86,,,,0.0276,0.0414,41.311922,-105.581147,2022,2,5,15
West,Knight Hall,2022-02-05T16:00:00,20.0,70.0,,,,,,,0.0138,0.048299999999999996,41.311922,-105.581147,2022,2,5,16
West,Knight Hall,2022-02-05T17:00:00,30.0,40.0,,,,,,,0.0207,0.0276,41.311922,-105.581147,2022,2,5,17
West,Knight Hall,2022-02-05T18:00:00,30.0,50.0,,,,,,,0.0207,0.034499999999999996,41.311922,-105.581147,2022,2,5,18
West,Knight Hall,2022-02-05T19:00:00,30.0,30.0,,,0.37,,,,0.0207,0.0207,41.311922,-105.581147,2022,2,5,19
West,Knight Hall,2022-02-05T20:00:00,30.0,30.0,,,,,,,0.0207,0.0207,41.311922,-105.581147,2022,2,5,20
West,Knight Hall,2022-02-05T21:00:00,30.0,40.0,,,,,,,0.0207,0.0276,41.311922,-105.581147,2022,2,5,21
West,Knight Hall,2022-02-05T22:00:00,30.0,30.0,,,,,,,0.0207,0.0207,41.311922,-105.581147,2022,2,5,22
West,Knight Hall,2022-02-05T23:00:00,30.0,30.0,,,,,,,0.0207,0.0207,41.311922,-105.581147,2022,2,5,23
West,Knight Hall,2022-02-06T00:00:00,30.0,20.0,,,1.19,,,,0.0207,0.0138,41.311922,-105.581147,2022,2,6,0
West,Knight Hall,2022-02-06T01:00:00,30.0,30.0,,,,,,,0.0207,0.0207,41.311922,-105.581147,2022,2,6,1
West,Knight Hall,2022-02-06T02:00:00,30.0,30.0,,,0.8,,,,0.0207,0.0207,41.311922,-105.581147,2022,2,6,2
West,Knight Hall,2022-02-06T03:00:00,30.0,20.0,,,,,,,0.0207,0.0138,41.311922,-105.581147,2022,2,6,3
West,Knight Hall,2022-02-06T04:00:00,30.0,30.0,,,,,,,0.0207,0.0207,41.311922,-105.581147,2022,2,6,4
West,Knight Hall,2022-02-06T05:00:00,40.0,30.0,,,,,,,0.0276,0.0207,41.311922,-105.581147,2022,2,6,5
West,Knight Hall,2022-02-06T06:00:00,20.0,20.0,,,,,,,0.0138,0.0138,41.311922,-105.581147,2022,2,6,6
West,Knight Hall,2022-02-06T07:00:00,40.0,30.0,,,,,,,0.0276,0.0207,41.311922,-105.581147,2022,2,6,7
West,Knight Hall,2022-02-06T08:00:00,30.0,30.0,,,0.8200000000000001,,,,0.0207,0.0207,41.311922,-105.581147,2022,2,6,8
West,Knight Hall,2022-02-06T09:00:00,40.0,30.0,,,,,,,0.0276,0.0207,41.311922,-105.581147,2022,2,6,9
West,Knight Hall,2022-02-06T10:00:00,20.0,40.0,,,6.55,,,,0.0138,0.0276,41.311922,-105.581147,2022,2,6,10
West,Knight Hall,2022-02-06T11:00:00,40.0,30.0,,,,,,,0.0276,0.0207,41.311922,-105.581147,2022,2,6,11
West,Knight Hall,2022-02-06T12:00:00,30.0,40.0,,,,,,,0.0207,0.0276,41.311922,-105.581147,2022,2,6,12
West,Knight Hall,2022-02-06T13:00:00,30.0,30.0,,,1.19,,,,0.0207,0.0207,41.311922,-105.581147,2022,2,6,13
West,Knight Hall,2022-02-06T14:00:00,30.0,30.0,,,0.37,,,,0.0207,0.0207,41.311922,-105.581147,2022,2,6,14
West,Knight Hall,2022-02-06T15:00:00,30.0,30.0,,,4.1,,,,0.0207,0.0207,41.311922,-105.581147,2022,2,6,15
West,Knight Hall,2022-02-06T16:00:00,30.0,30.0,,,6.96,,,,0.0207,0.0207,41.311922,-105.581147,2022,2,6,16
West,Knight Hall,2022-02-06T17:00:00,40.0,30.0,,,,,,,0.0276,0.0207,41.311922,-105.581147,2022,2,6,17
West,Knight Hall,2022-02-06T18:00:00,30.0,30.0,,,3.23,,,,0.0207,0.0207,41.311922,-105.581147,2022,2,6,18
West,Knight Hall,2022-02-06T19:00:00,40.0,20.0,,,,,,,0.0276,0.0138,41.311922,-105.581147,2022,2,6,19
West,Knight Hall,2022-02-06T20:00:00,30.0,30.0,,,0.8200000000000001,,,,0.0207,0.0207,41.311922,-105.581147,2022,2,6,20
West,Knight Hall,2022-02-06T21:00:00,30.0,30.0,,,,,,,0.0207,0.0207,41.311922,-105.581147,2022,2,6,21
West,Knight Hall,2022-02-06T22:00:00,20.0,30.0,,,,,,,0.0138,0.0207,41.311922,-105.581147,2022,2,6,22
West,Knight Hall,2022-02-06T23:00:00,30.0,30.0,,,,,,,0.0207,0.0207,41.311922,-105.581147,2022,2,6,23
West,Knight Hall,2022-02-07T00:00:00,30.0,20.0,,,,,,,0.0207,0.0138,41.311922,-105.581147,2022,2,7,0
West,Knight Hall,2022-02-07T01:00:00,40.0,30.0,,,,,,,0.0276,0.0207,41.311922,-105.581147,2022,2,7,1
West,Knight Hall,2022-02-07T02:00:00,20.0,30.0,,,,,,,0.0138,0.0207,41.311922,-105.581147,2022,2,7,2
West,Knight Hall,2022-02-07T03:00:00,40.0,30.0,,,,,,,0.0276,0.0207,41.311922,-105.581147,2022,2,7,3
West,Knight Hall,2022-02-07T04:00:00,20.0,20.0,,,1.5500000000000005,,,,0.0138,0.0138,41.311922,-105.581147,2022,2,7,4
West,Knight Hall,2022-02-07T05:00:00,40.0,30.0,,,0.8200000000000001,,,,0.0276,0.0207,41.311922,-105.581147,2022,2,7,5
West,Knight Hall,2022-02-07T06:00:00,30.0,30.0,,,36.2,,,,0.0207,0.0207,41.311922,-105.581147,2022,2,7,6
West,Knight Hall,2022-02-07T07:00:00,50.0,30.0,,,97.52,,,,0.034499999999999996,0.0207,41.311922,-105.581147,2022,2,7,7
West,Knight Hall,2022-02-07T08:00:00,60.0,30.0,,,152.58999999999995,,,,0.0414,0.0207,41.311922,-105.581147,2022,2,7,8
West,Knight Hall,2022-02-07T09:00:00,,30.0,,,,,,,,0.0207,41.311922,-105.581147,2022,2,7,9
West,Knight Hall,2022-02-07T10:00:00,70.0,30.0,,,,,,,0.048299999999999996,0.0207,41.311922,-105.581147,2022,2,7,10
West,Knight Hall,2022-02-07T11:00:00,,30.0,,,82.62,,,,,0.0207,41.311922,-105.581147,2022,2,7,11
West,Knight Hall,2022-02-07T12:00:00,50.0,30.0,,,164.66,,,,0.034499999999999996,0.0207,41.311922,-105.581147,2022,2,7,12
West,Knight Hall,2022-02-07T13:00:00,,30.0,,,,,,,,0.0207,41.311922,-105.581147,2022,2,7,13
West,Knight Hall,2022-02-07T14:00:00,60.0,30.0,,,,,,,0.0414,0.0207,41.311922,-105.581147,2022,2,7,14
West,Knight Hall,2022-02-07T15:00:00,,30.0,,,,,,,,0.0207,41.311922,-105.581147,2022,2,7,15
West,Knight Hall,2022-02-07T16:00:00,60.0,30.0,,,140.12,,,,0.0414,0.0207,41.311922,-105.581147,2022,2,7,16
West,Knight Hall,2022-02-07T17:00:00,60.0,20.0,,,15.89,,,,0.0414,0.0138,41.311922,-105.581147,2022,2,7,17
West,Knight Hall,2022-02-07T18:00:00,30.0,30.0,,,19.38,,,,0.0207,0.0207,41.311922,-105.581147,2022,2,7,18
West,Knight Hall,2022-02-07T19:00:00,50.0,30.0,,,9.94,,,,0.034499999999999996,0.0207,41.311922,-105.581147,2022,2,7,19
West,Knight Hall,2022-02-07T20:00:00,20.0,30.0,,,6.84,,,,0.0138,0.0207,41.311922,-105.581147,2022,2,7,20
West,Knight Hall,2022-02-07T21:00:00,40.0,20.0,,,,,,,0.0276,0.0138,41.311922,-105.581147,2022,2,7,21
West,Knight Hall,2022-02-07T22:00:00,30.0,30.0,,,0.8200000000000001,,,,0.0207,0.0207,41.311922,-105.581147,2022,2,7,22
West,Knight Hall,2022-02-07T23:00:00,30.0,30.0,,,1.23,,,,0.0207,0.0207,41.311922,-105.581147,2022,2,7,23
West,Knight Hall,2022-02-08T00:00:00,20.0,30.0,,,,,,,0.0138,0.0207,41.311922,-105.581147,2022,2,8,0
West,Knight Hall,2022-02-08T01:00:00,30.0,20.0,,,,,,,0.0207,0.0138,41.311922,-105.581147,2022,2,8,1
West,Knight Hall,2022-02-08T02:00:00,30.0,30.0,,,,,,,0.0207,0.0207,41.311922,-105.581147,2022,2,8,2
West,Knight Hall,2022-02-08T03:00:00,30.0,30.0,,,0.8200000000000001,,,,0.0207,0.0207,41.311922,-105.581147,2022,2,8,3
West,Knight Hall,2022-02-08T04:00:00,30.0,30.0,,,,,,,0.0207,0.0207,41.311922,-105.581147,2022,2,8,4
West,Knight Hall,2022-02-08T05:00:00,30.0,30.0,,,11.26,,,,0.0207,0.0207,41.311922,-105.581147,2022,2,8,5
West,Knight Hall,2022-02-08T06:00:00,30.0,30.0,,,22.86,,,,0.0207,0.0207,41.311922,-105.581147,2022,2,8,6
West,Knight Hall,2022-02-08T07:00:00,50.0,50.0,,,93.49,,,,0.034499999999999996,0.034499999999999996,41.311922,-105.581147,2022,2,8,7
West,Knight Hall,2022-02-08T08:00:00,70.0,60.0,,,196.7,,,,0.048299999999999996,0.0414,41.311922,-105.581147,2022,2,8,8
West,Knight Hall,2022-02-08T09:00:00,,70.0,,,,,,,,0.048299999999999996,41.311922,-105.581147,2022,2,8,9
West,Knight Hall,2022-02-08T10:00:00,60.0,80.0,,,184.04,,,,0.0414,0.0552,41.311922,-105.581147,2022,2,8,10
West,Knight Hall,2022-02-08T11:00:00,,70.0,,,108.77,,,,,0.048299999999999996,41.311922,-105.581147,2022,2,8,11
West,Knight Hall,2022-02-08T12:00:00,60.0,60.0,,,113.82000000000002,,,,0.0414,0.0414,41.311922,-105.581147,2022,2,8,12
West,Knight Hall,2022-02-08T13:00:00,,70.0,,,113.62,,,,,0.048299999999999996,41.311922,-105.581147,2022,2,8,13
West,Knight Hall,2022-02-08T14:00:00,60.0,70.0,,,105.54,,,,0.0414,0.048299999999999996,41.311922,-105.581147,2022,2,8,14
West,Knight Hall,2022-02-08T15:00:00,,70.0,,,95.93,,,,,0.048299999999999996,41.311922,-105.581147,2022,2,8,15
West,Knight Hall,2022-02-08T16:00:00,50.0,60.0,,,45.77,,,,0.034499999999999996,0.0414,41.311922,-105.581147,2022,2,8,16
West,Knight Hall,2022-02-08T17:00:00,60.0,50.0,,,46.78999999999999,,,,0.0414,0.034499999999999996,41.311922,-105.581147,2022,2,8,17
West,Knight Hall,2022-02-08T18:00:00,30.0,40.0,,,12.2,,,,0.0207,0.0276,41.311922,-105.581147,2022,2,8,18
West,Knight Hall,2022-02-08T19:00:00,40.0,40.0,,,5.15,,,,0.0276,0.0276,41.311922,-105.581147,2022,2,8,19
West,Knight Hall,2022-02-08T20:00:00,20.0,40.0,,,2.26,,,,0.0138,0.0276,41.311922,-105.581147,2022,2,8,20
West,Knight Hall,2022-02-08T21:00:00,40.0,30.0,,,9.16,,,,0.0276,0.0207,41.311922,-105.581147,2022,2,8,21
West,Knight Hall,2022-02-08T22:00:00,20.0,30.0,,,,,,,0.0138,0.0207,41.311922,-105.581147,2022,2,8,22
West,Knight Hall,2022-02-08T23:00:00,30.0,30.0,,,0.86,,,,0.0207,0.0207,41.311922,-105.581147,2022,2,8,23
West,Knight Hall,2022-02-09T00:00:00,30.0,30.0,,,,,,,0.0207,0.0207,41.311922,-105.581147,2022,2,9,0
West,Knight Hall,2022-02-09T01:00:00,30.0,30.0,,,0.8200000000000001,,,,0.0207,0.0207,41.311922,-105.581147,2022,2,9,1
West,Knight Hall,2022-02-09T02:00:00,30.0,20.0,,,,,,,0.0207,0.0138,41.311922,-105.581147,2022,2,9,2
West,Knight Hall,2022-02-09T03:00:00,30.0,30.0,,,0.84,,,,0.0207,0.0207,41.311922,-105.581147,2022,2,9,3
West,Knight Hall,2022-02-09T04:00:00,30.0,30.0,,,1.98,,,,0.0207,0.0207,41.311922,-105.581147,2022,2,9,4
West,Knight Hall,2022-02-09T05:00:00,30.0,30.0,,,,,,,0.0207,0.0207,41.311922,-105.581147,2022,2,9,5
West,Knight Hall,2022-02-09T06:00:00,30.0,30.0,,,52.91000000000001,,,,0.0207,0.0207,41.311922,-105.581147,2022,2,9,6
West,Knight Hall,2022-02-09T07:00:00,50.0,50.0,,,,,,,0.034499999999999996,0.034499999999999996,41.311922,-105.581147,2022,2,9,7
West,Knight Hall,2022-02-09T08:00:00,60.0,60.0,,,166.66,,,,0.0414,0.0414,41.311922,-105.581147,2022,2,9,8
West,Knight Hall,2022-02-09T09:00:00,,70.0,,,,,,,,0.048299999999999996,41.311922,-105.581147,2022,2,9,9
West,Knight Hall,2022-02-09T10:00:00,60.0,80.0,,,,,,,0.0414,0.0552,41.311922,-105.581147,2022,2,9,10
West,Knight Hall,2022-02-09T11:00:00,,70.0,,,130.87,,,,,0.048299999999999996,41.311922,-105.581147,2022,2,9,11
West,Knight Hall,2022-02-09T12:00:00,50.0,70.0,,,158.92999999999998,,,,0.034499999999999996,0.048299999999999996,41.311922,-105.581147,2022,2,9,12
West,Knight Hall,2022-02-09T13:00:00,80.0,70.0,,,127.45,,,,0.0552,0.048299999999999996,41.311922,-105.581147,2022,2,9,13
West,Knight Hall,2022-02-09T14:00:00,60.0,70.0,,,170.04999999999998,,,,0.0414,0.048299999999999996,41.311922,-105.581147,2022,2,9,14
West,Knight Hall,2022-02-09T15:00:00,80.0,70.0,,,,,,,0.0552,0.048299999999999996,41.311922,-105.581147,2022,2,9,15
West,Knight Hall,2022-02-09T16:00:00,60.0,70.0,,,181.22,,,,0.0414,0.048299999999999996,41.311922,-105.581147,2022,2,9,16
West,Knight Hall,2022-02-09T17:00:00,50.0,50.0,,,169.98,,,,0.034499999999999996,0.034499999999999996,41.311922,-105.581147,2022,2,9,17
West,Knight Hall,2022-02-09T18:00:00,40.0,50.0,,,165.09,,,,0.0276,0.034499999999999996,41.311922,-105.581147,2022,2,9,18
West,Knight Hall,2022-02-09T19:00:00,40.0,40.0,,,181.63,,,,0.0276,0.0276,41.311922,-105.581147,2022,2,9,19
West,Knight Hall,2022-02-09T20:00:00,30.0,30.0,,,90.73,,,,0.0207,0.0207,41.311922,-105.581147,2022,2,9,20
West,Knight Hall,2022-02-09T21:00:00,40.0,40.0,,,10.71,,,,0.0276,0.0276,41.311922,-105.581147,2022,2,9,21
West,Knight Hall,2022-02-09T22:00:00,20.0,30.0,,,,,,,0.0138,0.0207,41.311922,-105.581147,2022,2,9,22
West,Knight Hall,2022-02-09T23:00:00,40.0,30.0,,,0.84,,,,0.0276,0.0207,41.311922,-105.581147,2022,2,9,23
West,Knight Hall,2022-02-10T00:00:00,20.0,20.0,,,,,,,0.0138,0.0138,41.311922,-105.581147,2022,2,10,0
West,Knight Hall,2022-02-10T01:00:00,40.0,30.0,,,,,,,0.0276,0.0207,41.311922,-105.581147,2022,2,10,1
West,Knight Hall,2022-02-10T02:00:00,20.0,30.0,,,0.84,,,,0.0138,0.0207,41.311922,-105.581147,2022,2,10,2
West,Knight Hall,2022-02-10T03:00:00,40.0,20.0,,,,,,,0.0276,0.0138,41.311922,-105.581147,2022,2,10,3
West,Knight Hall,2022-02-10T04:00:00,20.0,40.0,,,0.22,,,,0.0138,0.0276,41.311922,-105.581147,2022,2,10,4
West,Knight Hall,2022-02-10T05:00:00,40.0,30.0,,,0.04,,,,0.0276,0.0207,41.311922,-105.581147,2022,2,10,5
West,Knight Hall,2022-02-10T06:00:00,30.0,30.0,,,31.84,,,,0.0207,0.0207,41.311922,-105.581147,2022,2,10,6
West,Knight Hall,2022-02-10T07:00:00,50.0,40.0,,,83.4,,,,0.034499999999999996,0.0276,41.311922,-105.581147,2022,2,10,7
West,Knight Hall,2022-02-10T08:00:00,70.0,70.0,,,131.84,,,,0.048299999999999996,0.048299999999999996,41.311922,-105.581147,2022,2,10,8
West,Knight Hall,2022-02-10T09:00:00,80.0,70.0,,,100.56,,,,0.0552,0.048299999999999996,41.311922,-105.581147,2022,2,10,9
West,Knight Hall,2022-02-10T10:00:00,70.0,70.0,,,126.5,,,,0.048299999999999996,0.048299999999999996,41.311922,-105.581147,2022,2,10,10
West,Knight Hall,2022-02-10T11:00:00,,80.0,,,86.48,,,,,0.0552,41.311922,-105.581147,2022,2,10,11
West,Knight Hall,2022-02-10T12:00:00,60.0,70.0,,,96.9,,,,0.0414,0.048299999999999996,41.311922,-105.581147,2022,2,10,12
West,Knight Hall,2022-02-10T13:00:00,80.0,70.0,,,123.18,,,,0.0552,0.048299999999999996,41.311922,-105.581147,2022,2,10,13
West,Knight Hall,2022-02-10T14:00:00,70.0,60.0,,,111.94,,,,0.048299999999999996,0.0414,41.311922,-105.581147,2022,2,10,14
West,Knight Hall,2022-02-10T15:00:00,,70.0,,,72.85,,,,,0.048299999999999996,41.311922,-105.581147,2022,2,10,15
West,Knight Hall,2022-02-10T16:00:00,60.0,70.0,,,102.24,,,,0.0414,0.048299999999999996,41.311922,-105.581147,2022,2,10,16
West,Knight Hall,2022-02-10T17:00:00,50.0,40.0,,,22.66,,,,0.034499999999999996,0.0276,41.311922,-105.581147,2022,2,10,17
West,Knight Hall,2022-02-10T18:00:00,30.0,40.0,,,9.44,,,,0.0207,0.0276,41.311922,-105.581147,2022,2,10,18
West,Knight Hall,2022-02-10T19:00:00,40.0,40.0,,,27.43,,,,0.0276,0.0276,41.311922,-105.581147,2022,2,10,19
West,Knight Hall,2022-02-10T20:00:00,30.0,30.0,,,2.16,,,,0.0207,0.0207,41.311922,-105.581147,2022,2,10,20
West,Knight Hall,2022-02-10T21:00:00,40.0,30.0,,,8.06,,,,0.0276,0.0207,41.311922,-105.581147,2022,2,10,21
West,Knight Hall,2022-02-10T22:00:00,20.0,30.0,,,10.97,,,,0.0138,0.0207,41.311922,-105.581147,2022,2,10,22
West,Knight Hall,2022-02-10T23:00:00,30.0,30.0,,,,,,,0.0207,0.0207,41.311922,-105.581147,2022,2,10,23
West,Knight Hall,2022-02-11T00:00:00,30.0,30.0,,,0.8600000000000001,,,,0.0207,0.0207,41.311922,-105.581147,2022,2,11,0
West,Knight Hall,2022-02-11T01:00:00,30.0,30.0,,,0.88,,,,0.0207,0.0207,41.311922,-105.581147,2022,2,11,1
West,Knight Hall,2022-02-11T02:00:00,20.0,20.0,,,,,,,0.0138,0.0138,41.311922,-105.581147,2022,2,11,2
West,Knight Hall,2022-02-11T03:00:00,30.0,30.0,,,,,,,0.0207,0.0207,41.311922,-105.581147,2022,2,11,3
West,Knight Hall,2022-02-11T04:00:00,20.0,30.0,,,0.95,,,,0.0138,0.0207,41.311922,-105.581147,2022,2,11,4
West,Knight Hall,2022-02-11T05:00:00,30.0,30.0,,,1.19,,,,0.0207,0.0207,41.311922,-105.581147,2022,2,11,5
West,Knight Hall,2022-02-11T06:00:00,40.0,30.0,,,19.02,,,,0.0276,0.0207,41.311922,-105.581147,2022,2,11,6
West,Knight Hall,2022-02-11T07:00:00,60.0,50.0,,,58.46999999999999,,,,0.0414,0.034499999999999996,41.311922,-105.581147,2022,2,11,7
West,Knight Hall,2022-02-11T08:00:00,60.0,70.0,,,129.19,,,,0.0414,0.048299999999999996,41.311922,-105.581147,2022,2,11,8
West,Knight Hall,2022-02-11T09:00:00,,70.0,,,150.3,,,,,0.048299999999999996,41.311922,-105.581147,2022,2,11,9
West,Knight Hall,2022-02-11T10:00:00,60.0,70.0,,,138.72,,,,0.0414,0.048299999999999996,41.311922,-105.581147,2022,2,11,10
West,Knight Hall,2022-02-11T11:00:00,,80.0,,,,,,,,0.0552,41.311922,-105.581147,2022,2,11,11
West,Knight Hall,2022-02-11T12:00:00,60.0,70.0,,,96.53,,,,0.0414,0.048299999999999996,41.311922,-105.581147,2022,2,11,12
West,Knight Hall,2022-02-11T13:00:00,70.0,70.0,,,120.27,,,,0.048299999999999996,0.048299999999999996,41.311922,-105.581147,2022,2,11,13
West,Knight Hall,2022-02-11T14:00:00,80.0,70.0,,,41.510000000000005,,,,0.0552,0.048299999999999996,41.311922,-105.581147,2022,2,11,14
West,Knight Hall,2022-02-11T15:00:00,80.0,70.0,,,97.18,,,,0.0552,0.048299999999999996,41.311922,-105.581147,2022,2,11,15
West,Knight Hall,2022-02-11T16:00:00,60.0,70.0,,,45.64,,,,0.0414,0.048299999999999996,41.311922,-105.581147,2022,2,11,16
West,Knight Hall,2022-02-11T17:00:00,60.0,50.0,,,16.06,,,,0.0414,0.034499999999999996,41.311922,-105.581147,2022,2,11,17
West,Knight Hall,2022-02-11T18:00:00,30.0,40.0,,,75.16,,,,0.0207,0.0276,41.311922,-105.581147,2022,2,11,18
West,Knight Hall,2022-02-11T19:00:00,40.0,30.0,,,11.92,,,,0.0276,0.0207,41.311922,-105.581147,2022,2,11,19
West,Knight Hall,2022-02-11T20:00:00,30.0,30.0,,,2.39,,,,0.0207,0.0207,41.311922,-105.581147,2022,2,11,20
West,Knight Hall,2022-02-11T21:00:00,30.0,40.0,,,4.460000000000001,,,,0.0207,0.0276,41.311922,-105.581147,2022,2,11,21
West,Knight Hall,2022-02-11T22:00:00,30.0,30.0,,,0.88,,,,0.0207,0.0207,41.311922,-105.581147,2022,2,11,22
West,Knight Hall,2022-02-11T23:00:00,30.0,30.0,,,0.8200000000000001,,,,0.0207,0.0207,41.311922,-105.581147,2022,2,11,23
West,Knight Hall,2022-02-12T00:00:00,20.0,30.0,,,,,,,0.0138,0.0207,41.311922,-105.581147,2022,2,12,0
West,Knight Hall,2022-02-12T01:00:00,30.0,30.0,,,0.86,,,,0.0207,0.0207,41.311922,-105.581147,2022,2,12,1
West,Knight Hall,2022-02-12T02:00:00,30.0,20.0,,,,,,,0.0207,0.0138,41.311922,-105.581147,2022,2,12,2
West,Knight Hall,2022-02-12T03:00:00,20.0,30.0,,,0.86,,,,0.0138,0.0207,41.311922,-105.581147,2022,2,12,3
West,Knight Hall,2022-02-12T04:00:00,30.0,30.0,,,0.75,,,,0.0207,0.0207,41.311922,-105.581147,2022,2,12,4
West,Knight Hall,2022-02-12T05:00:00,30.0,30.0,,,19.79,,,,0.0207,0.0207,41.311922,-105.581147,2022,2,12,5
West,Knight Hall,2022-02-12T06:00:00,30.0,30.0,,,1.32,,,,0.0207,0.0207,41.311922,-105.581147,2022,2,12,6
West,Knight Hall,2022-02-12T07:00:00,30.0,40.0,,,0.84,,,,0.0207,0.0276,41.311922,-105.581147,2022,2,12,7
West,Knight Hall,2022-02-12T08:00:00,20.0,70.0,,,0.48,,,,0.0138,0.048299999999999996,41.311922,-105.581147,2022,2,12,8
West,Knight Hall,2022-02-12T09:00:00,40.0,70.0,,,7.05,,,,0.0276,0.048299999999999996,41.311922,-105.581147,2022,2,12,9
West,Knight Hall,2022-02-12T10:00:00,30.0,70.0,,,6.99,,,,0.0207,0.048299999999999996,41.311922,-105.581147,2022,2,12,10
West,Knight Hall,2022-02-12T11:00:00,30.0,80.0,,,,,,,0.0207,0.0552,41.311922,-105.581147,2022,2,12,11
West,Knight Hall,2022-02-12T12:00:00,30.0,70.0,,,8.84,,,,0.0207,0.048299999999999996,41.311922,-105.581147,2022,2,12,12
West,Knight Hall,2022-02-12T13:00:00,30.0,60.0,,,4.18,,,,0.0207,0.0414,41.311922,-105.581147,2022,2,12,13
West,Knight Hall,2022-02-12T14:00:00,30.0,70.0,,,0.02,,,,0.0207,0.048299999999999996,41.311922,-105.581147,2022,2,12,14
West,Knight Hall,2022-02-12T15:00:00,30.0,70.0,,,1.17,,,,0.0207,0.048299999999999996,41.311922,-105.581147,2022,2,12,15
West,Knight Hall,2022-02-12T16:00:00,30.0,70.0,,,,,,,0.0207,0.048299999999999996,41.311922,-105.581147,2022,2,12,16
West,Knight Hall,2022-02-12T17:00:00,20.0,50.0,,,,,,,0.0138,0.034499999999999996,41.311922,-105.581147,2022,2,12,17
West,Knight Hall,2022-02-12T18:00:00,30.0,40.0,,,0.91,,,,0.0207,0.0276,41.311922,-105.581147,2022,2,12,18
West,Knight Hall,2022-02-12T19:00:00,30.0,40.0,,,1.16,,,,0.0207,0.0276,41.311922,-105.581147,2022,2,12,19
West,Knight Hall,2022-02-12T20:00:00,20.0,30.0,,,,,,,0.0138,0.0207,41.311922,-105.581147,2022,2,12,20
West,Knight Hall,2022-02-12T21:00:00,30.0,30.0,,,,,,,0.0207,0.0207,41.311922,-105.581147,2022,2,12,21
West,Knight Hall,2022-02-12T22:00:00,30.0,40.0,,,0.8200000000000001,,,,0.0207,0.0276,41.311922,-105.581147,2022,2,12,22
West,Knight Hall,2022-02-12T23:00:00,30.0,20.0,,,,,,,0.0207,0.0138,41.311922,-105.581147,2022,2,12,23
West,Knight Hall,2022-02-13T00:00:00,20.0,30.0,,,0.86,,,,0.0138,0.0207,41.311922,-105.581147,2022,2,13,0
West,Knight Hall,2022-02-13T01:00:00,30.0,30.0,,,,,,,0.0207,0.0207,41.311922,-105.581147,2022,2,13,1
West,Knight Hall,2022-02-13T02:00:00,30.0,20.0,,,,,,,0.0207,0.0138,41.311922,-105.581147,2022,2,13,2
West,Knight Hall,2022-02-13T03:00:00,20.0,30.0,,,,,,,0.0138,0.0207,41.311922,-105.581147,2022,2,13,3
West,Knight Hall,2022-02-13T04:00:00,30.0,30.0,,,,,,,0.0207,0.0207,41.311922,-105.581147,2022,2,13,4
West,Knight Hall,2022-02-13T05:00:00,40.0,20.0,,,,,,,0.0276,0.0138,41.311922,-105.581147,2022,2,13,5
West,Knight Hall,2022-02-13T06:00:00,20.0,30.0,,,,,,,0.0138,0.0207,41.311922,-105.581147,2022,2,13,6
West,Knight Hall,2022-02-13T07:00:00,30.0,30.0,,,0.86,,,,0.0207,0.0207,41.311922,-105.581147,2022,2,13,7
West,Knight Hall,2022-02-13T08:00:00,30.0,30.0,,,,,,,0.0207,0.0207,41.311922,-105.581147,2022,2,13,8
West,Knight Hall,2022-02-13T09:00:00,30.0,30.0,,,,,,,0.0207,0.0207,41.311922,-105.581147,2022,2,13,9
West,Knight Hall,2022-02-13T10:00:00,30.0,30.0,,,0.37,,,,0.0207,0.0207,41.311922,-105.581147,2022,2,13,10
West,Knight Hall,2022-02-13T11:00:00,30.0,40.0,,,,,,,0.0207,0.0276,41.311922,-105.581147,2022,2,13,11
West,Knight Hall,2022-02-13T12:00:00,30.0,30.0,,,2.44,,,,0.0207,0.0207,41.311922,-105.581147,2022,2,13,12
West,Knight Hall,2022-02-13T13:00:00,30.0,30.0,,,,,,,0.0207,0.0207,41.311922,-105.581147,2022,2,13,13
West,Knight Hall,2022-02-13T14:00:00,40.0,30.0,,,,,,,0.0276,0.0207,41.311922,-105.581147,2022,2,13,14
West,Knight Hall,2022-02-13T15:00:00,30.0,30.0,,,0.04,,,,0.0207,0.0207,41.311922,-105.581147,2022,2,13,15
West,Knight Hall,2022-02-13T16:00:00,30.0,30.0,,,0.88,,,,0.0207,0.0207,41.311922,-105.581147,2022,2,13,16
West,Knight Hall,2022-02-13T17:00:00,30.0,20.0,,,,,,,0.0207,0.0138,41.311922,-105.581147,2022,2,13,17
West,Knight Hall,2022-02-13T18:00:00,30.0,30.0,,,0.6900000000000001,,,,0.0207,0.0207,41.311922,-105.581147,2022,2,13,18
West,Knight Hall,2022-02-13T19:00:00,30.0,30.0,,,6.8100000000000005,,,,0.0207,0.0207,41.311922,-105.581147,2022,2,13,19
West,Knight Hall,2022-02-13T20:00:00,30.0,30.0,,,,,,,0.0207,0.0207,41.311922,-105.581147,2022,2,13,20
West,Knight Hall,2022-02-13T21:00:00,30.0,20.0,,,,,,,0.0207,0.0138,41.311922,-105.581147,2022,2,13,21
West,Knight Hall,2022-02-13T22:00:00,20.0,30.0,,,,,,,0.0138,0.0207,41.311922,-105.581147,2022,2,13,22
West,Knight Hall,2022-02-13T23:00:00,30.0,30.0,,,,,,,0.0207,0.0207,41.311922,-105.581147,2022,2,13,23
West,Knight Hall,2022-02-14T00:00:00,30.0,20.0,,,,,,,0.0207,0.0138,41.311922,-105.581147,2022,2,14,0
West,Knight Hall,2022-02-14T01:00:00,30.0,30.0,,,,,,,0.0207,0.0207,41.311922,-105.581147,2022,2,14,1
West,Knight Hall,2022-02-14T02:00:00,30.0,30.0,,,,,,,0.0207,0.0207,41.311922,-105.581147,2022,2,14,2
West,Knight Hall,2022-02-14T03:00:00,30.0,20.0,,,,,,,0.0207,0.0138,41.311922,-105.581147,2022,2,14,3
West,Knight Hall,2022-02-14T04:00:00,30.0,30.0,,,0.32,,,,0.0207,0.0207,41.311922,-105.581147,2022,2,14,4
West,Knight Hall,2022-02-14T05:00:00,30.0,30.0,,,17.68,,,,0.0207,0.0207,41.311922,-105.581147,2022,2,14,5
West,Knight Hall,2022-02-14T06:00:00,30.0,30.0,,,29.34,,,,0.0207,0.0207,41.311922,-105.581147,2022,2,14,6
West,Knight Hall,2022-02-14T07:00:00,40.0,20.0,,,109.51,,,,0.0276,0.0138,41.311922,-105.581147,2022,2,14,7
West,Knight Hall,2022-02-14T08:00:00,70.0,30.0,,,114.93999999999998,,,,0.048299999999999996,0.0207,41.311922,-105.581147,2022,2,14,8
West,Knight Hall,2022-02-14T09:00:00,70.0,30.0,,,131.43,,,,0.048299999999999996,0.0207,41.311922,-105.581147,2022,2,14,9
West,Knight Hall,2022-02-14T10:00:00,80.0,30.0,,,106.62,,,,0.0552,0.0207,41.311922,-105.581147,2022,2,14,10
West,Knight Hall,2022-02-14T11:00:00,70.0,30.0,,,72.53,,,,0.048299999999999996,0.0207,41.311922,-105.581147,2022,2,14,11
West,Knight Hall,2022-02-14T12:00:00,60.0,30.0,,,85.64,,,,0.0414,0.0207,41.311922,-105.581147,2022,2,14,12
West,Knight Hall,2022-02-14T13:00:00,70.0,30.0,,,161.71,,,,0.048299999999999996,0.0207,41.311922,-105.581147,2022,2,14,13
West,Knight Hall,2022-02-14T14:00:00,70.0,30.0,,,229.39,,,,0.048299999999999996,0.0207,41.311922,-105.581147,2022,2,14,14
West,Knight Hall,2022-02-14T15:00:00,70.0,30.0,,,219.15,,,,0.048299999999999996,0.0207,41.311922,-105.581147,2022,2,14,15
West,Knight Hall,2022-02-14T16:00:00,70.0,30.0,,,215.85,,,,0.048299999999999996,0.0207,41.311922,-105.581147,2022,2,14,16
West,Knight Hall,2022-02-14T17:00:00,40.0,20.0,,,80.28999999999999,,,,0.0276,0.0138,41.311922,-105.581147,2022,2,14,17
West,Knight Hall,2022-02-14T18:00:00,40.0,30.0,,,49.59,,,,0.0276,0.0207,41.311922,-105.581147,2022,2,14,18
West,Knight Hall,2022-02-14T19:00:00,30.0,30.0,,,10.260000000000002,,,,0.0207,0.0207,41.311922,-105.581147,2022,2,14,19
West,Knight Hall,2022-02-14T20:00:00,30.0,30.0,,,18.84,,,,0.0207,0.0207,41.311922,-105.581147,2022,2,14,20
West,Knight Hall,2022-02-14T21:00:00,30.0,20.0,,,5.13,,,,0.0207,0.0138,41.311922,-105.581147,2022,2,14,21
West,Knight Hall,2022-02-14T22:00:00,30.0,30.0,,,4.08,,,,0.0207,0.0207,41.311922,-105.581147,2022,2,14,22
West,Knight Hall,2022-02-14T23:00:00,30.0,30.0,,,3.86,,,,0.0207,0.0207,41.311922,-105.581147,2022,2,14,23
West,Knight Hall,2022-02-15T00:00:00,20.0,30.0,,,3.36,,,,0.0138,0.0207,41.311922,-105.581147,2022,2,15,0
West,Knight Hall,2022-02-15T01:00:00,30.0,20.0,,,1.92,,,,0.0207,0.0138,41.311922,-105.581147,2022,2,15,1
West,Knight Hall,2022-02-15T02:00:00,20.0,30.0,,,1.12,,,,0.0138,0.0207,41.311922,-105.581147,2022,2,15,2
West,Knight Hall,2022-02-15T03:00:00,30.0,30.0,,,3.88,,,,0.0207,0.0207,41.311922,-105.581147,2022,2,15,3
West,Knight Hall,2022-02-15T04:00:00,20.0,30.0,,,1.5900000000000003,,,,0.0138,0.0207,41.311922,-105.581147,2022,2,15,4
West,Knight Hall,2022-02-15T05:00:00,40.0,30.0,,,8.34,,,,0.0276,0.0207,41.311922,-105.581147,2022,2,15,5
West,Knight Hall,2022-02-15T06:00:00,20.0,30.0,,,24.99,,,,0.0138,0.0207,41.311922,-105.581147,2022,2,15,6
West,Knight Hall,2022-02-15T07:00:00,60.0,30.0,,,81.46,,,,0.0414,0.0207,41.311922,-105.581147,2022,2,15,7
West,Knight Hall,2022-02-15T08:00:00,60.0,30.0,,,157.31,,,,0.0414,0.0207,41.311922,-105.581147,2022,2,15,8
West,Knight Hall,2022-02-15T09:00:00,70.0,40.0,,,215.22000000000003,,,,0.048299999999999996,0.0276,41.311922,-105.581147,2022,2,15,9
West,Knight Hall,2022-02-15T10:00:00,70.0,30.0,,,,,,,0.048299999999999996,0.0207,41.311922,-105.581147,2022,2,15,10
West,Knight Hall,2022-02-15T11:00:00,,40.0,,,199.74,,,,,0.0276,41.311922,-105.581147,2022,2,15,11
West,Knight Hall,2022-02-15T12:00:00,60.0,40.0,,,89.72,,,,0.0414,0.0276,41.311922,-105.581147,2022,2,15,12
West,Knight Hall,2022-02-15T13:00:00,,30.0,,,100.0,,,,,0.0207,41.311922,-105.581147,2022,2,15,13
West,Knight Hall,2022-02-15T14:00:00,60.0,40.0,,,101.9,,,,0.0414,0.0276,41.311922,-105.581147,2022,2,15,14
West,Knight Hall,2022-02-15T15:00:00,,30.0,,,75.68,,,,,0.0207,41.311922,-105.581147,2022,2,15,15
West,Knight Hall,2022-02-15T16:00:00,60.0,40.0,,,89.41,,,,0.0414,0.0276,41.311922,-105.581147,2022,2,15,16
West,Knight Hall,2022-02-15T17:00:00,50.0,30.0,,,15.2,,,,0.034499999999999996,0.0207,41.311922,-105.581147,2022,2,15,17
West,Knight Hall,2022-02-15T18:00:00,30.0,40.0,,,17.64,,,,0.0207,0.0276,41.311922,-105.581147,2022,2,15,18
West,Knight Hall,2022-02-15T19:00:00,40.0,20.0,,,7.81,,,,0.0276,0.0138,41.311922,-105.581147,2022,2,15,19
West,Knight Hall,2022-02-15T20:00:00,30.0,30.0,,,23.72,,,,0.0207,0.0207,41.311922,-105.581147,2022,2,15,20
West,Knight Hall,2022-02-15T21:00:00,30.0,30.0,,,3.25,,,,0.0207,0.0207,41.311922,-105.581147,2022,2,15,21
West,Knight Hall,2022-02-15T22:00:00,20.0,30.0,,,1.32,,,,0.0138,0.0207,41.311922,-105.581147,2022,2,15,22
West,Knight Hall,2022-02-15T23:00:00,30.0,30.0,,,0.8999999999999999,,,,0.0207,0.0207,41.311922,-105.581147,2022,2,15,23
West,Knight Hall,2022-02-16T00:00:00,20.0,30.0,,,,,,,0.0138,0.0207,41.311922,-105.581147,2022,2,16,0
West,Knight Hall,2022-02-16T01:00:00,30.0,30.0,,,,,,,0.0207,0.0207,41.311922,-105.581147,2022,2,16,1
West,Knight Hall,2022-02-16T02:00:00,20.0,30.0,,,,,,,0.0138,0.0207,41.311922,-105.581147,2022,2,16,2
West,Knight Hall,2022-02-16T03:00:00,30.0,20.0,,,0.88,,,,0.0207,0.0138,41.311922,-105.581147,2022,2,16,3
West,Knight Hall,2022-02-16T04:00:00,30.0,30.0,,,0.04,,,,0.0207,0.0207,41.311922,-105.581147,2022,2,16,4
West,Knight Hall,2022-02-16T05:00:00,30.0,30.0,,,0.6,,,,0.0207,0.0207,41.311922,-105.581147,2022,2,16,5
West,Knight Hall,2022-02-16T06:00:00,30.0,40.0,,,45.24,,,,0.0207,0.0276,41.311922,-105.581147,2022,2,16,6
West,Knight Hall,2022-02-16T07:00:00,50.0,50.0,,,90.75,,,,0.034499999999999996,0.034499999999999996,41.311922,-105.581147,2022,2,16,7
West,Knight Hall,2022-02-16T08:00:00,70.0,60.0,,,94.70000000000002,,,,0.048299999999999996,0.0414,41.311922,-105.581147,2022,2,16,8
West,Knight Hall,2022-02-16T09:00:00,80.0,80.0,,,150.64999999999998,,,,0.0552,0.0552,41.311922,-105.581147,2022,2,16,9
West,Knight Hall,2022-02-16T10:00:00,80.0,80.0,,,,,,,0.0552,0.0552,41.311922,-105.581147,2022,2,16,10
West,Knight Hall,2022-02-16T11:00:00,,80.0,,,181.05,,,,,0.0552,41.311922,-105.581147,2022,2,16,11
West,Knight Hall,2022-02-16T12:00:00,60.0,70.0,,,115.61,,,,0.0414,0.048299999999999996,41.311922,-105.581147,2022,2,16,12
West,Knight Hall,2022-02-16T13:00:00,,70.0,,,185.21,,,,,0.048299999999999996,41.311922,-105.581147,2022,2,16,13
West,Knight Hall,2022-02-16T14:00:00,60.0,70.0,,,,,,,0.0414,0.048299999999999996,41.311922,-105.581147,2022,2,16,14
West,Knight Hall,2022-02-16T15:00:00,,70.0,,,97.73000000000002,,,,,0.048299999999999996,41.311922,-105.581147,2022,2,16,15
West,Knight Hall,2022-02-16T16:00:00,60.0,70.0,,,90.71,,,,0.0414,0.048299999999999996,41.311922,-105.581147,2022,2,16,16
West,Knight Hall,2022-02-16T17:00:00,60.0,50.0,,,22.380000000000003,,,,0.0414,0.034499999999999996,41.311922,-105.581147,2022,2,16,17
West,Knight Hall,2022-02-16T18:00:00,40.0,40.0,,,32.99,,,,0.0276,0.0276,41.311922,-105.581147,2022,2,16,18
West,Knight Hall,2022-02-16T19:00:00,40.0,40.0,,,18.05,,,,0.0276,0.0276,41.311922,-105.581147,2022,2,16,19
West,Knight Hall,2022-02-16T20:00:00,30.0,40.0,,,6.55,,,,0.0207,0.0276,41.311922,-105.581147,2022,2,16,20
West,Knight Hall,2022-02-16T21:00:00,40.0,30.0,,,3.25,,,,0.0276,0.0207,41.311922,-105.581147,2022,2,16,21
West,Knight Hall,2022-02-16T22:00:00,20.0,30.0,,,2.97,,,,0.0138,0.0207,41.311922,-105.581147,2022,2,16,22
West,Knight Hall,2022-02-16T23:00:00,30.0,30.0,,,1.75,,,,0.0207,0.0207,41.311922,-105.581147,2022,2,16,23
West,Knight Hall,2022-02-17T00:00:00,20.0,30.0,,,,,,,0.0138,0.0207,41.311922,-105.581147,2022,2,17,0
West,Knight Hall,2022-02-17T01:00:00,30.0,30.0,,,,,,,0.0207,0.0207,41.311922,-105.581147,2022,2,17,1
West,Knight Hall,2022-02-17T02:00:00,30.0,30.0,,,,,,,0.0207,0.0207,41.311922,-105.581147,2022,2,17,2
West,Knight Hall,2022-02-17T03:00:00,20.0,30.0,,,,,,,0.0138,0.0207,41.311922,-105.581147,2022,2,17,3
West,Knight Hall,2022-02-17T04:00:00,30.0,30.0,,,2.65,,,,0.0207,0.0207,41.311922,-105.581147,2022,2,17,4
West,Knight Hall,2022-02-17T05:00:00,40.0,30.0,,,2.09,,,,0.0276,0.0207,41.311922,-105.581147,2022,2,17,5
West,Knight Hall,2022-02-17T06:00:00,20.0,40.0,,,29.6,,,,0.0138,0.0276,41.311922,-105.581147,2022,2,17,6
West,Knight Hall,2022-02-17T07:00:00,50.0,40.0,,,96.42000000000002,,,,0.034499999999999996,0.0276,41.311922,-105.581147,2022,2,17,7
West,Knight Hall,2022-02-17T08:00:00,60.0,70.0,,,127.53,,,,0.0414,0.048299999999999996,41.311922,-105.581147,2022,2,17,8
West,Knight Hall,2022-02-17T09:00:00,,80.0,,,208.82,,,,,0.0552,41.311922,-105.581147,2022,2,17,9
West,Knight Hall,2022-02-17T10:00:00,60.0,80.0,,,,,,,0.0414,0.0552,41.311922,-105.581147,2022,2,17,10
West,Knight Hall,2022-02-17T11:00:00,,70.0,,,,,,,,0.048299999999999996,41.311922,-105.581147,2022,2,17,11
West,Knight Hall,2022-02-17T12:00:00,50.0,70.0,,,,,,,0.034499999999999996,0.048299999999999996,41.311922,-105.581147,2022,2,17,12
West,Knight Hall,2022-02-17T13:00:00,,80.0,,,,,,,,0.0552,41.311922,-105.581147,2022,2,17,13
West,Knight Hall,2022-02-17T14:00:00,60.0,70.0,,,218.24,,,,0.0414,0.048299999999999996,41.311922,-105.581147,2022,2,17,14
West,Knight Hall,2022-02-17T15:00:00,80.0,80.0,,,209.25,,,,0.0552,0.0552,41.311922,-105.581147,2022,2,17,15
West,Knight Hall,2022-02-17T16:00:00,60.0,70.0,,,115.37,,,,0.0414,0.048299999999999996,41.311922,-105.581147,2022,2,17,16
West,Knight Hall,2022-02-17T17:00:00,60.0,50.0,,,6.88,,,,0.0414,0.034499999999999996,41.311922,-105.581147,2022,2,17,17
West,Knight Hall,2022-02-17T18:00:00,30.0,50.0,,,9.85,,,,0.0207,0.034499999999999996,41.311922,-105.581147,2022,2,17,18
West,Knight Hall,2022-02-17T19:00:00,40.0,30.0,,,12.96,,,,0.0276,0.0207,41.311922,-105.581147,2022,2,17,19
West,Knight Hall,2022-02-17T20:00:00,30.0,40.0,,,35.12,,,,0.0207,0.0276,41.311922,-105.581147,2022,2,17,20
West,Knight Hall,2022-02-17T21:00:00,30.0,30.0,,,7.85,,,,0.0207,0.0207,41.311922,-105.581147,2022,2,17,21
West,Knight Hall,2022-02-17T22:00:00,20.0,30.0,,,1.75,,,,0.0138,0.0207,41.311922,-105.581147,2022,2,17,22
West,Knight Hall,2022-02-17T23:00:00,30.0,20.0,,,0.5,,,,0.0207,0.0138,41.311922,-105.581147,2022,2,17,23
West,Knight Hall,2022-02-18T00:00:00,30.0,30.0,,,0.19,,,,0.0207,0.0207,41.311922,-105.581147,2022,2,18,0
West,Knight Hall,2022-02-18T01:00:00,30.0,30.0,,,1.73,,,,0.0207,0.0207,41.311922,-105.581147,2022,2,18,1
West,Knight Hall,2022-02-18T02:00:00,20.0,20.0,,,0.24,,,,0.0138,0.0138,41.311922,-105.581147,2022,2,18,2
West,Knight Hall,2022-02-18T03:00:00,30.0,30.0,,,0.0699999999999999,,,,0.0207,0.0207,41.311922,-105.581147,2022,2,18,3
West,Knight Hall,2022-02-18T04:00:00,20.0,30.0,,,0.5,,,,0.0138,0.0207,41.311922,-105.581147,2022,2,18,4
West,Knight Hall,2022-02-18T05:00:00,30.0,30.0,,,8.36,,,,0.0207,0.0207,41.311922,-105.581147,2022,2,18,5
West,Knight Hall,2022-02-18T06:00:00,30.0,30.0,,,36.67,,,,0.0207,0.0207,41.311922,-105.581147,2022,2,18,6
West,Knight Hall,2022-02-18T07:00:00,40.0,50.0,,,84.35,,,,0.0276,0.034499999999999996,41.311922,-105.581147,2022,2,18,7
West,Knight Hall,2022-02-18T08:00:00,60.0,60.0,,,126.0,,,,0.0414,0.0414,41.311922,-105.581147,2022,2,18,8
West,Knight Hall,2022-02-18T09:00:00,60.0,80.0,,,146.14,,,,0.0414,0.0552,41.311922,-105.581147,2022,2,18,9
West,Knight Hall,2022-02-18T10:00:00,70.0,70.0,,,172.72,,,,0.048299999999999996,0.048299999999999996,41.311922,-105.581147,2022,2,18,10
West,Knight Hall,2022-02-18T11:00:00,80.0,80.0,,,98.51,,,,0.0552,0.0552,41.311922,-105.581147,2022,2,18,11
West,Knight Hall,2022-02-18T12:00:00,50.0,70.0,,,57.61,,,,0.034499999999999996,0.048299999999999996,41.311922,-105.581147,2022,2,18,12
West,Knight Hall,2022-02-18T13:00:00,70.0,70.0,,,69.32,,,,0.048299999999999996,0.048299999999999996,41.311922,-105.581147,2022,2,18,13
West,Knight Hall,2022-02-18T14:00:00,50.0,70.0,,,99.87,,,,0.034499999999999996,0.048299999999999996,41.311922,-105.581147,2022,2,18,14
West,Knight Hall,2022-02-18T15:00:00,80.0,70.0,,,76.15,,,,0.0552,0.048299999999999996,41.311922,-105.581147,2022,2,18,15
West,Knight Hall,2022-02-18T16:00:00,50.0,70.0,,,71.91000000000001,,,,0.034499999999999996,0.048299999999999996,41.311922,-105.581147,2022,2,18,16
West,Knight Hall,2022-02-18T17:00:00,40.0,50.0,,,7.76,,,,0.0276,0.034499999999999996,41.311922,-105.581147,2022,2,18,17
West,Knight Hall,2022-02-18T18:00:00,30.0,40.0,,,19.68,,,,0.0207,0.0276,41.311922,-105.581147,2022,2,18,18
West,Knight Hall,2022-02-18T19:00:00,30.0,40.0,,,18.31,,,,0.0207,0.0276,41.311922,-105.581147,2022,2,18,19
West,Knight Hall,2022-02-18T20:00:00,30.0,30.0,,,10.8,,,,0.0207,0.0207,41.311922,-105.581147,2022,2,18,20
West,Knight Hall,2022-02-18T21:00:00,30.0,40.0,,,3.1000000000000005,,,,0.0207,0.0276,41.311922,-105.581147,2022,2,18,21
West,Knight Hall,2022-02-18T22:00:00,30.0,30.0,,,0.78,,,,0.0207,0.0207,41.311922,-105.581147,2022,2,18,22
West,Knight Hall,2022-02-18T23:00:00,20.0,30.0,,,0.86,,,,0.0138,0.0207,41.311922,-105.581147,2022,2,18,23
West,Knight Hall,2022-02-19T00:00:00,30.0,20.0,,,,,,,0.0207,0.0138,41.311922,-105.581147,2022,2,19,0
West,Knight Hall,2022-02-19T01:00:00,20.0,30.0,,,,,,,0.0138,0.0207,41.311922,-105.581147,2022,2,19,1
West,Knight Hall,2022-02-19T02:00:00,30.0,30.0,,,1.27,,,,0.0207,0.0207,41.311922,-105.581147,2022,2,19,2
West,Knight Hall,2022-02-19T03:00:00,20.0,20.0,,,,,,,0.0138,0.0138,41.311922,-105.581147,2022,2,19,3
West,Knight Hall,2022-02-19T04:00:00,20.0,30.0,,,0.86,,,,0.0138,0.0207,41.311922,-105.581147,2022,2,19,4
West,Knight Hall,2022-02-19T05:00:00,30.0,30.0,,,,,,,0.0207,0.0207,41.311922,-105.581147,2022,2,19,5
West,Knight Hall,2022-02-19T06:00:00,20.0,40.0,,,,,,,0.0138,0.0276,41.311922,-105.581147,2022,2,19,6
West,Knight Hall,2022-02-19T07:00:00,30.0,40.0,,,,,,,0.0207,0.0276,41.311922,-105.581147,2022,2,19,7
West,Knight Hall,2022-02-19T08:00:00,20.0,70.0,,,13.43,,,,0.0138,0.048299999999999996,41.311922,-105.581147,2022,2,19,8
West,Knight Hall,2022-02-19T09:00:00,40.0,80.0,,,0.71,,,,0.0276,0.0552,41.311922,-105.581147,2022,2,19,9
West,Knight Hall,2022-02-19T10:00:00,20.0,70.0,,,0.91,,,,0.0138,0.048299999999999996,41.311922,-105.581147,2022,2,19,10
West,Knight Hall,2022-02-19T11:00:00,30.0,80.0,,,0.88,,,,0.0207,0.0552,41.311922,-105.581147,2022,2,19,11
West,Knight Hall,2022-02-19T12:00:00,30.0,70.0,,,2.33,,,,0.0207,0.048299999999999996,41.311922,-105.581147,2022,2,19,12
West,Knight Hall,2022-02-19T13:00:00,20.0,70.0,,,1.27,,,,0.0138,0.048299999999999996,41.311922,-105.581147,2022,2,19,13
West,Knight Hall,2022-02-19T14:00:00,30.0,70.0,,,,,,,0.0207,0.048299999999999996,41.311922,-105.581147,2022,2,19,14
West,Knight Hall,2022-02-19T15:00:00,30.0,70.0,,,1.03,,,,0.0207,0.048299999999999996,41.311922,-105.581147,2022,2,19,15
West,Knight Hall,2022-02-19T16:00:00,20.0,70.0,,,0.04,,,,0.0138,0.048299999999999996,41.311922,-105.581147,2022,2,19,16
West,Knight Hall,2022-02-19T17:00:00,30.0,50.0,,,,,,,0.0207,0.034499999999999996,41.311922,-105.581147,2022,2,19,17
West,Knight Hall,2022-02-19T18:00:00,20.0,40.0,,,0.02,,,,0.0138,0.0276,41.311922,-105.581147,2022,2,19,18
West,Knight Hall,2022-02-19T19:00:00,30.0,40.0,,,,,,,0.0207,0.0276,41.311922,-105.581147,2022,2,19,19
West,Knight Hall,2022-02-19T20:00:00,20.0,40.0,,,0.88,,,,0.0138,0.0276,41.311922,-105.581147,2022,2,19,20
West,Knight Hall,2022-02-19T21:00:00,30.0,30.0,,,,,,,0.0207,0.0207,41.311922,-105.581147,2022,2,19,21
West,Knight Hall,2022-02-19T22:00:00,20.0,30.0,,,,,,,0.0138,0.0207,41.311922,-105.581147,2022,2,19,22
West,Knight Hall,2022-02-19T23:00:00,30.0,30.0,,,,,,,0.0207,0.0207,41.311922,-105.581147,2022,2,19,23
West,Knight Hall,2022-02-20T00:00:00,20.0,30.0,,,,,,,0.0138,0.0207,41.311922,-105.581147,2022,2,20,0
West,Knight Hall,2022-02-20T01:00:00,30.0,30.0,,,,,,,0.0207,0.0207,41.311922,-105.581147,2022,2,20,1
West,Knight Hall,2022-02-20T02:00:00,20.0,30.0,,,,,,,0.0138,0.0207,41.311922,-105.581147,2022,2,20,2
West,Knight Hall,2022-02-20T03:00:00,30.0,20.0,,,1.25,,,,0.0207,0.0138,41.311922,-105.581147,2022,2,20,3
West,Knight Hall,2022-02-20T04:00:00,20.0,30.0,,,,,,,0.0138,0.0207,41.311922,-105.581147,2022,2,20,4
West,Knight Hall,2022-02-20T05:00:00,30.0,30.0,,,,,,,0.0207,0.0207,41.311922,-105.581147,2022,2,20,5
West,Knight Hall,2022-02-20T06:00:00,20.0,30.0,,,0.88,,,,0.0138,0.0207,41.311922,-105.581147,2022,2,20,6
West,Knight Hall,2022-02-20T07:00:00,30.0,30.0,,,,,,,0.0207,0.0207,41.311922,-105.581147,2022,2,20,7
West,Knight Hall,2022-02-20T08:00:00,20.0,30.0,,,0.41,,,,0.0138,0.0207,41.311922,-105.581147,2022,2,20,8
West,Knight Hall,2022-02-20T09:00:00,30.0,30.0,,,0.8999999999999999,,,,0.0207,0.0207,41.311922,-105.581147,2022,2,20,9
West,Knight Hall,2022-02-20T10:00:00,30.0,30.0,,,,,,,0.0207,0.0207,41.311922,-105.581147,2022,2,20,10
West,Knight Hall,2022-02-20T11:00:00,30.0,40.0,,,,,,,0.0207,0.0276,41.311922,-105.581147,2022,2,20,11
West,Knight Hall,2022-02-20T12:00:00,20.0,30.0,,,2.09,,,,0.0138,0.0207,41.311922,-105.581147,2022,2,20,12
West,Knight Hall,2022-02-20T13:00:00,30.0,30.0,,,4.25,,,,0.0207,0.0207,41.311922,-105.581147,2022,2,20,13
West,Knight Hall,2022-02-20T14:00:00,30.0,30.0,,,0.48,,,,0.0207,0.0207,41.311922,-105.581147,2022,2,20,14
West,Knight Hall,2022-02-20T15:00:00,30.0,40.0,,,0.17,,,,0.0207,0.0276,41.311922,-105.581147,2022,2,20,15
West,Knight Hall,2022-02-20T16:00:00,20.0,20.0,,,,,,,0.0138,0.0138,41.311922,-105.581147,2022,2,20,16
West,Knight Hall,2022-02-20T17:00:00,30.0,30.0,,,0.13,,,,0.0207,0.0207,41.311922,-105.581147,2022,2,20,17
West,Knight Hall,2022-02-20T18:00:00,20.0,30.0,,,3.28,,,,0.0138,0.0207,41.311922,-105.581147,2022,2,20,18
West,Knight Hall,2022-02-20T19:00:00,30.0,30.0,,,0.09,,,,0.0207,0.0207,41.311922,-105.581147,2022,2,20,19
West,Knight Hall,2022-02-20T20:00:00,30.0,30.0,,,,,,,0.0207,0.0207,41.311922,-105.581147,2022,2,20,20
West,Knight Hall,2022-02-20T21:00:00,20.0,30.0,,,1.38,,,,0.0138,0.0207,41.311922,-105.581147,2022,2,20,21
West,Knight Hall,2022-02-20T22:00:00,30.0,20.0,,,,,,,0.0207,0.0138,41.311922,-105.581147,2022,2,20,22
West,Knight Hall,2022-02-20T23:00:00,20.0,30.0,,,,,,,0.0138,0.0207,41.311922,-105.581147,2022,2,20,23
West,Knight Hall,2022-02-21T00:00:00,30.0,30.0,,,,,,,0.0207,0.0207,41.311922,-105.581147,2022,2,21,0
West,Knight Hall,2022-02-21T01:00:00,20.0,30.0,,,,,,,0.0138,0.0207,41.311922,-105.581147,2022,2,21,1
West,Knight Hall,2022-02-21T02:00:00,30.0,40.0,,,,,,,0.0207,0.0276,41.311922,-105.581147,2022,2,21,2
West,Knight Hall,2022-02-21T03:00:00,30.0,30.0,,,,,,,0.0207,0.0207,41.311922,-105.581147,2022,2,21,3
West,Knight Hall,2022-02-21T04:00:00,30.0,30.0,,,1.72,,,,0.0207,0.0207,41.311922,-105.581147,2022,2,21,4
West,Knight Hall,2022-02-21T05:00:00,20.0,30.0,,,9.47,,,,0.0138,0.0207,41.311922,-105.581147,2022,2,21,5
West,Knight Hall,2022-02-21T06:00:00,30.0,30.0,,,50.06,,,,0.0207,0.0207,41.311922,-105.581147,2022,2,21,6
West,Knight Hall,2022-02-21T07:00:00,50.0,30.0,,,97.63,,,,0.034499999999999996,0.0207,41.311922,-105.581147,2022,2,21,7
West,Knight Hall,2022-02-21T08:00:00,60.0,30.0,,,114.45,,,,0.0414,0.0207,41.311922,-105.581147,2022,2,21,8
West,Knight Hall,2022-02-21T09:00:00,60.0,30.0,,,108.6,,,,0.0414,0.0207,41.311922,-105.581147,2022,2,21,9
West,Knight Hall,2022-02-21T10:00:00,70.0,30.0,,,,,,,0.048299999999999996,0.0207,41.311922,-105.581147,2022,2,21,10
West,Knight Hall,2022-02-21T11:00:00,70.0,40.0,,,,,,,0.048299999999999996,0.0276,41.311922,-105.581147,2022,2,21,11
West,Knight Hall,2022-02-21T12:00:00,60.0,30.0,,,229.43,,,,0.0414,0.0207,41.311922,-105.581147,2022,2,21,12
West,Knight Hall,2022-02-21T13:00:00,70.0,30.0,,,221.88,,,,0.048299999999999996,0.0207,41.311922,-105.581147,2022,2,21,13
West,Knight Hall,2022-02-21T14:00:00,70.0,30.0,,,,,,,0.048299999999999996,0.0207,41.311922,-105.581147,2022,2,21,14
West,Knight Hall,2022-02-21T15:00:00,70.0,40.0,,,224.08,,,,0.048299999999999996,0.0276,41.311922,-105.581147,2022,2,21,15
West,Knight Hall,2022-02-21T16:00:00,70.0,20.0,,,229.34,,,,0.048299999999999996,0.0138,41.311922,-105.581147,2022,2,21,16
West,Knight Hall,2022-02-21T17:00:00,40.0,30.0,,,191.53,,,,0.0276,0.0207,41.311922,-105.581147,2022,2,21,17
West,Knight Hall,2022-02-21T18:00:00,40.0,30.0,,,30.7,,,,0.0276,0.0207,41.311922,-105.581147,2022,2,21,18
West,Knight Hall,2022-02-21T19:00:00,30.0,30.0,,,14.470000000000002,,,,0.0207,0.0207,41.311922,-105.581147,2022,2,21,19
West,Knight Hall,2022-02-21T20:00:00,30.0,30.0,,,2.5700000000000003,,,,0.0207,0.0207,41.311922,-105.581147,2022,2,21,20
West,Knight Hall,2022-02-21T21:00:00,30.0,30.0,,,2.48,,,,0.0207,0.0207,41.311922,-105.581147,2022,2,21,21
West,Knight Hall,2022-02-21T22:00:00,20.0,30.0,,,,,,,0.0138,0.0207,41.311922,-105.581147,2022,2,21,22
West,Knight Hall,2022-02-21T23:00:00,30.0,30.0,,,,,,,0.0207,0.0207,41.311922,-105.581147,2022,2,21,23
West,Knight Hall,2022-02-22T00:00:00,20.0,30.0,,,0.8999999999999999,,,,0.0138,0.0207,41.311922,-105.581147,2022,2,22,0
West,Knight Hall,2022-02-22T01:00:00,30.0,30.0,,,,,,,0.0207,0.0207,41.311922,-105.581147,2022,2,22,1
West,Knight Hall,2022-02-22T02:00:00,20.0,30.0,,,,,,,0.0138,0.0207,41.311922,-105.581147,2022,2,22,2
West,Knight Hall,2022-02-22T03:00:00,30.0,30.0,,,,,,,0.0207,0.0207,41.311922,-105.581147,2022,2,22,3
West,Knight Hall,2022-02-22T04:00:00,20.0,30.0,,,,,,,0.0138,0.0207,41.311922,-105.581147,2022,2,22,4
West,Knight Hall,2022-02-22T05:00:00,30.0,30.0,,,3.64,,,,0.0207,0.0207,41.311922,-105.581147,2022,2,22,5
West,Knight Hall,2022-02-22T06:00:00,30.0,40.0,,,26.63,,,,0.0207,0.0276,41.311922,-105.581147,2022,2,22,6
West,Knight Hall,2022-02-22T07:00:00,40.0,40.0,,,115.24,,,,0.0276,0.0276,41.311922,-105.581147,2022,2,22,7
West,Knight Hall,2022-02-22T08:00:00,80.0,70.0,,,111.02,,,,0.0552,0.048299999999999996,41.311922,-105.581147,2022,2,22,8
West,Knight Hall,2022-02-22T09:00:00,80.0,70.0,,,210.3,,,,0.0552,0.048299999999999996,41.311922,-105.581147,2022,2,22,9
West,Knight Hall,2022-02-22T10:00:00,80.0,80.0,,,,,,,0.0552,0.0552,41.311922,-105.581147,2022,2,22,10
West,Knight Hall,2022-02-22T11:00:00,70.0,80.0,,,,,,,0.048299999999999996,0.0552,41.311922,-105.581147,2022,2,22,11
West,Knight Hall,2022-02-22T12:00:00,80.0,70.0,,,191.53,,,,0.0552,0.048299999999999996,41.311922,-105.581147,2022,2,22,12
West,Knight Hall,2022-02-22T13:00:00,70.0,70.0,,,167.87,,,,0.048299999999999996,0.048299999999999996,41.311922,-105.581147,2022,2,22,13
West,Knight Hall,2022-02-22T14:00:00,80.0,70.0,,,131.18,,,,0.0552,0.048299999999999996,41.311922,-105.581147,2022,2,22,14
West,Knight Hall,2022-02-22T15:00:00,80.0,70.0,,,129.92999999999998,,,,0.0552,0.048299999999999996,41.311922,-105.581147,2022,2,22,15
West,Knight Hall,2022-02-22T16:00:00,70.0,70.0,,,65.41,,,,0.048299999999999996,0.048299999999999996,41.311922,-105.581147,2022,2,22,16
West,Knight Hall,2022-02-22T17:00:00,50.0,50.0,,,15.44,,,,0.034499999999999996,0.034499999999999996,41.311922,-105.581147,2022,2,22,17
West,Knight Hall,2022-02-22T18:00:00,40.0,50.0,,,40.64,,,,0.0276,0.034499999999999996,41.311922,-105.581147,2022,2,22,18
West,Knight Hall,2022-02-22T19:00:00,40.0,40.0,,,9.38,,,,0.0276,0.0276,41.311922,-105.581147,2022,2,22,19
West,Knight Hall,2022-02-22T20:00:00,30.0,40.0,,,28.76,,,,0.0207,0.0276,41.311922,-105.581147,2022,2,22,20
West,Knight Hall,2022-02-22T21:00:00,30.0,30.0,,,0.02,,,,0.0207,0.0207,41.311922,-105.581147,2022,2,22,21
West,Knight Hall,2022-02-22T22:00:00,30.0,40.0,,,,,,,0.0207,0.0276,41.311922,-105.581147,2022,2,22,22
West,Knight Hall,2022-02-22T23:00:00,30.0,20.0,,,,,,,0.0207,0.0138,41.311922,-105.581147,2022,2,22,23
West,Knight Hall,2022-02-23T00:00:00,30.0,30.0,,,0.93,,,,0.0207,0.0207,41.311922,-105.581147,2022,2,23,0
West,Knight Hall,2022-02-23T01:00:00,20.0,30.0,,,,,,,0.0138,0.0207,41.311922,-105.581147,2022,2,23,1
West,Knight Hall,2022-02-23T02:00:00,30.0,30.0,,,,,,,0.0207,0.0207,41.311922,-105.581147,2022,2,23,2
West,Knight Hall,2022-02-23T03:00:00,30.0,30.0,,,,,,,0.0207,0.0207,41.311922,-105.581147,2022,2,23,3
West,Knight Hall,2022-02-23T04:00:00,30.0,30.0,,,1.5100000000000002,,,,0.0207,0.0207,41.311922,-105.581147,2022,2,23,4
West,Knight Hall,2022-02-23T05:00:00,30.0,30.0,,,7.81,,,,0.0207,0.0207,41.311922,-105.581147,2022,2,23,5
West,Knight Hall,2022-02-23T06:00:00,30.0,40.0,,,29.78,,,,0.0207,0.0276,41.311922,-105.581147,2022,2,23,6
West,Knight Hall,2022-02-23T07:00:00,60.0,40.0,,,74.54,,,,0.0414,0.0276,41.311922,-105.581147,2022,2,23,7
West,Knight Hall,2022-02-23T08:00:00,70.0,70.0,,,139.13,,,,0.048299999999999996,0.048299999999999996,41.311922,-105.581147,2022,2,23,8
West,Knight Hall,2022-02-23T09:00:00,,70.0,,,,,,,,0.048299999999999996,41.311922,-105.581147,2022,2,23,9
West,Knight Hall,2022-02-23T10:00:00,70.0,80.0,,,,,,,0.048299999999999996,0.0552,41.311922,-105.581147,2022,2,23,10
West,Knight Hall,2022-02-23T11:00:00,,70.0,,,,,,,,0.048299999999999996,41.311922,-105.581147,2022,2,23,11
West,Knight Hall,2022-02-23T12:00:00,70.0,70.0,,,,,,,0.048299999999999996,0.048299999999999996,41.311922,-105.581147,2022,2,23,12
West,Knight Hall,2022-02-23T13:00:00,,70.0,,,,,,,,0.048299999999999996,41.311922,-105.581147,2022,2,23,13
West,Knight Hall,2022-02-23T14:00:00,60.0,80.0,,,,,,,0.0414,0.0552,41.311922,-105.581147,2022,2,23,14
West,Knight Hall,2022-02-23T15:00:00,,70.0,,,216.36,,,,,0.048299999999999996,41.311922,-105.581147,2022,2,23,15
West,Knight Hall,2022-02-23T16:00:00,70.0,70.0,,,224.38,,,,0.048299999999999996,0.048299999999999996,41.311922,-105.581147,2022,2,23,16
West,Knight Hall,2022-02-23T17:00:00,60.0,50.0,,,11.3,,,,0.0414,0.034499999999999996,41.311922,-105.581147,2022,2,23,17
West,Knight Hall,2022-02-23T18:00:00,30.0,50.0,,,32.88,,,,0.0207,0.034499999999999996,41.311922,-105.581147,2022,2,23,18
West,Knight Hall,2022-02-23T19:00:00,40.0,30.0,,,15.89,,,,0.0276,0.0207,41.311922,-105.581147,2022,2,23,19
West,Knight Hall,2022-02-23T20:00:00,30.0,30.0,,,28.68,,,,0.0207,0.0207,41.311922,-105.581147,2022,2,23,20
West,Knight Hall,2022-02-23T21:00:00,40.0,40.0,,,4.699999999999999,,,,0.0276,0.0276,41.311922,-105.581147,2022,2,23,21
West,Knight Hall,2022-02-23T22:00:00,20.0,30.0,,,3.9,,,,0.0138,0.0207,41.311922,-105.581147,2022,2,23,22
West,Knight Hall,2022-02-23T23:00:00,30.0,30.0,,,3.1900000000000004,,,,0.0207,0.0207,41.311922,-105.581147,2022,2,23,23
West,Knight Hall,2022-02-24T00:00:00,30.0,30.0,,,4.3100000000000005,,,,0.0207,0.0207,41.311922,-105.581147,2022,2,24,0
West,Knight Hall,2022-02-24T01:00:00,30.0,20.0,,,2.57,,,,0.0207,0.0138,41.311922,-105.581147,2022,2,24,1
West,Knight Hall,2022-02-24T02:00:00,20.0,30.0,,,0.15,,,,0.0138,0.0207,41.311922,-105.581147,2022,2,24,2
West,Knight Hall,2022-02-24T03:00:00,30.0,30.0,,,3.1900000000000004,,,,0.0207,0.0207,41.311922,-105.581147,2022,2,24,3
West,Knight Hall,2022-02-24T04:00:00,30.0,30.0,,,0.95,,,,0.0207,0.0207,41.311922,-105.581147,2022,2,24,4
West,Knight Hall,2022-02-24T05:00:00,30.0,30.0,,,0.37,,,,0.0207,0.0207,41.311922,-105.581147,2022,2,24,5
West,Knight Hall,2022-02-24T06:00:00,30.0,30.0,,,41.48,,,,0.0207,0.0207,41.311922,-105.581147,2022,2,24,6
West,Knight Hall,2022-02-24T07:00:00,50.0,50.0,,,85.44,,,,0.034499999999999996,0.034499999999999996,41.311922,-105.581147,2022,2,24,7
West,Knight Hall,2022-02-24T08:00:00,70.0,70.0,,,118.17999999999998,,,,0.048299999999999996,0.048299999999999996,41.311922,-105.581147,2022,2,24,8
West,Knight Hall,2022-02-24T09:00:00,,70.0,,,137.0,,,,,0.048299999999999996,41.311922,-105.581147,2022,2,24,9
West,Knight Hall,2022-02-24T10:00:00,70.0,70.0,,,86.68,,,,0.048299999999999996,0.048299999999999996,41.311922,-105.581147,2022,2,24,10
West,Knight Hall,2022-02-24T11:00:00,70.0,70.0,,,104.2,,,,0.048299999999999996,0.048299999999999996,41.311922,-105.581147,2022,2,24,11
West,Knight Hall,2022-02-24T12:00:00,80.0,70.0,,,100.43,,,,0.0552,0.048299999999999996,41.311922,-105.581147,2022,2,24,12
West,Knight Hall,2022-02-24T13:00:00,,70.0,,,90.73000000000002,,,,,0.048299999999999996,41.311922,-105.581147,2022,2,24,13
West,Knight Hall,2022-02-24T14:00:00,60.0,70.0,,,84.5,,,,0.0414,0.048299999999999996,41.311922,-105.581147,2022,2,24,14
West,Knight Hall,2022-02-24T15:00:00,,70.0,,,120.7,,,,,0.048299999999999996,41.311922,-105.581147,2022,2,24,15
West,Knight Hall,2022-02-24T16:00:00,60.0,60.0,,,24.8,,,,0.0414,0.0414,41.311922,-105.581147,2022,2,24,16
West,Knight Hall,2022-02-24T17:00:00,60.0,60.0,,,12.76,,,,0.0414,0.0414,41.311922,-105.581147,2022,2,24,17
West,Knight Hall,2022-02-24T18:00:00,50.0,40.0,,,6.8100000000000005,,,,0.034499999999999996,0.0276,41.311922,-105.581147,2022,2,24,18
West,Knight Hall,2022-02-24T19:00:00,40.0,40.0,,,34.41,,,,0.0276,0.0276,41.311922,-105.581147,2022,2,24,19
West,Knight Hall,2022-02-24T20:00:00,30.0,30.0,,,4.36,,,,0.0207,0.0207,41.311922,-105.581147,2022,2,24,20
West,Knight Hall,2022-02-24T21:00:00,20.0,40.0,,,0.4499999999999999,,,,0.0138,0.0276,41.311922,-105.581147,2022,2,24,21
West,Knight Hall,2022-02-24T22:00:00,30.0,20.0,,,0.93,,,,0.0207,0.0138,41.311922,-105.581147,2022,2,24,22
West,Knight Hall,2022-02-24T23:00:00,40.0,30.0,,,0.02,,,,0.0276,0.0207,41.311922,-105.581147,2022,2,24,23
West,Knight Hall,2022-02-25T00:00:00,20.0,30.0,,,0.8600000000000001,,,,0.0138,0.0207,41.311922,-105.581147,2022,2,25,0
West,Knight Hall,2022-02-25T01:00:00,20.0,30.0,,,,,,,0.0138,0.0207,41.311922,-105.581147,2022,2,25,1
West,Knight Hall,2022-02-25T02:00:00,30.0,30.0,,,,,,,0.0207,0.0207,41.311922,-105.581147,2022,2,25,2
West,Knight Hall,2022-02-25T03:00:00,30.0,30.0,,,,,,,0.0207,0.0207,41.311922,-105.581147,2022,2,25,3
West,Knight Hall,2022-02-25T04:00:00,30.0,30.0,,,2.26,,,,0.0207,0.0207,41.311922,-105.581147,2022,2,25,4
West,Knight Hall,2022-02-25T05:00:00,30.0,40.0,,,1.66,,,,0.0207,0.0276,41.311922,-105.581147,2022,2,25,5
West,Knight Hall,2022-02-25T06:00:00,30.0,30.0,,,32.88,,,,0.0207,0.0207,41.311922,-105.581147,2022,2,25,6
West,Knight Hall,2022-02-25T07:00:00,40.0,40.0,,,188.92,,,,0.0276,0.0276,41.311922,-105.581147,2022,2,25,7
West,Knight Hall,2022-02-25T08:00:00,70.0,70.0,,,210.11,,,,0.048299999999999996,0.048299999999999996,41.311922,-105.581147,2022,2,25,8
West,Knight Hall,2022-02-25T09:00:00,80.0,80.0,,,115.67,,,,0.0552,0.0552,41.311922,-105.581147,2022,2,25,9
West,Knight Hall,2022-02-25T10:00:00,80.0,80.0,,,,,,,0.0552,0.0552,41.311922,-105.581147,2022,2,25,10
West,Knight Hall,2022-02-25T11:00:00,,70.0,,,,,,,,0.048299999999999996,41.311922,-105.581147,2022,2,25,11
West,Knight Hall,2022-02-25T12:00:00,60.0,70.0,,,,,,,0.0414,0.048299999999999996,41.311922,-105.581147,2022,2,25,12
West,Knight Hall,2022-02-25T13:00:00,,70.0,,,,,,,,0.048299999999999996,41.311922,-105.581147,2022,2,25,13
West,Knight Hall,2022-02-25T14:00:00,60.0,70.0,,,,,,,0.0414,0.048299999999999996,41.311922,-105.581147,2022,2,25,14
West,Knight Hall,2022-02-25T15:00:00,,70.0,,,51.510000000000005,,,,,0.048299999999999996,41.311922,-105.581147,2022,2,25,15
West,Knight Hall,2022-02-25T16:00:00,50.0,60.0,,,36.52,,,,0.034499999999999996,0.0414,41.311922,-105.581147,2022,2,25,16
West,Knight Hall,2022-02-25T17:00:00,50.0,60.0,,,26.18,,,,0.034499999999999996,0.0414,41.311922,-105.581147,2022,2,25,17
West,Knight Hall,2022-02-25T18:00:00,40.0,40.0,,,39.44,,,,0.0276,0.0276,41.311922,-105.581147,2022,2,25,18
West,Knight Hall,2022-02-25T19:00:00,30.0,40.0,,,15.830000000000002,,,,0.0207,0.0276,41.311922,-105.581147,2022,2,25,19
West,Knight Hall,2022-02-25T20:00:00,40.0,40.0,,,10.65,,,,0.0276,0.0276,41.311922,-105.581147,2022,2,25,20
West,Knight Hall,2022-02-25T21:00:00,30.0,30.0,,,0.06,,,,0.0207,0.0207,41.311922,-105.581147,2022,2,25,21
West,Knight Hall,2022-02-25T22:00:00,30.0,30.0,,,1.73,,,,0.0207,0.0207,41.311922,-105.581147,2022,2,25,22
West,Knight Hall,2022-02-25T23:00:00,30.0,30.0,,,0.88,,,,0.0207,0.0207,41.311922,-105.581147,2022,2,25,23
West,Knight Hall,2022-02-26T00:00:00,20.0,20.0,,,0.78,,,,0.0138,0.0138,41.311922,-105.581147,2022,2,26,0
West,Knight Hall,2022-02-26T01:00:00,30.0,30.0,,,,,,,0.0207,0.0207,41.311922,-105.581147,2022,2,26,1
West,Knight Hall,2022-02-26T02:00:00,20.0,30.0,,,0.88,,,,0.0138,0.0207,41.311922,-105.581147,2022,2,26,2
West,Knight Hall,2022-02-26T03:00:00,40.0,30.0,,,0.86,,,,0.0276,0.0207,41.311922,-105.581147,2022,2,26,3
West,Knight Hall,2022-02-26T04:00:00,20.0,30.0,,,,,,,0.0138,0.0207,41.311922,-105.581147,2022,2,26,4
West,Knight Hall,2022-02-26T05:00:00,30.0,30.0,,,,,,,0.0207,0.0207,41.311922,-105.581147,2022,2,26,5
West,Knight Hall,2022-02-26T06:00:00,20.0,30.0,,,,,,,0.0138,0.0207,41.311922,-105.581147,2022,2,26,6
West,Knight Hall,2022-02-26T07:00:00,40.0,50.0,,,15.01,,,,0.0276,0.034499999999999996,41.311922,-105.581147,2022,2,26,7
West,Knight Hall,2022-02-26T08:00:00,20.0,70.0,,,6.25,,,,0.0138,0.048299999999999996,41.311922,-105.581147,2022,2,26,8
West,Knight Hall,2022-02-26T09:00:00,30.0,70.0,,,4.290000000000001,,,,0.0207,0.048299999999999996,41.311922,-105.581147,2022,2,26,9
West,Knight Hall,2022-02-26T10:00:00,30.0,70.0,,,0.48,,,,0.0207,0.048299999999999996,41.311922,-105.581147,2022,2,26,10
West,Knight Hall,2022-02-26T11:00:00,30.0,70.0,,,2.69,,,,0.0207,0.048299999999999996,41.311922,-105.581147,2022,2,26,11
West,Knight Hall,2022-02-26T12:00:00,40.0,70.0,,,2.91,,,,0.0276,0.048299999999999996,41.311922,-105.581147,2022,2,26,12
West,Knight Hall,2022-02-26T13:00:00,30.0,70.0,,,0.15,,,,0.0207,0.048299999999999996,41.311922,-105.581147,2022,2,26,13
West,Knight Hall,2022-02-26T14:00:00,30.0,70.0,,,4.4,,,,0.0207,0.048299999999999996,41.311922,-105.581147,2022,2,26,14
West,Knight Hall,2022-02-26T15:00:00,30.0,60.0,,,8.3,,,,0.0207,0.0414,41.311922,-105.581147,2022,2,26,15
West,Knight Hall,2022-02-26T16:00:00,30.0,60.0,,,0.11,,,,0.0207,0.0414,41.311922,-105.581147,2022,2,26,16
West,Knight Hall,2022-02-26T17:00:00,30.0,50.0,,,0.0699999999999999,,,,0.0207,0.034499999999999996,41.311922,-105.581147,2022,2,26,17
West,Knight Hall,2022-02-26T18:00:00,20.0,40.0,,,0.02,,,,0.0138,0.0276,41.311922,-105.581147,2022,2,26,18
West,Knight Hall,2022-02-26T19:00:00,30.0,30.0,,,0.39,,,,0.0207,0.0207,41.311922,-105.581147,2022,2,26,19
West,Knight Hall,2022-02-26T20:00:00,30.0,40.0,,,,,,,0.0207,0.0276,41.311922,-105.581147,2022,2,26,20
West,Knight Hall,2022-02-26T21:00:00,30.0,30.0,,,,,,,0.0207,0.0207,41.311922,-105.581147,2022,2,26,21
West,Knight Hall,2022-02-26T22:00:00,30.0,30.0,,,,,,,0.0207,0.0207,41.311922,-105.581147,2022,2,26,22
West,Knight Hall,2022-02-26T23:00:00,30.0,30.0,,,0.8999999999999999,,,,0.0207,0.0207,41.311922,-105.581147,2022,2,26,23
West,Knight Hall,2022-02-27T00:00:00,30.0,20.0,,,,,,,0.0207,0.0138,41.311922,-105.581147,2022,2,27,0
West,Knight Hall,2022-02-27T01:00:00,30.0,30.0,,,,,,,0.0207,0.0207,41.311922,-105.581147,2022,2,27,1
West,Knight Hall,2022-02-27T02:00:00,20.0,30.0,,,,,,,0.0138,0.0207,41.311922,-105.581147,2022,2,27,2
West,Knight Hall,2022-02-27T03:00:00,30.0,20.0,,,,,,,0.0207,0.0138,41.311922,-105.581147,2022,2,27,3
West,Knight Hall,2022-02-27T04:00:00,30.0,30.0,,,0.88,,,,0.0207,0.0207,41.311922,-105.581147,2022,2,27,4
West,Knight Hall,2022-02-27T05:00:00,40.0,30.0,,,,,,,0.0276,0.0207,41.311922,-105.581147,2022,2,27,5
West,Knight Hall,2022-02-27T06:00:00,20.0,30.0,,,0.02,,,,0.0138,0.0207,41.311922,-105.581147,2022,2,27,6
West,Knight Hall,2022-02-27T07:00:00,30.0,30.0,,,0.02,,,,0.0207,0.0207,41.311922,-105.581147,2022,2,27,7
West,Knight Hall,2022-02-27T08:00:00,30.0,30.0,,,0.13,,,,0.0207,0.0207,41.311922,-105.581147,2022,2,27,8
West,Knight Hall,2022-02-27T09:00:00,40.0,30.0,,,0.5,,,,0.0276,0.0207,41.311922,-105.581147,2022,2,27,9
West,Knight Hall,2022-02-27T10:00:00,20.0,40.0,,,0.17,,,,0.0138,0.0276,41.311922,-105.581147,2022,2,27,10
West,Knight Hall,2022-02-27T11:00:00,40.0,30.0,,,0.07,,,,0.0276,0.0207,41.311922,-105.581147,2022,2,27,11
West,Knight Hall,2022-02-27T12:00:00,20.0,30.0,,,0.3399999999999999,,,,0.0138,0.0207,41.311922,-105.581147,2022,2,27,12
West,Knight Hall,2022-02-27T13:00:00,40.0,30.0,,,1.75,,,,0.0276,0.0207,41.311922,-105.581147,2022,2,27,13
West,Knight Hall,2022-02-27T14:00:00,30.0,30.0,,,2.93,,,,0.0207,0.0207,41.311922,-105.581147,2022,2,27,14
West,Knight Hall,2022-02-27T15:00:00,30.0,30.0,,,19.86,,,,0.0207,0.0207,41.311922,-105.581147,2022,2,27,15
West,Knight Hall,2022-02-27T16:00:00,30.0,30.0,,,3.25,,,,0.0207,0.0207,41.311922,-105.581147,2022,2,27,16
West,Knight Hall,2022-02-27T17:00:00,30.0,20.0,,,0.04,,,,0.0207,0.0138,41.311922,-105.581147,2022,2,27,17
West,Knight Hall,2022-02-27T18:00:00,30.0,30.0,,,0.04,,,,0.0207,0.0207,41.311922,-105.581147,2022,2,27,18
West,Knight Hall,2022-02-27T19:00:00,30.0,30.0,,,3.1500000000000004,,,,0.0207,0.0207,41.311922,-105.581147,2022,2,27,19
West,Knight Hall,2022-02-27T20:00:00,20.0,30.0,,,,,,,0.0138,0.0207,41.311922,-105.581147,2022,2,27,20
West,Knight Hall,2022-02-27T21:00:00,40.0,20.0,,,0.88,,,,0.0276,0.0138,41.311922,-105.581147,2022,2,27,21
West,Knight Hall,2022-02-27T22:00:00,20.0,30.0,,,,,,,0.0138,0.0207,41.311922,-105.581147,2022,2,27,22
West,Knight Hall,2022-02-27T23:00:00,30.0,30.0,,,,,,,0.0207,0.0207,41.311922,-105.581147,2022,2,27,23
West,Knight Hall,2022-02-28T00:00:00,30.0,30.0,,,,,,,0.0207,0.0207,41.311922,-105.581147,2022,2,28,0
West,Knight Hall,2022-02-28T01:00:00,20.0,30.0,,,,,,,0.0138,0.0207,41.311922,-105.581147,2022,2,28,1
West,Knight Hall,2022-02-28T02:00:00,30.0,20.0,,,,,,,0.0207,0.0138,41.311922,-105.581147,2022,2,28,2
West,Knight Hall,2022-02-28T03:00:00,30.0,30.0,,,,,,,0.0207,0.0207,41.311922,-105.581147,2022,2,28,3
West,Knight Hall,2022-02-28T04:00:00,30.0,30.0,,,1.62,,,,0.0207,0.0207,41.311922,-105.581147,2022,2,28,4
West,Knight Hall,2022-02-28T05:00:00,40.0,30.0,,,0.6,,,,0.0276,0.0207,41.311922,-105.581147,2022,2,28,5
West,Knight Hall,2022-02-28T06:00:00,20.0,30.0,,,33.18,,,,0.0138,0.0207,41.311922,-105.581147,2022,2,28,6
West,Knight Hall,2022-02-28T07:00:00,60.0,20.0,,,109.44,,,,0.0414,0.0138,41.311922,-105.581147,2022,2,28,7
West,Knight Hall,2022-02-28T08:00:00,60.0,30.0,,,144.09,,,,0.0414,0.0207,41.311922,-105.581147,2022,2,28,8
West,Knight Hall,2022-02-28T09:00:00,,40.0,,,,,,,,0.0276,41.311922,-105.581147,2022,2,28,9
West,Knight Hall,2022-02-28T10:00:00,60.0,30.0,,,,,,,0.0414,0.0207,41.311922,-105.581147,2022,2,28,10
West,Knight Hall,2022-02-28T11:00:00,,30.0,,,,,,,,0.0207,41.311922,-105.581147,2022,2,28,11
West,Knight Hall,2022-02-28T12:00:00,60.0,30.0,,,78.91000000000001,,,,0.0414,0.0207,41.311922,-105.581147,2022,2,28,12
West,Knight Hall,2022-02-28T13:00:00,80.0,40.0,,,74.61999999999999,,,,0.0552,0.0276,41.311922,-105.581147,2022,2,28,13
West,Knight Hall,2022-02-28T14:00:00,70.0,30.0,,,104.98,,,,0.048299999999999996,0.0207,41.311922,-105.581147,2022,2,28,14
West,Knight Hall,2022-02-28T15:00:00,80.0,30.0,,,88.74000000000001,,,,0.0552,0.0207,41.311922,-105.581147,2022,2,28,15
West,Knight Hall,2022-02-28T16:00:00,60.0,30.0,,,26.5,,,,0.0414,0.0207,41.311922,-105.581147,2022,2,28,16
West,Knight Hall,2022-02-28T17:00:00,50.0,30.0,,,16.56,,,,0.034499999999999996,0.0207,41.311922,-105.581147,2022,2,28,17
West,Knight Hall,2022-02-28T18:00:00,40.0,30.0,,,4.739999999999999,,,,0.0276,0.0207,41.311922,-105.581147,2022,2,28,18
West,Knight Hall,2022-02-28T19:00:00,40.0,40.0,,,28.87,,,,0.0276,0.0276,41.311922,-105.581147,2022,2,28,19
West,Knight Hall,2022-02-28T20:00:00,20.0,30.0,,,2.95,,,,0.0138,0.0207,41.311922,-105.581147,2022,2,28,20
West,Knight Hall,2022-02-28T21:00:00,30.0,30.0,,,3.45,,,,0.0207,0.0207,41.311922,-105.581147,2022,2,28,21
West,Knight Hall,2022-02-28T22:00:00,30.0,40.0,,,1.03,,,,0.0207,0.0276,41.311922,-105.581147,2022,2,28,22
West,Knight Hall,2022-02-28T23:00:00,30.0,30.0,,,0.02,,,,0.0207,0.0207,41.311922,-105.581147,2022,2,28,23
West,Knight Hall,2022-03-01T00:00:00,20.0,30.0,,,,,,,0.0138,0.0207,41.311922,-105.581147,2022,3,1,0
West,Knight Hall,2022-03-01T01:00:00,30.0,30.0,,,1.34,,,,0.0207,0.0207,41.311922,-105.581147,2022,3,1,1
West,Knight Hall,2022-03-01T02:00:00,20.0,40.0,,,,,,,0.0138,0.0276,41.311922,-105.581147,2022,3,1,2
West,Knight Hall,2022-03-01T03:00:00,40.0,30.0,,,0.9,,,,0.0276,0.0207,41.311922,-105.581147,2022,3,1,3
West,Knight Hall,2022-03-01T04:00:00,20.0,30.0,,,,,,,0.0138,0.0207,41.311922,-105.581147,2022,3,1,4
West,Knight Hall,2022-03-01T05:00:00,30.0,30.0,,,4.869999999999999,,,,0.0207,0.0207,41.311922,-105.581147,2022,3,1,5
West,Knight Hall,2022-03-01T06:00:00,30.0,40.0,,,59.870000000000005,,,,0.0207,0.0276,41.311922,-105.581147,2022,3,1,6
West,Knight Hall,2022-03-01T07:00:00,60.0,50.0,,,175.83,,,,0.0414,0.034499999999999996,41.311922,-105.581147,2022,3,1,7
West,Knight Hall,2022-03-01T08:00:00,50.0,70.0,,,181.97000000000003,,,,0.034499999999999996,0.048299999999999996,41.311922,-105.581147,2022,3,1,8
West,Knight Hall,2022-03-01T09:00:00,80.0,70.0,,,,,,,0.0552,0.048299999999999996,41.311922,-105.581147,2022,3,1,9
West,Knight Hall,2022-03-01T10:00:00,70.0,80.0,,,,,,,0.048299999999999996,0.0552,41.311922,-105.581147,2022,3,1,10
West,Knight Hall,2022-03-01T11:00:00,,70.0,,,83.46,,,,,0.048299999999999996,41.311922,-105.581147,2022,3,1,11
West,Knight Hall,2022-03-01T12:00:00,60.0,80.0,,,83.79,,,,0.0414,0.0552,41.311922,-105.581147,2022,3,1,12
West,Knight Hall,2022-03-01T13:00:00,,60.0,,,127.62,,,,,0.0414,41.311922,-105.581147,2022,3,1,13
West,Knight Hall,2022-03-01T14:00:00,60.0,70.0,,,97.26,,,,0.0414,0.048299999999999996,41.311922,-105.581147,2022,3,1,14
West,Knight Hall,2022-03-01T15:00:00,80.0,70.0,,,71.02000000000001,,,,0.0552,0.048299999999999996,41.311922,-105.581147,2022,3,1,15
West,Knight Hall,2022-03-01T16:00:00,60.0,70.0,,,77.9,,,,0.0414,0.048299999999999996,41.311922,-105.581147,2022,3,1,16
West,Knight Hall,2022-03-01T17:00:00,50.0,50.0,,,22.64,,,,0.034499999999999996,0.034499999999999996,41.311922,-105.581147,2022,3,1,17
West,Knight Hall,2022-03-01T18:00:00,40.0,50.0,,,1.6,,,,0.0276,0.034499999999999996,41.311922,-105.581147,2022,3,1,18
West,Knight Hall,2022-03-01T19:00:00,40.0,30.0,,,0.02,,,,0.0276,0.0207,41.311922,-105.581147,2022,3,1,19
West,Knight Hall,2022-03-01T20:00:00,40.0,40.0,,,3.47,,,,0.0276,0.0276,41.311922,-105.581147,2022,3,1,20
West,Knight Hall,2022-03-01T21:00:00,40.0,30.0,,,16.169999999999998,,,,0.0276,0.0207,41.311922,-105.581147,2022,3,1,21
West,Knight Hall,2022-03-01T22:00:00,40.0,30.0,,,5.460000000000001,,,,0.0276,0.0207,41.311922,-105.581147,2022,3,1,22
West,Knight Hall,2022-03-01T23:00:00,20.0,30.0,,,,,,,0.0138,0.0207,41.311922,-105.581147,2022,3,1,23
West,Knight Hall,2022-03-02T00:00:00,30.0,30.0,,,,,,,0.0207,0.0207,41.311922,-105.581147,2022,3,2,0
West,Knight Hall,2022-03-02T01:00:00,30.0,20.0,,,0.63,,,,0.0207,0.0138,41.311922,-105.581147,2022,3,2,1
West,Knight Hall,2022-03-02T02:00:00,20.0,30.0,,,0.88,,,,0.0138,0.0207,41.311922,-105.581147,2022,3,2,2
West,Knight Hall,2022-03-02T03:00:00,30.0,30.0,,,,,,,0.0207,0.0207,41.311922,-105.581147,2022,3,2,3
West,Knight Hall,2022-03-02T04:00:00,30.0,30.0,,,0.93,,,,0.0207,0.0207,41.311922,-105.581147,2022,3,2,4
West,Knight Hall,2022-03-02T05:00:00,20.0,30.0,,,0.34,,,,0.0138,0.0207,41.311922,-105.581147,2022,3,2,5
West,Knight Hall,2022-03-02T06:00:00,40.0,30.0,,,44.54,,,,0.0276,0.0207,41.311922,-105.581147,2022,3,2,6
West,Knight Hall,2022-03-02T07:00:00,40.0,50.0,,,89.07000000000001,,,,0.0276,0.034499999999999996,41.311922,-105.581147,2022,3,2,7
West,Knight Hall,2022-03-02T08:00:00,60.0,60.0,,,200.64,,,,0.0414,0.0414,41.311922,-105.581147,2022,3,2,8
West,Knight Hall,2022-03-02T09:00:00,80.0,80.0,,,,,,,0.0552,0.0552,41.311922,-105.581147,2022,3,2,9
West,Knight Hall,2022-03-02T10:00:00,80.0,70.0,,,,,,,0.0552,0.048299999999999996,41.311922,-105.581147,2022,3,2,10
West,Knight Hall,2022-03-02T11:00:00,80.0,70.0,,,110.03000000000002,,,,0.0552,0.048299999999999996,41.311922,-105.581147,2022,3,2,11
West,Knight Hall,2022-03-02T12:00:00,70.0,70.0,,,188.33,,,,0.048299999999999996,0.048299999999999996,41.311922,-105.581147,2022,3,2,12
West,Knight Hall,2022-03-02T13:00:00,,70.0,,,211.4,,,,,0.048299999999999996,41.311922,-105.581147,2022,3,2,13
West,Knight Hall,2022-03-02T14:00:00,60.0,70.0,,,71.35,,,,0.0414,0.048299999999999996,41.311922,-105.581147,2022,3,2,14
West,Knight Hall,2022-03-02T15:00:00,80.0,70.0,,,99.44,,,,0.0552,0.048299999999999996,41.311922,-105.581147,2022,3,2,15
West,Knight Hall,2022-03-02T16:00:00,60.0,70.0,,,30.18,,,,0.0414,0.048299999999999996,41.311922,-105.581147,2022,3,2,16
West,Knight Hall,2022-03-02T17:00:00,50.0,40.0,,,5.46,,,,0.034499999999999996,0.0276,41.311922,-105.581147,2022,3,2,17
West,Knight Hall,2022-03-02T18:00:00,40.0,50.0,,,41.42,,,,0.0276,0.034499999999999996,41.311922,-105.581147,2022,3,2,18
West,Knight Hall,2022-03-02T19:00:00,50.0,30.0,,,1.96,,,,0.034499999999999996,0.0207,41.311922,-105.581147,2022,3,2,19
West,Knight Hall,2022-03-02T20:00:00,20.0,40.0,,,14.57,,,,0.0138,0.0276,41.311922,-105.581147,2022,3,2,20
West,Knight Hall,2022-03-02T21:00:00,30.0,40.0,,,3.52,,,,0.0207,0.0276,41.311922,-105.581147,2022,3,2,21
West,Knight Hall,2022-03-02T22:00:00,30.0,30.0,,,,,,,0.0207,0.0207,41.311922,-105.581147,2022,3,2,22
West,Knight Hall,2022-03-02T23:00:00,30.0,30.0,,,0.84,,,,0.0207,0.0207,41.311922,-105.581147,2022,3,2,23
West,Knight Hall,2022-03-03T00:00:00,20.0,20.0,,,,,,,0.0138,0.0138,41.311922,-105.581147,2022,3,3,0
West,Knight Hall,2022-03-03T01:00:00,30.0,30.0,,,1.19,,,,0.0207,0.0207,41.311922,-105.581147,2022,3,3,1
West,Knight Hall,2022-03-03T02:00:00,20.0,30.0,,,,,,,0.0138,0.0207,41.311922,-105.581147,2022,3,3,2
West,Knight Hall,2022-03-03T03:00:00,30.0,30.0,,,0.84,,,,0.0207,0.0207,41.311922,-105.581147,2022,3,3,3
West,Knight Hall,2022-03-03T04:00:00,30.0,30.0,,,,,,,0.0207,0.0207,41.311922,-105.581147,2022,3,3,4
West,Knight Hall,2022-03-03T05:00:00,30.0,30.0,,,2.33,,,,0.0207,0.0207,41.311922,-105.581147,2022,3,3,5
West,Knight Hall,2022-03-03T06:00:00,30.0,30.0,,,40.64,,,,0.0207,0.0207,41.311922,-105.581147,2022,3,3,6
West,Knight Hall,2022-03-03T07:00:00,50.0,50.0,,,100.39,,,,0.034499999999999996,0.034499999999999996,41.311922,-105.581147,2022,3,3,7
West,Knight Hall,2022-03-03T08:00:00,60.0,60.0,,,219.42,,,,0.0414,0.0414,41.311922,-105.581147,2022,3,3,8
West,Knight Hall,2022-03-03T09:00:00,,70.0,,,,,,,,0.048299999999999996,41.311922,-105.581147,2022,3,3,9
West,Knight Hall,2022-03-03T10:00:00,60.0,80.0,,,223.74,,,,0.0414,0.0552,41.311922,-105.581147,2022,3,3,10
West,Knight Hall,2022-03-03T11:00:00,,70.0,,,146.46,,,,,0.048299999999999996,41.311922,-105.581147,2022,3,3,11
West,Knight Hall,2022-03-03T12:00:00,60.0,80.0,,,145.13,,,,0.0414,0.0552,41.311922,-105.581147,2022,3,3,12
West,Knight Hall,2022-03-03T13:00:00,80.0,70.0,,,175.74,,,,0.0552,0.048299999999999996,41.311922,-105.581147,2022,3,3,13
West,Knight Hall,2022-03-03T14:00:00,70.0,70.0,,,170.32999999999998,,,,0.048299999999999996,0.048299999999999996,41.311922,-105.581147,2022,3,3,14
West,Knight Hall,2022-03-03T15:00:00,70.0,70.0,,,148.99,,,,0.048299999999999996,0.048299999999999996,41.311922,-105.581147,2022,3,3,15
West,Knight Hall,2022-03-03T16:00:00,70.0,60.0,,,104.72,,,,0.048299999999999996,0.0414,41.311922,-105.581147,2022,3,3,16
West,Knight Hall,2022-03-03T17:00:00,40.0,50.0,,,16.08,,,,0.0276,0.034499999999999996,41.311922,-105.581147,2022,3,3,17
West,Knight Hall,2022-03-03T18:00:00,40.0,40.0,,,21.750000000000004,,,,0.0276,0.0276,41.311922,-105.581147,2022,3,3,18
West,Knight Hall,2022-03-03T19:00:00,40.0,40.0,,,10.57,,,,0.0276,0.0276,41.311922,-105.581147,2022,3,3,19
West,Knight Hall,2022-03-03T20:00:00,30.0,30.0,,,27.17,,,,0.0207,0.0207,41.311922,-105.581147,2022,3,3,20
West,Knight Hall,2022-03-03T21:00:00,30.0,40.0,,,6.420000000000001,,,,0.0207,0.0276,41.311922,-105.581147,2022,3,3,21
West,Knight Hall,2022-03-03T22:00:00,30.0,20.0,,,0.02,,,,0.0207,0.0138,41.311922,-105.581147,2022,3,3,22
West,Knight Hall,2022-03-03T23:00:00,30.0,30.0,,,0.84,,,,0.0207,0.0207,41.311922,-105.581147,2022,3,3,23
West,Knight Hall,2022-03-04T00:00:00,20.0,30.0,,,,,,,0.0138,0.0207,41.311922,-105.581147,2022,3,4,0
West,Knight Hall,2022-03-04T01:00:00,30.0,30.0,,,1.19,,,,0.0207,0.0207,41.311922,-105.581147,2022,3,4,1
West,Knight Hall,2022-03-04T02:00:00,20.0,30.0,,,,,,,0.0138,0.0207,41.311922,-105.581147,2022,3,4,2
West,Knight Hall,2022-03-04T03:00:00,30.0,30.0,,,4.529999999999999,,,,0.0207,0.0207,41.311922,-105.581147,2022,3,4,3
West,Knight Hall,2022-03-04T04:00:00,30.0,30.0,,,1.12,,,,0.0207,0.0207,41.311922,-105.581147,2022,3,4,4
West,Knight Hall,2022-03-04T05:00:00,30.0,30.0,,,13.82,,,,0.0207,0.0207,41.311922,-105.581147,2022,3,4,5
West,Knight Hall,2022-03-04T06:00:00,30.0,30.0,,,48.02,,,,0.0207,0.0207,41.311922,-105.581147,2022,3,4,6
West,Knight Hall,2022-03-04T07:00:00,40.0,40.0,,,103.15,,,,0.0276,0.0276,41.311922,-105.581147,2022,3,4,7
West,Knight Hall,2022-03-04T08:00:00,70.0,70.0,,,119.73000000000002,,,,0.048299999999999996,0.048299999999999996,41.311922,-105.581147,2022,3,4,8
West,Knight Hall,2022-03-04T09:00:00,70.0,70.0,,,134.07,,,,0.048299999999999996,0.048299999999999996,41.311922,-105.581147,2022,3,4,9
West,Knight Hall,2022-03-04T10:00:00,80.0,70.0,,,132.41,,,,0.0552,0.048299999999999996,41.311922,-105.581147,2022,3,4,10
West,Knight Hall,2022-03-04T11:00:00,70.0,70.0,,,110.44,,,,0.048299999999999996,0.048299999999999996,41.311922,-105.581147,2022,3,4,11
West,Knight Hall,2022-03-04T12:00:00,80.0,70.0,,,109.06000000000002,,,,0.0552,0.048299999999999996,41.311922,-105.581147,2022,3,4,12
West,Knight Hall,2022-03-04T13:00:00,,70.0,,,,,,,,0.048299999999999996,41.311922,-105.581147,2022,3,4,13
West,Knight Hall,2022-03-04T14:00:00,60.0,70.0,,,131.64999999999998,,,,0.0414,0.048299999999999996,41.311922,-105.581147,2022,3,4,14
West,Knight Hall,2022-03-04T15:00:00,70.0,70.0,,,141.48,,,,0.048299999999999996,0.048299999999999996,41.311922,-105.581147,2022,3,4,15
West,Knight Hall,2022-03-04T16:00:00,70.0,60.0,,,131.99,,,,0.048299999999999996,0.0414,41.311922,-105.581147,2022,3,4,16
West,Knight Hall,2022-03-04T17:00:00,40.0,50.0,,,83.79,,,,0.0276,0.034499999999999996,41.311922,-105.581147,2022,3,4,17
West,Knight Hall,2022-03-04T18:00:00,40.0,50.0,,,50.02,,,,0.0276,0.034499999999999996,41.311922,-105.581147,2022,3,4,18
West,Knight Hall,2022-03-04T19:00:00,30.0,30.0,,,18.03,,,,0.0207,0.0207,41.311922,-105.581147,2022,3,4,19
West,Knight Hall,2022-03-04T20:00:00,30.0,40.0,,,8.9,,,,0.0207,0.0276,41.311922,-105.581147,2022,3,4,20
West,Knight Hall,2022-03-04T21:00:00,30.0,30.0,,,3.04,,,,0.0207,0.0207,41.311922,-105.581147,2022,3,4,21
West,Knight Hall,2022-03-04T22:00:00,30.0,30.0,,,,,,,0.0207,0.0207,41.311922,-105.581147,2022,3,4,22
West,Knight Hall,2022-03-04T23:00:00,30.0,30.0,,,,,,,0.0207,0.0207,41.311922,-105.581147,2022,3,4,23
West,Knight Hall,2022-03-05T00:00:00,30.0,30.0,,,,,,,0.0207,0.0207,41.311922,-105.581147,2022,3,5,0
West,Knight Hall,2022-03-05T01:00:00,30.0,30.0,,,,,,,0.0207,0.0207,41.311922,-105.581147,2022,3,5,1
West,Knight Hall,2022-03-05T02:00:00,30.0,20.0,,,,,,,0.0207,0.0138,41.311922,-105.581147,2022,3,5,2
West,Knight Hall,2022-03-05T03:00:00,30.0,30.0,,,,,,,0.0207,0.0207,41.311922,-105.581147,2022,3,5,3
West,Knight Hall,2022-03-05T04:00:00,20.0,30.0,,,,,,,0.0138,0.0207,41.311922,-105.581147,2022,3,5,4
West,Knight Hall,2022-03-05T05:00:00,30.0,40.0,,,,,,,0.0207,0.0276,41.311922,-105.581147,2022,3,5,5
West,Knight Hall,2022-03-05T06:00:00,30.0,30.0,,,,,,,0.0207,0.0207,41.311922,-105.581147,2022,3,5,6
West,Knight Hall,2022-03-05T07:00:00,40.0,40.0,,,,,,,0.0276,0.0276,41.311922,-105.581147,2022,3,5,7
West,Knight Hall,2022-03-05T08:00:00,30.0,60.0,,,,,,,0.0207,0.0414,41.311922,-105.581147,2022,3,5,8
West,Knight Hall,2022-03-05T09:00:00,40.0,70.0,,,,,,,0.0276,0.048299999999999996,41.311922,-105.581147,2022,3,5,9
West,Knight Hall,2022-03-05T10:00:00,30.0,70.0,,,,,,,0.0207,0.048299999999999996,41.311922,-105.581147,2022,3,5,10
West,Knight Hall,2022-03-05T11:00:00,30.0,70.0,,,,,,,0.0207,0.048299999999999996,41.311922,-105.581147,2022,3,5,11
West,Knight Hall,2022-03-05T12:00:00,30.0,60.0,,,,,,,0.0207,0.0414,41.311922,-105.581147,2022,3,5,12
West,Knight Hall,2022-03-05T13:00:00,40.0,70.0,,,,,,,0.0276,0.048299999999999996,41.311922,-105.581147,2022,3,5,13
West,Knight Hall,2022-03-05T14:00:00,30.0,60.0,,,,,,,0.0207,0.0414,41.311922,-105.581147,2022,3,5,14
West,Knight Hall,2022-03-05T15:00:00,40.0,70.0,,,,,,,0.0276,0.048299999999999996,41.311922,-105.581147,2022,3,5,15
West,Knight Hall,2022-03-05T16:00:00,30.0,60.0,,,,,,,0.0207,0.0414,41.311922,-105.581147,2022,3,5,16
West,Knight Hall,2022-03-05T17:00:00,20.0,40.0,,,,,,,0.0138,0.0276,41.311922,-105.581147,2022,3,5,17
West,Knight Hall,2022-03-05T18:00:00,30.0,40.0,,,,,,,0.0207,0.0276,41.311922,-105.581147,2022,3,5,18
West,Knight Hall,2022-03-05T19:00:00,30.0,40.0,,,,,,,0.0207,0.0276,41.311922,-105.581147,2022,3,5,19
West,Knight Hall,2022-03-05T20:00:00,30.0,30.0,,,,,,,0.0207,0.0207,41.311922,-105.581147,2022,3,5,20
West,Knight Hall,2022-03-05T21:00:00,30.0,20.0,,,,,,,0.0207,0.0138,41.311922,-105.581147,2022,3,5,21
West,Knight Hall,2022-03-05T22:00:00,30.0,30.0,,,,,,,0.0207,0.0207,41.311922,-105.581147,2022,3,5,22
West,Knight Hall,2022-03-05T23:00:00,30.0,30.0,,,0.06,,,,0.0207,0.0207,41.311922,-105.581147,2022,3,5,23
West,Knight Hall,2022-03-06T00:00:00,30.0,30.0,,,,,,,0.0207,0.0207,41.311922,-105.581147,2022,3,6,0
West,Knight Hall,2022-03-06T01:00:00,30.0,30.0,,,,,,,0.0207,0.0207,41.311922,-105.581147,2022,3,6,1
West,Knight Hall,2022-03-06T02:00:00,30.0,20.0,,,,,,,0.0207,0.0138,41.311922,-105.581147,2022,3,6,2
West,Knight Hall,2022-03-06T03:00:00,30.0,30.0,,,0.71,,,,0.0207,0.0207,41.311922,-105.581147,2022,3,6,3
West,Knight Hall,2022-03-06T04:00:00,30.0,30.0,,,,,,,0.0207,0.0207,41.311922,-105.581147,2022,3,6,4
West,Knight Hall,2022-03-06T05:00:00,30.0,30.0,,,,,,,0.0207,0.0207,41.311922,-105.581147,2022,3,6,5
West,Knight Hall,2022-03-06T06:00:00,30.0,30.0,,,0.02,,,,0.0207,0.0207,41.311922,-105.581147,2022,3,6,6
West,Knight Hall,2022-03-06T07:00:00,30.0,20.0,,,,,,,0.0207,0.0138,41.311922,-105.581147,2022,3,6,7
West,Knight Hall,2022-03-06T08:00:00,30.0,40.0,,,0.8200000000000001,,,,0.0207,0.0276,41.311922,-105.581147,2022,3,6,8
West,Knight Hall,2022-03-06T09:00:00,30.0,30.0,,,,,,,0.0207,0.0207,41.311922,-105.581147,2022,3,6,9
West,Knight Hall,2022-03-06T10:00:00,40.0,30.0,,,1.1,,,,0.0276,0.0207,41.311922,-105.581147,2022,3,6,10
West,Knight Hall,2022-03-06T11:00:00,30.0,30.0,,,0.06,,,,0.0207,0.0207,41.311922,-105.581147,2022,3,6,11
West,Knight Hall,2022-03-06T12:00:00,30.0,30.0,,,0.4499999999999999,,,,0.0207,0.0207,41.311922,-105.581147,2022,3,6,12
West,Knight Hall,2022-03-06T13:00:00,30.0,30.0,,,0.02,,,,0.0207,0.0207,41.311922,-105.581147,2022,3,6,13
West,Knight Hall,2022-03-06T14:00:00,30.0,30.0,,,0.0699999999999999,,,,0.0207,0.0207,41.311922,-105.581147,2022,3,6,14
West,Knight Hall,2022-03-06T15:00:00,30.0,30.0,,,0.17,,,,0.0207,0.0207,41.311922,-105.581147,2022,3,6,15
West,Knight Hall,2022-03-06T16:00:00,20.0,30.0,,,0.06,,,,0.0138,0.0207,41.311922,-105.581147,2022,3,6,16
West,Knight Hall,2022-03-06T17:00:00,30.0,30.0,,,0.04,,,,0.0207,0.0207,41.311922,-105.581147,2022,3,6,17
West,Knight Hall,2022-03-06T18:00:00,30.0,20.0,,,1.68,,,,0.0207,0.0138,41.311922,-105.581147,2022,3,6,18
West,Knight Hall,2022-03-06T19:00:00,30.0,30.0,,,0.47,,,,0.0207,0.0207,41.311922,-105.581147,2022,3,6,19
West,Knight Hall,2022-03-06T20:00:00,30.0,30.0,,,,,,,0.0207,0.0207,41.311922,-105.581147,2022,3,6,20
West,Knight Hall,2022-03-06T21:00:00,30.0,30.0,,,,,,,0.0207,0.0207,41.311922,-105.581147,2022,3,6,21
West,Knight Hall,2022-03-06T22:00:00,30.0,20.0,,,,,,,0.0207,0.0138,41.311922,-105.581147,2022,3,6,22
West,Knight Hall,2022-03-06T23:00:00,20.0,30.0,,,,,,,0.0138,0.0207,41.311922,-105.581147,2022,3,6,23
West,Knight Hall,2022-03-07T00:00:00,30.0,30.0,,,,,,,0.0207,0.0207,41.311922,-105.581147,2022,3,7,0
West,Knight Hall,2022-03-07T01:00:00,30.0,30.0,,,0.8200000000000001,,,,0.0207,0.0207,41.311922,-105.581147,2022,3,7,1
West,Knight Hall,2022-03-07T02:00:00,30.0,30.0,,,,,,,0.0207,0.0207,41.311922,-105.581147,2022,3,7,2
West,Knight Hall,2022-03-07T03:00:00,30.0,20.0,,,,,,,0.0207,0.0138,41.311922,-105.581147,2022,3,7,3
West,Knight Hall,2022-03-07T04:00:00,30.0,30.0,,,4.2,,,,0.0207,0.0207,41.311922,-105.581147,2022,3,7,4
West,Knight Hall,2022-03-07T05:00:00,30.0,30.0,,,1.5900000000000003,,,,0.0207,0.0207,41.311922,-105.581147,2022,3,7,5
West,Knight Hall,2022-03-07T06:00:00,30.0,30.0,,,32.12,,,,0.0207,0.0207,41.311922,-105.581147,2022,3,7,6
West,Knight Hall,2022-03-07T07:00:00,50.0,30.0,,,80.64,,,,0.034499999999999996,0.0207,41.311922,-105.581147,2022,3,7,7
West,Knight Hall,2022-03-07T08:00:00,80.0,30.0,,,153.23000000000002,,,,0.0552,0.0207,41.311922,-105.581147,2022,3,7,8
West,Knight Hall,2022-03-07T09:00:00,,30.0,,,155.89,,,,,0.0207,41.311922,-105.581147,2022,3,7,9
West,Knight Hall,2022-03-07T10:00:00,70.0,30.0,,,139.76,,,,0.048299999999999996,0.0207,41.311922,-105.581147,2022,3,7,10
West,Knight Hall,2022-03-07T11:00:00,,30.0,,,93.92,,,,,0.0207,41.311922,-105.581147,2022,3,7,11
West,Knight Hall,2022-03-07T12:00:00,60.0,30.0,,,82.19,,,,0.0414,0.0207,41.311922,-105.581147,2022,3,7,12
West,Knight Hall,2022-03-07T13:00:00,80.0,20.0,,,126.07,,,,0.0552,0.0138,41.311922,-105.581147,2022,3,7,13
West,Knight Hall,2022-03-07T14:00:00,60.0,30.0,,,141.29,,,,0.0414,0.0207,41.311922,-105.581147,2022,3,7,14
West,Knight Hall,2022-03-07T15:00:00,,30.0,,,80.52999999999999,,,,,0.0207,41.311922,-105.581147,2022,3,7,15
West,Knight Hall,2022-03-07T16:00:00,60.0,30.0,,,79.24,,,,0.0414,0.0207,41.311922,-105.581147,2022,3,7,16
West,Knight Hall,2022-03-07T17:00:00,40.0,40.0,,,26.22,,,,0.0276,0.0276,41.311922,-105.581147,2022,3,7,17
West,Knight Hall,2022-03-07T18:00:00,40.0,30.0,,,27.71,,,,0.0276,0.0207,41.311922,-105.581147,2022,3,7,18
West,Knight Hall,2022-03-07T19:00:00,40.0,30.0,,,23.69,,,,0.0276,0.0207,41.311922,-105.581147,2022,3,7,19
West,Knight Hall,2022-03-07T20:00:00,30.0,30.0,,,7.85,,,,0.0207,0.0207,41.311922,-105.581147,2022,3,7,20
West,Knight Hall,2022-03-07T21:00:00,40.0,40.0,,,0.6,,,,0.0276,0.0276,41.311922,-105.581147,2022,3,7,21
West,Knight Hall,2022-03-07T22:00:00,20.0,30.0,,,1.27,,,,0.0138,0.0207,41.311922,-105.581147,2022,3,7,22
West,Knight Hall,2022-03-07T23:00:00,30.0,30.0,,,1.17,,,,0.0207,0.0207,41.311922,-105.581147,2022,3,7,23
West,Knight Hall,2022-03-08T00:00:00,20.0,30.0,,,0.09,,,,0.0138,0.0207,41.311922,-105.581147,2022,3,8,0
West,Knight Hall,2022-03-08T01:00:00,30.0,40.0,,,0.95,,,,0.0207,0.0276,41.311922,-105.581147,2022,3,8,1
West,Knight Hall,2022-03-08T02:00:00,30.0,30.0,,,0.06,,,,0.0207,0.0207,41.311922,-105.581147,2022,3,8,2
West,Knight Hall,2022-03-08T03:00:00,30.0,30.0,,,0.09,,,,0.0207,0.0207,41.311922,-105.581147,2022,3,8,3
West,Knight Hall,2022-03-08T04:00:00,30.0,40.0,,,4.9,,,,0.0207,0.0276,41.311922,-105.581147,2022,3,8,4
West,Knight Hall,2022-03-08T05:00:00,40.0,30.0,,,3.39,,,,0.0276,0.0207,41.311922,-105.581147,2022,3,8,5
West,Knight Hall,2022-03-08T06:00:00,20.0,40.0,,,59.27,,,,0.0138,0.0276,41.311922,-105.581147,2022,3,8,6
West,Knight Hall,2022-03-08T07:00:00,50.0,40.0,,,87.37,,,,0.034499999999999996,0.0276,41.311922,-105.581147,2022,3,8,7
West,Knight Hall,2022-03-08T08:00:00,80.0,70.0,,,125.14,,,,0.0552,0.048299999999999996,41.311922,-105.581147,2022,3,8,8
West,Knight Hall,2022-03-08T09:00:00,,70.0,,,177.47,,,,,0.048299999999999996,41.311922,-105.581147,2022,3,8,9
West,Knight Hall,2022-03-08T10:00:00,60.0,70.0,,,186.01,,,,0.0414,0.048299999999999996,41.311922,-105.581147,2022,3,8,10
West,Knight Hall,2022-03-08T11:00:00,,70.0,,,121.39,,,,,0.048299999999999996,41.311922,-105.581147,2022,3,8,11
West,Knight Hall,2022-03-08T12:00:00,60.0,70.0,,,124.38,,,,0.0414,0.048299999999999996,41.311922,-105.581147,2022,3,8,12
West,Knight Hall,2022-03-08T13:00:00,80.0,70.0,,,177.42000000000002,,,,0.0552,0.048299999999999996,41.311922,-105.581147,2022,3,8,13
West,Knight Hall,2022-03-08T14:00:00,70.0,70.0,,,147.61,,,,0.048299999999999996,0.048299999999999996,41.311922,-105.581147,2022,3,8,14
West,Knight Hall,2022-03-08T15:00:00,80.0,70.0,,,155.19,,,,0.0552,0.048299999999999996,41.311922,-105.581147,2022,3,8,15
West,Knight Hall,2022-03-08T16:00:00,60.0,60.0,,,56.73,,,,0.0414,0.0414,41.311922,-105.581147,2022,3,8,16
West,Knight Hall,2022-03-08T17:00:00,50.0,50.0,,,59.1,,,,0.034499999999999996,0.034499999999999996,41.311922,-105.581147,2022,3,8,17
West,Knight Hall,2022-03-08T18:00:00,50.0,50.0,,,3.28,,,,0.034499999999999996,0.034499999999999996,41.311922,-105.581147,2022,3,8,18
West,Knight Hall,2022-03-08T19:00:00,30.0,30.0,,,12.33,,,,0.0207,0.0207,41.311922,-105.581147,2022,3,8,19
West,Knight Hall,2022-03-08T20:00:00,40.0,30.0,,,11.79,,,,0.0276,0.0207,41.311922,-105.581147,2022,3,8,20
West,Knight Hall,2022-03-08T21:00:00,30.0,30.0,,,3.45,,,,0.0207,0.0207,41.311922,-105.581147,2022,3,8,21
West,Knight Hall,2022-03-08T22:00:00,30.0,30.0,,,0.8200000000000001,,,,0.0207,0.0207,41.311922,-105.581147,2022,3,8,22
West,Knight Hall,2022-03-08T23:00:00,40.0,30.0,,,,,,,0.0276,0.0207,41.311922,-105.581147,2022,3,8,23
West,Knight Hall,2022-03-09T00:00:00,20.0,30.0,,,,,,,0.0138,0.0207,41.311922,-105.581147,2022,3,9,0
West,Knight Hall,2022-03-09T01:00:00,40.0,30.0,,,1.72,,,,0.0276,0.0207,41.311922,-105.581147,2022,3,9,1
West,Knight Hall,2022-03-09T02:00:00,20.0,20.0,,,,,,,0.0138,0.0138,41.311922,-105.581147,2022,3,9,2
West,Knight Hall,2022-03-09T03:00:00,30.0,30.0,,,0.13,,,,0.0207,0.0207,41.311922,-105.581147,2022,3,9,3
West,Knight Hall,2022-03-09T04:00:00,30.0,30.0,,,0.56,,,,0.0207,0.0207,41.311922,-105.581147,2022,3,9,4
West,Knight Hall,2022-03-09T05:00:00,30.0,30.0,,,4.1,,,,0.0207,0.0207,41.311922,-105.581147,2022,3,9,5
West,Knight Hall,2022-03-09T06:00:00,30.0,30.0,,,28.09,,,,0.0207,0.0207,41.311922,-105.581147,2022,3,9,6
West,Knight Hall,2022-03-09T07:00:00,60.0,40.0,,,55.04,,,,0.0414,0.0276,41.311922,-105.581147,2022,3,9,7
West,Knight Hall,2022-03-09T08:00:00,70.0,70.0,,,119.88,,,,0.048299999999999996,0.048299999999999996,41.311922,-105.581147,2022,3,9,8
West,Knight Hall,2022-03-09T09:00:00,,70.0,,,119.0,,,,,0.048299999999999996,41.311922,-105.581147,2022,3,9,9
West,Knight Hall,2022-03-09T10:00:00,70.0,70.0,,,98.53,,,,0.048299999999999996,0.048299999999999996,41.311922,-105.581147,2022,3,9,10
West,Knight Hall,2022-03-09T11:00:00,,70.0,,,193.25,,,,,0.048299999999999996,41.311922,-105.581147,2022,3,9,11
West,Knight Hall,2022-03-09T12:00:00,60.0,70.0,,,,,,,0.0414,0.048299999999999996,41.311922,-105.581147,2022,3,9,12
West,Knight Hall,2022-03-09T13:00:00,,70.0,,,,,,,,0.048299999999999996,41.311922,-105.581147,2022,3,9,13
West,Knight Hall,2022-03-09T14:00:00,70.0,70.0,,,,,,,0.048299999999999996,0.048299999999999996,41.311922,-105.581147,2022,3,9,14
West,Knight Hall,2022-03-09T15:00:00,80.0,70.0,,,,,,,0.0552,0.048299999999999996,41.311922,-105.581147,2022,3,9,15
West,Knight Hall,2022-03-09T16:00:00,60.0,70.0,,,,,,,0.0414,0.048299999999999996,41.311922,-105.581147,2022,3,9,16
West,Knight Hall,2022-03-09T17:00:00,50.0,50.0,,,25.44,,,,0.034499999999999996,0.034499999999999996,41.311922,-105.581147,2022,3,9,17
West,Knight Hall,2022-03-09T18:00:00,40.0,40.0,,,15.95,,,,0.0276,0.0276,41.311922,-105.581147,2022,3,9,18
West,Knight Hall,2022-03-09T19:00:00,40.0,30.0,,,8.62,,,,0.0276,0.0207,41.311922,-105.581147,2022,3,9,19
West,Knight Hall,2022-03-09T20:00:00,30.0,40.0,,,30.25,,,,0.0207,0.0276,41.311922,-105.581147,2022,3,9,20
West,Knight Hall,2022-03-09T21:00:00,40.0,30.0,,,7.98,,,,0.0276,0.0207,41.311922,-105.581147,2022,3,9,21
West,Knight Hall,2022-03-09T22:00:00,20.0,30.0,,,0.8200000000000001,,,,0.0138,0.0207,41.311922,-105.581147,2022,3,9,22
West,Knight Hall,2022-03-09T23:00:00,40.0,30.0,,,0.02,,,,0.0276,0.0207,41.311922,-105.581147,2022,3,9,23
West,Knight Hall,2022-03-10T00:00:00,20.0,30.0,,,0.86,,,,0.0138,0.0207,41.311922,-105.581147,2022,3,10,0
West,Knight Hall,2022-03-10T01:00:00,30.0,30.0,,,,,,,0.0207,0.0207,41.311922,-105.581147,2022,3,10,1
West,Knight Hall,2022-03-10T02:00:00,20.0,30.0,,,0.8200000000000001,,,,0.0138,0.0207,41.311922,-105.581147,2022,3,10,2
West,Knight Hall,2022-03-10T03:00:00,30.0,30.0,,,,,,,0.0207,0.0207,41.311922,-105.581147,2022,3,10,3
West,Knight Hall,2022-03-10T04:00:00,30.0,30.0,,,0.19,,,,0.0207,0.0207,41.311922,-105.581147,2022,3,10,4
West,Knight Hall,2022-03-10T05:00:00,30.0,30.0,,,9.46,,,,0.0207,0.0207,41.311922,-105.581147,2022,3,10,5
West,Knight Hall,2022-03-10T06:00:00,30.0,40.0,,,23.76,,,,0.0207,0.0276,41.311922,-105.581147,2022,3,10,6
West,Knight Hall,2022-03-10T07:00:00,60.0,40.0,,,78.2,,,,0.0414,0.0276,41.311922,-105.581147,2022,3,10,7
West,Knight Hall,2022-03-10T08:00:00,70.0,70.0,,,113.73000000000002,,,,0.048299999999999996,0.048299999999999996,41.311922,-105.581147,2022,3,10,8
West,Knight Hall,2022-03-10T09:00:00,80.0,70.0,,,101.51,,,,0.0552,0.048299999999999996,41.311922,-105.581147,2022,3,10,9
West,Knight Hall,2022-03-10T10:00:00,80.0,80.0,,,105.28,,,,0.0552,0.0552,41.311922,-105.581147,2022,3,10,10
West,Knight Hall,2022-03-10T11:00:00,80.0,70.0,,,116.41,,,,0.0552,0.048299999999999996,41.311922,-105.581147,2022,3,10,11
West,Knight Hall,2022-03-10T12:00:00,80.0,60.0,,,,,,,0.0552,0.0414,41.311922,-105.581147,2022,3,10,12
West,Knight Hall,2022-03-10T13:00:00,80.0,70.0,,,,,,,0.0552,0.048299999999999996,41.311922,-105.581147,2022,3,10,13
West,Knight Hall,2022-03-10T14:00:00,70.0,70.0,,,,,,,0.048299999999999996,0.048299999999999996,41.311922,-105.581147,2022,3,10,14
West,Knight Hall,2022-03-10T15:00:00,80.0,70.0,,,,,,,0.0552,0.048299999999999996,41.311922,-105.581147,2022,3,10,15
West,Knight Hall,2022-03-10T16:00:00,70.0,60.0,,,,,,,0.048299999999999996,0.0414,41.311922,-105.581147,2022,3,10,16
West,Knight Hall,2022-03-10T17:00:00,50.0,50.0,,,21.88,,,,0.034499999999999996,0.034499999999999996,41.311922,-105.581147,2022,3,10,17
West,Knight Hall,2022-03-10T18:00:00,40.0,40.0,,,17.72,,,,0.0276,0.0276,41.311922,-105.581147,2022,3,10,18
West,Knight Hall,2022-03-10T19:00:00,40.0,40.0,,,4.18,,,,0.0276,0.0276,41.311922,-105.581147,2022,3,10,19
West,Knight Hall,2022-03-10T20:00:00,30.0,30.0,,,12.87,,,,0.0207,0.0207,41.311922,-105.581147,2022,3,10,20
West,Knight Hall,2022-03-10T21:00:00,30.0,30.0,,,0.02,,,,0.0207,0.0207,41.311922,-105.581147,2022,3,10,21
West,Knight Hall,2022-03-10T22:00:00,30.0,30.0,,,2.7,,,,0.0207,0.0207,41.311922,-105.581147,2022,3,10,22
West,Knight Hall,2022-03-10T23:00:00,30.0,20.0,,,0.02,,,,0.0207,0.0138,41.311922,-105.581147,2022,3,10,23
West,Knight Hall,2022-03-11T00:00:00,30.0,30.0,,,,,,,0.0207,0.0207,41.311922,-105.581147,2022,3,11,0
West,Knight Hall,2022-03-11T01:00:00,20.0,30.0,,,122.32,,,,0.0138,0.0207,41.311922,-105.581147,2022,3,11,1
West,Knight Hall,2022-03-11T02:00:00,30.0,30.0,,,52.24,,,,0.0207,0.0207,41.311922,-105.581147,2022,3,11,2
West,Knight Hall,2022-03-11T03:00:00,40.0,20.0,,,0.02,,,,0.0276,0.0138,41.311922,-105.581147,2022,3,11,3
West,Knight Hall,2022-03-11T04:00:00,20.0,30.0,,,2.61,,,,0.0138,0.0207,41.311922,-105.581147,2022,3,11,4
West,Knight Hall,2022-03-11T05:00:00,30.0,30.0,,,8.63,,,,0.0207,0.0207,41.311922,-105.581147,2022,3,11,5
West,Knight Hall,2022-03-11T06:00:00,40.0,30.0,,,12.33,,,,0.0276,0.0207,41.311922,-105.581147,2022,3,11,6
West,Knight Hall,2022-03-11T07:00:00,40.0,50.0,,,88.89,,,,0.0276,0.034499999999999996,41.311922,-105.581147,2022,3,11,7
West,Knight Hall,2022-03-11T08:00:00,80.0,60.0,,,126.26,,,,0.0552,0.0414,41.311922,-105.581147,2022,3,11,8
West,Knight Hall,2022-03-11T09:00:00,,70.0,,,129.39,,,,,0.048299999999999996,41.311922,-105.581147,2022,3,11,9
West,Knight Hall,2022-03-11T10:00:00,60.0,70.0,,,166.62,,,,0.0414,0.048299999999999996,41.311922,-105.581147,2022,3,11,10
West,Knight Hall,2022-03-11T11:00:00,70.0,70.0,,,109.7,,,,0.048299999999999996,0.048299999999999996,41.311922,-105.581147,2022,3,11,11
West,Knight Hall,2022-03-11T12:00:00,70.0,70.0,,,152.39,,,,0.048299999999999996,0.048299999999999996,41.311922,-105.581147,2022,3,11,12
West,Knight Hall,2022-03-11T13:00:00,70.0,70.0,,,121.63,,,,0.048299999999999996,0.048299999999999996,41.311922,-105.581147,2022,3,11,13
West,Knight Hall,2022-03-11T14:00:00,80.0,70.0,,,111.49,,,,0.0552,0.048299999999999996,41.311922,-105.581147,2022,3,11,14
West,Knight Hall,2022-03-11T15:00:00,70.0,70.0,,,78.83,,,,0.048299999999999996,0.048299999999999996,41.311922,-105.581147,2022,3,11,15
West,Knight Hall,2022-03-11T16:00:00,70.0,60.0,,,65.24,,,,0.048299999999999996,0.0414,41.311922,-105.581147,2022,3,11,16
West,Knight Hall,2022-03-11T17:00:00,40.0,40.0,,,32.02,,,,0.0276,0.0276,41.311922,-105.581147,2022,3,11,17
West,Knight Hall,2022-03-11T18:00:00,40.0,50.0,,,20.79,,,,0.0276,0.034499999999999996,41.311922,-105.581147,2022,3,11,18
West,Knight Hall,2022-03-11T19:00:00,40.0,30.0,,,18.950000000000003,,,,0.0276,0.0207,41.311922,-105.581147,2022,3,11,19
West,Knight Hall,2022-03-11T20:00:00,30.0,40.0,,,5.09,,,,0.0207,0.0276,41.311922,-105.581147,2022,3,11,20
West,Knight Hall,2022-03-11T21:00:00,30.0,30.0,,,5.41,,,,0.0207,0.0207,41.311922,-105.581147,2022,3,11,21
West,Knight Hall,2022-03-11T22:00:00,30.0,30.0,,,1.38,,,,0.0207,0.0207,41.311922,-105.581147,2022,3,11,22
West,Knight Hall,2022-03-11T23:00:00,30.0,30.0,,,2.61,,,,0.0207,0.0207,41.311922,-105.581147,2022,3,11,23
West,Knight Hall,2022-03-12T00:00:00,30.0,30.0,,,4.140000000000001,,,,0.0207,0.0207,41.311922,-105.581147,2022,3,12,0
West,Knight Hall,2022-03-12T01:00:00,20.0,30.0,,,1.17,,,,0.0138,0.0207,41.311922,-105.581147,2022,3,12,1
West,Knight Hall,2022-03-12T02:00:00,30.0,20.0,,,2.31,,,,0.0207,0.0138,41.311922,-105.581147,2022,3,12,2
West,Knight Hall,2022-03-12T03:00:00,30.0,30.0,,,3.84,,,,0.0207,0.0207,41.311922,-105.581147,2022,3,12,3
West,Knight Hall,2022-03-12T04:00:00,20.0,30.0,,,3.75,,,,0.0138,0.0207,41.311922,-105.581147,2022,3,12,4
West,Knight Hall,2022-03-12T05:00:00,40.0,40.0,,,1.34,,,,0.0276,0.0276,41.311922,-105.581147,2022,3,12,5
West,Knight Hall,2022-03-12T06:00:00,20.0,30.0,,,3.9,,,,0.0138,0.0207,41.311922,-105.581147,2022,3,12,6
West,Knight Hall,2022-03-12T07:00:00,30.0,40.0,,,0.35,,,,0.0207,0.0276,41.311922,-105.581147,2022,3,12,7
West,Knight Hall,2022-03-12T08:00:00,20.0,60.0,,,0.99,,,,0.0138,0.0414,41.311922,-105.581147,2022,3,12,8
West,Knight Hall,2022-03-12T09:00:00,30.0,70.0,,,2.26,,,,0.0207,0.048299999999999996,41.311922,-105.581147,2022,3,12,9
West,Knight Hall,2022-03-12T10:00:00,30.0,70.0,,,4.03,,,,0.0207,0.048299999999999996,41.311922,-105.581147,2022,3,12,10
West,Knight Hall,2022-03-12T11:00:00,30.0,70.0,,,6.470000000000001,,,,0.0207,0.048299999999999996,41.311922,-105.581147,2022,3,12,11
West,Knight Hall,2022-03-12T12:00:00,30.0,70.0,,,0.99,,,,0.0207,0.048299999999999996,41.311922,-105.581147,2022,3,12,12
West,Knight Hall,2022-03-12T13:00:00,30.0,60.0,,,1.04,,,,0.0207,0.0414,41.311922,-105.581147,2022,3,12,13
West,Knight Hall,2022-03-12T14:00:00,30.0,70.0,,,0.37,,,,0.0207,0.048299999999999996,41.311922,-105.581147,2022,3,12,14
West,Knight Hall,2022-03-12T15:00:00,30.0,60.0,,,0.1699999999999999,,,,0.0207,0.0414,41.311922,-105.581147,2022,3,12,15
West,Knight Hall,2022-03-12T16:00:00,20.0,60.0,,,0.41,,,,0.0138,0.0414,41.311922,-105.581147,2022,3,12,16
West,Knight Hall,2022-03-12T17:00:00,30.0,50.0,,,0.7100000000000001,,,,0.0207,0.034499999999999996,41.311922,-105.581147,2022,3,12,17
West,Knight Hall,2022-03-12T18:00:00,30.0,40.0,,,2.01,,,,0.0207,0.0276,41.311922,-105.581147,2022,3,12,18
West,Knight Hall,2022-03-12T19:00:00,20.0,30.0,,,2.26,,,,0.0138,0.0207,41.311922,-105.581147,2022,3,12,19
West,Knight Hall,2022-03-12T20:00:00,30.0,40.0,,,0.37,,,,0.0207,0.0276,41.311922,-105.581147,2022,3,12,20
West,Knight Hall,2022-03-12T21:00:00,20.0,30.0,,,0.21,,,,0.0138,0.0207,41.311922,-105.581147,2022,3,12,21
West,Knight Hall,2022-03-12T22:00:00,30.0,30.0,,,0.15,,,,0.0207,0.0207,41.311922,-105.581147,2022,3,12,22
West,Knight Hall,2022-03-12T23:00:00,30.0,30.0,,,0.15,,,,0.0207,0.0207,41.311922,-105.581147,2022,3,12,23
West,Knight Hall,2022-03-13T00:00:00,20.0,20.0,,,0.11,,,,0.0138,0.0138,41.311922,-105.581147,2022,3,13,0
West,Knight Hall,2022-03-13T01:00:00,22.0,30.0,,,0.06,,,,0.015179999999999999,0.0207,41.311922,-105.581147,2022,3,13,1
West,Knight Hall,2022-03-13T02:00:00,8.0,30.0,,,,,,,0.00552,0.0207,41.311922,-105.581147,2022,3,13,2
West,Knight Hall,2022-03-13T03:00:00,30.0,20.0,,,0.04,,,,0.0207,0.0138,41.311922,-105.581147,2022,3,13,3
West,Knight Hall,2022-03-13T04:00:00,20.0,30.0,,,0.04,,,,0.0138,0.0207,41.311922,-105.581147,2022,3,13,4
West,Knight Hall,2022-03-13T05:00:00,30.0,30.0,,,0.04,,,,0.0207,0.0207,41.311922,-105.581147,2022,3,13,5
West,Knight Hall,2022-03-13T06:00:00,30.0,30.0,,,0.04,,,,0.0207,0.0207,41.311922,-105.581147,2022,3,13,6
West,Knight Hall,2022-03-13T07:00:00,20.0,20.0,,,0.8999999999999999,,,,0.0138,0.0138,41.311922,-105.581147,2022,3,13,7
West,Knight Hall,2022-03-13T08:00:00,30.0,30.0,,,0.07,,,,0.0207,0.0207,41.311922,-105.581147,2022,3,13,8
West,Knight Hall,2022-03-13T09:00:00,30.0,40.0,,,0.09,,,,0.0207,0.0276,41.311922,-105.581147,2022,3,13,9
West,Knight Hall,2022-03-13T10:00:00,30.0,30.0,,,0.15,,,,0.0207,0.0207,41.311922,-105.581147,2022,3,13,10
West,Knight Hall,2022-03-13T11:00:00,30.0,40.0,,,1.03,,,,0.0207,0.0276,41.311922,-105.581147,2022,3,13,11
West,Knight Hall,2022-03-13T12:00:00,30.0,30.0,,,0.3,,,,0.0207,0.0207,41.311922,-105.581147,2022,3,13,12
West,Knight Hall,2022-03-13T13:00:00,30.0,30.0,,,0.35,,,,0.0207,0.0207,41.311922,-105.581147,2022,3,13,13
West,Knight Hall,2022-03-13T14:00:00,30.0,40.0,,,0.17,,,,0.0207,0.0276,41.311922,-105.581147,2022,3,13,14
West,Knight Hall,2022-03-13T15:00:00,30.0,30.0,,,1.77,,,,0.0207,0.0207,41.311922,-105.581147,2022,3,13,15
West,Knight Hall,2022-03-13T16:00:00,20.0,30.0,,,0.13,,,,0.0138,0.0207,41.311922,-105.581147,2022,3,13,16
West,Knight Hall,2022-03-13T17:00:00,30.0,30.0,,,3.21,,,,0.0207,0.0207,41.311922,-105.581147,2022,3,13,17
West,Knight Hall,2022-03-13T18:00:00,30.0,30.0,,,4.12,,,,0.0207,0.0207,41.311922,-105.581147,2022,3,13,18
West,Knight Hall,2022-03-13T19:00:00,20.0,30.0,,,4.12,,,,0.0138,0.0207,41.311922,-105.581147,2022,3,13,19
West,Knight Hall,2022-03-13T20:00:00,30.0,30.0,,,0.8999999999999999,,,,0.0207,0.0207,41.311922,-105.581147,2022,3,13,20
West,Knight Hall,2022-03-13T21:00:00,30.0,30.0,,,0.04,,,,0.0207,0.0207,41.311922,-105.581147,2022,3,13,21
West,Knight Hall,2022-03-13T22:00:00,20.0,30.0,,,,,,,0.0138,0.0207,41.311922,-105.581147,2022,3,13,22
West,Knight Hall,2022-03-13T23:00:00,30.0,30.0,,,,,,,0.0207,0.0207,41.311922,-105.581147,2022,3,13,23
West,Knight Hall,2022-03-14T00:00:00,30.0,30.0,,,,,,,0.0207,0.0207,41.311922,-105.581147,2022,3,14,0
West,Knight Hall,2022-03-14T01:00:00,20.0,30.0,,,,,,,0.0138,0.0207,41.311922,-105.581147,2022,3,14,1
West,Knight Hall,2022-03-14T02:00:00,30.0,,,,,,,,0.0207,,41.311922,-105.581147,2022,3,14,2
West,Knight Hall,2022-03-14T03:00:00,30.0,30.0,,,,,,,0.0207,0.0207,41.311922,-105.581147,2022,3,14,3
West,Knight Hall,2022-03-14T04:00:00,30.0,40.0,,,,,,,0.0207,0.0276,41.311922,-105.581147,2022,3,14,4
West,Knight Hall,2022-03-14T05:00:00,30.0,30.0,,,1.1,,,,0.0207,0.0207,41.311922,-105.581147,2022,3,14,5
West,Knight Hall,2022-03-14T06:00:00,30.0,30.0,,,10.11,,,,0.0207,0.0207,41.311922,-105.581147,2022,3,14,6
West,Knight Hall,2022-03-14T07:00:00,40.0,30.0,,,23.0,,,,0.0276,0.0207,41.311922,-105.581147,2022,3,14,7
West,Knight Hall,2022-03-14T08:00:00,70.0,30.0,,,68.63,,,,0.048299999999999996,0.0207,41.311922,-105.581147,2022,3,14,8
West,Knight Hall,2022-03-14T09:00:00,70.0,30.0,,,,,,,0.048299999999999996,0.0207,41.311922,-105.581147,2022,3,14,9
West,Knight Hall,2022-03-14T10:00:00,70.0,40.0,,,,,,,0.048299999999999996,0.0276,41.311922,-105.581147,2022,3,14,10
West,Knight Hall,2022-03-14T11:00:00,70.0,30.0,,,,,,,0.048299999999999996,0.0207,41.311922,-105.581147,2022,3,14,11
West,Knight Hall,2022-03-14T12:00:00,70.0,30.0,,,,,,,0.048299999999999996,0.0207,41.311922,-105.581147,2022,3,14,12
West,Knight Hall,2022-03-14T13:00:00,60.0,40.0,,,,,,,0.0414,0.0276,41.311922,-105.581147,2022,3,14,13
West,Knight Hall,2022-03-14T14:00:00,70.0,30.0,,,,,,,0.048299999999999996,0.0207,41.311922,-105.581147,2022,3,14,14
West,Knight Hall,2022-03-14T15:00:00,70.0,30.0,,,,,,,0.048299999999999996,0.0207,41.311922,-105.581147,2022,3,14,15
West,Knight Hall,2022-03-14T16:00:00,60.0,30.0,,,,,,,0.0414,0.0207,41.311922,-105.581147,2022,3,14,16
West,Knight Hall,2022-03-14T17:00:00,50.0,40.0,,,,,,,0.034499999999999996,0.0276,41.311922,-105.581147,2022,3,14,17
West,Knight Hall,2022-03-14T18:00:00,30.0,30.0,,,125.79,,,,0.0207,0.0207,41.311922,-105.581147,2022,3,14,18
West,Knight Hall,2022-03-14T19:00:00,40.0,30.0,,,16.26,,,,0.0276,0.0207,41.311922,-105.581147,2022,3,14,19
West,Knight Hall,2022-03-14T20:00:00,30.0,30.0,,,12.25,,,,0.0207,0.0207,41.311922,-105.581147,2022,3,14,20
West,Knight Hall,2022-03-14T21:00:00,30.0,30.0,,,16.169999999999998,,,,0.0207,0.0207,41.311922,-105.581147,2022,3,14,21
West,Knight Hall,2022-03-14T22:00:00,30.0,30.0,,,,,,,0.0207,0.0207,41.311922,-105.581147,2022,3,14,22
West,Knight Hall,2022-03-14T23:00:00,20.0,30.0,,,0.8,,,,0.0138,0.0207,41.311922,-105.581147,2022,3,14,23
West,Knight Hall,2022-03-15T00:00:00,30.0,30.0,,,,,,,0.0207,0.0207,41.311922,-105.581147,2022,3,15,0
West,Knight Hall,2022-03-15T01:00:00,20.0,30.0,,,,,,,0.0138,0.0207,41.311922,-105.581147,2022,3,15,1
West,Knight Hall,2022-03-15T02:00:00,30.0,30.0,,,,,,,0.0207,0.0207,41.311922,-105.581147,2022,3,15,2
West,Knight Hall,2022-03-15T03:00:00,30.0,20.0,,,0.02,,,,0.0207,0.0138,41.311922,-105.581147,2022,3,15,3
West,Knight Hall,2022-03-15T04:00:00,30.0,30.0,,,0.8200000000000001,,,,0.0207,0.0207,41.311922,-105.581147,2022,3,15,4
West,Knight Hall,2022-03-15T05:00:00,30.0,30.0,,,0.04,,,,0.0207,0.0207,41.311922,-105.581147,2022,3,15,5
West,Knight Hall,2022-03-15T06:00:00,30.0,40.0,,,1.75,,,,0.0207,0.0276,41.311922,-105.581147,2022,3,15,6
West,Knight Hall,2022-03-15T07:00:00,40.0,30.0,,,42.78,,,,0.0276,0.0207,41.311922,-105.581147,2022,3,15,7
West,Knight Hall,2022-03-15T08:00:00,70.0,30.0,,,76.37,,,,0.048299999999999996,0.0207,41.311922,-105.581147,2022,3,15,8
West,Knight Hall,2022-03-15T09:00:00,60.0,30.0,,,104.4,,,,0.0414,0.0207,41.311922,-105.581147,2022,3,15,9
West,Knight Hall,2022-03-15T10:00:00,80.0,40.0,,,100.13,,,,0.0552,0.0276,41.311922,-105.581147,2022,3,15,10
West,Knight Hall,2022-03-15T11:00:00,70.0,40.0,,,96.05,,,,0.048299999999999996,0.0276,41.311922,-105.581147,2022,3,15,11
West,Knight Hall,2022-03-15T12:00:00,60.0,40.0,,,93.19,,,,0.0414,0.0276,41.311922,-105.581147,2022,3,15,12
West,Knight Hall,2022-03-15T13:00:00,70.0,30.0,,,52.29,,,,0.048299999999999996,0.0207,41.311922,-105.581147,2022,3,15,13
West,Knight Hall,2022-03-15T14:00:00,60.0,40.0,,,79.47000000000001,,,,0.0414,0.0276,41.311922,-105.581147,2022,3,15,14
West,Knight Hall,2022-03-15T15:00:00,70.0,30.0,,,97.67,,,,0.048299999999999996,0.0207,41.311922,-105.581147,2022,3,15,15
West,Knight Hall,2022-03-15T16:00:00,60.0,40.0,,,74.41,,,,0.0414,0.0276,41.311922,-105.581147,2022,3,15,16
West,Knight Hall,2022-03-15T17:00:00,50.0,30.0,,,38.01,,,,0.034499999999999996,0.0207,41.311922,-105.581147,2022,3,15,17
West,Knight Hall,2022-03-15T18:00:00,30.0,40.0,,,28.01,,,,0.0207,0.0276,41.311922,-105.581147,2022,3,15,18
West,Knight Hall,2022-03-15T19:00:00,30.0,30.0,,,9.57,,,,0.0207,0.0207,41.311922,-105.581147,2022,3,15,19
West,Knight Hall,2022-03-15T20:00:00,40.0,30.0,,,4.83,,,,0.0276,0.0207,41.311922,-105.581147,2022,3,15,20
West,Knight Hall,2022-03-15T21:00:00,30.0,20.0,,,8.8,,,,0.0207,0.0138,41.311922,-105.581147,2022,3,15,21
West,Knight Hall,2022-03-15T22:00:00,30.0,30.0,,,0.86,,,,0.0207,0.0207,41.311922,-105.581147,2022,3,15,22
West,Knight Hall,2022-03-15T23:00:00,20.0,30.0,,,2.65,,,,0.0138,0.0207,41.311922,-105.581147,2022,3,15,23
West,Knight Hall,2022-03-16T00:00:00,30.0,30.0,,,0.02,,,,0.0207,0.0207,41.311922,-105.581147,2022,3,16,0
West,Knight Hall,2022-03-16T01:00:00,30.0,30.0,,,0.06,,,,0.0207,0.0207,41.311922,-105.581147,2022,3,16,1
West,Knight Hall,2022-03-16T02:00:00,20.0,30.0,,,,,,,0.0138,0.0207,41.311922,-105.581147,2022,3,16,2
West,Knight Hall,2022-03-16T03:00:00,40.0,30.0,,,0.09,,,,0.0276,0.0207,41.311922,-105.581147,2022,3,16,3
West,Knight Hall,2022-03-16T04:00:00,20.0,30.0,,,,,,,0.0138,0.0207,41.311922,-105.581147,2022,3,16,4
West,Knight Hall,2022-03-16T05:00:00,40.0,30.0,,,0.07,,,,0.0276,0.0207,41.311922,-105.581147,2022,3,16,5
West,Knight Hall,2022-03-16T06:00:00,20.0,40.0,,,1.19,,,,0.0138,0.0276,41.311922,-105.581147,2022,3,16,6
West,Knight Hall,2022-03-16T07:00:00,40.0,40.0,,,18.950000000000003,,,,0.0276,0.0276,41.311922,-105.581147,2022,3,16,7
West,Knight Hall,2022-03-16T08:00:00,60.0,60.0,,,41.94,,,,0.0414,0.0414,41.311922,-105.581147,2022,3,16,8
West,Knight Hall,2022-03-16T09:00:00,70.0,70.0,,,93.62,,,,0.048299999999999996,0.048299999999999996,41.311922,-105.581147,2022,3,16,9
West,Knight Hall,2022-03-16T10:00:00,70.0,70.0,,,135.34,,,,0.048299999999999996,0.048299999999999996,41.311922,-105.581147,2022,3,16,10
West,Knight Hall,2022-03-16T11:00:00,70.0,70.0,,,55.46,,,,0.048299999999999996,0.048299999999999996,41.311922,-105.581147,2022,3,16,11
West,Knight Hall,2022-03-16T12:00:00,60.0,60.0,,,86.22,,,,0.0414,0.0414,41.311922,-105.581147,2022,3,16,12
West,Knight Hall,2022-03-16T13:00:00,70.0,70.0,,,78.07,,,,0.048299999999999996,0.048299999999999996,41.311922,-105.581147,2022,3,16,13
West,Knight Hall,2022-03-16T14:00:00,70.0,60.0,,,215.07,,,,0.048299999999999996,0.0414,41.311922,-105.581147,2022,3,16,14
West,Knight Hall,2022-03-16T15:00:00,70.0,60.0,,,,,,,0.048299999999999996,0.0414,41.311922,-105.581147,2022,3,16,15
West,Knight Hall,2022-03-16T16:00:00,60.0,70.0,,,,,,,0.0414,0.048299999999999996,41.311922,-105.581147,2022,3,16,16
West,Knight Hall,2022-03-16T17:00:00,60.0,40.0,,,189.69,,,,0.0414,0.0276,41.311922,-105.581147,2022,3,16,17
West,Knight Hall,2022-03-16T18:00:00,30.0,40.0,,,31.31,,,,0.0207,0.0276,41.311922,-105.581147,2022,3,16,18
West,Knight Hall,2022-03-16T19:00:00,40.0,40.0,,,29.15,,,,0.0276,0.0276,41.311922,-105.581147,2022,3,16,19
West,Knight Hall,2022-03-16T20:00:00,40.0,40.0,,,19.53,,,,0.0276,0.0276,41.311922,-105.581147,2022,3,16,20
West,Knight Hall,2022-03-16T21:00:00,40.0,30.0,,,22.03,,,,0.0276,0.0207,41.311922,-105.581147,2022,3,16,21
West,Knight Hall,2022-03-16T22:00:00,20.0,30.0,,,30.55,,,,0.0138,0.0207,41.311922,-105.581147,2022,3,16,22
West,Knight Hall,2022-03-16T23:00:00,30.0,30.0,,,7.85,,,,0.0207,0.0207,41.311922,-105.581147,2022,3,16,23
West,Knight Hall,2022-03-17T00:00:00,30.0,30.0,,,4.92,,,,0.0207,0.0207,41.311922,-105.581147,2022,3,17,0
West,Knight Hall,2022-03-17T01:00:00,30.0,30.0,,,4.18,,,,0.0207,0.0207,41.311922,-105.581147,2022,3,17,1
West,Knight Hall,2022-03-17T02:00:00,20.0,30.0,,,6.12,,,,0.0138,0.0207,41.311922,-105.581147,2022,3,17,2
West,Knight Hall,2022-03-17T03:00:00,30.0,30.0,,,6.68,,,,0.0207,0.0207,41.311922,-105.581147,2022,3,17,3
West,Knight Hall,2022-03-17T04:00:00,30.0,30.0,,,6.699999999999999,,,,0.0207,0.0207,41.311922,-105.581147,2022,3,17,4
West,Knight Hall,2022-03-17T05:00:00,40.0,30.0,,,7.93,,,,0.0276,0.0207,41.311922,-105.581147,2022,3,17,5
West,Knight Hall,2022-03-17T06:00:00,20.0,40.0,,,6.01,,,,0.0138,0.0276,41.311922,-105.581147,2022,3,17,6
West,Knight Hall,2022-03-17T07:00:00,60.0,40.0,,,22.72,,,,0.0414,0.0276,41.311922,-105.581147,2022,3,17,7
West,Knight Hall,2022-03-17T08:00:00,60.0,60.0,,,54.61,,,,0.0414,0.0414,41.311922,-105.581147,2022,3,17,8
West,Knight Hall,2022-03-17T09:00:00,80.0,70.0,,,89.41,,,,0.0552,0.048299999999999996,41.311922,-105.581147,2022,3,17,9
West,Knight Hall,2022-03-17T10:00:00,60.0,70.0,,,106.43,,,,0.0414,0.048299999999999996,41.311922,-105.581147,2022,3,17,10
West,Knight Hall,2022-03-17T11:00:00,80.0,60.0,,,93.98,,,,0.0552,0.0414,41.311922,-105.581147,2022,3,17,11
West,Knight Hall,2022-03-17T12:00:00,50.0,70.0,,,64.3,,,,0.034499999999999996,0.048299999999999996,41.311922,-105.581147,2022,3,17,12
West,Knight Hall,2022-03-17T13:00:00,80.0,70.0,,,46.49,,,,0.0552,0.048299999999999996,41.311922,-105.581147,2022,3,17,13
West,Knight Hall,2022-03-17T14:00:00,50.0,60.0,,,63.8,,,,0.034499999999999996,0.0414,41.311922,-105.581147,2022,3,17,14
West,Knight Hall,2022-03-17T15:00:00,80.0,70.0,,,79.92999999999999,,,,0.0552,0.048299999999999996,41.311922,-105.581147,2022,3,17,15
West,Knight Hall,2022-03-17T16:00:00,60.0,60.0,,,92.5,,,,0.0414,0.0414,41.311922,-105.581147,2022,3,17,16
West,Knight Hall,2022-03-17T17:00:00,50.0,50.0,,,27.56,,,,0.034499999999999996,0.034499999999999996,41.311922,-105.581147,2022,3,17,17
West,Knight Hall,2022-03-17T18:00:00,40.0,50.0,,,4.59,,,,0.0276,0.034499999999999996,41.311922,-105.581147,2022,3,17,18
West,Knight Hall,2022-03-17T19:00:00,40.0,30.0,,,6.32,,,,0.0276,0.0207,41.311922,-105.581147,2022,3,17,19
West,Knight Hall,2022-03-17T20:00:00,30.0,30.0,,,1.64,,,,0.0207,0.0207,41.311922,-105.581147,2022,3,17,20
West,Knight Hall,2022-03-17T21:00:00,30.0,40.0,,,8.41,,,,0.0207,0.0276,41.311922,-105.581147,2022,3,17,21
West,Knight Hall,2022-03-17T22:00:00,20.0,20.0,,,0.65,,,,0.0138,0.0138,41.311922,-105.581147,2022,3,17,22
West,Knight Hall,2022-03-17T23:00:00,40.0,30.0,,,,,,,0.0276,0.0207,41.311922,-105.581147,2022,3,17,23
West,Knight Hall,2022-03-18T00:00:00,20.0,30.0,,,0.63,,,,0.0138,0.0207,41.311922,-105.581147,2022,3,18,0
West,Knight Hall,2022-03-18T01:00:00,30.0,30.0,,,,,,,0.0207,0.0207,41.311922,-105.581147,2022,3,18,1
West,Knight Hall,2022-03-18T02:00:00,20.0,20.0,,,,,,,0.0138,0.0138,41.311922,-105.581147,2022,3,18,2
West,Knight Hall,2022-03-18T03:00:00,30.0,30.0,,,0.67,,,,0.0207,0.0207,41.311922,-105.581147,2022,3,18,3
West,Knight Hall,2022-03-18T04:00:00,30.0,30.0,,,,,,,0.0207,0.0207,41.311922,-105.581147,2022,3,18,4
West,Knight Hall,2022-03-18T05:00:00,30.0,30.0,,,1.08,,,,0.0207,0.0207,41.311922,-105.581147,2022,3,18,5
West,Knight Hall,2022-03-18T06:00:00,30.0,30.0,,,0.88,,,,0.0207,0.0207,41.311922,-105.581147,2022,3,18,6
West,Knight Hall,2022-03-18T07:00:00,50.0,40.0,,,18.65,,,,0.034499999999999996,0.0276,41.311922,-105.581147,2022,3,18,7
West,Knight Hall,2022-03-18T08:00:00,60.0,70.0,,,67.62,,,,0.0414,0.048299999999999996,41.311922,-105.581147,2022,3,18,8
West,Knight Hall,2022-03-18T09:00:00,70.0,60.0,,,84.43,,,,0.048299999999999996,0.0414,41.311922,-105.581147,2022,3,18,9
West,Knight Hall,2022-03-18T10:00:00,70.0,70.0,,,83.81,,,,0.048299999999999996,0.048299999999999996,41.311922,-105.581147,2022,3,18,10
West,Knight Hall,2022-03-18T11:00:00,80.0,60.0,,,60.87,,,,0.0552,0.0414,41.311922,-105.581147,2022,3,18,11
West,Knight Hall,2022-03-18T12:00:00,50.0,70.0,,,40.43,,,,0.034499999999999996,0.048299999999999996,41.311922,-105.581147,2022,3,18,12
West,Knight Hall,2022-03-18T13:00:00,80.0,70.0,,,49.38,,,,0.0552,0.048299999999999996,41.311922,-105.581147,2022,3,18,13
West,Knight Hall,2022-03-18T14:00:00,50.0,60.0,,,64.79,,,,0.034499999999999996,0.0414,41.311922,-105.581147,2022,3,18,14
West,Knight Hall,2022-03-18T15:00:00,80.0,70.0,,,35.01,,,,0.0552,0.048299999999999996,41.311922,-105.581147,2022,3,18,15
West,Knight Hall,2022-03-18T16:00:00,50.0,60.0,,,86.83000000000001,,,,0.034499999999999996,0.0414,41.311922,-105.581147,2022,3,18,16
West,Knight Hall,2022-03-18T17:00:00,40.0,50.0,,,36.7,,,,0.0276,0.034499999999999996,41.311922,-105.581147,2022,3,18,17
West,Knight Hall,2022-03-18T18:00:00,40.0,40.0,,,23.950000000000003,,,,0.0276,0.0276,41.311922,-105.581147,2022,3,18,18
West,Knight Hall,2022-03-18T19:00:00,40.0,40.0,,,35.19,,,,0.0276,0.0276,41.311922,-105.581147,2022,3,18,19
West,Knight Hall,2022-03-18T20:00:00,20.0,30.0,,,13.11,,,,0.0138,0.0207,41.311922,-105.581147,2022,3,18,20
West,Knight Hall,2022-03-18T21:00:00,40.0,40.0,,,14.509999999999998,,,,0.0276,0.0276,41.311922,-105.581147,2022,3,18,21
West,Knight Hall,2022-03-18T22:00:00,30.0,30.0,,,16.369999999999997,,,,0.0207,0.0207,41.311922,-105.581147,2022,3,18,22
West,Knight Hall,2022-03-18T23:00:00,30.0,30.0,,,0.56,,,,0.0207,0.0207,41.311922,-105.581147,2022,3,18,23
West,Knight Hall,2022-03-19T00:00:00,20.0,20.0,,,,,,,0.0138,0.0138,41.311922,-105.581147,2022,3,19,0
West,Knight Hall,2022-03-19T01:00:00,20.0,30.0,,,,,,,0.0138,0.0207,41.311922,-105.581147,2022,3,19,1
West,Knight Hall,2022-03-19T02:00:00,30.0,30.0,,,,,,,0.0207,0.0207,41.311922,-105.581147,2022,3,19,2
West,Knight Hall,2022-03-19T03:00:00,30.0,30.0,,,0.8200000000000001,,,,0.0207,0.0207,41.311922,-105.581147,2022,3,19,3
West,Knight Hall,2022-03-19T04:00:00,20.0,30.0,,,,,,,0.0138,0.0207,41.311922,-105.581147,2022,3,19,4
West,Knight Hall,2022-03-19T05:00:00,30.0,30.0,,,,,,,0.0207,0.0207,41.311922,-105.581147,2022,3,19,5
West,Knight Hall,2022-03-19T06:00:00,30.0,30.0,,,,,,,0.0207,0.0207,41.311922,-105.581147,2022,3,19,6
West,Knight Hall,2022-03-19T07:00:00,30.0,40.0,,,,,,,0.0207,0.0276,41.311922,-105.581147,2022,3,19,7
West,Knight Hall,2022-03-19T08:00:00,20.0,60.0,,,2.97,,,,0.0138,0.0414,41.311922,-105.581147,2022,3,19,8
West,Knight Hall,2022-03-19T09:00:00,40.0,70.0,,,0.84,,,,0.0276,0.048299999999999996,41.311922,-105.581147,2022,3,19,9
West,Knight Hall,2022-03-19T10:00:00,20.0,60.0,,,0.97,,,,0.0138,0.0414,41.311922,-105.581147,2022,3,19,10
West,Knight Hall,2022-03-19T11:00:00,40.0,70.0,,,1.66,,,,0.0276,0.048299999999999996,41.311922,-105.581147,2022,3,19,11
West,Knight Hall,2022-03-19T12:00:00,30.0,70.0,,,1.72,,,,0.0207,0.048299999999999996,41.311922,-105.581147,2022,3,19,12
West,Knight Hall,2022-03-19T13:00:00,30.0,70.0,,,3.79,,,,0.0207,0.048299999999999996,41.311922,-105.581147,2022,3,19,13
West,Knight Hall,2022-03-19T14:00:00,30.0,70.0,,,3.34,,,,0.0207,0.048299999999999996,41.311922,-105.581147,2022,3,19,14
West,Knight Hall,2022-03-19T15:00:00,30.0,60.0,,,0.93,,,,0.0207,0.0414,41.311922,-105.581147,2022,3,19,15
West,Knight Hall,2022-03-19T16:00:00,20.0,70.0,,,2.54,,,,0.0138,0.048299999999999996,41.311922,-105.581147,2022,3,19,16
West,Knight Hall,2022-03-19T17:00:00,30.0,50.0,,,0.02,,,,0.0207,0.034499999999999996,41.311922,-105.581147,2022,3,19,17
West,Knight Hall,2022-03-19T18:00:00,20.0,40.0,,,,,,,0.0138,0.0276,41.311922,-105.581147,2022,3,19,18
West,Knight Hall,2022-03-19T19:00:00,30.0,30.0,,,,,,,0.0207,0.0207,41.311922,-105.581147,2022,3,19,19
West,Knight Hall,2022-03-19T20:00:00,30.0,30.0,,,,,,,0.0207,0.0207,41.311922,-105.581147,2022,3,19,20
West,Knight Hall,2022-03-19T21:00:00,30.0,30.0,,,,,,,0.0207,0.0207,41.311922,-105.581147,2022,3,19,21
West,Knight Hall,2022-03-19T22:00:00,20.0,40.0,,,,,,,0.0138,0.0276,41.311922,-105.581147,2022,3,19,22
West,Knight Hall,2022-03-19T23:00:00,30.0,20.0,,,,,,,0.0207,0.0138,41.311922,-105.581147,2022,3,19,23
West,Knight Hall,2022-03-20T00:00:00,20.0,30.0,,,,,,,0.0138,0.0207,41.311922,-105.581147,2022,3,20,0
West,Knight Hall,2022-03-20T01:00:00,30.0,30.0,,,,,,,0.0207,0.0207,41.311922,-105.581147,2022,3,20,1
West,Knight Hall,2022-03-20T02:00:00,30.0,30.0,,,0.84,,,,0.0207,0.0207,41.311922,-105.581147,2022,3,20,2
West,Knight Hall,2022-03-20T03:00:00,30.0,20.0,,,,,,,0.0207,0.0138,41.311922,-105.581147,2022,3,20,3
West,Knight Hall,2022-03-20T04:00:00,20.0,30.0,,,,,,,0.0138,0.0207,41.311922,-105.581147,2022,3,20,4
West,Knight Hall,2022-03-20T05:00:00,30.0,30.0,,,,,,,0.0207,0.0207,41.311922,-105.581147,2022,3,20,5
West,Knight Hall,2022-03-20T06:00:00,20.0,30.0,,,,,,,0.0138,0.0207,41.311922,-105.581147,2022,3,20,6
West,Knight Hall,2022-03-20T07:00:00,30.0,30.0,,,,,,,0.0207,0.0207,41.311922,-105.581147,2022,3,20,7
West,Knight Hall,2022-03-20T08:00:00,30.0,30.0,,,,,,,0.0207,0.0207,41.311922,-105.581147,2022,3,20,8
West,Knight Hall,2022-03-20T09:00:00,30.0,40.0,,,0.02,,,,0.0207,0.0276,41.311922,-105.581147,2022,3,20,9
West,Knight Hall,2022-03-20T10:00:00,30.0,30.0,,,0.06,,,,0.0207,0.0207,41.311922,-105.581147,2022,3,20,10
West,Knight Hall,2022-03-20T11:00:00,30.0,30.0,,,1.7,,,,0.0207,0.0207,41.311922,-105.581147,2022,3,20,11
West,Knight Hall,2022-03-20T12:00:00,30.0,30.0,,,3.36,,,,0.0207,0.0207,41.311922,-105.581147,2022,3,20,12
West,Knight Hall,2022-03-20T13:00:00,30.0,40.0,,,2.6300000000000003,,,,0.0207,0.0276,41.311922,-105.581147,2022,3,20,13
West,Knight Hall,2022-03-20T14:00:00,30.0,30.0,,,4.050000000000001,,,,0.0207,0.0207,41.311922,-105.581147,2022,3,20,14
West,Knight Hall,2022-03-20T15:00:00,30.0,30.0,,,,,,,0.0207,0.0207,41.311922,-105.581147,2022,3,20,15
West,Knight Hall,2022-03-20T16:00:00,30.0,30.0,,,0.02,,,,0.0207,0.0207,41.311922,-105.581147,2022,3,20,16
West,Knight Hall,2022-03-20T17:00:00,30.0,20.0,,,,,,,0.0207,0.0138,41.311922,-105.581147,2022,3,20,17
West,Knight Hall,2022-03-20T18:00:00,20.0,30.0,,,,,,,0.0138,0.0207,41.311922,-105.581147,2022,3,20,18
West,Knight Hall,2022-03-20T19:00:00,30.0,30.0,,,,,,,0.0207,0.0207,41.311922,-105.581147,2022,3,20,19
West,Knight Hall,2022-03-20T20:00:00,30.0,30.0,,,0.6,,,,0.0207,0.0207,41.311922,-105.581147,2022,3,20,20
West,Knight Hall,2022-03-20T21:00:00,30.0,20.0,,,3.38,,,,0.0207,0.0138,41.311922,-105.581147,2022,3,20,21
West,Knight Hall,2022-03-20T22:00:00,20.0,30.0,,,,,,,0.0138,0.0207,41.311922,-105.581147,2022,3,20,22
West,Knight Hall,2022-03-20T23:00:00,30.0,30.0,,,,,,,0.0207,0.0207,41.311922,-105.581147,2022,3,20,23
West,Knight Hall,2022-03-21T00:00:00,30.0,30.0,,,0.88,,,,0.0207,0.0207,41.311922,-105.581147,2022,3,21,0
West,Knight Hall,2022-03-21T01:00:00,30.0,20.0,,,,,,,0.0207,0.0138,41.311922,-105.581147,2022,3,21,1
West,Knight Hall,2022-03-21T02:00:00,20.0,30.0,,,,,,,0.0138,0.0207,41.311922,-105.581147,2022,3,21,2
West,Knight Hall,2022-03-21T03:00:00,40.0,30.0,,,,,,,0.0276,0.0207,41.311922,-105.581147,2022,3,21,3
West,Knight Hall,2022-03-21T04:00:00,20.0,30.0,,,0.86,,,,0.0138,0.0207,41.311922,-105.581147,2022,3,21,4
West,Knight Hall,2022-03-21T05:00:00,40.0,30.0,,,2.2,,,,0.0276,0.0207,41.311922,-105.581147,2022,3,21,5
West,Knight Hall,2022-03-21T06:00:00,30.0,20.0,,,10.8,,,,0.0207,0.0138,41.311922,-105.581147,2022,3,21,6
West,Knight Hall,2022-03-21T07:00:00,60.0,30.0,,,27.84,,,,0.0414,0.0207,41.311922,-105.581147,2022,3,21,7
West,Knight Hall,2022-03-21T08:00:00,60.0,30.0,,,96.89,,,,0.0414,0.0207,41.311922,-105.581147,2022,3,21,8
West,Knight Hall,2022-03-21T09:00:00,,30.0,,,137.08,,,,,0.0207,41.311922,-105.581147,2022,3,21,9
West,Knight Hall,2022-03-21T10:00:00,70.0,30.0,,,110.48,,,,0.048299999999999996,0.0207,41.311922,-105.581147,2022,3,21,10
West,Knight Hall,2022-03-21T11:00:00,80.0,30.0,,,131.07000000000002,,,,0.0552,0.0207,41.311922,-105.581147,2022,3,21,11
West,Knight Hall,2022-03-21T12:00:00,60.0,40.0,,,71.02000000000001,,,,0.0414,0.0276,41.311922,-105.581147,2022,3,21,12
West,Knight Hall,2022-03-21T13:00:00,80.0,30.0,,,86.07,,,,0.0552,0.0207,41.311922,-105.581147,2022,3,21,13
West,Knight Hall,2022-03-21T14:00:00,60.0,30.0,,,131.90999999999997,,,,0.0414,0.0207,41.311922,-105.581147,2022,3,21,14
West,Knight Hall,2022-03-21T15:00:00,80.0,30.0,,,107.55,,,,0.0552,0.0207,41.311922,-105.581147,2022,3,21,15
West,Knight Hall,2022-03-21T16:00:00,70.0,30.0,,,60.99,,,,0.048299999999999996,0.0207,41.311922,-105.581147,2022,3,21,16
West,Knight Hall,2022-03-21T17:00:00,50.0,30.0,,,93.51,,,,0.034499999999999996,0.0207,41.311922,-105.581147,2022,3,21,17
West,Knight Hall,2022-03-21T18:00:00,30.0,30.0,,,24.02,,,,0.0207,0.0207,41.311922,-105.581147,2022,3,21,18
West,Knight Hall,2022-03-21T19:00:00,40.0,30.0,,,26.590000000000003,,,,0.0276,0.0207,41.311922,-105.581147,2022,3,21,19
West,Knight Hall,2022-03-21T20:00:00,30.0,30.0,,,31.22,,,,0.0207,0.0207,41.311922,-105.581147,2022,3,21,20
West,Knight Hall,2022-03-21T21:00:00,30.0,20.0,,,5.54,,,,0.0207,0.0138,41.311922,-105.581147,2022,3,21,21
West,Knight Hall,2022-03-21T22:00:00,30.0,30.0,,,,,,,0.0207,0.0207,41.311922,-105.581147,2022,3,21,22
West,Knight Hall,2022-03-21T23:00:00,30.0,30.0,,,0.65,,,,0.0207,0.0207,41.311922,-105.581147,2022,3,21,23
West,Knight Hall,2022-03-22T00:00:00,20.0,30.0,,,0.09,,,,0.0138,0.0207,41.311922,-105.581147,2022,3,22,0
West,Knight Hall,2022-03-22T01:00:00,40.0,30.0,,,,,,,0.0276,0.0207,41.311922,-105.581147,2022,3,22,1
West,Knight Hall,2022-03-22T02:00:00,20.0,30.0,,,0.8999999999999999,,,,0.0138,0.0207,41.311922,-105.581147,2022,3,22,2
West,Knight Hall,2022-03-22T03:00:00,30.0,20.0,,,,,,,0.0207,0.0138,41.311922,-105.581147,2022,3,22,3
West,Knight Hall,2022-03-22T04:00:00,30.0,40.0,,,,,,,0.0207,0.0276,41.311922,-105.581147,2022,3,22,4
West,Knight Hall,2022-03-22T05:00:00,30.0,30.0,,,1.04,,,,0.0207,0.0207,41.311922,-105.581147,2022,3,22,5
West,Knight Hall,2022-03-22T06:00:00,30.0,30.0,,,0.99,,,,0.0207,0.0207,41.311922,-105.581147,2022,3,22,6
West,Knight Hall,2022-03-22T07:00:00,40.0,40.0,,,25.96,,,,0.0276,0.0276,41.311922,-105.581147,2022,3,22,7
West,Knight Hall,2022-03-22T08:00:00,70.0,70.0,,,74.3,,,,0.048299999999999996,0.048299999999999996,41.311922,-105.581147,2022,3,22,8
West,Knight Hall,2022-03-22T09:00:00,70.0,70.0,,,120.05,,,,0.048299999999999996,0.048299999999999996,41.311922,-105.581147,2022,3,22,9
West,Knight Hall,2022-03-22T10:00:00,80.0,70.0,,,157.42,,,,0.0552,0.048299999999999996,41.311922,-105.581147,2022,3,22,10
West,Knight Hall,2022-03-22T11:00:00,,70.0,,,105.48,,,,,0.048299999999999996,41.311922,-105.581147,2022,3,22,11
West,Knight Hall,2022-03-22T12:00:00,60.0,60.0,,,,,,,0.0414,0.0414,41.311922,-105.581147,2022,3,22,12
West,Knight Hall,2022-03-22T13:00:00,80.0,70.0,,,,,,,0.0552,0.048299999999999996,41.311922,-105.581147,2022,3,22,13
West,Knight Hall,2022-03-22T14:00:00,70.0,70.0,,,,,,,0.048299999999999996,0.048299999999999996,41.311922,-105.581147,2022,3,22,14
West,Knight Hall,2022-03-22T15:00:00,80.0,70.0,,,,,,,0.0552,0.048299999999999996,41.311922,-105.581147,2022,3,22,15
West,Knight Hall,2022-03-22T16:00:00,60.0,70.0,,,,,,,0.0414,0.048299999999999996,41.311922,-105.581147,2022,3,22,16
West,Knight Hall,2022-03-22T17:00:00,50.0,50.0,,,118.09,,,,0.034499999999999996,0.034499999999999996,41.311922,-105.581147,2022,3,22,17
West,Knight Hall,2022-03-22T18:00:00,40.0,40.0,,,24.86,,,,0.0276,0.0276,41.311922,-105.581147,2022,3,22,18
West,Knight Hall,2022-03-22T19:00:00,40.0,40.0,,,2.9800000000000004,,,,0.0276,0.0276,41.311922,-105.581147,2022,3,22,19
West,Knight Hall,2022-03-22T20:00:00,20.0,30.0,,,23.65,,,,0.0138,0.0207,41.311922,-105.581147,2022,3,22,20
West,Knight Hall,2022-03-22T21:00:00,40.0,30.0,,,13.8,,,,0.0276,0.0207,41.311922,-105.581147,2022,3,22,21
West,Knight Hall,2022-03-22T22:00:00,20.0,30.0,,,,,,,0.0138,0.0207,41.311922,-105.581147,2022,3,22,22
West,Knight Hall,2022-03-22T23:00:00,40.0,30.0,,,0.8200000000000001,,,,0.0276,0.0207,41.311922,-105.581147,2022,3,22,23
West,Knight Hall,2022-03-23T00:00:00,20.0,30.0,,,0.02,,,,0.0138,0.0207,41.311922,-105.581147,2022,3,23,0
West,Knight Hall,2022-03-23T01:00:00,30.0,30.0,,,,,,,0.0207,0.0207,41.311922,-105.581147,2022,3,23,1
West,Knight Hall,2022-03-23T02:00:00,30.0,30.0,,,0.8,,,,0.0207,0.0207,41.311922,-105.581147,2022,3,23,2
West,Knight Hall,2022-03-23T03:00:00,30.0,20.0,,,,,,,0.0207,0.0138,41.311922,-105.581147,2022,3,23,3
West,Knight Hall,2022-03-23T04:00:00,30.0,40.0,,,,,,,0.0207,0.0276,41.311922,-105.581147,2022,3,23,4
West,Knight Hall,2022-03-23T05:00:00,40.0,30.0,,,1.75,,,,0.0276,0.0207,41.311922,-105.581147,2022,3,23,5
West,Knight Hall,2022-03-23T06:00:00,20.0,30.0,,,7.74,,,,0.0138,0.0207,41.311922,-105.581147,2022,3,23,6
West,Knight Hall,2022-03-23T07:00:00,60.0,40.0,,,47.17,,,,0.0414,0.0276,41.311922,-105.581147,2022,3,23,7
West,Knight Hall,2022-03-23T08:00:00,60.0,70.0,,,78.27,,,,0.0414,0.048299999999999996,41.311922,-105.581147,2022,3,23,8
West,Knight Hall,2022-03-23T09:00:00,,80.0,,,121.32,,,,,0.0552,41.311922,-105.581147,2022,3,23,9
West,Knight Hall,2022-03-23T10:00:00,70.0,80.0,,,141.98000000000002,,,,0.048299999999999996,0.0552,41.311922,-105.581147,2022,3,23,10
West,Knight Hall,2022-03-23T11:00:00,,70.0,,,117.81,,,,,0.048299999999999996,41.311922,-105.581147,2022,3,23,11
West,Knight Hall,2022-03-23T12:00:00,60.0,70.0,,,113.24,,,,0.0414,0.048299999999999996,41.311922,-105.581147,2022,3,23,12
West,Knight Hall,2022-03-23T13:00:00,,70.0,,,178.61,,,,,0.048299999999999996,41.311922,-105.581147,2022,3,23,13
West,Knight Hall,2022-03-23T14:00:00,60.0,70.0,,,,,,,0.0414,0.048299999999999996,41.311922,-105.581147,2022,3,23,14
West,Knight Hall,2022-03-23T15:00:00,,70.0,,,109.05,,,,,0.048299999999999996,41.311922,-105.581147,2022,3,23,15
West,Knight Hall,2022-03-23T16:00:00,60.0,70.0,,,97.13,,,,0.0414,0.048299999999999996,41.311922,-105.581147,2022,3,23,16
West,Knight Hall,2022-03-23T17:00:00,50.0,50.0,,,35.14,,,,0.034499999999999996,0.034499999999999996,41.311922,-105.581147,2022,3,23,17
West,Knight Hall,2022-03-23T18:00:00,40.0,40.0,,,54.53000000000001,,,,0.0276,0.0276,41.311922,-105.581147,2022,3,23,18
West,Knight Hall,2022-03-23T19:00:00,50.0,40.0,,,15.24,,,,0.034499999999999996,0.0276,41.311922,-105.581147,2022,3,23,19
West,Knight Hall,2022-03-23T20:00:00,20.0,30.0,,,10.76,,,,0.0138,0.0207,41.311922,-105.581147,2022,3,23,20
West,Knight Hall,2022-03-23T21:00:00,40.0,30.0,,,0.84,,,,0.0276,0.0207,41.311922,-105.581147,2022,3,23,21
West,Knight Hall,2022-03-23T22:00:00,20.0,30.0,,,3.1500000000000004,,,,0.0138,0.0207,41.311922,-105.581147,2022,3,23,22
West,Knight Hall,2022-03-23T23:00:00,30.0,30.0,,,,,,,0.0207,0.0207,41.311922,-105.581147,2022,3,23,23
West,Knight Hall,2022-03-24T00:00:00,20.0,20.0,,,,,,,0.0138,0.0138,41.311922,-105.581147,2022,3,24,0
West,Knight Hall,2022-03-24T01:00:00,40.0,30.0,,,0.86,,,,0.0276,0.0207,41.311922,-105.581147,2022,3,24,1
West,Knight Hall,2022-03-24T02:00:00,20.0,30.0,,,,,,,0.0138,0.0207,41.311922,-105.581147,2022,3,24,2
West,Knight Hall,2022-03-24T03:00:00,20.0,30.0,,,,,,,0.0138,0.0207,41.311922,-105.581147,2022,3,24,3
West,Knight Hall,2022-03-24T04:00:00,30.0,30.0,,,0.75,,,,0.0207,0.0207,41.311922,-105.581147,2022,3,24,4
West,Knight Hall,2022-03-24T05:00:00,40.0,40.0,,,2.29,,,,0.0276,0.0276,41.311922,-105.581147,2022,3,24,5
West,Knight Hall,2022-03-24T06:00:00,30.0,30.0,,,0.37,,,,0.0207,0.0207,41.311922,-105.581147,2022,3,24,6
West,Knight Hall,2022-03-24T07:00:00,40.0,40.0,,,21.39,,,,0.0276,0.0276,41.311922,-105.581147,2022,3,24,7
West,Knight Hall,2022-03-24T08:00:00,70.0,70.0,,,119.51,,,,0.048299999999999996,0.048299999999999996,41.311922,-105.581147,2022,3,24,8
West,Knight Hall,2022-03-24T09:00:00,70.0,70.0,,,98.32,,,,0.048299999999999996,0.048299999999999996,41.311922,-105.581147,2022,3,24,9
West,Knight Hall,2022-03-24T10:00:00,70.0,70.0,,,124.77,,,,0.048299999999999996,0.048299999999999996,41.311922,-105.581147,2022,3,24,10
West,Knight Hall,2022-03-24T11:00:00,,70.0,,,141.7,,,,,0.048299999999999996,41.311922,-105.581147,2022,3,24,11
West,Knight Hall,2022-03-24T12:00:00,60.0,70.0,,,96.68,,,,0.0414,0.048299999999999996,41.311922,-105.581147,2022,3,24,12
West,Knight Hall,2022-03-24T13:00:00,70.0,70.0,,,94.48,,,,0.048299999999999996,0.048299999999999996,41.311922,-105.581147,2022,3,24,13
West,Knight Hall,2022-03-24T14:00:00,80.0,70.0,,,99.96,,,,0.0552,0.048299999999999996,41.311922,-105.581147,2022,3,24,14
West,Knight Hall,2022-03-24T15:00:00,80.0,70.0,,,192.34,,,,0.0552,0.048299999999999996,41.311922,-105.581147,2022,3,24,15
West,Knight Hall,2022-03-24T16:00:00,60.0,60.0,,,93.73,,,,0.0414,0.0414,41.311922,-105.581147,2022,3,24,16
West,Knight Hall,2022-03-24T17:00:00,60.0,50.0,,,18.99,,,,0.0414,0.034499999999999996,41.311922,-105.581147,2022,3,24,17
West,Knight Hall,2022-03-24T18:00:00,30.0,40.0,,,3.51,,,,0.0207,0.0276,41.311922,-105.581147,2022,3,24,18
West,Knight Hall,2022-03-24T19:00:00,40.0,40.0,,,30.87,,,,0.0276,0.0276,41.311922,-105.581147,2022,3,24,19
West,Knight Hall,2022-03-24T20:00:00,30.0,30.0,,,17.049999999999997,,,,0.0207,0.0207,41.311922,-105.581147,2022,3,24,20
West,Knight Hall,2022-03-24T21:00:00,30.0,30.0,,,10.8,,,,0.0207,0.0207,41.311922,-105.581147,2022,3,24,21
West,Knight Hall,2022-03-24T22:00:00,30.0,30.0,,,7.24,,,,0.0207,0.0207,41.311922,-105.581147,2022,3,24,22
West,Knight Hall,2022-03-24T23:00:00,30.0,30.0,,,7.68,,,,0.0207,0.0207,41.311922,-105.581147,2022,3,24,23
West,Knight Hall,2022-03-25T00:00:00,20.0,20.0,,,6.92,,,,0.0138,0.0138,41.311922,-105.581147,2022,3,25,0
West,Knight Hall,2022-03-25T01:00:00,30.0,30.0,,,8.17,,,,0.0207,0.0207,41.311922,-105.581147,2022,3,25,1
West,Knight Hall,2022-03-25T02:00:00,30.0,30.0,,,5.69,,,,0.0207,0.0207,41.311922,-105.581147,2022,3,25,2
West,Knight Hall,2022-03-25T03:00:00,30.0,30.0,,,125.46,,,,0.0207,0.0207,41.311922,-105.581147,2022,3,25,3
West,Knight Hall,2022-03-25T04:00:00,20.0,30.0,,,60.76,,,,0.0138,0.0207,41.311922,-105.581147,2022,3,25,4
West,Knight Hall,2022-03-25T05:00:00,40.0,30.0,,,10.98,,,,0.0276,0.0207,41.311922,-105.581147,2022,3,25,5
West,Knight Hall,2022-03-25T06:00:00,20.0,30.0,,,15.01,,,,0.0138,0.0207,41.311922,-105.581147,2022,3,25,6
West,Knight Hall,2022-03-25T07:00:00,60.0,40.0,,,39.71,,,,0.0414,0.0276,41.311922,-105.581147,2022,3,25,7
West,Knight Hall,2022-03-25T08:00:00,50.0,60.0,,,,,,,0.034499999999999996,0.0414,41.311922,-105.581147,2022,3,25,8
West,Knight Hall,2022-03-25T09:00:00,70.0,80.0,,,,,,,0.048299999999999996,0.0552,41.311922,-105.581147,2022,3,25,9
West,Knight Hall,2022-03-25T10:00:00,80.0,70.0,,,129.62,,,,0.0552,0.048299999999999996,41.311922,-105.581147,2022,3,25,10
West,Knight Hall,2022-03-25T11:00:00,70.0,70.0,,,213.32,,,,0.048299999999999996,0.048299999999999996,41.311922,-105.581147,2022,3,25,11
West,Knight Hall,2022-03-25T12:00:00,70.0,70.0,,,,,,,0.048299999999999996,0.048299999999999996,41.311922,-105.581147,2022,3,25,12
West,Knight Hall,2022-03-25T13:00:00,80.0,60.0,,,,,,,0.0552,0.0414,41.311922,-105.581147,2022,3,25,13
West,Knight Hall,2022-03-25T14:00:00,60.0,70.0,,,71.91000000000001,,,,0.0414,0.048299999999999996,41.311922,-105.581147,2022,3,25,14
West,Knight Hall,2022-03-25T15:00:00,80.0,70.0,,,110.26,,,,0.0552,0.048299999999999996,41.311922,-105.581147,2022,3,25,15
West,Knight Hall,2022-03-25T16:00:00,60.0,70.0,,,96.72,,,,0.0414,0.048299999999999996,41.311922,-105.581147,2022,3,25,16
West,Knight Hall,2022-03-25T17:00:00,50.0,50.0,,,80.79,,,,0.034499999999999996,0.034499999999999996,41.311922,-105.581147,2022,3,25,17
West,Knight Hall,2022-03-25T18:00:00,30.0,40.0,,,19.73,,,,0.0207,0.0276,41.311922,-105.581147,2022,3,25,18
West,Knight Hall,2022-03-25T19:00:00,40.0,40.0,,,4.529999999999999,,,,0.0276,0.0276,41.311922,-105.581147,2022,3,25,19
West,Knight Hall,2022-03-25T20:00:00,30.0,40.0,,,12.78,,,,0.0207,0.0276,41.311922,-105.581147,2022,3,25,20
West,Knight Hall,2022-03-25T21:00:00,30.0,30.0,,,4.94,,,,0.0207,0.0207,41.311922,-105.581147,2022,3,25,21
West,Knight Hall,2022-03-25T22:00:00,20.0,30.0,,,,,,,0.0138,0.0207,41.311922,-105.581147,2022,3,25,22
West,Knight Hall,2022-03-25T23:00:00,20.0,30.0,,,0.6900000000000001,,,,0.0138,0.0207,41.311922,-105.581147,2022,3,25,23
West,Knight Hall,2022-03-26T00:00:00,30.0,30.0,,,0.7100000000000001,,,,0.0207,0.0207,41.311922,-105.581147,2022,3,26,0
West,Knight Hall,2022-03-26T01:00:00,30.0,30.0,,,0.35,,,,0.0207,0.0207,41.311922,-105.581147,2022,3,26,1
West,Knight Hall,2022-03-26T02:00:00,20.0,30.0,,,1.08,,,,0.0138,0.0207,41.311922,-105.581147,2022,3,26,2
West,Knight Hall,2022-03-26T03:00:00,30.0,20.0,,,0.06,,,,0.0207,0.0138,41.311922,-105.581147,2022,3,26,3
West,Knight Hall,2022-03-26T04:00:00,20.0,30.0,,,0.65,,,,0.0138,0.0207,41.311922,-105.581147,2022,3,26,4
West,Knight Hall,2022-03-26T05:00:00,30.0,30.0,,,,,,,0.0207,0.0207,41.311922,-105.581147,2022,3,26,5
West,Knight Hall,2022-03-26T06:00:00,20.0,30.0,,,,,,,0.0138,0.0207,41.311922,-105.581147,2022,3,26,6
West,Knight Hall,2022-03-26T07:00:00,40.0,40.0,,,0.35,,,,0.0276,0.0276,41.311922,-105.581147,2022,3,26,7
West,Knight Hall,2022-03-26T08:00:00,20.0,60.0,,,7.460000000000001,,,,0.0138,0.0414,41.311922,-105.581147,2022,3,26,8
West,Knight Hall,2022-03-26T09:00:00,30.0,70.0,,,7.27,,,,0.0207,0.048299999999999996,41.311922,-105.581147,2022,3,26,9
West,Knight Hall,2022-03-26T10:00:00,30.0,70.0,,,1.6,,,,0.0207,0.048299999999999996,41.311922,-105.581147,2022,3,26,10
West,Knight Hall,2022-03-26T11:00:00,30.0,70.0,,,0.54,,,,0.0207,0.048299999999999996,41.311922,-105.581147,2022,3,26,11
West,Knight Hall,2022-03-26T12:00:00,30.0,70.0,,,2.72,,,,0.0207,0.048299999999999996,41.311922,-105.581147,2022,3,26,12
West,Knight Hall,2022-03-26T13:00:00,20.0,60.0,,,0.43,,,,0.0138,0.0414,41.311922,-105.581147,2022,3,26,13
West,Knight Hall,2022-03-26T14:00:00,30.0,70.0,,,5.450000000000001,,,,0.0207,0.048299999999999996,41.311922,-105.581147,2022,3,26,14
West,Knight Hall,2022-03-26T15:00:00,30.0,70.0,,,0.0699999999999999,,,,0.0207,0.048299999999999996,41.311922,-105.581147,2022,3,26,15
West,Knight Hall,2022-03-26T16:00:00,30.0,60.0,,,0.43,,,,0.0207,0.0414,41.311922,-105.581147,2022,3,26,16
West,Knight Hall,2022-03-26T17:00:00,20.0,50.0,,,1.01,,,,0.0138,0.034499999999999996,41.311922,-105.581147,2022,3,26,17
West,Knight Hall,2022-03-26T18:00:00,30.0,40.0,,,0.11,,,,0.0207,0.0276,41.311922,-105.581147,2022,3,26,18
West,Knight Hall,2022-03-26T19:00:00,20.0,40.0,,,,,,,0.0138,0.0276,41.311922,-105.581147,2022,3,26,19
West,Knight Hall,2022-03-26T20:00:00,20.0,30.0,,,,,,,0.0138,0.0207,41.311922,-105.581147,2022,3,26,20
West,Knight Hall,2022-03-26T21:00:00,30.0,30.0,,,0.04,,,,0.0207,0.0207,41.311922,-105.581147,2022,3,26,21
West,Knight Hall,2022-03-26T22:00:00,20.0,30.0,,,,,,,0.0138,0.0207,41.311922,-105.581147,2022,3,26,22
West,Knight Hall,2022-03-26T23:00:00,30.0,30.0,,,1.34,,,,0.0207,0.0207,41.311922,-105.581147,2022,3,26,23
West,Knight Hall,2022-03-27T00:00:00,20.0,30.0,,,,,,,0.0138,0.0207,41.311922,-105.581147,2022,3,27,0
West,Knight Hall,2022-03-27T01:00:00,30.0,30.0,,,0.76,,,,0.0207,0.0207,41.311922,-105.581147,2022,3,27,1
West,Knight Hall,2022-03-27T02:00:00,30.0,30.0,,,,,,,0.0207,0.0207,41.311922,-105.581147,2022,3,27,2
West,Knight Hall,2022-03-27T03:00:00,20.0,20.0,,,1.5099999999999998,,,,0.0138,0.0138,41.311922,-105.581147,2022,3,27,3
West,Knight Hall,2022-03-27T04:00:00,30.0,30.0,,,0.02,,,,0.0207,0.0207,41.311922,-105.581147,2022,3,27,4
West,Knight Hall,2022-03-27T05:00:00,30.0,30.0,,,,,,,0.0207,0.0207,41.311922,-105.581147,2022,3,27,5
West,Knight Hall,2022-03-27T06:00:00,20.0,20.0,,,,,,,0.0138,0.0138,41.311922,-105.581147,2022,3,27,6
West,Knight Hall,2022-03-27T07:00:00,30.0,30.0,,,,,,,0.0207,0.0207,41.311922,-105.581147,2022,3,27,7
West,Knight Hall,2022-03-27T08:00:00,30.0,30.0,,,0.06,,,,0.0207,0.0207,41.311922,-105.581147,2022,3,27,8
West,Knight Hall,2022-03-27T09:00:00,30.0,40.0,,,0.07,,,,0.0207,0.0276,41.311922,-105.581147,2022,3,27,9
West,Knight Hall,2022-03-27T10:00:00,20.0,30.0,,,,,,,0.0138,0.0207,41.311922,-105.581147,2022,3,27,10
West,Knight Hall,2022-03-27T11:00:00,30.0,40.0,,,0.09,,,,0.0207,0.0276,41.311922,-105.581147,2022,3,27,11
West,Knight Hall,2022-03-27T12:00:00,30.0,30.0,,,0.02,,,,0.0207,0.0207,41.311922,-105.581147,2022,3,27,12
West,Knight Hall,2022-03-27T13:00:00,30.0,30.0,,,0.47,,,,0.0207,0.0207,41.311922,-105.581147,2022,3,27,13
West,Knight Hall,2022-03-27T14:00:00,30.0,40.0,,,3.39,,,,0.0207,0.0276,41.311922,-105.581147,2022,3,27,14
West,Knight Hall,2022-03-27T15:00:00,30.0,30.0,,,0.04,,,,0.0207,0.0207,41.311922,-105.581147,2022,3,27,15
West,Knight Hall,2022-03-27T16:00:00,20.0,30.0,,,0.11,,,,0.0138,0.0207,41.311922,-105.581147,2022,3,27,16
West,Knight Hall,2022-03-27T17:00:00,30.0,30.0,,,0.65,,,,0.0207,0.0207,41.311922,-105.581147,2022,3,27,17
West,Knight Hall,2022-03-27T18:00:00,20.0,30.0,,,3.26,,,,0.0138,0.0207,41.311922,-105.581147,2022,3,27,18
West,Knight Hall,2022-03-27T19:00:00,30.0,20.0,,,0.09,,,,0.0207,0.0138,41.311922,-105.581147,2022,3,27,19
West,Knight Hall,2022-03-27T20:00:00,20.0,30.0,,,3.13,,,,0.0138,0.0207,41.311922,-105.581147,2022,3,27,20
West,Knight Hall,2022-03-27T21:00:00,30.0,30.0,,,0.09,,,,0.0207,0.0207,41.311922,-105.581147,2022,3,27,21
West,Knight Hall,2022-03-27T22:00:00,20.0,30.0,,,,,,,0.0138,0.0207,41.311922,-105.581147,2022,3,27,22
West,Knight Hall,2022-03-27T23:00:00,30.0,30.0,,,,,,,0.0207,0.0207,41.311922,-105.581147,2022,3,27,23
West,Knight Hall,2022-03-28T00:00:00,20.0,30.0,,,,,,,0.0138,0.0207,41.311922,-105.581147,2022,3,28,0
West,Knight Hall,2022-03-28T01:00:00,30.0,20.0,,,,,,,0.0207,0.0138,41.311922,-105.581147,2022,3,28,1
West,Knight Hall,2022-03-28T02:00:00,20.0,30.0,,,,,,,0.0138,0.0207,41.311922,-105.581147,2022,3,28,2
West,Knight Hall,2022-03-28T03:00:00,30.0,30.0,,,,,,,0.0207,0.0207,41.311922,-105.581147,2022,3,28,3
West,Knight Hall,2022-03-28T04:00:00,30.0,30.0,,,,,,,0.0207,0.0207,41.311922,-105.581147,2022,3,28,4
West,Knight Hall,2022-03-28T05:00:00,30.0,30.0,,,0.48,,,,0.0207,0.0207,41.311922,-105.581147,2022,3,28,5
West,Knight Hall,2022-03-28T06:00:00,20.0,20.0,,,0.4499999999999999,,,,0.0138,0.0138,41.311922,-105.581147,2022,3,28,6
West,Knight Hall,2022-03-28T07:00:00,60.0,30.0,,,48.32,,,,0.0414,0.0207,41.311922,-105.581147,2022,3,28,7
West,Knight Hall,2022-03-28T08:00:00,50.0,30.0,,,98.4,,,,0.034499999999999996,0.0207,41.311922,-105.581147,2022,3,28,8
West,Knight Hall,2022-03-28T09:00:00,80.0,30.0,,,167.92,,,,0.0552,0.0207,41.311922,-105.581147,2022,3,28,9
West,Knight Hall,2022-03-28T10:00:00,60.0,30.0,,,155.32,,,,0.0414,0.0207,41.311922,-105.581147,2022,3,28,10
West,Knight Hall,2022-03-28T11:00:00,70.0,30.0,,,132.41,,,,0.048299999999999996,0.0207,41.311922,-105.581147,2022,3,28,11
West,Knight Hall,2022-03-28T12:00:00,70.0,30.0,,,139.0,,,,0.048299999999999996,0.0207,41.311922,-105.581147,2022,3,28,12
West,Knight Hall,2022-03-28T13:00:00,80.0,30.0,,,86.2,,,,0.0552,0.0207,41.311922,-105.581147,2022,3,28,13
West,Knight Hall,2022-03-28T14:00:00,60.0,30.0,,,117.4,,,,0.0414,0.0207,41.311922,-105.581147,2022,3,28,14
West,Knight Hall,2022-03-28T15:00:00,70.0,30.0,,,66.67,,,,0.048299999999999996,0.0207,41.311922,-105.581147,2022,3,28,15
West,Knight Hall,2022-03-28T16:00:00,70.0,30.0,,,103.9,,,,0.048299999999999996,0.0207,41.311922,-105.581147,2022,3,28,16
West,Knight Hall,2022-03-28T17:00:00,60.0,30.0,,,91.76,,,,0.0414,0.0207,41.311922,-105.581147,2022,3,28,17
West,Knight Hall,2022-03-28T18:00:00,30.0,30.0,,,30.12,,,,0.0207,0.0207,41.311922,-105.581147,2022,3,28,18
West,Knight Hall,2022-03-28T19:00:00,40.0,30.0,,,0.63,,,,0.0276,0.0207,41.311922,-105.581147,2022,3,28,19
West,Knight Hall,2022-03-28T20:00:00,20.0,20.0,,,22.85,,,,0.0138,0.0138,41.311922,-105.581147,2022,3,28,20
West,Knight Hall,2022-03-28T21:00:00,40.0,30.0,,,3.41,,,,0.0276,0.0207,41.311922,-105.581147,2022,3,28,21
West,Knight Hall,2022-03-28T22:00:00,20.0,30.0,,,0.4499999999999999,,,,0.0138,0.0207,41.311922,-105.581147,2022,3,28,22
West,Knight Hall,2022-03-28T23:00:00,30.0,30.0,,,2.24,,,,0.0207,0.0207,41.311922,-105.581147,2022,3,28,23
West,Knight Hall,2022-03-29T00:00:00,20.0,20.0,,,,,,,0.0138,0.0138,41.311922,-105.581147,2022,3,29,0
West,Knight Hall,2022-03-29T01:00:00,30.0,30.0,,,,,,,0.0207,0.0207,41.311922,-105.581147,2022,3,29,1
West,Knight Hall,2022-03-29T02:00:00,20.0,30.0,,,,,,,0.0138,0.0207,41.311922,-105.581147,2022,3,29,2
West,Knight Hall,2022-03-29T03:00:00,40.0,30.0,,,,,,,0.0276,0.0207,41.311922,-105.581147,2022,3,29,3
West,Knight Hall,2022-03-29T04:00:00,20.0,30.0,,,0.88,,,,0.0138,0.0207,41.311922,-105.581147,2022,3,29,4
West,Knight Hall,2022-03-29T05:00:00,40.0,30.0,,,1.34,,,,0.0276,0.0207,41.311922,-105.581147,2022,3,29,5
West,Knight Hall,2022-03-29T06:00:00,20.0,30.0,,,0.09,,,,0.0138,0.0207,41.311922,-105.581147,2022,3,29,6
West,Knight Hall,2022-03-29T07:00:00,60.0,40.0,,,22.53,,,,0.0414,0.0276,41.311922,-105.581147,2022,3,29,7
West,Knight Hall,2022-03-29T08:00:00,60.0,70.0,,,121.65,,,,0.0414,0.048299999999999996,41.311922,-105.581147,2022,3,29,8
West,Knight Hall,2022-03-29T09:00:00,,70.0,,,155.92999999999998,,,,,0.048299999999999996,41.311922,-105.581147,2022,3,29,9
West,Knight Hall,2022-03-29T10:00:00,60.0,70.0,,,,,,,0.0414,0.048299999999999996,41.311922,-105.581147,2022,3,29,10
West,Knight Hall,2022-03-29T11:00:00,,70.0,,,,,,,,0.048299999999999996,41.311922,-105.581147,2022,3,29,11
West,Knight Hall,2022-03-29T12:00:00,70.0,60.0,,,,,,,0.048299999999999996,0.0414,41.311922,-105.581147,2022,3,29,12
West,Knight Hall,2022-03-29T13:00:00,80.0,70.0,,,,,,,0.0552,0.048299999999999996,41.311922,-105.581147,2022,3,29,13
West,Knight Hall,2022-03-29T14:00:00,70.0,70.0,,,136.72,,,,0.048299999999999996,0.048299999999999996,41.311922,-105.581147,2022,3,29,14
West,Knight Hall,2022-03-29T15:00:00,,70.0,,,144.07000000000002,,,,,0.048299999999999996,41.311922,-105.581147,2022,3,29,15
West,Knight Hall,2022-03-29T16:00:00,60.0,60.0,,,138.83,,,,0.0414,0.0414,41.311922,-105.581147,2022,3,29,16
West,Knight Hall,2022-03-29T17:00:00,60.0,50.0,,,105.78,,,,0.0414,0.034499999999999996,41.311922,-105.581147,2022,3,29,17
West,Knight Hall,2022-03-29T18:00:00,30.0,40.0,,,47.33,,,,0.0207,0.0276,41.311922,-105.581147,2022,3,29,18
West,Knight Hall,2022-03-29T19:00:00,40.0,40.0,,,4.63,,,,0.0276,0.0276,41.311922,-105.581147,2022,3,29,19
West,Knight Hall,2022-03-29T20:00:00,30.0,30.0,,,20.48,,,,0.0207,0.0207,41.311922,-105.581147,2022,3,29,20
West,Knight Hall,2022-03-29T21:00:00,30.0,40.0,,,13.189999999999998,,,,0.0207,0.0276,41.311922,-105.581147,2022,3,29,21
West,Knight Hall,2022-03-29T22:00:00,30.0,30.0,,,7.609999999999999,,,,0.0207,0.0207,41.311922,-105.581147,2022,3,29,22
West,Knight Hall,2022-03-29T23:00:00,30.0,30.0,,,0.02,,,,0.0207,0.0207,41.311922,-105.581147,2022,3,29,23
West,Knight Hall,2022-03-30T00:00:00,30.0,20.0,,,,,,,0.0207,0.0138,41.311922,-105.581147,2022,3,30,0
West,Knight Hall,2022-03-30T01:00:00,30.0,30.0,,,,,,,0.0207,0.0207,41.311922,-105.581147,2022,3,30,1
West,Knight Hall,2022-03-30T02:00:00,20.0,30.0,,,0.88,,,,0.0138,0.0207,41.311922,-105.581147,2022,3,30,2
West,Knight Hall,2022-03-30T03:00:00,40.0,30.0,,,,,,,0.0276,0.0207,41.311922,-105.581147,2022,3,30,3
West,Knight Hall,2022-03-30T04:00:00,30.0,30.0,,,,,,,0.0207,0.0207,41.311922,-105.581147,2022,3,30,4
West,Knight Hall,2022-03-30T05:00:00,30.0,30.0,,,0.39,,,,0.0207,0.0207,41.311922,-105.581147,2022,3,30,5
West,Knight Hall,2022-03-30T06:00:00,30.0,30.0,,,0.56,,,,0.0207,0.0207,41.311922,-105.581147,2022,3,30,6
West,Knight Hall,2022-03-30T07:00:00,60.0,40.0,,,21.24,,,,0.0414,0.0276,41.311922,-105.581147,2022,3,30,7
West,Knight Hall,2022-03-30T08:00:00,60.0,60.0,,,57.16,,,,0.0414,0.0414,41.311922,-105.581147,2022,3,30,8
West,Knight Hall,2022-03-30T09:00:00,,70.0,,,222.51,,,,,0.048299999999999996,41.311922,-105.581147,2022,3,30,9
West,Knight Hall,2022-03-30T10:00:00,60.0,70.0,,,,,,,0.0414,0.048299999999999996,41.311922,-105.581147,2022,3,30,10
West,Knight Hall,2022-03-30T11:00:00,,70.0,,,,,,,,0.048299999999999996,41.311922,-105.581147,2022,3,30,11
West,Knight Hall,2022-03-30T12:00:00,60.0,70.0,,,,,,,0.0414,0.048299999999999996,41.311922,-105.581147,2022,3,30,12
West,Knight Hall,2022-03-30T13:00:00,,60.0,,,,,,,,0.0414,41.311922,-105.581147,2022,3,30,13
West,Knight Hall,2022-03-30T14:00:00,70.0,70.0,,,,,,,0.048299999999999996,0.048299999999999996,41.311922,-105.581147,2022,3,30,14
West,Knight Hall,2022-03-30T15:00:00,,70.0,,,110.39,,,,,0.048299999999999996,41.311922,-105.581147,2022,3,30,15
West,Knight Hall,2022-03-30T16:00:00,60.0,70.0,,,107.11,,,,0.0414,0.048299999999999996,41.311922,-105.581147,2022,3,30,16
West,Knight Hall,2022-03-30T17:00:00,60.0,50.0,,,50.24,,,,0.0414,0.034499999999999996,41.311922,-105.581147,2022,3,30,17
West,Knight Hall,2022-03-30T18:00:00,40.0,40.0,,,39.07,,,,0.0276,0.0276,41.311922,-105.581147,2022,3,30,18
West,Knight Hall,2022-03-30T19:00:00,30.0,40.0,,,11.64,,,,0.0207,0.0276,41.311922,-105.581147,2022,3,30,19
West,Knight Hall,2022-03-30T20:00:00,40.0,30.0,,,27.64,,,,0.0276,0.0207,41.311922,-105.581147,2022,3,30,20
West,Knight Hall,2022-03-30T21:00:00,40.0,30.0,,,20.37,,,,0.0276,0.0207,41.311922,-105.581147,2022,3,30,21
West,Knight Hall,2022-03-30T22:00:00,30.0,40.0,,,13.5,,,,0.0207,0.0276,41.311922,-105.581147,2022,3,30,22
West,Knight Hall,2022-03-30T23:00:00,20.0,20.0,,,0.02,,,,0.0138,0.0138,41.311922,-105.581147,2022,3,30,23
West,Knight Hall,2022-03-31T00:00:00,30.0,30.0,,,,,,,0.0207,0.0207,41.311922,-105.581147,2022,3,31,0
West,Knight Hall,2022-03-31T01:00:00,30.0,30.0,,,0.63,,,,0.0207,0.0207,41.311922,-105.581147,2022,3,31,1
West,Knight Hall,2022-03-31T02:00:00,30.0,30.0,,,1.21,,,,0.0207,0.0207,41.311922,-105.581147,2022,3,31,2
West,Knight Hall,2022-03-31T03:00:00,30.0,20.0,,,,,,,0.0207,0.0138,41.311922,-105.581147,2022,3,31,3
West,Knight Hall,2022-03-31T04:00:00,20.0,30.0,,,,,,,0.0138,0.0207,41.311922,-105.581147,2022,3,31,4
West,Knight Hall,2022-03-31T05:00:00,40.0,30.0,,,1.23,,,,0.0276,0.0207,41.311922,-105.581147,2022,3,31,5
West,Knight Hall,2022-03-31T06:00:00,30.0,40.0,,,0.93,,,,0.0207,0.0276,41.311922,-105.581147,2022,3,31,6
West,Knight Hall,2022-03-31T07:00:00,40.0,30.0,,,31.98,,,,0.0276,0.0207,41.311922,-105.581147,2022,3,31,7
West,Knight Hall,2022-03-31T08:00:00,70.0,70.0,,,104.76,,,,0.048299999999999996,0.048299999999999996,41.311922,-105.581147,2022,3,31,8
West,Knight Hall,2022-03-31T09:00:00,80.0,70.0,,,87.93,,,,0.0552,0.048299999999999996,41.311922,-105.581147,2022,3,31,9
West,Knight Hall,2022-03-31T10:00:00,60.0,70.0,,,,,,,0.0414,0.048299999999999996,41.311922,-105.581147,2022,3,31,10
West,Knight Hall,2022-03-31T11:00:00,80.0,70.0,,,,,,,0.0552,0.048299999999999996,41.311922,-105.581147,2022,3,31,11
West,Knight Hall,2022-03-31T12:00:00,70.0,60.0,,,,,,,0.048299999999999996,0.0414,41.311922,-105.581147,2022,3,31,12
West,Knight Hall,2022-03-31T13:00:00,70.0,70.0,,,,,,,0.048299999999999996,0.048299999999999996,41.311922,-105.581147,2022,3,31,13
West,Knight Hall,2022-03-31T14:00:00,70.0,70.0,,,,,,,0.048299999999999996,0.048299999999999996,41.311922,-105.581147,2022,3,31,14
West,Knight Hall,2022-03-31T15:00:00,70.0,60.0,,,,,,,0.048299999999999996,0.0414,41.311922,-105.581147,2022,3,31,15
West,Knight Hall,2022-03-31T16:00:00,70.0,70.0,,,,,,,0.048299999999999996,0.048299999999999996,41.311922,-105.581147,2022,3,31,16
West,Knight Hall,2022-03-31T17:00:00,40.0,40.0,,,76.92999999999999,,,,0.0276,0.0276,41.311922,-105.581147,2022,3,31,17
West,Knight Hall,2022-03-31T18:00:00,40.0,40.0,,,19.43,,,,0.0276,0.0276,41.311922,-105.581147,2022,3,31,18
West,Knight Hall,2022-03-31T19:00:00,30.0,40.0,,,2.03,,,,0.0207,0.0276,41.311922,-105.581147,2022,3,31,19
West,Knight Hall,2022-03-31T20:00:00,30.0,40.0,,,0.62,,,,0.0207,0.0276,41.311922,-105.581147,2022,3,31,20
West,Knight Hall,2022-03-31T21:00:00,30.0,30.0,,,4.03,,,,0.0207,0.0207,41.311922,-105.581147,2022,3,31,21
West,Knight Hall,2022-03-31T22:00:00,20.0,30.0,,,,,,,0.0138,0.0207,41.311922,-105.581147,2022,3,31,22
West,Knight Hall,2022-03-31T23:00:00,40.0,30.0,,,,,,,0.0276,0.0207,41.311922,-105.581147,2022,3,31,23
West,Knight Hall,2022-04-01T00:00:00,20.0,30.0,,,,,,,0.0138,0.0207,41.311922,-105.581147,2022,4,1,0
West,Knight Hall,2022-04-01T01:00:00,20.0,30.0,,,1.72,,,,0.0138,0.0207,41.311922,-105.581147,2022,4,1,1
West,Knight Hall,2022-04-01T02:00:00,30.0,20.0,,,,,,,0.0207,0.0138,41.311922,-105.581147,2022,4,1,2
West,Knight Hall,2022-04-01T03:00:00,30.0,30.0,,,,,,,0.0207,0.0207,41.311922,-105.581147,2022,4,1,3
West,Knight Hall,2022-04-01T04:00:00,30.0,30.0,,,,,,,0.0207,0.0207,41.311922,-105.581147,2022,4,1,4
West,Knight Hall,2022-04-01T05:00:00,30.0,30.0,,,,,,,0.0207,0.0207,41.311922,-105.581147,2022,4,1,5
West,Knight Hall,2022-04-01T06:00:00,30.0,30.0,,,3.69,,,,0.0207,0.0207,41.311922,-105.581147,2022,4,1,6
West,Knight Hall,2022-04-01T07:00:00,40.0,40.0,,,39.84,,,,0.0276,0.0276,41.311922,-105.581147,2022,4,1,7
West,Knight Hall,2022-04-01T08:00:00,70.0,60.0,,,70.52,,,,0.048299999999999996,0.0414,41.311922,-105.581147,2022,4,1,8
West,Knight Hall,2022-04-01T09:00:00,80.0,60.0,,,113.34,,,,0.0552,0.0414,41.311922,-105.581147,2022,4,1,9
West,Knight Hall,2022-04-01T10:00:00,70.0,70.0,,,146.44,,,,0.048299999999999996,0.048299999999999996,41.311922,-105.581147,2022,4,1,10
West,Knight Hall,2022-04-01T11:00:00,70.0,60.0,,,109.01,,,,0.048299999999999996,0.0414,41.311922,-105.581147,2022,4,1,11
West,Knight Hall,2022-04-01T12:00:00,70.0,70.0,,,106.4,,,,0.048299999999999996,0.048299999999999996,41.311922,-105.581147,2022,4,1,12
West,Knight Hall,2022-04-01T13:00:00,70.0,60.0,,,83.83,,,,0.048299999999999996,0.0414,41.311922,-105.581147,2022,4,1,13
West,Knight Hall,2022-04-01T14:00:00,70.0,60.0,,,77.62,,,,0.048299999999999996,0.0414,41.311922,-105.581147,2022,4,1,14
West,Knight Hall,2022-04-01T15:00:00,80.0,70.0,,,86.68,,,,0.0552,0.048299999999999996,41.311922,-105.581147,2022,4,1,15
West,Knight Hall,2022-04-01T16:00:00,50.0,60.0,,,168.95000000000002,,,,0.034499999999999996,0.0414,41.311922,-105.581147,2022,4,1,16
West,Knight Hall,2022-04-01T17:00:00,50.0,50.0,,,71.22,,,,0.034499999999999996,0.034499999999999996,41.311922,-105.581147,2022,4,1,17
West,Knight Hall,2022-04-01T18:00:00,30.0,40.0,,,4.380000000000001,,,,0.0207,0.0276,41.311922,-105.581147,2022,4,1,18
West,Knight Hall,2022-04-01T19:00:00,30.0,40.0,,,16.990000000000002,,,,0.0207,0.0276,41.311922,-105.581147,2022,4,1,19
West,Knight Hall,2022-04-01T20:00:00,30.0,30.0,,,6.380000000000001,,,,0.0207,0.0207,41.311922,-105.581147,2022,4,1,20
West,Knight Hall,2022-04-01T21:00:00,30.0,40.0,,,0.73,,,,0.0207,0.0276,41.311922,-105.581147,2022,4,1,21
West,Knight Hall,2022-04-01T22:00:00,30.0,30.0,,,0.84,,,,0.0207,0.0207,41.311922,-105.581147,2022,4,1,22
West,Knight Hall,2022-04-01T23:00:00,30.0,30.0,,,0.8600000000000001,,,,0.0207,0.0207,41.311922,-105.581147,2022,4,1,23
West,Knight Hall,2022-04-02T00:00:00,20.0,30.0,,,,,,,0.0138,0.0207,41.311922,-105.581147,2022,4,2,0
West,Knight Hall,2022-04-02T01:00:00,30.0,20.0,,,,,,,0.0207,0.0138,41.311922,-105.581147,2022,4,2,1
West,Knight Hall,2022-04-02T02:00:00,20.0,30.0,,,0.88,,,,0.0138,0.0207,41.311922,-105.581147,2022,4,2,2
West,Knight Hall,2022-04-02T03:00:00,30.0,30.0,,,,,,,0.0207,0.0207,41.311922,-105.581147,2022,4,2,3
West,Knight Hall,2022-04-02T04:00:00,20.0,30.0,,,0.5800000000000001,,,,0.0138,0.0207,41.311922,-105.581147,2022,4,2,4
West,Knight Hall,2022-04-02T05:00:00,30.0,30.0,,,,,,,0.0207,0.0207,41.311922,-105.581147,2022,4,2,5
West,Knight Hall,2022-04-02T06:00:00,30.0,30.0,,,0.86,,,,0.0207,0.0207,41.311922,-105.581147,2022,4,2,6
West,Knight Hall,2022-04-02T07:00:00,30.0,40.0,,,3.36,,,,0.0207,0.0276,41.311922,-105.581147,2022,4,2,7
West,Knight Hall,2022-04-02T08:00:00,20.0,60.0,,,,,,,0.0138,0.0414,41.311922,-105.581147,2022,4,2,8
West,Knight Hall,2022-04-02T09:00:00,40.0,70.0,,,0.88,,,,0.0276,0.048299999999999996,41.311922,-105.581147,2022,4,2,9
West,Knight Hall,2022-04-02T10:00:00,20.0,70.0,,,4.94,,,,0.0138,0.048299999999999996,41.311922,-105.581147,2022,4,2,10
West,Knight Hall,2022-04-02T11:00:00,30.0,60.0,,,,,,,0.0207,0.0414,41.311922,-105.581147,2022,4,2,11
West,Knight Hall,2022-04-02T12:00:00,40.0,70.0,,,6.49,,,,0.0276,0.048299999999999996,41.311922,-105.581147,2022,4,2,12
West,Knight Hall,2022-04-02T13:00:00,40.0,60.0,,,0.43,,,,0.0276,0.0414,41.311922,-105.581147,2022,4,2,13
West,Knight Hall,2022-04-02T14:00:00,20.0,60.0,,,0.84,,,,0.0138,0.0414,41.311922,-105.581147,2022,4,2,14
West,Knight Hall,2022-04-02T15:00:00,40.0,60.0,,,0.86,,,,0.0276,0.0414,41.311922,-105.581147,2022,4,2,15
West,Knight Hall,2022-04-02T16:00:00,30.0,50.0,,,0.86,,,,0.0207,0.034499999999999996,41.311922,-105.581147,2022,4,2,16
West,Knight Hall,2022-04-02T17:00:00,30.0,50.0,,,0.75,,,,0.0207,0.034499999999999996,41.311922,-105.581147,2022,4,2,17
West,Knight Hall,2022-04-02T18:00:00,30.0,40.0,,,0.02,,,,0.0207,0.0276,41.311922,-105.581147,2022,4,2,18
West,Knight Hall,2022-04-02T19:00:00,30.0,30.0,,,0.04,,,,0.0207,0.0207,41.311922,-105.581147,2022,4,2,19
West,Knight Hall,2022-04-02T20:00:00,30.0,40.0,,,0.02,,,,0.0207,0.0276,41.311922,-105.581147,2022,4,2,20
West,Knight Hall,2022-04-02T21:00:00,30.0,30.0,,,1.44,,,,0.0207,0.0207,41.311922,-105.581147,2022,4,2,21
West,Knight Hall,2022-04-02T22:00:00,20.0,30.0,,,,,,,0.0138,0.0207,41.311922,-105.581147,2022,4,2,22
West,Knight Hall,2022-04-02T23:00:00,30.0,30.0,,,,,,,0.0207,0.0207,41.311922,-105.581147,2022,4,2,23
West,Knight Hall,2022-04-03T00:00:00,30.0,20.0,,,,,,,0.0207,0.0138,41.311922,-105.581147,2022,4,3,0
West,Knight Hall,2022-04-03T01:00:00,20.0,30.0,,,,,,,0.0138,0.0207,41.311922,-105.581147,2022,4,3,1
West,Knight Hall,2022-04-03T02:00:00,30.0,30.0,,,,,,,0.0207,0.0207,41.311922,-105.581147,2022,4,3,2
West,Knight Hall,2022-04-03T03:00:00,30.0,20.0,,,,,,,0.0207,0.0138,41.311922,-105.581147,2022,4,3,3
West,Knight Hall,2022-04-03T04:00:00,20.0,30.0,,,0.86,,,,0.0138,0.0207,41.311922,-105.581147,2022,4,3,4
West,Knight Hall,2022-04-03T05:00:00,30.0,30.0,,,,,,,0.0207,0.0207,41.311922,-105.581147,2022,4,3,5
West,Knight Hall,2022-04-03T06:00:00,30.0,20.0,,,,,,,0.0207,0.0138,41.311922,-105.581147,2022,4,3,6
West,Knight Hall,2022-04-03T07:00:00,30.0,30.0,,,,,,,0.0207,0.0207,41.311922,-105.581147,2022,4,3,7
West,Knight Hall,2022-04-03T08:00:00,30.0,30.0,,,,,,,0.0207,0.0207,41.311922,-105.581147,2022,4,3,8
West,Knight Hall,2022-04-03T09:00:00,20.0,30.0,,,,,,,0.0138,0.0207,41.311922,-105.581147,2022,4,3,9
West,Knight Hall,2022-04-03T10:00:00,30.0,30.0,,,7.55,,,,0.0207,0.0207,41.311922,-105.581147,2022,4,3,10
West,Knight Hall,2022-04-03T11:00:00,40.0,30.0,,,8.149999999999999,,,,0.0276,0.0207,41.311922,-105.581147,2022,4,3,11
West,Knight Hall,2022-04-03T12:00:00,20.0,30.0,,,0.99,,,,0.0138,0.0207,41.311922,-105.581147,2022,4,3,12
West,Knight Hall,2022-04-03T13:00:00,30.0,30.0,,,,,,,0.0207,0.0207,41.311922,-105.581147,2022,4,3,13
West,Knight Hall,2022-04-03T14:00:00,30.0,30.0,,,,,,,0.0207,0.0207,41.311922,-105.581147,2022,4,3,14
West,Knight Hall,2022-04-03T15:00:00,30.0,30.0,,,,,,,0.0207,0.0207,41.311922,-105.581147,2022,4,3,15
West,Knight Hall,2022-04-03T16:00:00,30.0,30.0,,,3.1900000000000004,,,,0.0207,0.0207,41.311922,-105.581147,2022,4,3,16
West,Knight Hall,2022-04-03T17:00:00,20.0,20.0,,,,,,,0.0138,0.0138,41.311922,-105.581147,2022,4,3,17
West,Knight Hall,2022-04-03T18:00:00,30.0,30.0,,,0.97,,,,0.0207,0.0207,41.311922,-105.581147,2022,4,3,18
West,Knight Hall,2022-04-03T19:00:00,30.0,20.0,,,3.0,,,,0.0207,0.0138,41.311922,-105.581147,2022,4,3,19
West,Knight Hall,2022-04-03T20:00:00,20.0,30.0,,,0.02,,,,0.0138,0.0207,41.311922,-105.581147,2022,4,3,20
West,Knight Hall,2022-04-03T21:00:00,30.0,30.0,,,0.8999999999999999,,,,0.0207,0.0207,41.311922,-105.581147,2022,4,3,21
West,Knight Hall,2022-04-03T22:00:00,30.0,30.0,,,,,,,0.0207,0.0207,41.311922,-105.581147,2022,4,3,22
West,Knight Hall,2022-04-03T23:00:00,30.0,20.0,,,,,,,0.0207,0.0138,41.311922,-105.581147,2022,4,3,23
West,Knight Hall,2022-04-04T00:00:00,20.0,30.0,,,,,,,0.0138,0.0207,41.311922,-105.581147,2022,4,4,0
West,Knight Hall,2022-04-04T01:00:00,40.0,30.0,,,,,,,0.0276,0.0207,41.311922,-105.581147,2022,4,4,1
West,Knight Hall,2022-04-04T02:00:00,20.0,20.0,,,,,,,0.0138,0.0138,41.311922,-105.581147,2022,4,4,2
West,Knight Hall,2022-04-04T03:00:00,30.0,30.0,,,,,,,0.0207,0.0207,41.311922,-105.581147,2022,4,4,3
West,Knight Hall,2022-04-04T04:00:00,30.0,30.0,,,,,,,0.0207,0.0207,41.311922,-105.581147,2022,4,4,4
West,Knight Hall,2022-04-04T05:00:00,30.0,20.0,,,,,,,0.0207,0.0138,41.311922,-105.581147,2022,4,4,5
West,Knight Hall,2022-04-04T06:00:00,30.0,30.0,,,6.529999999999999,,,,0.0207,0.0207,41.311922,-105.581147,2022,4,4,6
West,Knight Hall,2022-04-04T07:00:00,60.0,30.0,,,23.950000000000003,,,,0.0414,0.0207,41.311922,-105.581147,2022,4,4,7
West,Knight Hall,2022-04-04T08:00:00,50.0,30.0,,,85.34,,,,0.034499999999999996,0.0207,41.311922,-105.581147,2022,4,4,8
West,Knight Hall,2022-04-04T09:00:00,80.0,30.0,,,109.34,,,,0.0552,0.0207,41.311922,-105.581147,2022,4,4,9
West,Knight Hall,2022-04-04T10:00:00,60.0,30.0,,,141.5,,,,0.0414,0.0207,41.311922,-105.581147,2022,4,4,10
West,Knight Hall,2022-04-04T11:00:00,80.0,30.0,,,99.78,,,,0.0552,0.0207,41.311922,-105.581147,2022,4,4,11
West,Knight Hall,2022-04-04T12:00:00,60.0,30.0,,,196.05,,,,0.0414,0.0207,41.311922,-105.581147,2022,4,4,12
West,Knight Hall,2022-04-04T13:00:00,80.0,30.0,,,,,,,0.0552,0.0207,41.311922,-105.581147,2022,4,4,13
West,Knight Hall,2022-04-04T14:00:00,60.0,30.0,,,,,,,0.0414,0.0207,41.311922,-105.581147,2022,4,4,14
West,Knight Hall,2022-04-04T15:00:00,80.0,30.0,,,,,,,0.0552,0.0207,41.311922,-105.581147,2022,4,4,15
West,Knight Hall,2022-04-04T16:00:00,50.0,30.0,,,,,,,0.034499999999999996,0.0207,41.311922,-105.581147,2022,4,4,16
West,Knight Hall,2022-04-04T17:00:00,50.0,20.0,,,,,,,0.034499999999999996,0.0138,41.311922,-105.581147,2022,4,4,17
West,Knight Hall,2022-04-04T18:00:00,40.0,30.0,,,105.2,,,,0.0276,0.0207,41.311922,-105.581147,2022,4,4,18
West,Knight Hall,2022-04-04T19:00:00,30.0,20.0,,,2.89,,,,0.0207,0.0138,41.311922,-105.581147,2022,4,4,19
West,Knight Hall,2022-04-04T20:00:00,40.0,30.0,,,8.54,,,,0.0276,0.0207,41.311922,-105.581147,2022,4,4,20
West,Knight Hall,2022-04-04T21:00:00,30.0,30.0,,,39.0,,,,0.0207,0.0207,41.311922,-105.581147,2022,4,4,21
West,Knight Hall,2022-04-04T22:00:00,30.0,20.0,,,13.41,,,,0.0207,0.0138,41.311922,-105.581147,2022,4,4,22
West,Knight Hall,2022-04-04T23:00:00,30.0,30.0,,,0.91,,,,0.0207,0.0207,41.311922,-105.581147,2022,4,4,23
West,Knight Hall,2022-04-05T00:00:00,20.0,30.0,,,,,,,0.0138,0.0207,41.311922,-105.581147,2022,4,5,0
West,Knight Hall,2022-04-05T01:00:00,40.0,20.0,,,1.19,,,,0.0276,0.0138,41.311922,-105.581147,2022,4,5,1
West,Knight Hall,2022-04-05T02:00:00,20.0,30.0,,,,,,,0.0138,0.0207,41.311922,-105.581147,2022,4,5,2
West,Knight Hall,2022-04-05T03:00:00,20.0,30.0,,,,,,,0.0138,0.0207,41.311922,-105.581147,2022,4,5,3
West,Knight Hall,2022-04-05T04:00:00,30.0,30.0,,,2.18,,,,0.0207,0.0207,41.311922,-105.581147,2022,4,5,4
West,Knight Hall,2022-04-05T05:00:00,40.0,30.0,,,1.85,,,,0.0276,0.0207,41.311922,-105.581147,2022,4,5,5
West,Knight Hall,2022-04-05T06:00:00,30.0,30.0,,,0.75,,,,0.0207,0.0207,41.311922,-105.581147,2022,4,5,6
West,Knight Hall,2022-04-05T07:00:00,50.0,40.0,,,47.0,,,,0.034499999999999996,0.0276,41.311922,-105.581147,2022,4,5,7
West,Knight Hall,2022-04-05T08:00:00,70.0,60.0,,,76.72999999999999,,,,0.048299999999999996,0.0414,41.311922,-105.581147,2022,4,5,8
West,Knight Hall,2022-04-05T09:00:00,80.0,70.0,,,146.92,,,,0.0552,0.048299999999999996,41.311922,-105.581147,2022,4,5,9
West,Knight Hall,2022-04-05T10:00:00,80.0,60.0,,,163.11,,,,0.0552,0.0414,41.311922,-105.581147,2022,4,5,10
West,Knight Hall,2022-04-05T11:00:00,80.0,70.0,,,114.29,,,,0.0552,0.048299999999999996,41.311922,-105.581147,2022,4,5,11
West,Knight Hall,2022-04-05T12:00:00,70.0,70.0,,,104.92,,,,0.048299999999999996,0.048299999999999996,41.311922,-105.581147,2022,4,5,12
West,Knight Hall,2022-04-05T13:00:00,70.0,60.0,,,124.04,,,,0.048299999999999996,0.0414,41.311922,-105.581147,2022,4,5,13
West,Knight Hall,2022-04-05T14:00:00,80.0,70.0,,,88.26999999999998,,,,0.0552,0.048299999999999996,41.311922,-105.581147,2022,4,5,14
West,Knight Hall,2022-04-05T15:00:00,,70.0,,,132.6,,,,,0.048299999999999996,41.311922,-105.581147,2022,4,5,15
West,Knight Hall,2022-04-05T16:00:00,60.0,60.0,,,95.96999999999998,,,,0.0414,0.0414,41.311922,-105.581147,2022,4,5,16
West,Knight Hall,2022-04-05T17:00:00,50.0,60.0,,,88.4,,,,0.034499999999999996,0.0414,41.311922,-105.581147,2022,4,5,17
West,Knight Hall,2022-04-05T18:00:00,40.0,40.0,,,9.46,,,,0.0276,0.0276,41.311922,-105.581147,2022,4,5,18
West,Knight Hall,2022-04-05T19:00:00,30.0,40.0,,,13.63,,,,0.0207,0.0276,41.311922,-105.581147,2022,4,5,19
West,Knight Hall,2022-04-05T20:00:00,30.0,30.0,,,31.87,,,,0.0207,0.0207,41.311922,-105.581147,2022,4,5,20
West,Knight Hall,2022-04-05T21:00:00,40.0,30.0,,,12.29,,,,0.0276,0.0207,41.311922,-105.581147,2022,4,5,21
West,Knight Hall,2022-04-05T22:00:00,20.0,30.0,,,,,,,0.0138,0.0207,41.311922,-105.581147,2022,4,5,22
West,Knight Hall,2022-04-05T23:00:00,30.0,30.0,,,0.8600000000000001,,,,0.0207,0.0207,41.311922,-105.581147,2022,4,5,23
West,Knight Hall,2022-04-06T00:00:00,30.0,20.0,,,,,,,0.0207,0.0138,41.311922,-105.581147,2022,4,6,0
West,Knight Hall,2022-04-06T01:00:00,30.0,30.0,,,0.86,,,,0.0207,0.0207,41.311922,-105.581147,2022,4,6,1
West,Knight Hall,2022-04-06T02:00:00,20.0,30.0,,,,,,,0.0138,0.0207,41.311922,-105.581147,2022,4,6,2
West,Knight Hall,2022-04-06T03:00:00,40.0,20.0,,,,,,,0.0276,0.0138,41.311922,-105.581147,2022,4,6,3
West,Knight Hall,2022-04-06T04:00:00,20.0,30.0,,,0.88,,,,0.0138,0.0207,41.311922,-105.581147,2022,4,6,4
West,Knight Hall,2022-04-06T05:00:00,30.0,30.0,,,0.15,,,,0.0207,0.0207,41.311922,-105.581147,2022,4,6,5
West,Knight Hall,2022-04-06T06:00:00,40.0,40.0,,,7.090000000000001,,,,0.0276,0.0276,41.311922,-105.581147,2022,4,6,6
West,Knight Hall,2022-04-06T07:00:00,40.0,30.0,,,22.23,,,,0.0276,0.0207,41.311922,-105.581147,2022,4,6,7
West,Knight Hall,2022-04-06T08:00:00,80.0,70.0,,,84.82000000000001,,,,0.0552,0.048299999999999996,41.311922,-105.581147,2022,4,6,8
West,Knight Hall,2022-04-06T09:00:00,70.0,70.0,,,159.38,,,,0.048299999999999996,0.048299999999999996,41.311922,-105.581147,2022,4,6,9
West,Knight Hall,2022-04-06T10:00:00,80.0,60.0,,,133.09000000000003,,,,0.0552,0.0414,41.311922,-105.581147,2022,4,6,10
West,Knight Hall,2022-04-06T11:00:00,70.0,70.0,,,136.41000000000005,,,,0.048299999999999996,0.048299999999999996,41.311922,-105.581147,2022,4,6,11
West,Knight Hall,2022-04-06T12:00:00,80.0,70.0,,,101.64,,,,0.0552,0.048299999999999996,41.311922,-105.581147,2022,4,6,12
West,Knight Hall,2022-04-06T13:00:00,70.0,70.0,,,80.05000000000001,,,,0.048299999999999996,0.048299999999999996,41.311922,-105.581147,2022,4,6,13
West,Knight Hall,2022-04-06T14:00:00,80.0,60.0,,,139.37,,,,0.0552,0.0414,41.311922,-105.581147,2022,4,6,14
West,Knight Hall,2022-04-06T15:00:00,70.0,70.0,,,87.88,,,,0.048299999999999996,0.048299999999999996,41.311922,-105.581147,2022,4,6,15
West,Knight Hall,2022-04-06T16:00:00,80.0,60.0,,,86.26,,,,0.0552,0.0414,41.311922,-105.581147,2022,4,6,16
West,Knight Hall,2022-04-06T17:00:00,40.0,50.0,,,95.93,,,,0.0276,0.034499999999999996,41.311922,-105.581147,2022,4,6,17
West,Knight Hall,2022-04-06T18:00:00,40.0,40.0,,,55.540000000000006,,,,0.0276,0.0276,41.311922,-105.581147,2022,4,6,18
West,Knight Hall,2022-04-06T19:00:00,40.0,30.0,,,2.05,,,,0.0276,0.0207,41.311922,-105.581147,2022,4,6,19
West,Knight Hall,2022-04-06T20:00:00,30.0,40.0,,,61.88,,,,0.0207,0.0276,41.311922,-105.581147,2022,4,6,20
West,Knight Hall,2022-04-06T21:00:00,40.0,30.0,,,36.260000000000005,,,,0.0276,0.0207,41.311922,-105.581147,2022,4,6,21
West,Knight Hall,2022-04-06T22:00:00,30.0,30.0,,,,,,,0.0207,0.0207,41.311922,-105.581147,2022,4,6,22
West,Knight Hall,2022-04-06T23:00:00,20.0,20.0,,,1.96,,,,0.0138,0.0138,41.311922,-105.581147,2022,4,6,23
West,Knight Hall,2022-04-07T00:00:00,30.0,30.0,,,1.19,,,,0.0207,0.0207,41.311922,-105.581147,2022,4,7,0
West,Knight Hall,2022-04-07T01:00:00,30.0,30.0,,,0.9,,,,0.0207,0.0207,41.311922,-105.581147,2022,4,7,1
West,Knight Hall,2022-04-07T02:00:00,20.0,40.0,,,,,,,0.0138,0.0276,41.311922,-105.581147,2022,4,7,2
West,Knight Hall,2022-04-07T03:00:00,40.0,30.0,,,,,,,0.0276,0.0207,41.311922,-105.581147,2022,4,7,3
West,Knight Hall,2022-04-07T04:00:00,20.0,30.0,,,,,,,0.0138,0.0207,41.311922,-105.581147,2022,4,7,4
West,Knight Hall,2022-04-07T05:00:00,40.0,30.0,,,2.37,,,,0.0276,0.0207,41.311922,-105.581147,2022,4,7,5
West,Knight Hall,2022-04-07T06:00:00,20.0,30.0,,,8.97,,,,0.0138,0.0207,41.311922,-105.581147,2022,4,7,6
West,Knight Hall,2022-04-07T07:00:00,60.0,40.0,,,44.220000000000006,,,,0.0414,0.0276,41.311922,-105.581147,2022,4,7,7
West,Knight Hall,2022-04-07T08:00:00,70.0,70.0,,,107.31,,,,0.048299999999999996,0.048299999999999996,41.311922,-105.581147,2022,4,7,8
West,Knight Hall,2022-04-07T09:00:00,70.0,70.0,,,194.01,,,,0.048299999999999996,0.048299999999999996,41.311922,-105.581147,2022,4,7,9
West,Knight Hall,2022-04-07T10:00:00,80.0,70.0,,,,,,,0.0552,0.048299999999999996,41.311922,-105.581147,2022,4,7,10
West,Knight Hall,2022-04-07T11:00:00,,70.0,,,125.14,,,,,0.048299999999999996,41.311922,-105.581147,2022,4,7,11
West,Knight Hall,2022-04-07T12:00:00,70.0,70.0,,,111.94,,,,0.048299999999999996,0.048299999999999996,41.311922,-105.581147,2022,4,7,12
West,Knight Hall,2022-04-07T13:00:00,80.0,70.0,,,85.19,,,,0.0552,0.048299999999999996,41.311922,-105.581147,2022,4,7,13
West,Knight Hall,2022-04-07T14:00:00,60.0,60.0,,,80.42,,,,0.0414,0.0414,41.311922,-105.581147,2022,4,7,14
West,Knight Hall,2022-04-07T15:00:00,,70.0,,,93.94,,,,,0.048299999999999996,41.311922,-105.581147,2022,4,7,15
West,Knight Hall,2022-04-07T16:00:00,60.0,60.0,,,101.29,,,,0.0414,0.0414,41.311922,-105.581147,2022,4,7,16
West,Knight Hall,2022-04-07T17:00:00,50.0,50.0,,,67.76,,,,0.034499999999999996,0.034499999999999996,41.311922,-105.581147,2022,4,7,17
West,Knight Hall,2022-04-07T18:00:00,40.0,30.0,,,30.85,,,,0.0276,0.0207,41.311922,-105.581147,2022,4,7,18
West,Knight Hall,2022-04-07T19:00:00,30.0,40.0,,,19.45,,,,0.0207,0.0276,41.311922,-105.581147,2022,4,7,19
West,Knight Hall,2022-04-07T20:00:00,40.0,30.0,,,26.87,,,,0.0276,0.0207,41.311922,-105.581147,2022,4,7,20
West,Knight Hall,2022-04-07T21:00:00,30.0,30.0,,,0.8600000000000001,,,,0.0207,0.0207,41.311922,-105.581147,2022,4,7,21
West,Knight Hall,2022-04-07T22:00:00,30.0,30.0,,,11.06,,,,0.0207,0.0207,41.311922,-105.581147,2022,4,7,22
West,Knight Hall,2022-04-07T23:00:00,30.0,30.0,,,0.86,,,,0.0207,0.0207,41.311922,-105.581147,2022,4,7,23
West,Knight Hall,2022-04-08T00:00:00,30.0,20.0,,,,,,,0.0207,0.0138,41.311922,-105.581147,2022,4,8,0
West,Knight Hall,2022-04-08T01:00:00,30.0,30.0,,,,,,,0.0207,0.0207,41.311922,-105.581147,2022,4,8,1
West,Knight Hall,2022-04-08T02:00:00,20.0,30.0,,,121.35,,,,0.0138,0.0207,41.311922,-105.581147,2022,4,8,2
West,Knight Hall,2022-04-08T03:00:00,30.0,30.0,,,54.76,,,,0.0207,0.0207,41.311922,-105.581147,2022,4,8,3
West,Knight Hall,2022-04-08T04:00:00,30.0,30.0,,,,,,,0.0207,0.0207,41.311922,-105.581147,2022,4,8,4
West,Knight Hall,2022-04-08T05:00:00,40.0,30.0,,,0.3,,,,0.0276,0.0207,41.311922,-105.581147,2022,4,8,5
West,Knight Hall,2022-04-08T06:00:00,20.0,30.0,,,2.72,,,,0.0138,0.0207,41.311922,-105.581147,2022,4,8,6
West,Knight Hall,2022-04-08T07:00:00,40.0,40.0,,,35.61999999999999,,,,0.0276,0.0276,41.311922,-105.581147,2022,4,8,7
West,Knight Hall,2022-04-08T08:00:00,70.0,70.0,,,83.52999999999999,,,,0.048299999999999996,0.048299999999999996,41.311922,-105.581147,2022,4,8,8
West,Knight Hall,2022-04-08T09:00:00,80.0,60.0,,,167.32999999999998,,,,0.0552,0.0414,41.311922,-105.581147,2022,4,8,9
West,Knight Hall,2022-04-08T10:00:00,60.0,70.0,,,93.45,,,,0.0414,0.048299999999999996,41.311922,-105.581147,2022,4,8,10
West,Knight Hall,2022-04-08T11:00:00,80.0,60.0,,,84.91000000000001,,,,0.0552,0.0414,41.311922,-105.581147,2022,4,8,11
West,Knight Hall,2022-04-08T12:00:00,60.0,70.0,,,100.9,,,,0.0414,0.048299999999999996,41.311922,-105.581147,2022,4,8,12
West,Knight Hall,2022-04-08T13:00:00,80.0,60.0,,,77.58,,,,0.0552,0.0414,41.311922,-105.581147,2022,4,8,13
West,Knight Hall,2022-04-08T14:00:00,60.0,70.0,,,105.54,,,,0.0414,0.048299999999999996,41.311922,-105.581147,2022,4,8,14
West,Knight Hall,2022-04-08T15:00:00,70.0,60.0,,,74.25,,,,0.048299999999999996,0.0414,41.311922,-105.581147,2022,4,8,15
West,Knight Hall,2022-04-08T16:00:00,60.0,60.0,,,63.91,,,,0.0414,0.0414,41.311922,-105.581147,2022,4,8,16
West,Knight Hall,2022-04-08T17:00:00,50.0,50.0,,,56.06,,,,0.034499999999999996,0.034499999999999996,41.311922,-105.581147,2022,4,8,17
West,Knight Hall,2022-04-08T18:00:00,30.0,40.0,,,6.84,,,,0.0207,0.0276,41.311922,-105.581147,2022,4,8,18
West,Knight Hall,2022-04-08T19:00:00,40.0,40.0,,,8.67,,,,0.0276,0.0276,41.311922,-105.581147,2022,4,8,19
West,Knight Hall,2022-04-08T20:00:00,30.0,30.0,,,6.42,,,,0.0207,0.0207,41.311922,-105.581147,2022,4,8,20
West,Knight Hall,2022-04-08T21:00:00,40.0,30.0,,,48.99,,,,0.0276,0.0207,41.311922,-105.581147,2022,4,8,21
West,Knight Hall,2022-04-08T22:00:00,20.0,30.0,,,4.36,,,,0.0138,0.0207,41.311922,-105.581147,2022,4,8,22
West,Knight Hall,2022-04-08T23:00:00,30.0,30.0,,,4.2,,,,0.0207,0.0207,41.311922,-105.581147,2022,4,8,23
West,Knight Hall,2022-04-09T00:00:00,20.0,30.0,,,5.450000000000001,,,,0.0138,0.0207,41.311922,-105.581147,2022,4,9,0
West,Knight Hall,2022-04-09T01:00:00,30.0,20.0,,,5.48,,,,0.0207,0.0138,41.311922,-105.581147,2022,4,9,1
West,Knight Hall,2022-04-09T02:00:00,20.0,30.0,,,5.180000000000001,,,,0.0138,0.0207,41.311922,-105.581147,2022,4,9,2
West,Knight Hall,2022-04-09T03:00:00,30.0,30.0,,,4.83,,,,0.0207,0.0207,41.311922,-105.581147,2022,4,9,3
West,Knight Hall,2022-04-09T04:00:00,20.0,30.0,,,5.859999999999999,,,,0.0138,0.0207,41.311922,-105.581147,2022,4,9,4
West,Knight Hall,2022-04-09T05:00:00,30.0,30.0,,,4.8100000000000005,,,,0.0207,0.0207,41.311922,-105.581147,2022,4,9,5
West,Knight Hall,2022-04-09T06:00:00,20.0,30.0,,,4.98,,,,0.0138,0.0207,41.311922,-105.581147,2022,4,9,6
West,Knight Hall,2022-04-09T07:00:00,30.0,40.0,,,5.33,,,,0.0207,0.0276,41.311922,-105.581147,2022,4,9,7
West,Knight Hall,2022-04-09T08:00:00,20.0,60.0,,,10.89,,,,0.0138,0.0414,41.311922,-105.581147,2022,4,9,8
West,Knight Hall,2022-04-09T09:00:00,40.0,70.0,,,8.02,,,,0.0276,0.048299999999999996,41.311922,-105.581147,2022,4,9,9
West,Knight Hall,2022-04-09T10:00:00,20.0,70.0,,,12.55,,,,0.0138,0.048299999999999996,41.311922,-105.581147,2022,4,9,10
West,Knight Hall,2022-04-09T11:00:00,40.0,70.0,,,6.94,,,,0.0276,0.048299999999999996,41.311922,-105.581147,2022,4,9,11
West,Knight Hall,2022-04-09T12:00:00,20.0,60.0,,,12.1,,,,0.0138,0.0414,41.311922,-105.581147,2022,4,9,12
West,Knight Hall,2022-04-09T13:00:00,30.0,70.0,,,12.55,,,,0.0207,0.048299999999999996,41.311922,-105.581147,2022,4,9,13
West,Knight Hall,2022-04-09T14:00:00,20.0,70.0,,,6.02,,,,0.0138,0.048299999999999996,41.311922,-105.581147,2022,4,9,14
West,Knight Hall,2022-04-09T15:00:00,40.0,60.0,,,11.73,,,,0.0276,0.0414,41.311922,-105.581147,2022,4,9,15
West,Knight Hall,2022-04-09T16:00:00,20.0,70.0,,,7.2,,,,0.0138,0.048299999999999996,41.311922,-105.581147,2022,4,9,16
West,Knight Hall,2022-04-09T17:00:00,30.0,40.0,,,6.04,,,,0.0207,0.0276,41.311922,-105.581147,2022,4,9,17
West,Knight Hall,2022-04-09T18:00:00,20.0,40.0,,,9.51,,,,0.0138,0.0276,41.311922,-105.581147,2022,4,9,18
West,Knight Hall,2022-04-09T19:00:00,30.0,40.0,,,6.75,,,,0.0207,0.0276,41.311922,-105.581147,2022,4,9,19
West,Knight Hall,2022-04-09T20:00:00,20.0,30.0,,,5.59,,,,0.0138,0.0207,41.311922,-105.581147,2022,4,9,20
West,Knight Hall,2022-04-09T21:00:00,30.0,30.0,,,5.539999999999999,,,,0.0207,0.0207,41.311922,-105.581147,2022,4,9,21
West,Knight Hall,2022-04-09T22:00:00,30.0,30.0,,,5.260000000000001,,,,0.0207,0.0207,41.311922,-105.581147,2022,4,9,22
West,Knight Hall,2022-04-09T23:00:00,30.0,30.0,,,5.2,,,,0.0207,0.0207,41.311922,-105.581147,2022,4,9,23
West,Knight Hall,2022-04-10T00:00:00,20.0,30.0,,,6.290000000000001,,,,0.0138,0.0207,41.311922,-105.581147,2022,4,10,0
West,Knight Hall,2022-04-10T01:00:00,30.0,30.0,,,5.09,,,,0.0207,0.0207,41.311922,-105.581147,2022,4,10,1
West,Knight Hall,2022-04-10T02:00:00,20.0,20.0,,,5.07,,,,0.0138,0.0138,41.311922,-105.581147,2022,4,10,2
West,Knight Hall,2022-04-10T03:00:00,30.0,30.0,,,4.94,,,,0.0207,0.0207,41.311922,-105.581147,2022,4,10,3
West,Knight Hall,2022-04-10T04:00:00,20.0,30.0,,,4.9,,,,0.0138,0.0207,41.311922,-105.581147,2022,4,10,4
West,Knight Hall,2022-04-10T05:00:00,40.0,20.0,,,4.98,,,,0.0276,0.0138,41.311922,-105.581147,2022,4,10,5
West,Knight Hall,2022-04-10T06:00:00,20.0,30.0,,,4.77,,,,0.0138,0.0207,41.311922,-105.581147,2022,4,10,6
West,Knight Hall,2022-04-10T07:00:00,30.0,30.0,,,5.629999999999999,,,,0.0207,0.0207,41.311922,-105.581147,2022,4,10,7
West,Knight Hall,2022-04-10T08:00:00,20.0,40.0,,,5.54,,,,0.0138,0.0276,41.311922,-105.581147,2022,4,10,8
West,Knight Hall,2022-04-10T09:00:00,40.0,40.0,,,7.67,,,,0.0276,0.0276,41.311922,-105.581147,2022,4,10,9
West,Knight Hall,2022-04-10T10:00:00,20.0,40.0,,,5.949999999999999,,,,0.0138,0.0276,41.311922,-105.581147,2022,4,10,10
West,Knight Hall,2022-04-10T11:00:00,30.0,40.0,,,7.609999999999999,,,,0.0207,0.0276,41.311922,-105.581147,2022,4,10,11
West,Knight Hall,2022-04-10T12:00:00,30.0,40.0,,,5.779999999999999,,,,0.0207,0.0276,41.311922,-105.581147,2022,4,10,12
West,Knight Hall,2022-04-10T13:00:00,30.0,30.0,,,6.17,,,,0.0207,0.0207,41.311922,-105.581147,2022,4,10,13
West,Knight Hall,2022-04-10T14:00:00,30.0,30.0,,,5.67,,,,0.0207,0.0207,41.311922,-105.581147,2022,4,10,14
West,Knight Hall,2022-04-10T15:00:00,30.0,40.0,,,5.28,,,,0.0207,0.0276,41.311922,-105.581147,2022,4,10,15
West,Knight Hall,2022-04-10T16:00:00,20.0,20.0,,,6.19,,,,0.0138,0.0138,41.311922,-105.581147,2022,4,10,16
West,Knight Hall,2022-04-10T17:00:00,30.0,30.0,,,5.73,,,,0.0207,0.0207,41.311922,-105.581147,2022,4,10,17
West,Knight Hall,2022-04-10T18:00:00,30.0,30.0,,,11.170000000000002,,,,0.0207,0.0207,41.311922,-105.581147,2022,4,10,18
West,Knight Hall,2022-04-10T19:00:00,30.0,20.0,,,9.92,,,,0.0207,0.0138,41.311922,-105.581147,2022,4,10,19
West,Knight Hall,2022-04-10T20:00:00,30.0,30.0,,,4.4,,,,0.0207,0.0207,41.311922,-105.581147,2022,4,10,20
West,Knight Hall,2022-04-10T21:00:00,20.0,30.0,,,3.84,,,,0.0138,0.0207,41.311922,-105.581147,2022,4,10,21
West,Knight Hall,2022-04-10T22:00:00,30.0,20.0,,,3.23,,,,0.0207,0.0138,41.311922,-105.581147,2022,4,10,22
West,Knight Hall,2022-04-10T23:00:00,30.0,30.0,,,2.67,,,,0.0207,0.0207,41.311922,-105.581147,2022,4,10,23
West,Knight Hall,2022-04-11T00:00:00,30.0,30.0,,,10.76,,,,0.0207,0.0207,41.311922,-105.581147,2022,4,11,0
West,Knight Hall,2022-04-11T01:00:00,30.0,30.0,,,15.09,,,,0.0207,0.0207,41.311922,-105.581147,2022,4,11,1
West,Knight Hall,2022-04-11T02:00:00,30.0,30.0,,,16.64,,,,0.0207,0.0207,41.311922,-105.581147,2022,4,11,2
West,Knight Hall,2022-04-11T03:00:00,40.0,30.0,,,15.85,,,,0.0276,0.0207,41.311922,-105.581147,2022,4,11,3
West,Knight Hall,2022-04-11T04:00:00,20.0,20.0,,,16.6,,,,0.0138,0.0138,41.311922,-105.581147,2022,4,11,4
West,Knight Hall,2022-04-11T05:00:00,40.0,30.0,,,24.28,,,,0.0276,0.0207,41.311922,-105.581147,2022,4,11,5
West,Knight Hall,2022-04-11T06:00:00,30.0,30.0,,,17.08,,,,0.0207,0.0207,41.311922,-105.581147,2022,4,11,6
West,Knight Hall,2022-04-11T07:00:00,60.0,30.0,,,66.79,,,,0.0414,0.0207,41.311922,-105.581147,2022,4,11,7
West,Knight Hall,2022-04-11T08:00:00,60.0,40.0,,,89.39000000000001,,,,0.0414,0.0276,41.311922,-105.581147,2022,4,11,8
West,Knight Hall,2022-04-11T09:00:00,,40.0,,,159.01,,,,,0.0276,41.311922,-105.581147,2022,4,11,9
West,Knight Hall,2022-04-11T10:00:00,60.0,40.0,,,175.09000000000003,,,,0.0414,0.0276,41.311922,-105.581147,2022,4,11,10
West,Knight Hall,2022-04-11T11:00:00,70.0,40.0,,,142.46999999999997,,,,0.048299999999999996,0.0276,41.311922,-105.581147,2022,4,11,11
West,Knight Hall,2022-04-11T12:00:00,70.0,30.0,,,85.36,,,,0.048299999999999996,0.0207,41.311922,-105.581147,2022,4,11,12
West,Knight Hall,2022-04-11T13:00:00,70.0,40.0,,,87.71000000000001,,,,0.048299999999999996,0.0276,41.311922,-105.581147,2022,4,11,13
West,Knight Hall,2022-04-11T14:00:00,80.0,40.0,,,103.79,,,,0.0552,0.0276,41.311922,-105.581147,2022,4,11,14
West,Knight Hall,2022-04-11T15:00:00,80.0,30.0,,,213.78,,,,0.0552,0.0207,41.311922,-105.581147,2022,4,11,15
West,Knight Hall,2022-04-11T16:00:00,50.0,30.0,,,,,,,0.034499999999999996,0.0207,41.311922,-105.581147,2022,4,11,16
West,Knight Hall,2022-04-11T17:00:00,50.0,40.0,,,196.2,,,,0.034499999999999996,0.0276,41.311922,-105.581147,2022,4,11,17
West,Knight Hall,2022-04-11T18:00:00,40.0,30.0,,,11.86,,,,0.0276,0.0207,41.311922,-105.581147,2022,4,11,18
West,Knight Hall,2022-04-11T19:00:00,30.0,30.0,,,13.6,,,,0.0207,0.0207,41.311922,-105.581147,2022,4,11,19
West,Knight Hall,2022-04-11T20:00:00,30.0,30.0,,,36.78,,,,0.0207,0.0207,41.311922,-105.581147,2022,4,11,20
West,Knight Hall,2022-04-11T21:00:00,30.0,30.0,,,1.83,,,,0.0207,0.0207,41.311922,-105.581147,2022,4,11,21
West,Knight Hall,2022-04-11T22:00:00,30.0,30.0,,,4.869999999999999,,,,0.0207,0.0207,41.311922,-105.581147,2022,4,11,22
West,Knight Hall,2022-04-11T23:00:00,30.0,20.0,,,,,,,0.0207,0.0138,41.311922,-105.581147,2022,4,11,23
West,Knight Hall,2022-04-12T00:00:00,20.0,30.0,,,,,,,0.0138,0.0207,41.311922,-105.581147,2022,4,12,0
West,Knight Hall,2022-04-12T01:00:00,30.0,30.0,,,,,,,0.0207,0.0207,41.311922,-105.581147,2022,4,12,1
West,Knight Hall,2022-04-12T02:00:00,30.0,30.0,,,2.14,,,,0.0207,0.0207,41.311922,-105.581147,2022,4,12,2
West,Knight Hall,2022-04-12T03:00:00,30.0,30.0,,,,,,,0.0207,0.0207,41.311922,-105.581147,2022,4,12,3
West,Knight Hall,2022-04-12T04:00:00,30.0,30.0,,,,,,,0.0207,0.0207,41.311922,-105.581147,2022,4,12,4
West,Knight Hall,2022-04-12T05:00:00,30.0,30.0,,,5.5,,,,0.0207,0.0207,41.311922,-105.581147,2022,4,12,5
West,Knight Hall,2022-04-12T06:00:00,40.0,40.0,,,7.939999999999999,,,,0.0276,0.0276,41.311922,-105.581147,2022,4,12,6
West,Knight Hall,2022-04-12T07:00:00,40.0,40.0,,,41.83,,,,0.0276,0.0276,41.311922,-105.581147,2022,4,12,7
West,Knight Hall,2022-04-12T08:00:00,80.0,70.0,,,152.74,,,,0.0552,0.048299999999999996,41.311922,-105.581147,2022,4,12,8
West,Knight Hall,2022-04-12T09:00:00,80.0,70.0,,,137.51,,,,0.0552,0.048299999999999996,41.311922,-105.581147,2022,4,12,9
West,Knight Hall,2022-04-12T10:00:00,80.0,70.0,,,159.72,,,,0.0552,0.048299999999999996,41.311922,-105.581147,2022,4,12,10
West,Knight Hall,2022-04-12T11:00:00,,70.0,,,157.42000000000002,,,,,0.048299999999999996,41.311922,-105.581147,2022,4,12,11
West,Knight Hall,2022-04-12T12:00:00,60.0,70.0,,,112.14,,,,0.0414,0.048299999999999996,41.311922,-105.581147,2022,4,12,12
West,Knight Hall,2022-04-12T13:00:00,80.0,70.0,,,97.87,,,,0.0552,0.048299999999999996,41.311922,-105.581147,2022,4,12,13
West,Knight Hall,2022-04-12T14:00:00,70.0,70.0,,,142.22,,,,0.048299999999999996,0.048299999999999996,41.311922,-105.581147,2022,4,12,14
West,Knight Hall,2022-04-12T15:00:00,80.0,70.0,,,179.56,,,,0.0552,0.048299999999999996,41.311922,-105.581147,2022,4,12,15
West,Knight Hall,2022-04-12T16:00:00,70.0,60.0,,,94.83,,,,0.048299999999999996,0.0414,41.311922,-105.581147,2022,4,12,16
West,Knight Hall,2022-04-12T17:00:00,50.0,60.0,,,86.74000000000001,,,,0.034499999999999996,0.0414,41.311922,-105.581147,2022,4,12,17
West,Knight Hall,2022-04-12T18:00:00,50.0,40.0,,,39.33,,,,0.034499999999999996,0.0276,41.311922,-105.581147,2022,4,12,18
West,Knight Hall,2022-04-12T19:00:00,40.0,30.0,,,43.830000000000005,,,,0.0276,0.0207,41.311922,-105.581147,2022,4,12,19
West,Knight Hall,2022-04-12T20:00:00,30.0,40.0,,,13.19,,,,0.0207,0.0276,41.311922,-105.581147,2022,4,12,20
West,Knight Hall,2022-04-12T21:00:00,40.0,30.0,,,13.65,,,,0.0276,0.0207,41.311922,-105.581147,2022,4,12,21
West,Knight Hall,2022-04-12T22:00:00,30.0,30.0,,,52.650000000000006,,,,0.0207,0.0207,41.311922,-105.581147,2022,4,12,22
West,Knight Hall,2022-04-12T23:00:00,30.0,30.0,,,43.73,,,,0.0207,0.0207,41.311922,-105.581147,2022,4,12,23
West,Knight Hall,2022-04-13T00:00:00,30.0,30.0,,,43.55,,,,0.0207,0.0207,41.311922,-105.581147,2022,4,13,0
West,Knight Hall,2022-04-13T01:00:00,30.0,30.0,,,43.36,,,,0.0207,0.0207,41.311922,-105.581147,2022,4,13,1
West,Knight Hall,2022-04-13T02:00:00,30.0,20.0,,,44.01,,,,0.0207,0.0138,41.311922,-105.581147,2022,4,13,2
West,Knight Hall,2022-04-13T03:00:00,40.0,30.0,,,43.85,,,,0.0276,0.0207,41.311922,-105.581147,2022,4,13,3
West,Knight Hall,2022-04-13T04:00:00,30.0,30.0,,,44.7,,,,0.0207,0.0207,41.311922,-105.581147,2022,4,13,4
West,Knight Hall,2022-04-13T05:00:00,30.0,30.0,,,51.14,,,,0.0207,0.0207,41.311922,-105.581147,2022,4,13,5
West,Knight Hall,2022-04-13T06:00:00,30.0,40.0,,,43.75,,,,0.0207,0.0276,41.311922,-105.581147,2022,4,13,6
West,Knight Hall,2022-04-13T07:00:00,60.0,40.0,,,119.97,,,,0.0414,0.0276,41.311922,-105.581147,2022,4,13,7
West,Knight Hall,2022-04-13T08:00:00,80.0,70.0,,,117.89,,,,0.0552,0.048299999999999996,41.311922,-105.581147,2022,4,13,8
West,Knight Hall,2022-04-13T09:00:00,80.0,70.0,,,168.11,,,,0.0552,0.048299999999999996,41.311922,-105.581147,2022,4,13,9
West,Knight Hall,2022-04-13T10:00:00,80.0,70.0,,,159.68,,,,0.0552,0.048299999999999996,41.311922,-105.581147,2022,4,13,10
West,Knight Hall,2022-04-13T11:00:00,,70.0,,,142.75,,,,,0.048299999999999996,41.311922,-105.581147,2022,4,13,11
West,Knight Hall,2022-04-13T12:00:00,80.0,60.0,,,105.39,,,,0.0552,0.0414,41.311922,-105.581147,2022,4,13,12
West,Knight Hall,2022-04-13T13:00:00,80.0,70.0,,,115.7,,,,0.0552,0.048299999999999996,41.311922,-105.581147,2022,4,13,13
West,Knight Hall,2022-04-13T14:00:00,,70.0,,,119.43,,,,,0.048299999999999996,41.311922,-105.581147,2022,4,13,14
West,Knight Hall,2022-04-13T15:00:00,70.0,70.0,,,142.99,,,,0.048299999999999996,0.048299999999999996,41.311922,-105.581147,2022,4,13,15
West,Knight Hall,2022-04-13T16:00:00,80.0,70.0,,,81.03,,,,0.0552,0.048299999999999996,41.311922,-105.581147,2022,4,13,16
West,Knight Hall,2022-04-13T17:00:00,50.0,50.0,,,112.44,,,,0.034499999999999996,0.034499999999999996,41.311922,-105.581147,2022,4,13,17
West,Knight Hall,2022-04-13T18:00:00,50.0,50.0,,,56.55,,,,0.034499999999999996,0.034499999999999996,41.311922,-105.581147,2022,4,13,18
West,Knight Hall,2022-04-13T19:00:00,40.0,30.0,,,25.44,,,,0.0276,0.0207,41.311922,-105.581147,2022,4,13,19
West,Knight Hall,2022-04-13T20:00:00,30.0,40.0,,,8.8,,,,0.0207,0.0276,41.311922,-105.581147,2022,4,13,20
West,Knight Hall,2022-04-13T21:00:00,40.0,30.0,,,38.92,,,,0.0276,0.0207,41.311922,-105.581147,2022,4,13,21
West,Knight Hall,2022-04-13T22:00:00,30.0,30.0,,,7.31,,,,0.0207,0.0207,41.311922,-105.581147,2022,4,13,22
West,Knight Hall,2022-04-13T23:00:00,30.0,30.0,,,,,,,0.0207,0.0207,41.311922,-105.581147,2022,4,13,23
West,Knight Hall,2022-04-14T00:00:00,30.0,30.0,,,,,,,0.0207,0.0207,41.311922,-105.581147,2022,4,14,0
West,Knight Hall,2022-04-14T01:00:00,30.0,30.0,,,,,,,0.0207,0.0207,41.311922,-105.581147,2022,4,14,1
West,Knight Hall,2022-04-14T02:00:00,30.0,30.0,,,0.63,,,,0.0207,0.0207,41.311922,-105.581147,2022,4,14,2
West,Knight Hall,2022-04-14T03:00:00,30.0,30.0,,,,,,,0.0207,0.0207,41.311922,-105.581147,2022,4,14,3
West,Knight Hall,2022-04-14T04:00:00,40.0,40.0,,,1.14,,,,0.0276,0.0276,41.311922,-105.581147,2022,4,14,4
West,Knight Hall,2022-04-14T05:00:00,30.0,30.0,,,1.4700000000000002,,,,0.0207,0.0207,41.311922,-105.581147,2022,4,14,5
West,Knight Hall,2022-04-14T06:00:00,40.0,40.0,,,4.21,,,,0.0276,0.0276,41.311922,-105.581147,2022,4,14,6
West,Knight Hall,2022-04-14T07:00:00,50.0,40.0,,,81.92999999999999,,,,0.034499999999999996,0.0276,41.311922,-105.581147,2022,4,14,7
West,Knight Hall,2022-04-14T08:00:00,70.0,70.0,,,107.76,,,,0.048299999999999996,0.048299999999999996,41.311922,-105.581147,2022,4,14,8
West,Knight Hall,2022-04-14T09:00:00,80.0,80.0,,,87.79,,,,0.0552,0.0552,41.311922,-105.581147,2022,4,14,9
West,Knight Hall,2022-04-14T10:00:00,80.0,70.0,,,189.11,,,,0.0552,0.048299999999999996,41.311922,-105.581147,2022,4,14,10
West,Knight Hall,2022-04-14T11:00:00,80.0,70.0,,,139.99,,,,0.0552,0.048299999999999996,41.311922,-105.581147,2022,4,14,11
West,Knight Hall,2022-04-14T12:00:00,70.0,70.0,,,,,,,0.048299999999999996,0.048299999999999996,41.311922,-105.581147,2022,4,14,12
West,Knight Hall,2022-04-14T13:00:00,80.0,60.0,,,,,,,0.0552,0.0414,41.311922,-105.581147,2022,4,14,13
West,Knight Hall,2022-04-14T14:00:00,70.0,70.0,,,130.02999999999997,,,,0.048299999999999996,0.048299999999999996,41.311922,-105.581147,2022,4,14,14
West,Knight Hall,2022-04-14T15:00:00,80.0,70.0,,,106.92,,,,0.0552,0.048299999999999996,41.311922,-105.581147,2022,4,14,15
West,Knight Hall,2022-04-14T16:00:00,70.0,70.0,,,112.55,,,,0.048299999999999996,0.048299999999999996,41.311922,-105.581147,2022,4,14,16
West,Knight Hall,2022-04-14T17:00:00,50.0,50.0,,,79.08999999999999,,,,0.034499999999999996,0.034499999999999996,41.311922,-105.581147,2022,4,14,17
West,Knight Hall,2022-04-14T18:00:00,40.0,50.0,,,66.1,,,,0.0276,0.034499999999999996,41.311922,-105.581147,2022,4,14,18
West,Knight Hall,2022-04-14T19:00:00,40.0,40.0,,,30.46,,,,0.0276,0.0276,41.311922,-105.581147,2022,4,14,19
West,Knight Hall,2022-04-14T20:00:00,40.0,30.0,,,25.81,,,,0.0276,0.0207,41.311922,-105.581147,2022,4,14,20
West,Knight Hall,2022-04-14T21:00:00,30.0,40.0,,,23.16,,,,0.0207,0.0276,41.311922,-105.581147,2022,4,14,21
West,Knight Hall,2022-04-14T22:00:00,30.0,30.0,,,3.0600000000000005,,,,0.0207,0.0207,41.311922,-105.581147,2022,4,14,22
West,Knight Hall,2022-04-14T23:00:00,30.0,30.0,,,,,,,0.0207,0.0207,41.311922,-105.581147,2022,4,14,23
West,Knight Hall,2022-04-15T00:00:00,30.0,20.0,,,,,,,0.0207,0.0138,41.311922,-105.581147,2022,4,15,0
West,Knight Hall,2022-04-15T01:00:00,30.0,30.0,,,0.8999999999999999,,,,0.0207,0.0207,41.311922,-105.581147,2022,4,15,1
West,Knight Hall,2022-04-15T02:00:00,30.0,30.0,,,,,,,0.0207,0.0207,41.311922,-105.581147,2022,4,15,2
West,Knight Hall,2022-04-15T03:00:00,30.0,20.0,,,,,,,0.0207,0.0138,41.311922,-105.581147,2022,4,15,3
West,Knight Hall,2022-04-15T04:00:00,30.0,40.0,,,0.91,,,,0.0207,0.0276,41.311922,-105.581147,2022,4,15,4
West,Knight Hall,2022-04-15T05:00:00,40.0,30.0,,,6.8100000000000005,,,,0.0276,0.0207,41.311922,-105.581147,2022,4,15,5
West,Knight Hall,2022-04-15T06:00:00,30.0,30.0,,,,,,,0.0207,0.0207,41.311922,-105.581147,2022,4,15,6
West,Knight Hall,2022-04-15T07:00:00,50.0,40.0,,,27.62,,,,0.034499999999999996,0.0276,41.311922,-105.581147,2022,4,15,7
West,Knight Hall,2022-04-15T08:00:00,50.0,70.0,,,71.21,,,,0.034499999999999996,0.048299999999999996,41.311922,-105.581147,2022,4,15,8
West,Knight Hall,2022-04-15T09:00:00,80.0,80.0,,,199.83,,,,0.0552,0.0552,41.311922,-105.581147,2022,4,15,9
West,Knight Hall,2022-04-15T10:00:00,60.0,70.0,,,179.43,,,,0.0414,0.048299999999999996,41.311922,-105.581147,2022,4,15,10
West,Knight Hall,2022-04-15T11:00:00,70.0,80.0,,,174.08,,,,0.048299999999999996,0.0552,41.311922,-105.581147,2022,4,15,11
West,Knight Hall,2022-04-15T12:00:00,70.0,70.0,,,119.43,,,,0.048299999999999996,0.048299999999999996,41.311922,-105.581147,2022,4,15,12
West,Knight Hall,2022-04-15T13:00:00,80.0,60.0,,,149.78,,,,0.0552,0.0414,41.311922,-105.581147,2022,4,15,13
West,Knight Hall,2022-04-15T14:00:00,60.0,70.0,,,136.2,,,,0.0414,0.048299999999999996,41.311922,-105.581147,2022,4,15,14
West,Knight Hall,2022-04-15T15:00:00,80.0,70.0,,,87.49000000000001,,,,0.0552,0.048299999999999996,41.311922,-105.581147,2022,4,15,15
West,Knight Hall,2022-04-15T16:00:00,60.0,70.0,,,88.85,,,,0.0414,0.048299999999999996,41.311922,-105.581147,2022,4,15,16
West,Knight Hall,2022-04-15T17:00:00,50.0,50.0,,,48.92,,,,0.034499999999999996,0.034499999999999996,41.311922,-105.581147,2022,4,15,17
West,Knight Hall,2022-04-15T18:00:00,40.0,40.0,,,42.52,,,,0.0276,0.0276,41.311922,-105.581147,2022,4,15,18
West,Knight Hall,2022-04-15T19:00:00,40.0,40.0,,,31.98,,,,0.0276,0.0276,41.311922,-105.581147,2022,4,15,19
West,Knight Hall,2022-04-15T20:00:00,20.0,30.0,,,6.49,,,,0.0138,0.0207,41.311922,-105.581147,2022,4,15,20
West,Knight Hall,2022-04-15T21:00:00,40.0,40.0,,,5.629999999999999,,,,0.0276,0.0276,41.311922,-105.581147,2022,4,15,21
West,Knight Hall,2022-04-15T22:00:00,30.0,30.0,,,6.88,,,,0.0207,0.0207,41.311922,-105.581147,2022,4,15,22
West,Knight Hall,2022-04-15T23:00:00,30.0,30.0,,,1.17,,,,0.0207,0.0207,41.311922,-105.581147,2022,4,15,23
West,Knight Hall,2022-04-16T00:00:00,20.0,30.0,,,0.32,,,,0.0138,0.0207,41.311922,-105.581147,2022,4,16,0
West,Knight Hall,2022-04-16T01:00:00,40.0,30.0,,,0.17,,,,0.0276,0.0207,41.311922,-105.581147,2022,4,16,1
West,Knight Hall,2022-04-16T02:00:00,20.0,30.0,,,0.15,,,,0.0138,0.0207,41.311922,-105.581147,2022,4,16,2
West,Knight Hall,2022-04-16T03:00:00,30.0,30.0,,,1.16,,,,0.0207,0.0207,41.311922,-105.581147,2022,4,16,3
West,Knight Hall,2022-04-16T04:00:00,30.0,40.0,,,0.3399999999999999,,,,0.0207,0.0276,41.311922,-105.581147,2022,4,16,4
West,Knight Hall,2022-04-16T05:00:00,30.0,30.0,,,0.21,,,,0.0207,0.0207,41.311922,-105.581147,2022,4,16,5
West,Knight Hall,2022-04-16T06:00:00,20.0,30.0,,,1.06,,,,0.0138,0.0207,41.311922,-105.581147,2022,4,16,6
West,Knight Hall,2022-04-16T07:00:00,40.0,40.0,,,0.43,,,,0.0276,0.0276,41.311922,-105.581147,2022,4,16,7
West,Knight Hall,2022-04-16T08:00:00,30.0,70.0,,,10.85,,,,0.0207,0.048299999999999996,41.311922,-105.581147,2022,4,16,8
West,Knight Hall,2022-04-16T09:00:00,40.0,70.0,,,24.95,,,,0.0276,0.048299999999999996,41.311922,-105.581147,2022,4,16,9
West,Knight Hall,2022-04-16T10:00:00,30.0,70.0,,,10.24,,,,0.0207,0.048299999999999996,41.311922,-105.581147,2022,4,16,10
West,Knight Hall,2022-04-16T11:00:00,40.0,80.0,,,6.0600000000000005,,,,0.0276,0.0552,41.311922,-105.581147,2022,4,16,11
West,Knight Hall,2022-04-16T12:00:00,20.0,60.0,,,11.58,,,,0.0138,0.0414,41.311922,-105.581147,2022,4,16,12
West,Knight Hall,2022-04-16T13:00:00,40.0,70.0,,,3.84,,,,0.0276,0.048299999999999996,41.311922,-105.581147,2022,4,16,13
West,Knight Hall,2022-04-16T14:00:00,30.0,70.0,,,10.61,,,,0.0207,0.048299999999999996,41.311922,-105.581147,2022,4,16,14
West,Knight Hall,2022-04-16T15:00:00,30.0,60.0,,,11.02,,,,0.0207,0.0414,41.311922,-105.581147,2022,4,16,15
West,Knight Hall,2022-04-16T16:00:00,20.0,70.0,,,5.73,,,,0.0138,0.048299999999999996,41.311922,-105.581147,2022,4,16,16
West,Knight Hall,2022-04-16T17:00:00,30.0,40.0,,,2.1100000000000003,,,,0.0207,0.0276,41.311922,-105.581147,2022,4,16,17
West,Knight Hall,2022-04-16T18:00:00,20.0,50.0,,,1.14,,,,0.0138,0.034499999999999996,41.311922,-105.581147,2022,4,16,18
West,Knight Hall,2022-04-16T19:00:00,30.0,30.0,,,0.5800000000000001,,,,0.0207,0.0207,41.311922,-105.581147,2022,4,16,19
West,Knight Hall,2022-04-16T20:00:00,30.0,30.0,,,0.5800000000000001,,,,0.0207,0.0207,41.311922,-105.581147,2022,4,16,20
West,Knight Hall,2022-04-16T21:00:00,30.0,40.0,,,0.54,,,,0.0207,0.0276,41.311922,-105.581147,2022,4,16,21
West,Knight Hall,2022-04-16T22:00:00,30.0,30.0,,,0.28,,,,0.0207,0.0207,41.311922,-105.581147,2022,4,16,22
West,Knight Hall,2022-04-16T23:00:00,30.0,30.0,,,0.22,,,,0.0207,0.0207,41.311922,-105.581147,2022,4,16,23
West,Knight Hall,2022-04-17T00:00:00,30.0,20.0,,,0.22,,,,0.0207,0.0138,41.311922,-105.581147,2022,4,17,0
West,Knight Hall,2022-04-17T01:00:00,30.0,30.0,,,0.22,,,,0.0207,0.0207,41.311922,-105.581147,2022,4,17,1
West,Knight Hall,2022-04-17T02:00:00,20.0,30.0,,,0.11,,,,0.0138,0.0207,41.311922,-105.581147,2022,4,17,2
West,Knight Hall,2022-04-17T03:00:00,40.0,30.0,,,0.22,,,,0.0276,0.0207,41.311922,-105.581147,2022,4,17,3
West,Knight Hall,2022-04-17T04:00:00,20.0,30.0,,,1.21,,,,0.0138,0.0207,41.311922,-105.581147,2022,4,17,4
West,Knight Hall,2022-04-17T05:00:00,30.0,30.0,,,0.45,,,,0.0207,0.0207,41.311922,-105.581147,2022,4,17,5
West,Knight Hall,2022-04-17T06:00:00,20.0,30.0,,,0.34,,,,0.0138,0.0207,41.311922,-105.581147,2022,4,17,6
West,Knight Hall,2022-04-17T07:00:00,30.0,30.0,,,15.57,,,,0.0207,0.0207,41.311922,-105.581147,2022,4,17,7
West,Knight Hall,2022-04-17T08:00:00,30.0,40.0,,,0.73,,,,0.0207,0.0276,41.311922,-105.581147,2022,4,17,8
West,Knight Hall,2022-04-17T09:00:00,40.0,30.0,,,5.56,,,,0.0276,0.0207,41.311922,-105.581147,2022,4,17,9
West,Knight Hall,2022-04-17T10:00:00,20.0,40.0,,,0.84,,,,0.0138,0.0276,41.311922,-105.581147,2022,4,17,10
West,Knight Hall,2022-04-17T11:00:00,40.0,40.0,,,0.52,,,,0.0276,0.0276,41.311922,-105.581147,2022,4,17,11
West,Knight Hall,2022-04-17T12:00:00,20.0,30.0,,,1.7,,,,0.0138,0.0207,41.311922,-105.581147,2022,4,17,12
West,Knight Hall,2022-04-17T13:00:00,40.0,40.0,,,5.52,,,,0.0276,0.0276,41.311922,-105.581147,2022,4,17,13
West,Knight Hall,2022-04-17T14:00:00,20.0,40.0,,,1.94,,,,0.0138,0.0276,41.311922,-105.581147,2022,4,17,14
West,Knight Hall,2022-04-17T15:00:00,40.0,30.0,,,0.7100000000000001,,,,0.0276,0.0207,41.311922,-105.581147,2022,4,17,15
West,Knight Hall,2022-04-17T16:00:00,20.0,30.0,,,1.4499999999999995,,,,0.0138,0.0207,41.311922,-105.581147,2022,4,17,16
West,Knight Hall,2022-04-17T17:00:00,30.0,30.0,,,3.86,,,,0.0207,0.0207,41.311922,-105.581147,2022,4,17,17
West,Knight Hall,2022-04-17T18:00:00,30.0,30.0,,,6.96,,,,0.0207,0.0207,41.311922,-105.581147,2022,4,17,18
West,Knight Hall,2022-04-17T19:00:00,30.0,30.0,,,8.54,,,,0.0207,0.0207,41.311922,-105.581147,2022,4,17,19
West,Knight Hall,2022-04-17T20:00:00,30.0,30.0,,,3.56,,,,0.0207,0.0207,41.311922,-105.581147,2022,4,17,20
West,Knight Hall,2022-04-17T21:00:00,30.0,30.0,,,3.04,,,,0.0207,0.0207,41.311922,-105.581147,2022,4,17,21
West,Knight Hall,2022-04-17T22:00:00,20.0,30.0,,,2.93,,,,0.0138,0.0207,41.311922,-105.581147,2022,4,17,22
West,Knight Hall,2022-04-17T23:00:00,40.0,20.0,,,2.8,,,,0.0276,0.0138,41.311922,-105.581147,2022,4,17,23
West,Knight Hall,2022-04-18T00:00:00,20.0,30.0,,,3.41,,,,0.0138,0.0207,41.311922,-105.581147,2022,4,18,0
West,Knight Hall,2022-04-18T01:00:00,30.0,30.0,,,2.44,,,,0.0207,0.0207,41.311922,-105.581147,2022,4,18,1
West,Knight Hall,2022-04-18T02:00:00,30.0,20.0,,,1.96,,,,0.0207,0.0138,41.311922,-105.581147,2022,4,18,2
West,Knight Hall,2022-04-18T03:00:00,30.0,30.0,,,2.09,,,,0.0207,0.0207,41.311922,-105.581147,2022,4,18,3
West,Knight Hall,2022-04-18T04:00:00,30.0,30.0,,,2.13,,,,0.0207,0.0207,41.311922,-105.581147,2022,4,18,4
West,Knight Hall,2022-04-18T05:00:00,40.0,20.0,,,11.25,,,,0.0276,0.0138,41.311922,-105.581147,2022,4,18,5
West,Knight Hall,2022-04-18T06:00:00,30.0,30.0,,,13.6,,,,0.0207,0.0207,41.311922,-105.581147,2022,4,18,6
West,Knight Hall,2022-04-18T07:00:00,50.0,30.0,,,54.2,,,,0.034499999999999996,0.0207,41.311922,-105.581147,2022,4,18,7
West,Knight Hall,2022-04-18T08:00:00,60.0,30.0,,,97.61,,,,0.0414,0.0207,41.311922,-105.581147,2022,4,18,8
West,Knight Hall,2022-04-18T09:00:00,,30.0,,,134.46999999999997,,,,,0.0207,41.311922,-105.581147,2022,4,18,9
West,Knight Hall,2022-04-18T10:00:00,60.0,30.0,,,134.07000000000002,,,,0.0414,0.0207,41.311922,-105.581147,2022,4,18,10
West,Knight Hall,2022-04-18T11:00:00,,40.0,,,149.85,,,,,0.0276,41.311922,-105.581147,2022,4,18,11
West,Knight Hall,2022-04-18T12:00:00,60.0,30.0,,,86.83000000000001,,,,0.0414,0.0207,41.311922,-105.581147,2022,4,18,12
West,Knight Hall,2022-04-18T13:00:00,80.0,30.0,,,142.71,,,,0.0552,0.0207,41.311922,-105.581147,2022,4,18,13
West,Knight Hall,2022-04-18T14:00:00,70.0,30.0,,,121.49,,,,0.048299999999999996,0.0207,41.311922,-105.581147,2022,4,18,14
West,Knight Hall,2022-04-18T15:00:00,80.0,30.0,,,126.99,,,,0.0552,0.0207,41.311922,-105.581147,2022,4,18,15
West,Knight Hall,2022-04-18T16:00:00,60.0,30.0,,,107.96,,,,0.0414,0.0207,41.311922,-105.581147,2022,4,18,16
West,Knight Hall,2022-04-18T17:00:00,60.0,20.0,,,68.8,,,,0.0414,0.0138,41.311922,-105.581147,2022,4,18,17
West,Knight Hall,2022-04-18T18:00:00,30.0,30.0,,,54.12,,,,0.0207,0.0207,41.311922,-105.581147,2022,4,18,18
West,Knight Hall,2022-04-18T19:00:00,40.0,30.0,,,9.51,,,,0.0276,0.0207,41.311922,-105.581147,2022,4,18,19
West,Knight Hall,2022-04-18T20:00:00,30.0,20.0,,,26.58,,,,0.0207,0.0138,41.311922,-105.581147,2022,4,18,20
West,Knight Hall,2022-04-18T21:00:00,40.0,30.0,,,7.529999999999999,,,,0.0276,0.0207,41.311922,-105.581147,2022,4,18,21
West,Knight Hall,2022-04-18T22:00:00,30.0,30.0,,,,,,,0.0207,0.0207,41.311922,-105.581147,2022,4,18,22
West,Knight Hall,2022-04-18T23:00:00,30.0,20.0,,,0.8999999999999999,,,,0.0207,0.0138,41.311922,-105.581147,2022,4,18,23
West,Knight Hall,2022-04-19T00:00:00,20.0,30.0,,,0.02,,,,0.0138,0.0207,41.311922,-105.581147,2022,4,19,0
West,Knight Hall,2022-04-19T01:00:00,40.0,30.0,,,,,,,0.0276,0.0207,41.311922,-105.581147,2022,4,19,1
West,Knight Hall,2022-04-19T02:00:00,20.0,20.0,,,,,,,0.0138,0.0138,41.311922,-105.581147,2022,4,19,2
West,Knight Hall,2022-04-19T03:00:00,40.0,30.0,,,,,,,0.0276,0.0207,41.311922,-105.581147,2022,4,19,3
West,Knight Hall,2022-04-19T04:00:00,20.0,30.0,,,,,,,0.0138,0.0207,41.311922,-105.581147,2022,4,19,4
West,Knight Hall,2022-04-19T05:00:00,40.0,30.0,,,10.54,,,,0.0276,0.0207,41.311922,-105.581147,2022,4,19,5
West,Knight Hall,2022-04-19T06:00:00,30.0,30.0,,,7.939999999999999,,,,0.0207,0.0207,41.311922,-105.581147,2022,4,19,6
West,Knight Hall,2022-04-19T07:00:00,60.0,40.0,,,52.33,,,,0.0414,0.0276,41.311922,-105.581147,2022,4,19,7
West,Knight Hall,2022-04-19T08:00:00,60.0,70.0,,,101.98,,,,0.0414,0.048299999999999996,41.311922,-105.581147,2022,4,19,8
West,Knight Hall,2022-04-19T09:00:00,80.0,70.0,,,168.67000000000002,,,,0.0552,0.048299999999999996,41.311922,-105.581147,2022,4,19,9
West,Knight Hall,2022-04-19T10:00:00,60.0,70.0,,,174.4,,,,0.0414,0.048299999999999996,41.311922,-105.581147,2022,4,19,10
West,Knight Hall,2022-04-19T11:00:00,,70.0,,,107.68,,,,,0.048299999999999996,41.311922,-105.581147,2022,4,19,11
West,Knight Hall,2022-04-19T12:00:00,60.0,70.0,,,119.29999999999998,,,,0.0414,0.048299999999999996,41.311922,-105.581147,2022,4,19,12
West,Knight Hall,2022-04-19T13:00:00,,70.0,,,109.18,,,,,0.048299999999999996,41.311922,-105.581147,2022,4,19,13
West,Knight Hall,2022-04-19T14:00:00,60.0,70.0,,,95.04,,,,0.0414,0.048299999999999996,41.311922,-105.581147,2022,4,19,14
West,Knight Hall,2022-04-19T15:00:00,80.0,70.0,,,108.21,,,,0.0552,0.048299999999999996,41.311922,-105.581147,2022,4,19,15
West,Knight Hall,2022-04-19T16:00:00,70.0,70.0,,,107.55,,,,0.048299999999999996,0.048299999999999996,41.311922,-105.581147,2022,4,19,16
West,Knight Hall,2022-04-19T17:00:00,60.0,50.0,,,134.76,,,,0.0414,0.034499999999999996,41.311922,-105.581147,2022,4,19,17
West,Knight Hall,2022-04-19T18:00:00,40.0,50.0,,,40.64,,,,0.0276,0.034499999999999996,41.311922,-105.581147,2022,4,19,18
West,Knight Hall,2022-04-19T19:00:00,40.0,40.0,,,18.56,,,,0.0276,0.0276,41.311922,-105.581147,2022,4,19,19
West,Knight Hall,2022-04-19T20:00:00,30.0,30.0,,,15.44,,,,0.0207,0.0207,41.311922,-105.581147,2022,4,19,20
West,Knight Hall,2022-04-19T21:00:00,40.0,40.0,,,12.55,,,,0.0276,0.0276,41.311922,-105.581147,2022,4,19,21
West,Knight Hall,2022-04-19T22:00:00,30.0,30.0,,,7.07,,,,0.0207,0.0207,41.311922,-105.581147,2022,4,19,22
West,Knight Hall,2022-04-19T23:00:00,30.0,30.0,,,,,,,0.0207,0.0207,41.311922,-105.581147,2022,4,19,23
West,Knight Hall,2022-04-20T00:00:00,30.0,30.0,,,,,,,0.0207,0.0207,41.311922,-105.581147,2022,4,20,0
West,Knight Hall,2022-04-20T01:00:00,30.0,30.0,,,,,,,0.0207,0.0207,41.311922,-105.581147,2022,4,20,1
West,Knight Hall,2022-04-20T02:00:00,30.0,30.0,,,,,,,0.0207,0.0207,41.311922,-105.581147,2022,4,20,2
West,Knight Hall,2022-04-20T03:00:00,30.0,30.0,,,,,,,0.0207,0.0207,41.311922,-105.581147,2022,4,20,3
West,Knight Hall,2022-04-20T04:00:00,30.0,30.0,,,,,,,0.0207,0.0207,41.311922,-105.581147,2022,4,20,4
West,Knight Hall,2022-04-20T05:00:00,40.0,30.0,,,,,,,0.0276,0.0207,41.311922,-105.581147,2022,4,20,5
West,Knight Hall,2022-04-20T06:00:00,30.0,30.0,,,,,,,0.0207,0.0207,41.311922,-105.581147,2022,4,20,6
West,Knight Hall,2022-04-20T07:00:00,70.0,40.0,,,,,,,0.048299999999999996,0.0276,41.311922,-105.581147,2022,4,20,7
West,Knight Hall,2022-04-20T08:00:00,60.0,70.0,,,,,,,0.0414,0.048299999999999996,41.311922,-105.581147,2022,4,20,8
West,Knight Hall,2022-04-20T09:00:00,,70.0,,,,,,,,0.048299999999999996,41.311922,-105.581147,2022,4,20,9
West,Knight Hall,2022-04-20T10:00:00,70.0,70.0,,,,,,,0.048299999999999996,0.048299999999999996,41.311922,-105.581147,2022,4,20,10
West,Knight Hall,2022-04-20T11:00:00,,60.0,,,,,,,,0.0414,41.311922,-105.581147,2022,4,20,11
West,Knight Hall,2022-04-20T12:00:00,70.0,70.0,,,,,,,0.048299999999999996,0.048299999999999996,41.311922,-105.581147,2022,4,20,12
West,Knight Hall,2022-04-20T13:00:00,,60.0,,,,,,,,0.0414,41.311922,-105.581147,2022,4,20,13
West,Knight Hall,2022-04-20T14:00:00,60.0,70.0,,,,,,,0.0414,0.048299999999999996,41.311922,-105.581147,2022,4,20,14
West,Knight Hall,2022-04-20T15:00:00,80.0,60.0,,,,,,,0.0552,0.0414,41.311922,-105.581147,2022,4,20,15
West,Knight Hall,2022-04-20T16:00:00,70.0,70.0,,,,,,,0.048299999999999996,0.048299999999999996,41.311922,-105.581147,2022,4,20,16
West,Knight Hall,2022-04-20T17:00:00,60.0,50.0,,,,,,,0.0414,0.034499999999999996,41.311922,-105.581147,2022,4,20,17
West,Knight Hall,2022-04-20T18:00:00,50.0,40.0,,,,,,,0.034499999999999996,0.0276,41.311922,-105.581147,2022,4,20,18
West,Knight Hall,2022-04-20T19:00:00,40.0,40.0,,,,,,,0.0276,0.0276,41.311922,-105.581147,2022,4,20,19
West,Knight Hall,2022-04-20T20:00:00,30.0,30.0,,,,,,,0.0207,0.0207,41.311922,-105.581147,2022,4,20,20
West,Knight Hall,2022-04-20T21:00:00,40.0,30.0,,,,,,,0.0276,0.0207,41.311922,-105.581147,2022,4,20,21
West,Knight Hall,2022-04-20T22:00:00,30.0,30.0,,,,,,,0.0207,0.0207,41.311922,-105.581147,2022,4,20,22
West,Knight Hall,2022-04-20T23:00:00,30.0,30.0,,,,,,,0.0207,0.0207,41.311922,-105.581147,2022,4,20,23
West,Knight Hall,2022-04-21T00:00:00,30.0,30.0,,,0.62,,,,0.0207,0.0207,41.311922,-105.581147,2022,4,21,0
West,Knight Hall,2022-04-21T01:00:00,30.0,30.0,,,0.02,,,,0.0207,0.0207,41.311922,-105.581147,2022,4,21,1
West,Knight Hall,2022-04-21T02:00:00,30.0,20.0,,,0.65,,,,0.0207,0.0138,41.311922,-105.581147,2022,4,21,2
West,Knight Hall,2022-04-21T03:00:00,30.0,30.0,,,0.63,,,,0.0207,0.0207,41.311922,-105.581147,2022,4,21,3
West,Knight Hall,2022-04-21T04:00:00,30.0,30.0,,,,,,,0.0207,0.0207,41.311922,-105.581147,2022,4,21,4
West,Knight Hall,2022-04-21T05:00:00,40.0,30.0,,,11.0,,,,0.0276,0.0207,41.311922,-105.581147,2022,4,21,5
West,Knight Hall,2022-04-21T06:00:00,30.0,30.0,,,11.13,,,,0.0207,0.0207,41.311922,-105.581147,2022,4,21,6
West,Knight Hall,2022-04-21T07:00:00,70.0,40.0,,,84.17,,,,0.048299999999999996,0.0276,41.311922,-105.581147,2022,4,21,7
West,Knight Hall,2022-04-21T08:00:00,50.0,70.0,,,114.16,,,,0.034499999999999996,0.048299999999999996,41.311922,-105.581147,2022,4,21,8
West,Knight Hall,2022-04-21T09:00:00,,80.0,,,154.61,,,,,0.0552,41.311922,-105.581147,2022,4,21,9
West,Knight Hall,2022-04-21T10:00:00,60.0,70.0,,,,,,,0.0414,0.048299999999999996,41.311922,-105.581147,2022,4,21,10
West,Knight Hall,2022-04-21T11:00:00,,70.0,,,221.22,,,,,0.048299999999999996,41.311922,-105.581147,2022,4,21,11
West,Knight Hall,2022-04-21T12:00:00,70.0,70.0,,,,,,,0.048299999999999996,0.048299999999999996,41.311922,-105.581147,2022,4,21,12
West,Knight Hall,2022-04-21T13:00:00,60.0,70.0,,,180.18,,,,0.0414,0.048299999999999996,41.311922,-105.581147,2022,4,21,13
West,Knight Hall,2022-04-21T14:00:00,80.0,70.0,,,168.37,,,,0.0552,0.048299999999999996,41.311922,-105.581147,2022,4,21,14
West,Knight Hall,2022-04-21T15:00:00,80.0,70.0,,,224.36,,,,0.0552,0.048299999999999996,41.311922,-105.581147,2022,4,21,15
West,Knight Hall,2022-04-21T16:00:00,60.0,70.0,,,191.12,,,,0.0414,0.048299999999999996,41.311922,-105.581147,2022,4,21,16
West,Knight Hall,2022-04-21T17:00:00,60.0,40.0,,,,,,,0.0414,0.0276,41.311922,-105.581147,2022,4,21,17
West,Knight Hall,2022-04-21T18:00:00,40.0,50.0,,,25.08,,,,0.0276,0.034499999999999996,41.311922,-105.581147,2022,4,21,18
West,Knight Hall,2022-04-21T19:00:00,40.0,40.0,,,32.84,,,,0.0276,0.0276,41.311922,-105.581147,2022,4,21,19
West,Knight Hall,2022-04-21T20:00:00,30.0,40.0,,,23.37,,,,0.0207,0.0276,41.311922,-105.581147,2022,4,21,20
West,Knight Hall,2022-04-21T21:00:00,40.0,30.0,,,12.16,,,,0.0276,0.0207,41.311922,-105.581147,2022,4,21,21
West,Knight Hall,2022-04-21T22:00:00,20.0,30.0,,,1.21,,,,0.0138,0.0207,41.311922,-105.581147,2022,4,21,22
West,Knight Hall,2022-04-21T23:00:00,30.0,30.0,,,0.86,,,,0.0207,0.0207,41.311922,-105.581147,2022,4,21,23
West,Knight Hall,2022-04-22T00:00:00,30.0,30.0,,,1.14,,,,0.0207,0.0207,41.311922,-105.581147,2022,4,22,0
West,Knight Hall,2022-04-22T01:00:00,30.0,30.0,,,0.02,,,,0.0207,0.0207,41.311922,-105.581147,2022,4,22,1
West,Knight Hall,2022-04-22T02:00:00,20.0,20.0,,,117.94,,,,0.0138,0.0138,41.311922,-105.581147,2022,4,22,2
West,Knight Hall,2022-04-22T03:00:00,30.0,30.0,,,56.1,,,,0.0207,0.0207,41.311922,-105.581147,2022,4,22,3
West,Knight Hall,2022-04-22T04:00:00,30.0,30.0,,,1.03,,,,0.0207,0.0207,41.311922,-105.581147,2022,4,22,4
West,Knight Hall,2022-04-22T05:00:00,30.0,30.0,,,7.5,,,,0.0207,0.0207,41.311922,-105.581147,2022,4,22,5
West,Knight Hall,2022-04-22T06:00:00,30.0,40.0,,,8.3,,,,0.0207,0.0276,41.311922,-105.581147,2022,4,22,6
West,Knight Hall,2022-04-22T07:00:00,60.0,40.0,,,57.08999999999999,,,,0.0414,0.0276,41.311922,-105.581147,2022,4,22,7
West,Knight Hall,2022-04-22T08:00:00,70.0,60.0,,,,,,,0.048299999999999996,0.0414,41.311922,-105.581147,2022,4,22,8
West,Knight Hall,2022-04-22T09:00:00,70.0,70.0,,,,,,,0.048299999999999996,0.048299999999999996,41.311922,-105.581147,2022,4,22,9
West,Knight Hall,2022-04-22T10:00:00,60.0,70.0,,,,,,,0.0414,0.048299999999999996,41.311922,-105.581147,2022,4,22,10
West,Knight Hall,2022-04-22T11:00:00,,70.0,,,,,,,,0.048299999999999996,41.311922,-105.581147,2022,4,22,11
West,Knight Hall,2022-04-22T12:00:00,60.0,70.0,,,94.54,,,,0.0414,0.048299999999999996,41.311922,-105.581147,2022,4,22,12
West,Knight Hall,2022-04-22T13:00:00,80.0,70.0,,,123.2,,,,0.0552,0.048299999999999996,41.311922,-105.581147,2022,4,22,13
West,Knight Hall,2022-04-22T14:00:00,60.0,70.0,,,,,,,0.0414,0.048299999999999996,41.311922,-105.581147,2022,4,22,14
West,Knight Hall,2022-04-22T15:00:00,80.0,60.0,,,,,,,0.0552,0.0414,41.311922,-105.581147,2022,4,22,15
West,Knight Hall,2022-04-22T16:00:00,60.0,70.0,,,,,,,0.0414,0.048299999999999996,41.311922,-105.581147,2022,4,22,16
West,Knight Hall,2022-04-22T17:00:00,50.0,40.0,,,168.43,,,,0.034499999999999996,0.0276,41.311922,-105.581147,2022,4,22,17
West,Knight Hall,2022-04-22T18:00:00,30.0,50.0,,,144.7,,,,0.0207,0.034499999999999996,41.311922,-105.581147,2022,4,22,18
West,Knight Hall,2022-04-22T19:00:00,30.0,30.0,,,153.99,,,,0.0207,0.0207,41.311922,-105.581147,2022,4,22,19
West,Knight Hall,2022-04-22T20:00:00,40.0,40.0,,,129.26,,,,0.0276,0.0276,41.311922,-105.581147,2022,4,22,20
West,Knight Hall,2022-04-22T21:00:00,30.0,30.0,,,3.99,,,,0.0207,0.0207,41.311922,-105.581147,2022,4,22,21
West,Knight Hall,2022-04-22T22:00:00,30.0,40.0,,,4.72,,,,0.0207,0.0276,41.311922,-105.581147,2022,4,22,22
West,Knight Hall,2022-04-22T23:00:00,30.0,20.0,,,0.65,,,,0.0207,0.0138,41.311922,-105.581147,2022,4,22,23
West,Knight Hall,2022-04-23T00:00:00,20.0,30.0,,,1.19,,,,0.0138,0.0207,41.311922,-105.581147,2022,4,23,0
West,Knight Hall,2022-04-23T01:00:00,30.0,30.0,,,0.9,,,,0.0207,0.0207,41.311922,-105.581147,2022,4,23,1
West,Knight Hall,2022-04-23T02:00:00,30.0,20.0,,,0.86,,,,0.0207,0.0138,41.311922,-105.581147,2022,4,23,2
West,Knight Hall,2022-04-23T03:00:00,30.0,30.0,,,,,,,0.0207,0.0207,41.311922,-105.581147,2022,4,23,3
West,Knight Hall,2022-04-23T04:00:00,20.0,30.0,,,1.17,,,,0.0138,0.0207,41.311922,-105.581147,2022,4,23,4
West,Knight Hall,2022-04-23T05:00:00,40.0,30.0,,,,,,,0.0276,0.0207,41.311922,-105.581147,2022,4,23,5
West,Knight Hall,2022-04-23T06:00:00,30.0,30.0,,,,,,,0.0207,0.0207,41.311922,-105.581147,2022,4,23,6
West,Knight Hall,2022-04-23T07:00:00,30.0,40.0,,,,,,,0.0207,0.0276,41.311922,-105.581147,2022,4,23,7
West,Knight Hall,2022-04-23T08:00:00,30.0,70.0,,,8.77,,,,0.0207,0.048299999999999996,41.311922,-105.581147,2022,4,23,8
West,Knight Hall,2022-04-23T09:00:00,40.0,70.0,,,4.96,,,,0.0276,0.048299999999999996,41.311922,-105.581147,2022,4,23,9
West,Knight Hall,2022-04-23T10:00:00,20.0,70.0,,,8.32,,,,0.0138,0.048299999999999996,41.311922,-105.581147,2022,4,23,10
West,Knight Hall,2022-04-23T11:00:00,30.0,70.0,,,5.33,,,,0.0207,0.048299999999999996,41.311922,-105.581147,2022,4,23,11
West,Knight Hall,2022-04-23T12:00:00,40.0,70.0,,,1.86,,,,0.0276,0.048299999999999996,41.311922,-105.581147,2022,4,23,12
West,Knight Hall,2022-04-23T13:00:00,40.0,70.0,,,2.39,,,,0.0276,0.048299999999999996,41.311922,-105.581147,2022,4,23,13
West,Knight Hall,2022-04-23T14:00:00,20.0,70.0,,,2.83,,,,0.0138,0.048299999999999996,41.311922,-105.581147,2022,4,23,14
West,Knight Hall,2022-04-23T15:00:00,30.0,70.0,,,3.02,,,,0.0207,0.048299999999999996,41.311922,-105.581147,2022,4,23,15
West,Knight Hall,2022-04-23T16:00:00,30.0,60.0,,,0.88,,,,0.0207,0.0414,41.311922,-105.581147,2022,4,23,16
West,Knight Hall,2022-04-23T17:00:00,30.0,50.0,,,0.3399999999999999,,,,0.0207,0.034499999999999996,41.311922,-105.581147,2022,4,23,17
West,Knight Hall,2022-04-23T18:00:00,20.0,50.0,,,,,,,0.0138,0.034499999999999996,41.311922,-105.581147,2022,4,23,18
West,Knight Hall,2022-04-23T19:00:00,30.0,50.0,,,0.06,,,,0.0207,0.034499999999999996,41.311922,-105.581147,2022,4,23,19
West,Knight Hall,2022-04-23T20:00:00,30.0,40.0,,,,,,,0.0207,0.0276,41.311922,-105.581147,2022,4,23,20
West,Knight Hall,2022-04-23T21:00:00,30.0,40.0,,,0.88,,,,0.0207,0.0276,41.311922,-105.581147,2022,4,23,21
West,Knight Hall,2022-04-23T22:00:00,30.0,30.0,,,0.07,,,,0.0207,0.0207,41.311922,-105.581147,2022,4,23,22
West,Knight Hall,2022-04-23T23:00:00,20.0,30.0,,,0.8,,,,0.0138,0.0207,41.311922,-105.581147,2022,4,23,23
West,Knight Hall,2022-04-24T00:00:00,30.0,20.0,,,,,,,0.0207,0.0138,41.311922,-105.581147,2022,4,24,0
West,Knight Hall,2022-04-24T01:00:00,30.0,30.0,,,,,,,0.0207,0.0207,41.311922,-105.581147,2022,4,24,1
West,Knight Hall,2022-04-24T02:00:00,30.0,30.0,,,,,,,0.0207,0.0207,41.311922,-105.581147,2022,4,24,2
West,Knight Hall,2022-04-24T03:00:00,30.0,20.0,,,,,,,0.0207,0.0138,41.311922,-105.581147,2022,4,24,3
West,Knight Hall,2022-04-24T04:00:00,20.0,30.0,,,,,,,0.0138,0.0207,41.311922,-105.581147,2022,4,24,4
West,Knight Hall,2022-04-24T05:00:00,40.0,30.0,,,,,,,0.0276,0.0207,41.311922,-105.581147,2022,4,24,5
West,Knight Hall,2022-04-24T06:00:00,20.0,20.0,,,,,,,0.0138,0.0138,41.311922,-105.581147,2022,4,24,6
West,Knight Hall,2022-04-24T07:00:00,30.0,30.0,,,,,,,0.0207,0.0207,41.311922,-105.581147,2022,4,24,7
West,Knight Hall,2022-04-24T08:00:00,30.0,30.0,,,,,,,0.0207,0.0207,41.311922,-105.581147,2022,4,24,8
West,Knight Hall,2022-04-24T09:00:00,30.0,30.0,,,,,,,0.0207,0.0207,41.311922,-105.581147,2022,4,24,9
West,Knight Hall,2022-04-24T10:00:00,30.0,40.0,,,,,,,0.0207,0.0276,41.311922,-105.581147,2022,4,24,10
West,Knight Hall,2022-04-24T11:00:00,30.0,30.0,,,0.07,,,,0.0207,0.0207,41.311922,-105.581147,2022,4,24,11
West,Knight Hall,2022-04-24T12:00:00,30.0,40.0,,,0.09,,,,0.0207,0.0276,41.311922,-105.581147,2022,4,24,12
West,Knight Hall,2022-04-24T13:00:00,30.0,30.0,,,,,,,0.0207,0.0207,41.311922,-105.581147,2022,4,24,13
West,Knight Hall,2022-04-24T14:00:00,30.0,40.0,,,,,,,0.0207,0.0276,41.311922,-105.581147,2022,4,24,14
West,Knight Hall,2022-04-24T15:00:00,30.0,30.0,,,0.11,,,,0.0207,0.0207,41.311922,-105.581147,2022,4,24,15
West,Knight Hall,2022-04-24T16:00:00,20.0,30.0,,,,,,,0.0138,0.0207,41.311922,-105.581147,2022,4,24,16
West,Knight Hall,2022-04-24T17:00:00,30.0,30.0,,,1.29,,,,0.0207,0.0207,41.311922,-105.581147,2022,4,24,17
West,Knight Hall,2022-04-24T18:00:00,30.0,30.0,,,4.2,,,,0.0207,0.0207,41.311922,-105.581147,2022,4,24,18
West,Knight Hall,2022-04-24T19:00:00,30.0,30.0,,,0.0699999999999999,,,,0.0207,0.0207,41.311922,-105.581147,2022,4,24,19
West,Knight Hall,2022-04-24T20:00:00,30.0,30.0,,,3.1000000000000005,,,,0.0207,0.0207,41.311922,-105.581147,2022,4,24,20
West,Knight Hall,2022-04-24T21:00:00,30.0,20.0,,,0.8600000000000001,,,,0.0207,0.0138,41.311922,-105.581147,2022,4,24,21
West,Knight Hall,2022-04-24T22:00:00,20.0,30.0,,,,,,,0.0138,0.0207,41.311922,-105.581147,2022,4,24,22
West,Knight Hall,2022-04-24T23:00:00,40.0,20.0,,,,,,,0.0276,0.0138,41.311922,-105.581147,2022,4,24,23
West,Knight Hall,2022-04-25T00:00:00,20.0,30.0,,,,,,,0.0138,0.0207,41.311922,-105.581147,2022,4,25,0
West,Knight Hall,2022-04-25T01:00:00,40.0,20.0,,,,,,,0.0276,0.0138,41.311922,-105.581147,2022,4,25,1
West,Knight Hall,2022-04-25T02:00:00,20.0,30.0,,,,,,,0.0138,0.0207,41.311922,-105.581147,2022,4,25,2
West,Knight Hall,2022-04-25T03:00:00,30.0,30.0,,,,,,,0.0207,0.0207,41.311922,-105.581147,2022,4,25,3
West,Knight Hall,2022-04-25T04:00:00,30.0,30.0,,,,,,,0.0207,0.0207,41.311922,-105.581147,2022,4,25,4
West,Knight Hall,2022-04-25T05:00:00,40.0,20.0,,,0.8200000000000001,,,,0.0276,0.0138,41.311922,-105.581147,2022,4,25,5
West,Knight Hall,2022-04-25T06:00:00,30.0,30.0,,,0.19,,,,0.0207,0.0207,41.311922,-105.581147,2022,4,25,6
West,Knight Hall,2022-04-25T07:00:00,50.0,40.0,,,44.03,,,,0.034499999999999996,0.0276,41.311922,-105.581147,2022,4,25,7
West,Knight Hall,2022-04-25T08:00:00,60.0,30.0,,,122.27,,,,0.0414,0.0207,41.311922,-105.581147,2022,4,25,8
West,Knight Hall,2022-04-25T09:00:00,80.0,40.0,,,147.3,,,,0.0552,0.0276,41.311922,-105.581147,2022,4,25,9
West,Knight Hall,2022-04-25T10:00:00,70.0,30.0,,,165.92999999999998,,,,0.048299999999999996,0.0207,41.311922,-105.581147,2022,4,25,10
West,Knight Hall,2022-04-25T11:00:00,70.0,40.0,,,121.65,,,,0.048299999999999996,0.0276,41.311922,-105.581147,2022,4,25,11
West,Knight Hall,2022-04-25T12:00:00,70.0,30.0,,,85.32,,,,0.048299999999999996,0.0207,41.311922,-105.581147,2022,4,25,12
West,Knight Hall,2022-04-25T13:00:00,70.0,40.0,,,113.19,,,,0.048299999999999996,0.0276,41.311922,-105.581147,2022,4,25,13
West,Knight Hall,2022-04-25T14:00:00,80.0,30.0,,,76.48,,,,0.0552,0.0207,41.311922,-105.581147,2022,4,25,14
West,Knight Hall,2022-04-25T15:00:00,80.0,40.0,,,104.14,,,,0.0552,0.0276,41.311922,-105.581147,2022,4,25,15
West,Knight Hall,2022-04-25T16:00:00,60.0,30.0,,,134.06000000000003,,,,0.0414,0.0207,41.311922,-105.581147,2022,4,25,16
West,Knight Hall,2022-04-25T17:00:00,50.0,30.0,,,92.04,,,,0.034499999999999996,0.0207,41.311922,-105.581147,2022,4,25,17
West,Knight Hall,2022-04-25T18:00:00,40.0,30.0,,,31.89,,,,0.0276,0.0207,41.311922,-105.581147,2022,4,25,18
West,Knight Hall,2022-04-25T19:00:00,50.0,30.0,,,12.89,,,,0.034499999999999996,0.0207,41.311922,-105.581147,2022,4,25,19
West,Knight Hall,2022-04-25T20:00:00,30.0,30.0,,,15.8,,,,0.0207,0.0207,41.311922,-105.581147,2022,4,25,20
West,Knight Hall,2022-04-25T21:00:00,40.0,30.0,,,15.98,,,,0.0276,0.0207,41.311922,-105.581147,2022,4,25,21
West,Knight Hall,2022-04-25T22:00:00,20.0,20.0,,,0.04,,,,0.0138,0.0138,41.311922,-105.581147,2022,4,25,22
West,Knight Hall,2022-04-25T23:00:00,40.0,30.0,,,0.84,,,,0.0276,0.0207,41.311922,-105.581147,2022,4,25,23
West,Knight Hall,2022-04-26T00:00:00,30.0,20.0,,,,,,,0.0207,0.0138,41.311922,-105.581147,2022,4,26,0
West,Knight Hall,2022-04-26T01:00:00,20.0,30.0,,,,,,,0.0138,0.0207,41.311922,-105.581147,2022,4,26,1
West,Knight Hall,2022-04-26T02:00:00,30.0,30.0,,,,,,,0.0207,0.0207,41.311922,-105.581147,2022,4,26,2
West,Knight Hall,2022-04-26T03:00:00,30.0,30.0,,,0.88,,,,0.0207,0.0207,41.311922,-105.581147,2022,4,26,3
West,Knight Hall,2022-04-26T04:00:00,30.0,30.0,,,,,,,0.0207,0.0207,41.311922,-105.581147,2022,4,26,4
West,Knight Hall,2022-04-26T05:00:00,40.0,30.0,,,0.95,,,,0.0276,0.0207,41.311922,-105.581147,2022,4,26,5
West,Knight Hall,2022-04-26T06:00:00,30.0,30.0,,,0.39,,,,0.0207,0.0207,41.311922,-105.581147,2022,4,26,6
West,Knight Hall,2022-04-26T07:00:00,50.0,50.0,,,28.78,,,,0.034499999999999996,0.034499999999999996,41.311922,-105.581147,2022,4,26,7
West,Knight Hall,2022-04-26T08:00:00,60.0,60.0,,,71.34,,,,0.0414,0.0414,41.311922,-105.581147,2022,4,26,8
West,Knight Hall,2022-04-26T09:00:00,80.0,70.0,,,185.03,,,,0.0552,0.048299999999999996,41.311922,-105.581147,2022,4,26,9
West,Knight Hall,2022-04-26T10:00:00,10.0,70.0,,,138.04999999999998,,,,0.0069,0.048299999999999996,41.311922,-105.581147,2022,4,26,10
West,Knight Hall,2022-04-26T11:00:00,,70.0,,,176.89,,,,,0.048299999999999996,41.311922,-105.581147,2022,4,26,11
West,Knight Hall,2022-04-26T12:00:00,,70.0,,,126.67,,,,,0.048299999999999996,41.311922,-105.581147,2022,4,26,12
West,Knight Hall,2022-04-26T13:00:00,,70.0,,,78.74,,,,,0.048299999999999996,41.311922,-105.581147,2022,4,26,13
West,Knight Hall,2022-04-26T14:00:00,,70.0,,,,,,,,0.048299999999999996,41.311922,-105.581147,2022,4,26,14
West,Knight Hall,2022-04-26T15:00:00,,60.0,,,,,,,,0.0414,41.311922,-105.581147,2022,4,26,15
West,Knight Hall,2022-04-26T16:00:00,,60.0,,,94.33,,,,,0.0414,41.311922,-105.581147,2022,4,26,16
West,Knight Hall,2022-04-26T17:00:00,,50.0,,,82.6,,,,,0.034499999999999996,41.311922,-105.581147,2022,4,26,17
West,Knight Hall,2022-04-26T18:00:00,,40.0,,,20.79,,,,,0.0276,41.311922,-105.581147,2022,4,26,18
West,Knight Hall,2022-04-26T19:00:00,,30.0,,,8.900000000000002,,,,,0.0207,41.311922,-105.581147,2022,4,26,19
West,Knight Hall,2022-04-26T20:00:00,,30.0,,,2.97,,,,,0.0207,41.311922,-105.581147,2022,4,26,20
West,Knight Hall,2022-04-26T21:00:00,,30.0,,,6.98,,,,,0.0207,41.311922,-105.581147,2022,4,26,21
West,Knight Hall,2022-04-26T22:00:00,,30.0,,,4.2700000000000005,,,,,0.0207,41.311922,-105.581147,2022,4,26,22
West,Knight Hall,2022-04-26T23:00:00,,30.0,,,0.73,,,,,0.0207,41.311922,-105.581147,2022,4,26,23
West,Knight Hall,2022-04-27T00:00:00,,20.0,,,0.04,,,,,0.0138,41.311922,-105.581147,2022,4,27,0
West,Knight Hall,2022-04-27T01:00:00,,30.0,,,0.84,,,,,0.0207,41.311922,-105.581147,2022,4,27,1
West,Knight Hall,2022-04-27T02:00:00,,30.0,,,0.65,,,,,0.0207,41.311922,-105.581147,2022,4,27,2
West,Knight Hall,2022-04-27T03:00:00,,20.0,,,,,,,,0.0138,41.311922,-105.581147,2022,4,27,3
West,Knight Hall,2022-04-27T04:00:00,,30.0,,,4.2,,,,,0.0207,41.311922,-105.581147,2022,4,27,4
West,Knight Hall,2022-04-27T05:00:00,,30.0,,,2.37,,,,,0.0207,41.311922,-105.581147,2022,4,27,5
West,Knight Hall,2022-04-27T06:00:00,,30.0,,,11.23,,,,,0.0207,41.311922,-105.581147,2022,4,27,6
West,Knight Hall,2022-04-27T07:00:00,,50.0,,,33.35,,,,,0.034499999999999996,41.311922,-105.581147,2022,4,27,7
West,Knight Hall,2022-04-27T08:00:00,,60.0,,,117.01,,,,,0.0414,41.311922,-105.581147,2022,4,27,8
West,Knight Hall,2022-04-27T09:00:00,,70.0,,,132.53,,,,,0.048299999999999996,41.311922,-105.581147,2022,4,27,9
West,Knight Hall,2022-04-27T10:00:00,,80.0,,,161.08,,,,,0.0552,41.311922,-105.581147,2022,4,27,10
West,Knight Hall,2022-04-27T11:00:00,,70.0,,,185.64,,,,,0.048299999999999996,41.311922,-105.581147,2022,4,27,11
West,Knight Hall,2022-04-27T12:00:00,,60.0,,,,,,,,0.0414,41.311922,-105.581147,2022,4,27,12
West,Knight Hall,2022-04-27T13:00:00,,70.0,,,,,,,,0.048299999999999996,41.311922,-105.581147,2022,4,27,13
West,Knight Hall,2022-04-27T14:00:00,,70.0,,,203.49,,,,,0.048299999999999996,41.311922,-105.581147,2022,4,27,14
West,Knight Hall,2022-04-27T15:00:00,,70.0,,,,,,,,0.048299999999999996,41.311922,-105.581147,2022,4,27,15
West,Knight Hall,2022-04-27T16:00:00,,70.0,,,99.65,,,,,0.048299999999999996,41.311922,-105.581147,2022,4,27,16
West,Knight Hall,2022-04-27T17:00:00,,50.0,,,78.67,,,,,0.034499999999999996,41.311922,-105.581147,2022,4,27,17
West,Knight Hall,2022-04-27T18:00:00,,40.0,,,30.42,,,,,0.0276,41.311922,-105.581147,2022,4,27,18
West,Knight Hall,2022-04-27T19:00:00,,40.0,,,21.750000000000004,,,,,0.0276,41.311922,-105.581147,2022,4,27,19
West,Knight Hall,2022-04-27T20:00:00,,40.0,,,16.169999999999998,,,,,0.0276,41.311922,-105.581147,2022,4,27,20
West,Knight Hall,2022-04-27T21:00:00,,40.0,,,69.23,,,,,0.0276,41.311922,-105.581147,2022,4,27,21
West,Knight Hall,2022-04-27T22:00:00,,30.0,,,49.7,,,,,0.0207,41.311922,-105.581147,2022,4,27,22
West,Knight Hall,2022-04-27T23:00:00,,30.0,,,0.09,,,,,0.0207,41.311922,-105.581147,2022,4,27,23
West,Knight Hall,2022-04-28T00:00:00,,30.0,,,0.17,,,,,0.0207,41.311922,-105.581147,2022,4,28,0
West,Knight Hall,2022-04-28T01:00:00,,30.0,,,0.95,,,,,0.0207,41.311922,-105.581147,2022,4,28,1
West,Knight Hall,2022-04-28T02:00:00,,30.0,,,0.13,,,,,0.0207,41.311922,-105.581147,2022,4,28,2
West,Knight Hall,2022-04-28T03:00:00,,20.0,,,1.5100000000000002,,,,,0.0138,41.311922,-105.581147,2022,4,28,3
West,Knight Hall,2022-04-28T04:00:00,,30.0,,,3.34,,,,,0.0207,41.311922,-105.581147,2022,4,28,4
West,Knight Hall,2022-04-28T05:00:00,,30.0,,,4.460000000000001,,,,,0.0207,41.311922,-105.581147,2022,4,28,5
West,Knight Hall,2022-04-28T06:00:00,,40.0,,,11.02,,,,,0.0276,41.311922,-105.581147,2022,4,28,6
West,Knight Hall,2022-04-28T07:00:00,,40.0,,,58.24,,,,,0.0276,41.311922,-105.581147,2022,4,28,7
West,Knight Hall,2022-04-28T08:00:00,,60.0,,,81.22,,,,,0.0414,41.311922,-105.581147,2022,4,28,8
West,Knight Hall,2022-04-28T09:00:00,,70.0,,,98.19,,,,,0.048299999999999996,41.311922,-105.581147,2022,4,28,9
West,Knight Hall,2022-04-28T10:00:00,,70.0,,,162.53,,,,,0.048299999999999996,41.311922,-105.581147,2022,4,28,10
West,Knight Hall,2022-04-28T11:00:00,,70.0,,,122.55,,,,,0.048299999999999996,41.311922,-105.581147,2022,4,28,11
West,Knight Hall,2022-04-28T12:00:00,,70.0,,,107.26,,,,,0.048299999999999996,41.311922,-105.581147,2022,4,28,12
West,Knight Hall,2022-04-28T13:00:00,,60.0,,,46.870000000000005,,,,,0.0414,41.311922,-105.581147,2022,4,28,13
West,Knight Hall,2022-04-28T14:00:00,,70.0,,,85.27,,,,,0.048299999999999996,41.311922,-105.581147,2022,4,28,14
West,Knight Hall,2022-04-28T15:00:00,,60.0,,,134.34,,,,,0.0414,41.311922,-105.581147,2022,4,28,15
West,Knight Hall,2022-04-28T16:00:00,,70.0,,,114.44,,,,,0.048299999999999996,41.311922,-105.581147,2022,4,28,16
West,Knight Hall,2022-04-28T17:00:00,,50.0,,,89.13,,,,,0.034499999999999996,41.311922,-105.581147,2022,4,28,17
West,Knight Hall,2022-04-28T18:00:00,,40.0,,,23.89,,,,,0.0276,41.311922,-105.581147,2022,4,28,18
West,Knight Hall,2022-04-28T19:00:00,,30.0,,,11.62,,,,,0.0207,41.311922,-105.581147,2022,4,28,19
West,Knight Hall,2022-04-28T20:00:00,,40.0,,,3.0600000000000005,,,,,0.0276,41.311922,-105.581147,2022,4,28,20
West,Knight Hall,2022-04-28T21:00:00,,30.0,,,33.739999999999995,,,,,0.0207,41.311922,-105.581147,2022,4,28,21
West,Knight Hall,2022-04-28T22:00:00,,30.0,,,2.14,,,,,0.0207,41.311922,-105.581147,2022,4,28,22
West,Knight Hall,2022-04-28T23:00:00,,20.0,,,1.19,,,,,0.0138,41.311922,-105.581147,2022,4,28,23
West,Knight Hall,2022-04-29T00:00:00,,30.0,,,0.8200000000000001,,,,,0.0207,41.311922,-105.581147,2022,4,29,0
West,Knight Hall,2022-04-29T01:00:00,,30.0,,,,,,,,0.0207,41.311922,-105.581147,2022,4,29,1
West,Knight Hall,2022-04-29T02:00:00,,30.0,,,,,,,,0.0207,41.311922,-105.581147,2022,4,29,2
West,Knight Hall,2022-04-29T03:00:00,,20.0,,,,,,,,0.0138,41.311922,-105.581147,2022,4,29,3
West,Knight Hall,2022-04-29T04:00:00,,30.0,,,0.86,,,,,0.0207,41.311922,-105.581147,2022,4,29,4
West,Knight Hall,2022-04-29T05:00:00,,30.0,,,1.03,,,,,0.0207,41.311922,-105.581147,2022,4,29,5
West,Knight Hall,2022-04-29T06:00:00,,40.0,,,8.06,,,,,0.0276,41.311922,-105.581147,2022,4,29,6
West,Knight Hall,2022-04-29T07:00:00,,40.0,,,37.82,,,,,0.0276,41.311922,-105.581147,2022,4,29,7
West,Knight Hall,2022-04-29T08:00:00,,60.0,,,93.32,,,,,0.0414,41.311922,-105.581147,2022,4,29,8
West,Knight Hall,2022-04-29T09:00:00,,70.0,,,122.32,,,,,0.048299999999999996,41.311922,-105.581147,2022,4,29,9
West,Knight Hall,2022-04-29T10:00:00,,60.0,,,208.36,,,,,0.0414,41.311922,-105.581147,2022,4,29,10
West,Knight Hall,2022-04-29T11:00:00,,70.0,,,109.98,,,,,0.048299999999999996,41.311922,-105.581147,2022,4,29,11
West,Knight Hall,2022-04-29T12:00:00,,60.0,,,112.01,,,,,0.0414,41.311922,-105.581147,2022,4,29,12
West,Knight Hall,2022-04-29T13:00:00,,60.0,,,84.76,,,,,0.0414,41.311922,-105.581147,2022,4,29,13
West,Knight Hall,2022-04-29T14:00:00,,70.0,,,105.54,,,,,0.048299999999999996,41.311922,-105.581147,2022,4,29,14
West,Knight Hall,2022-04-29T15:00:00,,70.0,,,115.18,,,,,0.048299999999999996,41.311922,-105.581147,2022,4,29,15
West,Knight Hall,2022-04-29T16:00:00,,60.0,,,77.32,,,,,0.0414,41.311922,-105.581147,2022,4,29,16
West,Knight Hall,2022-04-29T17:00:00,,50.0,,,66.73,,,,,0.034499999999999996,41.311922,-105.581147,2022,4,29,17
West,Knight Hall,2022-04-29T18:00:00,,40.0,,,14.66,,,,,0.0276,41.311922,-105.581147,2022,4,29,18
West,Knight Hall,2022-04-29T19:00:00,,30.0,,,15.01,,,,,0.0207,41.311922,-105.581147,2022,4,29,19
West,Knight Hall,2022-04-29T20:00:00,,40.0,,,6.64,,,,,0.0276,41.311922,-105.581147,2022,4,29,20
West,Knight Hall,2022-04-29T21:00:00,,30.0,,,,,,,,0.0207,41.311922,-105.581147,2022,4,29,21
West,Knight Hall,2022-04-29T22:00:00,,30.0,,,1.79,,,,,0.0207,41.311922,-105.581147,2022,4,29,22
West,Knight Hall,2022-04-29T23:00:00,,30.0,,,,,,,,0.0207,41.311922,-105.581147,2022,4,29,23
West,Knight Hall,2022-04-30T00:00:00,,20.0,,,,,,,,0.0138,41.311922,-105.581147,2022,4,30,0
West,Knight Hall,2022-04-30T01:00:00,,30.0,,,,,,,,0.0207,41.311922,-105.581147,2022,4,30,1
West,Knight Hall,2022-04-30T02:00:00,,30.0,,,,,,,,0.0207,41.311922,-105.581147,2022,4,30,2
West,Knight Hall,2022-04-30T03:00:00,,20.0,,,0.84,,,,,0.0138,41.311922,-105.581147,2022,4,30,3
West,Knight Hall,2022-04-30T04:00:00,,30.0,,,,,,,,0.0207,41.311922,-105.581147,2022,4,30,4
West,Knight Hall,2022-04-30T05:00:00,,30.0,,,,,,,,0.0207,41.311922,-105.581147,2022,4,30,5
West,Knight Hall,2022-04-30T06:00:00,,30.0,,,,,,,,0.0207,41.311922,-105.581147,2022,4,30,6
West,Knight Hall,2022-04-30T07:00:00,,40.0,,,9.79,,,,,0.0276,41.311922,-105.581147,2022,4,30,7
West,Knight Hall,2022-04-30T08:00:00,,70.0,,,28.59,,,,,0.048299999999999996,41.311922,-105.581147,2022,4,30,8
West,Knight Hall,2022-04-30T09:00:00,,60.0,,,13.43,,,,,0.0414,41.311922,-105.581147,2022,4,30,9
West,Knight Hall,2022-04-30T10:00:00,,70.0,,,2.33,,,,,0.048299999999999996,41.311922,-105.581147,2022,4,30,10
West,Knight Hall,2022-04-30T11:00:00,,70.0,,,7.85,,,,,0.048299999999999996,41.311922,-105.581147,2022,4,30,11
West,Knight Hall,2022-04-30T12:00:00,,60.0,,,5.86,,,,,0.0414,41.311922,-105.581147,2022,4,30,12
West,Knight Hall,2022-04-30T13:00:00,,70.0,,,3.32,,,,,0.048299999999999996,41.311922,-105.581147,2022,4,30,13
West,Knight Hall,2022-04-30T14:00:00,,70.0,,,13.86,,,,,0.048299999999999996,41.311922,-105.581147,2022,4,30,14
West,Knight Hall,2022-04-30T15:00:00,,60.0,,,13.41,,,,,0.0414,41.311922,-105.581147,2022,4,30,15
West,Knight Hall,2022-04-30T16:00:00,,70.0,,,1.68,,,,,0.048299999999999996,41.311922,-105.581147,2022,4,30,16
West,Knight Hall,2022-04-30T17:00:00,,50.0,,,,,,,,0.034499999999999996,41.311922,-105.581147,2022,4,30,17
West,Knight Hall,2022-04-30T18:00:00,,40.0,,,0.06,,,,,0.0276,41.311922,-105.581147,2022,4,30,18
West,Knight Hall,2022-04-30T19:00:00,,30.0,,,0.09,,,,,0.0207,41.311922,-105.581147,2022,4,30,19
West,Knight Hall,2022-04-30T20:00:00,,30.0,,,1.23,,,,,0.0207,41.311922,-105.581147,2022,4,30,20
West,Knight Hall,2022-04-30T21:00:00,,30.0,,,0.04,,,,,0.0207,41.311922,-105.581147,2022,4,30,21
West,Knight Hall,2022-04-30T22:00:00,,30.0,,,,,,,,0.0207,41.311922,-105.581147,2022,4,30,22
West,Knight Hall,2022-04-30T23:00:00,,30.0,,,,,,,,0.0207,41.311922,-105.581147,2022,4,30,23
West,Knight Hall,2022-05-01T00:00:00,,20.0,,,,,,,,0.0138,41.311922,-105.581147,2022,5,1,0
West,Knight Hall,2022-05-01T01:00:00,,30.0,,,,,,,,0.0207,41.311922,-105.581147,2022,5,1,1
West,Knight Hall,2022-05-01T02:00:00,,20.0,,,,,,,,0.0138,41.311922,-105.581147,2022,5,1,2
West,Knight Hall,2022-05-01T03:00:00,,20.0,,,0.8200000000000001,,,,,0.0138,41.311922,-105.581147,2022,5,1,3
West,Knight Hall,2022-05-01T04:00:00,,30.0,,,,,,,,0.0207,41.311922,-105.581147,2022,5,1,4
West,Knight Hall,2022-05-01T05:00:00,,20.0,,,,,,,,0.0138,41.311922,-105.581147,2022,5,1,5
West,Knight Hall,2022-05-01T06:00:00,,30.0,,,0.8600000000000001,,,,,0.0207,41.311922,-105.581147,2022,5,1,6
West,Knight Hall,2022-05-01T07:00:00,,20.0,,,,,,,,0.0138,41.311922,-105.581147,2022,5,1,7
West,Knight Hall,2022-05-01T08:00:00,,30.0,,,,,,,,0.0207,41.311922,-105.581147,2022,5,1,8
West,Knight Hall,2022-05-01T09:00:00,,30.0,,,3.04,,,,,0.0207,41.311922,-105.581147,2022,5,1,9
West,Knight Hall,2022-05-01T10:00:00,,30.0,,,0.07,,,,,0.0207,41.311922,-105.581147,2022,5,1,10
West,Knight Hall,2022-05-01T11:00:00,,30.0,,,0.52,,,,,0.0207,41.311922,-105.581147,2022,5,1,11
West,Knight Hall,2022-05-01T12:00:00,,40.0,,,0.65,,,,,0.0276,41.311922,-105.581147,2022,5,1,12
West,Knight Hall,2022-05-01T13:00:00,,30.0,,,0.5,,,,,0.0207,41.311922,-105.581147,2022,5,1,13
West,Knight Hall,2022-05-01T14:00:00,,30.0,,,0.91,,,,,0.0207,41.311922,-105.581147,2022,5,1,14
West,Knight Hall,2022-05-01T15:00:00,,30.0,,,,,,,,0.0207,41.311922,-105.581147,2022,5,1,15
West,Knight Hall,2022-05-01T16:00:00,,20.0,,,,,,,,0.0138,41.311922,-105.581147,2022,5,1,16
West,Knight Hall,2022-05-01T17:00:00,,30.0,,,3.28,,,,,0.0207,41.311922,-105.581147,2022,5,1,17
West,Knight Hall,2022-05-01T18:00:00,,20.0,,,3.06,,,,,0.0138,41.311922,-105.581147,2022,5,1,18
West,Knight Hall,2022-05-01T19:00:00,,30.0,,,,,,,,0.0207,41.311922,-105.581147,2022,5,1,19
West,Knight Hall,2022-05-01T20:00:00,,20.0,,,0.09,,,,,0.0138,41.311922,-105.581147,2022,5,1,20
West,Knight Hall,2022-05-01T21:00:00,,30.0,,,,,,,,0.0207,41.311922,-105.581147,2022,5,1,21
West,Knight Hall,2022-05-01T22:00:00,,20.0,,,,,,,,0.0138,41.311922,-105.581147,2022,5,1,22
West,Knight Hall,2022-05-01T23:00:00,,30.0,,,0.8200000000000001,,,,,0.0207,41.311922,-105.581147,2022,5,1,23
West,Knight Hall,2022-05-02T00:00:00,,30.0,,,,,,,,0.0207,41.311922,-105.581147,2022,5,2,0
West,Knight Hall,2022-05-02T01:00:00,,20.0,,,,,,,,0.0138,41.311922,-105.581147,2022,5,2,1
West,Knight Hall,2022-05-02T02:00:00,,30.0,,,,,,,,0.0207,41.311922,-105.581147,2022,5,2,2
West,Knight Hall,2022-05-02T03:00:00,,20.0,,,,,,,,0.0138,41.311922,-105.581147,2022,5,2,3
West,Knight Hall,2022-05-02T04:00:00,,30.0,,,,,,,,0.0207,41.311922,-105.581147,2022,5,2,4
West,Knight Hall,2022-05-02T05:00:00,,20.0,,,7.4,,,,,0.0138,41.311922,-105.581147,2022,5,2,5
West,Knight Hall,2022-05-02T06:00:00,,30.0,,,14.25,,,,,0.0207,41.311922,-105.581147,2022,5,2,6
West,Knight Hall,2022-05-02T07:00:00,,30.0,,,20.87,,,,,0.0207,41.311922,-105.581147,2022,5,2,7
West,Knight Hall,2022-05-02T08:00:00,,20.0,,,98.06,,,,,0.0138,41.311922,-105.581147,2022,5,2,8
West,Knight Hall,2022-05-02T09:00:00,,30.0,,,,,,,,0.0207,41.311922,-105.581147,2022,5,2,9
West,Knight Hall,2022-05-02T10:00:00,,30.0,,,168.86,,,,,0.0207,41.311922,-105.581147,2022,5,2,10
West,Knight Hall,2022-05-02T11:00:00,,30.0,,,124.95,,,,,0.0207,41.311922,-105.581147,2022,5,2,11
West,Knight Hall,2022-05-02T12:00:00,,20.0,,,93.29,,,,,0.0138,41.311922,-105.581147,2022,5,2,12
West,Knight Hall,2022-05-02T13:00:00,,30.0,,,98.68,,,,,0.0207,41.311922,-105.581147,2022,5,2,13
West,Knight Hall,2022-05-02T14:00:00,,30.0,,,104.87,,,,,0.0207,41.311922,-105.581147,2022,5,2,14
West,Knight Hall,2022-05-02T15:00:00,,30.0,,,103.6,,,,,0.0207,41.311922,-105.581147,2022,5,2,15
West,Knight Hall,2022-05-02T16:00:00,,30.0,,,,,,,,0.0207,41.311922,-105.581147,2022,5,2,16
West,Knight Hall,2022-05-02T17:00:00,,20.0,,,182.4,,,,,0.0138,41.311922,-105.581147,2022,5,2,17
West,Knight Hall,2022-05-02T18:00:00,,30.0,,,43.14,,,,,0.0207,41.311922,-105.581147,2022,5,2,18
West,Knight Hall,2022-05-02T19:00:00,,30.0,,,19.79,,,,,0.0207,41.311922,-105.581147,2022,5,2,19
West,Knight Hall,2022-05-02T20:00:00,,20.0,,,19.82,,,,,0.0138,41.311922,-105.581147,2022,5,2,20
West,Knight Hall,2022-05-02T21:00:00,,30.0,,,41.48,,,,,0.0207,41.311922,-105.581147,2022,5,2,21
West,Knight Hall,2022-05-02T22:00:00,,30.0,,,6.43,,,,,0.0207,41.311922,-105.581147,2022,5,2,22
West,Knight Hall,2022-05-02T23:00:00,,30.0,,,0.6,,,,,0.0207,41.311922,-105.581147,2022,5,2,23
West,Knight Hall,2022-05-03T00:00:00,,20.0,,,,,,,,0.0138,41.311922,-105.581147,2022,5,3,0
West,Knight Hall,2022-05-03T01:00:00,,30.0,,,,,,,,0.0207,41.311922,-105.581147,2022,5,3,1
West,Knight Hall,2022-05-03T02:00:00,,30.0,,,,,,,,0.0207,41.311922,-105.581147,2022,5,3,2
West,Knight Hall,2022-05-03T03:00:00,,20.0,,,,,,,,0.0138,41.311922,-105.581147,2022,5,3,3
West,Knight Hall,2022-05-03T04:00:00,,40.0,,,1.44,,,,,0.0276,41.311922,-105.581147,2022,5,3,4
West,Knight Hall,2022-05-03T05:00:00,,30.0,,,0.97,,,,,0.0207,41.311922,-105.581147,2022,5,3,5
West,Knight Hall,2022-05-03T06:00:00,,30.0,,,2.72,,,,,0.0207,41.311922,-105.581147,2022,5,3,6
West,Knight Hall,2022-05-03T07:00:00,,40.0,,,25.96,,,,,0.0276,41.311922,-105.581147,2022,5,3,7
West,Knight Hall,2022-05-03T08:00:00,,60.0,,,66.9,,,,,0.0414,41.311922,-105.581147,2022,5,3,8
West,Knight Hall,2022-05-03T09:00:00,,70.0,,,160.5,,,,,0.048299999999999996,41.311922,-105.581147,2022,5,3,9
West,Knight Hall,2022-05-03T10:00:00,,80.0,,,136.2,,,,,0.0552,41.311922,-105.581147,2022,5,3,10
West,Knight Hall,2022-05-03T11:00:00,,70.0,,,140.56,,,,,0.048299999999999996,41.311922,-105.581147,2022,5,3,11
West,Knight Hall,2022-05-03T12:00:00,,60.0,,,111.1,,,,,0.0414,41.311922,-105.581147,2022,5,3,12
West,Knight Hall,2022-05-03T13:00:00,,70.0,,,132.47,,,,,0.048299999999999996,41.311922,-105.581147,2022,5,3,13
West,Knight Hall,2022-05-03T14:00:00,,70.0,,,76.67,,,,,0.048299999999999996,41.311922,-105.581147,2022,5,3,14
West,Knight Hall,2022-05-03T15:00:00,,70.0,,,114.29,,,,,0.048299999999999996,41.311922,-105.581147,2022,5,3,15
West,Knight Hall,2022-05-03T16:00:00,,70.0,,,92.47,,,,,0.048299999999999996,41.311922,-105.581147,2022,5,3,16
West,Knight Hall,2022-05-03T17:00:00,,50.0,,,55.52,,,,,0.034499999999999996,41.311922,-105.581147,2022,5,3,17
West,Knight Hall,2022-05-03T18:00:00,,40.0,,,13.35,,,,,0.0276,41.311922,-105.581147,2022,5,3,18
West,Knight Hall,2022-05-03T19:00:00,,40.0,,,50.9,,,,,0.0276,41.311922,-105.581147,2022,5,3,19
West,Knight Hall,2022-05-03T20:00:00,,30.0,,,5.41,,,,,0.0207,41.311922,-105.581147,2022,5,3,20
West,Knight Hall,2022-05-03T21:00:00,,30.0,,,32.39,,,,,0.0207,41.311922,-105.581147,2022,5,3,21
West,Knight Hall,2022-05-03T22:00:00,,20.0,,,1.73,,,,,0.0138,41.311922,-105.581147,2022,5,3,22
West,Knight Hall,2022-05-03T23:00:00,,30.0,,,,,,,,0.0207,41.311922,-105.581147,2022,5,3,23
West,Knight Hall,2022-05-04T00:00:00,,30.0,,,0.84,,,,,0.0207,41.311922,-105.581147,2022,5,4,0
West,Knight Hall,2022-05-04T01:00:00,,30.0,,,1.12,,,,,0.0207,41.311922,-105.581147,2022,5,4,1
West,Knight Hall,2022-05-04T02:00:00,,20.0,,,0.8999999999999999,,,,,0.0138,41.311922,-105.581147,2022,5,4,2
West,Knight Hall,2022-05-04T03:00:00,,30.0,,,0.02,,,,,0.0207,41.311922,-105.581147,2022,5,4,3
West,Knight Hall,2022-05-04T04:00:00,,30.0,,,,,,,,0.0207,41.311922,-105.581147,2022,5,4,4
West,Knight Hall,2022-05-04T05:00:00,,30.0,,,1.38,,,,,0.0207,41.311922,-105.581147,2022,5,4,5
West,Knight Hall,2022-05-04T06:00:00,,40.0,,,0.75,,,,,0.0276,41.311922,-105.581147,2022,5,4,6
West,Knight Hall,2022-05-04T07:00:00,,40.0,,,48.74999999999999,,,,,0.0276,41.311922,-105.581147,2022,5,4,7
West,Knight Hall,2022-05-04T08:00:00,,60.0,,,106.42,,,,,0.0414,41.311922,-105.581147,2022,5,4,8
West,Knight Hall,2022-05-04T09:00:00,,70.0,,,111.25,,,,,0.048299999999999996,41.311922,-105.581147,2022,5,4,9
West,Knight Hall,2022-05-04T10:00:00,,70.0,,,111.69,,,,,0.048299999999999996,41.311922,-105.581147,2022,5,4,10
West,Knight Hall,2022-05-04T11:00:00,,70.0,,,108.24,,,,,0.048299999999999996,41.311922,-105.581147,2022,5,4,11
West,Knight Hall,2022-05-04T12:00:00,,70.0,,,98.96999999999998,,,,,0.048299999999999996,41.311922,-105.581147,2022,5,4,12
West,Knight Hall,2022-05-04T13:00:00,,60.0,,,79.34,,,,,0.0414,41.311922,-105.581147,2022,5,4,13
West,Knight Hall,2022-05-04T14:00:00,,70.0,,,108.6,,,,,0.048299999999999996,41.311922,-105.581147,2022,5,4,14
West,Knight Hall,2022-05-04T15:00:00,,70.0,,,101.05,,,,,0.048299999999999996,41.311922,-105.581147,2022,5,4,15
West,Knight Hall,2022-05-04T16:00:00,,70.0,,,131.72,,,,,0.048299999999999996,41.311922,-105.581147,2022,5,4,16
West,Knight Hall,2022-05-04T17:00:00,,50.0,,,80.21000000000001,,,,,0.034499999999999996,41.311922,-105.581147,2022,5,4,17
West,Knight Hall,2022-05-04T18:00:00,,40.0,,,15.07,,,,,0.0276,41.311922,-105.581147,2022,5,4,18
West,Knight Hall,2022-05-04T19:00:00,,40.0,,,31.5,,,,,0.0276,41.311922,-105.581147,2022,5,4,19
West,Knight Hall,2022-05-04T20:00:00,,30.0,,,1.44,,,,,0.0207,41.311922,-105.581147,2022,5,4,20
West,Knight Hall,2022-05-04T21:00:00,,30.0,,,75.94,,,,,0.0207,41.311922,-105.581147,2022,5,4,21
West,Knight Hall,2022-05-04T22:00:00,,30.0,,,57.50000000000001,,,,,0.0207,41.311922,-105.581147,2022,5,4,22
West,Knight Hall,2022-05-04T23:00:00,,30.0,,,0.02,,,,,0.0207,41.311922,-105.581147,2022,5,4,23
West,Knight Hall,2022-05-05T00:00:00,,30.0,,,,,,,,0.0207,41.311922,-105.581147,2022,5,5,0
West,Knight Hall,2022-05-05T01:00:00,,20.0,,,0.02,,,,,0.0138,41.311922,-105.581147,2022,5,5,1
West,Knight Hall,2022-05-05T02:00:00,,30.0,,,0.88,,,,,0.0207,41.311922,-105.581147,2022,5,5,2
West,Knight Hall,2022-05-05T03:00:00,,30.0,,,,,,,,0.0207,41.311922,-105.581147,2022,5,5,3
West,Knight Hall,2022-05-05T04:00:00,,30.0,,,,,,,,0.0207,41.311922,-105.581147,2022,5,5,4
West,Knight Hall,2022-05-05T05:00:00,,30.0,,,3.47,,,,,0.0207,41.311922,-105.581147,2022,5,5,5
West,Knight Hall,2022-05-05T06:00:00,,30.0,,,2.87,,,,,0.0207,41.311922,-105.581147,2022,5,5,6
West,Knight Hall,2022-05-05T07:00:00,,40.0,,,24.51,,,,,0.0276,41.311922,-105.581147,2022,5,5,7
West,Knight Hall,2022-05-05T08:00:00,,70.0,,,116.75,,,,,0.048299999999999996,41.311922,-105.581147,2022,5,5,8
West,Knight Hall,2022-05-05T09:00:00,,70.0,,,,,,,,0.048299999999999996,41.311922,-105.581147,2022,5,5,9
West,Knight Hall,2022-05-05T10:00:00,,70.0,,,,,,,,0.048299999999999996,41.311922,-105.581147,2022,5,5,10
West,Knight Hall,2022-05-05T11:00:00,,80.0,,,,,,,,0.0552,41.311922,-105.581147,2022,5,5,11
West,Knight Hall,2022-05-05T12:00:00,,60.0,,,210.61,,,,,0.0414,41.311922,-105.581147,2022,5,5,12
West,Knight Hall,2022-05-05T13:00:00,,70.0,,,207.33,,,,,0.048299999999999996,41.311922,-105.581147,2022,5,5,13
West,Knight Hall,2022-05-05T14:00:00,,70.0,,,172.61999999999998,,,,,0.048299999999999996,41.311922,-105.581147,2022,5,5,14
West,Knight Hall,2022-05-05T15:00:00,,60.0,,,132.19,,,,,0.0414,41.311922,-105.581147,2022,5,5,15
West,Knight Hall,2022-05-05T16:00:00,,70.0,,,77.45,,,,,0.048299999999999996,41.311922,-105.581147,2022,5,5,16
West,Knight Hall,2022-05-05T17:00:00,,40.0,,,123.61,,,,,0.0276,41.311922,-105.581147,2022,5,5,17
West,Knight Hall,2022-05-05T18:00:00,,40.0,,,33.36,,,,,0.0276,41.311922,-105.581147,2022,5,5,18
West,Knight Hall,2022-05-05T19:00:00,,40.0,,,29.8,,,,,0.0276,41.311922,-105.581147,2022,5,5,19
West,Knight Hall,2022-05-05T20:00:00,,30.0,,,15.830000000000002,,,,,0.0207,41.311922,-105.581147,2022,5,5,20
West,Knight Hall,2022-05-05T21:00:00,,30.0,,,38.7,,,,,0.0207,41.311922,-105.581147,2022,5,5,21
West,Knight Hall,2022-05-05T22:00:00,,30.0,,,4.72,,,,,0.0207,41.311922,-105.581147,2022,5,5,22
West,Knight Hall,2022-05-05T23:00:00,,30.0,,,3.51,,,,,0.0207,41.311922,-105.581147,2022,5,5,23
West,Knight Hall,2022-05-06T00:00:00,,20.0,,,3.54,,,,,0.0138,41.311922,-105.581147,2022,5,6,0
West,Knight Hall,2022-05-06T01:00:00,,30.0,,,3.54,,,,,0.0207,41.311922,-105.581147,2022,5,6,1
West,Knight Hall,2022-05-06T02:00:00,,30.0,,,123.52,,,,,0.0207,41.311922,-105.581147,2022,5,6,2
West,Knight Hall,2022-05-06T03:00:00,,20.0,,,56.510000000000005,,,,,0.0138,41.311922,-105.581147,2022,5,6,3
West,Knight Hall,2022-05-06T04:00:00,,30.0,,,3.28,,,,,0.0207,41.311922,-105.581147,2022,5,6,4
West,Knight Hall,2022-05-06T05:00:00,,30.0,,,10.74,,,,,0.0207,41.311922,-105.581147,2022,5,6,5
West,Knight Hall,2022-05-06T06:00:00,,30.0,,,9.4,,,,,0.0207,41.311922,-105.581147,2022,5,6,6
West,Knight Hall,2022-05-06T07:00:00,,40.0,,,161.06,,,,,0.0276,41.311922,-105.581147,2022,5,6,7
West,Knight Hall,2022-05-06T08:00:00,,70.0,,,113.45,,,,,0.048299999999999996,41.311922,-105.581147,2022,5,6,8
West,Knight Hall,2022-05-06T09:00:00,,60.0,,,116.45,,,,,0.0414,41.311922,-105.581147,2022,5,6,9
West,Knight Hall,2022-05-06T10:00:00,,70.0,,,160.57999999999998,,,,,0.048299999999999996,41.311922,-105.581147,2022,5,6,10
West,Knight Hall,2022-05-06T11:00:00,,60.0,,,168.67000000000002,,,,,0.0414,41.311922,-105.581147,2022,5,6,11
West,Knight Hall,2022-05-06T12:00:00,,70.0,,,136.82999999999998,,,,,0.048299999999999996,41.311922,-105.581147,2022,5,6,12
West,Knight Hall,2022-05-06T13:00:00,,60.0,,,103.71,,,,,0.0414,41.311922,-105.581147,2022,5,6,13
West,Knight Hall,2022-05-06T14:00:00,,60.0,,,142.22,,,,,0.0414,41.311922,-105.581147,2022,5,6,14
West,Knight Hall,2022-05-06T15:00:00,,70.0,,,86.16,,,,,0.048299999999999996,41.311922,-105.581147,2022,5,6,15
West,Knight Hall,2022-05-06T16:00:00,,60.0,,,199.89,,,,,0.0414,41.311922,-105.581147,2022,5,6,16
West,Knight Hall,2022-05-06T17:00:00,,50.0,,,153.73,,,,,0.034499999999999996,41.311922,-105.581147,2022,5,6,17
West,Knight Hall,2022-05-06T18:00:00,,40.0,,,17.72,,,,,0.0276,41.311922,-105.581147,2022,5,6,18
West,Knight Hall,2022-05-06T19:00:00,,30.0,,,12.92,,,,,0.0207,41.311922,-105.581147,2022,5,6,19
West,Knight Hall,2022-05-06T20:00:00,,40.0,,,18.41,,,,,0.0276,41.311922,-105.581147,2022,5,6,20
West,Knight Hall,2022-05-06T21:00:00,,30.0,,,7.029999999999999,,,,,0.0207,41.311922,-105.581147,2022,5,6,21
West,Knight Hall,2022-05-06T22:00:00,,30.0,,,7.12,,,,,0.0207,41.311922,-105.581147,2022,5,6,22
West,Knight Hall,2022-05-06T23:00:00,,30.0,,,4.33,,,,,0.0207,41.311922,-105.581147,2022,5,6,23
West,Knight Hall,2022-05-07T00:00:00,,20.0,,,3.52,,,,,0.0138,41.311922,-105.581147,2022,5,7,0
West,Knight Hall,2022-05-07T01:00:00,,20.0,,,3.51,,,,,0.0138,41.311922,-105.581147,2022,5,7,1
West,Knight Hall,2022-05-07T02:00:00,,30.0,,,122.25,,,,,0.0207,41.311922,-105.581147,2022,5,7,2
West,Knight Hall,2022-05-07T03:00:00,,30.0,,,58.52,,,,,0.0207,41.311922,-105.581147,2022,5,7,3
West,Knight Hall,2022-05-07T04:00:00,,30.0,,,3.2300000000000004,,,,,0.0207,41.311922,-105.581147,2022,5,7,4
West,Knight Hall,2022-05-07T05:00:00,,30.0,,,3.17,,,,,0.0207,41.311922,-105.581147,2022,5,7,5
West,Knight Hall,2022-05-07T06:00:00,,30.0,,,2.39,,,,,0.0207,41.311922,-105.581147,2022,5,7,6
West,Knight Hall,2022-05-07T07:00:00,,40.0,,,1.17,,,,,0.0276,41.311922,-105.581147,2022,5,7,7
West,Knight Hall,2022-05-07T08:00:00,,60.0,,,4.050000000000001,,,,,0.0414,41.311922,-105.581147,2022,5,7,8
West,Knight Hall,2022-05-07T09:00:00,,60.0,,,2.8,,,,,0.0414,41.311922,-105.581147,2022,5,7,9
West,Knight Hall,2022-05-07T10:00:00,,70.0,,,9.83,,,,,0.048299999999999996,41.311922,-105.581147,2022,5,7,10
West,Knight Hall,2022-05-07T11:00:00,,70.0,,,6.99,,,,,0.048299999999999996,41.311922,-105.581147,2022,5,7,11
West,Knight Hall,2022-05-07T12:00:00,,70.0,,,5.460000000000001,,,,,0.048299999999999996,41.311922,-105.581147,2022,5,7,12
West,Knight Hall,2022-05-07T13:00:00,,60.0,,,22.59,,,,,0.0414,41.311922,-105.581147,2022,5,7,13
West,Knight Hall,2022-05-07T14:00:00,,70.0,,,2.24,,,,,0.048299999999999996,41.311922,-105.581147,2022,5,7,14
West,Knight Hall,2022-05-07T15:00:00,,60.0,,,4.55,,,,,0.0414,41.311922,-105.581147,2022,5,7,15
West,Knight Hall,2022-05-07T16:00:00,,60.0,,,2.69,,,,,0.0414,41.311922,-105.581147,2022,5,7,16
West,Knight Hall,2022-05-07T17:00:00,,30.0,,,2.14,,,,,0.0207,41.311922,-105.581147,2022,5,7,17
West,Knight Hall,2022-05-07T18:00:00,,40.0,,,3.52,,,,,0.0276,41.311922,-105.581147,2022,5,7,18
West,Knight Hall,2022-05-07T19:00:00,,30.0,,,1.38,,,,,0.0207,41.311922,-105.581147,2022,5,7,19
West,Knight Hall,2022-05-07T20:00:00,,30.0,,,1.17,,,,,0.0207,41.311922,-105.581147,2022,5,7,20
West,Knight Hall,2022-05-07T21:00:00,,20.0,,,2.05,,,,,0.0138,41.311922,-105.581147,2022,5,7,21
West,Knight Hall,2022-05-07T22:00:00,,30.0,,,2.37,,,,,0.0207,41.311922,-105.581147,2022,5,7,22
West,Knight Hall,2022-05-07T23:00:00,,20.0,,,1.17,,,,,0.0138,41.311922,-105.581147,2022,5,7,23
West,Knight Hall,2022-05-08T00:00:00,,30.0,,,1.17,,,,,0.0207,41.311922,-105.581147,2022,5,8,0
West,Knight Hall,2022-05-08T01:00:00,,20.0,,,1.16,,,,,0.0138,41.311922,-105.581147,2022,5,8,1
West,Knight Hall,2022-05-08T02:00:00,,20.0,,,1.17,,,,,0.0138,41.311922,-105.581147,2022,5,8,2
West,Knight Hall,2022-05-08T03:00:00,,20.0,,,1.16,,,,,0.0138,41.311922,-105.581147,2022,5,8,3
West,Knight Hall,2022-05-08T04:00:00,,30.0,,,1.16,,,,,0.0207,41.311922,-105.581147,2022,5,8,4
West,Knight Hall,2022-05-08T05:00:00,,20.0,,,1.19,,,,,0.0138,41.311922,-105.581147,2022,5,8,5
West,Knight Hall,2022-05-08T06:00:00,,20.0,,,,,,,,0.0138,41.311922,-105.581147,2022,5,8,6
West,Knight Hall,2022-05-08T07:00:00,,10.0,,,1.17,,,,,0.0069,41.311922,-105.581147,2022,5,8,7
West,Knight Hall,2022-05-08T08:00:00,,,,,1.19,,,,,,41.311922,-105.581147,2022,5,8,8
West,Knight Hall,2022-05-08T09:00:00,,,,,11.45,,,,,,41.311922,-105.581147,2022,5,8,9
West,Knight Hall,2022-05-08T10:00:00,,,,,14.32,,,,,,41.311922,-105.581147,2022,5,8,10
West,Knight Hall,2022-05-08T11:00:00,,,,,9.12,,,,,,41.311922,-105.581147,2022,5,8,11
West,Knight Hall,2022-05-08T12:00:00,,,,,1.38,,,,,,41.311922,-105.581147,2022,5,8,12
West,Knight Hall,2022-05-08T13:00:00,,,,,1.17,,,,,,41.311922,-105.581147,2022,5,8,13
West,Knight Hall,2022-05-08T14:00:00,,,,,0.3,,,,,,41.311922,-105.581147,2022,5,8,14
West,Knight Hall,2022-05-08T15:00:00,,,,,1.49,,,,,,41.311922,-105.581147,2022,5,8,15
West,Knight Hall,2022-05-08T16:00:00,20.0,,,,1.27,,,,0.0138,,41.311922,-105.581147,2022,5,8,16
West,Knight Hall,2022-05-08T17:00:00,20.0,,,,1.83,,,,0.0138,,41.311922,-105.581147,2022,5,8,17
West,Knight Hall,2022-05-08T18:00:00,30.0,,,,3.17,,,,0.0207,,41.311922,-105.581147,2022,5,8,18
West,Knight Hall,2022-05-08T19:00:00,30.0,,,,1.19,,,,0.0207,,41.311922,-105.581147,2022,5,8,19
West,Knight Hall,2022-05-08T20:00:00,20.0,,,,4.16,,,,0.0138,,41.311922,-105.581147,2022,5,8,20
West,Knight Hall,2022-05-08T21:00:00,30.0,,,,1.31,,,,0.0207,,41.311922,-105.581147,2022,5,8,21
West,Knight Hall,2022-05-08T22:00:00,30.0,,,,,,,,0.0207,,41.311922,-105.581147,2022,5,8,22
West,Knight Hall,2022-05-08T23:00:00,30.0,,,,2.0,,,,0.0207,,41.311922,-105.581147,2022,5,8,23
West,Knight Hall,2022-05-09T00:00:00,30.0,20.0,,,2.01,,,,0.0207,0.0138,41.311922,-105.581147,2022,5,9,0
West,Knight Hall,2022-05-09T01:00:00,30.0,30.0,,,,,,,0.0207,0.0207,41.311922,-105.581147,2022,5,9,1
West,Knight Hall,2022-05-09T02:00:00,20.0,20.0,,,1.19,,,,0.0138,0.0138,41.311922,-105.581147,2022,5,9,2
West,Knight Hall,2022-05-09T03:00:00,30.0,30.0,,,1.21,,,,0.0207,0.0207,41.311922,-105.581147,2022,5,9,3
West,Knight Hall,2022-05-09T04:00:00,30.0,20.0,,,0.8200000000000001,,,,0.0207,0.0138,41.311922,-105.581147,2022,5,9,4
West,Knight Hall,2022-05-09T05:00:00,40.0,20.0,,,1.4900000000000002,,,,0.0276,0.0138,41.311922,-105.581147,2022,5,9,5
West,Knight Hall,2022-05-09T06:00:00,30.0,30.0,,,6.1,,,,0.0207,0.0207,41.311922,-105.581147,2022,5,9,6
West,Knight Hall,2022-05-09T07:00:00,50.0,20.0,,,216.64,,,,0.034499999999999996,0.0138,41.311922,-105.581147,2022,5,9,7
West,Knight Hall,2022-05-09T08:00:00,70.0,30.0,,,,,,,0.048299999999999996,0.0207,41.311922,-105.581147,2022,5,9,8
West,Knight Hall,2022-05-09T09:00:00,80.0,20.0,,,,,,,0.0552,0.0138,41.311922,-105.581147,2022,5,9,9
West,Knight Hall,2022-05-09T10:00:00,80.0,20.0,,,,,,,0.0552,0.0138,41.311922,-105.581147,2022,5,9,10
West,Knight Hall,2022-05-09T11:00:00,80.0,20.0,,,,,,,0.0552,0.0138,41.311922,-105.581147,2022,5,9,11
West,Knight Hall,2022-05-09T12:00:00,70.0,30.0,,,,,,,0.048299999999999996,0.0207,41.311922,-105.581147,2022,5,9,12
West,Knight Hall,2022-05-09T13:00:00,80.0,20.0,,,83.25,,,,0.0552,0.0138,41.311922,-105.581147,2022,5,9,13
West,Knight Hall,2022-05-09T14:00:00,70.0,20.0,,,115.42,,,,0.048299999999999996,0.0138,41.311922,-105.581147,2022,5,9,14
West,Knight Hall,2022-05-09T15:00:00,80.0,20.0,,,92.47,,,,0.0552,0.0138,41.311922,-105.581147,2022,5,9,15
West,Knight Hall,2022-05-09T16:00:00,70.0,30.0,,,110.76,,,,0.048299999999999996,0.0207,41.311922,-105.581147,2022,5,9,16
West,Knight Hall,2022-05-09T17:00:00,50.0,20.0,,,92.26,,,,0.034499999999999996,0.0138,41.311922,-105.581147,2022,5,9,17
West,Knight Hall,2022-05-09T18:00:00,50.0,20.0,,,44.49999999999999,,,,0.034499999999999996,0.0138,41.311922,-105.581147,2022,5,9,18
West,Knight Hall,2022-05-09T19:00:00,30.0,20.0,,,18.99,,,,0.0207,0.0138,41.311922,-105.581147,2022,5,9,19
West,Knight Hall,2022-05-09T20:00:00,40.0,30.0,,,21.39,,,,0.0276,0.0207,41.311922,-105.581147,2022,5,9,20
West,Knight Hall,2022-05-09T21:00:00,30.0,20.0,,,11.36,,,,0.0207,0.0138,41.311922,-105.581147,2022,5,9,21
West,Knight Hall,2022-05-09T22:00:00,30.0,30.0,,,8.08,,,,0.0207,0.0207,41.311922,-105.581147,2022,5,9,22
West,Knight Hall,2022-05-09T23:00:00,30.0,20.0,,,0.84,,,,0.0207,0.0138,41.311922,-105.581147,2022,5,9,23
West,Knight Hall,2022-05-10T00:00:00,30.0,30.0,,,,,,,0.0207,0.0207,41.311922,-105.581147,2022,5,10,0
West,Knight Hall,2022-05-10T01:00:00,30.0,20.0,,,0.86,,,,0.0207,0.0138,41.311922,-105.581147,2022,5,10,1
West,Knight Hall,2022-05-10T02:00:00,30.0,30.0,,,,,,,0.0207,0.0207,41.311922,-105.581147,2022,5,10,2
West,Knight Hall,2022-05-10T03:00:00,30.0,30.0,,,0.04,,,,0.0207,0.0207,41.311922,-105.581147,2022,5,10,3
West,Knight Hall,2022-05-10T04:00:00,30.0,20.0,,,0.8200000000000001,,,,0.0207,0.0138,41.311922,-105.581147,2022,5,10,4
West,Knight Hall,2022-05-10T05:00:00,40.0,30.0,,,1.12,,,,0.0276,0.0207,41.311922,-105.581147,2022,5,10,5
West,Knight Hall,2022-05-10T06:00:00,30.0,30.0,,,14.19,,,,0.0207,0.0207,41.311922,-105.581147,2022,5,10,6
West,Knight Hall,2022-05-10T07:00:00,50.0,40.0,,,31.18,,,,0.034499999999999996,0.0276,41.311922,-105.581147,2022,5,10,7
West,Knight Hall,2022-05-10T08:00:00,80.0,70.0,,,126.15,,,,0.0552,0.048299999999999996,41.311922,-105.581147,2022,5,10,8
West,Knight Hall,2022-05-10T09:00:00,70.0,70.0,,,183.94,,,,0.048299999999999996,0.048299999999999996,41.311922,-105.581147,2022,5,10,9
West,Knight Hall,2022-05-10T10:00:00,80.0,70.0,,,149.18,,,,0.0552,0.048299999999999996,41.311922,-105.581147,2022,5,10,10
West,Knight Hall,2022-05-10T11:00:00,80.0,80.0,,,,,,,0.0552,0.0552,41.311922,-105.581147,2022,5,10,11
West,Knight Hall,2022-05-10T12:00:00,70.0,60.0,,,129.71,,,,0.048299999999999996,0.0414,41.311922,-105.581147,2022,5,10,12
West,Knight Hall,2022-05-10T13:00:00,80.0,70.0,,,73.31,,,,0.0552,0.048299999999999996,41.311922,-105.581147,2022,5,10,13
West,Knight Hall,2022-05-10T14:00:00,70.0,70.0,,,141.78,,,,0.048299999999999996,0.048299999999999996,41.311922,-105.581147,2022,5,10,14
West,Knight Hall,2022-05-10T15:00:00,70.0,70.0,,,118.07,,,,0.048299999999999996,0.048299999999999996,41.311922,-105.581147,2022,5,10,15
West,Knight Hall,2022-05-10T16:00:00,80.0,60.0,,,172.25,,,,0.0552,0.0414,41.311922,-105.581147,2022,5,10,16
West,Knight Hall,2022-05-10T17:00:00,40.0,50.0,,,136.42,,,,0.0276,0.034499999999999996,41.311922,-105.581147,2022,5,10,17
West,Knight Hall,2022-05-10T18:00:00,40.0,40.0,,,46.31,,,,0.0276,0.0276,41.311922,-105.581147,2022,5,10,18
West,Knight Hall,2022-05-10T19:00:00,40.0,40.0,,,18.74,,,,0.0276,0.0276,41.311922,-105.581147,2022,5,10,19
West,Knight Hall,2022-05-10T20:00:00,30.0,30.0,,,30.44,,,,0.0207,0.0207,41.311922,-105.581147,2022,5,10,20
West,Knight Hall,2022-05-10T21:00:00,30.0,30.0,,,20.96,,,,0.0207,0.0207,41.311922,-105.581147,2022,5,10,21
West,Knight Hall,2022-05-10T22:00:00,30.0,30.0,,,10.39,,,,0.0207,0.0207,41.311922,-105.581147,2022,5,10,22
West,Knight Hall,2022-05-10T23:00:00,30.0,30.0,,,10.46,,,,0.0207,0.0207,41.311922,-105.581147,2022,5,10,23
West,Knight Hall,2022-05-11T00:00:00,20.0,30.0,,,8.99,,,,0.0138,0.0207,41.311922,-105.581147,2022,5,11,0
West,Knight Hall,2022-05-11T01:00:00,30.0,30.0,,,9.75,,,,0.0207,0.0207,41.311922,-105.581147,2022,5,11,1
West,Knight Hall,2022-05-11T02:00:00,30.0,20.0,,,7.89,,,,0.0207,0.0138,41.311922,-105.581147,2022,5,11,2
West,Knight Hall,2022-05-11T03:00:00,20.0,30.0,,,7.12,,,,0.0138,0.0207,41.311922,-105.581147,2022,5,11,3
West,Knight Hall,2022-05-11T04:00:00,30.0,30.0,,,6.62,,,,0.0207,0.0207,41.311922,-105.581147,2022,5,11,4
West,Knight Hall,2022-05-11T05:00:00,30.0,30.0,,,8.34,,,,0.0207,0.0207,41.311922,-105.581147,2022,5,11,5
West,Knight Hall,2022-05-11T06:00:00,40.0,40.0,,,14.1,,,,0.0276,0.0276,41.311922,-105.581147,2022,5,11,6
West,Knight Hall,2022-05-11T07:00:00,50.0,40.0,,,73.07,,,,0.034499999999999996,0.0276,41.311922,-105.581147,2022,5,11,7
West,Knight Hall,2022-05-11T08:00:00,70.0,60.0,,,82.36,,,,0.048299999999999996,0.0414,41.311922,-105.581147,2022,5,11,8
West,Knight Hall,2022-05-11T09:00:00,80.0,70.0,,,,,,,0.0552,0.048299999999999996,41.311922,-105.581147,2022,5,11,9
West,Knight Hall,2022-05-11T10:00:00,80.0,70.0,,,149.04999999999998,,,,0.0552,0.048299999999999996,41.311922,-105.581147,2022,5,11,10
West,Knight Hall,2022-05-11T11:00:00,80.0,70.0,,,142.99,,,,0.0552,0.048299999999999996,41.311922,-105.581147,2022,5,11,11
West,Knight Hall,2022-05-11T12:00:00,80.0,70.0,,,127.43,,,,0.0552,0.048299999999999996,41.311922,-105.581147,2022,5,11,12
West,Knight Hall,2022-05-11T13:00:00,70.0,70.0,,,77.12,,,,0.048299999999999996,0.048299999999999996,41.311922,-105.581147,2022,5,11,13
West,Knight Hall,2022-05-11T14:00:00,80.0,70.0,,,137.34,,,,0.0552,0.048299999999999996,41.311922,-105.581147,2022,5,11,14
West,Knight Hall,2022-05-11T15:00:00,80.0,70.0,,,137.1,,,,0.0552,0.048299999999999996,41.311922,-105.581147,2022,5,11,15
West,Knight Hall,2022-05-11T16:00:00,70.0,70.0,,,83.31,,,,0.048299999999999996,0.048299999999999996,41.311922,-105.581147,2022,5,11,16
West,Knight Hall,2022-05-11T17:00:00,60.0,50.0,,,198.77,,,,0.0414,0.034499999999999996,41.311922,-105.581147,2022,5,11,17
West,Knight Hall,2022-05-11T18:00:00,40.0,40.0,,,165.76,,,,0.0276,0.0276,41.311922,-105.581147,2022,5,11,18
West,Knight Hall,2022-05-11T19:00:00,50.0,30.0,,,105.2,,,,0.034499999999999996,0.0207,41.311922,-105.581147,2022,5,11,19
West,Knight Hall,2022-05-11T20:00:00,30.0,40.0,,,27.68,,,,0.0207,0.0276,41.311922,-105.581147,2022,5,11,20
West,Knight Hall,2022-05-11T21:00:00,30.0,30.0,,,14.47,,,,0.0207,0.0207,41.311922,-105.581147,2022,5,11,21
West,Knight Hall,2022-05-11T22:00:00,30.0,30.0,,,16.990000000000002,,,,0.0207,0.0207,41.311922,-105.581147,2022,5,11,22
West,Knight Hall,2022-05-11T23:00:00,30.0,30.0,,,,,,,0.0207,0.0207,41.311922,-105.581147,2022,5,11,23
West,Knight Hall,2022-05-12T00:00:00,20.0,30.0,,,0.02,,,,0.0138,0.0207,41.311922,-105.581147,2022,5,12,0
West,Knight Hall,2022-05-12T01:00:00,30.0,20.0,,,0.8200000000000001,,,,0.0207,0.0138,41.311922,-105.581147,2022,5,12,1
West,Knight Hall,2022-05-12T02:00:00,30.0,30.0,,,0.78,,,,0.0207,0.0207,41.311922,-105.581147,2022,5,12,2
West,Knight Hall,2022-05-12T03:00:00,30.0,30.0,,,,,,,0.0207,0.0207,41.311922,-105.581147,2022,5,12,3
West,Knight Hall,2022-05-12T04:00:00,30.0,30.0,,,0.91,,,,0.0207,0.0207,41.311922,-105.581147,2022,5,12,4
West,Knight Hall,2022-05-12T05:00:00,30.0,30.0,,,2.01,,,,0.0207,0.0207,41.311922,-105.581147,2022,5,12,5
West,Knight Hall,2022-05-12T06:00:00,30.0,30.0,,,1.29,,,,0.0207,0.0207,41.311922,-105.581147,2022,5,12,6
West,Knight Hall,2022-05-12T07:00:00,40.0,40.0,,,42.71,,,,0.0276,0.0276,41.311922,-105.581147,2022,5,12,7
West,Knight Hall,2022-05-12T08:00:00,70.0,70.0,,,99.96,,,,0.048299999999999996,0.048299999999999996,41.311922,-105.581147,2022,5,12,8
West,Knight Hall,2022-05-12T09:00:00,,70.0,,,126.71,,,,,0.048299999999999996,41.311922,-105.581147,2022,5,12,9
West,Knight Hall,2022-05-12T10:00:00,60.0,70.0,,,162.48,,,,0.0414,0.048299999999999996,41.311922,-105.581147,2022,5,12,10
West,Knight Hall,2022-05-12T11:00:00,,70.0,,,138.83,,,,,0.048299999999999996,41.311922,-105.581147,2022,5,12,11
West,Knight Hall,2022-05-12T12:00:00,50.0,60.0,,,97.15,,,,0.034499999999999996,0.0414,41.311922,-105.581147,2022,5,12,12
West,Knight Hall,2022-05-12T13:00:00,,70.0,,,63.41,,,,,0.048299999999999996,41.311922,-105.581147,2022,5,12,13
West,Knight Hall,2022-05-12T14:00:00,60.0,60.0,,,180.02999999999997,,,,0.0414,0.0414,41.311922,-105.581147,2022,5,12,14
West,Knight Hall,2022-05-12T15:00:00,80.0,70.0,,,,,,,0.0552,0.048299999999999996,41.311922,-105.581147,2022,5,12,15
West,Knight Hall,2022-05-12T16:00:00,60.0,60.0,,,219.9,,,,0.0414,0.0414,41.311922,-105.581147,2022,5,12,16
West,Knight Hall,2022-05-12T17:00:00,50.0,50.0,,,72.19,,,,0.034499999999999996,0.034499999999999996,41.311922,-105.581147,2022,5,12,17
West,Knight Hall,2022-05-12T18:00:00,40.0,40.0,,,13.76,,,,0.0276,0.0276,41.311922,-105.581147,2022,5,12,18
West,Knight Hall,2022-05-12T19:00:00,40.0,30.0,,,23.61,,,,0.0276,0.0207,41.311922,-105.581147,2022,5,12,19
West,Knight Hall,2022-05-12T20:00:00,40.0,30.0,,,25.51,,,,0.0276,0.0207,41.311922,-105.581147,2022,5,12,20
West,Knight Hall,2022-05-12T21:00:00,30.0,30.0,,,8.02,,,,0.0207,0.0207,41.311922,-105.581147,2022,5,12,21
West,Knight Hall,2022-05-12T22:00:00,30.0,20.0,,,0.95,,,,0.0207,0.0138,41.311922,-105.581147,2022,5,12,22
West,Knight Hall,2022-05-12T23:00:00,30.0,30.0,,,,,,,0.0207,0.0207,41.311922,-105.581147,2022,5,12,23
West,Knight Hall,2022-05-13T00:00:00,30.0,30.0,,,2.01,,,,0.0207,0.0207,41.311922,-105.581147,2022,5,13,0
West,Knight Hall,2022-05-13T01:00:00,30.0,20.0,,,0.91,,,,0.0207,0.0138,41.311922,-105.581147,2022,5,13,1
West,Knight Hall,2022-05-13T02:00:00,20.0,30.0,,,,,,,0.0138,0.0207,41.311922,-105.581147,2022,5,13,2
West,Knight Hall,2022-05-13T03:00:00,30.0,30.0,,,0.8200000000000001,,,,0.0207,0.0207,41.311922,-105.581147,2022,5,13,3
West,Knight Hall,2022-05-13T04:00:00,40.0,30.0,,,0.06,,,,0.0276,0.0207,41.311922,-105.581147,2022,5,13,4
West,Knight Hall,2022-05-13T05:00:00,30.0,30.0,,,1.9,,,,0.0207,0.0207,41.311922,-105.581147,2022,5,13,5
West,Knight Hall,2022-05-13T06:00:00,30.0,30.0,,,9.27,,,,0.0207,0.0207,41.311922,-105.581147,2022,5,13,6
West,Knight Hall,2022-05-13T07:00:00,50.0,40.0,,,19.27,,,,0.034499999999999996,0.0276,41.311922,-105.581147,2022,5,13,7
West,Knight Hall,2022-05-13T08:00:00,60.0,60.0,,,52.87,,,,0.0414,0.0414,41.311922,-105.581147,2022,5,13,8
West,Knight Hall,2022-05-13T09:00:00,70.0,60.0,,,97.43,,,,0.048299999999999996,0.0414,41.311922,-105.581147,2022,5,13,9
West,Knight Hall,2022-05-13T10:00:00,70.0,70.0,,,102.46,,,,0.048299999999999996,0.048299999999999996,41.311922,-105.581147,2022,5,13,10
West,Knight Hall,2022-05-13T11:00:00,80.0,70.0,,,156.47,,,,0.0552,0.048299999999999996,41.311922,-105.581147,2022,5,13,11
West,Knight Hall,2022-05-13T12:00:00,60.0,60.0,,,180.18,,,,0.0414,0.0414,41.311922,-105.581147,2022,5,13,12
West,Knight Hall,2022-05-13T13:00:00,70.0,60.0,,,204.27,,,,0.048299999999999996,0.0414,41.311922,-105.581147,2022,5,13,13
West,Knight Hall,2022-05-13T14:00:00,70.0,70.0,,,192.63,,,,0.048299999999999996,0.048299999999999996,41.311922,-105.581147,2022,5,13,14
West,Knight Hall,2022-05-13T15:00:00,60.0,60.0,,,,,,,0.0414,0.0414,41.311922,-105.581147,2022,5,13,15
West,Knight Hall,2022-05-13T16:00:00,60.0,70.0,,,,,,,0.0414,0.048299999999999996,41.311922,-105.581147,2022,5,13,16
West,Knight Hall,2022-05-13T17:00:00,50.0,40.0,,,,,,,0.034499999999999996,0.0276,41.311922,-105.581147,2022,5,13,17
West,Knight Hall,2022-05-13T18:00:00,30.0,40.0,,,108.06,,,,0.0207,0.0276,41.311922,-105.581147,2022,5,13,18
West,Knight Hall,2022-05-13T19:00:00,30.0,40.0,,,12.94,,,,0.0207,0.0276,41.311922,-105.581147,2022,5,13,19
West,Knight Hall,2022-05-13T20:00:00,30.0,30.0,,,0.67,,,,0.0207,0.0207,41.311922,-105.581147,2022,5,13,20
West,Knight Hall,2022-05-13T21:00:00,30.0,30.0,,,8.71,,,,0.0207,0.0207,41.311922,-105.581147,2022,5,13,21
West,Knight Hall,2022-05-13T22:00:00,30.0,30.0,,,0.17,,,,0.0207,0.0207,41.311922,-105.581147,2022,5,13,22
West,Knight Hall,2022-05-13T23:00:00,30.0,20.0,,,,,,,0.0207,0.0138,41.311922,-105.581147,2022,5,13,23
West,Knight Hall,2022-05-14T00:00:00,20.0,30.0,,,,,,,0.0138,0.0207,41.311922,-105.581147,2022,5,14,0
West,Knight Hall,2022-05-14T01:00:00,30.0,20.0,,,0.84,,,,0.0207,0.0138,41.311922,-105.581147,2022,5,14,1
West,Knight Hall,2022-05-14T02:00:00,20.0,30.0,,,0.04,,,,0.0138,0.0207,41.311922,-105.581147,2022,5,14,2
West,Knight Hall,2022-05-14T03:00:00,40.0,30.0,,,,,,,0.0276,0.0207,41.311922,-105.581147,2022,5,14,3
West,Knight Hall,2022-05-14T04:00:00,20.0,20.0,,,,,,,0.0138,0.0138,41.311922,-105.581147,2022,5,14,4
West,Knight Hall,2022-05-14T05:00:00,30.0,30.0,,,0.02,,,,0.0207,0.0207,41.311922,-105.581147,2022,5,14,5
West,Knight Hall,2022-05-14T06:00:00,30.0,40.0,,,,,,,0.0207,0.0276,41.311922,-105.581147,2022,5,14,6
West,Knight Hall,2022-05-14T07:00:00,30.0,40.0,,,1.73,,,,0.0207,0.0276,41.311922,-105.581147,2022,5,14,7
West,Knight Hall,2022-05-14T08:00:00,30.0,60.0,,,9.7,,,,0.0207,0.0414,41.311922,-105.581147,2022,5,14,8
West,Knight Hall,2022-05-14T09:00:00,30.0,60.0,,,6.02,,,,0.0207,0.0414,41.311922,-105.581147,2022,5,14,9
West,Knight Hall,2022-05-14T10:00:00,30.0,70.0,,,8.52,,,,0.0207,0.048299999999999996,41.311922,-105.581147,2022,5,14,10
West,Knight Hall,2022-05-14T11:00:00,40.0,60.0,,,24.71,,,,0.0276,0.0414,41.311922,-105.581147,2022,5,14,11
West,Knight Hall,2022-05-14T12:00:00,30.0,70.0,,,2.01,,,,0.0207,0.048299999999999996,41.311922,-105.581147,2022,5,14,12
West,Knight Hall,2022-05-14T13:00:00,40.0,60.0,,,1.16,,,,0.0276,0.0414,41.311922,-105.581147,2022,5,14,13
West,Knight Hall,2022-05-14T14:00:00,20.0,60.0,,,0.35,,,,0.0138,0.0414,41.311922,-105.581147,2022,5,14,14
West,Knight Hall,2022-05-14T15:00:00,30.0,60.0,,,1.42,,,,0.0207,0.0414,41.311922,-105.581147,2022,5,14,15
West,Knight Hall,2022-05-14T16:00:00,30.0,60.0,,,0.37,,,,0.0207,0.0414,41.311922,-105.581147,2022,5,14,16
West,Knight Hall,2022-05-14T17:00:00,30.0,40.0,,,0.5,,,,0.0207,0.0276,41.311922,-105.581147,2022,5,14,17
West,Knight Hall,2022-05-14T18:00:00,30.0,40.0,,,0.41,,,,0.0207,0.0276,41.311922,-105.581147,2022,5,14,18
West,Knight Hall,2022-05-14T19:00:00,20.0,30.0,,,1.25,,,,0.0138,0.0207,41.311922,-105.581147,2022,5,14,19
West,Knight Hall,2022-05-14T20:00:00,30.0,40.0,,,0.15,,,,0.0207,0.0276,41.311922,-105.581147,2022,5,14,20
West,Knight Hall,2022-05-14T21:00:00,30.0,20.0,,,0.93,,,,0.0207,0.0138,41.311922,-105.581147,2022,5,14,21
West,Knight Hall,2022-05-14T22:00:00,30.0,30.0,,,,,,,0.0207,0.0207,41.311922,-105.581147,2022,5,14,22
West,Knight Hall,2022-05-14T23:00:00,30.0,30.0,,,0.24,,,,0.0207,0.0207,41.311922,-105.581147,2022,5,14,23
West,Knight Hall,2022-05-15T00:00:00,20.0,20.0,,,,,,,0.0138,0.0138,41.311922,-105.581147,2022,5,15,0
West,Knight Hall,2022-05-15T01:00:00,30.0,30.0,,,1.6,,,,0.0207,0.0207,41.311922,-105.581147,2022,5,15,1
West,Knight Hall,2022-05-15T02:00:00,20.0,30.0,,,0.02,,,,0.0138,0.0207,41.311922,-105.581147,2022,5,15,2
West,Knight Hall,2022-05-15T03:00:00,40.0,20.0,,,,,,,0.0276,0.0138,41.311922,-105.581147,2022,5,15,3
West,Knight Hall,2022-05-15T04:00:00,20.0,30.0,,,,,,,0.0138,0.0207,41.311922,-105.581147,2022,5,15,4
West,Knight Hall,2022-05-15T05:00:00,30.0,30.0,,,0.04,,,,0.0207,0.0207,41.311922,-105.581147,2022,5,15,5
West,Knight Hall,2022-05-15T06:00:00,30.0,20.0,,,,,,,0.0207,0.0138,41.311922,-105.581147,2022,5,15,6
West,Knight Hall,2022-05-15T07:00:00,20.0,30.0,,,0.09,,,,0.0138,0.0207,41.311922,-105.581147,2022,5,15,7
West,Knight Hall,2022-05-15T08:00:00,30.0,30.0,,,0.02,,,,0.0207,0.0207,41.311922,-105.581147,2022,5,15,8
West,Knight Hall,2022-05-15T09:00:00,30.0,30.0,,,0.09,,,,0.0207,0.0207,41.311922,-105.581147,2022,5,15,9
West,Knight Hall,2022-05-15T10:00:00,30.0,30.0,,,0.97,,,,0.0207,0.0207,41.311922,-105.581147,2022,5,15,10
West,Knight Hall,2022-05-15T11:00:00,40.0,40.0,,,0.09,,,,0.0276,0.0276,41.311922,-105.581147,2022,5,15,11
West,Knight Hall,2022-05-15T12:00:00,30.0,30.0,,,0.21,,,,0.0207,0.0207,41.311922,-105.581147,2022,5,15,12
West,Knight Hall,2022-05-15T13:00:00,30.0,30.0,,,0.28,,,,0.0207,0.0207,41.311922,-105.581147,2022,5,15,13
West,Knight Hall,2022-05-15T14:00:00,30.0,30.0,,,1.21,,,,0.0207,0.0207,41.311922,-105.581147,2022,5,15,14
West,Knight Hall,2022-05-15T15:00:00,30.0,20.0,,,0.34,,,,0.0207,0.0138,41.311922,-105.581147,2022,5,15,15
West,Knight Hall,2022-05-15T16:00:00,30.0,30.0,,,0.19,,,,0.0207,0.0207,41.311922,-105.581147,2022,5,15,16
West,Knight Hall,2022-05-15T17:00:00,30.0,30.0,,,0.21,,,,0.0207,0.0207,41.311922,-105.581147,2022,5,15,17
West,Knight Hall,2022-05-15T18:00:00,20.0,20.0,,,0.17,,,,0.0138,0.0138,41.311922,-105.581147,2022,5,15,18
West,Knight Hall,2022-05-15T19:00:00,30.0,30.0,,,0.19,,,,0.0207,0.0207,41.311922,-105.581147,2022,5,15,19
West,Knight Hall,2022-05-15T20:00:00,30.0,20.0,,,0.04,,,,0.0207,0.0138,41.311922,-105.581147,2022,5,15,20
West,Knight Hall,2022-05-15T21:00:00,30.0,30.0,,,0.91,,,,0.0207,0.0207,41.311922,-105.581147,2022,5,15,21
West,Knight Hall,2022-05-15T22:00:00,20.0,30.0,,,,,,,0.0138,0.0207,41.311922,-105.581147,2022,5,15,22
West,Knight Hall,2022-05-15T23:00:00,30.0,20.0,,,,,,,0.0207,0.0138,41.311922,-105.581147,2022,5,15,23
West,Knight Hall,2022-05-16T00:00:00,30.0,30.0,,,1.03,,,,0.0207,0.0207,41.311922,-105.581147,2022,5,16,0
West,Knight Hall,2022-05-16T01:00:00,30.0,20.0,,,,,,,0.0207,0.0138,41.311922,-105.581147,2022,5,16,1
West,Knight Hall,2022-05-16T02:00:00,20.0,30.0,,,,,,,0.0138,0.0207,41.311922,-105.581147,2022,5,16,2
West,Knight Hall,2022-05-16T03:00:00,30.0,20.0,,,,,,,0.0207,0.0138,41.311922,-105.581147,2022,5,16,3
West,Knight Hall,2022-05-16T04:00:00,30.0,30.0,,,0.0699999999999999,,,,0.0207,0.0207,41.311922,-105.581147,2022,5,16,4
West,Knight Hall,2022-05-16T05:00:00,40.0,30.0,,,0.37,,,,0.0276,0.0207,41.311922,-105.581147,2022,5,16,5
West,Knight Hall,2022-05-16T06:00:00,20.0,20.0,,,3.1000000000000005,,,,0.0138,0.0138,41.311922,-105.581147,2022,5,16,6
West,Knight Hall,2022-05-16T07:00:00,70.0,30.0,,,57.55,,,,0.048299999999999996,0.0207,41.311922,-105.581147,2022,5,16,7
West,Knight Hall,2022-05-16T08:00:00,50.0,30.0,,,113.2,,,,0.034499999999999996,0.0207,41.311922,-105.581147,2022,5,16,8
West,Knight Hall,2022-05-16T09:00:00,70.0,30.0,,,112.68,,,,0.048299999999999996,0.0207,41.311922,-105.581147,2022,5,16,9
West,Knight Hall,2022-05-16T10:00:00,70.0,30.0,,,,,,,0.048299999999999996,0.0207,41.311922,-105.581147,2022,5,16,10
West,Knight Hall,2022-05-16T11:00:00,80.0,30.0,,,,,,,0.0552,0.0207,41.311922,-105.581147,2022,5,16,11
West,Knight Hall,2022-05-16T12:00:00,60.0,30.0,,,180.74,,,,0.0414,0.0207,41.311922,-105.581147,2022,5,16,12
West,Knight Hall,2022-05-16T13:00:00,,30.0,,,195.26,,,,,0.0207,41.311922,-105.581147,2022,5,16,13
West,Knight Hall,2022-05-16T14:00:00,60.0,30.0,,,198.92,,,,0.0414,0.0207,41.311922,-105.581147,2022,5,16,14
West,Knight Hall,2022-05-16T15:00:00,80.0,20.0,,,191.01,,,,0.0552,0.0138,41.311922,-105.581147,2022,5,16,15
West,Knight Hall,2022-05-16T16:00:00,60.0,30.0,,,85.10000000000001,,,,0.0414,0.0207,41.311922,-105.581147,2022,5,16,16
West,Knight Hall,2022-05-16T17:00:00,50.0,20.0,,,108.75,,,,0.034499999999999996,0.0138,41.311922,-105.581147,2022,5,16,17
West,Knight Hall,2022-05-16T18:00:00,40.0,30.0,,,9.32,,,,0.0276,0.0207,41.311922,-105.581147,2022,5,16,18
West,Knight Hall,2022-05-16T19:00:00,30.0,20.0,,,14.42,,,,0.0207,0.0138,41.311922,-105.581147,2022,5,16,19
West,Knight Hall,2022-05-16T20:00:00,30.0,30.0,,,9.31,,,,0.0207,0.0207,41.311922,-105.581147,2022,5,16,20
West,Knight Hall,2022-05-16T21:00:00,30.0,20.0,,,3.69,,,,0.0207,0.0138,41.311922,-105.581147,2022,5,16,21
West,Knight Hall,2022-05-16T22:00:00,30.0,30.0,,,0.02,,,,0.0207,0.0207,41.311922,-105.581147,2022,5,16,22
West,Knight Hall,2022-05-16T23:00:00,30.0,20.0,,,0.02,,,,0.0207,0.0138,41.311922,-105.581147,2022,5,16,23
West,Knight Hall,2022-05-17T00:00:00,20.0,30.0,,,0.88,,,,0.0138,0.0207,41.311922,-105.581147,2022,5,17,0
West,Knight Hall,2022-05-17T01:00:00,30.0,20.0,,,0.04,,,,0.0207,0.0138,41.311922,-105.581147,2022,5,17,1
West,Knight Hall,2022-05-17T02:00:00,30.0,30.0,,,,,,,0.0207,0.0207,41.311922,-105.581147,2022,5,17,2
West,Knight Hall,2022-05-17T03:00:00,30.0,20.0,,,,,,,0.0207,0.0138,41.311922,-105.581147,2022,5,17,3
West,Knight Hall,2022-05-17T04:00:00,30.0,30.0,,,0.06,,,,0.0207,0.0207,41.311922,-105.581147,2022,5,17,4
West,Knight Hall,2022-05-17T05:00:00,30.0,30.0,,,0.22,,,,0.0207,0.0207,41.311922,-105.581147,2022,5,17,5
West,Knight Hall,2022-05-17T06:00:00,30.0,20.0,,,1.5500000000000005,,,,0.0207,0.0138,41.311922,-105.581147,2022,5,17,6
West,Knight Hall,2022-05-17T07:00:00,60.0,40.0,,,48.34,,,,0.0414,0.0276,41.311922,-105.581147,2022,5,17,7
West,Knight Hall,2022-05-17T08:00:00,50.0,70.0,,,131.02999999999997,,,,0.034499999999999996,0.048299999999999996,41.311922,-105.581147,2022,5,17,8
West,Knight Hall,2022-05-17T09:00:00,80.0,60.0,,,97.41,,,,0.0552,0.0414,41.311922,-105.581147,2022,5,17,9
West,Knight Hall,2022-05-17T10:00:00,60.0,70.0,,,148.02,,,,0.0414,0.048299999999999996,41.311922,-105.581147,2022,5,17,10
West,Knight Hall,2022-05-17T11:00:00,,60.0,,,123.95,,,,,0.0414,41.311922,-105.581147,2022,5,17,11
West,Knight Hall,2022-05-17T12:00:00,50.0,70.0,,,114.68,,,,0.034499999999999996,0.048299999999999996,41.311922,-105.581147,2022,5,17,12
West,Knight Hall,2022-05-17T13:00:00,80.0,60.0,,,109.51,,,,0.0552,0.0414,41.311922,-105.581147,2022,5,17,13
West,Knight Hall,2022-05-17T14:00:00,60.0,70.0,,,81.43,,,,0.0414,0.048299999999999996,41.311922,-105.581147,2022,5,17,14
West,Knight Hall,2022-05-17T15:00:00,80.0,60.0,,,93.08,,,,0.0552,0.0414,41.311922,-105.581147,2022,5,17,15
West,Knight Hall,2022-05-17T16:00:00,50.0,60.0,,,59.96,,,,0.034499999999999996,0.0414,41.311922,-105.581147,2022,5,17,16
West,Knight Hall,2022-05-17T17:00:00,50.0,40.0,,,53.67,,,,0.034499999999999996,0.0276,41.311922,-105.581147,2022,5,17,17
West,Knight Hall,2022-05-17T18:00:00,40.0,40.0,,,38.74,,,,0.0276,0.0276,41.311922,-105.581147,2022,5,17,18
West,Knight Hall,2022-05-17T19:00:00,40.0,40.0,,,20.65,,,,0.0276,0.0276,41.311922,-105.581147,2022,5,17,19
West,Knight Hall,2022-05-17T20:00:00,20.0,30.0,,,3.39,,,,0.0138,0.0207,41.311922,-105.581147,2022,5,17,20
West,Knight Hall,2022-05-17T21:00:00,40.0,30.0,,,16.92,,,,0.0276,0.0207,41.311922,-105.581147,2022,5,17,21
West,Knight Hall,2022-05-17T22:00:00,20.0,30.0,,,,,,,0.0138,0.0207,41.311922,-105.581147,2022,5,17,22
West,Knight Hall,2022-05-17T23:00:00,30.0,30.0,,,0.02,,,,0.0207,0.0207,41.311922,-105.581147,2022,5,17,23
West,Knight Hall,2022-05-18T00:00:00,30.0,30.0,,,1.73,,,,0.0207,0.0207,41.311922,-105.581147,2022,5,18,0
West,Knight Hall,2022-05-18T01:00:00,30.0,20.0,,,,,,,0.0207,0.0138,41.311922,-105.581147,2022,5,18,1
West,Knight Hall,2022-05-18T02:00:00,20.0,30.0,,,,,,,0.0138,0.0207,41.311922,-105.581147,2022,5,18,2
West,Knight Hall,2022-05-18T03:00:00,30.0,30.0,,,,,,,0.0207,0.0207,41.311922,-105.581147,2022,5,18,3
West,Knight Hall,2022-05-18T04:00:00,30.0,30.0,,,0.91,,,,0.0207,0.0207,41.311922,-105.581147,2022,5,18,4
West,Knight Hall,2022-05-18T05:00:00,40.0,30.0,,,0.63,,,,0.0276,0.0207,41.311922,-105.581147,2022,5,18,5
West,Knight Hall,2022-05-18T06:00:00,30.0,30.0,,,10.26,,,,0.0207,0.0207,41.311922,-105.581147,2022,5,18,6
West,Knight Hall,2022-05-18T07:00:00,60.0,40.0,,,23.26,,,,0.0414,0.0276,41.311922,-105.581147,2022,5,18,7
West,Knight Hall,2022-05-18T08:00:00,50.0,60.0,,,121.62,,,,0.034499999999999996,0.0414,41.311922,-105.581147,2022,5,18,8
West,Knight Hall,2022-05-18T09:00:00,80.0,70.0,,,149.16,,,,0.0552,0.048299999999999996,41.311922,-105.581147,2022,5,18,9
West,Knight Hall,2022-05-18T10:00:00,60.0,70.0,,,91.78,,,,0.0414,0.048299999999999996,41.311922,-105.581147,2022,5,18,10
West,Knight Hall,2022-05-18T11:00:00,80.0,60.0,,,167.4,,,,0.0552,0.0414,41.311922,-105.581147,2022,5,18,11
West,Knight Hall,2022-05-18T12:00:00,60.0,70.0,,,148.06000000000003,,,,0.0414,0.048299999999999996,41.311922,-105.581147,2022,5,18,12
West,Knight Hall,2022-05-18T13:00:00,60.0,60.0,,,109.08,,,,0.0414,0.0414,41.311922,-105.581147,2022,5,18,13
West,Knight Hall,2022-05-18T14:00:00,80.0,70.0,,,157.96,,,,0.0552,0.048299999999999996,41.311922,-105.581147,2022,5,18,14
West,Knight Hall,2022-05-18T15:00:00,80.0,70.0,,,166.97000000000003,,,,0.0552,0.048299999999999996,41.311922,-105.581147,2022,5,18,15
West,Knight Hall,2022-05-18T16:00:00,50.0,50.0,,,184.8,,,,0.034499999999999996,0.034499999999999996,41.311922,-105.581147,2022,5,18,16
West,Knight Hall,2022-05-18T17:00:00,50.0,50.0,,,173.84,,,,0.034499999999999996,0.034499999999999996,41.311922,-105.581147,2022,5,18,17
West,Knight Hall,2022-05-18T18:00:00,40.0,50.0,,,52.05,,,,0.0276,0.034499999999999996,41.311922,-105.581147,2022,5,18,18
West,Knight Hall,2022-05-18T19:00:00,30.0,30.0,,,17.72,,,,0.0207,0.0207,41.311922,-105.581147,2022,5,18,19
West,Knight Hall,2022-05-18T20:00:00,30.0,30.0,,,17.34,,,,0.0207,0.0207,41.311922,-105.581147,2022,5,18,20
West,Knight Hall,2022-05-18T21:00:00,30.0,30.0,,,4.869999999999999,,,,0.0207,0.0207,41.311922,-105.581147,2022,5,18,21
West,Knight Hall,2022-05-18T22:00:00,30.0,30.0,,,0.02,,,,0.0207,0.0207,41.311922,-105.581147,2022,5,18,22
West,Knight Hall,2022-05-18T23:00:00,30.0,20.0,,,0.04,,,,0.0207,0.0138,41.311922,-105.581147,2022,5,18,23
West,Knight Hall,2022-05-19T00:00:00,20.0,30.0,,,2.13,,,,0.0138,0.0207,41.311922,-105.581147,2022,5,19,0
West,Knight Hall,2022-05-19T01:00:00,30.0,20.0,,,0.8600000000000001,,,,0.0207,0.0138,41.311922,-105.581147,2022,5,19,1
West,Knight Hall,2022-05-19T02:00:00,20.0,30.0,,,,,,,0.0138,0.0207,41.311922,-105.581147,2022,5,19,2
West,Knight Hall,2022-05-19T03:00:00,30.0,20.0,,,,,,,0.0207,0.0138,41.311922,-105.581147,2022,5,19,3
West,Knight Hall,2022-05-19T04:00:00,30.0,30.0,,,0.8999999999999999,,,,0.0207,0.0207,41.311922,-105.581147,2022,5,19,4
West,Knight Hall,2022-05-19T05:00:00,30.0,30.0,,,3.73,,,,0.0207,0.0207,41.311922,-105.581147,2022,5,19,5
West,Knight Hall,2022-05-19T06:00:00,30.0,30.0,,,0.8,,,,0.0207,0.0207,41.311922,-105.581147,2022,5,19,6
West,Knight Hall,2022-05-19T07:00:00,60.0,50.0,,,26.590000000000003,,,,0.0414,0.034499999999999996,41.311922,-105.581147,2022,5,19,7
West,Knight Hall,2022-05-19T08:00:00,50.0,60.0,,,79.09,,,,0.034499999999999996,0.0414,41.311922,-105.581147,2022,5,19,8
West,Knight Hall,2022-05-19T09:00:00,70.0,70.0,,,185.04,,,,0.048299999999999996,0.048299999999999996,41.311922,-105.581147,2022,5,19,9
West,Knight Hall,2022-05-19T10:00:00,70.0,60.0,,,129.14999999999998,,,,0.048299999999999996,0.0414,41.311922,-105.581147,2022,5,19,10
West,Knight Hall,2022-05-19T11:00:00,80.0,70.0,,,173.16,,,,0.0552,0.048299999999999996,41.311922,-105.581147,2022,5,19,11
West,Knight Hall,2022-05-19T12:00:00,60.0,70.0,,,111.75,,,,0.0414,0.048299999999999996,41.311922,-105.581147,2022,5,19,12
West,Knight Hall,2022-05-19T13:00:00,80.0,60.0,,,131.39,,,,0.0552,0.0414,41.311922,-105.581147,2022,5,19,13
West,Knight Hall,2022-05-19T14:00:00,60.0,70.0,,,140.28,,,,0.0414,0.048299999999999996,41.311922,-105.581147,2022,5,19,14
West,Knight Hall,2022-05-19T15:00:00,80.0,60.0,,,120.11,,,,0.0552,0.0414,41.311922,-105.581147,2022,5,19,15
West,Knight Hall,2022-05-19T16:00:00,50.0,60.0,,,123.05,,,,0.034499999999999996,0.0414,41.311922,-105.581147,2022,5,19,16
West,Knight Hall,2022-05-19T17:00:00,50.0,40.0,,,85.04,,,,0.034499999999999996,0.0276,41.311922,-105.581147,2022,5,19,17
West,Knight Hall,2022-05-19T18:00:00,30.0,40.0,,,49.05,,,,0.0207,0.0276,41.311922,-105.581147,2022,5,19,18
West,Knight Hall,2022-05-19T19:00:00,40.0,40.0,,,25.01,,,,0.0276,0.0276,41.311922,-105.581147,2022,5,19,19
West,Knight Hall,2022-05-19T20:00:00,30.0,30.0,,,4.18,,,,0.0207,0.0207,41.311922,-105.581147,2022,5,19,20
West,Knight Hall,2022-05-19T21:00:00,30.0,30.0,,,9.79,,,,0.0207,0.0207,41.311922,-105.581147,2022,5,19,21
West,Knight Hall,2022-05-19T22:00:00,30.0,20.0,,,10.59,,,,0.0207,0.0138,41.311922,-105.581147,2022,5,19,22
West,Knight Hall,2022-05-19T23:00:00,40.0,30.0,,,1.96,,,,0.0276,0.0207,41.311922,-105.581147,2022,5,19,23
West,Knight Hall,2022-05-20T00:00:00,30.0,20.0,,,0.0699999999999999,,,,0.0207,0.0138,41.311922,-105.581147,2022,5,20,0
West,Knight Hall,2022-05-20T01:00:00,30.0,30.0,,,2.05,,,,0.0207,0.0207,41.311922,-105.581147,2022,5,20,1
West,Knight Hall,2022-05-20T02:00:00,30.0,20.0,,,0.02,,,,0.0207,0.0138,41.311922,-105.581147,2022,5,20,2
West,Knight Hall,2022-05-20T03:00:00,30.0,30.0,,,2.6500000000000004,,,,0.0207,0.0207,41.311922,-105.581147,2022,5,20,3
West,Knight Hall,2022-05-20T04:00:00,40.0,30.0,,,0.04,,,,0.0276,0.0207,41.311922,-105.581147,2022,5,20,4
West,Knight Hall,2022-05-20T05:00:00,40.0,20.0,,,1.86,,,,0.0276,0.0138,41.311922,-105.581147,2022,5,20,5
West,Knight Hall,2022-05-20T06:00:00,30.0,40.0,,,3.64,,,,0.0207,0.0276,41.311922,-105.581147,2022,5,20,6
West,Knight Hall,2022-05-20T07:00:00,60.0,40.0,,,33.85,,,,0.0414,0.0276,41.311922,-105.581147,2022,5,20,7
West,Knight Hall,2022-05-20T08:00:00,60.0,60.0,,,81.74000000000001,,,,0.0414,0.0414,41.311922,-105.581147,2022,5,20,8
West,Knight Hall,2022-05-20T09:00:00,80.0,70.0,,,128.01,,,,0.0552,0.048299999999999996,41.311922,-105.581147,2022,5,20,9
West,Knight Hall,2022-05-20T10:00:00,60.0,70.0,,,151.96,,,,0.0414,0.048299999999999996,41.311922,-105.581147,2022,5,20,10
West,Knight Hall,2022-05-20T11:00:00,,60.0,,,98.21,,,,,0.0414,41.311922,-105.581147,2022,5,20,11
West,Knight Hall,2022-05-20T12:00:00,50.0,70.0,,,61.64,,,,0.034499999999999996,0.048299999999999996,41.311922,-105.581147,2022,5,20,12
West,Knight Hall,2022-05-20T13:00:00,80.0,60.0,,,50.49999999999999,,,,0.0552,0.0414,41.311922,-105.581147,2022,5,20,13
West,Knight Hall,2022-05-20T14:00:00,60.0,70.0,,,70.09,,,,0.0414,0.048299999999999996,41.311922,-105.581147,2022,5,20,14
West,Knight Hall,2022-05-20T15:00:00,70.0,70.0,,,77.25,,,,0.048299999999999996,0.048299999999999996,41.311922,-105.581147,2022,5,20,15
West,Knight Hall,2022-05-20T16:00:00,60.0,60.0,,,42.91,,,,0.0414,0.0414,41.311922,-105.581147,2022,5,20,16
West,Knight Hall,2022-05-20T17:00:00,40.0,50.0,,,16.6,,,,0.0276,0.034499999999999996,41.311922,-105.581147,2022,5,20,17
West,Knight Hall,2022-05-20T18:00:00,50.0,40.0,,,64.86,,,,0.034499999999999996,0.0276,41.311922,-105.581147,2022,5,20,18
West,Knight Hall,2022-05-20T19:00:00,30.0,30.0,,,11.56,,,,0.0207,0.0207,41.311922,-105.581147,2022,5,20,19
West,Knight Hall,2022-05-20T20:00:00,40.0,40.0,,,4.7,,,,0.0276,0.0276,41.311922,-105.581147,2022,5,20,20
West,Knight Hall,2022-05-20T21:00:00,30.0,30.0,,,23.76,,,,0.0207,0.0207,41.311922,-105.581147,2022,5,20,21
West,Knight Hall,2022-05-20T22:00:00,30.0,30.0,,,2.95,,,,0.0207,0.0207,41.311922,-105.581147,2022,5,20,22
West,Knight Hall,2022-05-20T23:00:00,30.0,30.0,,,0.09,,,,0.0207,0.0207,41.311922,-105.581147,2022,5,20,23
West,Knight Hall,2022-05-21T00:00:00,20.0,20.0,,,0.13,,,,0.0138,0.0138,41.311922,-105.581147,2022,5,21,0
West,Knight Hall,2022-05-21T01:00:00,30.0,20.0,,,,,,,0.0207,0.0138,41.311922,-105.581147,2022,5,21,1
West,Knight Hall,2022-05-21T02:00:00,30.0,30.0,,,1.5099999999999998,,,,0.0207,0.0207,41.311922,-105.581147,2022,5,21,2
West,Knight Hall,2022-05-21T03:00:00,40.0,20.0,,,,,,,0.0276,0.0138,41.311922,-105.581147,2022,5,21,3
West,Knight Hall,2022-05-21T04:00:00,20.0,30.0,,,,,,,0.0138,0.0207,41.311922,-105.581147,2022,5,21,4
West,Knight Hall,2022-05-21T05:00:00,40.0,30.0,,,0.02,,,,0.0276,0.0207,41.311922,-105.581147,2022,5,21,5
West,Knight Hall,2022-05-21T06:00:00,20.0,30.0,,,0.84,,,,0.0138,0.0207,41.311922,-105.581147,2022,5,21,6
West,Knight Hall,2022-05-21T07:00:00,40.0,40.0,,,3.67,,,,0.0276,0.0276,41.311922,-105.581147,2022,5,21,7
West,Knight Hall,2022-05-21T08:00:00,30.0,60.0,,,2.44,,,,0.0207,0.0414,41.311922,-105.581147,2022,5,21,8
West,Knight Hall,2022-05-21T09:00:00,30.0,70.0,,,0.02,,,,0.0207,0.048299999999999996,41.311922,-105.581147,2022,5,21,9
West,Knight Hall,2022-05-21T10:00:00,30.0,70.0,,,1.4899999999999998,,,,0.0207,0.048299999999999996,41.311922,-105.581147,2022,5,21,10
West,Knight Hall,2022-05-21T11:00:00,40.0,60.0,,,2.91,,,,0.0276,0.0414,41.311922,-105.581147,2022,5,21,11
West,Knight Hall,2022-05-21T12:00:00,30.0,70.0,,,7.12,,,,0.0207,0.048299999999999996,41.311922,-105.581147,2022,5,21,12
West,Knight Hall,2022-05-21T13:00:00,40.0,60.0,,,1.1,,,,0.0276,0.0414,41.311922,-105.581147,2022,5,21,13
West,Knight Hall,2022-05-21T14:00:00,20.0,70.0,,,2.59,,,,0.0138,0.048299999999999996,41.311922,-105.581147,2022,5,21,14
West,Knight Hall,2022-05-21T15:00:00,40.0,60.0,,,0.52,,,,0.0276,0.0414,41.311922,-105.581147,2022,5,21,15
West,Knight Hall,2022-05-21T16:00:00,30.0,60.0,,,0.37,,,,0.0207,0.0414,41.311922,-105.581147,2022,5,21,16
West,Knight Hall,2022-05-21T17:00:00,30.0,40.0,,,0.21,,,,0.0207,0.0276,41.311922,-105.581147,2022,5,21,17
West,Knight Hall,2022-05-21T18:00:00,30.0,50.0,,,0.32,,,,0.0207,0.034499999999999996,41.311922,-105.581147,2022,5,21,18
West,Knight Hall,2022-05-21T19:00:00,30.0,30.0,,,1.01,,,,0.0207,0.0207,41.311922,-105.581147,2022,5,21,19
West,Knight Hall,2022-05-21T20:00:00,30.0,30.0,,,0.11,,,,0.0207,0.0207,41.311922,-105.581147,2022,5,21,20
West,Knight Hall,2022-05-21T21:00:00,30.0,30.0,,,0.48,,,,0.0207,0.0207,41.311922,-105.581147,2022,5,21,21
West,Knight Hall,2022-05-21T22:00:00,30.0,30.0,,,0.06,,,,0.0207,0.0207,41.311922,-105.581147,2022,5,21,22
West,Knight Hall,2022-05-21T23:00:00,30.0,30.0,,,0.91,,,,0.0207,0.0207,41.311922,-105.581147,2022,5,21,23
West,Knight Hall,2022-05-22T00:00:00,30.0,20.0,,,,,,,0.0207,0.0138,41.311922,-105.581147,2022,5,22,0
West,Knight Hall,2022-05-22T01:00:00,30.0,20.0,,,,,,,0.0207,0.0138,41.311922,-105.581147,2022,5,22,1
West,Knight Hall,2022-05-22T02:00:00,20.0,30.0,,,,,,,0.0138,0.0207,41.311922,-105.581147,2022,5,22,2
West,Knight Hall,2022-05-22T03:00:00,30.0,30.0,,,,,,,0.0207,0.0207,41.311922,-105.581147,2022,5,22,3
West,Knight Hall,2022-05-22T04:00:00,30.0,20.0,,,,,,,0.0207,0.0138,41.311922,-105.581147,2022,5,22,4
West,Knight Hall,2022-05-22T05:00:00,30.0,30.0,,,0.84,,,,0.0207,0.0207,41.311922,-105.581147,2022,5,22,5
West,Knight Hall,2022-05-22T06:00:00,30.0,30.0,,,,,,,0.0207,0.0207,41.311922,-105.581147,2022,5,22,6
West,Knight Hall,2022-05-22T07:00:00,40.0,20.0,,,,,,,0.0276,0.0138,41.311922,-105.581147,2022,5,22,7
West,Knight Hall,2022-05-22T08:00:00,30.0,30.0,,,,,,,0.0207,0.0207,41.311922,-105.581147,2022,5,22,8
West,Knight Hall,2022-05-22T09:00:00,30.0,40.0,,,0.62,,,,0.0207,0.0276,41.311922,-105.581147,2022,5,22,9
West,Knight Hall,2022-05-22T10:00:00,40.0,30.0,,,0.88,,,,0.0276,0.0207,41.311922,-105.581147,2022,5,22,10
West,Knight Hall,2022-05-22T11:00:00,40.0,30.0,,,0.86,,,,0.0276,0.0207,41.311922,-105.581147,2022,5,22,11
West,Knight Hall,2022-05-22T12:00:00,30.0,40.0,,,0.32,,,,0.0207,0.0276,41.311922,-105.581147,2022,5,22,12
West,Knight Hall,2022-05-22T13:00:00,30.0,30.0,,,0.97,,,,0.0207,0.0207,41.311922,-105.581147,2022,5,22,13
West,Knight Hall,2022-05-22T14:00:00,30.0,30.0,,,0.21,,,,0.0207,0.0207,41.311922,-105.581147,2022,5,22,14
West,Knight Hall,2022-05-22T15:00:00,30.0,30.0,,,1.64,,,,0.0207,0.0207,41.311922,-105.581147,2022,5,22,15
West,Knight Hall,2022-05-22T16:00:00,20.0,20.0,,,1.12,,,,0.0138,0.0138,41.311922,-105.581147,2022,5,22,16
West,Knight Hall,2022-05-22T17:00:00,40.0,30.0,,,0.34,,,,0.0276,0.0207,41.311922,-105.581147,2022,5,22,17
West,Knight Hall,2022-05-22T18:00:00,20.0,20.0,,,1.17,,,,0.0138,0.0138,41.311922,-105.581147,2022,5,22,18
West,Knight Hall,2022-05-22T19:00:00,30.0,20.0,,,0.06,,,,0.0207,0.0138,41.311922,-105.581147,2022,5,22,19
West,Knight Hall,2022-05-22T20:00:00,30.0,30.0,,,6.75,,,,0.0207,0.0207,41.311922,-105.581147,2022,5,22,20
West,Knight Hall,2022-05-22T21:00:00,30.0,20.0,,,,,,,0.0207,0.0138,41.311922,-105.581147,2022,5,22,21
West,Knight Hall,2022-05-22T22:00:00,30.0,30.0,,,,,,,0.0207,0.0207,41.311922,-105.581147,2022,5,22,22
West,Knight Hall,2022-05-22T23:00:00,40.0,20.0,,,,,,,0.0276,0.0138,41.311922,-105.581147,2022,5,22,23
West,Knight Hall,2022-05-23T00:00:00,20.0,30.0,,,,,,,0.0138,0.0207,41.311922,-105.581147,2022,5,23,0
West,Knight Hall,2022-05-23T01:00:00,40.0,20.0,,,,,,,0.0276,0.0138,41.311922,-105.581147,2022,5,23,1
West,Knight Hall,2022-05-23T02:00:00,20.0,30.0,,,95.99,,,,0.0138,0.0207,41.311922,-105.581147,2022,5,23,2
West,Knight Hall,2022-05-23T03:00:00,40.0,20.0,,,55.45,,,,0.0276,0.0138,41.311922,-105.581147,2022,5,23,3
West,Knight Hall,2022-05-23T04:00:00,20.0,20.0,,,,,,,0.0138,0.0138,41.311922,-105.581147,2022,5,23,4
West,Knight Hall,2022-05-23T05:00:00,40.0,30.0,,,0.22,,,,0.0276,0.0207,41.311922,-105.581147,2022,5,23,5
West,Knight Hall,2022-05-23T06:00:00,30.0,20.0,,,13.65,,,,0.0207,0.0138,41.311922,-105.581147,2022,5,23,6
West,Knight Hall,2022-05-23T07:00:00,70.0,30.0,,,79.41,,,,0.048299999999999996,0.0207,41.311922,-105.581147,2022,5,23,7
West,Knight Hall,2022-05-23T08:00:00,60.0,30.0,,,197.46,,,,0.0414,0.0207,41.311922,-105.581147,2022,5,23,8
West,Knight Hall,2022-05-23T09:00:00,80.0,20.0,,,,,,,0.0552,0.0138,41.311922,-105.581147,2022,5,23,9
West,Knight Hall,2022-05-23T10:00:00,70.0,30.0,,,198.25,,,,0.048299999999999996,0.0207,41.311922,-105.581147,2022,5,23,10
West,Knight Hall,2022-05-23T11:00:00,70.0,30.0,,,204.38,,,,0.048299999999999996,0.0207,41.311922,-105.581147,2022,5,23,11
West,Knight Hall,2022-05-23T12:00:00,70.0,30.0,,,173.59,,,,0.048299999999999996,0.0207,41.311922,-105.581147,2022,5,23,12
West,Knight Hall,2022-05-23T13:00:00,,30.0,,,176.32999999999998,,,,,0.0207,41.311922,-105.581147,2022,5,23,13
West,Knight Hall,2022-05-23T14:00:00,60.0,40.0,,,175.78,,,,0.0414,0.0276,41.311922,-105.581147,2022,5,23,14
West,Knight Hall,2022-05-23T15:00:00,80.0,30.0,,,169.20999999999998,,,,0.0552,0.0207,41.311922,-105.581147,2022,5,23,15
West,Knight Hall,2022-05-23T16:00:00,40.0,30.0,,,165.63,,,,0.0276,0.0207,41.311922,-105.581147,2022,5,23,16
West,Knight Hall,2022-05-23T17:00:00,60.0,30.0,,,150.45,,,,0.0414,0.0207,41.311922,-105.581147,2022,5,23,17
West,Knight Hall,2022-05-23T18:00:00,30.0,30.0,,,18.72,,,,0.0207,0.0207,41.311922,-105.581147,2022,5,23,18
West,Knight Hall,2022-05-23T19:00:00,40.0,30.0,,,30.14,,,,0.0276,0.0207,41.311922,-105.581147,2022,5,23,19
West,Knight Hall,2022-05-23T20:00:00,30.0,20.0,,,13.15,,,,0.0207,0.0138,41.311922,-105.581147,2022,5,23,20
West,Knight Hall,2022-05-23T21:00:00,30.0,30.0,,,0.47,,,,0.0207,0.0207,41.311922,-105.581147,2022,5,23,21
West,Knight Hall,2022-05-23T22:00:00,30.0,20.0,,,1.06,,,,0.0207,0.0138,41.311922,-105.581147,2022,5,23,22
West,Knight Hall,2022-05-23T23:00:00,40.0,30.0,,,0.91,,,,0.0276,0.0207,41.311922,-105.581147,2022,5,23,23
West,Knight Hall,2022-05-24T00:00:00,20.0,30.0,,,,,,,0.0138,0.0207,41.311922,-105.581147,2022,5,24,0
West,Knight Hall,2022-05-24T01:00:00,30.0,20.0,,,,,,,0.0207,0.0138,41.311922,-105.581147,2022,5,24,1
West,Knight Hall,2022-05-24T02:00:00,30.0,30.0,,,,,,,0.0207,0.0207,41.311922,-105.581147,2022,5,24,2
West,Knight Hall,2022-05-24T03:00:00,30.0,30.0,,,,,,,0.0207,0.0207,41.311922,-105.581147,2022,5,24,3
West,Knight Hall,2022-05-24T04:00:00,30.0,30.0,,,0.86,,,,0.0207,0.0207,41.311922,-105.581147,2022,5,24,4
West,Knight Hall,2022-05-24T05:00:00,40.0,30.0,,,1.5099999999999998,,,,0.0276,0.0207,41.311922,-105.581147,2022,5,24,5
West,Knight Hall,2022-05-24T06:00:00,20.0,30.0,,,11.510000000000002,,,,0.0138,0.0207,41.311922,-105.581147,2022,5,24,6
West,Knight Hall,2022-05-24T07:00:00,70.0,50.0,,,42.93000000000001,,,,0.048299999999999996,0.034499999999999996,41.311922,-105.581147,2022,5,24,7
West,Knight Hall,2022-05-24T08:00:00,50.0,60.0,,,124.06,,,,0.034499999999999996,0.0414,41.311922,-105.581147,2022,5,24,8
West,Knight Hall,2022-05-24T09:00:00,70.0,70.0,,,113.65,,,,0.048299999999999996,0.048299999999999996,41.311922,-105.581147,2022,5,24,9
West,Knight Hall,2022-05-24T10:00:00,70.0,70.0,,,,,,,0.048299999999999996,0.048299999999999996,41.311922,-105.581147,2022,5,24,10
West,Knight Hall,2022-05-24T11:00:00,80.0,70.0,,,,,,,0.0552,0.048299999999999996,41.311922,-105.581147,2022,5,24,11
West,Knight Hall,2022-05-24T12:00:00,50.0,70.0,,,,,,,0.034499999999999996,0.048299999999999996,41.311922,-105.581147,2022,5,24,12
West,Knight Hall,2022-05-24T13:00:00,70.0,70.0,,,88.36,,,,0.048299999999999996,0.048299999999999996,41.311922,-105.581147,2022,5,24,13
West,Knight Hall,2022-05-24T14:00:00,80.0,60.0,,,73.46,,,,0.0552,0.0414,41.311922,-105.581147,2022,5,24,14
West,Knight Hall,2022-05-24T15:00:00,70.0,70.0,,,84.67,,,,0.048299999999999996,0.048299999999999996,41.311922,-105.581147,2022,5,24,15
West,Knight Hall,2022-05-24T16:00:00,60.0,60.0,,,61.36,,,,0.0414,0.0414,41.311922,-105.581147,2022,5,24,16
West,Knight Hall,2022-05-24T17:00:00,50.0,50.0,,,38.27,,,,0.034499999999999996,0.034499999999999996,41.311922,-105.581147,2022,5,24,17
West,Knight Hall,2022-05-24T18:00:00,40.0,40.0,,,11.4,,,,0.0276,0.0276,41.311922,-105.581147,2022,5,24,18
West,Knight Hall,2022-05-24T19:00:00,50.0,30.0,,,62.78999999999999,,,,0.034499999999999996,0.0207,41.311922,-105.581147,2022,5,24,19
West,Knight Hall,2022-05-24T20:00:00,20.0,30.0,,,38.68,,,,0.0138,0.0207,41.311922,-105.581147,2022,5,24,20
West,Knight Hall,2022-05-24T21:00:00,40.0,30.0,,,21.43,,,,0.0276,0.0207,41.311922,-105.581147,2022,5,24,21
West,Knight Hall,2022-05-24T22:00:00,30.0,30.0,,,21.24,,,,0.0207,0.0207,41.311922,-105.581147,2022,5,24,22
West,Knight Hall,2022-05-24T23:00:00,30.0,30.0,,,,,,,0.0207,0.0207,41.311922,-105.581147,2022,5,24,23
West,Knight Hall,2022-05-25T00:00:00,30.0,20.0,,,,,,,0.0207,0.0138,41.311922,-105.581147,2022,5,25,0
West,Knight Hall,2022-05-25T01:00:00,30.0,30.0,,,,,,,0.0207,0.0207,41.311922,-105.581147,2022,5,25,1
West,Knight Hall,2022-05-25T02:00:00,30.0,20.0,,,0.88,,,,0.0207,0.0138,41.311922,-105.581147,2022,5,25,2
West,Knight Hall,2022-05-25T03:00:00,30.0,30.0,,,0.06,,,,0.0207,0.0207,41.311922,-105.581147,2022,5,25,3
West,Knight Hall,2022-05-25T04:00:00,30.0,30.0,,,,,,,0.0207,0.0207,41.311922,-105.581147,2022,5,25,4
West,Knight Hall,2022-05-25T05:00:00,30.0,30.0,,,,,,,0.0207,0.0207,41.311922,-105.581147,2022,5,25,5
West,Knight Hall,2022-05-25T06:00:00,30.0,30.0,,,10.59,,,,0.0207,0.0207,41.311922,-105.581147,2022,5,25,6
West,Knight Hall,2022-05-25T07:00:00,60.0,50.0,,,26.97,,,,0.0414,0.034499999999999996,41.311922,-105.581147,2022,5,25,7
West,Knight Hall,2022-05-25T08:00:00,50.0,70.0,,,124.21,,,,0.034499999999999996,0.048299999999999996,41.311922,-105.581147,2022,5,25,8
West,Knight Hall,2022-05-25T09:00:00,70.0,60.0,,,107.48,,,,0.048299999999999996,0.0414,41.311922,-105.581147,2022,5,25,9
West,Knight Hall,2022-05-25T10:00:00,70.0,60.0,,,95.82,,,,0.048299999999999996,0.0414,41.311922,-105.581147,2022,5,25,10
West,Knight Hall,2022-05-25T11:00:00,70.0,70.0,,,115.24,,,,0.048299999999999996,0.048299999999999996,41.311922,-105.581147,2022,5,25,11
West,Knight Hall,2022-05-25T12:00:00,60.0,60.0,,,72.34,,,,0.0414,0.0414,41.311922,-105.581147,2022,5,25,12
West,Knight Hall,2022-05-25T13:00:00,70.0,70.0,,,83.78999999999999,,,,0.048299999999999996,0.048299999999999996,41.311922,-105.581147,2022,5,25,13
West,Knight Hall,2022-05-25T14:00:00,60.0,60.0,,,101.01,,,,0.0414,0.0414,41.311922,-105.581147,2022,5,25,14
West,Knight Hall,2022-05-25T15:00:00,70.0,70.0,,,96.57,,,,0.048299999999999996,0.048299999999999996,41.311922,-105.581147,2022,5,25,15
West,Knight Hall,2022-05-25T16:00:00,50.0,60.0,,,111.53,,,,0.034499999999999996,0.0414,41.311922,-105.581147,2022,5,25,16
West,Knight Hall,2022-05-25T17:00:00,50.0,40.0,,,68.84,,,,0.034499999999999996,0.0276,41.311922,-105.581147,2022,5,25,17
West,Knight Hall,2022-05-25T18:00:00,30.0,40.0,,,98.17,,,,0.0207,0.0276,41.311922,-105.581147,2022,5,25,18
West,Knight Hall,2022-05-25T19:00:00,40.0,40.0,,,8.91,,,,0.0276,0.0276,41.311922,-105.581147,2022,5,25,19
West,Knight Hall,2022-05-25T20:00:00,30.0,30.0,,,33.53,,,,0.0207,0.0207,41.311922,-105.581147,2022,5,25,20
West,Knight Hall,2022-05-25T21:00:00,30.0,30.0,,,17.490000000000002,,,,0.0207,0.0207,41.311922,-105.581147,2022,5,25,21
West,Knight Hall,2022-05-25T22:00:00,20.0,30.0,,,0.02,,,,0.0138,0.0207,41.311922,-105.581147,2022,5,25,22
West,Knight Hall,2022-05-25T23:00:00,40.0,30.0,,,1.94,,,,0.0276,0.0207,41.311922,-105.581147,2022,5,25,23
West,Knight Hall,2022-05-26T00:00:00,20.0,20.0,,,,,,,0.0138,0.0138,41.311922,-105.581147,2022,5,26,0
West,Knight Hall,2022-05-26T01:00:00,30.0,30.0,,,,,,,0.0207,0.0207,41.311922,-105.581147,2022,5,26,1
West,Knight Hall,2022-05-26T02:00:00,30.0,20.0,,,1.12,,,,0.0207,0.0138,41.311922,-105.581147,2022,5,26,2
West,Knight Hall,2022-05-26T03:00:00,30.0,30.0,,,,,,,0.0207,0.0207,41.311922,-105.581147,2022,5,26,3
West,Knight Hall,2022-05-26T04:00:00,30.0,20.0,,,0.63,,,,0.0207,0.0138,41.311922,-105.581147,2022,5,26,4
West,Knight Hall,2022-05-26T05:00:00,40.0,30.0,,,2.83,,,,0.0276,0.0207,41.311922,-105.581147,2022,5,26,5
West,Knight Hall,2022-05-26T06:00:00,30.0,40.0,,,12.48,,,,0.0207,0.0276,41.311922,-105.581147,2022,5,26,6
West,Knight Hall,2022-05-26T07:00:00,60.0,40.0,,,37.13000000000001,,,,0.0414,0.0276,41.311922,-105.581147,2022,5,26,7
West,Knight Hall,2022-05-26T08:00:00,50.0,60.0,,,119.12,,,,0.034499999999999996,0.0414,41.311922,-105.581147,2022,5,26,8
West,Knight Hall,2022-05-26T09:00:00,80.0,70.0,,,97.65,,,,0.0552,0.048299999999999996,41.311922,-105.581147,2022,5,26,9
West,Knight Hall,2022-05-26T10:00:00,60.0,70.0,,,125.92,,,,0.0414,0.048299999999999996,41.311922,-105.581147,2022,5,26,10
West,Knight Hall,2022-05-26T11:00:00,80.0,70.0,,,148.32,,,,0.0552,0.048299999999999996,41.311922,-105.581147,2022,5,26,11
West,Knight Hall,2022-05-26T12:00:00,50.0,60.0,,,107.27,,,,0.034499999999999996,0.0414,41.311922,-105.581147,2022,5,26,12
West,Knight Hall,2022-05-26T13:00:00,80.0,70.0,,,114.21,,,,0.0552,0.048299999999999996,41.311922,-105.581147,2022,5,26,13
West,Knight Hall,2022-05-26T14:00:00,60.0,70.0,,,104.29,,,,0.0414,0.048299999999999996,41.311922,-105.581147,2022,5,26,14
West,Knight Hall,2022-05-26T15:00:00,80.0,70.0,,,176.48,,,,0.0552,0.048299999999999996,41.311922,-105.581147,2022,5,26,15
West,Knight Hall,2022-05-26T16:00:00,50.0,50.0,,,136.7,,,,0.034499999999999996,0.034499999999999996,41.311922,-105.581147,2022,5,26,16
West,Knight Hall,2022-05-26T17:00:00,50.0,50.0,,,106.98,,,,0.034499999999999996,0.034499999999999996,41.311922,-105.581147,2022,5,26,17
West,Knight Hall,2022-05-26T18:00:00,40.0,40.0,,,27.58,,,,0.0276,0.0276,41.311922,-105.581147,2022,5,26,18
West,Knight Hall,2022-05-26T19:00:00,30.0,30.0,,,15.63,,,,0.0207,0.0207,41.311922,-105.581147,2022,5,26,19
West,Knight Hall,2022-05-26T20:00:00,30.0,30.0,,,1.94,,,,0.0207,0.0207,41.311922,-105.581147,2022,5,26,20
West,Knight Hall,2022-05-26T21:00:00,30.0,30.0,,,3.41,,,,0.0207,0.0207,41.311922,-105.581147,2022,5,26,21
West,Knight Hall,2022-05-26T22:00:00,30.0,30.0,,,11.84,,,,0.0207,0.0207,41.311922,-105.581147,2022,5,26,22
West,Knight Hall,2022-05-26T23:00:00,30.0,30.0,,,,,,,0.0207,0.0207,41.311922,-105.581147,2022,5,26,23
West,Knight Hall,2022-05-27T00:00:00,20.0,20.0,,,1.12,,,,0.0138,0.0138,41.311922,-105.581147,2022,5,27,0
West,Knight Hall,2022-05-27T01:00:00,30.0,30.0,,,,,,,0.0207,0.0207,41.311922,-105.581147,2022,5,27,1
West,Knight Hall,2022-05-27T02:00:00,20.0,20.0,,,,,,,0.0138,0.0138,41.311922,-105.581147,2022,5,27,2
West,Knight Hall,2022-05-27T03:00:00,30.0,30.0,,,1.98,,,,0.0207,0.0207,41.311922,-105.581147,2022,5,27,3
West,Knight Hall,2022-05-27T04:00:00,30.0,30.0,,,0.76,,,,0.0207,0.0207,41.311922,-105.581147,2022,5,27,4
West,Knight Hall,2022-05-27T05:00:00,30.0,30.0,,,0.65,,,,0.0207,0.0207,41.311922,-105.581147,2022,5,27,5
West,Knight Hall,2022-05-27T06:00:00,30.0,30.0,,,2.03,,,,0.0207,0.0207,41.311922,-105.581147,2022,5,27,6
West,Knight Hall,2022-05-27T07:00:00,50.0,50.0,,,47.18000000000001,,,,0.034499999999999996,0.034499999999999996,41.311922,-105.581147,2022,5,27,7
West,Knight Hall,2022-05-27T08:00:00,60.0,60.0,,,73.41,,,,0.0414,0.0414,41.311922,-105.581147,2022,5,27,8
West,Knight Hall,2022-05-27T09:00:00,70.0,70.0,,,129.97,,,,0.048299999999999996,0.048299999999999996,41.311922,-105.581147,2022,5,27,9
West,Knight Hall,2022-05-27T10:00:00,60.0,70.0,,,136.68,,,,0.0414,0.048299999999999996,41.311922,-105.581147,2022,5,27,10
West,Knight Hall,2022-05-27T11:00:00,60.0,70.0,,,66.39000000000001,,,,0.0414,0.048299999999999996,41.311922,-105.581147,2022,5,27,11
West,Knight Hall,2022-05-27T12:00:00,70.0,60.0,,,63.64999999999999,,,,0.048299999999999996,0.0414,41.311922,-105.581147,2022,5,27,12
West,Knight Hall,2022-05-27T13:00:00,80.0,70.0,,,70.28999999999999,,,,0.0552,0.048299999999999996,41.311922,-105.581147,2022,5,27,13
West,Knight Hall,2022-05-27T14:00:00,50.0,60.0,,,72.59,,,,0.034499999999999996,0.0414,41.311922,-105.581147,2022,5,27,14
West,Knight Hall,2022-05-27T15:00:00,80.0,70.0,,,44.76,,,,0.0552,0.048299999999999996,41.311922,-105.581147,2022,5,27,15
West,Knight Hall,2022-05-27T16:00:00,40.0,60.0,,,29.110000000000003,,,,0.0276,0.0414,41.311922,-105.581147,2022,5,27,16
West,Knight Hall,2022-05-27T17:00:00,50.0,50.0,,,30.03,,,,0.034499999999999996,0.034499999999999996,41.311922,-105.581147,2022,5,27,17
West,Knight Hall,2022-05-27T18:00:00,40.0,40.0,,,22.6,,,,0.0276,0.0276,41.311922,-105.581147,2022,5,27,18
West,Knight Hall,2022-05-27T19:00:00,30.0,30.0,,,23.930000000000003,,,,0.0207,0.0207,41.311922,-105.581147,2022,5,27,19
West,Knight Hall,2022-05-27T20:00:00,30.0,30.0,,,45.67,,,,0.0207,0.0207,41.311922,-105.581147,2022,5,27,20
West,Knight Hall,2022-05-27T21:00:00,30.0,30.0,,,3.26,,,,0.0207,0.0207,41.311922,-105.581147,2022,5,27,21
West,Knight Hall,2022-05-27T22:00:00,20.0,30.0,,,0.95,,,,0.0138,0.0207,41.311922,-105.581147,2022,5,27,22
West,Knight Hall,2022-05-27T23:00:00,30.0,30.0,,,,,,,0.0207,0.0207,41.311922,-105.581147,2022,5,27,23
West,Knight Hall,2022-05-28T00:00:00,20.0,20.0,,,,,,,0.0138,0.0138,41.311922,-105.581147,2022,5,28,0
West,Knight Hall,2022-05-28T01:00:00,30.0,20.0,,,0.8999999999999999,,,,0.0207,0.0138,41.311922,-105.581147,2022,5,28,1
West,Knight Hall,2022-05-28T02:00:00,30.0,30.0,,,,,,,0.0207,0.0207,41.311922,-105.581147,2022,5,28,2
West,Knight Hall,2022-05-28T03:00:00,30.0,20.0,,,,,,,0.0207,0.0138,41.311922,-105.581147,2022,5,28,3
West,Knight Hall,2022-05-28T04:00:00,20.0,30.0,,,,,,,0.0138,0.0207,41.311922,-105.581147,2022,5,28,4
West,Knight Hall,2022-05-28T05:00:00,30.0,30.0,,,,,,,0.0207,0.0207,41.311922,-105.581147,2022,5,28,5
West,Knight Hall,2022-05-28T06:00:00,20.0,40.0,,,,,,,0.0138,0.0276,41.311922,-105.581147,2022,5,28,6
West,Knight Hall,2022-05-28T07:00:00,30.0,40.0,,,2.59,,,,0.0207,0.0276,41.311922,-105.581147,2022,5,28,7
West,Knight Hall,2022-05-28T08:00:00,30.0,60.0,,,4.42,,,,0.0207,0.0414,41.311922,-105.581147,2022,5,28,8
West,Knight Hall,2022-05-28T09:00:00,30.0,60.0,,,3.1000000000000005,,,,0.0207,0.0414,41.311922,-105.581147,2022,5,28,9
West,Knight Hall,2022-05-28T10:00:00,30.0,60.0,,,1.85,,,,0.0207,0.0414,41.311922,-105.581147,2022,5,28,10
West,Knight Hall,2022-05-28T11:00:00,40.0,70.0,,,1.7,,,,0.0276,0.048299999999999996,41.311922,-105.581147,2022,5,28,11
West,Knight Hall,2022-05-28T12:00:00,30.0,60.0,,,0.71,,,,0.0207,0.0414,41.311922,-105.581147,2022,5,28,12
West,Knight Hall,2022-05-28T13:00:00,30.0,50.0,,,0.88,,,,0.0207,0.034499999999999996,41.311922,-105.581147,2022,5,28,13
West,Knight Hall,2022-05-28T14:00:00,30.0,60.0,,,0.04,,,,0.0207,0.0414,41.311922,-105.581147,2022,5,28,14
West,Knight Hall,2022-05-28T15:00:00,40.0,60.0,,,0.99,,,,0.0276,0.0414,41.311922,-105.581147,2022,5,28,15
West,Knight Hall,2022-05-28T16:00:00,20.0,50.0,,,0.06,,,,0.0138,0.034499999999999996,41.311922,-105.581147,2022,5,28,16
West,Knight Hall,2022-05-28T17:00:00,30.0,40.0,,,0.15,,,,0.0207,0.0276,41.311922,-105.581147,2022,5,28,17
West,Knight Hall,2022-05-28T18:00:00,20.0,30.0,,,0.09,,,,0.0138,0.0207,41.311922,-105.581147,2022,5,28,18
West,Knight Hall,2022-05-28T19:00:00,30.0,30.0,,,0.06,,,,0.0207,0.0207,41.311922,-105.581147,2022,5,28,19
West,Knight Hall,2022-05-28T20:00:00,20.0,30.0,,,0.39,,,,0.0138,0.0207,41.311922,-105.581147,2022,5,28,20
West,Knight Hall,2022-05-28T21:00:00,30.0,30.0,,,,,,,0.0207,0.0207,41.311922,-105.581147,2022,5,28,21
West,Knight Hall,2022-05-28T22:00:00,20.0,30.0,,,,,,,0.0138,0.0207,41.311922,-105.581147,2022,5,28,22
West,Knight Hall,2022-05-28T23:00:00,30.0,20.0,,,,,,,0.0207,0.0138,41.311922,-105.581147,2022,5,28,23
West,Knight Hall,2022-05-29T00:00:00,20.0,30.0,,,,,,,0.0138,0.0207,41.311922,-105.581147,2022,5,29,0
West,Knight Hall,2022-05-29T01:00:00,30.0,20.0,,,,,,,0.0207,0.0138,41.311922,-105.581147,2022,5,29,1
West,Knight Hall,2022-05-29T02:00:00,20.0,30.0,,,0.91,,,,0.0138,0.0207,41.311922,-105.581147,2022,5,29,2
West,Knight Hall,2022-05-29T03:00:00,30.0,20.0,,,,,,,0.0207,0.0138,41.311922,-105.581147,2022,5,29,3
West,Knight Hall,2022-05-29T04:00:00,30.0,30.0,,,,,,,0.0207,0.0207,41.311922,-105.581147,2022,5,29,4
West,Knight Hall,2022-05-29T05:00:00,30.0,30.0,,,,,,,0.0207,0.0207,41.311922,-105.581147,2022,5,29,5
West,Knight Hall,2022-05-29T06:00:00,20.0,20.0,,,,,,,0.0138,0.0138,41.311922,-105.581147,2022,5,29,6
West,Knight Hall,2022-05-29T07:00:00,30.0,30.0,,,0.75,,,,0.0207,0.0207,41.311922,-105.581147,2022,5,29,7
West,Knight Hall,2022-05-29T08:00:00,20.0,30.0,,,,,,,0.0138,0.0207,41.311922,-105.581147,2022,5,29,8
West,Knight Hall,2022-05-29T09:00:00,30.0,30.0,,,,,,,0.0207,0.0207,41.311922,-105.581147,2022,5,29,9
West,Knight Hall,2022-05-29T10:00:00,30.0,30.0,,,,,,,0.0207,0.0207,41.311922,-105.581147,2022,5,29,10
West,Knight Hall,2022-05-29T11:00:00,30.0,30.0,,,,,,,0.0207,0.0207,41.311922,-105.581147,2022,5,29,11
West,Knight Hall,2022-05-29T12:00:00,30.0,30.0,,,0.09,,,,0.0207,0.0207,41.311922,-105.581147,2022,5,29,12
West,Knight Hall,2022-05-29T13:00:00,30.0,30.0,,,0.02,,,,0.0207,0.0207,41.311922,-105.581147,2022,5,29,13
West,Knight Hall,2022-05-29T14:00:00,30.0,30.0,,,0.13,,,,0.0207,0.0207,41.311922,-105.581147,2022,5,29,14
West,Knight Hall,2022-05-29T15:00:00,20.0,30.0,,,,,,,0.0138,0.0207,41.311922,-105.581147,2022,5,29,15
West,Knight Hall,2022-05-29T16:00:00,30.0,20.0,,,,,,,0.0207,0.0138,41.311922,-105.581147,2022,5,29,16
West,Knight Hall,2022-05-29T17:00:00,30.0,30.0,,,0.09,,,,0.0207,0.0207,41.311922,-105.581147,2022,5,29,17
West,Knight Hall,2022-05-29T18:00:00,20.0,20.0,,,,,,,0.0138,0.0138,41.311922,-105.581147,2022,5,29,18
West,Knight Hall,2022-05-29T19:00:00,30.0,30.0,,,4.21,,,,0.0207,0.0207,41.311922,-105.581147,2022,5,29,19
West,Knight Hall,2022-05-29T20:00:00,20.0,30.0,,,0.04,,,,0.0138,0.0207,41.311922,-105.581147,2022,5,29,20
West,Knight Hall,2022-05-29T21:00:00,40.0,20.0,,,3.66,,,,0.0276,0.0138,41.311922,-105.581147,2022,5,29,21
West,Knight Hall,2022-05-29T22:00:00,20.0,30.0,,,,,,,0.0138,0.0207,41.311922,-105.581147,2022,5,29,22
West,Knight Hall,2022-05-29T23:00:00,30.0,20.0,,,,,,,0.0207,0.0138,41.311922,-105.581147,2022,5,29,23
West,Knight Hall,2022-05-30T00:00:00,20.0,30.0,,,0.02,,,,0.0138,0.0207,41.311922,-105.581147,2022,5,30,0
West,Knight Hall,2022-05-30T01:00:00,40.0,20.0,,,,,,,0.0276,0.0138,41.311922,-105.581147,2022,5,30,1
West,Knight Hall,2022-05-30T02:00:00,20.0,30.0,,,,,,,0.0138,0.0207,41.311922,-105.581147,2022,5,30,2
West,Knight Hall,2022-05-30T03:00:00,40.0,20.0,,,,,,,0.0276,0.0138,41.311922,-105.581147,2022,5,30,3
West,Knight Hall,2022-05-30T04:00:00,20.0,30.0,,,,,,,0.0138,0.0207,41.311922,-105.581147,2022,5,30,4
West,Knight Hall,2022-05-30T05:00:00,40.0,30.0,,,,,,,0.0276,0.0207,41.311922,-105.581147,2022,5,30,5
West,Knight Hall,2022-05-30T06:00:00,20.0,20.0,,,0.07,,,,0.0138,0.0138,41.311922,-105.581147,2022,5,30,6
West,Knight Hall,2022-05-30T07:00:00,40.0,30.0,,,,,,,0.0276,0.0207,41.311922,-105.581147,2022,5,30,7
West,Knight Hall,2022-05-30T08:00:00,30.0,30.0,,,0.84,,,,0.0207,0.0207,41.311922,-105.581147,2022,5,30,8
West,Knight Hall,2022-05-30T09:00:00,40.0,30.0,,,0.84,,,,0.0276,0.0207,41.311922,-105.581147,2022,5,30,9
West,Knight Hall,2022-05-30T10:00:00,30.0,30.0,,,0.0699999999999999,,,,0.0207,0.0207,41.311922,-105.581147,2022,5,30,10
West,Knight Hall,2022-05-30T11:00:00,30.0,30.0,,,,,,,0.0207,0.0207,41.311922,-105.581147,2022,5,30,11
West,Knight Hall,2022-05-30T12:00:00,30.0,30.0,,,0.8600000000000001,,,,0.0207,0.0207,41.311922,-105.581147,2022,5,30,12
West,Knight Hall,2022-05-30T13:00:00,30.0,30.0,,,0.17,,,,0.0207,0.0207,41.311922,-105.581147,2022,5,30,13
West,Knight Hall,2022-05-30T14:00:00,30.0,30.0,,,1.08,,,,0.0207,0.0207,41.311922,-105.581147,2022,5,30,14
West,Knight Hall,2022-05-30T15:00:00,30.0,30.0,,,1.17,,,,0.0207,0.0207,41.311922,-105.581147,2022,5,30,15
West,Knight Hall,2022-05-30T16:00:00,30.0,20.0,,,0.15,,,,0.0207,0.0138,41.311922,-105.581147,2022,5,30,16
West,Knight Hall,2022-05-30T17:00:00,30.0,30.0,,,0.07,,,,0.0207,0.0207,41.311922,-105.581147,2022,5,30,17
West,Knight Hall,2022-05-30T18:00:00,30.0,20.0,,,4.44,,,,0.0207,0.0138,41.311922,-105.581147,2022,5,30,18
West,Knight Hall,2022-05-30T19:00:00,30.0,30.0,,,0.04,,,,0.0207,0.0207,41.311922,-105.581147,2022,5,30,19
West,Knight Hall,2022-05-30T20:00:00,20.0,30.0,,,3.1100000000000003,,,,0.0138,0.0207,41.311922,-105.581147,2022,5,30,20
West,Knight Hall,2022-05-30T21:00:00,30.0,20.0,,,,,,,0.0207,0.0138,41.311922,-105.581147,2022,5,30,21
West,Knight Hall,2022-05-30T22:00:00,30.0,30.0,,,,,,,0.0207,0.0207,41.311922,-105.581147,2022,5,30,22
West,Knight Hall,2022-05-30T23:00:00,30.0,30.0,,,,,,,0.0207,0.0207,41.311922,-105.581147,2022,5,30,23
West,Knight Hall,2022-05-31T00:00:00,20.0,30.0,,,,,,,0.0138,0.0207,41.311922,-105.581147,2022,5,31,0
West,Knight Hall,2022-05-31T01:00:00,40.0,20.0,,,,,,,0.0276,0.0138,41.311922,-105.581147,2022,5,31,1
West,Knight Hall,2022-05-31T02:00:00,20.0,30.0,,,,,,,0.0138,0.0207,41.311922,-105.581147,2022,5,31,2
West,Knight Hall,2022-05-31T03:00:00,40.0,30.0,,,,,,,0.0276,0.0207,41.311922,-105.581147,2022,5,31,3
West,Knight Hall,2022-05-31T04:00:00,20.0,30.0,,,,,,,0.0138,0.0207,41.311922,-105.581147,2022,5,31,4
West,Knight Hall,2022-05-31T05:00:00,40.0,30.0,,,0.86,,,,0.0276,0.0207,41.311922,-105.581147,2022,5,31,5
West,Knight Hall,2022-05-31T06:00:00,30.0,30.0,,,8.65,,,,0.0207,0.0207,41.311922,-105.581147,2022,5,31,6
West,Knight Hall,2022-05-31T07:00:00,60.0,30.0,,,33.230000000000004,,,,0.0414,0.0207,41.311922,-105.581147,2022,5,31,7
West,Knight Hall,2022-05-31T08:00:00,50.0,40.0,,,150.78,,,,0.034499999999999996,0.0276,41.311922,-105.581147,2022,5,31,8
West,Knight Hall,2022-05-31T09:00:00,80.0,30.0,,,115.18,,,,0.0552,0.0207,41.311922,-105.581147,2022,5,31,9
West,Knight Hall,2022-05-31T10:00:00,60.0,30.0,,,198.83,,,,0.0414,0.0207,41.311922,-105.581147,2022,5,31,10
West,Knight Hall,2022-05-31T11:00:00,70.0,30.0,,,112.37,,,,0.048299999999999996,0.0207,41.311922,-105.581147,2022,5,31,11
West,Knight Hall,2022-05-31T12:00:00,60.0,30.0,,,93.88,,,,0.0414,0.0207,41.311922,-105.581147,2022,5,31,12
West,Knight Hall,2022-05-31T13:00:00,80.0,30.0,,,77.04,,,,0.0552,0.0207,41.311922,-105.581147,2022,5,31,13
West,Knight Hall,2022-05-31T14:00:00,50.0,30.0,,,66.02,,,,0.034499999999999996,0.0207,41.311922,-105.581147,2022,5,31,14
West,Knight Hall,2022-05-31T15:00:00,80.0,30.0,,,134.52,,,,0.0552,0.0207,41.311922,-105.581147,2022,5,31,15
West,Knight Hall,2022-05-31T16:00:00,50.0,30.0,,,71.62,,,,0.034499999999999996,0.0207,41.311922,-105.581147,2022,5,31,16
West,Knight Hall,2022-05-31T17:00:00,60.0,30.0,,,40.21,,,,0.0414,0.0207,41.311922,-105.581147,2022,5,31,17
West,Knight Hall,2022-05-31T18:00:00,30.0,30.0,,,36.39,,,,0.0207,0.0207,41.311922,-105.581147,2022,5,31,18
West,Knight Hall,2022-05-31T19:00:00,40.0,20.0,,,18.15,,,,0.0276,0.0138,41.311922,-105.581147,2022,5,31,19
West,Knight Hall,2022-05-31T20:00:00,30.0,30.0,,,38.49,,,,0.0207,0.0207,41.311922,-105.581147,2022,5,31,20
West,Knight Hall,2022-05-31T21:00:00,40.0,20.0,,,9.4,,,,0.0276,0.0138,41.311922,-105.581147,2022,5,31,21
West,Knight Hall,2022-05-31T22:00:00,20.0,30.0,,,6.430000000000001,,,,0.0138,0.0207,41.311922,-105.581147,2022,5,31,22
West,Knight Hall,2022-05-31T23:00:00,30.0,30.0,,,1.5300000000000002,,,,0.0207,0.0207,41.311922,-105.581147,2022,5,31,23
West,Knight Hall,2022-06-01T00:00:00,30.0,20.0,,,1.5100000000000002,,,,0.0207,0.0138,41.311922,-105.581147,2022,6,1,0
West,Knight Hall,2022-06-01T01:00:00,30.0,30.0,,,0.75,,,,0.0207,0.0207,41.311922,-105.581147,2022,6,1,1
West,Knight Hall,2022-06-01T02:00:00,30.0,30.0,,,2.37,,,,0.0207,0.0207,41.311922,-105.581147,2022,6,1,2
West,Knight Hall,2022-06-01T03:00:00,30.0,30.0,,,1.5299999999999998,,,,0.0207,0.0207,41.311922,-105.581147,2022,6,1,3
West,Knight Hall,2022-06-01T04:00:00,30.0,30.0,,,0.75,,,,0.0207,0.0207,41.311922,-105.581147,2022,6,1,4
West,Knight Hall,2022-06-01T05:00:00,40.0,30.0,,,1.4900000000000002,,,,0.0276,0.0207,41.311922,-105.581147,2022,6,1,5
West,Knight Hall,2022-06-01T06:00:00,30.0,30.0,,,5.48,,,,0.0207,0.0207,41.311922,-105.581147,2022,6,1,6
West,Knight Hall,2022-06-01T07:00:00,60.0,50.0,,,29.34,,,,0.0414,0.034499999999999996,41.311922,-105.581147,2022,6,1,7
West,Knight Hall,2022-06-01T08:00:00,50.0,70.0,,,100.13,,,,0.034499999999999996,0.048299999999999996,41.311922,-105.581147,2022,6,1,8
West,Knight Hall,2022-06-01T09:00:00,,70.0,,,114.93999999999998,,,,,0.048299999999999996,41.311922,-105.581147,2022,6,1,9
West,Knight Hall,2022-06-01T10:00:00,50.0,70.0,,,133.83,,,,0.034499999999999996,0.048299999999999996,41.311922,-105.581147,2022,6,1,10
West,Knight Hall,2022-06-01T11:00:00,80.0,70.0,,,,,,,0.0552,0.048299999999999996,41.311922,-105.581147,2022,6,1,11
West,Knight Hall,2022-06-01T12:00:00,60.0,60.0,,,151.20999999999998,,,,0.0414,0.0414,41.311922,-105.581147,2022,6,1,12
West,Knight Hall,2022-06-01T13:00:00,80.0,70.0,,,116.96999999999998,,,,0.0552,0.048299999999999996,41.311922,-105.581147,2022,6,1,13
West,Knight Hall,2022-06-01T14:00:00,50.0,70.0,,,122.36,,,,0.034499999999999996,0.048299999999999996,41.311922,-105.581147,2022,6,1,14
West,Knight Hall,2022-06-01T15:00:00,80.0,70.0,,,72.32,,,,0.0552,0.048299999999999996,41.311922,-105.581147,2022,6,1,15
West,Knight Hall,2022-06-01T16:00:00,50.0,60.0,,,65.05000000000001,,,,0.034499999999999996,0.0414,41.311922,-105.581147,2022,6,1,16
West,Knight Hall,2022-06-01T17:00:00,50.0,40.0,,,27.01,,,,0.034499999999999996,0.0276,41.311922,-105.581147,2022,6,1,17
West,Knight Hall,2022-06-01T18:00:00,30.0,40.0,,,46.98,,,,0.0207,0.0276,41.311922,-105.581147,2022,6,1,18
West,Knight Hall,2022-06-01T19:00:00,40.0,40.0,,,1.6,,,,0.0276,0.0276,41.311922,-105.581147,2022,6,1,19
West,Knight Hall,2022-06-01T20:00:00,30.0,30.0,,,22.590000000000003,,,,0.0207,0.0207,41.311922,-105.581147,2022,6,1,20
West,Knight Hall,2022-06-01T21:00:00,30.0,30.0,,,15.16,,,,0.0207,0.0207,41.311922,-105.581147,2022,6,1,21
West,Knight Hall,2022-06-01T22:00:00,30.0,20.0,,,46.38,,,,0.0207,0.0138,41.311922,-105.581147,2022,6,1,22
West,Knight Hall,2022-06-01T23:00:00,40.0,30.0,,,,,,,0.0276,0.0207,41.311922,-105.581147,2022,6,1,23
West,Knight Hall,2022-06-02T00:00:00,20.0,30.0,,,,,,,0.0138,0.0207,41.311922,-105.581147,2022,6,2,0
West,Knight Hall,2022-06-02T01:00:00,30.0,20.0,,,,,,,0.0207,0.0138,41.311922,-105.581147,2022,6,2,1
West,Knight Hall,2022-06-02T02:00:00,30.0,30.0,,,,,,,0.0207,0.0207,41.311922,-105.581147,2022,6,2,2
West,Knight Hall,2022-06-02T03:00:00,30.0,30.0,,,0.02,,,,0.0207,0.0207,41.311922,-105.581147,2022,6,2,3
West,Knight Hall,2022-06-02T04:00:00,30.0,30.0,,,0.86,,,,0.0207,0.0207,41.311922,-105.581147,2022,6,2,4
West,Knight Hall,2022-06-02T05:00:00,30.0,30.0,,,,,,,0.0207,0.0207,41.311922,-105.581147,2022,6,2,5
West,Knight Hall,2022-06-02T06:00:00,30.0,30.0,,,11.79,,,,0.0207,0.0207,41.311922,-105.581147,2022,6,2,6
West,Knight Hall,2022-06-02T07:00:00,60.0,50.0,,,33.96,,,,0.0414,0.034499999999999996,41.311922,-105.581147,2022,6,2,7
West,Knight Hall,2022-06-02T08:00:00,50.0,60.0,,,80.38,,,,0.034499999999999996,0.0414,41.311922,-105.581147,2022,6,2,8
West,Knight Hall,2022-06-02T09:00:00,80.0,70.0,,,116.52,,,,0.0552,0.048299999999999996,41.311922,-105.581147,2022,6,2,9
West,Knight Hall,2022-06-02T10:00:00,60.0,70.0,,,,,,,0.0414,0.048299999999999996,41.311922,-105.581147,2022,6,2,10
West,Knight Hall,2022-06-02T11:00:00,70.0,60.0,,,,,,,0.048299999999999996,0.0414,41.311922,-105.581147,2022,6,2,11
West,Knight Hall,2022-06-02T12:00:00,60.0,70.0,,,,,,,0.0414,0.048299999999999996,41.311922,-105.581147,2022,6,2,12
West,Knight Hall,2022-06-02T13:00:00,80.0,60.0,,,198.45,,,,0.0552,0.0414,41.311922,-105.581147,2022,6,2,13
West,Knight Hall,2022-06-02T14:00:00,60.0,70.0,,,97.15,,,,0.0414,0.048299999999999996,41.311922,-105.581147,2022,6,2,14
West,Knight Hall,2022-06-02T15:00:00,80.0,60.0,,,93.96,,,,0.0552,0.0414,41.311922,-105.581147,2022,6,2,15
West,Knight Hall,2022-06-02T16:00:00,50.0,60.0,,,71.92999999999999,,,,0.034499999999999996,0.0414,41.311922,-105.581147,2022,6,2,16
West,Knight Hall,2022-06-02T17:00:00,50.0,40.0,,,44.57,,,,0.034499999999999996,0.0276,41.311922,-105.581147,2022,6,2,17
West,Knight Hall,2022-06-02T18:00:00,40.0,40.0,,,4.83,,,,0.0276,0.0276,41.311922,-105.581147,2022,6,2,18
West,Knight Hall,2022-06-02T19:00:00,40.0,30.0,,,10.260000000000002,,,,0.0276,0.0207,41.311922,-105.581147,2022,6,2,19
West,Knight Hall,2022-06-02T20:00:00,20.0,30.0,,,20.01,,,,0.0138,0.0207,41.311922,-105.581147,2022,6,2,20
West,Knight Hall,2022-06-02T21:00:00,40.0,30.0,,,63.22,,,,0.0276,0.0207,41.311922,-105.581147,2022,6,2,21
West,Knight Hall,2022-06-02T22:00:00,20.0,30.0,,,0.39,,,,0.0138,0.0207,41.311922,-105.581147,2022,6,2,22
West,Knight Hall,2022-06-02T23:00:00,30.0,20.0,,,0.65,,,,0.0207,0.0138,41.311922,-105.581147,2022,6,2,23
West,Knight Hall,2022-06-03T00:00:00,20.0,30.0,,,2.85,,,,0.0138,0.0207,41.311922,-105.581147,2022,6,3,0
West,Knight Hall,2022-06-03T01:00:00,40.0,20.0,,,0.6,,,,0.0276,0.0138,41.311922,-105.581147,2022,6,3,1
West,Knight Hall,2022-06-03T02:00:00,20.0,30.0,,,2.13,,,,0.0138,0.0207,41.311922,-105.581147,2022,6,3,2
West,Knight Hall,2022-06-03T03:00:00,30.0,20.0,,,2.44,,,,0.0207,0.0138,41.311922,-105.581147,2022,6,3,3
West,Knight Hall,2022-06-03T04:00:00,20.0,30.0,,,0.52,,,,0.0138,0.0207,41.311922,-105.581147,2022,6,3,4
West,Knight Hall,2022-06-03T05:00:00,30.0,30.0,,,0.04,,,,0.0207,0.0207,41.311922,-105.581147,2022,6,3,5
West,Knight Hall,2022-06-03T06:00:00,30.0,40.0,,,10.09,,,,0.0207,0.0276,41.311922,-105.581147,2022,6,3,6
West,Knight Hall,2022-06-03T07:00:00,60.0,40.0,,,40.51,,,,0.0414,0.0276,41.311922,-105.581147,2022,6,3,7
West,Knight Hall,2022-06-03T08:00:00,60.0,70.0,,,71.35,,,,0.0414,0.048299999999999996,41.311922,-105.581147,2022,6,3,8
West,Knight Hall,2022-06-03T09:00:00,70.0,70.0,,,156.12,,,,0.048299999999999996,0.048299999999999996,41.311922,-105.581147,2022,6,3,9
West,Knight Hall,2022-06-03T10:00:00,70.0,70.0,,,146.03,,,,0.048299999999999996,0.048299999999999996,41.311922,-105.581147,2022,6,3,10
West,Knight Hall,2022-06-03T11:00:00,80.0,60.0,,,181.44,,,,0.0552,0.0414,41.311922,-105.581147,2022,6,3,11
West,Knight Hall,2022-06-03T12:00:00,60.0,70.0,,,105.6,,,,0.0414,0.048299999999999996,41.311922,-105.581147,2022,6,3,12
West,Knight Hall,2022-06-03T13:00:00,80.0,70.0,,,,,,,0.0552,0.048299999999999996,41.311922,-105.581147,2022,6,3,13
West,Knight Hall,2022-06-03T14:00:00,60.0,60.0,,,67.27,,,,0.0414,0.0414,41.311922,-105.581147,2022,6,3,14
West,Knight Hall,2022-06-03T15:00:00,80.0,70.0,,,77.04,,,,0.0552,0.048299999999999996,41.311922,-105.581147,2022,6,3,15
West,Knight Hall,2022-06-03T16:00:00,40.0,60.0,,,28.74,,,,0.0276,0.0414,41.311922,-105.581147,2022,6,3,16
West,Knight Hall,2022-06-03T17:00:00,60.0,40.0,,,29.58,,,,0.0414,0.0276,41.311922,-105.581147,2022,6,3,17
West,Knight Hall,2022-06-03T18:00:00,30.0,40.0,,,57.96,,,,0.0207,0.0276,41.311922,-105.581147,2022,6,3,18
West,Knight Hall,2022-06-03T19:00:00,40.0,40.0,,,13.67,,,,0.0276,0.0276,41.311922,-105.581147,2022,6,3,19
West,Knight Hall,2022-06-03T20:00:00,20.0,30.0,,,53.94,,,,0.0138,0.0207,41.311922,-105.581147,2022,6,3,20
West,Knight Hall,2022-06-03T21:00:00,40.0,30.0,,,0.78,,,,0.0276,0.0207,41.311922,-105.581147,2022,6,3,21
West,Knight Hall,2022-06-03T22:00:00,20.0,30.0,,,7.939999999999999,,,,0.0138,0.0207,41.311922,-105.581147,2022,6,3,22
West,Knight Hall,2022-06-03T23:00:00,20.0,20.0,,,,,,,0.0138,0.0138,41.311922,-105.581147,2022,6,3,23
West,Knight Hall,2022-06-04T00:00:00,30.0,30.0,,,,,,,0.0207,0.0207,41.311922,-105.581147,2022,6,4,0
West,Knight Hall,2022-06-04T01:00:00,30.0,20.0,,,,,,,0.0207,0.0138,41.311922,-105.581147,2022,6,4,1
West,Knight Hall,2022-06-04T02:00:00,20.0,30.0,,,,,,,0.0138,0.0207,41.311922,-105.581147,2022,6,4,2
West,Knight Hall,2022-06-04T03:00:00,30.0,30.0,,,,,,,0.0207,0.0207,41.311922,-105.581147,2022,6,4,3
West,Knight Hall,2022-06-04T04:00:00,20.0,20.0,,,,,,,0.0138,0.0138,41.311922,-105.581147,2022,6,4,4
West,Knight Hall,2022-06-04T05:00:00,30.0,30.0,,,,,,,0.0207,0.0207,41.311922,-105.581147,2022,6,4,5
West,Knight Hall,2022-06-04T06:00:00,30.0,30.0,,,,,,,0.0207,0.0207,41.311922,-105.581147,2022,6,4,6
West,Knight Hall,2022-06-04T07:00:00,30.0,50.0,,,,,,,0.0207,0.034499999999999996,41.311922,-105.581147,2022,6,4,7
West,Knight Hall,2022-06-04T08:00:00,20.0,60.0,,,,,,,0.0138,0.0414,41.311922,-105.581147,2022,6,4,8
West,Knight Hall,2022-06-04T09:00:00,30.0,70.0,,,,,,,0.0207,0.048299999999999996,41.311922,-105.581147,2022,6,4,9
West,Knight Hall,2022-06-04T10:00:00,30.0,70.0,,,,,,,0.0207,0.048299999999999996,41.311922,-105.581147,2022,6,4,10
West,Knight Hall,2022-06-04T11:00:00,40.0,70.0,,,,,,,0.0276,0.048299999999999996,41.311922,-105.581147,2022,6,4,11
West,Knight Hall,2022-06-04T12:00:00,20.0,60.0,,,,,,,0.0138,0.0414,41.311922,-105.581147,2022,6,4,12
West,Knight Hall,2022-06-04T13:00:00,30.0,70.0,,,,,,,0.0207,0.048299999999999996,41.311922,-105.581147,2022,6,4,13
West,Knight Hall,2022-06-04T14:00:00,40.0,60.0,,,,,,,0.0276,0.0414,41.311922,-105.581147,2022,6,4,14
West,Knight Hall,2022-06-04T15:00:00,30.0,70.0,,,,,,,0.0207,0.048299999999999996,41.311922,-105.581147,2022,6,4,15
West,Knight Hall,2022-06-04T16:00:00,20.0,50.0,,,,,,,0.0138,0.034499999999999996,41.311922,-105.581147,2022,6,4,16
West,Knight Hall,2022-06-04T17:00:00,30.0,50.0,,,,,,,0.0207,0.034499999999999996,41.311922,-105.581147,2022,6,4,17
West,Knight Hall,2022-06-04T18:00:00,30.0,40.0,,,,,,,0.0207,0.0276,41.311922,-105.581147,2022,6,4,18
West,Knight Hall,2022-06-04T19:00:00,30.0,30.0,,,,,,,0.0207,0.0207,41.311922,-105.581147,2022,6,4,19
West,Knight Hall,2022-06-04T20:00:00,20.0,30.0,,,,,,,0.0138,0.0207,41.311922,-105.581147,2022,6,4,20
West,Knight Hall,2022-06-04T21:00:00,30.0,30.0,,,,,,,0.0207,0.0207,41.311922,-105.581147,2022,6,4,21
West,Knight Hall,2022-06-04T22:00:00,20.0,30.0,,,,,,,0.0138,0.0207,41.311922,-105.581147,2022,6,4,22
West,Knight Hall,2022-06-04T23:00:00,20.0,20.0,,,,,,,0.0138,0.0138,41.311922,-105.581147,2022,6,4,23
West,Knight Hall,2022-06-05T00:00:00,30.0,30.0,,,,,,,0.0207,0.0207,41.311922,-105.581147,2022,6,5,0
West,Knight Hall,2022-06-05T01:00:00,20.0,20.0,,,,,,,0.0138,0.0138,41.311922,-105.581147,2022,6,5,1
West,Knight Hall,2022-06-05T02:00:00,30.0,30.0,,,,,,,0.0207,0.0207,41.311922,-105.581147,2022,6,5,2
West,Knight Hall,2022-06-05T03:00:00,30.0,20.0,,,,,,,0.0207,0.0138,41.311922,-105.581147,2022,6,5,3
West,Knight Hall,2022-06-05T04:00:00,20.0,30.0,,,,,,,0.0138,0.0207,41.311922,-105.581147,2022,6,5,4
West,Knight Hall,2022-06-05T05:00:00,30.0,20.0,,,,,,,0.0207,0.0138,41.311922,-105.581147,2022,6,5,5
West,Knight Hall,2022-06-05T06:00:00,30.0,30.0,,,,,,,0.0207,0.0207,41.311922,-105.581147,2022,6,5,6
West,Knight Hall,2022-06-05T07:00:00,30.0,20.0,,,1.64,,,,0.0207,0.0138,41.311922,-105.581147,2022,6,5,7
West,Knight Hall,2022-06-05T08:00:00,20.0,30.0,,,0.75,,,,0.0138,0.0207,41.311922,-105.581147,2022,6,5,8
West,Knight Hall,2022-06-05T09:00:00,40.0,40.0,,,,,,,0.0276,0.0276,41.311922,-105.581147,2022,6,5,9
West,Knight Hall,2022-06-05T10:00:00,20.0,30.0,,,0.02,,,,0.0138,0.0207,41.311922,-105.581147,2022,6,5,10
West,Knight Hall,2022-06-05T11:00:00,40.0,30.0,,,,,,,0.0276,0.0207,41.311922,-105.581147,2022,6,5,11
West,Knight Hall,2022-06-05T12:00:00,20.0,30.0,,,2.18,,,,0.0138,0.0207,41.311922,-105.581147,2022,6,5,12
West,Knight Hall,2022-06-05T13:00:00,40.0,30.0,,,8.84,,,,0.0276,0.0207,41.311922,-105.581147,2022,6,5,13
West,Knight Hall,2022-06-05T14:00:00,30.0,40.0,,,0.19,,,,0.0207,0.0276,41.311922,-105.581147,2022,6,5,14
West,Knight Hall,2022-06-05T15:00:00,30.0,30.0,,,0.07,,,,0.0207,0.0207,41.311922,-105.581147,2022,6,5,15
West,Knight Hall,2022-06-05T16:00:00,30.0,20.0,,,1.4500000000000002,,,,0.0207,0.0138,41.311922,-105.581147,2022,6,5,16
West,Knight Hall,2022-06-05T17:00:00,30.0,30.0,,,0.06,,,,0.0207,0.0207,41.311922,-105.581147,2022,6,5,17
West,Knight Hall,2022-06-05T18:00:00,30.0,20.0,,,0.02,,,,0.0207,0.0138,41.311922,-105.581147,2022,6,5,18
West,Knight Hall,2022-06-05T19:00:00,40.0,30.0,,,3.1000000000000005,,,,0.0276,0.0207,41.311922,-105.581147,2022,6,5,19
West,Knight Hall,2022-06-05T20:00:00,20.0,20.0,,,3.02,,,,0.0138,0.0138,41.311922,-105.581147,2022,6,5,20
West,Knight Hall,2022-06-05T21:00:00,30.0,30.0,,,0.06,,,,0.0207,0.0207,41.311922,-105.581147,2022,6,5,21
West,Knight Hall,2022-06-05T22:00:00,20.0,20.0,,,0.04,,,,0.0138,0.0138,41.311922,-105.581147,2022,6,5,22
West,Knight Hall,2022-06-05T23:00:00,40.0,30.0,,,0.75,,,,0.0276,0.0207,41.311922,-105.581147,2022,6,5,23
West,Knight Hall,2022-06-06T00:00:00,20.0,20.0,,,,,,,0.0138,0.0138,41.311922,-105.581147,2022,6,6,0
West,Knight Hall,2022-06-06T01:00:00,30.0,30.0,,,,,,,0.0207,0.0207,41.311922,-105.581147,2022,6,6,1
West,Knight Hall,2022-06-06T02:00:00,20.0,20.0,,,99.33,,,,0.0138,0.0138,41.311922,-105.581147,2022,6,6,2
West,Knight Hall,2022-06-06T03:00:00,40.0,30.0,,,54.59,,,,0.0276,0.0207,41.311922,-105.581147,2022,6,6,3
West,Knight Hall,2022-06-06T04:00:00,20.0,30.0,,,,,,,0.0138,0.0207,41.311922,-105.581147,2022,6,6,4
West,Knight Hall,2022-06-06T05:00:00,40.0,20.0,,,0.04,,,,0.0276,0.0138,41.311922,-105.581147,2022,6,6,5
West,Knight Hall,2022-06-06T06:00:00,30.0,30.0,,,7.98,,,,0.0207,0.0207,41.311922,-105.581147,2022,6,6,6
West,Knight Hall,2022-06-06T07:00:00,60.0,20.0,,,27.23,,,,0.0414,0.0138,41.311922,-105.581147,2022,6,6,7
West,Knight Hall,2022-06-06T08:00:00,50.0,30.0,,,123.67,,,,0.034499999999999996,0.0207,41.311922,-105.581147,2022,6,6,8
West,Knight Hall,2022-06-06T09:00:00,,30.0,,,129.15,,,,,0.0207,41.311922,-105.581147,2022,6,6,9
West,Knight Hall,2022-06-06T10:00:00,60.0,20.0,,,147.56,,,,0.0414,0.0138,41.311922,-105.581147,2022,6,6,10
West,Knight Hall,2022-06-06T11:00:00,80.0,30.0,,,101.57,,,,0.0552,0.0207,41.311922,-105.581147,2022,6,6,11
West,Knight Hall,2022-06-06T12:00:00,50.0,30.0,,,84.63,,,,0.034499999999999996,0.0207,41.311922,-105.581147,2022,6,6,12
West,Knight Hall,2022-06-06T13:00:00,80.0,30.0,,,52.57,,,,0.0552,0.0207,41.311922,-105.581147,2022,6,6,13
West,Knight Hall,2022-06-06T14:00:00,60.0,30.0,,,74.82000000000001,,,,0.0414,0.0207,41.311922,-105.581147,2022,6,6,14
West,Knight Hall,2022-06-06T15:00:00,,30.0,,,108.56,,,,,0.0207,41.311922,-105.581147,2022,6,6,15
West,Knight Hall,2022-06-06T16:00:00,50.0,20.0,,,60.48,,,,0.034499999999999996,0.0138,41.311922,-105.581147,2022,6,6,16
West,Knight Hall,2022-06-06T17:00:00,50.0,30.0,,,33.35,,,,0.034499999999999996,0.0207,41.311922,-105.581147,2022,6,6,17
West,Knight Hall,2022-06-06T18:00:00,30.0,30.0,,,10.31,,,,0.0207,0.0207,41.311922,-105.581147,2022,6,6,18
West,Knight Hall,2022-06-06T19:00:00,40.0,20.0,,,68.82,,,,0.0276,0.0138,41.311922,-105.581147,2022,6,6,19
West,Knight Hall,2022-06-06T20:00:00,30.0,30.0,,,15.4,,,,0.0207,0.0207,41.311922,-105.581147,2022,6,6,20
West,Knight Hall,2022-06-06T21:00:00,30.0,20.0,,,5.5,,,,0.0207,0.0138,41.311922,-105.581147,2022,6,6,21
West,Knight Hall,2022-06-06T22:00:00,30.0,30.0,,,21.750000000000004,,,,0.0207,0.0207,41.311922,-105.581147,2022,6,6,22
West,Knight Hall,2022-06-06T23:00:00,30.0,20.0,,,14.94,,,,0.0207,0.0138,41.311922,-105.581147,2022,6,6,23
West,Knight Hall,2022-06-07T00:00:00,20.0,30.0,,,14.4,,,,0.0138,0.0207,41.311922,-105.581147,2022,6,7,0
West,Knight Hall,2022-06-07T01:00:00,30.0,20.0,,,14.14,,,,0.0207,0.0138,41.311922,-105.581147,2022,6,7,1
West,Knight Hall,2022-06-07T02:00:00,20.0,30.0,,,13.91,,,,0.0138,0.0207,41.311922,-105.581147,2022,6,7,2
West,Knight Hall,2022-06-07T03:00:00,30.0,20.0,,,14.27,,,,0.0207,0.0138,41.311922,-105.581147,2022,6,7,3
West,Knight Hall,2022-06-07T04:00:00,30.0,30.0,,,13.95,,,,0.0207,0.0207,41.311922,-105.581147,2022,6,7,4
West,Knight Hall,2022-06-07T05:00:00,30.0,30.0,,,14.420000000000002,,,,0.0207,0.0207,41.311922,-105.581147,2022,6,7,5
West,Knight Hall,2022-06-07T06:00:00,30.0,30.0,,,14.64,,,,0.0207,0.0207,41.311922,-105.581147,2022,6,7,6
West,Knight Hall,2022-06-07T07:00:00,60.0,40.0,,,52.41,,,,0.0414,0.0276,41.311922,-105.581147,2022,6,7,7
West,Knight Hall,2022-06-07T08:00:00,50.0,70.0,,,111.36,,,,0.034499999999999996,0.048299999999999996,41.311922,-105.581147,2022,6,7,8
West,Knight Hall,2022-06-07T09:00:00,80.0,70.0,,,149.11,,,,0.0552,0.048299999999999996,41.311922,-105.581147,2022,6,7,9
West,Knight Hall,2022-06-07T10:00:00,50.0,70.0,,,149.21999999999997,,,,0.034499999999999996,0.048299999999999996,41.311922,-105.581147,2022,6,7,10
West,Knight Hall,2022-06-07T11:00:00,80.0,70.0,,,125.1,,,,0.0552,0.048299999999999996,41.311922,-105.581147,2022,6,7,11
West,Knight Hall,2022-06-07T12:00:00,60.0,70.0,,,144.42,,,,0.0414,0.048299999999999996,41.311922,-105.581147,2022,6,7,12
West,Knight Hall,2022-06-07T13:00:00,80.0,60.0,,,135.51,,,,0.0552,0.0414,41.311922,-105.581147,2022,6,7,13
West,Knight Hall,2022-06-07T14:00:00,60.0,70.0,,,108.64,,,,0.0414,0.048299999999999996,41.311922,-105.581147,2022,6,7,14
West,Knight Hall,2022-06-07T15:00:00,80.0,70.0,,,99.81,,,,0.0552,0.048299999999999996,41.311922,-105.581147,2022,6,7,15
West,Knight Hall,2022-06-07T16:00:00,40.0,60.0,,,53.510000000000005,,,,0.0276,0.0414,41.311922,-105.581147,2022,6,7,16
West,Knight Hall,2022-06-07T17:00:00,60.0,40.0,,,15.95,,,,0.0414,0.0276,41.311922,-105.581147,2022,6,7,17
West,Knight Hall,2022-06-07T18:00:00,30.0,40.0,,,1.01,,,,0.0207,0.0276,41.311922,-105.581147,2022,6,7,18
West,Knight Hall,2022-06-07T19:00:00,40.0,30.0,,,36.27,,,,0.0276,0.0207,41.311922,-105.581147,2022,6,7,19
West,Knight Hall,2022-06-07T20:00:00,30.0,40.0,,,26.22,,,,0.0207,0.0276,41.311922,-105.581147,2022,6,7,20
West,Knight Hall,2022-06-07T21:00:00,40.0,30.0,,,15.72,,,,0.0276,0.0207,41.311922,-105.581147,2022,6,7,21
West,Knight Hall,2022-06-07T22:00:00,20.0,30.0,,,16.19,,,,0.0138,0.0207,41.311922,-105.581147,2022,6,7,22
West,Knight Hall,2022-06-07T23:00:00,30.0,30.0,,,0.63,,,,0.0207,0.0207,41.311922,-105.581147,2022,6,7,23
West,Knight Hall,2022-06-08T00:00:00,20.0,20.0,,,,,,,0.0138,0.0138,41.311922,-105.581147,2022,6,8,0
West,Knight Hall,2022-06-08T01:00:00,40.0,30.0,,,,,,,0.0276,0.0207,41.311922,-105.581147,2022,6,8,1
West,Knight Hall,2022-06-08T02:00:00,20.0,20.0,,,,,,,0.0138,0.0138,41.311922,-105.581147,2022,6,8,2
West,Knight Hall,2022-06-08T03:00:00,30.0,30.0,,,0.17,,,,0.0207,0.0207,41.311922,-105.581147,2022,6,8,3
West,Knight Hall,2022-06-08T04:00:00,30.0,30.0,,,0.06,,,,0.0207,0.0207,41.311922,-105.581147,2022,6,8,4
West,Knight Hall,2022-06-08T05:00:00,40.0,30.0,,,3.84,,,,0.0276,0.0207,41.311922,-105.581147,2022,6,8,5
West,Knight Hall,2022-06-08T06:00:00,30.0,30.0,,,8.0,,,,0.0207,0.0207,41.311922,-105.581147,2022,6,8,6
West,Knight Hall,2022-06-08T07:00:00,60.0,40.0,,,44.52,,,,0.0414,0.0276,41.311922,-105.581147,2022,6,8,7
West,Knight Hall,2022-06-08T08:00:00,50.0,70.0,,,122.57,,,,0.034499999999999996,0.048299999999999996,41.311922,-105.581147,2022,6,8,8
West,Knight Hall,2022-06-08T09:00:00,,70.0,,,118.2,,,,,0.048299999999999996,41.311922,-105.581147,2022,6,8,9
West,Knight Hall,2022-06-08T10:00:00,60.0,70.0,,,132.76999999999998,,,,0.0414,0.048299999999999996,41.311922,-105.581147,2022,6,8,10
West,Knight Hall,2022-06-08T11:00:00,80.0,70.0,,,111.43,,,,0.0552,0.048299999999999996,41.311922,-105.581147,2022,6,8,11
West,Knight Hall,2022-06-08T12:00:00,60.0,70.0,,,87.28,,,,0.0414,0.048299999999999996,41.311922,-105.581147,2022,6,8,12
West,Knight Hall,2022-06-08T13:00:00,80.0,70.0,,,110.24,,,,0.0552,0.048299999999999996,41.311922,-105.581147,2022,6,8,13
West,Knight Hall,2022-06-08T14:00:00,60.0,70.0,,,93.38,,,,0.0414,0.048299999999999996,41.311922,-105.581147,2022,6,8,14
West,Knight Hall,2022-06-08T15:00:00,80.0,70.0,,,68.3,,,,0.0552,0.048299999999999996,41.311922,-105.581147,2022,6,8,15
West,Knight Hall,2022-06-08T16:00:00,50.0,60.0,,,62.91,,,,0.034499999999999996,0.0414,41.311922,-105.581147,2022,6,8,16
West,Knight Hall,2022-06-08T17:00:00,60.0,50.0,,,54.66,,,,0.0414,0.034499999999999996,41.311922,-105.581147,2022,6,8,17
West,Knight Hall,2022-06-08T18:00:00,30.0,40.0,,,25.51,,,,0.0207,0.0276,41.311922,-105.581147,2022,6,8,18
West,Knight Hall,2022-06-08T19:00:00,40.0,40.0,,,14.12,,,,0.0276,0.0276,41.311922,-105.581147,2022,6,8,19
West,Knight Hall,2022-06-08T20:00:00,30.0,40.0,,,1.5700000000000005,,,,0.0207,0.0276,41.311922,-105.581147,2022,6,8,20
West,Knight Hall,2022-06-08T21:00:00,30.0,40.0,,,0.78,,,,0.0207,0.0276,41.311922,-105.581147,2022,6,8,21
West,Knight Hall,2022-06-08T22:00:00,20.0,30.0,,,5.86,,,,0.0138,0.0207,41.311922,-105.581147,2022,6,8,22
West,Knight Hall,2022-06-08T23:00:00,40.0,30.0,,,,,,,0.0276,0.0207,41.311922,-105.581147,2022,6,8,23
West,Knight Hall,2022-06-09T00:00:00,20.0,20.0,,,0.88,,,,0.0138,0.0138,41.311922,-105.581147,2022,6,9,0
West,Knight Hall,2022-06-09T01:00:00,30.0,30.0,,,,,,,0.0207,0.0207,41.311922,-105.581147,2022,6,9,1
West,Knight Hall,2022-06-09T02:00:00,20.0,30.0,,,0.02,,,,0.0138,0.0207,41.311922,-105.581147,2022,6,9,2
West,Knight Hall,2022-06-09T03:00:00,30.0,20.0,,,,,,,0.0207,0.0138,41.311922,-105.581147,2022,6,9,3
West,Knight Hall,2022-06-09T04:00:00,20.0,30.0,,,,,,,0.0138,0.0207,41.311922,-105.581147,2022,6,9,4
West,Knight Hall,2022-06-09T05:00:00,40.0,30.0,,,1.21,,,,0.0276,0.0207,41.311922,-105.581147,2022,6,9,5
West,Knight Hall,2022-06-09T06:00:00,30.0,30.0,,,1.6,,,,0.0207,0.0207,41.311922,-105.581147,2022,6,9,6
West,Knight Hall,2022-06-09T07:00:00,50.0,50.0,,,20.42,,,,0.034499999999999996,0.034499999999999996,41.311922,-105.581147,2022,6,9,7
West,Knight Hall,2022-06-09T08:00:00,60.0,60.0,,,84.50000000000001,,,,0.0414,0.0414,41.311922,-105.581147,2022,6,9,8
West,Knight Hall,2022-06-09T09:00:00,70.0,70.0,,,96.44,,,,0.048299999999999996,0.048299999999999996,41.311922,-105.581147,2022,6,9,9
West,Knight Hall,2022-06-09T10:00:00,60.0,70.0,,,115.14,,,,0.0414,0.048299999999999996,41.311922,-105.581147,2022,6,9,10
West,Knight Hall,2022-06-09T11:00:00,80.0,70.0,,,105.99,,,,0.0552,0.048299999999999996,41.311922,-105.581147,2022,6,9,11
West,Knight Hall,2022-06-09T12:00:00,60.0,60.0,,,82.67,,,,0.0414,0.0414,41.311922,-105.581147,2022,6,9,12
West,Knight Hall,2022-06-09T13:00:00,80.0,70.0,,,50.06,,,,0.0552,0.048299999999999996,41.311922,-105.581147,2022,6,9,13
West,Knight Hall,2022-06-09T14:00:00,60.0,60.0,,,155.48,,,,0.0414,0.0414,41.311922,-105.581147,2022,6,9,14
West,Knight Hall,2022-06-09T15:00:00,,70.0,,,97.41,,,,,0.048299999999999996,41.311922,-105.581147,2022,6,9,15
West,Knight Hall,2022-06-09T16:00:00,50.0,70.0,,,45.3,,,,0.034499999999999996,0.048299999999999996,41.311922,-105.581147,2022,6,9,16
West,Knight Hall,2022-06-09T17:00:00,50.0,40.0,,,57.52,,,,0.034499999999999996,0.0276,41.311922,-105.581147,2022,6,9,17
West,Knight Hall,2022-06-09T18:00:00,40.0,40.0,,,58.58,,,,0.0276,0.0276,41.311922,-105.581147,2022,6,9,18
West,Knight Hall,2022-06-09T19:00:00,40.0,40.0,,,80.38,,,,0.0276,0.0276,41.311922,-105.581147,2022,6,9,19
West,Knight Hall,2022-06-09T20:00:00,30.0,30.0,,,55.71,,,,0.0207,0.0207,41.311922,-105.581147,2022,6,9,20
West,Knight Hall,2022-06-09T21:00:00,40.0,30.0,,,15.18,,,,0.0276,0.0207,41.311922,-105.581147,2022,6,9,21
West,Knight Hall,2022-06-09T22:00:00,20.0,30.0,,,14.64,,,,0.0138,0.0207,41.311922,-105.581147,2022,6,9,22
West,Knight Hall,2022-06-09T23:00:00,30.0,20.0,,,0.13,,,,0.0207,0.0138,41.311922,-105.581147,2022,6,9,23
West,Knight Hall,2022-06-10T00:00:00,20.0,30.0,,,,,,,0.0138,0.0207,41.311922,-105.581147,2022,6,10,0
West,Knight Hall,2022-06-10T01:00:00,30.0,30.0,,,,,,,0.0207,0.0207,41.311922,-105.581147,2022,6,10,1
West,Knight Hall,2022-06-10T02:00:00,20.0,20.0,,,1.86,,,,0.0138,0.0138,41.311922,-105.581147,2022,6,10,2
West,Knight Hall,2022-06-10T03:00:00,40.0,30.0,,,0.67,,,,0.0276,0.0207,41.311922,-105.581147,2022,6,10,3
West,Knight Hall,2022-06-10T04:00:00,20.0,30.0,,,1.4900000000000002,,,,0.0138,0.0207,41.311922,-105.581147,2022,6,10,4
West,Knight Hall,2022-06-10T05:00:00,30.0,30.0,,,4.869999999999999,,,,0.0207,0.0207,41.311922,-105.581147,2022,6,10,5
West,Knight Hall,2022-06-10T06:00:00,30.0,30.0,,,15.07,,,,0.0207,0.0207,41.311922,-105.581147,2022,6,10,6
West,Knight Hall,2022-06-10T07:00:00,60.0,40.0,,,33.230000000000004,,,,0.0414,0.0276,41.311922,-105.581147,2022,6,10,7
West,Knight Hall,2022-06-10T08:00:00,60.0,70.0,,,128.07000000000002,,,,0.0414,0.048299999999999996,41.311922,-105.581147,2022,6,10,8
West,Knight Hall,2022-06-10T09:00:00,80.0,80.0,,,127.83,,,,0.0552,0.0552,41.311922,-105.581147,2022,6,10,9
West,Knight Hall,2022-06-10T10:00:00,60.0,70.0,,,117.27,,,,0.0414,0.048299999999999996,41.311922,-105.581147,2022,6,10,10
West,Knight Hall,2022-06-10T11:00:00,80.0,80.0,,,87.50999999999999,,,,0.0552,0.0552,41.311922,-105.581147,2022,6,10,11
West,Knight Hall,2022-06-10T12:00:00,50.0,70.0,,,91.4,,,,0.034499999999999996,0.048299999999999996,41.311922,-105.581147,2022,6,10,12
West,Knight Hall,2022-06-10T13:00:00,,70.0,,,76.84,,,,,0.048299999999999996,41.311922,-105.581147,2022,6,10,13
West,Knight Hall,2022-06-10T14:00:00,60.0,80.0,,,89.46,,,,0.0414,0.0552,41.311922,-105.581147,2022,6,10,14
West,Knight Hall,2022-06-10T15:00:00,80.0,70.0,,,57.72,,,,0.0552,0.048299999999999996,41.311922,-105.581147,2022,6,10,15
West,Knight Hall,2022-06-10T16:00:00,40.0,70.0,,,71.21,,,,0.0276,0.048299999999999996,41.311922,-105.581147,2022,6,10,16
West,Knight Hall,2022-06-10T17:00:00,60.0,40.0,,,56.38,,,,0.0414,0.0276,41.311922,-105.581147,2022,6,10,17
West,Knight Hall,2022-06-10T18:00:00,40.0,40.0,,,15.85,,,,0.0276,0.0276,41.311922,-105.581147,2022,6,10,18
West,Knight Hall,2022-06-10T19:00:00,40.0,40.0,,,7.96,,,,0.0276,0.0276,41.311922,-105.581147,2022,6,10,19
West,Knight Hall,2022-06-10T20:00:00,30.0,30.0,,,2.95,,,,0.0207,0.0207,41.311922,-105.581147,2022,6,10,20
West,Knight Hall,2022-06-10T21:00:00,40.0,40.0,,,19.62,,,,0.0276,0.0276,41.311922,-105.581147,2022,6,10,21
West,Knight Hall,2022-06-10T22:00:00,30.0,30.0,,,5.33,,,,0.0207,0.0207,41.311922,-105.581147,2022,6,10,22
West,Knight Hall,2022-06-10T23:00:00,30.0,30.0,,,,,,,0.0207,0.0207,41.311922,-105.581147,2022,6,10,23
West,Knight Hall,2022-06-11T00:00:00,20.0,30.0,,,,,,,0.0138,0.0207,41.311922,-105.581147,2022,6,11,0
West,Knight Hall,2022-06-11T01:00:00,40.0,20.0,,,0.02,,,,0.0276,0.0138,41.311922,-105.581147,2022,6,11,1
West,Knight Hall,2022-06-11T02:00:00,20.0,30.0,,,,,,,0.0138,0.0207,41.311922,-105.581147,2022,6,11,2
West,Knight Hall,2022-06-11T03:00:00,30.0,30.0,,,0.86,,,,0.0207,0.0207,41.311922,-105.581147,2022,6,11,3
West,Knight Hall,2022-06-11T04:00:00,20.0,30.0,,,,,,,0.0138,0.0207,41.311922,-105.581147,2022,6,11,4
West,Knight Hall,2022-06-11T05:00:00,30.0,30.0,,,,,,,0.0207,0.0207,41.311922,-105.581147,2022,6,11,5
West,Knight Hall,2022-06-11T06:00:00,20.0,40.0,,,0.75,,,,0.0138,0.0276,41.311922,-105.581147,2022,6,11,6
West,Knight Hall,2022-06-11T07:00:00,30.0,40.0,,,0.6900000000000001,,,,0.0207,0.0276,41.311922,-105.581147,2022,6,11,7
West,Knight Hall,2022-06-11T08:00:00,30.0,60.0,,,3.28,,,,0.0207,0.0414,41.311922,-105.581147,2022,6,11,8
West,Knight Hall,2022-06-11T09:00:00,40.0,70.0,,,,,,,0.0276,0.048299999999999996,41.311922,-105.581147,2022,6,11,9
West,Knight Hall,2022-06-11T10:00:00,30.0,70.0,,,4.529999999999999,,,,0.0207,0.048299999999999996,41.311922,-105.581147,2022,6,11,10
West,Knight Hall,2022-06-11T11:00:00,40.0,70.0,,,1.85,,,,0.0276,0.048299999999999996,41.311922,-105.581147,2022,6,11,11
West,Knight Hall,2022-06-11T12:00:00,40.0,60.0,,,0.6900000000000001,,,,0.0276,0.0414,41.311922,-105.581147,2022,6,11,12
West,Knight Hall,2022-06-11T13:00:00,40.0,70.0,,,0.65,,,,0.0276,0.048299999999999996,41.311922,-105.581147,2022,6,11,13
West,Knight Hall,2022-06-11T14:00:00,30.0,70.0,,,0.93,,,,0.0207,0.048299999999999996,41.311922,-105.581147,2022,6,11,14
West,Knight Hall,2022-06-11T15:00:00,40.0,60.0,,,1.88,,,,0.0276,0.0414,41.311922,-105.581147,2022,6,11,15
West,Knight Hall,2022-06-11T16:00:00,30.0,60.0,,,0.02,,,,0.0207,0.0414,41.311922,-105.581147,2022,6,11,16
West,Knight Hall,2022-06-11T17:00:00,30.0,40.0,,,0.06,,,,0.0207,0.0276,41.311922,-105.581147,2022,6,11,17
West,Knight Hall,2022-06-11T18:00:00,30.0,40.0,,,0.02,,,,0.0207,0.0276,41.311922,-105.581147,2022,6,11,18
West,Knight Hall,2022-06-11T19:00:00,30.0,40.0,,,,,,,0.0207,0.0276,41.311922,-105.581147,2022,6,11,19
West,Knight Hall,2022-06-11T20:00:00,30.0,30.0,,,0.13,,,,0.0207,0.0207,41.311922,-105.581147,2022,6,11,20
West,Knight Hall,2022-06-11T21:00:00,30.0,30.0,,,0.06,,,,0.0207,0.0207,41.311922,-105.581147,2022,6,11,21
West,Knight Hall,2022-06-11T22:00:00,20.0,30.0,,,,,,,0.0138,0.0207,41.311922,-105.581147,2022,6,11,22
West,Knight Hall,2022-06-11T23:00:00,40.0,30.0,,,,,,,0.0276,0.0207,41.311922,-105.581147,2022,6,11,23
West,Knight Hall,2022-06-12T00:00:00,20.0,30.0,,,0.9,,,,0.0138,0.0207,41.311922,-105.581147,2022,6,12,0
West,Knight Hall,2022-06-12T01:00:00,40.0,20.0,,,,,,,0.0276,0.0138,41.311922,-105.581147,2022,6,12,1
West,Knight Hall,2022-06-12T02:00:00,20.0,30.0,,,,,,,0.0138,0.0207,41.311922,-105.581147,2022,6,12,2
West,Knight Hall,2022-06-12T03:00:00,30.0,20.0,,,,,,,0.0207,0.0138,41.311922,-105.581147,2022,6,12,3
West,Knight Hall,2022-06-12T04:00:00,20.0,30.0,,,0.76,,,,0.0138,0.0207,41.311922,-105.581147,2022,6,12,4
West,Knight Hall,2022-06-12T05:00:00,30.0,20.0,,,,,,,0.0207,0.0138,41.311922,-105.581147,2022,6,12,5
West,Knight Hall,2022-06-12T06:00:00,20.0,30.0,,,,,,,0.0138,0.0207,41.311922,-105.581147,2022,6,12,6
West,Knight Hall,2022-06-12T07:00:00,40.0,30.0,,,0.88,,,,0.0276,0.0207,41.311922,-105.581147,2022,6,12,7
West,Knight Hall,2022-06-12T08:00:00,20.0,30.0,,,,,,,0.0138,0.0207,41.311922,-105.581147,2022,6,12,8
West,Knight Hall,2022-06-12T09:00:00,50.0,20.0,,,,,,,0.034499999999999996,0.0138,41.311922,-105.581147,2022,6,12,9
West,Knight Hall,2022-06-12T10:00:00,20.0,40.0,,,0.91,,,,0.0138,0.0276,41.311922,-105.581147,2022,6,12,10
West,Knight Hall,2022-06-12T11:00:00,50.0,30.0,,,,,,,0.034499999999999996,0.0207,41.311922,-105.581147,2022,6,12,11
West,Knight Hall,2022-06-12T12:00:00,30.0,30.0,,,0.04,,,,0.0207,0.0207,41.311922,-105.581147,2022,6,12,12
West,Knight Hall,2022-06-12T13:00:00,40.0,30.0,,,0.09,,,,0.0276,0.0207,41.311922,-105.581147,2022,6,12,13
West,Knight Hall,2022-06-12T14:00:00,30.0,30.0,,,0.02,,,,0.0207,0.0207,41.311922,-105.581147,2022,6,12,14
West,Knight Hall,2022-06-12T15:00:00,40.0,30.0,,,0.09,,,,0.0276,0.0207,41.311922,-105.581147,2022,6,12,15
West,Knight Hall,2022-06-12T16:00:00,30.0,30.0,,,,,,,0.0207,0.0207,41.311922,-105.581147,2022,6,12,16
West,Knight Hall,2022-06-12T17:00:00,40.0,20.0,,,1.19,,,,0.0276,0.0138,41.311922,-105.581147,2022,6,12,17
West,Knight Hall,2022-06-12T18:00:00,20.0,30.0,,,0.09,,,,0.0138,0.0207,41.311922,-105.581147,2022,6,12,18
West,Knight Hall,2022-06-12T19:00:00,40.0,20.0,,,3.86,,,,0.0276,0.0138,41.311922,-105.581147,2022,6,12,19
West,Knight Hall,2022-06-12T20:00:00,20.0,30.0,,,3.1000000000000005,,,,0.0138,0.0207,41.311922,-105.581147,2022,6,12,20
West,Knight Hall,2022-06-12T21:00:00,40.0,20.0,,,,,,,0.0276,0.0138,41.311922,-105.581147,2022,6,12,21
West,Knight Hall,2022-06-12T22:00:00,20.0,30.0,,,,,,,0.0138,0.0207,41.311922,-105.581147,2022,6,12,22
West,Knight Hall,2022-06-12T23:00:00,40.0,20.0,,,,,,,0.0276,0.0138,41.311922,-105.581147,2022,6,12,23
West,Knight Hall,2022-06-13T00:00:00,20.0,30.0,,,,,,,0.0138,0.0207,41.311922,-105.581147,2022,6,13,0
West,Knight Hall,2022-06-13T01:00:00,30.0,20.0,,,,,,,0.0207,0.0138,41.311922,-105.581147,2022,6,13,1
West,Knight Hall,2022-06-13T02:00:00,30.0,30.0,,,,,,,0.0207,0.0207,41.311922,-105.581147,2022,6,13,2
West,Knight Hall,2022-06-13T03:00:00,40.0,30.0,,,,,,,0.0276,0.0207,41.311922,-105.581147,2022,6,13,3
West,Knight Hall,2022-06-13T04:00:00,20.0,20.0,,,0.13,,,,0.0138,0.0138,41.311922,-105.581147,2022,6,13,4
West,Knight Hall,2022-06-13T05:00:00,40.0,30.0,,,7.779999999999999,,,,0.0276,0.0207,41.311922,-105.581147,2022,6,13,5
West,Knight Hall,2022-06-13T06:00:00,30.0,20.0,,,17.85,,,,0.0207,0.0138,41.311922,-105.581147,2022,6,13,6
West,Knight Hall,2022-06-13T07:00:00,70.0,20.0,,,35.64,,,,0.048299999999999996,0.0138,41.311922,-105.581147,2022,6,13,7
West,Knight Hall,2022-06-13T08:00:00,60.0,30.0,,,74.45,,,,0.0414,0.0207,41.311922,-105.581147,2022,6,13,8
West,Knight Hall,2022-06-13T09:00:00,,30.0,,,146.01,,,,,0.0207,41.311922,-105.581147,2022,6,13,9
West,Knight Hall,2022-06-13T10:00:00,60.0,30.0,,,100.67,,,,0.0414,0.0207,41.311922,-105.581147,2022,6,13,10
West,Knight Hall,2022-06-13T11:00:00,,30.0,,,114.62,,,,,0.0207,41.311922,-105.581147,2022,6,13,11
West,Knight Hall,2022-06-13T12:00:00,60.0,30.0,,,77.86,,,,0.0414,0.0207,41.311922,-105.581147,2022,6,13,12
West,Knight Hall,2022-06-13T13:00:00,,30.0,,,67.4,,,,,0.0207,41.311922,-105.581147,2022,6,13,13
West,Knight Hall,2022-06-13T14:00:00,60.0,30.0,,,45.93000000000001,,,,0.0414,0.0207,41.311922,-105.581147,2022,6,13,14
West,Knight Hall,2022-06-13T15:00:00,,30.0,,,83.59,,,,,0.0207,41.311922,-105.581147,2022,6,13,15
West,Knight Hall,2022-06-13T16:00:00,50.0,20.0,,,40.46999999999999,,,,0.034499999999999996,0.0138,41.311922,-105.581147,2022,6,13,16
West,Knight Hall,2022-06-13T17:00:00,50.0,30.0,,,18.03,,,,0.034499999999999996,0.0207,41.311922,-105.581147,2022,6,13,17
West,Knight Hall,2022-06-13T18:00:00,40.0,20.0,,,67.42,,,,0.0276,0.0138,41.311922,-105.581147,2022,6,13,18
West,Knight Hall,2022-06-13T19:00:00,40.0,30.0,,,16.3,,,,0.0276,0.0207,41.311922,-105.581147,2022,6,13,19
West,Knight Hall,2022-06-13T20:00:00,20.0,20.0,,,16.43,,,,0.0138,0.0138,41.311922,-105.581147,2022,6,13,20
West,Knight Hall,2022-06-13T21:00:00,40.0,30.0,,,0.8999999999999999,,,,0.0276,0.0207,41.311922,-105.581147,2022,6,13,21
West,Knight Hall,2022-06-13T22:00:00,30.0,20.0,,,26.22,,,,0.0207,0.0138,41.311922,-105.581147,2022,6,13,22
West,Knight Hall,2022-06-13T23:00:00,30.0,30.0,,,,,,,0.0207,0.0207,41.311922,-105.581147,2022,6,13,23
West,Knight Hall,2022-06-14T00:00:00,20.0,20.0,,,,,,,0.0138,0.0138,41.311922,-105.581147,2022,6,14,0
West,Knight Hall,2022-06-14T01:00:00,30.0,30.0,,,0.9,,,,0.0207,0.0207,41.311922,-105.581147,2022,6,14,1
West,Knight Hall,2022-06-14T02:00:00,20.0,30.0,,,,,,,0.0138,0.0207,41.311922,-105.581147,2022,6,14,2
West,Knight Hall,2022-06-14T03:00:00,40.0,20.0,,,,,,,0.0276,0.0138,41.311922,-105.581147,2022,6,14,3
West,Knight Hall,2022-06-14T04:00:00,20.0,30.0,,,,,,,0.0138,0.0207,41.311922,-105.581147,2022,6,14,4
West,Knight Hall,2022-06-14T05:00:00,40.0,30.0,,,,,,,0.0276,0.0207,41.311922,-105.581147,2022,6,14,5
West,Knight Hall,2022-06-14T06:00:00,30.0,30.0,,,7.89,,,,0.0207,0.0207,41.311922,-105.581147,2022,6,14,6
West,Knight Hall,2022-06-14T07:00:00,60.0,40.0,,,,,,,0.0414,0.0276,41.311922,-105.581147,2022,6,14,7
West,Knight Hall,2022-06-14T08:00:00,50.0,60.0,,,,,,,0.034499999999999996,0.0414,41.311922,-105.581147,2022,6,14,8
West,Knight Hall,2022-06-14T09:00:00,80.0,70.0,,,,,,,0.0552,0.048299999999999996,41.311922,-105.581147,2022,6,14,9
West,Knight Hall,2022-06-14T10:00:00,50.0,80.0,,,,,,,0.034499999999999996,0.0552,41.311922,-105.581147,2022,6,14,10
West,Knight Hall,2022-06-14T11:00:00,80.0,70.0,,,,,,,0.0552,0.048299999999999996,41.311922,-105.581147,2022,6,14,11
West,Knight Hall,2022-06-14T12:00:00,60.0,60.0,,,112.07,,,,0.0414,0.0414,41.311922,-105.581147,2022,6,14,12
West,Knight Hall,2022-06-14T13:00:00,70.0,80.0,,,71.71000000000001,,,,0.048299999999999996,0.0552,41.311922,-105.581147,2022,6,14,13
West,Knight Hall,2022-06-14T14:00:00,60.0,70.0,,,84.35,,,,0.0414,0.048299999999999996,41.311922,-105.581147,2022,6,14,14
West,Knight Hall,2022-06-14T15:00:00,70.0,70.0,,,136.52,,,,0.048299999999999996,0.048299999999999996,41.311922,-105.581147,2022,6,14,15
West,Knight Hall,2022-06-14T16:00:00,50.0,70.0,,,57.89,,,,0.034499999999999996,0.048299999999999996,41.311922,-105.581147,2022,6,14,16
West,Knight Hall,2022-06-14T17:00:00,40.0,40.0,,,78.68,,,,0.0276,0.0276,41.311922,-105.581147,2022,6,14,17
West,Knight Hall,2022-06-14T18:00:00,40.0,50.0,,,27.71,,,,0.0276,0.034499999999999996,41.311922,-105.581147,2022,6,14,18
West,Knight Hall,2022-06-14T19:00:00,40.0,40.0,,,44.89,,,,0.0276,0.0276,41.311922,-105.581147,2022,6,14,19
West,Knight Hall,2022-06-14T20:00:00,20.0,40.0,,,30.21,,,,0.0138,0.0276,41.311922,-105.581147,2022,6,14,20
West,Knight Hall,2022-06-14T21:00:00,40.0,30.0,,,32.15,,,,0.0276,0.0207,41.311922,-105.581147,2022,6,14,21
West,Knight Hall,2022-06-14T22:00:00,20.0,40.0,,,15.59,,,,0.0138,0.0276,41.311922,-105.581147,2022,6,14,22
West,Knight Hall,2022-06-14T23:00:00,30.0,30.0,,,12.64,,,,0.0207,0.0207,41.311922,-105.581147,2022,6,14,23
West,Knight Hall,2022-06-15T00:00:00,30.0,20.0,,,11.95,,,,0.0207,0.0138,41.311922,-105.581147,2022,6,15,0
West,Knight Hall,2022-06-15T01:00:00,20.0,30.0,,,11.69,,,,0.0138,0.0207,41.311922,-105.581147,2022,6,15,1
West,Knight Hall,2022-06-15T02:00:00,30.0,30.0,,,11.64,,,,0.0207,0.0207,41.311922,-105.581147,2022,6,15,2
West,Knight Hall,2022-06-15T03:00:00,30.0,30.0,,,11.47,,,,0.0207,0.0207,41.311922,-105.581147,2022,6,15,3
West,Knight Hall,2022-06-15T04:00:00,30.0,30.0,,,11.34,,,,0.0207,0.0207,41.311922,-105.581147,2022,6,15,4
West,Knight Hall,2022-06-15T05:00:00,30.0,30.0,,,12.76,,,,0.0207,0.0207,41.311922,-105.581147,2022,6,15,5
West,Knight Hall,2022-06-15T06:00:00,30.0,40.0,,,63.78,,,,0.0207,0.0276,41.311922,-105.581147,2022,6,15,6
West,Knight Hall,2022-06-15T07:00:00,60.0,50.0,,,152.74,,,,0.0414,0.034499999999999996,41.311922,-105.581147,2022,6,15,7
West,Knight Hall,2022-06-15T08:00:00,50.0,70.0,,,133.72,,,,0.034499999999999996,0.048299999999999996,41.311922,-105.581147,2022,6,15,8
West,Knight Hall,2022-06-15T09:00:00,,80.0,,,85.21,,,,,0.0552,41.311922,-105.581147,2022,6,15,9
West,Knight Hall,2022-06-15T10:00:00,60.0,80.0,,,142.73,,,,0.0414,0.0552,41.311922,-105.581147,2022,6,15,10
West,Knight Hall,2022-06-15T11:00:00,80.0,80.0,,,120.29,,,,0.0552,0.0552,41.311922,-105.581147,2022,6,15,11
West,Knight Hall,2022-06-15T12:00:00,50.0,70.0,,,100.65,,,,0.034499999999999996,0.048299999999999996,41.311922,-105.581147,2022,6,15,12
West,Knight Hall,2022-06-15T13:00:00,80.0,70.0,,,,,,,0.0552,0.048299999999999996,41.311922,-105.581147,2022,6,15,13
West,Knight Hall,2022-06-15T14:00:00,60.0,80.0,,,153.46999999999997,,,,0.0414,0.0552,41.311922,-105.581147,2022,6,15,14
West,Knight Hall,2022-06-15T15:00:00,70.0,70.0,,,99.4,,,,0.048299999999999996,0.048299999999999996,41.311922,-105.581147,2022,6,15,15
West,Knight Hall,2022-06-15T16:00:00,50.0,60.0,,,92.86,,,,0.034499999999999996,0.0414,41.311922,-105.581147,2022,6,15,16
West,Knight Hall,2022-06-15T17:00:00,50.0,50.0,,,27.43,,,,0.034499999999999996,0.034499999999999996,41.311922,-105.581147,2022,6,15,17
West,Knight Hall,2022-06-15T18:00:00,30.0,40.0,,,60.49999999999999,,,,0.0207,0.0276,41.311922,-105.581147,2022,6,15,18
West,Knight Hall,2022-06-15T19:00:00,40.0,40.0,,,20.14,,,,0.0276,0.0276,41.311922,-105.581147,2022,6,15,19
West,Knight Hall,2022-06-15T20:00:00,30.0,40.0,,,33.94,,,,0.0207,0.0276,41.311922,-105.581147,2022,6,15,20
West,Knight Hall,2022-06-15T21:00:00,30.0,40.0,,,28.78,,,,0.0207,0.0276,41.311922,-105.581147,2022,6,15,21
West,Knight Hall,2022-06-15T22:00:00,30.0,30.0,,,17.7,,,,0.0207,0.0207,41.311922,-105.581147,2022,6,15,22
West,Knight Hall,2022-06-15T23:00:00,30.0,30.0,,,11.82,,,,0.0207,0.0207,41.311922,-105.581147,2022,6,15,23
West,Knight Hall,2022-06-16T00:00:00,20.0,30.0,,,11.69,,,,0.0138,0.0207,41.311922,-105.581147,2022,6,16,0
West,Knight Hall,2022-06-16T01:00:00,30.0,30.0,,,12.87,,,,0.0207,0.0207,41.311922,-105.581147,2022,6,16,1
West,Knight Hall,2022-06-16T02:00:00,20.0,30.0,,,11.25,,,,0.0138,0.0207,41.311922,-105.581147,2022,6,16,2
West,Knight Hall,2022-06-16T03:00:00,30.0,30.0,,,11.06,,,,0.0207,0.0207,41.311922,-105.581147,2022,6,16,3
West,Knight Hall,2022-06-16T04:00:00,30.0,30.0,,,10.87,,,,0.0207,0.0207,41.311922,-105.581147,2022,6,16,4
West,Knight Hall,2022-06-16T05:00:00,30.0,40.0,,,12.57,,,,0.0207,0.0276,41.311922,-105.581147,2022,6,16,5
West,Knight Hall,2022-06-16T06:00:00,30.0,30.0,,,15.4,,,,0.0207,0.0207,41.311922,-105.581147,2022,6,16,6
West,Knight Hall,2022-06-16T07:00:00,60.0,50.0,,,38.53000000000001,,,,0.0414,0.034499999999999996,41.311922,-105.581147,2022,6,16,7
West,Knight Hall,2022-06-16T08:00:00,60.0,70.0,,,117.74,,,,0.0414,0.048299999999999996,41.311922,-105.581147,2022,6,16,8
West,Knight Hall,2022-06-16T09:00:00,70.0,80.0,,,127.43,,,,0.048299999999999996,0.0552,41.311922,-105.581147,2022,6,16,9
West,Knight Hall,2022-06-16T10:00:00,80.0,80.0,,,126.88,,,,0.0552,0.0552,41.311922,-105.581147,2022,6,16,10
West,Knight Hall,2022-06-16T11:00:00,80.0,80.0,,,124.96999999999998,,,,0.0552,0.0552,41.311922,-105.581147,2022,6,16,11
West,Knight Hall,2022-06-16T12:00:00,50.0,80.0,,,96.07,,,,0.034499999999999996,0.0552,41.311922,-105.581147,2022,6,16,12
West,Knight Hall,2022-06-16T13:00:00,80.0,70.0,,,72.28999999999999,,,,0.0552,0.048299999999999996,41.311922,-105.581147,2022,6,16,13
West,Knight Hall,2022-06-16T14:00:00,60.0,80.0,,,87.9,,,,0.0414,0.0552,41.311922,-105.581147,2022,6,16,14
West,Knight Hall,2022-06-16T15:00:00,80.0,80.0,,,185.06,,,,0.0552,0.0552,41.311922,-105.581147,2022,6,16,15
West,Knight Hall,2022-06-16T16:00:00,50.0,60.0,,,171.67,,,,0.034499999999999996,0.0414,41.311922,-105.581147,2022,6,16,16
West,Knight Hall,2022-06-16T17:00:00,50.0,50.0,,,142.0,,,,0.034499999999999996,0.034499999999999996,41.311922,-105.581147,2022,6,16,17
West,Knight Hall,2022-06-16T18:00:00,30.0,50.0,,,146.64,,,,0.0207,0.034499999999999996,41.311922,-105.581147,2022,6,16,18
West,Knight Hall,2022-06-16T19:00:00,40.0,30.0,,,69.77,,,,0.0276,0.0207,41.311922,-105.581147,2022,6,16,19
West,Knight Hall,2022-06-16T20:00:00,30.0,40.0,,,25.12,,,,0.0207,0.0276,41.311922,-105.581147,2022,6,16,20
West,Knight Hall,2022-06-16T21:00:00,30.0,30.0,,,37.95,,,,0.0207,0.0207,41.311922,-105.581147,2022,6,16,21
West,Knight Hall,2022-06-16T22:00:00,30.0,30.0,,,28.630000000000003,,,,0.0207,0.0207,41.311922,-105.581147,2022,6,16,22
West,Knight Hall,2022-06-16T23:00:00,30.0,30.0,,,21.24,,,,0.0207,0.0207,41.311922,-105.581147,2022,6,16,23
West,Knight Hall,2022-06-17T00:00:00,30.0,30.0,,,20.09,,,,0.0207,0.0207,41.311922,-105.581147,2022,6,17,0
West,Knight Hall,2022-06-17T01:00:00,30.0,30.0,,,20.03,,,,0.0207,0.0207,41.311922,-105.581147,2022,6,17,1
West,Knight Hall,2022-06-17T02:00:00,20.0,30.0,,,18.67,,,,0.0138,0.0207,41.311922,-105.581147,2022,6,17,2
West,Knight Hall,2022-06-17T03:00:00,30.0,30.0,,,18.72,,,,0.0207,0.0207,41.311922,-105.581147,2022,6,17,3
West,Knight Hall,2022-06-17T04:00:00,30.0,30.0,,,17.590000000000003,,,,0.0207,0.0207,41.311922,-105.581147,2022,6,17,4
West,Knight Hall,2022-06-17T05:00:00,30.0,30.0,,,19.53,,,,0.0207,0.0207,41.311922,-105.581147,2022,6,17,5
West,Knight Hall,2022-06-17T06:00:00,30.0,30.0,,,25.590000000000003,,,,0.0207,0.0207,41.311922,-105.581147,2022,6,17,6
West,Knight Hall,2022-06-17T07:00:00,70.0,60.0,,,45.8,,,,0.048299999999999996,0.0414,41.311922,-105.581147,2022,6,17,7
West,Knight Hall,2022-06-17T08:00:00,50.0,70.0,,,134.43,,,,0.034499999999999996,0.048299999999999996,41.311922,-105.581147,2022,6,17,8
West,Knight Hall,2022-06-17T09:00:00,80.0,80.0,,,100.69,,,,0.0552,0.0552,41.311922,-105.581147,2022,6,17,9
West,Knight Hall,2022-06-17T10:00:00,60.0,80.0,,,132.96,,,,0.0414,0.0552,41.311922,-105.581147,2022,6,17,10
West,Knight Hall,2022-06-17T11:00:00,80.0,80.0,,,101.16,,,,0.0552,0.0552,41.311922,-105.581147,2022,6,17,11
West,Knight Hall,2022-06-17T12:00:00,50.0,80.0,,,96.79,,,,0.034499999999999996,0.0552,41.311922,-105.581147,2022,6,17,12
West,Knight Hall,2022-06-17T13:00:00,80.0,70.0,,,59.12,,,,0.0552,0.048299999999999996,41.311922,-105.581147,2022,6,17,13
West,Knight Hall,2022-06-17T14:00:00,60.0,,,,72.06,,,,0.0414,,41.311922,-105.581147,2022,6,17,14
West,Knight Hall,2022-06-17T15:00:00,80.0,80.0,,,76.96999999999998,,,,0.0552,0.0552,41.311922,-105.581147,2022,6,17,15
West,Knight Hall,2022-06-17T16:00:00,40.0,60.0,,,67.48,,,,0.0276,0.0414,41.311922,-105.581147,2022,6,17,16
West,Knight Hall,2022-06-17T17:00:00,50.0,40.0,,,56.47,,,,0.034499999999999996,0.0276,41.311922,-105.581147,2022,6,17,17
West,Knight Hall,2022-06-17T18:00:00,30.0,50.0,,,47.71,,,,0.0207,0.034499999999999996,41.311922,-105.581147,2022,6,17,18
West,Knight Hall,2022-06-17T19:00:00,40.0,30.0,,,3.8,,,,0.0276,0.0207,41.311922,-105.581147,2022,6,17,19
West,Knight Hall,2022-06-17T20:00:00,20.0,30.0,,,5.02,,,,0.0138,0.0207,41.311922,-105.581147,2022,6,17,20
West,Knight Hall,2022-06-17T21:00:00,40.0,40.0,,,16.24,,,,0.0276,0.0276,41.311922,-105.581147,2022,6,17,21
West,Knight Hall,2022-06-17T22:00:00,20.0,30.0,,,1.5700000000000005,,,,0.0138,0.0207,41.311922,-105.581147,2022,6,17,22
West,Knight Hall,2022-06-17T23:00:00,30.0,30.0,,,0.5800000000000001,,,,0.0207,0.0207,41.311922,-105.581147,2022,6,17,23
West,Knight Hall,2022-06-18T00:00:00,30.0,20.0,,,0.86,,,,0.0207,0.0138,41.311922,-105.581147,2022,6,18,0
West,Knight Hall,2022-06-18T01:00:00,30.0,30.0,,,,,,,0.0207,0.0207,41.311922,-105.581147,2022,6,18,1
West,Knight Hall,2022-06-18T02:00:00,20.0,30.0,,,0.52,,,,0.0138,0.0207,41.311922,-105.581147,2022,6,18,2
West,Knight Hall,2022-06-18T03:00:00,30.0,30.0,,,,,,,0.0207,0.0207,41.311922,-105.581147,2022,6,18,3
West,Knight Hall,2022-06-18T04:00:00,20.0,30.0,,,,,,,0.0138,0.0207,41.311922,-105.581147,2022,6,18,4
West,Knight Hall,2022-06-18T05:00:00,30.0,20.0,,,0.67,,,,0.0207,0.0138,41.311922,-105.581147,2022,6,18,5
West,Knight Hall,2022-06-18T06:00:00,20.0,30.0,,,,,,,0.0138,0.0207,41.311922,-105.581147,2022,6,18,6
West,Knight Hall,2022-06-18T07:00:00,40.0,50.0,,,0.52,,,,0.0276,0.034499999999999996,41.311922,-105.581147,2022,6,18,7
West,Knight Hall,2022-06-18T08:00:00,20.0,70.0,,,13.24,,,,0.0138,0.048299999999999996,41.311922,-105.581147,2022,6,18,8
West,Knight Hall,2022-06-18T09:00:00,40.0,70.0,,,0.75,,,,0.0276,0.048299999999999996,41.311922,-105.581147,2022,6,18,9
West,Knight Hall,2022-06-18T10:00:00,20.0,70.0,,,4.68,,,,0.0138,0.048299999999999996,41.311922,-105.581147,2022,6,18,10
West,Knight Hall,2022-06-18T11:00:00,40.0,80.0,,,,,,,0.0276,0.0552,41.311922,-105.581147,2022,6,18,11
West,Knight Hall,2022-06-18T12:00:00,20.0,60.0,,,0.67,,,,0.0138,0.0414,41.311922,-105.581147,2022,6,18,12
West,Knight Hall,2022-06-18T13:00:00,40.0,70.0,,,3.86,,,,0.0276,0.048299999999999996,41.311922,-105.581147,2022,6,18,13
West,Knight Hall,2022-06-18T14:00:00,20.0,70.0,,,34.09,,,,0.0138,0.048299999999999996,41.311922,-105.581147,2022,6,18,14
West,Knight Hall,2022-06-18T15:00:00,40.0,70.0,,,4.49,,,,0.0276,0.048299999999999996,41.311922,-105.581147,2022,6,18,15
West,Knight Hall,2022-06-18T16:00:00,20.0,60.0,,,,,,,0.0138,0.0414,41.311922,-105.581147,2022,6,18,16
West,Knight Hall,2022-06-18T17:00:00,30.0,40.0,,,0.04,,,,0.0207,0.0276,41.311922,-105.581147,2022,6,18,17
West,Knight Hall,2022-06-18T18:00:00,20.0,40.0,,,0.0699999999999999,,,,0.0138,0.0276,41.311922,-105.581147,2022,6,18,18
West,Knight Hall,2022-06-18T19:00:00,30.0,30.0,,,,,,,0.0207,0.0207,41.311922,-105.581147,2022,6,18,19
West,Knight Hall,2022-06-18T20:00:00,20.0,40.0,,,,,,,0.0138,0.0276,41.311922,-105.581147,2022,6,18,20
West,Knight Hall,2022-06-18T21:00:00,40.0,30.0,,,,,,,0.0276,0.0207,41.311922,-105.581147,2022,6,18,21
West,Knight Hall,2022-06-18T22:00:00,20.0,30.0,,,,,,,0.0138,0.0207,41.311922,-105.581147,2022,6,18,22
West,Knight Hall,2022-06-18T23:00:00,30.0,20.0,,,0.6900000000000001,,,,0.0207,0.0138,41.311922,-105.581147,2022,6,18,23
West,Knight Hall,2022-06-19T00:00:00,20.0,30.0,,,,,,,0.0138,0.0207,41.311922,-105.581147,2022,6,19,0
West,Knight Hall,2022-06-19T01:00:00,30.0,20.0,,,,,,,0.0207,0.0138,41.311922,-105.581147,2022,6,19,1
West,Knight Hall,2022-06-19T02:00:00,20.0,30.0,,,,,,,0.0138,0.0207,41.311922,-105.581147,2022,6,19,2
West,Knight Hall,2022-06-19T03:00:00,30.0,30.0,,,0.5800000000000001,,,,0.0207,0.0207,41.311922,-105.581147,2022,6,19,3
West,Knight Hall,2022-06-19T04:00:00,30.0,20.0,,,,,,,0.0207,0.0138,41.311922,-105.581147,2022,6,19,4
West,Knight Hall,2022-06-19T05:00:00,30.0,30.0,,,,,,,0.0207,0.0207,41.311922,-105.581147,2022,6,19,5
West,Knight Hall,2022-06-19T06:00:00,20.0,20.0,,,,,,,0.0138,0.0138,41.311922,-105.581147,2022,6,19,6
West,Knight Hall,2022-06-19T07:00:00,30.0,30.0,,,,,,,0.0207,0.0207,41.311922,-105.581147,2022,6,19,7
West,Knight Hall,2022-06-19T08:00:00,20.0,30.0,,,,,,,0.0138,0.0207,41.311922,-105.581147,2022,6,19,8
West,Knight Hall,2022-06-19T09:00:00,40.0,30.0,,,,,,,0.0276,0.0207,41.311922,-105.581147,2022,6,19,9
West,Knight Hall,2022-06-19T10:00:00,20.0,40.0,,,0.8999999999999999,,,,0.0138,0.0276,41.311922,-105.581147,2022,6,19,10
West,Knight Hall,2022-06-19T11:00:00,40.0,30.0,,,,,,,0.0276,0.0207,41.311922,-105.581147,2022,6,19,11
West,Knight Hall,2022-06-19T12:00:00,20.0,30.0,,,,,,,0.0138,0.0207,41.311922,-105.581147,2022,6,19,12
West,Knight Hall,2022-06-19T13:00:00,30.0,40.0,,,0.07,,,,0.0207,0.0276,41.311922,-105.581147,2022,6,19,13
West,Knight Hall,2022-06-19T14:00:00,30.0,30.0,,,,,,,0.0207,0.0207,41.311922,-105.581147,2022,6,19,14
West,Knight Hall,2022-06-19T15:00:00,30.0,30.0,,,0.8200000000000001,,,,0.0207,0.0207,41.311922,-105.581147,2022,6,19,15
West,Knight Hall,2022-06-19T16:00:00,20.0,20.0,,,0.04,,,,0.0138,0.0138,41.311922,-105.581147,2022,6,19,16
West,Knight Hall,2022-06-19T17:00:00,40.0,30.0,,,0.73,,,,0.0276,0.0207,41.311922,-105.581147,2022,6,19,17
West,Knight Hall,2022-06-19T18:00:00,20.0,30.0,,,0.48,,,,0.0138,0.0207,41.311922,-105.581147,2022,6,19,18
West,Knight Hall,2022-06-19T19:00:00,30.0,20.0,,,3.08,,,,0.0207,0.0138,41.311922,-105.581147,2022,6,19,19
West,Knight Hall,2022-06-19T20:00:00,20.0,30.0,,,1.59,,,,0.0138,0.0207,41.311922,-105.581147,2022,6,19,20
West,Knight Hall,2022-06-19T21:00:00,30.0,20.0,,,2.97,,,,0.0207,0.0138,41.311922,-105.581147,2022,6,19,21
West,Knight Hall,2022-06-19T22:00:00,30.0,30.0,,,0.6900000000000001,,,,0.0207,0.0207,41.311922,-105.581147,2022,6,19,22
West,Knight Hall,2022-06-19T23:00:00,30.0,20.0,,,,,,,0.0207,0.0138,41.311922,-105.581147,2022,6,19,23
West,Knight Hall,2022-06-20T00:00:00,20.0,30.0,,,,,,,0.0138,0.0207,41.311922,-105.581147,2022,6,20,0
West,Knight Hall,2022-06-20T01:00:00,30.0,30.0,,,,,,,0.0207,0.0207,41.311922,-105.581147,2022,6,20,1
West,Knight Hall,2022-06-20T02:00:00,20.0,20.0,,,,,,,0.0138,0.0138,41.311922,-105.581147,2022,6,20,2
West,Knight Hall,2022-06-20T03:00:00,30.0,30.0,,,,,,,0.0207,0.0207,41.311922,-105.581147,2022,6,20,3
West,Knight Hall,2022-06-20T04:00:00,20.0,20.0,,,,,,,0.0138,0.0138,41.311922,-105.581147,2022,6,20,4
West,Knight Hall,2022-06-20T05:00:00,40.0,30.0,,,0.56,,,,0.0276,0.0207,41.311922,-105.581147,2022,6,20,5
West,Knight Hall,2022-06-20T06:00:00,20.0,20.0,,,4.89,,,,0.0138,0.0138,41.311922,-105.581147,2022,6,20,6
West,Knight Hall,2022-06-20T07:00:00,70.0,30.0,,,17.49,,,,0.048299999999999996,0.0207,41.311922,-105.581147,2022,6,20,7
West,Knight Hall,2022-06-20T08:00:00,50.0,30.0,,,126.91,,,,0.034499999999999996,0.0207,41.311922,-105.581147,2022,6,20,8
West,Knight Hall,2022-06-20T09:00:00,,20.0,,,109.12,,,,,0.0138,41.311922,-105.581147,2022,6,20,9
West,Knight Hall,2022-06-20T10:00:00,50.0,30.0,,,,,,,0.034499999999999996,0.0207,41.311922,-105.581147,2022,6,20,10
West,Knight Hall,2022-06-20T11:00:00,,30.0,,,,,,,,0.0207,41.311922,-105.581147,2022,6,20,11
West,Knight Hall,2022-06-20T12:00:00,50.0,30.0,,,,,,,0.034499999999999996,0.0207,41.311922,-105.581147,2022,6,20,12
West,Knight Hall,2022-06-20T13:00:00,80.0,30.0,,,209.25,,,,0.0552,0.0207,41.311922,-105.581147,2022,6,20,13
West,Knight Hall,2022-06-20T14:00:00,50.0,30.0,,,,,,,0.034499999999999996,0.0207,41.311922,-105.581147,2022,6,20,14
West,Knight Hall,2022-06-20T15:00:00,80.0,20.0,,,113.19,,,,0.0552,0.0138,41.311922,-105.581147,2022,6,20,15
West,Knight Hall,2022-06-20T16:00:00,40.0,30.0,,,200.19,,,,0.0276,0.0207,41.311922,-105.581147,2022,6,20,16
West,Knight Hall,2022-06-20T17:00:00,50.0,20.0,,,,,,,0.034499999999999996,0.0138,41.311922,-105.581147,2022,6,20,17
West,Knight Hall,2022-06-20T18:00:00,30.0,30.0,,,33.72,,,,0.0207,0.0207,41.311922,-105.581147,2022,6,20,18
West,Knight Hall,2022-06-20T19:00:00,30.0,30.0,,,8.22,,,,0.0207,0.0207,41.311922,-105.581147,2022,6,20,19
West,Knight Hall,2022-06-20T20:00:00,30.0,20.0,,,0.78,,,,0.0207,0.0138,41.311922,-105.581147,2022,6,20,20
West,Knight Hall,2022-06-20T21:00:00,40.0,30.0,,,10.22,,,,0.0276,0.0207,41.311922,-105.581147,2022,6,20,21
West,Knight Hall,2022-06-20T22:00:00,20.0,20.0,,,18.02,,,,0.0138,0.0138,41.311922,-105.581147,2022,6,20,22
West,Knight Hall,2022-06-20T23:00:00,30.0,30.0,,,0.04,,,,0.0207,0.0207,41.311922,-105.581147,2022,6,20,23
West,Knight Hall,2022-06-21T00:00:00,30.0,20.0,,,0.02,,,,0.0207,0.0138,41.311922,-105.581147,2022,6,21,0
West,Knight Hall,2022-06-21T01:00:00,20.0,30.0,,,0.04,,,,0.0138,0.0207,41.311922,-105.581147,2022,6,21,1
West,Knight Hall,2022-06-21T02:00:00,30.0,30.0,,,0.8600000000000001,,,,0.0207,0.0207,41.311922,-105.581147,2022,6,21,2
West,Knight Hall,2022-06-21T03:00:00,30.0,20.0,,,,,,,0.0207,0.0138,41.311922,-105.581147,2022,6,21,3
West,Knight Hall,2022-06-21T04:00:00,30.0,30.0,,,0.17,,,,0.0207,0.0207,41.311922,-105.581147,2022,6,21,4
West,Knight Hall,2022-06-21T05:00:00,30.0,30.0,,,3.11,,,,0.0207,0.0207,41.311922,-105.581147,2022,6,21,5
West,Knight Hall,2022-06-21T06:00:00,20.0,30.0,,,5.56,,,,0.0138,0.0207,41.311922,-105.581147,2022,6,21,6
West,Knight Hall,2022-06-21T07:00:00,70.0,40.0,,,38.06,,,,0.048299999999999996,0.0276,41.311922,-105.581147,2022,6,21,7
West,Knight Hall,2022-06-21T08:00:00,60.0,70.0,,,97.15,,,,0.0414,0.048299999999999996,41.311922,-105.581147,2022,6,21,8
West,Knight Hall,2022-06-21T09:00:00,80.0,70.0,,,222.75,,,,0.0552,0.048299999999999996,41.311922,-105.581147,2022,6,21,9
West,Knight Hall,2022-06-21T10:00:00,70.0,80.0,,,185.45,,,,0.048299999999999996,0.0552,41.311922,-105.581147,2022,6,21,10
West,Knight Hall,2022-06-21T11:00:00,70.0,70.0,,,215.28,,,,0.048299999999999996,0.048299999999999996,41.311922,-105.581147,2022,6,21,11
West,Knight Hall,2022-06-21T12:00:00,70.0,70.0,,,114.81,,,,0.048299999999999996,0.048299999999999996,41.311922,-105.581147,2022,6,21,12
West,Knight Hall,2022-06-21T13:00:00,80.0,70.0,,,69.3,,,,0.0552,0.048299999999999996,41.311922,-105.581147,2022,6,21,13
West,Knight Hall,2022-06-21T14:00:00,60.0,70.0,,,67.03000000000002,,,,0.0414,0.048299999999999996,41.311922,-105.581147,2022,6,21,14
West,Knight Hall,2022-06-21T15:00:00,70.0,70.0,,,78.35,,,,0.048299999999999996,0.048299999999999996,41.311922,-105.581147,2022,6,21,15
West,Knight Hall,2022-06-21T16:00:00,60.0,60.0,,,51.94,,,,0.0414,0.0414,41.311922,-105.581147,2022,6,21,16
West,Knight Hall,2022-06-21T17:00:00,50.0,50.0,,,44.24,,,,0.034499999999999996,0.034499999999999996,41.311922,-105.581147,2022,6,21,17
West,Knight Hall,2022-06-21T18:00:00,30.0,40.0,,,9.27,,,,0.0207,0.0276,41.311922,-105.581147,2022,6,21,18
West,Knight Hall,2022-06-21T19:00:00,50.0,30.0,,,23.03,,,,0.034499999999999996,0.0207,41.311922,-105.581147,2022,6,21,19
West,Knight Hall,2022-06-21T20:00:00,20.0,30.0,,,9.36,,,,0.0138,0.0207,41.311922,-105.581147,2022,6,21,20
West,Knight Hall,2022-06-21T21:00:00,30.0,40.0,,,15.37,,,,0.0207,0.0276,41.311922,-105.581147,2022,6,21,21
West,Knight Hall,2022-06-21T22:00:00,30.0,30.0,,,2.54,,,,0.0207,0.0207,41.311922,-105.581147,2022,6,21,22
West,Knight Hall,2022-06-21T23:00:00,30.0,20.0,,,1.6,,,,0.0207,0.0138,41.311922,-105.581147,2022,6,21,23
West,Knight Hall,2022-06-22T00:00:00,20.0,30.0,,,1.68,,,,0.0138,0.0207,41.311922,-105.581147,2022,6,22,0
West,Knight Hall,2022-06-22T01:00:00,40.0,20.0,,,2.01,,,,0.0276,0.0138,41.311922,-105.581147,2022,6,22,1
West,Knight Hall,2022-06-22T02:00:00,20.0,30.0,,,1.6,,,,0.0138,0.0207,41.311922,-105.581147,2022,6,22,2
West,Knight Hall,2022-06-22T03:00:00,30.0,30.0,,,1.98,,,,0.0207,0.0207,41.311922,-105.581147,2022,6,22,3
West,Knight Hall,2022-06-22T04:00:00,20.0,30.0,,,2.41,,,,0.0138,0.0207,41.311922,-105.581147,2022,6,22,4
West,Knight Hall,2022-06-22T05:00:00,40.0,20.0,,,9.1,,,,0.0276,0.0138,41.311922,-105.581147,2022,6,22,5
West,Knight Hall,2022-06-22T06:00:00,30.0,30.0,,,11.170000000000002,,,,0.0207,0.0207,41.311922,-105.581147,2022,6,22,6
West,Knight Hall,2022-06-22T07:00:00,70.0,50.0,,,25.700000000000003,,,,0.048299999999999996,0.034499999999999996,41.311922,-105.581147,2022,6,22,7
West,Knight Hall,2022-06-22T08:00:00,60.0,70.0,,,47.970000000000006,,,,0.0414,0.048299999999999996,41.311922,-105.581147,2022,6,22,8
West,Knight Hall,2022-06-22T09:00:00,,80.0,,,93.06,,,,,0.0552,41.311922,-105.581147,2022,6,22,9
West,Knight Hall,2022-06-22T10:00:00,60.0,80.0,,,124.0,,,,0.0414,0.0552,41.311922,-105.581147,2022,6,22,10
West,Knight Hall,2022-06-22T11:00:00,80.0,80.0,,,102.16,,,,0.0552,0.0552,41.311922,-105.581147,2022,6,22,11
West,Knight Hall,2022-06-22T12:00:00,70.0,70.0,,,201.66000000000005,,,,0.048299999999999996,0.048299999999999996,41.311922,-105.581147,2022,6,22,12
West,Knight Hall,2022-06-22T13:00:00,,70.0,,,201.92,,,,,0.048299999999999996,41.311922,-105.581147,2022,6,22,13
West,Knight Hall,2022-06-22T14:00:00,60.0,70.0,,,,,,,0.0414,0.048299999999999996,41.311922,-105.581147,2022,6,22,14
West,Knight Hall,2022-06-22T15:00:00,80.0,70.0,,,89.33,,,,0.0552,0.048299999999999996,41.311922,-105.581147,2022,6,22,15
West,Knight Hall,2022-06-22T16:00:00,50.0,70.0,,,31.98,,,,0.034499999999999996,0.048299999999999996,41.311922,-105.581147,2022,6,22,16
West,Knight Hall,2022-06-22T17:00:00,60.0,40.0,,,45.52,,,,0.0414,0.0276,41.311922,-105.581147,2022,6,22,17
West,Knight Hall,2022-06-22T18:00:00,30.0,40.0,,,16.08,,,,0.0207,0.0276,41.311922,-105.581147,2022,6,22,18
West,Knight Hall,2022-06-22T19:00:00,40.0,40.0,,,1.34,,,,0.0276,0.0276,41.311922,-105.581147,2022,6,22,19
West,Knight Hall,2022-06-22T20:00:00,30.0,40.0,,,2.8200000000000003,,,,0.0207,0.0276,41.311922,-105.581147,2022,6,22,20
West,Knight Hall,2022-06-22T21:00:00,40.0,30.0,,,17.72,,,,0.0276,0.0207,41.311922,-105.581147,2022,6,22,21
West,Knight Hall,2022-06-22T22:00:00,20.0,40.0,,,3.04,,,,0.0138,0.0276,41.311922,-105.581147,2022,6,22,22
West,Knight Hall,2022-06-22T23:00:00,30.0,20.0,,,,,,,0.0207,0.0138,41.311922,-105.581147,2022,6,22,23
West,Knight Hall,2022-06-23T00:00:00,30.0,30.0,,,,,,,0.0207,0.0207,41.311922,-105.581147,2022,6,23,0
West,Knight Hall,2022-06-23T01:00:00,30.0,30.0,,,0.32,,,,0.0207,0.0207,41.311922,-105.581147,2022,6,23,1
West,Knight Hall,2022-06-23T02:00:00,20.0,20.0,,,,,,,0.0138,0.0138,41.311922,-105.581147,2022,6,23,2
West,Knight Hall,2022-06-23T03:00:00,30.0,30.0,,,0.15,,,,0.0207,0.0207,41.311922,-105.581147,2022,6,23,3
West,Knight Hall,2022-06-23T04:00:00,20.0,30.0,,,,,,,0.0138,0.0207,41.311922,-105.581147,2022,6,23,4
West,Knight Hall,2022-06-23T05:00:00,30.0,30.0,,,,,,,0.0207,0.0207,41.311922,-105.581147,2022,6,23,5
West,Knight Hall,2022-06-23T06:00:00,40.0,30.0,,,10.46,,,,0.0276,0.0207,41.311922,-105.581147,2022,6,23,6
West,Knight Hall,2022-06-23T07:00:00,60.0,40.0,,,13.82,,,,0.0414,0.0276,41.311922,-105.581147,2022,6,23,7
West,Knight Hall,2022-06-23T08:00:00,60.0,80.0,,,60.64999999999999,,,,0.0414,0.0552,41.311922,-105.581147,2022,6,23,8
West,Knight Hall,2022-06-23T09:00:00,,70.0,,,80.28999999999999,,,,,0.048299999999999996,41.311922,-105.581147,2022,6,23,9
West,Knight Hall,2022-06-23T10:00:00,60.0,80.0,,,,,,,0.0414,0.0552,41.311922,-105.581147,2022,6,23,10
West,Knight Hall,2022-06-23T11:00:00,,80.0,,,,,,,,0.0552,41.311922,-105.581147,2022,6,23,11
West,Knight Hall,2022-06-23T12:00:00,50.0,80.0,,,,,,,0.034499999999999996,0.0552,41.311922,-105.581147,2022,6,23,12
West,Knight Hall,2022-06-23T13:00:00,,70.0,,,,,,,,0.048299999999999996,41.311922,-105.581147,2022,6,23,13
West,Knight Hall,2022-06-23T14:00:00,60.0,80.0,,,,,,,0.0414,0.0552,41.311922,-105.581147,2022,6,23,14
West,Knight Hall,2022-06-23T15:00:00,80.0,70.0,,,173.35,,,,0.0552,0.048299999999999996,41.311922,-105.581147,2022,6,23,15
West,Knight Hall,2022-06-23T16:00:00,50.0,60.0,,,110.31,,,,0.034499999999999996,0.0414,41.311922,-105.581147,2022,6,23,16
West,Knight Hall,2022-06-23T17:00:00,50.0,50.0,,,64.88,,,,0.034499999999999996,0.034499999999999996,41.311922,-105.581147,2022,6,23,17
West,Knight Hall,2022-06-23T18:00:00,30.0,40.0,,,10.46,,,,0.0207,0.0276,41.311922,-105.581147,2022,6,23,18
West,Knight Hall,2022-06-23T19:00:00,30.0,30.0,,,14.66,,,,0.0207,0.0207,41.311922,-105.581147,2022,6,23,19
West,Knight Hall,2022-06-23T20:00:00,30.0,30.0,,,13.73,,,,0.0207,0.0207,41.311922,-105.581147,2022,6,23,20
West,Knight Hall,2022-06-23T21:00:00,30.0,40.0,,,4.72,,,,0.0207,0.0276,41.311922,-105.581147,2022,6,23,21
West,Knight Hall,2022-06-23T22:00:00,30.0,20.0,,,4.16,,,,0.0207,0.0138,41.311922,-105.581147,2022,6,23,22
West,Knight Hall,2022-06-23T23:00:00,30.0,30.0,,,1.4900000000000002,,,,0.0207,0.0207,41.311922,-105.581147,2022,6,23,23
West,Knight Hall,2022-06-24T00:00:00,30.0,30.0,,,1.03,,,,0.0207,0.0207,41.311922,-105.581147,2022,6,24,0
West,Knight Hall,2022-06-24T01:00:00,30.0,20.0,,,1.73,,,,0.0207,0.0138,41.311922,-105.581147,2022,6,24,1
West,Knight Hall,2022-06-24T02:00:00,20.0,30.0,,,0.99,,,,0.0138,0.0207,41.311922,-105.581147,2022,6,24,2
West,Knight Hall,2022-06-24T03:00:00,30.0,30.0,,,0.95,,,,0.0207,0.0207,41.311922,-105.581147,2022,6,24,3
West,Knight Hall,2022-06-24T04:00:00,30.0,20.0,,,1.34,,,,0.0207,0.0138,41.311922,-105.581147,2022,6,24,4
West,Knight Hall,2022-06-24T05:00:00,30.0,30.0,,,1.03,,,,0.0207,0.0207,41.311922,-105.581147,2022,6,24,5
West,Knight Hall,2022-06-24T06:00:00,30.0,30.0,,,8.78,,,,0.0207,0.0207,41.311922,-105.581147,2022,6,24,6
West,Knight Hall,2022-06-24T07:00:00,60.0,50.0,,,18.39,,,,0.0414,0.034499999999999996,41.311922,-105.581147,2022,6,24,7
West,Knight Hall,2022-06-24T08:00:00,60.0,70.0,,,57.44,,,,0.0414,0.048299999999999996,41.311922,-105.581147,2022,6,24,8
West,Knight Hall,2022-06-24T09:00:00,70.0,80.0,,,69.14,,,,0.048299999999999996,0.0552,41.311922,-105.581147,2022,6,24,9
West,Knight Hall,2022-06-24T10:00:00,80.0,,,,65.67,,,,0.0552,,41.311922,-105.581147,2022,6,24,10
West,Knight Hall,2022-06-24T11:00:00,80.0,80.0,,,69.02000000000001,,,,0.0552,0.0552,41.311922,-105.581147,2022,6,24,11
West,Knight Hall,2022-06-24T12:00:00,60.0,70.0,,,53.62,,,,0.0414,0.048299999999999996,41.311922,-105.581147,2022,6,24,12
West,Knight Hall,2022-06-24T13:00:00,70.0,80.0,,,87.21,,,,0.048299999999999996,0.0552,41.311922,-105.581147,2022,6,24,13
West,Knight Hall,2022-06-24T14:00:00,60.0,80.0,,,49.24,,,,0.0414,0.0552,41.311922,-105.581147,2022,6,24,14
West,Knight Hall,2022-06-24T15:00:00,80.0,70.0,,,46.64,,,,0.0552,0.048299999999999996,41.311922,-105.581147,2022,6,24,15
West,Knight Hall,2022-06-24T16:00:00,40.0,60.0,,,29.49,,,,0.0276,0.0414,41.311922,-105.581147,2022,6,24,16
West,Knight Hall,2022-06-24T17:00:00,50.0,50.0,,,5.05,,,,0.034499999999999996,0.034499999999999996,41.311922,-105.581147,2022,6,24,17
West,Knight Hall,2022-06-24T18:00:00,30.0,40.0,,,69.06000000000002,,,,0.0207,0.0276,41.311922,-105.581147,2022,6,24,18
West,Knight Hall,2022-06-24T19:00:00,30.0,30.0,,,62.63,,,,0.0207,0.0207,41.311922,-105.581147,2022,6,24,19
West,Knight Hall,2022-06-24T20:00:00,30.0,30.0,,,57.4,,,,0.0207,0.0207,41.311922,-105.581147,2022,6,24,20
West,Knight Hall,2022-06-24T21:00:00,30.0,40.0,,,37.540000000000006,,,,0.0207,0.0276,41.311922,-105.581147,2022,6,24,21
West,Knight Hall,2022-06-24T22:00:00,20.0,30.0,,,35.10000000000001,,,,0.0138,0.0207,41.311922,-105.581147,2022,6,24,22
West,Knight Hall,2022-06-24T23:00:00,30.0,20.0,,,24.790000000000003,,,,0.0207,0.0138,41.311922,-105.581147,2022,6,24,23
West,Knight Hall,2022-06-25T00:00:00,30.0,30.0,,,22.12,,,,0.0207,0.0207,41.311922,-105.581147,2022,6,25,0
West,Knight Hall,2022-06-25T01:00:00,30.0,30.0,,,21.54,,,,0.0207,0.0207,41.311922,-105.581147,2022,6,25,1
West,Knight Hall,2022-06-25T02:00:00,20.0,20.0,,,21.130000000000003,,,,0.0138,0.0138,41.311922,-105.581147,2022,6,25,2
West,Knight Hall,2022-06-25T03:00:00,20.0,30.0,,,20.35,,,,0.0138,0.0207,41.311922,-105.581147,2022,6,25,3
West,Knight Hall,2022-06-25T04:00:00,30.0,30.0,,,19.96,,,,0.0207,0.0207,41.311922,-105.581147,2022,6,25,4
West,Knight Hall,2022-06-25T05:00:00,30.0,20.0,,,21.76,,,,0.0207,0.0138,41.311922,-105.581147,2022,6,25,5
West,Knight Hall,2022-06-25T06:00:00,20.0,30.0,,,25.94,,,,0.0138,0.0207,41.311922,-105.581147,2022,6,25,6
West,Knight Hall,2022-06-25T07:00:00,30.0,40.0,,,22.34,,,,0.0207,0.0276,41.311922,-105.581147,2022,6,25,7
West,Knight Hall,2022-06-25T08:00:00,30.0,70.0,,,25.68,,,,0.0207,0.048299999999999996,41.311922,-105.581147,2022,6,25,8
West,Knight Hall,2022-06-25T09:00:00,30.0,70.0,,,29.059999999999995,,,,0.0207,0.048299999999999996,41.311922,-105.581147,2022,6,25,9
West,Knight Hall,2022-06-25T10:00:00,30.0,70.0,,,25.87,,,,0.0207,0.048299999999999996,41.311922,-105.581147,2022,6,25,10
West,Knight Hall,2022-06-25T11:00:00,30.0,70.0,,,26.43,,,,0.0207,0.048299999999999996,41.311922,-105.581147,2022,6,25,11
West,Knight Hall,2022-06-25T12:00:00,30.0,70.0,,,32.230000000000004,,,,0.0207,0.048299999999999996,41.311922,-105.581147,2022,6,25,12
West,Knight Hall,2022-06-25T13:00:00,40.0,70.0,,,25.96,,,,0.0276,0.048299999999999996,41.311922,-105.581147,2022,6,25,13
West,Knight Hall,2022-06-25T14:00:00,30.0,60.0,,,20.16,,,,0.0207,0.0414,41.311922,-105.581147,2022,6,25,14
West,Knight Hall,2022-06-25T15:00:00,30.0,70.0,,,23.35,,,,0.0207,0.048299999999999996,41.311922,-105.581147,2022,6,25,15
West,Knight Hall,2022-06-25T16:00:00,30.0,60.0,,,18.950000000000003,,,,0.0207,0.0414,41.311922,-105.581147,2022,6,25,16
West,Knight Hall,2022-06-25T17:00:00,20.0,40.0,,,16.32,,,,0.0138,0.0276,41.311922,-105.581147,2022,6,25,17
West,Knight Hall,2022-06-25T18:00:00,30.0,40.0,,,16.060000000000002,,,,0.0207,0.0276,41.311922,-105.581147,2022,6,25,18
West,Knight Hall,2022-06-25T19:00:00,30.0,30.0,,,16.130000000000003,,,,0.0207,0.0207,41.311922,-105.581147,2022,6,25,19
West,Knight Hall,2022-06-25T20:00:00,20.0,30.0,,,15.52,,,,0.0138,0.0207,41.311922,-105.581147,2022,6,25,20
West,Knight Hall,2022-06-25T21:00:00,30.0,40.0,,,15.09,,,,0.0207,0.0276,41.311922,-105.581147,2022,6,25,21
West,Knight Hall,2022-06-25T22:00:00,20.0,20.0,,,14.64,,,,0.0138,0.0138,41.311922,-105.581147,2022,6,25,22
West,Knight Hall,2022-06-25T23:00:00,30.0,30.0,,,14.88,,,,0.0207,0.0207,41.311922,-105.581147,2022,6,25,23
West,Knight Hall,2022-06-26T00:00:00,30.0,20.0,,,15.22,,,,0.0207,0.0138,41.311922,-105.581147,2022,6,26,0
West,Knight Hall,2022-06-26T01:00:00,20.0,30.0,,,15.03,,,,0.0138,0.0207,41.311922,-105.581147,2022,6,26,1
West,Knight Hall,2022-06-26T02:00:00,30.0,20.0,,,14.12,,,,0.0207,0.0138,41.311922,-105.581147,2022,6,26,2
West,Knight Hall,2022-06-26T03:00:00,30.0,30.0,,,14.16,,,,0.0207,0.0207,41.311922,-105.581147,2022,6,26,3
West,Knight Hall,2022-06-26T04:00:00,20.0,20.0,,,14.489999999999998,,,,0.0138,0.0138,41.311922,-105.581147,2022,6,26,4
West,Knight Hall,2022-06-26T05:00:00,30.0,30.0,,,14.529999999999998,,,,0.0207,0.0207,41.311922,-105.581147,2022,6,26,5
West,Knight Hall,2022-06-26T06:00:00,30.0,20.0,,,14.64,,,,0.0207,0.0138,41.311922,-105.581147,2022,6,26,6
West,Knight Hall,2022-06-26T07:00:00,20.0,30.0,,,14.6,,,,0.0138,0.0207,41.311922,-105.581147,2022,6,26,7
West,Knight Hall,2022-06-26T08:00:00,30.0,20.0,,,14.23,,,,0.0207,0.0138,41.311922,-105.581147,2022,6,26,8
West,Knight Hall,2022-06-26T09:00:00,30.0,30.0,,,15.85,,,,0.0207,0.0207,41.311922,-105.581147,2022,6,26,9
West,Knight Hall,2022-06-26T10:00:00,30.0,30.0,,,15.82,,,,0.0207,0.0207,41.311922,-105.581147,2022,6,26,10
West,Knight Hall,2022-06-26T11:00:00,30.0,30.0,,,15.33,,,,0.0207,0.0207,41.311922,-105.581147,2022,6,26,11
West,Knight Hall,2022-06-26T12:00:00,30.0,20.0,,,16.45,,,,0.0207,0.0138,41.311922,-105.581147,2022,6,26,12
West,Knight Hall,2022-06-26T13:00:00,40.0,30.0,,,14.829999999999998,,,,0.0276,0.0207,41.311922,-105.581147,2022,6,26,13
West,Knight Hall,2022-06-26T14:00:00,30.0,30.0,,,17.2,,,,0.0207,0.0207,41.311922,-105.581147,2022,6,26,14
West,Knight Hall,2022-06-26T15:00:00,30.0,30.0,,,17.310000000000002,,,,0.0207,0.0207,41.311922,-105.581147,2022,6,26,15
West,Knight Hall,2022-06-26T16:00:00,40.0,20.0,,,15.52,,,,0.0276,0.0138,41.311922,-105.581147,2022,6,26,16
West,Knight Hall,2022-06-26T17:00:00,20.0,30.0,,,15.48,,,,0.0138,0.0207,41.311922,-105.581147,2022,6,26,17
West,Knight Hall,2022-06-26T18:00:00,30.0,20.0,,,15.42,,,,0.0207,0.0138,41.311922,-105.581147,2022,6,26,18
West,Knight Hall,2022-06-26T19:00:00,30.0,30.0,,,20.81,,,,0.0207,0.0207,41.311922,-105.581147,2022,6,26,19
West,Knight Hall,2022-06-26T20:00:00,30.0,20.0,,,22.62,,,,0.0207,0.0138,41.311922,-105.581147,2022,6,26,20
West,Knight Hall,2022-06-26T21:00:00,20.0,30.0,,,13.04,,,,0.0138,0.0207,41.311922,-105.581147,2022,6,26,21
West,Knight Hall,2022-06-26T22:00:00,30.0,20.0,,,12.09,,,,0.0207,0.0138,41.311922,-105.581147,2022,6,26,22
West,Knight Hall,2022-06-26T23:00:00,20.0,30.0,,,11.84,,,,0.0138,0.0207,41.311922,-105.581147,2022,6,26,23
West,Knight Hall,2022-06-27T00:00:00,30.0,20.0,,,12.1,,,,0.0207,0.0138,41.311922,-105.581147,2022,6,27,0
West,Knight Hall,2022-06-27T01:00:00,30.0,30.0,,,12.57,,,,0.0207,0.0207,41.311922,-105.581147,2022,6,27,1
West,Knight Hall,2022-06-27T02:00:00,20.0,20.0,,,12.66,,,,0.0138,0.0138,41.311922,-105.581147,2022,6,27,2
West,Knight Hall,2022-06-27T03:00:00,30.0,20.0,,,12.64,,,,0.0207,0.0138,41.311922,-105.581147,2022,6,27,3
West,Knight Hall,2022-06-27T04:00:00,30.0,30.0,,,13.89,,,,0.0207,0.0207,41.311922,-105.581147,2022,6,27,4
West,Knight Hall,2022-06-27T05:00:00,30.0,20.0,,,13.82,,,,0.0207,0.0138,41.311922,-105.581147,2022,6,27,5
West,Knight Hall,2022-06-27T06:00:00,30.0,30.0,,,21.410000000000004,,,,0.0207,0.0207,41.311922,-105.581147,2022,6,27,6
West,Knight Hall,2022-06-27T07:00:00,60.0,20.0,,,50.58,,,,0.0414,0.0138,41.311922,-105.581147,2022,6,27,7
West,Knight Hall,2022-06-27T08:00:00,60.0,30.0,,,98.28,,,,0.0414,0.0207,41.311922,-105.581147,2022,6,27,8
West,Knight Hall,2022-06-27T09:00:00,60.0,30.0,,,99.22,,,,0.0414,0.0207,41.311922,-105.581147,2022,6,27,9
West,Knight Hall,2022-06-27T10:00:00,70.0,30.0,,,114.58,,,,0.048299999999999996,0.0207,41.311922,-105.581147,2022,6,27,10
West,Knight Hall,2022-06-27T11:00:00,70.0,20.0,,,103.06000000000002,,,,0.048299999999999996,0.0138,41.311922,-105.581147,2022,6,27,11
West,Knight Hall,2022-06-27T12:00:00,70.0,30.0,,,80.17999999999999,,,,0.048299999999999996,0.0207,41.311922,-105.581147,2022,6,27,12
West,Knight Hall,2022-06-27T13:00:00,70.0,30.0,,,61.58,,,,0.048299999999999996,0.0207,41.311922,-105.581147,2022,6,27,13
West,Knight Hall,2022-06-27T14:00:00,60.0,20.0,,,62.64,,,,0.0414,0.0138,41.311922,-105.581147,2022,6,27,14
West,Knight Hall,2022-06-27T15:00:00,70.0,30.0,,,59.17999999999999,,,,0.048299999999999996,0.0207,41.311922,-105.581147,2022,6,27,15
West,Knight Hall,2022-06-27T16:00:00,50.0,30.0,,,57.650000000000006,,,,0.034499999999999996,0.0207,41.311922,-105.581147,2022,6,27,16
West,Knight Hall,2022-06-27T17:00:00,50.0,20.0,,,17.79,,,,0.034499999999999996,0.0138,41.311922,-105.581147,2022,6,27,17
West,Knight Hall,2022-06-27T18:00:00,40.0,30.0,,,46.7,,,,0.0276,0.0207,41.311922,-105.581147,2022,6,27,18
West,Knight Hall,2022-06-27T19:00:00,40.0,20.0,,,14.99,,,,0.0276,0.0138,41.311922,-105.581147,2022,6,27,19
West,Knight Hall,2022-06-27T20:00:00,20.0,30.0,,,20.37,,,,0.0138,0.0207,41.311922,-105.581147,2022,6,27,20
West,Knight Hall,2022-06-27T21:00:00,40.0,30.0,,,13.47,,,,0.0276,0.0207,41.311922,-105.581147,2022,6,27,21
West,Knight Hall,2022-06-27T22:00:00,20.0,20.0,,,11.62,,,,0.0138,0.0138,41.311922,-105.581147,2022,6,27,22
West,Knight Hall,2022-06-27T23:00:00,30.0,30.0,,,0.34,,,,0.0207,0.0207,41.311922,-105.581147,2022,6,27,23
West,Knight Hall,2022-06-28T00:00:00,30.0,30.0,,,,,,,0.0207,0.0207,41.311922,-105.581147,2022,6,28,0
West,Knight Hall,2022-06-28T01:00:00,20.0,20.0,,,,,,,0.0138,0.0138,41.311922,-105.581147,2022,6,28,1
West,Knight Hall,2022-06-28T02:00:00,30.0,30.0,,,7.35,,,,0.0207,0.0207,41.311922,-105.581147,2022,6,28,2
West,Knight Hall,2022-06-28T03:00:00,20.0,30.0,,,14.32,,,,0.0138,0.0207,41.311922,-105.581147,2022,6,28,3
West,Knight Hall,2022-06-28T04:00:00,30.0,30.0,,,,,,,0.0207,0.0207,41.311922,-105.581147,2022,6,28,4
West,Knight Hall,2022-06-28T05:00:00,30.0,30.0,,,,,,,0.0207,0.0207,41.311922,-105.581147,2022,6,28,5
West,Knight Hall,2022-06-28T06:00:00,30.0,30.0,,,0.04,,,,0.0207,0.0207,41.311922,-105.581147,2022,6,28,6
West,Knight Hall,2022-06-28T07:00:00,50.0,40.0,,,32.47,,,,0.034499999999999996,0.0276,41.311922,-105.581147,2022,6,28,7
West,Knight Hall,2022-06-28T08:00:00,70.0,70.0,,,64.47000000000001,,,,0.048299999999999996,0.048299999999999996,41.311922,-105.581147,2022,6,28,8
West,Knight Hall,2022-06-28T09:00:00,70.0,70.0,,,101.14,,,,0.048299999999999996,0.048299999999999996,41.311922,-105.581147,2022,6,28,9
West,Knight Hall,2022-06-28T10:00:00,80.0,60.0,,,97.71,,,,0.0552,0.0414,41.311922,-105.581147,2022,6,28,10
West,Knight Hall,2022-06-28T11:00:00,70.0,70.0,,,126.91,,,,0.048299999999999996,0.048299999999999996,41.311922,-105.581147,2022,6,28,11
West,Knight Hall,2022-06-28T12:00:00,60.0,60.0,,,47.33,,,,0.0414,0.0414,41.311922,-105.581147,2022,6,28,12
West,Knight Hall,2022-06-28T13:00:00,70.0,70.0,,,51.16,,,,0.048299999999999996,0.048299999999999996,41.311922,-105.581147,2022,6,28,13
West,Knight Hall,2022-06-28T14:00:00,70.0,60.0,,,65.27,,,,0.048299999999999996,0.0414,41.311922,-105.581147,2022,6,28,14
West,Knight Hall,2022-06-28T15:00:00,60.0,70.0,,,55.26,,,,0.0414,0.048299999999999996,41.311922,-105.581147,2022,6,28,15
West,Knight Hall,2022-06-28T16:00:00,60.0,60.0,,,51.14,,,,0.0414,0.0414,41.311922,-105.581147,2022,6,28,16
West,Knight Hall,2022-06-28T17:00:00,50.0,50.0,,,34.88,,,,0.034499999999999996,0.034499999999999996,41.311922,-105.581147,2022,6,28,17
West,Knight Hall,2022-06-28T18:00:00,30.0,30.0,,,8.32,,,,0.0207,0.0207,41.311922,-105.581147,2022,6,28,18
West,Knight Hall,2022-06-28T19:00:00,40.0,40.0,,,21.11,,,,0.0276,0.0276,41.311922,-105.581147,2022,6,28,19
West,Knight Hall,2022-06-28T20:00:00,20.0,30.0,,,29.58,,,,0.0138,0.0207,41.311922,-105.581147,2022,6,28,20
West,Knight Hall,2022-06-28T21:00:00,30.0,30.0,,,5.56,,,,0.0207,0.0207,41.311922,-105.581147,2022,6,28,21
West,Knight Hall,2022-06-28T22:00:00,30.0,30.0,,,2.5,,,,0.0207,0.0207,41.311922,-105.581147,2022,6,28,22
West,Knight Hall,2022-06-28T23:00:00,30.0,30.0,,,,,,,0.0207,0.0207,41.311922,-105.581147,2022,6,28,23
West,Knight Hall,2022-06-29T00:00:00,20.0,20.0,,,,,,,0.0138,0.0138,41.311922,-105.581147,2022,6,29,0
West,Knight Hall,2022-06-29T01:00:00,30.0,30.0,,,0.11,,,,0.0207,0.0207,41.311922,-105.581147,2022,6,29,1
West,Knight Hall,2022-06-29T02:00:00,30.0,20.0,,,,,,,0.0207,0.0138,41.311922,-105.581147,2022,6,29,2
West,Knight Hall,2022-06-29T03:00:00,30.0,30.0,,,,,,,0.0207,0.0207,41.311922,-105.581147,2022,6,29,3
West,Knight Hall,2022-06-29T04:00:00,20.0,30.0,,,,,,,0.0138,0.0207,41.311922,-105.581147,2022,6,29,4
West,Knight Hall,2022-06-29T05:00:00,40.0,20.0,,,,,,,0.0276,0.0138,41.311922,-105.581147,2022,6,29,5
West,Knight Hall,2022-06-29T06:00:00,6.0,30.0,,,0.19,,,,0.00414,0.0207,41.311922,-105.581147,2022,6,29,6
West,Knight Hall,2022-06-29T07:00:00,24.0,50.0,,,15.18,,,,0.01656,0.034499999999999996,41.311922,-105.581147,2022,6,29,7
West,Knight Hall,2022-06-29T08:00:00,50.0,70.0,,,22.9,,,,0.034499999999999996,0.048299999999999996,41.311922,-105.581147,2022,6,29,8
West,Knight Hall,2022-06-29T09:00:00,70.0,70.0,,,87.11,,,,0.048299999999999996,0.048299999999999996,41.311922,-105.581147,2022,6,29,9
West,Knight Hall,2022-06-29T10:00:00,70.0,70.0,,,59.16,,,,0.048299999999999996,0.048299999999999996,41.311922,-105.581147,2022,6,29,10
West,Knight Hall,2022-06-29T11:00:00,80.0,70.0,,,71.62,,,,0.0552,0.048299999999999996,41.311922,-105.581147,2022,6,29,11
West,Knight Hall,2022-06-29T12:00:00,70.0,60.0,,,51.59,,,,0.048299999999999996,0.0414,41.311922,-105.581147,2022,6,29,12
West,Knight Hall,2022-06-29T13:00:00,70.0,70.0,,,41.27,,,,0.048299999999999996,0.048299999999999996,41.311922,-105.581147,2022,6,29,13
West,Knight Hall,2022-06-29T14:00:00,60.0,70.0,,,53.17,,,,0.0414,0.048299999999999996,41.311922,-105.581147,2022,6,29,14
West,Knight Hall,2022-06-29T15:00:00,80.0,70.0,,,50.67,,,,0.0552,0.048299999999999996,41.311922,-105.581147,2022,6,29,15
West,Knight Hall,2022-06-29T16:00:00,50.0,60.0,,,149.96,,,,0.034499999999999996,0.0414,41.311922,-105.581147,2022,6,29,16
West,Knight Hall,2022-06-29T17:00:00,50.0,40.0,,,198.14,,,,0.034499999999999996,0.0276,41.311922,-105.581147,2022,6,29,17
West,Knight Hall,2022-06-29T18:00:00,40.0,40.0,,,144.13,,,,0.0276,0.0276,41.311922,-105.581147,2022,6,29,18
West,Knight Hall,2022-06-29T19:00:00,40.0,40.0,,,7.46,,,,0.0276,0.0276,41.311922,-105.581147,2022,6,29,19
West,Knight Hall,2022-06-29T20:00:00,30.0,30.0,,,37.0,,,,0.0207,0.0207,41.311922,-105.581147,2022,6,29,20
West,Knight Hall,2022-06-29T21:00:00,30.0,30.0,,,1.98,,,,0.0207,0.0207,41.311922,-105.581147,2022,6,29,21
West,Knight Hall,2022-06-29T22:00:00,40.0,20.0,,,4.63,,,,0.0276,0.0138,41.311922,-105.581147,2022,6,29,22
West,Knight Hall,2022-06-29T23:00:00,30.0,30.0,,,5.15,,,,0.0207,0.0207,41.311922,-105.581147,2022,6,29,23
West,Knight Hall,2022-06-30T00:00:00,20.0,20.0,,,,,,,0.0138,0.0138,41.311922,-105.581147,2022,6,30,0
West,Knight Hall,2022-06-30T01:00:00,30.0,30.0,,,,,,,0.0207,0.0207,41.311922,-105.581147,2022,6,30,1
West,Knight Hall,2022-06-30T02:00:00,30.0,20.0,,,,,,,0.0207,0.0138,41.311922,-105.581147,2022,6,30,2
West,Knight Hall,2022-06-30T03:00:00,40.0,30.0,,,0.34,,,,0.0276,0.0207,41.311922,-105.581147,2022,6,30,3
West,Knight Hall,2022-06-30T04:00:00,20.0,30.0,,,,,,,0.0138,0.0207,41.311922,-105.581147,2022,6,30,4
West,Knight Hall,2022-06-30T05:00:00,40.0,20.0,,,0.6,,,,0.0276,0.0138,41.311922,-105.581147,2022,6,30,5
West,Knight Hall,2022-06-30T06:00:00,30.0,30.0,,,8.32,,,,0.0207,0.0207,41.311922,-105.581147,2022,6,30,6
West,Knight Hall,2022-06-30T07:00:00,60.0,40.0,,,8.99,,,,0.0414,0.0276,41.311922,-105.581147,2022,6,30,7
West,Knight Hall,2022-06-30T08:00:00,60.0,70.0,,,57.85,,,,0.0414,0.048299999999999996,41.311922,-105.581147,2022,6,30,8
West,Knight Hall,2022-06-30T09:00:00,,70.0,,,101.92,,,,,0.048299999999999996,41.311922,-105.581147,2022,6,30,9
West,Knight Hall,2022-06-30T10:00:00,60.0,80.0,,,75.87,,2.0,,0.0414,0.0552,41.311922,-105.581147,2022,6,30,10
West,Knight Hall,2022-06-30T11:00:00,70.0,70.0,,,99.01,,7.0,,0.048299999999999996,0.048299999999999996,41.311922,-105.581147,2022,6,30,11
West,Knight Hall,2022-06-30T12:00:00,70.0,70.0,,,198.51,,8.0,,0.048299999999999996,0.048299999999999996,41.311922,-105.581147,2022,6,30,12
West,Knight Hall,2022-06-30T13:00:00,70.0,70.0,,,79.24,,7.0,,0.048299999999999996,0.048299999999999996,41.311922,-105.581147,2022,6,30,13
West,Knight Hall,2022-06-30T14:00:00,80.0,60.0,,,173.37,,8.0,,0.0552,0.0414,41.311922,-105.581147,2022,6,30,14
West,Knight Hall,2022-06-30T15:00:00,70.0,70.0,,,103.04,,9.0,,0.048299999999999996,0.048299999999999996,41.311922,-105.581147,2022,6,30,15
West,Knight Hall,2022-06-30T16:00:00,60.0,50.0,,,100.02,,7.0,,0.0414,0.034499999999999996,41.311922,-105.581147,2022,6,30,16
West,Knight Hall,2022-06-30T17:00:00,50.0,50.0,,,64.58,,8.0,,0.034499999999999996,0.034499999999999996,41.311922,-105.581147,2022,6,30,17
West,Knight Hall,2022-06-30T18:00:00,40.0,30.0,,,48.940000000000005,,4.0,,0.0276,0.0207,41.311922,-105.581147,2022,6,30,18
West,Knight Hall,2022-06-30T19:00:00,30.0,40.0,,,15.72,,1.0,,0.0207,0.0276,41.311922,-105.581147,2022,6,30,19
West,Knight Hall,2022-06-30T20:00:00,40.0,30.0,,,27.84,,,,0.0276,0.0207,41.311922,-105.581147,2022,6,30,20
West,Knight Hall,2022-06-30T21:00:00,30.0,30.0,,,4.81,,1.0,,0.0207,0.0207,41.311922,-105.581147,2022,6,30,21
West,Knight Hall,2022-06-30T22:00:00,30.0,30.0,,,6.859999999999999,,,,0.0207,0.0207,41.311922,-105.581147,2022,6,30,22
West,Knight Hall,2022-06-30T23:00:00,30.0,30.0,,,,,,,0.0207,0.0207,41.311922,-105.581147,2022,6,30,23
West,Knight Hall,2022-07-01T00:00:00,20.0,20.0,,,,31.56,1.0,,0.0138,0.0138,41.311922,-105.581147,2022,7,1,0
West,Knight Hall,2022-07-01T01:00:00,30.0,30.0,,,,30.23,,,0.0207,0.0207,41.311922,-105.581147,2022,7,1,1
West,Knight Hall,2022-07-01T02:00:00,30.0,20.0,,,,29.58,,,0.0207,0.0138,41.311922,-105.581147,2022,7,1,2
West,Knight Hall,2022-07-01T03:00:00,30.0,30.0,,,,29.22,1.0,,0.0207,0.0207,41.311922,-105.581147,2022,7,1,3
West,Knight Hall,2022-07-01T04:00:00,30.0,30.0,,,,29.49,4.0,,0.0207,0.0207,41.311922,-105.581147,2022,7,1,4
West,Knight Hall,2022-07-01T05:00:00,30.0,20.0,,,,20.630000000000003,4.0,,0.0207,0.0138,41.311922,-105.581147,2022,7,1,5
West,Knight Hall,2022-07-01T06:00:00,30.0,30.0,,,,18.52,3.0,,0.0207,0.0207,41.311922,-105.581147,2022,7,1,6
West,Knight Hall,2022-07-01T07:00:00,60.0,50.0,,,,27.9,5.0,,0.0414,0.034499999999999996,41.311922,-105.581147,2022,7,1,7
West,Knight Hall,2022-07-01T08:00:00,60.0,60.0,,,,76.04,5.0,,0.0414,0.0414,41.311922,-105.581147,2022,7,1,8
West,Knight Hall,2022-07-01T09:00:00,80.0,70.0,,,,106.38,8.0,,0.0552,0.048299999999999996,41.311922,-105.581147,2022,7,1,9
West,Knight Hall,2022-07-01T10:00:00,70.0,70.0,,,,94.83,6.0,,0.048299999999999996,0.048299999999999996,41.311922,-105.581147,2022,7,1,10
West,Knight Hall,2022-07-01T11:00:00,80.0,70.0,,,,95.47,9.0,,0.0552,0.048299999999999996,41.311922,-105.581147,2022,7,1,11
West,Knight Hall,2022-07-01T12:00:00,60.0,60.0,,,,82.19,7.0,,0.0414,0.0414,41.311922,-105.581147,2022,7,1,12
West,Knight Hall,2022-07-01T13:00:00,80.0,70.0,,,,,9.0,,0.0552,0.048299999999999996,41.311922,-105.581147,2022,7,1,13
West,Knight Hall,2022-07-01T14:00:00,50.0,70.0,,,,69.99,6.0,,0.034499999999999996,0.048299999999999996,41.311922,-105.581147,2022,7,1,14
West,Knight Hall,2022-07-01T15:00:00,70.0,70.0,,,,71.84,6.0,,0.048299999999999996,0.048299999999999996,41.311922,-105.581147,2022,7,1,15
West,Knight Hall,2022-07-01T16:00:00,50.0,50.0,,,,96.9,8.0,,0.034499999999999996,0.034499999999999996,41.311922,-105.581147,2022,7,1,16
West,Knight Hall,2022-07-01T17:00:00,50.0,50.0,,,,39.59,9.0,,0.034499999999999996,0.034499999999999996,41.311922,-105.581147,2022,7,1,17
West,Knight Hall,2022-07-01T18:00:00,40.0,40.0,,,,30.03,6.0,,0.0276,0.0276,41.311922,-105.581147,2022,7,1,18
West,Knight Hall,2022-07-01T19:00:00,40.0,30.0,,,,43.58,1.0,,0.0276,0.0207,41.311922,-105.581147,2022,7,1,19
West,Knight Hall,2022-07-01T20:00:00,30.0,30.0,,,,47.870000000000005,,,0.0207,0.0207,41.311922,-105.581147,2022,7,1,20
West,Knight Hall,2022-07-01T21:00:00,30.0,40.0,,,,31.74,,,0.0207,0.0276,41.311922,-105.581147,2022,7,1,21
West,Knight Hall,2022-07-01T22:00:00,30.0,30.0,,,,40.64,1.0,,0.0207,0.0207,41.311922,-105.581147,2022,7,1,22
West,Knight Hall,2022-07-01T23:00:00,30.0,20.0,,,,54.22,,,0.0207,0.0138,41.311922,-105.581147,2022,7,1,23
West,Knight Hall,2022-07-02T00:00:00,20.0,30.0,,,,32.510000000000005,,,0.0138,0.0207,41.311922,-105.581147,2022,7,2,0
West,Knight Hall,2022-07-02T01:00:00,30.0,20.0,,,,30.44,1.0,,0.0207,0.0138,41.311922,-105.581147,2022,7,2,1
West,Knight Hall,2022-07-02T02:00:00,30.0,30.0,,,,26.82,,,0.0207,0.0207,41.311922,-105.581147,2022,7,2,2
West,Knight Hall,2022-07-02T03:00:00,30.0,20.0,,,,26.74,,,0.0207,0.0138,41.311922,-105.581147,2022,7,2,3
West,Knight Hall,2022-07-02T04:00:00,30.0,30.0,,,,26.5,1.0,,0.0207,0.0207,41.311922,-105.581147,2022,7,2,4
West,Knight Hall,2022-07-02T05:00:00,20.0,30.0,,,,18.630000000000003,,,0.0138,0.0207,41.311922,-105.581147,2022,7,2,5
West,Knight Hall,2022-07-02T06:00:00,30.0,20.0,,,,9.12,,,0.0207,0.0138,41.311922,-105.581147,2022,7,2,6
West,Knight Hall,2022-07-02T07:00:00,30.0,50.0,,,,13.76,1.0,,0.0207,0.034499999999999996,41.311922,-105.581147,2022,7,2,7
West,Knight Hall,2022-07-02T08:00:00,30.0,60.0,,,,58.220000000000006,5.0,,0.0207,0.0414,41.311922,-105.581147,2022,7,2,8
West,Knight Hall,2022-07-02T09:00:00,40.0,60.0,,,,72.75,7.0,,0.0276,0.0414,41.311922,-105.581147,2022,7,2,9
West,Knight Hall,2022-07-02T10:00:00,30.0,60.0,,,,66.8,7.0,,0.0207,0.0414,41.311922,-105.581147,2022,7,2,10
West,Knight Hall,2022-07-02T11:00:00,30.0,60.0,,,,62.1,9.0,,0.0207,0.0414,41.311922,-105.581147,2022,7,2,11
West,Knight Hall,2022-07-02T12:00:00,40.0,60.0,,,,39.82,6.0,,0.0276,0.0414,41.311922,-105.581147,2022,7,2,12
West,Knight Hall,2022-07-02T13:00:00,30.0,70.0,,,,46.66,9.0,,0.0207,0.048299999999999996,41.311922,-105.581147,2022,7,2,13
West,Knight Hall,2022-07-02T14:00:00,30.0,60.0,,,,46.42,7.0,,0.0207,0.0414,41.311922,-105.581147,2022,7,2,14
West,Knight Hall,2022-07-02T15:00:00,40.0,60.0,,,,38.51,8.0,,0.0276,0.0414,41.311922,-105.581147,2022,7,2,15
West,Knight Hall,2022-07-02T16:00:00,20.0,40.0,,,,37.82,1.0,,0.0138,0.0276,41.311922,-105.581147,2022,7,2,16
West,Knight Hall,2022-07-02T17:00:00,30.0,40.0,,,,22.73,,,0.0207,0.0276,41.311922,-105.581147,2022,7,2,17
West,Knight Hall,2022-07-02T18:00:00,30.0,40.0,,,,23.91,1.0,,0.0207,0.0276,41.311922,-105.581147,2022,7,2,18
West,Knight Hall,2022-07-02T19:00:00,30.0,30.0,,,,51.64,1.0,,0.0207,0.0207,41.311922,-105.581147,2022,7,2,19
West,Knight Hall,2022-07-02T20:00:00,30.0,30.0,,,,20.29,,,0.0207,0.0207,41.311922,-105.581147,2022,7,2,20
West,Knight Hall,2022-07-02T21:00:00,30.0,30.0,,,,30.9,1.0,,0.0207,0.0207,41.311922,-105.581147,2022,7,2,21
West,Knight Hall,2022-07-02T22:00:00,30.0,30.0,,,,33.25000000000001,,,0.0207,0.0207,41.311922,-105.581147,2022,7,2,22
West,Knight Hall,2022-07-02T23:00:00,30.0,30.0,,,,31.82,1.0,,0.0207,0.0207,41.311922,-105.581147,2022,7,2,23
West,Knight Hall,2022-07-03T00:00:00,30.0,20.0,,,,18.67,,,0.0207,0.0138,41.311922,-105.581147,2022,7,3,0
West,Knight Hall,2022-07-03T01:00:00,30.0,30.0,,,,27.770000000000003,,,0.0207,0.0207,41.311922,-105.581147,2022,7,3,1
West,Knight Hall,2022-07-03T02:00:00,30.0,20.0,,,,80.47000000000001,1.0,,0.0207,0.0138,41.311922,-105.581147,2022,7,3,2
West,Knight Hall,2022-07-03T03:00:00,30.0,30.0,,,,47.35000000000001,,,0.0207,0.0207,41.311922,-105.581147,2022,7,3,3
West,Knight Hall,2022-07-03T04:00:00,30.0,20.0,,,,18.8,,,0.0207,0.0138,41.311922,-105.581147,2022,7,3,4
West,Knight Hall,2022-07-03T05:00:00,30.0,30.0,,,,17.27,1.0,,0.0207,0.0207,41.311922,-105.581147,2022,7,3,5
West,Knight Hall,2022-07-03T06:00:00,30.0,20.0,,,,15.259999999999998,,,0.0207,0.0138,41.311922,-105.581147,2022,7,3,6
West,Knight Hall,2022-07-03T07:00:00,30.0,30.0,,,,15.4,,,0.0207,0.0207,41.311922,-105.581147,2022,7,3,7
West,Knight Hall,2022-07-03T08:00:00,30.0,30.0,,,,20.27,7.0,,0.0207,0.0207,41.311922,-105.581147,2022,7,3,8
West,Knight Hall,2022-07-03T09:00:00,30.0,30.0,,,,41.23,8.0,,0.0207,0.0207,41.311922,-105.581147,2022,7,3,9
West,Knight Hall,2022-07-03T10:00:00,30.0,30.0,,,,28.22,8.0,,0.0207,0.0207,41.311922,-105.581147,2022,7,3,10
West,Knight Hall,2022-07-03T11:00:00,40.0,30.0,,,,12.57,9.0,,0.0276,0.0207,41.311922,-105.581147,2022,7,3,11
West,Knight Hall,2022-07-03T12:00:00,30.0,30.0,,,,15.27,7.0,,0.0207,0.0207,41.311922,-105.581147,2022,7,3,12
West,Knight Hall,2022-07-03T13:00:00,30.0,20.0,,,,1.6,9.0,,0.0207,0.0138,41.311922,-105.581147,2022,7,3,13
West,Knight Hall,2022-07-03T14:00:00,30.0,30.0,,,,0.76,7.0,,0.0207,0.0207,41.311922,-105.581147,2022,7,3,14
West,Knight Hall,2022-07-03T15:00:00,40.0,30.0,,,,0.6900000000000001,8.0,,0.0276,0.0207,41.311922,-105.581147,2022,7,3,15
West,Knight Hall,2022-07-03T16:00:00,20.0,30.0,,,,0.6,1.0,,0.0138,0.0207,41.311922,-105.581147,2022,7,3,16
West,Knight Hall,2022-07-03T17:00:00,40.0,20.0,,,,0.8200000000000001,,,0.0276,0.0138,41.311922,-105.581147,2022,7,3,17
West,Knight Hall,2022-07-03T18:00:00,20.0,30.0,,,,0.6900000000000001,1.0,,0.0138,0.0207,41.311922,-105.581147,2022,7,3,18
West,Knight Hall,2022-07-03T19:00:00,30.0,20.0,,,,0.41,,,0.0207,0.0138,41.311922,-105.581147,2022,7,3,19
West,Knight Hall,2022-07-03T20:00:00,30.0,30.0,,,,0.75,1.0,,0.0207,0.0207,41.311922,-105.581147,2022,7,3,20
West,Knight Hall,2022-07-03T21:00:00,30.0,30.0,,,,0.48,,,0.0207,0.0207,41.311922,-105.581147,2022,7,3,21
West,Knight Hall,2022-07-03T22:00:00,30.0,20.0,,,,1.01,,,0.0207,0.0138,41.311922,-105.581147,2022,7,3,22
West,Knight Hall,2022-07-03T23:00:00,30.0,30.0,,,,0.6200000000000001,1.0,,0.0207,0.0207,41.311922,-105.581147,2022,7,3,23
West,Knight Hall,2022-07-04T00:00:00,30.0,20.0,,,,0.8999999999999999,,,0.0207,0.0138,41.311922,-105.581147,2022,7,4,0
West,Knight Hall,2022-07-04T01:00:00,30.0,30.0,,,,0.78,1.0,,0.0207,0.0207,41.311922,-105.581147,2022,7,4,1
West,Knight Hall,2022-07-04T02:00:00,20.0,20.0,,,,1.17,,,0.0138,0.0138,41.311922,-105.581147,2022,7,4,2
West,Knight Hall,2022-07-04T03:00:00,40.0,30.0,,,,0.78,1.0,,0.0276,0.0207,41.311922,-105.581147,2022,7,4,3
West,Knight Hall,2022-07-04T04:00:00,20.0,20.0,,,,0.73,4.0,,0.0138,0.0138,41.311922,-105.581147,2022,7,4,4
West,Knight Hall,2022-07-04T05:00:00,40.0,30.0,,,,0.76,5.0,,0.0276,0.0207,41.311922,-105.581147,2022,7,4,5
West,Knight Hall,2022-07-04T06:00:00,30.0,20.0,,,,1.01,3.0,,0.0207,0.0138,41.311922,-105.581147,2022,7,4,6
West,Knight Hall,2022-07-04T07:00:00,40.0,30.0,,,,1.36,7.0,,0.0276,0.0207,41.311922,-105.581147,2022,7,4,7
West,Knight Hall,2022-07-04T08:00:00,20.0,30.0,,,,0.65,5.0,,0.0138,0.0207,41.311922,-105.581147,2022,7,4,8
West,Knight Hall,2022-07-04T09:00:00,40.0,20.0,,,,1.23,9.0,,0.0276,0.0138,41.311922,-105.581147,2022,7,4,9
West,Knight Hall,2022-07-04T10:00:00,30.0,30.0,,,,0.37,6.0,,0.0207,0.0207,41.311922,-105.581147,2022,7,4,10
West,Knight Hall,2022-07-04T11:00:00,40.0,30.0,,,,14.66,9.0,,0.0276,0.0207,41.311922,-105.581147,2022,7,4,11
West,Knight Hall,2022-07-04T12:00:00,20.0,30.0,,,,4.529999999999999,6.0,,0.0138,0.0207,41.311922,-105.581147,2022,7,4,12
West,Knight Hall,2022-07-04T13:00:00,40.0,30.0,,,,0.43,9.0,,0.0276,0.0207,41.311922,-105.581147,2022,7,4,13
West,Knight Hall,2022-07-04T14:00:00,30.0,30.0,,,,0.52,8.0,,0.0207,0.0207,41.311922,-105.581147,2022,7,4,14
West,Knight Hall,2022-07-04T15:00:00,40.0,30.0,,,,0.65,10.0,,0.0276,0.0207,41.311922,-105.581147,2022,7,4,15
West,Knight Hall,2022-07-04T16:00:00,30.0,30.0,,,,0.47,7.0,,0.0207,0.0207,41.311922,-105.581147,2022,7,4,16
West,Knight Hall,2022-07-04T17:00:00,30.0,20.0,,,,0.48,9.0,,0.0207,0.0138,41.311922,-105.581147,2022,7,4,17
West,Knight Hall,2022-07-04T18:00:00,30.0,30.0,,,,0.56,7.0,,0.0207,0.0207,41.311922,-105.581147,2022,7,4,18
West,Knight Hall,2022-07-04T19:00:00,40.0,20.0,,,,0.4499999999999999,1.0,,0.0276,0.0138,41.311922,-105.581147,2022,7,4,19
West,Knight Hall,2022-07-04T20:00:00,20.0,30.0,,,,0.65,1.0,,0.0138,0.0207,41.311922,-105.581147,2022,7,4,20
West,Knight Hall,2022-07-04T21:00:00,30.0,20.0,,,,0.86,,,0.0207,0.0138,41.311922,-105.581147,2022,7,4,21
West,Knight Hall,2022-07-04T22:00:00,30.0,30.0,,,,1.04,1.0,,0.0207,0.0207,41.311922,-105.581147,2022,7,4,22
West,Knight Hall,2022-07-04T23:00:00,30.0,20.0,,,,0.6,,,0.0207,0.0138,41.311922,-105.581147,2022,7,4,23
West,Knight Hall,2022-07-05T00:00:00,30.0,30.0,,,,0.7100000000000001,1.0,,0.0207,0.0207,41.311922,-105.581147,2022,7,5,0
West,Knight Hall,2022-07-05T01:00:00,30.0,30.0,,,,0.73,,,0.0207,0.0207,41.311922,-105.581147,2022,7,5,1
West,Knight Hall,2022-07-05T02:00:00,30.0,20.0,,,,0.62,,,0.0207,0.0138,41.311922,-105.581147,2022,7,5,2
West,Knight Hall,2022-07-05T03:00:00,30.0,30.0,,,,0.67,1.0,,0.0207,0.0207,41.311922,-105.581147,2022,7,5,3
West,Knight Hall,2022-07-05T04:00:00,30.0,20.0,,,,0.54,5.0,,0.0207,0.0138,41.311922,-105.581147,2022,7,5,4
West,Knight Hall,2022-07-05T05:00:00,40.0,30.0,,,,0.5800000000000001,7.0,,0.0276,0.0207,41.311922,-105.581147,2022,7,5,5
West,Knight Hall,2022-07-05T06:00:00,30.0,30.0,,,,4.72,5.0,,0.0207,0.0207,41.311922,-105.581147,2022,7,5,6
West,Knight Hall,2022-07-05T07:00:00,50.0,20.0,,,,20.74,7.0,,0.034499999999999996,0.0138,41.311922,-105.581147,2022,7,5,7
West,Knight Hall,2022-07-05T08:00:00,80.0,30.0,,,,18.950000000000003,6.0,,0.0552,0.0207,41.311922,-105.581147,2022,7,5,8
West,Knight Hall,2022-07-05T09:00:00,,40.0,,,,1.96,10.0,,,0.0276,41.311922,-105.581147,2022,7,5,9
West,Knight Hall,2022-07-05T10:00:00,70.0,30.0,,,,14.68,7.0,,0.048299999999999996,0.0207,41.311922,-105.581147,2022,7,5,10
West,Knight Hall,2022-07-05T11:00:00,,30.0,,,,6.290000000000001,11.0,,,0.0207,41.311922,-105.581147,2022,7,5,11
West,Knight Hall,2022-07-05T12:00:00,60.0,30.0,,,,0.35,7.0,,0.0414,0.0207,41.311922,-105.581147,2022,7,5,12
West,Knight Hall,2022-07-05T13:00:00,,30.0,,,,0.45,9.0,,,0.0207,41.311922,-105.581147,2022,7,5,13
West,Knight Hall,2022-07-05T14:00:00,60.0,30.0,,,,0.3,9.0,,0.0414,0.0207,41.311922,-105.581147,2022,7,5,14
West,Knight Hall,2022-07-05T15:00:00,,30.0,,,,0.32,9.0,,,0.0207,41.311922,-105.581147,2022,7,5,15
West,Knight Hall,2022-07-05T16:00:00,50.0,30.0,,,,15.27,7.0,,0.034499999999999996,0.0207,41.311922,-105.581147,2022,7,5,16
West,Knight Hall,2022-07-05T17:00:00,50.0,30.0,,,,7.72,8.0,,0.034499999999999996,0.0207,41.311922,-105.581147,2022,7,5,17
West,Knight Hall,2022-07-05T18:00:00,40.0,30.0,,,,17.4,6.0,,0.0276,0.0207,41.311922,-105.581147,2022,7,5,18
West,Knight Hall,2022-07-05T19:00:00,40.0,20.0,,,,17.64,1.0,,0.0276,0.0138,41.311922,-105.581147,2022,7,5,19
West,Knight Hall,2022-07-05T20:00:00,30.0,30.0,,,,21.75,,,0.0207,0.0207,41.311922,-105.581147,2022,7,5,20
West,Knight Hall,2022-07-05T21:00:00,40.0,20.0,,,,27.01,1.0,,0.0276,0.0138,41.311922,-105.581147,2022,7,5,21
West,Knight Hall,2022-07-05T22:00:00,30.0,30.0,,,,20.24,,,0.0207,0.0207,41.311922,-105.581147,2022,7,5,22
West,Knight Hall,2022-07-05T23:00:00,30.0,20.0,,,,19.58,1.0,,0.0207,0.0138,41.311922,-105.581147,2022,7,5,23
West,Knight Hall,2022-07-06T00:00:00,30.0,30.0,,,,13.24,,,0.0207,0.0207,41.311922,-105.581147,2022,7,6,0
West,Knight Hall,2022-07-06T01:00:00,30.0,20.0,,,,12.59,,,0.0207,0.0138,41.311922,-105.581147,2022,7,6,1
West,Knight Hall,2022-07-06T02:00:00,30.0,30.0,,,,12.2,1.0,,0.0207,0.0207,41.311922,-105.581147,2022,7,6,2
West,Knight Hall,2022-07-06T03:00:00,30.0,20.0,,,,12.14,,,0.0207,0.0138,41.311922,-105.581147,2022,7,6,3
West,Knight Hall,2022-07-06T04:00:00,30.0,30.0,,,,11.58,7.0,,0.0207,0.0207,41.311922,-105.581147,2022,7,6,4
West,Knight Hall,2022-07-06T05:00:00,40.0,30.0,,,,2.8,7.0,,0.0276,0.0207,41.311922,-105.581147,2022,7,6,5
West,Knight Hall,2022-07-06T06:00:00,20.0,20.0,,,,0.86,5.0,,0.0138,0.0138,41.311922,-105.581147,2022,7,6,6
West,Knight Hall,2022-07-06T07:00:00,60.0,50.0,,,,35.16,6.0,,0.0414,0.034499999999999996,41.311922,-105.581147,2022,7,6,7
West,Knight Hall,2022-07-06T08:00:00,80.0,60.0,,,,68.22,7.0,,0.0552,0.0414,41.311922,-105.581147,2022,7,6,8
West,Knight Hall,2022-07-06T09:00:00,70.0,70.0,,,,100.04,6.0,,0.048299999999999996,0.048299999999999996,41.311922,-105.581147,2022,7,6,9
West,Knight Hall,2022-07-06T10:00:00,,70.0,,,,86.85,7.0,,,0.048299999999999996,41.311922,-105.581147,2022,7,6,10
West,Knight Hall,2022-07-06T11:00:00,60.0,70.0,,,,105.86,8.0,,0.0414,0.048299999999999996,41.311922,-105.581147,2022,7,6,11
West,Knight Hall,2022-07-06T12:00:00,,70.0,,,,67.21,8.0,,,0.048299999999999996,41.311922,-105.581147,2022,7,6,12
West,Knight Hall,2022-07-06T13:00:00,60.0,70.0,,,,80.19,7.0,,0.0414,0.048299999999999996,41.311922,-105.581147,2022,7,6,13
West,Knight Hall,2022-07-06T14:00:00,,70.0,,,,70.89,10.0,,,0.048299999999999996,41.311922,-105.581147,2022,7,6,14
West,Knight Hall,2022-07-06T15:00:00,70.0,70.0,,,,52.52,7.0,,0.048299999999999996,0.048299999999999996,41.311922,-105.581147,2022,7,6,15
West,Knight Hall,2022-07-06T16:00:00,70.0,60.0,,,,44.67,10.0,,0.048299999999999996,0.0414,41.311922,-105.581147,2022,7,6,16
West,Knight Hall,2022-07-06T17:00:00,30.0,50.0,,,,37.08,8.0,,0.0207,0.034499999999999996,41.311922,-105.581147,2022,7,6,17
West,Knight Hall,2022-07-06T18:00:00,50.0,40.0,,,,27.83,8.0,,0.034499999999999996,0.0276,41.311922,-105.581147,2022,7,6,18
West,Knight Hall,2022-07-06T19:00:00,30.0,40.0,,,,33.83,,,0.0207,0.0276,41.311922,-105.581147,2022,7,6,19
West,Knight Hall,2022-07-06T20:00:00,40.0,30.0,,,,14.580000000000002,1.0,,0.0276,0.0207,41.311922,-105.581147,2022,7,6,20
West,Knight Hall,2022-07-06T21:00:00,30.0,40.0,,,,25.25,,,0.0207,0.0276,41.311922,-105.581147,2022,7,6,21
West,Knight Hall,2022-07-06T22:00:00,40.0,30.0,,,,22.12,1.0,,0.0276,0.0207,41.311922,-105.581147,2022,7,6,22
West,Knight Hall,2022-07-06T23:00:00,30.0,30.0,,,,32.94,,,0.0207,0.0207,41.311922,-105.581147,2022,7,6,23
West,Knight Hall,2022-07-07T00:00:00,20.0,20.0,,,,10.44,,,0.0138,0.0138,41.311922,-105.581147,2022,7,7,0
West,Knight Hall,2022-07-07T01:00:00,40.0,30.0,,,,19.08,1.0,,0.0276,0.0207,41.311922,-105.581147,2022,7,7,1
West,Knight Hall,2022-07-07T02:00:00,20.0,30.0,,,,88.21,,,0.0138,0.0207,41.311922,-105.581147,2022,7,7,2
West,Knight Hall,2022-07-07T03:00:00,30.0,20.0,,,,38.38000000000001,1.0,,0.0207,0.0138,41.311922,-105.581147,2022,7,7,3
West,Knight Hall,2022-07-07T04:00:00,30.0,30.0,,,,8.19,5.0,,0.0207,0.0207,41.311922,-105.581147,2022,7,7,4
West,Knight Hall,2022-07-07T05:00:00,30.0,30.0,,,,3.13,5.0,,0.0207,0.0207,41.311922,-105.581147,2022,7,7,5
West,Knight Hall,2022-07-07T06:00:00,40.0,30.0,,,,0.45,4.0,,0.0276,0.0207,41.311922,-105.581147,2022,7,7,6
West,Knight Hall,2022-07-07T07:00:00,60.0,50.0,,,,2.26,6.0,,0.0414,0.034499999999999996,41.311922,-105.581147,2022,7,7,7
West,Knight Hall,2022-07-07T08:00:00,60.0,70.0,,,,85.17,7.0,,0.0414,0.048299999999999996,41.311922,-105.581147,2022,7,7,8
West,Knight Hall,2022-07-07T09:00:00,70.0,80.0,,,,126.65,7.0,,0.048299999999999996,0.0552,41.311922,-105.581147,2022,7,7,9
West,Knight Hall,2022-07-07T10:00:00,70.0,70.0,,,,90.45,8.0,,0.048299999999999996,0.048299999999999996,41.311922,-105.581147,2022,7,7,10
West,Knight Hall,2022-07-07T11:00:00,80.0,80.0,,,,104.18,7.0,,0.0552,0.0552,41.311922,-105.581147,2022,7,7,11
West,Knight Hall,2022-07-07T12:00:00,60.0,80.0,,,,70.93,6.0,,0.0414,0.0552,41.311922,-105.581147,2022,7,7,12
West,Knight Hall,2022-07-07T13:00:00,80.0,70.0,,,,26.950000000000003,2.0,,0.0552,0.048299999999999996,41.311922,-105.581147,2022,7,7,13
West,Knight Hall,2022-07-07T14:00:00,60.0,80.0,,,,57.5,,,0.0414,0.0552,41.311922,-105.581147,2022,7,7,14
West,Knight Hall,2022-07-07T15:00:00,70.0,70.0,,,,83.81,3.0,,0.048299999999999996,0.048299999999999996,41.311922,-105.581147,2022,7,7,15
West,Knight Hall,2022-07-07T16:00:00,60.0,60.0,,,,63.76,11.0,,0.0414,0.0414,41.311922,-105.581147,2022,7,7,16
West,Knight Hall,2022-07-07T17:00:00,50.0,50.0,,,,19.04,11.0,,0.034499999999999996,0.034499999999999996,41.311922,-105.581147,2022,7,7,17
West,Knight Hall,2022-07-07T18:00:00,40.0,50.0,,,,56.73,6.0,,0.0276,0.034499999999999996,41.311922,-105.581147,2022,7,7,18
West,Knight Hall,2022-07-07T19:00:00,30.0,30.0,,,,30.68,1.0,,0.0207,0.0207,41.311922,-105.581147,2022,7,7,19
West,Knight Hall,2022-07-07T20:00:00,30.0,40.0,,,,23.69,1.0,,0.0207,0.0276,41.311922,-105.581147,2022,7,7,20
West,Knight Hall,2022-07-07T21:00:00,40.0,40.0,,,,12.79,,,0.0276,0.0276,41.311922,-105.581147,2022,7,7,21
West,Knight Hall,2022-07-07T22:00:00,30.0,30.0,,,,29.08,,,0.0207,0.0207,41.311922,-105.581147,2022,7,7,22
West,Knight Hall,2022-07-07T23:00:00,30.0,20.0,,,,13.13,1.0,,0.0207,0.0138,41.311922,-105.581147,2022,7,7,23
West,Knight Hall,2022-07-08T00:00:00,30.0,30.0,,,,12.16,,,0.0207,0.0207,41.311922,-105.581147,2022,7,8,0
West,Knight Hall,2022-07-08T01:00:00,30.0,20.0,,,,7.35,1.0,,0.0207,0.0138,41.311922,-105.581147,2022,7,8,1
West,Knight Hall,2022-07-08T02:00:00,30.0,30.0,,,,6.75,,,0.0207,0.0207,41.311922,-105.581147,2022,7,8,2
West,Knight Hall,2022-07-08T03:00:00,30.0,30.0,,,,8.77,1.0,,0.0207,0.0207,41.311922,-105.581147,2022,7,8,3
West,Knight Hall,2022-07-08T04:00:00,30.0,20.0,,,,7.649999999999999,5.0,,0.0207,0.0138,41.311922,-105.581147,2022,7,8,4
West,Knight Hall,2022-07-08T05:00:00,40.0,30.0,,,,9.06,6.0,,0.0276,0.0207,41.311922,-105.581147,2022,7,8,5
West,Knight Hall,2022-07-08T06:00:00,30.0,30.0,,,,5.24,4.0,,0.0207,0.0207,41.311922,-105.581147,2022,7,8,6
West,Knight Hall,2022-07-08T07:00:00,60.0,50.0,,,,14.88,6.0,,0.0414,0.034499999999999996,41.311922,-105.581147,2022,7,8,7
West,Knight Hall,2022-07-08T08:00:00,60.0,60.0,,,,83.03000000000002,6.0,,0.0414,0.0414,41.311922,-105.581147,2022,7,8,8
West,Knight Hall,2022-07-08T09:00:00,,70.0,,,,82.92,9.0,,,0.048299999999999996,41.311922,-105.581147,2022,7,8,9
West,Knight Hall,2022-07-08T10:00:00,60.0,70.0,,,,61.36,7.0,,0.0414,0.048299999999999996,41.311922,-105.581147,2022,7,8,10
West,Knight Hall,2022-07-08T11:00:00,80.0,70.0,,,,60.56,9.0,,0.0552,0.048299999999999996,41.311922,-105.581147,2022,7,8,11
West,Knight Hall,2022-07-08T12:00:00,60.0,70.0,,,,34.71,9.0,,0.0414,0.048299999999999996,41.311922,-105.581147,2022,7,8,12
West,Knight Hall,2022-07-08T13:00:00,80.0,70.0,,,,62.35,10.0,,0.0552,0.048299999999999996,41.311922,-105.581147,2022,7,8,13
West,Knight Hall,2022-07-08T14:00:00,80.0,70.0,,,,70.05,7.0,,0.0552,0.048299999999999996,41.311922,-105.581147,2022,7,8,14
West,Knight Hall,2022-07-08T15:00:00,70.0,70.0,,,,35.94,10.0,,0.048299999999999996,0.048299999999999996,41.311922,-105.581147,2022,7,8,15
West,Knight Hall,2022-07-08T16:00:00,60.0,60.0,,,,28.42,8.0,,0.0414,0.0414,41.311922,-105.581147,2022,7,8,16
West,Knight Hall,2022-07-08T17:00:00,50.0,50.0,,,,33.349999999999994,9.0,,0.034499999999999996,0.034499999999999996,41.311922,-105.581147,2022,7,8,17
West,Knight Hall,2022-07-08T18:00:00,30.0,40.0,,,,6.709999999999999,7.0,,0.0207,0.0276,41.311922,-105.581147,2022,7,8,18
West,Knight Hall,2022-07-08T19:00:00,40.0,30.0,,,,15.739999999999998,1.0,,0.0276,0.0207,41.311922,-105.581147,2022,7,8,19
West,Knight Hall,2022-07-08T20:00:00,30.0,30.0,,,,0.95,,,0.0207,0.0207,41.311922,-105.581147,2022,7,8,20
West,Knight Hall,2022-07-08T21:00:00,40.0,30.0,,,,8.08,1.0,,0.0276,0.0207,41.311922,-105.581147,2022,7,8,21
West,Knight Hall,2022-07-08T22:00:00,20.0,40.0,,,,19.84,,,0.0138,0.0276,41.311922,-105.581147,2022,7,8,22
West,Knight Hall,2022-07-08T23:00:00,40.0,20.0,,,,5.02,1.0,,0.0276,0.0138,41.311922,-105.581147,2022,7,8,23
West,Knight Hall,2022-07-09T00:00:00,20.0,30.0,,,,0.35,,,0.0138,0.0207,41.311922,-105.581147,2022,7,9,0
West,Knight Hall,2022-07-09T01:00:00,30.0,30.0,,,,0.39,,,0.0207,0.0207,41.311922,-105.581147,2022,7,9,1
West,Knight Hall,2022-07-09T02:00:00,30.0,20.0,,,,0.35,1.0,,0.0207,0.0138,41.311922,-105.581147,2022,7,9,2
West,Knight Hall,2022-07-09T03:00:00,40.0,30.0,,,,,,,0.0276,0.0207,41.311922,-105.581147,2022,7,9,3
West,Knight Hall,2022-07-09T04:00:00,20.0,30.0,,,,0.65,1.0,,0.0138,0.0207,41.311922,-105.581147,2022,7,9,4
West,Knight Hall,2022-07-09T05:00:00,30.0,30.0,,,,0.1699999999999999,,,0.0207,0.0207,41.311922,-105.581147,2022,7,9,5
West,Knight Hall,2022-07-09T06:00:00,30.0,30.0,,,,0.3399999999999999,,,0.0207,0.0207,41.311922,-105.581147,2022,7,9,6
West,Knight Hall,2022-07-09T07:00:00,30.0,40.0,,,,56.84,1.0,,0.0207,0.0276,41.311922,-105.581147,2022,7,9,7
West,Knight Hall,2022-07-09T08:00:00,30.0,70.0,,,,27.15,7.0,,0.0207,0.048299999999999996,41.311922,-105.581147,2022,7,9,8
West,Knight Hall,2022-07-09T09:00:00,30.0,70.0,,,,62.44,8.0,,0.0207,0.048299999999999996,41.311922,-105.581147,2022,7,9,9
West,Knight Hall,2022-07-09T10:00:00,40.0,70.0,,,,64.58,9.0,,0.0276,0.048299999999999996,41.311922,-105.581147,2022,7,9,10
West,Knight Hall,2022-07-09T11:00:00,30.0,70.0,,,,122.26999999999998,11.0,,0.0207,0.048299999999999996,41.311922,-105.581147,2022,7,9,11
West,Knight Hall,2022-07-09T12:00:00,30.0,70.0,,,,66.69,7.0,,0.0207,0.048299999999999996,41.311922,-105.581147,2022,7,9,12
West,Knight Hall,2022-07-09T13:00:00,40.0,70.0,,,,19.43,11.0,,0.0276,0.048299999999999996,41.311922,-105.581147,2022,7,9,13
West,Knight Hall,2022-07-09T14:00:00,30.0,70.0,,,,25.92,8.0,,0.0207,0.048299999999999996,41.311922,-105.581147,2022,7,9,14
West,Knight Hall,2022-07-09T15:00:00,40.0,60.0,,,,115.59,10.0,,0.0276,0.0414,41.311922,-105.581147,2022,7,9,15
West,Knight Hall,2022-07-09T16:00:00,20.0,60.0,,,,,1.0,,0.0138,0.0414,41.311922,-105.581147,2022,7,9,16
West,Knight Hall,2022-07-09T17:00:00,30.0,40.0,,,,168.17,,,0.0207,0.0276,41.311922,-105.581147,2022,7,9,17
West,Knight Hall,2022-07-09T18:00:00,30.0,30.0,,,,,1.0,,0.0207,0.0207,41.311922,-105.581147,2022,7,9,18
West,Knight Hall,2022-07-09T19:00:00,40.0,40.0,,,,58.02,1.0,,0.0276,0.0276,41.311922,-105.581147,2022,7,9,19
West,Knight Hall,2022-07-09T20:00:00,20.0,30.0,,,,0.52,,,0.0138,0.0207,41.311922,-105.581147,2022,7,9,20
West,Knight Hall,2022-07-09T21:00:00,40.0,30.0,,,,4.2700000000000005,1.0,,0.0276,0.0207,41.311922,-105.581147,2022,7,9,21
West,Knight Hall,2022-07-09T22:00:00,20.0,30.0,,,,3.66,,,0.0138,0.0207,41.311922,-105.581147,2022,7,9,22
West,Knight Hall,2022-07-09T23:00:00,30.0,30.0,,,,1.27,1.0,,0.0207,0.0207,41.311922,-105.581147,2022,7,9,23
West,Knight Hall,2022-07-10T00:00:00,40.0,20.0,,,,0.3,,,0.0276,0.0138,41.311922,-105.581147,2022,7,10,0
West,Knight Hall,2022-07-10T01:00:00,30.0,30.0,,,,6.2700000000000005,,,0.0207,0.0207,41.311922,-105.581147,2022,7,10,1
West,Knight Hall,2022-07-10T02:00:00,30.0,20.0,,,,12.27,1.0,,0.0207,0.0138,41.311922,-105.581147,2022,7,10,2
West,Knight Hall,2022-07-10T03:00:00,30.0,30.0,,,,13.02,,,0.0207,0.0207,41.311922,-105.581147,2022,7,10,3
West,Knight Hall,2022-07-10T04:00:00,30.0,20.0,,,,0.22,,,0.0207,0.0138,41.311922,-105.581147,2022,7,10,4
West,Knight Hall,2022-07-10T05:00:00,40.0,30.0,,,,,1.0,,0.0276,0.0207,41.311922,-105.581147,2022,7,10,5
West,Knight Hall,2022-07-10T06:00:00,20.0,20.0,,,,0.26,,,0.0138,0.0138,41.311922,-105.581147,2022,7,10,6
West,Knight Hall,2022-07-10T07:00:00,40.0,30.0,,,,,2.0,,0.0276,0.0207,41.311922,-105.581147,2022,7,10,7
West,Knight Hall,2022-07-10T08:00:00,30.0,30.0,,,,2.5700000000000003,7.0,,0.0207,0.0207,41.311922,-105.581147,2022,7,10,8
West,Knight Hall,2022-07-10T09:00:00,40.0,30.0,,,,0.37,11.0,,0.0276,0.0207,41.311922,-105.581147,2022,7,10,9
West,Knight Hall,2022-07-10T10:00:00,20.0,20.0,,,,0.15,8.0,,0.0138,0.0138,41.311922,-105.581147,2022,7,10,10
West,Knight Hall,2022-07-10T11:00:00,40.0,40.0,,,,0.28,11.0,,0.0276,0.0276,41.311922,-105.581147,2022,7,10,11
West,Knight Hall,2022-07-10T12:00:00,30.0,30.0,,,,,8.0,,0.0207,0.0207,41.311922,-105.581147,2022,7,10,12
West,Knight Hall,2022-07-10T13:00:00,40.0,30.0,,,,2.26,9.0,,0.0276,0.0207,41.311922,-105.581147,2022,7,10,13
West,Knight Hall,2022-07-10T14:00:00,30.0,20.0,,,,,9.0,,0.0207,0.0138,41.311922,-105.581147,2022,7,10,14
West,Knight Hall,2022-07-10T15:00:00,50.0,30.0,,,,0.17,10.0,,0.034499999999999996,0.0207,41.311922,-105.581147,2022,7,10,15
West,Knight Hall,2022-07-10T16:00:00,20.0,30.0,,,,,,,0.0138,0.0207,41.311922,-105.581147,2022,7,10,16
West,Knight Hall,2022-07-10T17:00:00,40.0,30.0,,,,0.19,1.0,,0.0276,0.0207,41.311922,-105.581147,2022,7,10,17
West,Knight Hall,2022-07-10T18:00:00,30.0,20.0,,,,,,,0.0207,0.0138,41.311922,-105.581147,2022,7,10,18
West,Knight Hall,2022-07-10T19:00:00,30.0,30.0,,,,0.39,1.0,,0.0207,0.0207,41.311922,-105.581147,2022,7,10,19
West,Knight Hall,2022-07-10T20:00:00,30.0,20.0,,,,,,,0.0207,0.0138,41.311922,-105.581147,2022,7,10,20
West,Knight Hall,2022-07-10T21:00:00,40.0,30.0,,,,0.56,1.0,,0.0276,0.0207,41.311922,-105.581147,2022,7,10,21
West,Knight Hall,2022-07-10T22:00:00,30.0,20.0,,,,0.22,,,0.0207,0.0138,41.311922,-105.581147,2022,7,10,22
West,Knight Hall,2022-07-10T23:00:00,30.0,30.0,,,,,,,0.0207,0.0207,41.311922,-105.581147,2022,7,10,23
West,Knight Hall,2022-07-11T00:00:00,30.0,20.0,,,,0.24,1.0,,0.0207,0.0138,41.311922,-105.581147,2022,7,11,0
West,Knight Hall,2022-07-11T01:00:00,40.0,30.0,,,,,,,0.0276,0.0207,41.311922,-105.581147,2022,7,11,1
West,Knight Hall,2022-07-11T02:00:00,20.0,30.0,,,,0.22,,,0.0138,0.0207,41.311922,-105.581147,2022,7,11,2
West,Knight Hall,2022-07-11T03:00:00,40.0,20.0,,,,,1.0,,0.0276,0.0138,41.311922,-105.581147,2022,7,11,3
West,Knight Hall,2022-07-11T04:00:00,30.0,30.0,,,,,5.0,,0.0207,0.0207,41.311922,-105.581147,2022,7,11,4
West,Knight Hall,2022-07-11T05:00:00,30.0,20.0,,,,0.22,5.0,,0.0207,0.0138,41.311922,-105.581147,2022,7,11,5
West,Knight Hall,2022-07-11T06:00:00,30.0,30.0,,,,,4.0,,0.0207,0.0207,41.311922,-105.581147,2022,7,11,6
West,Knight Hall,2022-07-11T07:00:00,70.0,20.0,,,,0.28,5.0,,0.048299999999999996,0.0138,41.311922,-105.581147,2022,7,11,7
West,Knight Hall,2022-07-11T08:00:00,60.0,30.0,,,,,4.0,,0.0414,0.0207,41.311922,-105.581147,2022,7,11,8
West,Knight Hall,2022-07-11T09:00:00,,30.0,,,,,6.0,,,0.0207,41.311922,-105.581147,2022,7,11,9
West,Knight Hall,2022-07-11T10:00:00,60.0,30.0,,,,0.47,7.0,,0.0414,0.0207,41.311922,-105.581147,2022,7,11,10
West,Knight Hall,2022-07-11T11:00:00,80.0,20.0,,,,0.04,7.0,,0.0552,0.0138,41.311922,-105.581147,2022,7,11,11
West,Knight Hall,2022-07-11T12:00:00,70.0,30.0,,,,0.13,8.0,,0.048299999999999996,0.0207,41.311922,-105.581147,2022,7,11,12
West,Knight Hall,2022-07-11T13:00:00,80.0,30.0,,,,,10.0,,0.0552,0.0207,41.311922,-105.581147,2022,7,11,13
West,Knight Hall,2022-07-11T14:00:00,70.0,30.0,,,,,8.0,,0.048299999999999996,0.0207,41.311922,-105.581147,2022,7,11,14
West,Knight Hall,2022-07-11T15:00:00,,30.0,,,,0.19,11.0,,,0.0207,41.311922,-105.581147,2022,7,11,15
West,Knight Hall,2022-07-11T16:00:00,50.0,30.0,,,,2.78,8.0,,0.034499999999999996,0.0207,41.311922,-105.581147,2022,7,11,16
West,Knight Hall,2022-07-11T17:00:00,50.0,30.0,,,,3.79,11.0,,0.034499999999999996,0.0207,41.311922,-105.581147,2022,7,11,17
West,Knight Hall,2022-07-11T18:00:00,40.0,20.0,,,,2.2,7.0,,0.0276,0.0138,41.311922,-105.581147,2022,7,11,18
West,Knight Hall,2022-07-11T19:00:00,30.0,30.0,,,,,1.0,,0.0207,0.0207,41.311922,-105.581147,2022,7,11,19
West,Knight Hall,2022-07-11T20:00:00,40.0,20.0,,,,,,,0.0276,0.0138,41.311922,-105.581147,2022,7,11,20
West,Knight Hall,2022-07-11T21:00:00,30.0,30.0,,,,0.32,1.0,,0.0207,0.0207,41.311922,-105.581147,2022,7,11,21
West,Knight Hall,2022-07-11T22:00:00,30.0,30.0,,,,,,,0.0207,0.0207,41.311922,-105.581147,2022,7,11,22
West,Knight Hall,2022-07-11T23:00:00,40.0,20.0,,,,0.22,1.0,,0.0276,0.0138,41.311922,-105.581147,2022,7,11,23
West,Knight Hall,2022-07-12T00:00:00,20.0,30.0,,,,,,,0.0138,0.0207,41.311922,-105.581147,2022,7,12,0
West,Knight Hall,2022-07-12T01:00:00,30.0,20.0,,,,,,,0.0207,0.0138,41.311922,-105.581147,2022,7,12,1
West,Knight Hall,2022-07-12T02:00:00,30.0,30.0,,,,0.26,1.0,,0.0207,0.0207,41.311922,-105.581147,2022,7,12,2
West,Knight Hall,2022-07-12T03:00:00,20.0,30.0,,,,,,,0.0138,0.0207,41.311922,-105.581147,2022,7,12,3
West,Knight Hall,2022-07-12T04:00:00,30.0,20.0,,,,,6.0,,0.0207,0.0138,41.311922,-105.581147,2022,7,12,4
West,Knight Hall,2022-07-12T05:00:00,40.0,30.0,,,,0.15,4.0,,0.0276,0.0207,41.311922,-105.581147,2022,7,12,5
West,Knight Hall,2022-07-12T06:00:00,30.0,30.0,,,,,5.0,,0.0207,0.0207,41.311922,-105.581147,2022,7,12,6
West,Knight Hall,2022-07-12T07:00:00,50.0,40.0,,,,13.32,5.0,,0.034499999999999996,0.0276,41.311922,-105.581147,2022,7,12,7
West,Knight Hall,2022-07-12T08:00:00,80.0,70.0,,,,34.35,7.0,,0.0552,0.048299999999999996,41.311922,-105.581147,2022,7,12,8
West,Knight Hall,2022-07-12T09:00:00,70.0,70.0,,,,70.66,8.0,,0.048299999999999996,0.048299999999999996,41.311922,-105.581147,2022,7,12,9
West,Knight Hall,2022-07-12T10:00:00,80.0,80.0,,,,36.86999999999999,9.0,,0.0552,0.0552,41.311922,-105.581147,2022,7,12,10
West,Knight Hall,2022-07-12T11:00:00,,70.0,,,,37.56,9.0,,,0.048299999999999996,41.311922,-105.581147,2022,7,12,11
West,Knight Hall,2022-07-12T12:00:00,70.0,70.0,,,,53.73,9.0,,0.048299999999999996,0.048299999999999996,41.311922,-105.581147,2022,7,12,12
West,Knight Hall,2022-07-12T13:00:00,80.0,80.0,,,,34.33,10.0,,0.0552,0.0552,41.311922,-105.581147,2022,7,12,13
West,Knight Hall,2022-07-12T14:00:00,80.0,70.0,,,,33.18000000000001,9.0,,0.0552,0.048299999999999996,41.311922,-105.581147,2022,7,12,14
West,Knight Hall,2022-07-12T15:00:00,80.0,70.0,,,,26.48,17.0,,0.0552,0.048299999999999996,41.311922,-105.581147,2022,7,12,15
West,Knight Hall,2022-07-12T16:00:00,60.0,60.0,,,,38.21000000000001,,,0.0414,0.0414,41.311922,-105.581147,2022,7,12,16
West,Knight Hall,2022-07-12T17:00:00,50.0,50.0,,,,29.08,18.0,,0.034499999999999996,0.034499999999999996,41.311922,-105.581147,2022,7,12,17
West,Knight Hall,2022-07-12T18:00:00,50.0,40.0,,,,23.61,17.0,,0.034499999999999996,0.0276,41.311922,-105.581147,2022,7,12,18
West,Knight Hall,2022-07-12T19:00:00,40.0,40.0,,,,5.52,7.0,,0.0276,0.0276,41.311922,-105.581147,2022,7,12,19
West,Knight Hall,2022-07-12T20:00:00,40.0,30.0,,,,19.32,6.0,,0.0276,0.0207,41.311922,-105.581147,2022,7,12,20
West,Knight Hall,2022-07-12T21:00:00,30.0,30.0,,,,1.9,4.0,,0.0207,0.0207,41.311922,-105.581147,2022,7,12,21
West,Knight Hall,2022-07-12T22:00:00,30.0,30.0,,,,3.1,5.0,,0.0207,0.0207,41.311922,-105.581147,2022,7,12,22
West,Knight Hall,2022-07-12T23:00:00,30.0,30.0,,,,,4.0,,0.0207,0.0207,41.311922,-105.581147,2022,7,12,23
West,Knight Hall,2022-07-13T00:00:00,30.0,30.0,,,,0.48,3.0,,0.0207,0.0207,41.311922,-105.581147,2022,7,13,0
West,Knight Hall,2022-07-13T01:00:00,30.0,30.0,,,,0.3,5.0,,0.0207,0.0207,41.311922,-105.581147,2022,7,13,1
West,Knight Hall,2022-07-13T02:00:00,30.0,30.0,,,,,3.0,,0.0207,0.0207,41.311922,-105.581147,2022,7,13,2
West,Knight Hall,2022-07-13T03:00:00,40.0,30.0,,,,0.3,,,0.0276,0.0207,41.311922,-105.581147,2022,7,13,3
West,Knight Hall,2022-07-13T04:00:00,20.0,30.0,,,,0.3,5.0,,0.0138,0.0207,41.311922,-105.581147,2022,7,13,4
West,Knight Hall,2022-07-13T05:00:00,40.0,30.0,,,,0.34,7.0,,0.0276,0.0207,41.311922,-105.581147,2022,7,13,5
West,Knight Hall,2022-07-13T06:00:00,30.0,30.0,,,,0.22,4.0,,0.0207,0.0207,41.311922,-105.581147,2022,7,13,6
West,Knight Hall,2022-07-13T07:00:00,60.0,50.0,,,,17.750000000000004,8.0,,0.0414,0.034499999999999996,41.311922,-105.581147,2022,7,13,7
West,Knight Hall,2022-07-13T08:00:00,70.0,70.0,,,,50.69,9.0,,0.048299999999999996,0.048299999999999996,41.311922,-105.581147,2022,7,13,8
West,Knight Hall,2022-07-13T09:00:00,70.0,80.0,,,,63.02,13.0,,0.048299999999999996,0.0552,41.311922,-105.581147,2022,7,13,9
West,Knight Hall,2022-07-13T10:00:00,80.0,80.0,,,,75.2,16.0,,0.0552,0.0552,41.311922,-105.581147,2022,7,13,10
West,Knight Hall,2022-07-13T11:00:00,80.0,70.0,,,,56.64,18.0,,0.0552,0.048299999999999996,41.311922,-105.581147,2022,7,13,11
West,Knight Hall,2022-07-13T12:00:00,70.0,80.0,,,,40.66,17.0,,0.048299999999999996,0.0552,41.311922,-105.581147,2022,7,13,12
West,Knight Hall,2022-07-13T13:00:00,70.0,70.0,,,,43.4,17.0,,0.048299999999999996,0.048299999999999996,41.311922,-105.581147,2022,7,13,13
West,Knight Hall,2022-07-13T14:00:00,80.0,70.0,,,,46.77,17.0,,0.0552,0.048299999999999996,41.311922,-105.581147,2022,7,13,14
West,Knight Hall,2022-07-13T15:00:00,70.0,70.0,,,,38.05,16.0,,0.048299999999999996,0.048299999999999996,41.311922,-105.581147,2022,7,13,15
West,Knight Hall,2022-07-13T16:00:00,60.0,70.0,,,,41.37,16.0,,0.0414,0.048299999999999996,41.311922,-105.581147,2022,7,13,16
West,Knight Hall,2022-07-13T17:00:00,50.0,40.0,,,,29.73,15.0,,0.034499999999999996,0.0276,41.311922,-105.581147,2022,7,13,17
West,Knight Hall,2022-07-13T18:00:00,40.0,50.0,,,,29.88,13.0,,0.0276,0.034499999999999996,41.311922,-105.581147,2022,7,13,18
West,Knight Hall,2022-07-13T19:00:00,30.0,30.0,,,,31.54,5.0,,0.0207,0.0207,41.311922,-105.581147,2022,7,13,19
West,Knight Hall,2022-07-13T20:00:00,30.0,40.0,,,,13.09,5.0,,0.0207,0.0276,41.311922,-105.581147,2022,7,13,20
West,Knight Hall,2022-07-13T21:00:00,40.0,30.0,,,,12.12,4.0,,0.0276,0.0207,41.311922,-105.581147,2022,7,13,21
West,Knight Hall,2022-07-13T22:00:00,20.0,30.0,,,,16.490000000000002,4.0,,0.0138,0.0207,41.311922,-105.581147,2022,7,13,22
West,Knight Hall,2022-07-13T23:00:00,30.0,30.0,,,,12.59,1.0,,0.0207,0.0207,41.311922,-105.581147,2022,7,13,23
West,Knight Hall,2022-07-14T00:00:00,30.0,30.0,,,,4.4,1.0,,0.0207,0.0207,41.311922,-105.581147,2022,7,14,0
West,Knight Hall,2022-07-14T01:00:00,30.0,30.0,,,,12.66,,,0.0207,0.0207,41.311922,-105.581147,2022,7,14,1
West,Knight Hall,2022-07-14T02:00:00,30.0,20.0,,,,24.97,1.0,,0.0207,0.0138,41.311922,-105.581147,2022,7,14,2
West,Knight Hall,2022-07-14T03:00:00,30.0,30.0,,,,21.99,,,0.0207,0.0207,41.311922,-105.581147,2022,7,14,3
West,Knight Hall,2022-07-14T04:00:00,30.0,30.0,,,,6.75,6.0,,0.0207,0.0207,41.311922,-105.581147,2022,7,14,4
West,Knight Hall,2022-07-14T05:00:00,30.0,30.0,,,,3.45,4.0,,0.0207,0.0207,41.311922,-105.581147,2022,7,14,5
West,Knight Hall,2022-07-14T06:00:00,20.0,30.0,,,,4.03,3.5,,0.0138,0.0207,41.311922,-105.581147,2022,7,14,6
West,Knight Hall,2022-07-14T07:00:00,50.0,40.0,,,,29.54,6.0,,0.034499999999999996,0.0276,41.311922,-105.581147,2022,7,14,7
West,Knight Hall,2022-07-14T08:00:00,70.0,70.0,,,,71.26,7.0,,0.048299999999999996,0.048299999999999996,41.311922,-105.581147,2022,7,14,8
West,Knight Hall,2022-07-14T09:00:00,70.0,70.0,,,,67.4,8.0,,0.048299999999999996,0.048299999999999996,41.311922,-105.581147,2022,7,14,9
West,Knight Hall,2022-07-14T10:00:00,80.0,80.0,,,,64.86,9.0,,0.0552,0.0552,41.311922,-105.581147,2022,7,14,10
West,Knight Hall,2022-07-14T11:00:00,70.0,70.0,,,,72.16,11.0,,0.048299999999999996,0.048299999999999996,41.311922,-105.581147,2022,7,14,11
West,Knight Hall,2022-07-14T12:00:00,80.0,70.0,,,,37.28,11.0,,0.0552,0.048299999999999996,41.311922,-105.581147,2022,7,14,12
West,Knight Hall,2022-07-14T13:00:00,80.0,80.0,,,,12.61,11.0,,0.0552,0.0552,41.311922,-105.581147,2022,7,14,13
West,Knight Hall,2022-07-14T14:00:00,70.0,70.0,,,,58.11,8.0,,0.048299999999999996,0.048299999999999996,41.311922,-105.581147,2022,7,14,14
West,Knight Hall,2022-07-14T15:00:00,70.0,70.0,,,,56.86,8.0,,0.048299999999999996,0.048299999999999996,41.311922,-105.581147,2022,7,14,15
West,Knight Hall,2022-07-14T16:00:00,60.0,70.0,,,,21.39,9.0,,0.0414,0.048299999999999996,41.311922,-105.581147,2022,7,14,16
West,Knight Hall,2022-07-14T17:00:00,50.0,40.0,,,,46.74,8.0,,0.034499999999999996,0.0276,41.311922,-105.581147,2022,7,14,17
West,Knight Hall,2022-07-14T18:00:00,40.0,40.0,,,,18.78,8.0,,0.0276,0.0276,41.311922,-105.581147,2022,7,14,18
West,Knight Hall,2022-07-14T19:00:00,40.0,40.0,,,,21.76,1.0,,0.0276,0.0276,41.311922,-105.581147,2022,7,14,19
West,Knight Hall,2022-07-14T20:00:00,30.0,40.0,,,,3.71,1.0,,0.0207,0.0276,41.311922,-105.581147,2022,7,14,20
West,Knight Hall,2022-07-14T21:00:00,30.0,30.0,,,,0.41,,,0.0207,0.0207,41.311922,-105.581147,2022,7,14,21
West,Knight Hall,2022-07-14T22:00:00,30.0,30.0,,,,15.48,1.0,,0.0207,0.0207,41.311922,-105.581147,2022,7,14,22
West,Knight Hall,2022-07-14T23:00:00,30.0,30.0,,,,0.47,,,0.0207,0.0207,41.311922,-105.581147,2022,7,14,23
West,Knight Hall,2022-07-15T00:00:00,30.0,20.0,,,,,1.0,,0.0207,0.0138,41.311922,-105.581147,2022,7,15,0
West,Knight Hall,2022-07-15T01:00:00,30.0,30.0,,,,,,,0.0207,0.0207,41.311922,-105.581147,2022,7,15,1
West,Knight Hall,2022-07-15T02:00:00,30.0,30.0,,,,0.43,,,0.0207,0.0207,41.311922,-105.581147,2022,7,15,2
West,Knight Hall,2022-07-15T03:00:00,30.0,20.0,,,,0.54,1.0,,0.0207,0.0138,41.311922,-105.581147,2022,7,15,3
West,Knight Hall,2022-07-15T04:00:00,30.0,30.0,,,,,5.0,,0.0207,0.0207,41.311922,-105.581147,2022,7,15,4
West,Knight Hall,2022-07-15T05:00:00,30.0,30.0,,,,,6.0,,0.0207,0.0207,41.311922,-105.581147,2022,7,15,5
West,Knight Hall,2022-07-15T06:00:00,30.0,30.0,,,,0.15,5.0,,0.0207,0.0207,41.311922,-105.581147,2022,7,15,6
West,Knight Hall,2022-07-15T07:00:00,50.0,50.0,,,,8.6,6.0,,0.034499999999999996,0.034499999999999996,41.311922,-105.581147,2022,7,15,7
West,Knight Hall,2022-07-15T08:00:00,70.0,70.0,,,,140.3,7.0,,0.048299999999999996,0.048299999999999996,41.311922,-105.581147,2022,7,15,8
West,Knight Hall,2022-07-15T09:00:00,70.0,80.0,,,,69.81,8.0,,0.048299999999999996,0.0552,41.311922,-105.581147,2022,7,15,9
West,Knight Hall,2022-07-15T10:00:00,60.0,80.0,,,,61.02,7.0,,0.0414,0.0552,41.311922,-105.581147,2022,7,15,10
West,Knight Hall,2022-07-15T11:00:00,70.0,70.0,,,,51.12,9.0,,0.048299999999999996,0.048299999999999996,41.311922,-105.581147,2022,7,15,11
West,Knight Hall,2022-07-15T12:00:00,70.0,80.0,,,,38.61,9.0,,0.048299999999999996,0.0552,41.311922,-105.581147,2022,7,15,12
West,Knight Hall,2022-07-15T13:00:00,70.0,70.0,,,,79.24,9.0,,0.048299999999999996,0.048299999999999996,41.311922,-105.581147,2022,7,15,13
West,Knight Hall,2022-07-15T14:00:00,70.0,80.0,,,,108.52,10.0,,0.048299999999999996,0.0552,41.311922,-105.581147,2022,7,15,14
West,Knight Hall,2022-07-15T15:00:00,60.0,70.0,,,,109.03000000000002,9.0,,0.0414,0.048299999999999996,41.311922,-105.581147,2022,7,15,15
West,Knight Hall,2022-07-15T16:00:00,50.0,70.0,,,,36.72,9.0,,0.034499999999999996,0.048299999999999996,41.311922,-105.581147,2022,7,15,16
West,Knight Hall,2022-07-15T17:00:00,40.0,50.0,,,,10.65,8.0,,0.0276,0.034499999999999996,41.311922,-105.581147,2022,7,15,17
West,Knight Hall,2022-07-15T18:00:00,30.0,40.0,,,,13.78,7.0,,0.0207,0.0276,41.311922,-105.581147,2022,7,15,18
West,Knight Hall,2022-07-15T19:00:00,30.0,40.0,,,,54.38,1.0,,0.0207,0.0276,41.311922,-105.581147,2022,7,15,19
West,Knight Hall,2022-07-15T20:00:00,30.0,40.0,,,,36.5,1.0,,0.0207,0.0276,41.311922,-105.581147,2022,7,15,20
West,Knight Hall,2022-07-15T21:00:00,30.0,30.0,,,,4.18,,,0.0207,0.0207,41.311922,-105.581147,2022,7,15,21
West,Knight Hall,2022-07-15T22:00:00,30.0,40.0,,,,22.04,1.0,,0.0207,0.0276,41.311922,-105.581147,2022,7,15,22
West,Knight Hall,2022-07-15T23:00:00,20.0,30.0,,,,2.41,,,0.0138,0.0207,41.311922,-105.581147,2022,7,15,23
West,Knight Hall,2022-07-16T00:00:00,30.0,30.0,,,,2.16,1.0,,0.0207,0.0207,41.311922,-105.581147,2022,7,16,0
West,Knight Hall,2022-07-16T01:00:00,20.0,30.0,,,,2.0700000000000003,,,0.0138,0.0207,41.311922,-105.581147,2022,7,16,1
West,Knight Hall,2022-07-16T02:00:00,30.0,30.0,,,,2.0,,,0.0207,0.0207,41.311922,-105.581147,2022,7,16,2
West,Knight Hall,2022-07-16T03:00:00,20.0,30.0,,,,1.73,1.0,,0.0138,0.0207,41.311922,-105.581147,2022,7,16,3
West,Knight Hall,2022-07-16T04:00:00,30.0,30.0,,,,2.0700000000000003,,,0.0207,0.0207,41.311922,-105.581147,2022,7,16,4
West,Knight Hall,2022-07-16T05:00:00,20.0,30.0,,,,1.04,1.0,,0.0138,0.0207,41.311922,-105.581147,2022,7,16,5
West,Knight Hall,2022-07-16T06:00:00,20.0,40.0,,,,1.12,,,0.0138,0.0276,41.311922,-105.581147,2022,7,16,6
West,Knight Hall,2022-07-16T07:00:00,30.0,50.0,,,,8.02,,,0.0207,0.034499999999999996,41.311922,-105.581147,2022,7,16,7
West,Knight Hall,2022-07-16T08:00:00,30.0,70.0,,,,46.85,7.0,,0.0207,0.048299999999999996,41.311922,-105.581147,2022,7,16,8
West,Knight Hall,2022-07-16T09:00:00,30.0,70.0,,,,,8.0,,0.0207,0.048299999999999996,41.311922,-105.581147,2022,7,16,9
West,Knight Hall,2022-07-16T10:00:00,30.0,80.0,,,,,8.0,,0.0207,0.0552,41.311922,-105.581147,2022,7,16,10
West,Knight Hall,2022-07-16T11:00:00,20.0,70.0,,,,,8.0,,0.0138,0.048299999999999996,41.311922,-105.581147,2022,7,16,11
West,Knight Hall,2022-07-16T12:00:00,30.0,70.0,,,,,8.0,,0.0207,0.048299999999999996,41.311922,-105.581147,2022,7,16,12
West,Knight Hall,2022-07-16T13:00:00,30.0,70.0,,,,73.52,8.0,,0.0207,0.048299999999999996,41.311922,-105.581147,2022,7,16,13
West,Knight Hall,2022-07-16T14:00:00,30.0,70.0,,,,35.73,8.0,,0.0207,0.048299999999999996,41.311922,-105.581147,2022,7,16,14
West,Knight Hall,2022-07-16T15:00:00,30.0,70.0,,,,25.83,8.0,,0.0207,0.048299999999999996,41.311922,-105.581147,2022,7,16,15
West,Knight Hall,2022-07-16T16:00:00,20.0,60.0,,,,33.64,2.0,,0.0138,0.0414,41.311922,-105.581147,2022,7,16,16
West,Knight Hall,2022-07-16T17:00:00,30.0,50.0,,,,17.1,,,0.0207,0.034499999999999996,41.311922,-105.581147,2022,7,16,17
West,Knight Hall,2022-07-16T18:00:00,30.0,40.0,,,,4.92,1.0,,0.0207,0.0276,41.311922,-105.581147,2022,7,16,18
West,Knight Hall,2022-07-16T19:00:00,30.0,40.0,,,,27.71,1.0,,0.0207,0.0276,41.311922,-105.581147,2022,7,16,19
West,Knight Hall,2022-07-16T20:00:00,30.0,40.0,,,,8.34,,,0.0207,0.0276,41.311922,-105.581147,2022,7,16,20
West,Knight Hall,2022-07-16T21:00:00,30.0,30.0,,,,18.48,1.0,,0.0207,0.0207,41.311922,-105.581147,2022,7,16,21
West,Knight Hall,2022-07-16T22:00:00,20.0,30.0,,,,13.88,,,0.0138,0.0207,41.311922,-105.581147,2022,7,16,22
West,Knight Hall,2022-07-16T23:00:00,30.0,30.0,,,,1.12,1.0,,0.0207,0.0207,41.311922,-105.581147,2022,7,16,23
West,Knight Hall,2022-07-17T00:00:00,20.0,30.0,,,,0.75,,,0.0138,0.0207,41.311922,-105.581147,2022,7,17,0
West,Knight Hall,2022-07-17T01:00:00,30.0,30.0,,,,6.32,,,0.0207,0.0207,41.311922,-105.581147,2022,7,17,1
West,Knight Hall,2022-07-17T02:00:00,30.0,30.0,,,,20.2,1.0,,0.0207,0.0207,41.311922,-105.581147,2022,7,17,2
West,Knight Hall,2022-07-17T03:00:00,20.0,30.0,,,,16.580000000000002,,,0.0138,0.0207,41.311922,-105.581147,2022,7,17,3
West,Knight Hall,2022-07-17T04:00:00,30.0,30.0,,,,0.43,1.0,,0.0207,0.0207,41.311922,-105.581147,2022,7,17,4
West,Knight Hall,2022-07-17T05:00:00,20.0,30.0,,,,0.47,,,0.0138,0.0207,41.311922,-105.581147,2022,7,17,5
West,Knight Hall,2022-07-17T06:00:00,30.0,20.0,,,,0.47,1.0,,0.0207,0.0138,41.311922,-105.581147,2022,7,17,6
West,Knight Hall,2022-07-17T07:00:00,30.0,30.0,,,,0.43,,,0.0207,0.0207,41.311922,-105.581147,2022,7,17,7
West,Knight Hall,2022-07-17T08:00:00,20.0,30.0,,,,0.75,7.0,,0.0138,0.0207,41.311922,-105.581147,2022,7,17,8
West,Knight Hall,2022-07-17T09:00:00,40.0,40.0,,,,,10.0,,0.0276,0.0276,41.311922,-105.581147,2022,7,17,9
West,Knight Hall,2022-07-17T10:00:00,20.0,30.0,,,,0.26,6.0,,0.0138,0.0207,41.311922,-105.581147,2022,7,17,10
West,Knight Hall,2022-07-17T11:00:00,30.0,30.0,,,,0.5800000000000001,11.0,,0.0207,0.0207,41.311922,-105.581147,2022,7,17,11
West,Knight Hall,2022-07-17T12:00:00,30.0,40.0,,,,,7.0,,0.0207,0.0276,41.311922,-105.581147,2022,7,17,12
West,Knight Hall,2022-07-17T13:00:00,30.0,30.0,,,,0.32,12.0,,0.0207,0.0207,41.311922,-105.581147,2022,7,17,13
West,Knight Hall,2022-07-17T14:00:00,30.0,30.0,,,,0.24,9.0,,0.0207,0.0207,41.311922,-105.581147,2022,7,17,14
West,Knight Hall,2022-07-17T15:00:00,40.0,40.0,,,,,10.0,,0.0276,0.0276,41.311922,-105.581147,2022,7,17,15
West,Knight Hall,2022-07-17T16:00:00,20.0,30.0,,,,0.71,2.0,,0.0138,0.0207,41.311922,-105.581147,2022,7,17,16
West,Knight Hall,2022-07-17T17:00:00,20.0,30.0,,,,,1.0,,0.0138,0.0207,41.311922,-105.581147,2022,7,17,17
West,Knight Hall,2022-07-17T18:00:00,30.0,30.0,,,,0.54,1.0,,0.0207,0.0207,41.311922,-105.581147,2022,7,17,18
West,Knight Hall,2022-07-17T19:00:00,30.0,30.0,,,,,,,0.0207,0.0207,41.311922,-105.581147,2022,7,17,19
West,Knight Hall,2022-07-17T20:00:00,20.0,30.0,,,,0.17,1.0,,0.0138,0.0207,41.311922,-105.581147,2022,7,17,20
West,Knight Hall,2022-07-17T21:00:00,30.0,30.0,,,,0.63,,,0.0207,0.0207,41.311922,-105.581147,2022,7,17,21
West,Knight Hall,2022-07-17T22:00:00,30.0,30.0,,,,,1.0,,0.0207,0.0207,41.311922,-105.581147,2022,7,17,22
West,Knight Hall,2022-07-17T23:00:00,20.0,20.0,,,,0.26,,,0.0138,0.0138,41.311922,-105.581147,2022,7,17,23
West,Knight Hall,2022-07-18T00:00:00,30.0,40.0,,,,,1.0,,0.0207,0.0276,41.311922,-105.581147,2022,7,18,0
West,Knight Hall,2022-07-18T01:00:00,30.0,20.0,,,,0.28,,,0.0207,0.0138,41.311922,-105.581147,2022,7,18,1
West,Knight Hall,2022-07-18T02:00:00,20.0,30.0,,,,,1.0,,0.0138,0.0207,41.311922,-105.581147,2022,7,18,2
West,Knight Hall,2022-07-18T03:00:00,30.0,30.0,,,,0.3,,,0.0207,0.0207,41.311922,-105.581147,2022,7,18,3
West,Knight Hall,2022-07-18T04:00:00,30.0,30.0,,,,,8.0,,0.0207,0.0207,41.311922,-105.581147,2022,7,18,4
West,Knight Hall,2022-07-18T05:00:00,30.0,30.0,,,,0.4499999999999999,5.333333333313931,,0.0207,0.0207,41.311922,-105.581147,2022,7,18,5
West,Knight Hall,2022-07-18T06:00:00,30.0,30.0,,,,,4.666666666686069,,0.0207,0.0207,41.311922,-105.581147,2022,7,18,6
West,Knight Hall,2022-07-18T07:00:00,53.33333333348856,30.0,,,,0.32,7.0,,0.03680000000010711,0.0207,41.311922,-105.581147,2022,7,18,7
West,Knight Hall,2022-07-18T08:00:00,66.66666666651145,30.0,,,,0.24,9.0,,0.0459999999998929,0.0207,41.311922,-105.581147,2022,7,18,8
West,Knight Hall,2022-07-18T09:00:00,60.0,40.0,,,,3.77,8.0,,0.0414,0.0276,41.311922,-105.581147,2022,7,18,9
West,Knight Hall,2022-07-18T10:00:00,80.0,30.0,,,,,10.0,,0.0552,0.0207,41.311922,-105.581147,2022,7,18,10
West,Knight Hall,2022-07-18T11:00:00,70.0,40.0,,,,0.37,13.0,,0.048299999999999996,0.0276,41.311922,-105.581147,2022,7,18,11
West,Knight Hall,2022-07-18T12:00:00,80.0,30.0,,,,,17.0,,0.0552,0.0207,41.311922,-105.581147,2022,7,18,12
West,Knight Hall,2022-07-18T13:00:00,60.0,30.0,,,,,13.0,,0.0414,0.0207,41.311922,-105.581147,2022,7,18,13
West,Knight Hall,2022-07-18T14:00:00,80.0,40.0,,,,0.22,16.33333333331393,,0.0552,0.0276,41.311922,-105.581147,2022,7,18,14
West,Knight Hall,2022-07-18T15:00:00,70.0,30.0,,,,0.95,13.66666666668607,,0.048299999999999996,0.0207,41.311922,-105.581147,2022,7,18,15
West,Knight Hall,2022-07-18T16:00:00,60.0,30.0,,,,3.3,15.0,,0.0414,0.0207,41.311922,-105.581147,2022,7,18,16
West,Knight Hall,2022-07-18T17:00:00,45.0,30.0,,,,0.71,13.5,,0.031049999999999998,0.0207,41.311922,-105.581147,2022,7,18,17
West,Knight Hall,2022-07-18T18:00:00,50.0,40.0,,,,0.47,11.0,,0.034499999999999996,0.0276,41.311922,-105.581147,2022,7,18,18
West,Knight Hall,2022-07-18T19:00:00,45.0,30.0,,,,1.32,5.5,,0.031049999999999998,0.0207,41.311922,-105.581147,2022,7,18,19
West,Knight Hall,2022-07-18T20:00:00,40.0,30.0,,,,0.47,1.0,,0.0276,0.0207,41.311922,-105.581147,2022,7,18,20
West,Knight Hall,2022-07-18T21:00:00,30.0,30.0,,,,0.73,,,0.0207,0.0207,41.311922,-105.581147,2022,7,18,21
West,Knight Hall,2022-07-18T22:00:00,30.0,30.0,,,,,1.0,,0.0207,0.0207,41.311922,-105.581147,2022,7,18,22
West,Knight Hall,2022-07-18T23:00:00,30.0,30.0,,,,,,,0.0207,0.0207,41.311922,-105.581147,2022,7,18,23
West,Knight Hall,2022-07-19T00:00:00,30.0,30.0,,,,0.4499999999999999,1.0,,0.0207,0.0207,41.311922,-105.581147,2022,7,19,0
West,Knight Hall,2022-07-19T01:00:00,30.0,30.0,,,,,,,0.0207,0.0207,41.311922,-105.581147,2022,7,19,1
West,Knight Hall,2022-07-19T02:00:00,20.0,30.0,,,,0.48,1.0,,0.0138,0.0207,41.311922,-105.581147,2022,7,19,2
West,Knight Hall,2022-07-19T03:00:00,30.0,30.0,,,,,,,0.0207,0.0207,41.311922,-105.581147,2022,7,19,3
West,Knight Hall,2022-07-19T04:00:00,40.0,30.0,,,,,8.0,,0.0276,0.0207,41.311922,-105.581147,2022,7,19,4
West,Knight Hall,2022-07-19T05:00:00,30.0,40.0,,,,0.41,6.0,,0.0207,0.0276,41.311922,-105.581147,2022,7,19,5
West,Knight Hall,2022-07-19T06:00:00,30.0,30.0,,,,2.76,6.0,,0.0207,0.0207,41.311922,-105.581147,2022,7,19,6
West,Knight Hall,2022-07-19T07:00:00,50.0,50.0,,,,6.859999999999999,6.0,,0.034499999999999996,0.034499999999999996,41.311922,-105.581147,2022,7,19,7
West,Knight Hall,2022-07-19T08:00:00,80.0,80.0,,,,47.3,8.0,,0.0552,0.0552,41.311922,-105.581147,2022,7,19,8
West,Knight Hall,2022-07-19T09:00:00,80.0,80.0,,,,84.41,9.0,,0.0552,0.0552,41.311922,-105.581147,2022,7,19,9
West,Knight Hall,2022-07-19T10:00:00,70.0,80.0,,,,74.32,10.0,,0.048299999999999996,0.0552,41.311922,-105.581147,2022,7,19,10
West,Knight Hall,2022-07-19T11:00:00,80.0,80.0,,,,54.76,11.0,,0.0552,0.0552,41.311922,-105.581147,2022,7,19,11
West,Knight Hall,2022-07-19T12:00:00,80.0,80.0,,,,53.15,13.0,,0.0552,0.0552,41.311922,-105.581147,2022,7,19,12
West,Knight Hall,2022-07-19T13:00:00,70.0,70.0,,,,31.43,14.0,,0.048299999999999996,0.048299999999999996,41.311922,-105.581147,2022,7,19,13
West,Knight Hall,2022-07-19T14:00:00,,80.0,,,,47.11,16.0,,,0.0552,41.311922,-105.581147,2022,7,19,14
West,Knight Hall,2022-07-19T15:00:00,80.0,80.0,,,,40.690000000000005,15.0,,0.0552,0.0552,41.311922,-105.581147,2022,7,19,15
West,Knight Hall,2022-07-19T16:00:00,60.0,80.0,,,,48.45,17.0,,0.0414,0.0552,41.311922,-105.581147,2022,7,19,16
West,Knight Hall,2022-07-19T17:00:00,50.0,50.0,,,,35.21,15.0,,0.034499999999999996,0.034499999999999996,41.311922,-105.581147,2022,7,19,17
West,Knight Hall,2022-07-19T18:00:00,50.0,50.0,,,,51.29,12.0,,0.034499999999999996,0.034499999999999996,41.311922,-105.581147,2022,7,19,18
West,Knight Hall,2022-07-19T19:00:00,30.0,40.0,,,,4.2700000000000005,2.0,,0.0207,0.0276,41.311922,-105.581147,2022,7,19,19
West,Knight Hall,2022-07-19T20:00:00,40.0,40.0,,,,7.699999999999999,1.0,,0.0276,0.0276,41.311922,-105.581147,2022,7,19,20
West,Knight Hall,2022-07-19T21:00:00,30.0,30.0,,,,8.9,,,0.0207,0.0207,41.311922,-105.581147,2022,7,19,21
West,Knight Hall,2022-07-19T22:00:00,30.0,40.0,,,,6.380000000000001,1.0,,0.0207,0.0276,41.311922,-105.581147,2022,7,19,22
West,Knight Hall,2022-07-19T23:00:00,30.0,30.0,,,,2.29,,,0.0207,0.0207,41.311922,-105.581147,2022,7,19,23
West,Knight Hall,2022-07-20T00:00:00,30.0,30.0,,,,1.68,1.0,,0.0207,0.0207,41.311922,-105.581147,2022,7,20,0
West,Knight Hall,2022-07-20T01:00:00,30.0,30.0,,,,1.64,,,0.0207,0.0207,41.311922,-105.581147,2022,7,20,1
West,Knight Hall,2022-07-20T02:00:00,30.0,30.0,,,,1.5299999999999998,,,0.0207,0.0207,41.311922,-105.581147,2022,7,20,2
West,Knight Hall,2022-07-20T03:00:00,30.0,30.0,,,,1.6,1.0,,0.0207,0.0207,41.311922,-105.581147,2022,7,20,3
West,Knight Hall,2022-07-20T04:00:00,30.0,40.0,,,,3.71,7.0,,0.0207,0.0276,41.311922,-105.581147,2022,7,20,4
West,Knight Hall,2022-07-20T05:00:00,30.0,30.0,,,,0.73,6.0,,0.0207,0.0207,41.311922,-105.581147,2022,7,20,5
West,Knight Hall,2022-07-20T06:00:00,40.0,40.0,,,,1.08,7.0,,0.0276,0.0276,41.311922,-105.581147,2022,7,20,6
West,Knight Hall,2022-07-20T07:00:00,50.0,50.0,,,,10.11,6.0,,0.034499999999999996,0.034499999999999996,41.311922,-105.581147,2022,7,20,7
West,Knight Hall,2022-07-20T08:00:00,70.0,70.0,,,,74.94,8.0,,0.048299999999999996,0.048299999999999996,41.311922,-105.581147,2022,7,20,8
West,Knight Hall,2022-07-20T09:00:00,80.0,80.0,,,,133.07000000000002,9.0,,0.0552,0.0552,41.311922,-105.581147,2022,7,20,9
West,Knight Hall,2022-07-20T10:00:00,70.0,,,,,114.29,10.0,,0.048299999999999996,,41.311922,-105.581147,2022,7,20,10
West,Knight Hall,2022-07-20T11:00:00,80.0,80.0,,,,66.92,11.0,,0.0552,0.0552,41.311922,-105.581147,2022,7,20,11
West,Knight Hall,2022-07-20T12:00:00,70.0,80.0,,,,61.23,10.0,,0.048299999999999996,0.0552,41.311922,-105.581147,2022,7,20,12
West,Knight Hall,2022-07-20T13:00:00,80.0,,,,,120.70000000000002,12.0,,0.0552,,41.311922,-105.581147,2022,7,20,13
West,Knight Hall,2022-07-20T14:00:00,80.0,80.0,,,,34.5,11.0,,0.0552,0.0552,41.311922,-105.581147,2022,7,20,14
West,Knight Hall,2022-07-20T15:00:00,70.0,80.0,,,,46.18,12.0,,0.048299999999999996,0.0552,41.311922,-105.581147,2022,7,20,15
West,Knight Hall,2022-07-20T16:00:00,60.0,70.0,,,,29.97,12.0,,0.0414,0.048299999999999996,41.311922,-105.581147,2022,7,20,16
West,Knight Hall,2022-07-20T17:00:00,50.0,60.0,,,,21.02,11.0,,0.034499999999999996,0.0414,41.311922,-105.581147,2022,7,20,17
West,Knight Hall,2022-07-20T18:00:00,40.0,50.0,,,,42.3,10.0,,0.0276,0.034499999999999996,41.311922,-105.581147,2022,7,20,18
West,Knight Hall,2022-07-20T19:00:00,40.0,40.0,,,,9.23,2.0,,0.0276,0.0276,41.311922,-105.581147,2022,7,20,19
West,Knight Hall,2022-07-20T20:00:00,40.0,40.0,,,,11.92,,,0.0276,0.0276,41.311922,-105.581147,2022,7,20,20
West,Knight Hall,2022-07-20T21:00:00,30.0,40.0,,,,0.4499999999999999,1.0,,0.0207,0.0276,41.311922,-105.581147,2022,7,20,21
West,Knight Hall,2022-07-20T22:00:00,30.0,40.0,,,,9.23,,,0.0207,0.0276,41.311922,-105.581147,2022,7,20,22
West,Knight Hall,2022-07-20T23:00:00,30.0,30.0,,,,3.21,1.0,,0.0207,0.0207,41.311922,-105.581147,2022,7,20,23
West,Knight Hall,2022-07-21T00:00:00,30.0,40.0,,,,,,,0.0207,0.0276,41.311922,-105.581147,2022,7,21,0
West,Knight Hall,2022-07-21T01:00:00,30.0,30.0,,,,,,,0.0207,0.0207,41.311922,-105.581147,2022,7,21,1
West,Knight Hall,2022-07-21T02:00:00,30.0,30.0,,,,,1.0,,0.0207,0.0207,41.311922,-105.581147,2022,7,21,2
West,Knight Hall,2022-07-21T03:00:00,40.0,40.0,,,,,1.0,,0.0276,0.0276,41.311922,-105.581147,2022,7,21,3
West,Knight Hall,2022-07-21T04:00:00,20.0,30.0,,,,,6.0,,0.0138,0.0207,41.311922,-105.581147,2022,7,21,4
West,Knight Hall,2022-07-21T05:00:00,40.0,30.0,,,,,6.0,,0.0276,0.0207,41.311922,-105.581147,2022,7,21,5
West,Knight Hall,2022-07-21T06:00:00,30.0,40.0,,,,,5.0,,0.0207,0.0276,41.311922,-105.581147,2022,7,21,6
West,Knight Hall,2022-07-21T07:00:00,60.0,50.0,,,,,5.0,,0.0414,0.034499999999999996,41.311922,-105.581147,2022,7,21,7
West,Knight Hall,2022-07-21T08:00:00,70.0,80.0,,,,,8.0,,0.048299999999999996,0.0552,41.311922,-105.581147,2022,7,21,8
West,Knight Hall,2022-07-21T09:00:00,,70.0,,,,,10.0,,,0.048299999999999996,41.311922,-105.581147,2022,7,21,9
West,Knight Hall,2022-07-21T10:00:00,70.0,80.0,,,,,8.0,,0.048299999999999996,0.0552,41.311922,-105.581147,2022,7,21,10
West,Knight Hall,2022-07-21T11:00:00,,,,,,,12.0,,,,41.311922,-105.581147,2022,7,21,11
West,Knight Hall,2022-07-21T12:00:00,60.0,80.0,,,,,9.0,,0.0414,0.0552,41.311922,-105.581147,2022,7,21,12
West,Knight Hall,2022-07-21T13:00:00,,70.0,,,,,11.0,,,0.048299999999999996,41.311922,-105.581147,2022,7,21,13
West,Knight Hall,2022-07-21T14:00:00,70.0,,,,,,11.0,,0.048299999999999996,,41.311922,-105.581147,2022,7,21,14
West,Knight Hall,2022-07-21T15:00:00,80.0,80.0,,,,,11.0,,0.0552,0.0552,41.311922,-105.581147,2022,7,21,15
West,Knight Hall,2022-07-21T16:00:00,60.0,70.0,,,,,12.0,,0.0414,0.048299999999999996,41.311922,-105.581147,2022,7,21,16
West,Knight Hall,2022-07-21T17:00:00,50.0,50.0,,,,,11.0,,0.034499999999999996,0.034499999999999996,41.311922,-105.581147,2022,7,21,17
West,Knight Hall,2022-07-21T18:00:00,40.0,50.0,,,,,10.0,,0.0276,0.034499999999999996,41.311922,-105.581147,2022,7,21,18
West,Knight Hall,2022-07-21T19:00:00,40.0,30.0,,,,,2.0,,0.0276,0.0207,41.311922,-105.581147,2022,7,21,19
West,Knight Hall,2022-07-21T20:00:00,30.0,40.0,,,,,,,0.0207,0.0276,41.311922,-105.581147,2022,7,21,20
West,Knight Hall,2022-07-21T21:00:00,30.0,40.0,,,,,1.0,,0.0207,0.0276,41.311922,-105.581147,2022,7,21,21
West,Knight Hall,2022-07-21T22:00:00,30.0,30.0,,,,,,,0.0207,0.0207,41.311922,-105.581147,2022,7,21,22
West,Knight Hall,2022-07-21T23:00:00,30.0,30.0,,,,,,,0.0207,0.0207,41.311922,-105.581147,2022,7,21,23
West,Knight Hall,2022-07-22T00:00:00,30.0,40.0,,,,34.33,1.0,,0.0207,0.0276,41.311922,-105.581147,2022,7,22,0
West,Knight Hall,2022-07-22T01:00:00,20.0,30.0,,,,34.739999999999995,,,0.0138,0.0207,41.311922,-105.581147,2022,7,22,1
West,Knight Hall,2022-07-22T02:00:00,30.0,30.0,,,,33.79,1.0,,0.0207,0.0207,41.311922,-105.581147,2022,7,22,2
West,Knight Hall,2022-07-22T03:00:00,30.0,30.0,,,,35.74999999999999,1.0,,0.0207,0.0207,41.311922,-105.581147,2022,7,22,3
West,Knight Hall,2022-07-22T04:00:00,30.0,30.0,,,,34.76,6.0,,0.0207,0.0207,41.311922,-105.581147,2022,7,22,4
West,Knight Hall,2022-07-22T05:00:00,30.0,30.0,,,,45.82,6.0,,0.0207,0.0207,41.311922,-105.581147,2022,7,22,5
West,Knight Hall,2022-07-22T06:00:00,30.0,40.0,,,,34.65,4.0,,0.0207,0.0276,41.311922,-105.581147,2022,7,22,6
West,Knight Hall,2022-07-22T07:00:00,60.0,50.0,,,,65.08999999999999,6.0,,0.0414,0.034499999999999996,41.311922,-105.581147,2022,7,22,7
West,Knight Hall,2022-07-22T08:00:00,50.0,80.0,,,,132.62,6.0,,0.034499999999999996,0.0552,41.311922,-105.581147,2022,7,22,8
West,Knight Hall,2022-07-22T09:00:00,,80.0,,,,,9.0,,,0.0552,41.311922,-105.581147,2022,7,22,9
West,Knight Hall,2022-07-22T10:00:00,60.0,80.0,,,,72.12,9.0,,0.0414,0.0552,41.311922,-105.581147,2022,7,22,10
West,Knight Hall,2022-07-22T11:00:00,80.0,80.0,,,,47.07,12.0,,0.0552,0.0552,41.311922,-105.581147,2022,7,22,11
West,Knight Hall,2022-07-22T12:00:00,60.0,80.0,,,,36.14,8.0,,0.0414,0.0552,41.311922,-105.581147,2022,7,22,12
West,Knight Hall,2022-07-22T13:00:00,70.0,80.0,,,,49.16,11.0,,0.048299999999999996,0.0552,41.311922,-105.581147,2022,7,22,13
West,Knight Hall,2022-07-22T14:00:00,70.0,80.0,,,,32.46999999999999,12.0,,0.048299999999999996,0.0552,41.311922,-105.581147,2022,7,22,14
West,Knight Hall,2022-07-22T15:00:00,,80.0,,,,35.3,14.0,,,0.0552,41.311922,-105.581147,2022,7,22,15
West,Knight Hall,2022-07-22T16:00:00,40.0,70.0,,,,44.690000000000005,10.0,,0.0276,0.048299999999999996,41.311922,-105.581147,2022,7,22,16
West,Knight Hall,2022-07-22T17:00:00,50.0,50.0,,,,13.0,13.0,,0.034499999999999996,0.034499999999999996,41.311922,-105.581147,2022,7,22,17
West,Knight Hall,2022-07-22T18:00:00,40.0,40.0,,,,26.05,8.0,,0.0276,0.0276,41.311922,-105.581147,2022,7,22,18
West,Knight Hall,2022-07-22T19:00:00,40.0,40.0,,,,26.28,2.0,,0.0276,0.0276,41.311922,-105.581147,2022,7,22,19
West,Knight Hall,2022-07-22T20:00:00,30.0,40.0,,,,19.130000000000003,,,0.0207,0.0276,41.311922,-105.581147,2022,7,22,20
West,Knight Hall,2022-07-22T21:00:00,40.0,40.0,,,,8.02,1.0,,0.0276,0.0276,41.311922,-105.581147,2022,7,22,21
West,Knight Hall,2022-07-22T22:00:00,20.0,30.0,,,,25.68,,,0.0138,0.0207,41.311922,-105.581147,2022,7,22,22
West,Knight Hall,2022-07-22T23:00:00,30.0,30.0,,,,7.180000000000001,,,0.0207,0.0207,41.311922,-105.581147,2022,7,22,23
West,Knight Hall,2022-07-23T00:00:00,20.0,30.0,,,,6.4,1.0,,0.0138,0.0207,41.311922,-105.581147,2022,7,23,0
West,Knight Hall,2022-07-23T01:00:00,30.0,30.0,,,,5.35,,,0.0207,0.0207,41.311922,-105.581147,2022,7,23,1
West,Knight Hall,2022-07-23T02:00:00,20.0,30.0,,,,6.0600000000000005,1.0,,0.0138,0.0207,41.311922,-105.581147,2022,7,23,2
West,Knight Hall,2022-07-23T03:00:00,30.0,30.0,,,,5.52,,,0.0207,0.0207,41.311922,-105.581147,2022,7,23,3
West,Knight Hall,2022-07-23T04:00:00,30.0,30.0,,,,5.41,,,0.0207,0.0207,41.311922,-105.581147,2022,7,23,4
West,Knight Hall,2022-07-23T05:00:00,30.0,40.0,,,,3.97,1.0,,0.0207,0.0276,41.311922,-105.581147,2022,7,23,5
West,Knight Hall,2022-07-23T06:00:00,20.0,30.0,,,,4.77,,,0.0138,0.0207,41.311922,-105.581147,2022,7,23,6
West,Knight Hall,2022-07-23T07:00:00,20.0,50.0,,,,16.779999999999998,1.0,,0.0138,0.034499999999999996,41.311922,-105.581147,2022,7,23,7
West,Knight Hall,2022-07-23T08:00:00,30.0,70.0,,,,51.78999999999999,9.0,,0.0207,0.048299999999999996,41.311922,-105.581147,2022,7,23,8
West,Knight Hall,2022-07-23T09:00:00,40.0,70.0,,,,65.44,9.0,,0.0276,0.048299999999999996,41.311922,-105.581147,2022,7,23,9
West,Knight Hall,2022-07-23T10:00:00,20.0,70.0,,,,79.88,6.0,,0.0138,0.048299999999999996,41.311922,-105.581147,2022,7,23,10
West,Knight Hall,2022-07-23T11:00:00,40.0,70.0,,,,39.2,10.0,,0.0276,0.048299999999999996,41.311922,-105.581147,2022,7,23,11
West,Knight Hall,2022-07-23T12:00:00,30.0,70.0,,,,38.83,7.0,,0.0207,0.048299999999999996,41.311922,-105.581147,2022,7,23,12
West,Knight Hall,2022-07-23T13:00:00,40.0,70.0,,,,37.75,10.0,,0.0276,0.048299999999999996,41.311922,-105.581147,2022,7,23,13
West,Knight Hall,2022-07-23T14:00:00,20.0,70.0,,,,38.23,7.0,,0.0138,0.048299999999999996,41.311922,-105.581147,2022,7,23,14
West,Knight Hall,2022-07-23T15:00:00,40.0,60.0,,,,25.53,9.0,,0.0276,0.0414,41.311922,-105.581147,2022,7,23,15
West,Knight Hall,2022-07-23T16:00:00,30.0,60.0,,,,25.14,2.0,,0.0207,0.0414,41.311922,-105.581147,2022,7,23,16
West,Knight Hall,2022-07-23T17:00:00,40.0,50.0,,,,5.859999999999999,1.0,,0.0276,0.034499999999999996,41.311922,-105.581147,2022,7,23,17
West,Knight Hall,2022-07-23T18:00:00,20.0,40.0,,,,20.89,,,0.0138,0.0276,41.311922,-105.581147,2022,7,23,18
West,Knight Hall,2022-07-23T19:00:00,30.0,40.0,,,,2.14,,,0.0207,0.0276,41.311922,-105.581147,2022,7,23,19
West,Knight Hall,2022-07-23T20:00:00,30.0,40.0,,,,5.63,1.0,,0.0207,0.0276,41.311922,-105.581147,2022,7,23,20
West,Knight Hall,2022-07-23T21:00:00,40.0,30.0,,,,0.47,,,0.0276,0.0207,41.311922,-105.581147,2022,7,23,21
West,Knight Hall,2022-07-23T22:00:00,30.0,30.0,,,,0.76,1.0,,0.0207,0.0207,41.311922,-105.581147,2022,7,23,22
West,Knight Hall,2022-07-23T23:00:00,30.0,30.0,,,,0.3,,,0.0207,0.0207,41.311922,-105.581147,2022,7,23,23
West,Knight Hall,2022-07-24T00:00:00,30.0,30.0,,,,0.39,1.0,,0.0207,0.0207,41.311922,-105.581147,2022,7,24,0
West,Knight Hall,2022-07-24T01:00:00,30.0,30.0,,,,0.22,,,0.0207,0.0207,41.311922,-105.581147,2022,7,24,1
West,Knight Hall,2022-07-24T02:00:00,30.0,30.0,,,,0.37,,,0.0207,0.0207,41.311922,-105.581147,2022,7,24,2
West,Knight Hall,2022-07-24T03:00:00,30.0,20.0,,,,0.26,1.0,,0.0207,0.0138,41.311922,-105.581147,2022,7,24,3
West,Knight Hall,2022-07-24T04:00:00,30.0,30.0,,,,0.22,,,0.0207,0.0207,41.311922,-105.581147,2022,7,24,4
West,Knight Hall,2022-07-24T05:00:00,30.0,30.0,,,,0.11,,,0.0207,0.0207,41.311922,-105.581147,2022,7,24,5
West,Knight Hall,2022-07-24T06:00:00,30.0,30.0,,,,0.22,1.0,,0.0207,0.0207,41.311922,-105.581147,2022,7,24,6
West,Knight Hall,2022-07-24T07:00:00,30.0,30.0,,,,0.22,,,0.0207,0.0207,41.311922,-105.581147,2022,7,24,7
West,Knight Hall,2022-07-24T08:00:00,30.0,30.0,,,,5.54,7.0,,0.0207,0.0207,41.311922,-105.581147,2022,7,24,8
West,Knight Hall,2022-07-24T09:00:00,30.0,40.0,,,,5.130000000000001,8.0,,0.0207,0.0276,41.311922,-105.581147,2022,7,24,9
West,Knight Hall,2022-07-24T10:00:00,40.0,40.0,,,,6.430000000000001,6.0,,0.0276,0.0276,41.311922,-105.581147,2022,7,24,10
West,Knight Hall,2022-07-24T11:00:00,40.0,30.0,,,,2.31,7.0,,0.0276,0.0207,41.311922,-105.581147,2022,7,24,11
West,Knight Hall,2022-07-24T12:00:00,20.0,40.0,,,,3.86,5.0,,0.0138,0.0276,41.311922,-105.581147,2022,7,24,12
West,Knight Hall,2022-07-24T13:00:00,40.0,40.0,,,,0.06,5.0,,0.0276,0.0276,41.311922,-105.581147,2022,7,24,13
West,Knight Hall,2022-07-24T14:00:00,30.0,30.0,,,,3.58,5.0,,0.0207,0.0207,41.311922,-105.581147,2022,7,24,14
West,Knight Hall,2022-07-24T15:00:00,40.0,40.0,,,,,5.0,,0.0276,0.0276,41.311922,-105.581147,2022,7,24,15
West,Knight Hall,2022-07-24T16:00:00,20.0,30.0,,,,0.19,1.0,,0.0138,0.0207,41.311922,-105.581147,2022,7,24,16
West,Knight Hall,2022-07-24T17:00:00,40.0,40.0,,,,3.43,1.0,,0.0276,0.0276,41.311922,-105.581147,2022,7,24,17
West,Knight Hall,2022-07-24T18:00:00,30.0,30.0,,,,0.21,,,0.0207,0.0207,41.311922,-105.581147,2022,7,24,18
West,Knight Hall,2022-07-24T19:00:00,30.0,30.0,,,,0.02,,,0.0207,0.0207,41.311922,-105.581147,2022,7,24,19
West,Knight Hall,2022-07-24T20:00:00,30.0,30.0,,,,,1.0,,0.0207,0.0207,41.311922,-105.581147,2022,7,24,20
West,Knight Hall,2022-07-24T21:00:00,30.0,30.0,,,,0.22,,,0.0207,0.0207,41.311922,-105.581147,2022,7,24,21
West,Knight Hall,2022-07-24T22:00:00,20.0,30.0,,,,,,,0.0138,0.0207,41.311922,-105.581147,2022,7,24,22
West,Knight Hall,2022-07-24T23:00:00,40.0,30.0,,,,0.09,1.0,,0.0276,0.0207,41.311922,-105.581147,2022,7,24,23
West,Knight Hall,2022-07-25T00:00:00,20.0,30.0,,,,,,,0.0138,0.0207,41.311922,-105.581147,2022,7,25,0
West,Knight Hall,2022-07-25T01:00:00,30.0,30.0,,,,4.03,,,0.0207,0.0207,41.311922,-105.581147,2022,7,25,1
West,Knight Hall,2022-07-25T02:00:00,30.0,30.0,,,,4.79,1.0,,0.0207,0.0207,41.311922,-105.581147,2022,7,25,2
West,Knight Hall,2022-07-25T03:00:00,30.0,30.0,,,,9.77,,,0.0207,0.0207,41.311922,-105.581147,2022,7,25,3
West,Knight Hall,2022-07-25T04:00:00,30.0,30.0,,,,,4.0,,0.0207,0.0207,41.311922,-105.581147,2022,7,25,4
West,Knight Hall,2022-07-25T05:00:00,30.0,30.0,,,,0.26,4.0,,0.0207,0.0207,41.311922,-105.581147,2022,7,25,5
West,Knight Hall,2022-07-25T06:00:00,30.0,30.0,,,,0.04,3.0,,0.0207,0.0207,41.311922,-105.581147,2022,7,25,6
West,Knight Hall,2022-07-25T07:00:00,50.0,30.0,,,,0.1699999999999999,4.0,,0.034499999999999996,0.0207,41.311922,-105.581147,2022,7,25,7
West,Knight Hall,2022-07-25T08:00:00,80.0,30.0,,,,3.56,5.0,,0.0552,0.0207,41.311922,-105.581147,2022,7,25,8
West,Knight Hall,2022-07-25T09:00:00,80.0,40.0,,,,2.48,7.0,,0.0552,0.0276,41.311922,-105.581147,2022,7,25,9
West,Knight Hall,2022-07-25T10:00:00,70.0,30.0,,,,,6.0,,0.048299999999999996,0.0207,41.311922,-105.581147,2022,7,25,10
West,Knight Hall,2022-07-25T11:00:00,80.0,40.0,,,,2.13,9.0,,0.0552,0.0276,41.311922,-105.581147,2022,7,25,11
West,Knight Hall,2022-07-25T12:00:00,60.0,40.0,,,,,7.0,,0.0414,0.0276,41.311922,-105.581147,2022,7,25,12
West,Knight Hall,2022-07-25T13:00:00,,40.0,,,,0.13,10.0,,,0.0276,41.311922,-105.581147,2022,7,25,13
West,Knight Hall,2022-07-25T14:00:00,50.0,40.0,,,,,7.0,,0.034499999999999996,0.0276,41.311922,-105.581147,2022,7,25,14
West,Knight Hall,2022-07-25T15:00:00,70.0,30.0,,,,1.92,8.0,,0.048299999999999996,0.0207,41.311922,-105.581147,2022,7,25,15
West,Knight Hall,2022-07-25T16:00:00,60.0,40.0,,,,,8.0,,0.0414,0.0276,41.311922,-105.581147,2022,7,25,16
West,Knight Hall,2022-07-25T17:00:00,50.0,30.0,,,,0.07,10.0,,0.034499999999999996,0.0207,41.311922,-105.581147,2022,7,25,17
West,Knight Hall,2022-07-25T18:00:00,30.0,30.0,,,,,7.0,,0.0207,0.0207,41.311922,-105.581147,2022,7,25,18
West,Knight Hall,2022-07-25T19:00:00,30.0,30.0,,,,0.04,1.0,,0.0207,0.0207,41.311922,-105.581147,2022,7,25,19
West,Knight Hall,2022-07-25T20:00:00,30.0,40.0,,,,,,,0.0207,0.0276,41.311922,-105.581147,2022,7,25,20
West,Knight Hall,2022-07-25T21:00:00,30.0,30.0,,,,1.72,1.0,,0.0207,0.0207,41.311922,-105.581147,2022,7,25,21
West,Knight Hall,2022-07-25T22:00:00,30.0,30.0,,,,0.3,,,0.0207,0.0207,41.311922,-105.581147,2022,7,25,22
West,Knight Hall,2022-07-25T23:00:00,30.0,30.0,,,,,1.0,,0.0207,0.0207,41.311922,-105.581147,2022,7,25,23
West,Knight Hall,2022-07-26T00:00:00,20.0,30.0,,,,0.73,,,0.0138,0.0207,41.311922,-105.581147,2022,7,26,0
West,Knight Hall,2022-07-26T01:00:00,30.0,30.0,,,,,1.0,,0.0207,0.0207,41.311922,-105.581147,2022,7,26,1
West,Knight Hall,2022-07-26T02:00:00,20.0,30.0,,,,0.26,,,0.0138,0.0207,41.311922,-105.581147,2022,7,26,2
West,Knight Hall,2022-07-26T03:00:00,30.0,30.0,,,,,,,0.0207,0.0207,41.311922,-105.581147,2022,7,26,3
West,Knight Hall,2022-07-26T04:00:00,20.0,40.0,,,,0.28,5.0,,0.0138,0.0276,41.311922,-105.581147,2022,7,26,4
West,Knight Hall,2022-07-26T05:00:00,30.0,30.0,,,,,4.0,,0.0207,0.0207,41.311922,-105.581147,2022,7,26,5
West,Knight Hall,2022-07-26T06:00:00,30.0,40.0,,,,2.67,4.0,,0.0207,0.0276,41.311922,-105.581147,2022,7,26,6
West,Knight Hall,2022-07-26T07:00:00,60.0,50.0,,,,7.140000000000001,5.0,,0.0414,0.034499999999999996,41.311922,-105.581147,2022,7,26,7
West,Knight Hall,2022-07-26T08:00:00,60.0,60.0,,,,54.03,6.0,,0.0414,0.0414,41.311922,-105.581147,2022,7,26,8
West,Knight Hall,2022-07-26T09:00:00,80.0,80.0,,,,59.64,7.0,,0.0552,0.0552,41.311922,-105.581147,2022,7,26,9
West,Knight Hall,2022-07-26T10:00:00,70.0,70.0,,,,71.52,7.0,,0.048299999999999996,0.048299999999999996,41.311922,-105.581147,2022,7,26,10
West,Knight Hall,2022-07-26T11:00:00,,80.0,,,,46.48,9.0,,,0.0552,41.311922,-105.581147,2022,7,26,11
West,Knight Hall,2022-07-26T12:00:00,60.0,70.0,,,,46.66,7.0,,0.0414,0.048299999999999996,41.311922,-105.581147,2022,7,26,12
West,Knight Hall,2022-07-26T13:00:00,80.0,70.0,,,,24.84,10.0,,0.0552,0.048299999999999996,41.311922,-105.581147,2022,7,26,13
West,Knight Hall,2022-07-26T14:00:00,70.0,70.0,,,,32.49,7.0,,0.048299999999999996,0.048299999999999996,41.311922,-105.581147,2022,7,26,14
West,Knight Hall,2022-07-26T15:00:00,,80.0,,,,27.94,9.0,,,0.0552,41.311922,-105.581147,2022,7,26,15
West,Knight Hall,2022-07-26T16:00:00,50.0,60.0,,,,28.83,9.0,,0.034499999999999996,0.0414,41.311922,-105.581147,2022,7,26,16
West,Knight Hall,2022-07-26T17:00:00,60.0,60.0,,,,8.08,11.0,,0.0414,0.0414,41.311922,-105.581147,2022,7,26,17
West,Knight Hall,2022-07-26T18:00:00,30.0,40.0,,,,6.25,6.0,,0.0207,0.0276,41.311922,-105.581147,2022,7,26,18
West,Knight Hall,2022-07-26T19:00:00,40.0,40.0,,,,10.31,2.0,,0.0276,0.0276,41.311922,-105.581147,2022,7,26,19
West,Knight Hall,2022-07-26T20:00:00,30.0,40.0,,,,10.35,,,0.0207,0.0276,41.311922,-105.581147,2022,7,26,20
West,Knight Hall,2022-07-26T21:00:00,40.0,40.0,,,,19.15,1.0,,0.0276,0.0276,41.311922,-105.581147,2022,7,26,21
West,Knight Hall,2022-07-26T22:00:00,20.0,30.0,,,,2.83,,,0.0138,0.0207,41.311922,-105.581147,2022,7,26,22
West,Knight Hall,2022-07-26T23:00:00,40.0,30.0,,,,0.43,1.0,,0.0276,0.0207,41.311922,-105.581147,2022,7,26,23
West,Knight Hall,2022-07-27T00:00:00,20.0,40.0,,,,,,,0.0138,0.0276,41.311922,-105.581147,2022,7,27,0
West,Knight Hall,2022-07-27T01:00:00,30.0,30.0,,,,0.28,,,0.0207,0.0207,41.311922,-105.581147,2022,7,27,1
West,Knight Hall,2022-07-27T02:00:00,30.0,30.0,,,,,1.0,,0.0207,0.0207,41.311922,-105.581147,2022,7,27,2
West,Knight Hall,2022-07-27T03:00:00,30.0,30.0,,,,0.32,,,0.0207,0.0207,41.311922,-105.581147,2022,7,27,3
West,Knight Hall,2022-07-27T04:00:00,30.0,30.0,,,,,5.0,,0.0207,0.0207,41.311922,-105.581147,2022,7,27,4
West,Knight Hall,2022-07-27T05:00:00,30.0,30.0,,,,0.13,5.0,,0.0207,0.0207,41.311922,-105.581147,2022,7,27,5
West,Knight Hall,2022-07-27T06:00:00,30.0,40.0,,,,1.31,5.0,,0.0207,0.0276,41.311922,-105.581147,2022,7,27,6
West,Knight Hall,2022-07-27T07:00:00,70.0,60.0,,,,,6.0,,0.048299999999999996,0.0414,41.311922,-105.581147,2022,7,27,7
West,Knight Hall,2022-07-27T08:00:00,50.0,70.0,,,,,5.0,,0.034499999999999996,0.048299999999999996,41.311922,-105.581147,2022,7,27,8
West,Knight Hall,2022-07-27T09:00:00,80.0,80.0,,,,,8.0,,0.0552,0.0552,41.311922,-105.581147,2022,7,27,9
West,Knight Hall,2022-07-27T10:00:00,70.0,80.0,,,,,6.0,,0.048299999999999996,0.0552,41.311922,-105.581147,2022,7,27,10
West,Knight Hall,2022-07-27T11:00:00,80.0,,,,,,10.0,,0.0552,,41.311922,-105.581147,2022,7,27,11
West,Knight Hall,2022-07-27T12:00:00,70.0,70.0,,,,,7.0,,0.048299999999999996,0.048299999999999996,41.311922,-105.581147,2022,7,27,12
West,Knight Hall,2022-07-27T13:00:00,70.0,80.0,,,,,10.0,,0.048299999999999996,0.0552,41.311922,-105.581147,2022,7,27,13
West,Knight Hall,2022-07-27T14:00:00,70.0,80.0,,,,,8.0,,0.048299999999999996,0.0552,41.311922,-105.581147,2022,7,27,14
West,Knight Hall,2022-07-27T15:00:00,80.0,80.0,,,,65.98,10.0,,0.0552,0.0552,41.311922,-105.581147,2022,7,27,15
West,Knight Hall,2022-07-27T16:00:00,60.0,80.0,,,,,10.0,,0.0414,0.0552,41.311922,-105.581147,2022,7,27,16
West,Knight Hall,2022-07-27T17:00:00,60.0,50.0,,,,20.2,9.0,,0.0414,0.034499999999999996,41.311922,-105.581147,2022,7,27,17
West,Knight Hall,2022-07-27T18:00:00,30.0,50.0,,,,62.18,8.0,,0.0207,0.034499999999999996,41.311922,-105.581147,2022,7,27,18
West,Knight Hall,2022-07-27T19:00:00,40.0,50.0,,,,,2.0,,0.0276,0.034499999999999996,41.311922,-105.581147,2022,7,27,19
West,Knight Hall,2022-07-27T20:00:00,30.0,40.0,,,,8.129999999999999,,,0.0207,0.0276,41.311922,-105.581147,2022,7,27,20
West,Knight Hall,2022-07-27T21:00:00,40.0,40.0,,,,0.11,1.0,,0.0276,0.0276,41.311922,-105.581147,2022,7,27,21
West,Knight Hall,2022-07-27T22:00:00,30.0,30.0,,,,3.51,,,0.0207,0.0207,41.311922,-105.581147,2022,7,27,22
West,Knight Hall,2022-07-27T23:00:00,30.0,40.0,,,,,,,0.0207,0.0276,41.311922,-105.581147,2022,7,27,23
West,Knight Hall,2022-07-28T00:00:00,30.0,30.0,,,,0.06,1.0,,0.0207,0.0207,41.311922,-105.581147,2022,7,28,0
West,Knight Hall,2022-07-28T01:00:00,30.0,30.0,,,,,,,0.0207,0.0207,41.311922,-105.581147,2022,7,28,1
West,Knight Hall,2022-07-28T02:00:00,30.0,40.0,,,,,1.0,,0.0207,0.0276,41.311922,-105.581147,2022,7,28,2
West,Knight Hall,2022-07-28T03:00:00,30.0,30.0,,,,,,,0.0207,0.0207,41.311922,-105.581147,2022,7,28,3
West,Knight Hall,2022-07-28T04:00:00,30.0,30.0,,,,0.07,5.0,,0.0207,0.0207,41.311922,-105.581147,2022,7,28,4
West,Knight Hall,2022-07-28T05:00:00,30.0,40.0,,,,,5.0,,0.0207,0.0276,41.311922,-105.581147,2022,7,28,5
West,Knight Hall,2022-07-28T06:00:00,30.0,40.0,,,,10.59,4.0,,0.0207,0.0276,41.311922,-105.581147,2022,7,28,6
West,Knight Hall,2022-07-28T07:00:00,50.0,60.0,,,,9.31,4.0,,0.034499999999999996,0.0414,41.311922,-105.581147,2022,7,28,7
West,Knight Hall,2022-07-28T08:00:00,70.0,80.0,,,,50.13,5.0,,0.048299999999999996,0.0552,41.311922,-105.581147,2022,7,28,8
West,Knight Hall,2022-07-28T09:00:00,60.0,80.0,,,,78.72,5.0,,0.0414,0.0552,41.311922,-105.581147,2022,7,28,9
West,Knight Hall,2022-07-28T10:00:00,70.0,80.0,,,,79.67,7.0,,0.048299999999999996,0.0552,41.311922,-105.581147,2022,7,28,10
West,Knight Hall,2022-07-28T11:00:00,80.0,80.0,,,,,8.0,,0.0552,0.0552,41.311922,-105.581147,2022,7,28,11
West,Knight Hall,2022-07-28T12:00:00,60.0,80.0,,,,112.46,7.0,,0.0414,0.0552,41.311922,-105.581147,2022,7,28,12
West,Knight Hall,2022-07-28T13:00:00,60.0,80.0,,,,71.08999999999999,7.0,,0.0414,0.0552,41.311922,-105.581147,2022,7,28,13
West,Knight Hall,2022-07-28T14:00:00,70.0,,,,,78.50000000000001,7.0,,0.048299999999999996,,41.311922,-105.581147,2022,7,28,14
West,Knight Hall,2022-07-28T15:00:00,70.0,80.0,,,,72.97999999999999,9.0,,0.048299999999999996,0.0552,41.311922,-105.581147,2022,7,28,15
West,Knight Hall,2022-07-28T16:00:00,60.0,70.0,,,,,7.0,,0.0414,0.048299999999999996,41.311922,-105.581147,2022,7,28,16
West,Knight Hall,2022-07-28T17:00:00,50.0,60.0,,,,10.57,7.0,,0.034499999999999996,0.0414,41.311922,-105.581147,2022,7,28,17
West,Knight Hall,2022-07-28T18:00:00,40.0,50.0,,,,41.27,7.0,,0.0276,0.034499999999999996,41.311922,-105.581147,2022,7,28,18
West,Knight Hall,2022-07-28T19:00:00,30.0,40.0,,,,9.29,1.0,,0.0207,0.0276,41.311922,-105.581147,2022,7,28,19
West,Knight Hall,2022-07-28T20:00:00,40.0,40.0,,,,7.48,1.0,,0.0276,0.0276,41.311922,-105.581147,2022,7,28,20
West,Knight Hall,2022-07-28T21:00:00,30.0,30.0,,,,0.04,,,0.0207,0.0207,41.311922,-105.581147,2022,7,28,21
West,Knight Hall,2022-07-28T22:00:00,30.0,40.0,,,,2.16,,,0.0207,0.0276,41.311922,-105.581147,2022,7,28,22
West,Knight Hall,2022-07-28T23:00:00,30.0,30.0,,,,0.17,1.0,,0.0207,0.0207,41.311922,-105.581147,2022,7,28,23
West,Knight Hall,2022-07-29T00:00:00,30.0,30.0,,,,,,,0.0207,0.0207,41.311922,-105.581147,2022,7,29,0
West,Knight Hall,2022-07-29T01:00:00,30.0,30.0,,,,0.17,1.0,,0.0207,0.0207,41.311922,-105.581147,2022,7,29,1
West,Knight Hall,2022-07-29T02:00:00,30.0,30.0,,,,,,,0.0207,0.0207,41.311922,-105.581147,2022,7,29,2
West,Knight Hall,2022-07-29T03:00:00,30.0,40.0,,,,0.21,1.0,,0.0207,0.0276,41.311922,-105.581147,2022,7,29,3
West,Knight Hall,2022-07-29T04:00:00,30.0,30.0,,,,,4.0,,0.0207,0.0207,41.311922,-105.581147,2022,7,29,4
West,Knight Hall,2022-07-29T05:00:00,30.0,40.0,,,,5.33,5.0,,0.0207,0.0276,41.311922,-105.581147,2022,7,29,5
West,Knight Hall,2022-07-29T06:00:00,30.0,30.0,,,,0.15,4.0,,0.0207,0.0207,41.311922,-105.581147,2022,7,29,6
West,Knight Hall,2022-07-29T07:00:00,50.0,60.0,,,,16.36,4.0,,0.034499999999999996,0.0414,41.311922,-105.581147,2022,7,29,7
West,Knight Hall,2022-07-29T08:00:00,60.0,80.0,,,,42.89,6.0,,0.0414,0.0552,41.311922,-105.581147,2022,7,29,8
West,Knight Hall,2022-07-29T09:00:00,80.0,,,,,157.89,7.0,,0.0552,,41.311922,-105.581147,2022,7,29,9
West,Knight Hall,2022-07-29T10:00:00,50.0,80.0,,,,95.38,6.0,,0.034499999999999996,0.0552,41.311922,-105.581147,2022,7,29,10
West,Knight Hall,2022-07-29T11:00:00,70.0,80.0,,,,,7.0,,0.048299999999999996,0.0552,41.311922,-105.581147,2022,7,29,11
West,Knight Hall,2022-07-29T12:00:00,70.0,,,,,,8.0,,0.048299999999999996,,41.311922,-105.581147,2022,7,29,12
West,Knight Hall,2022-07-29T13:00:00,60.0,80.0,,,,42.37,7.0,,0.0414,0.0552,41.311922,-105.581147,2022,7,29,13
West,Knight Hall,2022-07-29T14:00:00,70.0,,,,,25.660000000000004,8.0,,0.048299999999999996,,41.311922,-105.581147,2022,7,29,14
West,Knight Hall,2022-07-29T15:00:00,60.0,80.0,,,,41.85,8.0,,0.0414,0.0552,41.311922,-105.581147,2022,7,29,15
West,Knight Hall,2022-07-29T16:00:00,60.0,70.0,,,,23.55,9.0,,0.0414,0.048299999999999996,41.311922,-105.581147,2022,7,29,16
West,Knight Hall,2022-07-29T17:00:00,40.0,60.0,,,,35.34,8.0,,0.0276,0.0414,41.311922,-105.581147,2022,7,29,17
West,Knight Hall,2022-07-29T18:00:00,40.0,50.0,,,,18.130000000000003,7.0,,0.0276,0.034499999999999996,41.311922,-105.581147,2022,7,29,18
West,Knight Hall,2022-07-29T19:00:00,30.0,40.0,,,,12.33,2.0,,0.0207,0.0276,41.311922,-105.581147,2022,7,29,19
West,Knight Hall,2022-07-29T20:00:00,30.0,40.0,,,,29.950000000000003,,,0.0207,0.0276,41.311922,-105.581147,2022,7,29,20
West,Knight Hall,2022-07-29T21:00:00,30.0,40.0,,,,7.11,1.0,,0.0207,0.0276,41.311922,-105.581147,2022,7,29,21
West,Knight Hall,2022-07-29T22:00:00,30.0,40.0,,,,17.34,,,0.0207,0.0276,41.311922,-105.581147,2022,7,29,22
West,Knight Hall,2022-07-29T23:00:00,30.0,40.0,,,,7.96,,,0.0207,0.0276,41.311922,-105.581147,2022,7,29,23
West,Knight Hall,2022-07-30T00:00:00,20.0,30.0,,,,8.75,1.0,,0.0138,0.0207,41.311922,-105.581147,2022,7,30,0
West,Knight Hall,2022-07-30T01:00:00,30.0,30.0,,,,9.739999999999998,,,0.0207,0.0207,41.311922,-105.581147,2022,7,30,1
West,Knight Hall,2022-07-30T02:00:00,20.0,40.0,,,,9.72,1.0,,0.0138,0.0276,41.311922,-105.581147,2022,7,30,2
West,Knight Hall,2022-07-30T03:00:00,30.0,30.0,,,,9.98,,,0.0207,0.0207,41.311922,-105.581147,2022,7,30,3
West,Knight Hall,2022-07-30T04:00:00,30.0,40.0,,,,10.52,,,0.0207,0.0276,41.311922,-105.581147,2022,7,30,4
West,Knight Hall,2022-07-30T05:00:00,30.0,30.0,,,,1.7,1.0,,0.0207,0.0207,41.311922,-105.581147,2022,7,30,5
West,Knight Hall,2022-07-30T06:00:00,20.0,40.0,,,,6.83,,,0.0138,0.0276,41.311922,-105.581147,2022,7,30,6
West,Knight Hall,2022-07-30T07:00:00,20.0,50.0,,,,29.22,,,0.0138,0.034499999999999996,41.311922,-105.581147,2022,7,30,7
West,Knight Hall,2022-07-30T08:00:00,30.0,80.0,,,,65.95,6.0,,0.0207,0.0552,41.311922,-105.581147,2022,7,30,8
West,Knight Hall,2022-07-30T09:00:00,40.0,70.0,,,,103.77,8.0,,0.0276,0.048299999999999996,41.311922,-105.581147,2022,7,30,9
West,Knight Hall,2022-07-30T10:00:00,20.0,80.0,,,,,5.0,,0.0138,0.0552,41.311922,-105.581147,2022,7,30,10
West,Knight Hall,2022-07-30T11:00:00,40.0,80.0,,,,,8.0,,0.0276,0.0552,41.311922,-105.581147,2022,7,30,11
West,Knight Hall,2022-07-30T12:00:00,30.0,70.0,,,,,7.0,,0.0207,0.048299999999999996,41.311922,-105.581147,2022,7,30,12
West,Knight Hall,2022-07-30T13:00:00,30.0,80.0,,,,,8.0,,0.0207,0.0552,41.311922,-105.581147,2022,7,30,13
West,Knight Hall,2022-07-30T14:00:00,30.0,80.0,,,,76.73,7.0,,0.0207,0.0552,41.311922,-105.581147,2022,7,30,14
West,Knight Hall,2022-07-30T15:00:00,40.0,80.0,,,,45.86,8.0,,0.0276,0.0552,41.311922,-105.581147,2022,7,30,15
West,Knight Hall,2022-07-30T16:00:00,30.0,60.0,,,,21.43,1.0,,0.0207,0.0414,41.311922,-105.581147,2022,7,30,16
West,Knight Hall,2022-07-30T17:00:00,30.0,50.0,,,,44.98,1.0,,0.0207,0.034499999999999996,41.311922,-105.581147,2022,7,30,17
West,Knight Hall,2022-07-30T18:00:00,30.0,40.0,,,,16.990000000000002,,,0.0207,0.0276,41.311922,-105.581147,2022,7,30,18
West,Knight Hall,2022-07-30T19:00:00,20.0,40.0,,,,1.75,1.0,,0.0138,0.0276,41.311922,-105.581147,2022,7,30,19
West,Knight Hall,2022-07-30T20:00:00,30.0,40.0,,,,3.28,,,0.0207,0.0276,41.311922,-105.581147,2022,7,30,20
West,Knight Hall,2022-07-30T21:00:00,30.0,40.0,,,,9.1,,,0.0207,0.0276,41.311922,-105.581147,2022,7,30,21
West,Knight Hall,2022-07-30T22:00:00,30.0,30.0,,,,0.07,1.0,,0.0207,0.0207,41.311922,-105.581147,2022,7,30,22
West,Knight Hall,2022-07-30T23:00:00,30.0,40.0,,,,0.19,,,0.0207,0.0276,41.311922,-105.581147,2022,7,30,23
West,Knight Hall,2022-07-31T00:00:00,30.0,30.0,,,,0.07,1.0,,0.0207,0.0207,41.311922,-105.581147,2022,7,31,0
West,Knight Hall,2022-07-31T01:00:00,30.0,30.0,,,,,,,0.0207,0.0207,41.311922,-105.581147,2022,7,31,1
West,Knight Hall,2022-07-31T02:00:00,30.0,30.0,,,,,,,0.0207,0.0207,41.311922,-105.581147,2022,7,31,2
West,Knight Hall,2022-07-31T03:00:00,30.0,30.0,,,,,1.0,,0.0207,0.0207,41.311922,-105.581147,2022,7,31,3
West,Knight Hall,2022-07-31T04:00:00,20.0,30.0,,,,,,,0.0138,0.0207,41.311922,-105.581147,2022,7,31,4
West,Knight Hall,2022-07-31T05:00:00,30.0,40.0,,,,,1.0,,0.0207,0.0276,41.311922,-105.581147,2022,7,31,5
West,Knight Hall,2022-07-31T06:00:00,30.0,30.0,,,,,,,0.0207,0.0207,41.311922,-105.581147,2022,7,31,6
West,Knight Hall,2022-07-31T07:00:00,30.0,30.0,,,,1.86,,,0.0207,0.0207,41.311922,-105.581147,2022,7,31,7
West,Knight Hall,2022-07-31T08:00:00,30.0,40.0,,,,3.3,7.0,,0.0207,0.0276,41.311922,-105.581147,2022,7,31,8
West,Knight Hall,2022-07-31T09:00:00,30.0,40.0,,,,5.59,6.0,,0.0207,0.0276,41.311922,-105.581147,2022,7,31,9
West,Knight Hall,2022-07-31T10:00:00,30.0,30.0,,,,1.5499999999999998,6.0,,0.0207,0.0207,41.311922,-105.581147,2022,7,31,10
West,Knight Hall,2022-07-31T11:00:00,40.0,40.0,,,,2.93,7.0,,0.0276,0.0276,41.311922,-105.581147,2022,7,31,11
West,Knight Hall,2022-07-31T12:00:00,20.0,40.0,,,,1.81,7.0,,0.0138,0.0276,41.311922,-105.581147,2022,7,31,12
West,Knight Hall,2022-07-31T13:00:00,30.0,40.0,,,,6.36,6.0,,0.0207,0.0276,41.311922,-105.581147,2022,7,31,13
West,Knight Hall,2022-07-31T14:00:00,30.0,30.0,,,,2.13,4.0,,0.0207,0.0207,41.311922,-105.581147,2022,7,31,14
West,Knight Hall,2022-07-31T15:00:00,40.0,30.0,,,,,8.0,,0.0276,0.0207,41.311922,-105.581147,2022,7,31,15
West,Knight Hall,2022-07-31T16:00:00,30.0,40.0,,,,1.68,1.0,,0.0207,0.0276,41.311922,-105.581147,2022,7,31,16
West,Knight Hall,2022-07-31T17:00:00,30.0,30.0,,,,,,,0.0207,0.0207,41.311922,-105.581147,2022,7,31,17
West,Knight Hall,2022-07-31T18:00:00,20.0,30.0,,,,1.29,1.0,,0.0138,0.0207,41.311922,-105.581147,2022,7,31,18
West,Knight Hall,2022-07-31T19:00:00,40.0,40.0,,,,0.02,1.0,,0.0276,0.0276,41.311922,-105.581147,2022,7,31,19
West,Knight Hall,2022-07-31T20:00:00,20.0,30.0,,,,,,,0.0138,0.0207,41.311922,-105.581147,2022,7,31,20
West,Knight Hall,2022-07-31T21:00:00,20.0,30.0,,,,,,,0.0138,0.0207,41.311922,-105.581147,2022,7,31,21
West,Knight Hall,2022-07-31T22:00:00,30.0,30.0,,,,0.07,1.0,,0.0207,0.0207,41.311922,-105.581147,2022,7,31,22
West,Knight Hall,2022-07-31T23:00:00,30.0,30.0,,,,,,,0.0207,0.0207,41.311922,-105.581147,2022,7,31,23
West,Knight Hall,2022-08-01T00:00:00,30.0,30.0,,,,,1.0,,0.0207,0.0207,41.311922,-105.581147,2022,8,1,0
West,Knight Hall,2022-08-01T01:00:00,20.0,30.0,,,,,,,0.0138,0.0207,41.311922,-105.581147,2022,8,1,1
West,Knight Hall,2022-08-01T02:00:00,30.0,30.0,,,,,,,0.0207,0.0207,41.311922,-105.581147,2022,8,1,2
West,Knight Hall,2022-08-01T03:00:00,30.0,30.0,,,,0.04,1.0,,0.0207,0.0207,41.311922,-105.581147,2022,8,1,3
West,Knight Hall,2022-08-01T04:00:00,30.0,30.0,,,,,4.0,,0.0207,0.0207,41.311922,-105.581147,2022,8,1,4
West,Knight Hall,2022-08-01T05:00:00,30.0,30.0,,,,,6.0,,0.0207,0.0207,41.311922,-105.581147,2022,8,1,5
West,Knight Hall,2022-08-01T06:00:00,30.0,30.0,,,,,4.0,,0.0207,0.0207,41.311922,-105.581147,2022,8,1,6
West,Knight Hall,2022-08-01T07:00:00,50.0,30.0,,,,0.04,6.0,,0.034499999999999996,0.0207,41.311922,-105.581147,2022,8,1,7
West,Knight Hall,2022-08-01T08:00:00,70.0,40.0,,,,,4.0,,0.048299999999999996,0.0276,41.311922,-105.581147,2022,8,1,8
West,Knight Hall,2022-08-01T09:00:00,70.0,30.0,,,,,6.0,,0.048299999999999996,0.0207,41.311922,-105.581147,2022,8,1,9
West,Knight Hall,2022-08-01T10:00:00,80.0,30.0,,,,,8.0,,0.0552,0.0207,41.311922,-105.581147,2022,8,1,10
West,Knight Hall,2022-08-01T11:00:00,80.0,40.0,,,,,9.0,,0.0552,0.0276,41.311922,-105.581147,2022,8,1,11
West,Knight Hall,2022-08-01T12:00:00,60.0,30.0,,,,1.4900000000000002,8.0,,0.0414,0.0207,41.311922,-105.581147,2022,8,1,12
West,Knight Hall,2022-08-01T13:00:00,,30.0,,,,6.1,8.0,,,0.0207,41.311922,-105.581147,2022,8,1,13
West,Knight Hall,2022-08-01T14:00:00,60.0,40.0,,,,,8.0,,0.0414,0.0276,41.311922,-105.581147,2022,8,1,14
West,Knight Hall,2022-08-01T15:00:00,70.0,30.0,,,,,9.0,,0.048299999999999996,0.0207,41.311922,-105.581147,2022,8,1,15
West,Knight Hall,2022-08-01T16:00:00,60.0,40.0,,,,4.1,9.0,,0.0414,0.0276,41.311922,-105.581147,2022,8,1,16
West,Knight Hall,2022-08-01T17:00:00,50.0,30.0,,,,0.15,11.0,,0.034499999999999996,0.0207,41.311922,-105.581147,2022,8,1,17
West,Knight Hall,2022-08-01T18:00:00,40.0,30.0,,,,,7.0,,0.0276,0.0207,41.311922,-105.581147,2022,8,1,18
West,Knight Hall,2022-08-01T19:00:00,30.0,40.0,,,,,1.0,,0.0207,0.0276,41.311922,-105.581147,2022,8,1,19
West,Knight Hall,2022-08-01T20:00:00,40.0,30.0,,,,,1.0,,0.0276,0.0207,41.311922,-105.581147,2022,8,1,20
West,Knight Hall,2022-08-01T21:00:00,40.0,30.0,,,,,,,0.0276,0.0207,41.311922,-105.581147,2022,8,1,21
West,Knight Hall,2022-08-01T22:00:00,30.0,30.0,,,,,1.0,,0.0207,0.0207,41.311922,-105.581147,2022,8,1,22
West,Knight Hall,2022-08-01T23:00:00,30.0,30.0,,,,,,,0.0207,0.0207,41.311922,-105.581147,2022,8,1,23
West,Knight Hall,2022-08-02T00:00:00,30.0,30.0,,,,,,,0.0207,0.0207,41.311922,-105.581147,2022,8,2,0
West,Knight Hall,2022-08-02T01:00:00,30.0,30.0,,,,,1.0,,0.0207,0.0207,41.311922,-105.581147,2022,8,2,1
West,Knight Hall,2022-08-02T02:00:00,30.0,30.0,,,,,,,0.0207,0.0207,41.311922,-105.581147,2022,8,2,2
West,Knight Hall,2022-08-02T03:00:00,30.0,30.0,,,,,1.0,,0.0207,0.0207,41.311922,-105.581147,2022,8,2,3
West,Knight Hall,2022-08-02T04:00:00,30.0,40.0,,,,,5.0,,0.0207,0.0276,41.311922,-105.581147,2022,8,2,4
West,Knight Hall,2022-08-02T05:00:00,30.0,30.0,,,,2.91,5.0,,0.0207,0.0207,41.311922,-105.581147,2022,8,2,5
West,Knight Hall,2022-08-02T06:00:00,30.0,40.0,,,,4.87,4.0,,0.0207,0.0276,41.311922,-105.581147,2022,8,2,6
West,Knight Hall,2022-08-02T07:00:00,60.0,50.0,,,,20.83,5.0,,0.0414,0.034499999999999996,41.311922,-105.581147,2022,8,2,7
West,Knight Hall,2022-08-02T08:00:00,70.0,70.0,,,,51.34,6.0,,0.048299999999999996,0.048299999999999996,41.311922,-105.581147,2022,8,2,8
West,Knight Hall,2022-08-02T09:00:00,70.0,,,,,71.6,6.0,,0.048299999999999996,,41.311922,-105.581147,2022,8,2,9
West,Knight Hall,2022-08-02T10:00:00,70.0,80.0,,,,,7.0,,0.048299999999999996,0.0552,41.311922,-105.581147,2022,8,2,10
West,Knight Hall,2022-08-02T11:00:00,,80.0,,,,,8.0,,,0.0552,41.311922,-105.581147,2022,8,2,11
West,Knight Hall,2022-08-02T12:00:00,60.0,80.0,,,,120.26999999999998,7.0,,0.0414,0.0552,41.311922,-105.581147,2022,8,2,12
West,Knight Hall,2022-08-02T13:00:00,70.0,80.0,,,,30.16,9.0,,0.048299999999999996,0.0552,41.311922,-105.581147,2022,8,2,13
West,Knight Hall,2022-08-02T14:00:00,80.0,80.0,,,,31.76,6.0,,0.0552,0.0552,41.311922,-105.581147,2022,8,2,14
West,Knight Hall,2022-08-02T15:00:00,80.0,80.0,,,,37.77,8.0,,0.0552,0.0552,41.311922,-105.581147,2022,8,2,15
West,Knight Hall,2022-08-02T16:00:00,60.0,70.0,,,,36.81,6.0,,0.0414,0.048299999999999996,41.311922,-105.581147,2022,8,2,16
West,Knight Hall,2022-08-02T17:00:00,60.0,50.0,,,,6.68,7.0,,0.0414,0.034499999999999996,41.311922,-105.581147,2022,8,2,17
West,Knight Hall,2022-08-02T18:00:00,30.0,50.0,,,,26.04,6.0,,0.0207,0.034499999999999996,41.311922,-105.581147,2022,8,2,18
West,Knight Hall,2022-08-02T19:00:00,50.0,40.0,,,,18.74,1.0,,0.034499999999999996,0.0276,41.311922,-105.581147,2022,8,2,19
West,Knight Hall,2022-08-02T20:00:00,20.0,40.0,,,,2.39,1.0,,0.0138,0.0276,41.311922,-105.581147,2022,8,2,20
West,Knight Hall,2022-08-02T21:00:00,50.0,40.0,,,,3.2100000000000004,,,0.034499999999999996,0.0276,41.311922,-105.581147,2022,8,2,21
West,Knight Hall,2022-08-02T22:00:00,20.0,40.0,,,,14.06,1.0,,0.0138,0.0276,41.311922,-105.581147,2022,8,2,22
West,Knight Hall,2022-08-02T23:00:00,30.0,30.0,,,,0.21,,,0.0207,0.0207,41.311922,-105.581147,2022,8,2,23
West,Knight Hall,2022-08-03T00:00:00,30.0,30.0,,,,0.21,,,0.0207,0.0207,41.311922,-105.581147,2022,8,3,0
West,Knight Hall,2022-08-03T01:00:00,40.0,30.0,,,,0.45,1.0,,0.0276,0.0207,41.311922,-105.581147,2022,8,3,1
West,Knight Hall,2022-08-03T02:00:00,20.0,30.0,,,,0.21,,,0.0138,0.0207,41.311922,-105.581147,2022,8,3,2
West,Knight Hall,2022-08-03T03:00:00,40.0,30.0,,,,0.26,1.0,,0.0276,0.0207,41.311922,-105.581147,2022,8,3,3
West,Knight Hall,2022-08-03T04:00:00,30.0,40.0,,,,0.21,4.0,,0.0207,0.0276,41.311922,-105.581147,2022,8,3,4
West,Knight Hall,2022-08-03T05:00:00,30.0,30.0,,,,0.24,6.0,,0.0207,0.0207,41.311922,-105.581147,2022,8,3,5
West,Knight Hall,2022-08-03T06:00:00,30.0,30.0,,,,0.02,3.0,,0.0207,0.0207,41.311922,-105.581147,2022,8,3,6
West,Knight Hall,2022-08-03T07:00:00,70.0,60.0,,,,11.529999999999998,5.0,,0.048299999999999996,0.0414,41.311922,-105.581147,2022,8,3,7
West,Knight Hall,2022-08-03T08:00:00,50.0,80.0,,,,,5.0,,0.034499999999999996,0.0552,41.311922,-105.581147,2022,8,3,8
West,Knight Hall,2022-08-03T09:00:00,,80.0,,,,,7.0,,,0.0552,41.311922,-105.581147,2022,8,3,9
West,Knight Hall,2022-08-03T10:00:00,60.0,,,,,,6.0,,0.0414,,41.311922,-105.581147,2022,8,3,10
West,Knight Hall,2022-08-03T11:00:00,,80.0,,,,,8.0,,,0.0552,41.311922,-105.581147,2022,8,3,11
West,Knight Hall,2022-08-03T12:00:00,60.0,,,,,113.48,6.0,,0.0414,,41.311922,-105.581147,2022,8,3,12
West,Knight Hall,2022-08-03T13:00:00,80.0,80.0,,,,86.46000000000001,9.0,,0.0552,0.0552,41.311922,-105.581147,2022,8,3,13
West,Knight Hall,2022-08-03T14:00:00,60.0,80.0,,,,36.67,13.0,,0.0414,0.0552,41.311922,-105.581147,2022,8,3,14
West,Knight Hall,2022-08-03T15:00:00,70.0,80.0,,,,72.79,16.0,,0.048299999999999996,0.0552,41.311922,-105.581147,2022,8,3,15
West,Knight Hall,2022-08-03T16:00:00,70.0,70.0,,,,65.11,14.0,,0.048299999999999996,0.048299999999999996,41.311922,-105.581147,2022,8,3,16
West,Knight Hall,2022-08-03T17:00:00,40.0,50.0,,,,21.35,15.0,,0.0276,0.034499999999999996,41.311922,-105.581147,2022,8,3,17
West,Knight Hall,2022-08-03T18:00:00,40.0,50.0,,,,23.39,13.0,,0.0276,0.034499999999999996,41.311922,-105.581147,2022,8,3,18
West,Knight Hall,2022-08-03T19:00:00,40.0,40.0,,,,48.36,7.0,,0.0276,0.0276,41.311922,-105.581147,2022,8,3,19
West,Knight Hall,2022-08-03T20:00:00,40.0,40.0,,,,12.98,6.0,,0.0276,0.0276,41.311922,-105.581147,2022,8,3,20
West,Knight Hall,2022-08-03T21:00:00,30.0,40.0,,,,12.53,6.0,,0.0207,0.0276,41.311922,-105.581147,2022,8,3,21
West,Knight Hall,2022-08-03T22:00:00,30.0,40.0,,,,37.92,6.0,,0.0207,0.0276,41.311922,-105.581147,2022,8,3,22
West,Knight Hall,2022-08-03T23:00:00,30.0,40.0,,,,1.08,5.0,,0.0207,0.0276,41.311922,-105.581147,2022,8,3,23
West,Knight Hall,2022-08-04T00:00:00,20.0,30.0,,,,12.59,5.0,,0.0138,0.0207,41.311922,-105.581147,2022,8,4,0
West,Knight Hall,2022-08-04T01:00:00,30.0,30.0,,,,18.76,4.0,,0.0207,0.0207,41.311922,-105.581147,2022,8,4,1
West,Knight Hall,2022-08-04T02:00:00,30.0,30.0,,,,28.110000000000003,3.0,,0.0207,0.0207,41.311922,-105.581147,2022,8,4,2
West,Knight Hall,2022-08-04T03:00:00,30.0,40.0,,,,26.22,,,0.0207,0.0276,41.311922,-105.581147,2022,8,4,3
West,Knight Hall,2022-08-04T04:00:00,30.0,30.0,,,,11.64,5.0,,0.0207,0.0207,41.311922,-105.581147,2022,8,4,4
West,Knight Hall,2022-08-04T05:00:00,30.0,40.0,,,,11.15,6.0,,0.0207,0.0276,41.311922,-105.581147,2022,8,4,5
West,Knight Hall,2022-08-04T06:00:00,30.0,30.0,,,,11.54,3.0,,0.0207,0.0207,41.311922,-105.581147,2022,8,4,6
West,Knight Hall,2022-08-04T07:00:00,60.0,50.0,,,,20.55,6.0,,0.0414,0.034499999999999996,41.311922,-105.581147,2022,8,4,7
West,Knight Hall,2022-08-04T08:00:00,50.0,80.0,,,,81.94999999999999,9.0,,0.034499999999999996,0.0552,41.311922,-105.581147,2022,8,4,8
West,Knight Hall,2022-08-04T09:00:00,,80.0,,,,58.82000000000001,15.0,,,0.0552,41.311922,-105.581147,2022,8,4,9
West,Knight Hall,2022-08-04T10:00:00,60.0,80.0,,,,98.79,10.0,,0.0414,0.0552,41.311922,-105.581147,2022,8,4,10
West,Knight Hall,2022-08-04T11:00:00,70.0,80.0,,,,58.67,11.0,,0.048299999999999996,0.0552,41.311922,-105.581147,2022,8,4,11
West,Knight Hall,2022-08-04T12:00:00,70.0,80.0,,,,27.86,7.0,,0.048299999999999996,0.0552,41.311922,-105.581147,2022,8,4,12
West,Knight Hall,2022-08-04T13:00:00,,80.0,,,,,9.0,,,0.0552,41.311922,-105.581147,2022,8,4,13
West,Knight Hall,2022-08-04T14:00:00,50.0,80.0,,,,,16.0,,0.034499999999999996,0.0552,41.311922,-105.581147,2022,8,4,14
West,Knight Hall,2022-08-04T15:00:00,80.0,70.0,,,,,18.0,,0.0552,0.048299999999999996,41.311922,-105.581147,2022,8,4,15
West,Knight Hall,2022-08-04T16:00:00,60.0,70.0,,,,,13.0,,0.0414,0.048299999999999996,41.311922,-105.581147,2022,8,4,16
West,Knight Hall,2022-08-04T17:00:00,40.0,50.0,,,,,15.0,,0.0276,0.034499999999999996,41.311922,-105.581147,2022,8,4,17
West,Knight Hall,2022-08-04T18:00:00,50.0,40.0,,,,74.17,14.0,,0.034499999999999996,0.0276,41.311922,-105.581147,2022,8,4,18
West,Knight Hall,2022-08-04T19:00:00,40.0,40.0,,,,49.72,8.0,,0.0276,0.0276,41.311922,-105.581147,2022,8,4,19
West,Knight Hall,2022-08-04T20:00:00,30.0,30.0,,,,35.17,6.0,,0.0207,0.0207,41.311922,-105.581147,2022,8,4,20
West,Knight Hall,2022-08-04T21:00:00,40.0,40.0,,,,45.8,5.0,,0.0276,0.0276,41.311922,-105.581147,2022,8,4,21
West,Knight Hall,2022-08-04T22:00:00,30.0,30.0,,,,34.28,5.0,,0.0207,0.0207,41.311922,-105.581147,2022,8,4,22
West,Knight Hall,2022-08-04T23:00:00,30.0,40.0,,,,45.04,5.0,,0.0207,0.0276,41.311922,-105.581147,2022,8,4,23
West,Knight Hall,2022-08-05T00:00:00,30.0,20.0,,,,33.66,3.0,,0.0207,0.0138,41.311922,-105.581147,2022,8,5,0
West,Knight Hall,2022-08-05T01:00:00,30.0,30.0,,,,33.91,4.0,,0.0207,0.0207,41.311922,-105.581147,2022,8,5,1
West,Knight Hall,2022-08-05T02:00:00,20.0,30.0,,,,33.29,3.0,,0.0138,0.0207,41.311922,-105.581147,2022,8,5,2
West,Knight Hall,2022-08-05T03:00:00,40.0,30.0,,,,34.04,3.0,,0.0276,0.0207,41.311922,-105.581147,2022,8,5,3
West,Knight Hall,2022-08-05T04:00:00,20.0,30.0,,,,33.57,5.0,,0.0138,0.0207,41.311922,-105.581147,2022,8,5,4
West,Knight Hall,2022-08-05T05:00:00,30.0,30.0,,,,35.88,6.0,,0.0207,0.0207,41.311922,-105.581147,2022,8,5,5
West,Knight Hall,2022-08-05T06:00:00,30.0,30.0,,,,38.92,5.0,,0.0207,0.0207,41.311922,-105.581147,2022,8,5,6
West,Knight Hall,2022-08-05T07:00:00,60.0,50.0,,,,64.73,7.0,,0.0414,0.034499999999999996,41.311922,-105.581147,2022,8,5,7
West,Knight Hall,2022-08-05T08:00:00,70.0,70.0,,,,,10.0,,0.048299999999999996,0.048299999999999996,41.311922,-105.581147,2022,8,5,8
West,Knight Hall,2022-08-05T09:00:00,,70.0,,,,128.53,15.0,,,0.048299999999999996,41.311922,-105.581147,2022,8,5,9
West,Knight Hall,2022-08-05T10:00:00,60.0,80.0,,,,151.76999999999998,12.0,,0.0414,0.0552,41.311922,-105.581147,2022,8,5,10
West,Knight Hall,2022-08-05T11:00:00,80.0,80.0,,,,,18.0,,0.0552,0.0552,41.311922,-105.581147,2022,8,5,11
West,Knight Hall,2022-08-05T12:00:00,60.0,70.0,,,,139.11,14.0,,0.0414,0.048299999999999996,41.311922,-105.581147,2022,8,5,12
West,Knight Hall,2022-08-05T13:00:00,,80.0,,,,124.3,,,,0.0552,41.311922,-105.581147,2022,8,5,13
West,Knight Hall,2022-08-05T14:00:00,60.0,70.0,,,,136.76,13.0,,0.0414,0.048299999999999996,41.311922,-105.581147,2022,8,5,14
West,Knight Hall,2022-08-05T15:00:00,70.0,80.0,,,,,16.0,,0.048299999999999996,0.0552,41.311922,-105.581147,2022,8,5,15
West,Knight Hall,2022-08-05T16:00:00,60.0,60.0,,,,80.08,16.0,,0.0414,0.0414,41.311922,-105.581147,2022,8,5,16
West,Knight Hall,2022-08-05T17:00:00,50.0,50.0,,,,75.25,16.0,,0.034499999999999996,0.034499999999999996,41.311922,-105.581147,2022,8,5,17
West,Knight Hall,2022-08-05T18:00:00,30.0,50.0,,,,73.63,10.0,,0.0207,0.034499999999999996,41.311922,-105.581147,2022,8,5,18
West,Knight Hall,2022-08-05T19:00:00,40.0,50.0,,,,72.12,7.0,,0.0276,0.034499999999999996,41.311922,-105.581147,2022,8,5,19
West,Knight Hall,2022-08-05T20:00:00,30.0,40.0,,,,39.85,5.0,,0.0207,0.0276,41.311922,-105.581147,2022,8,5,20
West,Knight Hall,2022-08-05T21:00:00,30.0,30.0,,,,39.41,6.0,,0.0207,0.0207,41.311922,-105.581147,2022,8,5,21
West,Knight Hall,2022-08-05T22:00:00,30.0,40.0,,,,66.11,5.0,,0.0207,0.0276,41.311922,-105.581147,2022,8,5,22
West,Knight Hall,2022-08-05T23:00:00,30.0,30.0,,,,35.94,5.0,,0.0207,0.0207,41.311922,-105.581147,2022,8,5,23
West,Knight Hall,2022-08-06T00:00:00,20.0,30.0,,,,36.260000000000005,3.0,,0.0138,0.0207,41.311922,-105.581147,2022,8,6,0
West,Knight Hall,2022-08-06T01:00:00,30.0,30.0,,,,36.16,1.0,,0.0207,0.0207,41.311922,-105.581147,2022,8,6,1
West,Knight Hall,2022-08-06T02:00:00,30.0,20.0,,,,35.86,,,0.0207,0.0138,41.311922,-105.581147,2022,8,6,2
West,Knight Hall,2022-08-06T03:00:00,30.0,30.0,,,,35.92,1.0,,0.0207,0.0207,41.311922,-105.581147,2022,8,6,3
West,Knight Hall,2022-08-06T04:00:00,20.0,30.0,,,,36.95,,,0.0138,0.0207,41.311922,-105.581147,2022,8,6,4
West,Knight Hall,2022-08-06T05:00:00,30.0,40.0,,,,36.93000000000001,1.0,,0.0207,0.0276,41.311922,-105.581147,2022,8,6,5
West,Knight Hall,2022-08-06T06:00:00,20.0,30.0,,,,34.78,,,0.0138,0.0207,41.311922,-105.581147,2022,8,6,6
West,Knight Hall,2022-08-06T07:00:00,30.0,50.0,,,,53.28,1.0,,0.0207,0.034499999999999996,41.311922,-105.581147,2022,8,6,7
West,Knight Hall,2022-08-06T08:00:00,40.0,60.0,,,,89.37,11.0,,0.0276,0.0414,41.311922,-105.581147,2022,8,6,8
West,Knight Hall,2022-08-06T09:00:00,40.0,80.0,,,,,16.0,,0.0276,0.0552,41.311922,-105.581147,2022,8,6,9
West,Knight Hall,2022-08-06T10:00:00,30.0,70.0,,,,,10.0,,0.0207,0.048299999999999996,41.311922,-105.581147,2022,8,6,10
West,Knight Hall,2022-08-06T11:00:00,40.0,70.0,,,,108.52,14.0,,0.0276,0.048299999999999996,41.311922,-105.581147,2022,8,6,11
West,Knight Hall,2022-08-06T12:00:00,30.0,70.0,,,,125.96,15.0,,0.0207,0.048299999999999996,41.311922,-105.581147,2022,8,6,12
West,Knight Hall,2022-08-06T13:00:00,30.0,70.0,,,,85.28999999999999,15.0,,0.0207,0.048299999999999996,41.311922,-105.581147,2022,8,6,13
West,Knight Hall,2022-08-06T14:00:00,40.0,70.0,,,,90.05999999999999,14.0,,0.0276,0.048299999999999996,41.311922,-105.581147,2022,8,6,14
West,Knight Hall,2022-08-06T15:00:00,40.0,60.0,,,,135.29,18.0,,0.0276,0.0414,41.311922,-105.581147,2022,8,6,15
West,Knight Hall,2022-08-06T16:00:00,20.0,60.0,,,,58.74999999999999,6.0,,0.0138,0.0414,41.311922,-105.581147,2022,8,6,16
West,Knight Hall,2022-08-06T17:00:00,40.0,50.0,,,,58.13,10.0,,0.0276,0.034499999999999996,41.311922,-105.581147,2022,8,6,17
West,Knight Hall,2022-08-06T18:00:00,20.0,40.0,,,,,7.0,,0.0138,0.0276,41.311922,-105.581147,2022,8,6,18
West,Knight Hall,2022-08-06T19:00:00,30.0,40.0,,,,,8.0,,0.0207,0.0276,41.311922,-105.581147,2022,8,6,19
West,Knight Hall,2022-08-06T20:00:00,20.0,40.0,,,,41.79,6.0,,0.0138,0.0276,41.311922,-105.581147,2022,8,6,20
West,Knight Hall,2022-08-06T21:00:00,30.0,30.0,,,,54.49,6.0,,0.0207,0.0207,41.311922,-105.581147,2022,8,6,21
West,Knight Hall,2022-08-06T22:00:00,30.0,40.0,,,,42.91,5.0,,0.0207,0.0276,41.311922,-105.581147,2022,8,6,22
West,Knight Hall,2022-08-06T23:00:00,30.0,30.0,,,,36.49999999999999,5.0,,0.0207,0.0207,41.311922,-105.581147,2022,8,6,23
West,Knight Hall,2022-08-07T00:00:00,20.0,20.0,,,,36.59,4.0,,0.0138,0.0138,41.311922,-105.581147,2022,8,7,0
West,Knight Hall,2022-08-07T01:00:00,30.0,30.0,,,,37.23,4.0,,0.0207,0.0207,41.311922,-105.581147,2022,8,7,1
West,Knight Hall,2022-08-07T02:00:00,20.0,30.0,,,,36.68,1.0,,0.0138,0.0207,41.311922,-105.581147,2022,8,7,2
West,Knight Hall,2022-08-07T03:00:00,30.0,30.0,,,,37.02,,,0.0207,0.0207,41.311922,-105.581147,2022,8,7,3
West,Knight Hall,2022-08-07T04:00:00,30.0,20.0,,,,36.48,1.0,,0.0207,0.0138,41.311922,-105.581147,2022,8,7,4
West,Knight Hall,2022-08-07T05:00:00,30.0,30.0,,,,36.59,,,0.0207,0.0207,41.311922,-105.581147,2022,8,7,5
West,Knight Hall,2022-08-07T06:00:00,20.0,30.0,,,,36.93,1.0,,0.0138,0.0207,41.311922,-105.581147,2022,8,7,6
West,Knight Hall,2022-08-07T07:00:00,30.0,20.0,,,,37.23,,,0.0207,0.0138,41.311922,-105.581147,2022,8,7,7
West,Knight Hall,2022-08-07T08:00:00,20.0,30.0,,,,36.7,7.0,,0.0138,0.0207,41.311922,-105.581147,2022,8,7,8
West,Knight Hall,2022-08-07T09:00:00,40.0,30.0,,,,37.09,10.0,,0.0276,0.0207,41.311922,-105.581147,2022,8,7,9
West,Knight Hall,2022-08-07T10:00:00,30.0,30.0,,,,41.61,11.0,,0.0207,0.0207,41.311922,-105.581147,2022,8,7,10
West,Knight Hall,2022-08-07T11:00:00,30.0,30.0,,,,43.12,15.0,,0.0207,0.0207,41.311922,-105.581147,2022,8,7,11
West,Knight Hall,2022-08-07T12:00:00,30.0,30.0,,,,37.11,10.0,,0.0207,0.0207,41.311922,-105.581147,2022,8,7,12
West,Knight Hall,2022-08-07T13:00:00,30.0,30.0,,,,34.65,15.0,,0.0207,0.0207,41.311922,-105.581147,2022,8,7,13
West,Knight Hall,2022-08-07T14:00:00,30.0,30.0,,,,36.03,11.0,,0.0207,0.0207,41.311922,-105.581147,2022,8,7,14
West,Knight Hall,2022-08-07T15:00:00,40.0,30.0,,,,36.370000000000005,16.0,,0.0276,0.0207,41.311922,-105.581147,2022,8,7,15
West,Knight Hall,2022-08-07T16:00:00,30.0,30.0,,,,33.85,5.0,,0.0207,0.0207,41.311922,-105.581147,2022,8,7,16
West,Knight Hall,2022-08-07T17:00:00,40.0,30.0,,,,41.42,6.0,,0.0276,0.0207,41.311922,-105.581147,2022,8,7,17
West,Knight Hall,2022-08-07T18:00:00,20.0,30.0,,,,37.02,4.0,,0.0138,0.0207,41.311922,-105.581147,2022,8,7,18
West,Knight Hall,2022-08-07T19:00:00,40.0,30.0,,,,36.52,5.0,,0.0276,0.0207,41.311922,-105.581147,2022,8,7,19
West,Knight Hall,2022-08-07T20:00:00,20.0,21.42857142863795,,,,36.03,4.0,,0.0138,0.014785714285760186,41.311922,-105.581147,2022,8,7,20
West,Knight Hall,2022-08-07T21:00:00,30.0,28.57142857136205,,,,36.8,4.0,,0.0207,0.01971428571423981,41.311922,-105.581147,2022,8,7,21
West,Knight Hall,2022-08-07T22:00:00,30.0,20.0,,,,36.72,3.0,,0.0207,0.0138,41.311922,-105.581147,2022,8,7,22
West,Knight Hall,2022-08-07T23:00:00,30.0,30.0,,,,36.7,1.0,,0.0207,0.0207,41.311922,-105.581147,2022,8,7,23
West,Knight Hall,2022-08-08T00:00:00,20.0,30.0,,,,35.43,1.0,,0.0138,0.0207,41.311922,-105.581147,2022,8,8,0
West,Knight Hall,2022-08-08T01:00:00,30.0,20.0,,,,36.65,,,0.0207,0.0138,41.311922,-105.581147,2022,8,8,1
West,Knight Hall,2022-08-08T02:00:00,30.0,30.0,,,,36.76,,,0.0207,0.0207,41.311922,-105.581147,2022,8,8,2
West,Knight Hall,2022-08-08T03:00:00,30.0,30.0,,,,36.52,1.0,,0.0207,0.0207,41.311922,-105.581147,2022,8,8,3
West,Knight Hall,2022-08-08T04:00:00,30.0,20.0,,,,36.74,6.0,,0.0207,0.0138,41.311922,-105.581147,2022,8,8,4
West,Knight Hall,2022-08-08T05:00:00,30.0,30.0,,,,36.31,5.0,,0.0207,0.0207,41.311922,-105.581147,2022,8,8,5
West,Knight Hall,2022-08-08T06:00:00,30.0,30.0,,,,37.28,6.0,,0.0207,0.0207,41.311922,-105.581147,2022,8,8,6
West,Knight Hall,2022-08-08T07:00:00,50.0,30.0,,,,36.4,5.0,,0.034499999999999996,0.0207,41.311922,-105.581147,2022,8,8,7
West,Knight Hall,2022-08-08T08:00:00,70.0,20.0,,,,34.63,8.0,,0.048299999999999996,0.0138,41.311922,-105.581147,2022,8,8,8
West,Knight Hall,2022-08-08T09:00:00,,40.0,,,,35.66,13.0,,,0.0276,41.311922,-105.581147,2022,8,8,9
West,Knight Hall,2022-08-08T10:00:00,60.0,20.0,,,,34.24,10.0,,0.0414,0.0138,41.311922,-105.581147,2022,8,8,10
West,Knight Hall,2022-08-08T11:00:00,80.0,40.0,,,,35.059999999999995,13.0,,0.0552,0.0276,41.311922,-105.581147,2022,8,8,11
West,Knight Hall,2022-08-08T12:00:00,70.0,20.0,,,,34.54,14.0,,0.048299999999999996,0.0138,41.311922,-105.581147,2022,8,8,12
West,Knight Hall,2022-08-08T13:00:00,80.0,40.0,,,,35.42,17.0,,0.0552,0.0276,41.311922,-105.581147,2022,8,8,13
West,Knight Hall,2022-08-08T14:00:00,80.0,20.0,,,,34.07,12.0,,0.0552,0.0138,41.311922,-105.581147,2022,8,8,14
West,Knight Hall,2022-08-08T15:00:00,70.0,40.0,,,,,17.0,,0.048299999999999996,0.0276,41.311922,-105.581147,2022,8,8,15
West,Knight Hall,2022-08-08T16:00:00,70.0,30.0,,,,,13.0,,0.048299999999999996,0.0207,41.311922,-105.581147,2022,8,8,16
West,Knight Hall,2022-08-08T17:00:00,40.0,30.0,,,,,13.0,,0.0276,0.0207,41.311922,-105.581147,2022,8,8,17
West,Knight Hall,2022-08-08T18:00:00,40.0,20.0,,,,,13.0,,0.0276,0.0138,41.311922,-105.581147,2022,8,8,18
West,Knight Hall,2022-08-08T19:00:00,50.0,40.0,,,,,8.0,,0.034499999999999996,0.0276,41.311922,-105.581147,2022,8,8,19
West,Knight Hall,2022-08-08T20:00:00,30.0,20.0,,,,,4.0,,0.0207,0.0138,41.311922,-105.581147,2022,8,8,20
West,Knight Hall,2022-08-08T21:00:00,40.0,30.0,,,,,5.0,,0.0276,0.0207,41.311922,-105.581147,2022,8,8,21
West,Knight Hall,2022-08-08T22:00:00,20.0,20.0,,,,,3.0,,0.0138,0.0138,41.311922,-105.581147,2022,8,8,22
West,Knight Hall,2022-08-08T23:00:00,40.0,30.0,,,,,4.0,,0.0276,0.0207,41.311922,-105.581147,2022,8,8,23
West,Knight Hall,2022-08-09T00:00:00,20.0,30.0,,,,,1.0,,0.0138,0.0207,41.311922,-105.581147,2022,8,9,0
West,Knight Hall,2022-08-09T01:00:00,30.0,30.0,,,,43.29,,,0.0207,0.0207,41.311922,-105.581147,2022,8,9,1
West,Knight Hall,2022-08-09T02:00:00,20.0,20.0,,,,42.35,1.0,,0.0138,0.0138,41.311922,-105.581147,2022,8,9,2
West,Knight Hall,2022-08-09T03:00:00,40.0,40.0,,,,42.2,1.0,,0.0276,0.0276,41.311922,-105.581147,2022,8,9,3
West,Knight Hall,2022-08-09T04:00:00,20.0,20.0,,,,43.03,4.0,,0.0138,0.0138,41.311922,-105.581147,2022,8,9,4
West,Knight Hall,2022-08-09T05:00:00,40.0,30.0,,,,42.19,6.0,,0.0276,0.0207,41.311922,-105.581147,2022,8,9,5
West,Knight Hall,2022-08-09T06:00:00,20.0,30.0,,,,46.21,4.0,,0.0138,0.0207,41.311922,-105.581147,2022,8,9,6
West,Knight Hall,2022-08-09T07:00:00,70.0,50.0,,,,121.24,5.0,,0.048299999999999996,0.034499999999999996,41.311922,-105.581147,2022,8,9,7
West,Knight Hall,2022-08-09T08:00:00,60.0,70.0,,,,159.64,6.0,,0.0414,0.048299999999999996,41.311922,-105.581147,2022,8,9,8
West,Knight Hall,2022-08-09T09:00:00,80.0,,,,,132.88,13.0,,0.0552,,41.311922,-105.581147,2022,8,9,9
West,Knight Hall,2022-08-09T10:00:00,70.0,60.0,,,,,10.0,,0.048299999999999996,0.0414,41.311922,-105.581147,2022,8,9,10
West,Knight Hall,2022-08-09T11:00:00,80.0,,,,,111.96,14.0,,0.0552,,41.311922,-105.581147,2022,8,9,11
West,Knight Hall,2022-08-09T12:00:00,60.0,60.0,,,,113.06000000000002,15.0,,0.0414,0.0414,41.311922,-105.581147,2022,8,9,12
West,Knight Hall,2022-08-09T13:00:00,40.555555555503815,60.0,,,,83.66,4.0,,0.02798333333329763,0.0414,41.311922,-105.581147,2022,8,9,13
West,Knight Hall,2022-08-09T14:00:00,1.1111111110076308,80.0,,,,91.72,,,0.0007666666665952653,0.0552,41.311922,-105.581147,2022,8,9,14
West,Knight Hall,2022-08-09T15:00:00,1.111111111473292,80.0,,,,102.5,,,0.0007666666669165714,0.0552,41.311922,-105.581147,2022,8,9,15
West,Knight Hall,2022-08-09T16:00:00,1.1111111110076308,50.0,,,,74.26,,,0.0007666666665952653,0.034499999999999996,41.311922,-105.581147,2022,8,9,16
West,Knight Hall,2022-08-09T17:00:00,1.1111111110076308,60.0,,,,60.93000000000001,,,0.0007666666665952653,0.0414,41.311922,-105.581147,2022,8,9,17
West,Knight Hall,2022-08-09T18:00:00,1.1111111110076308,40.0,,,,65.03000000000002,,,0.0007666666665952653,0.0276,41.311922,-105.581147,2022,8,9,18
West,Knight Hall,2022-08-09T19:00:00,1.1111111110076308,50.0,,,,90.47,,,0.0007666666665952653,0.034499999999999996,41.311922,-105.581147,2022,8,9,19
West,Knight Hall,2022-08-09T20:00:00,1.111111111473292,30.0,,,,43.38,,,0.0007666666669165714,0.0207,41.311922,-105.581147,2022,8,9,20
West,Knight Hall,2022-08-09T21:00:00,1.1111111110076308,40.0,,,,42.15,,,0.0007666666665952653,0.0276,41.311922,-105.581147,2022,8,9,21
West,Knight Hall,2022-08-09T22:00:00,30.555555555503812,30.0,,,,70.46,,,0.02108333333329763,0.0207,41.311922,-105.581147,2022,8,9,22
West,Knight Hall,2022-08-09T23:00:00,50.0,30.0,,,,43.03,1.0,,0.034499999999999996,0.0207,41.311922,-105.581147,2022,8,9,23
West,Knight Hall,2022-08-10T00:00:00,50.0,30.0,,,,42.47,,,0.034499999999999996,0.0207,41.311922,-105.581147,2022,8,10,0
West,Knight Hall,2022-08-10T01:00:00,50.0,30.0,,,,40.23,1.0,,0.034499999999999996,0.0207,41.311922,-105.581147,2022,8,10,1
West,Knight Hall,2022-08-10T02:00:00,60.0,30.0,,,,39.22,1.0,,0.0414,0.0207,41.311922,-105.581147,2022,8,10,2
West,Knight Hall,2022-08-10T03:00:00,60.0,30.0,,,,38.29,2.0,,0.0414,0.0207,41.311922,-105.581147,2022,8,10,3
West,Knight Hall,2022-08-10T04:00:00,50.0,30.0,,,,45.510000000000005,9.0,,0.034499999999999996,0.0207,41.311922,-105.581147,2022,8,10,4
West,Knight Hall,2022-08-10T05:00:00,60.0,30.0,,,,42.39,10.0,,0.0414,0.0207,41.311922,-105.581147,2022,8,10,5
West,Knight Hall,2022-08-10T06:00:00,40.0,30.0,,,,39.74,6.0,,0.0276,0.0207,41.311922,-105.581147,2022,8,10,6
West,Knight Hall,2022-08-10T07:00:00,80.0,60.0,,,,67.2,7.0,,0.0552,0.0414,41.311922,-105.581147,2022,8,10,7
West,Knight Hall,2022-08-10T08:00:00,60.0,70.0,,,,111.28,8.0,,0.0414,0.048299999999999996,41.311922,-105.581147,2022,8,10,8
West,Knight Hall,2022-08-10T09:00:00,70.0,80.0,,,,,10.0,,0.048299999999999996,0.0552,41.311922,-105.581147,2022,8,10,9
West,Knight Hall,2022-08-10T10:00:00,80.0,80.0,,,,143.25,13.0,,0.0552,0.0552,41.311922,-105.581147,2022,8,10,10
West,Knight Hall,2022-08-10T11:00:00,,80.0,,,,131.85000000000002,17.0,,,0.0552,41.311922,-105.581147,2022,8,10,11
West,Knight Hall,2022-08-10T12:00:00,60.0,70.0,,,,101.34,17.0,,0.0414,0.048299999999999996,41.311922,-105.581147,2022,8,10,12
West,Knight Hall,2022-08-10T13:00:00,,80.0,,,,125.72,,,,0.0552,41.311922,-105.581147,2022,8,10,13
West,Knight Hall,2022-08-10T14:00:00,60.0,80.0,,,,123.59,13.0,,0.0414,0.0552,41.311922,-105.581147,2022,8,10,14
West,Knight Hall,2022-08-10T15:00:00,,,,,,113.17,,,,,41.311922,-105.581147,2022,8,10,15
West,Knight Hall,2022-08-10T16:00:00,60.0,60.0,,,,89.49999999999999,14.0,,0.0414,0.0414,41.311922,-105.581147,2022,8,10,16
West,Knight Hall,2022-08-10T17:00:00,60.0,50.0,,,,90.9,,,0.0414,0.034499999999999996,41.311922,-105.581147,2022,8,10,17
West,Knight Hall,2022-08-10T18:00:00,40.0,40.0,,,,68.50000000000001,14.0,,0.0276,0.0276,41.311922,-105.581147,2022,8,10,18
West,Knight Hall,2022-08-10T19:00:00,50.0,50.0,,,,70.25,10.0,,0.034499999999999996,0.034499999999999996,41.311922,-105.581147,2022,8,10,19
West,Knight Hall,2022-08-10T20:00:00,30.0,30.0,,,,43.23,5.0,,0.0207,0.0207,41.311922,-105.581147,2022,8,10,20
West,Knight Hall,2022-08-10T21:00:00,40.0,40.0,,,,53.64,5.0,,0.0276,0.0276,41.311922,-105.581147,2022,8,10,21
West,Knight Hall,2022-08-10T22:00:00,30.0,40.0,,,,59.66,6.0,,0.0207,0.0276,41.311922,-105.581147,2022,8,10,22
West,Knight Hall,2022-08-10T23:00:00,30.0,30.0,,,,46.68,5.0,,0.0207,0.0207,41.311922,-105.581147,2022,8,10,23
West,Knight Hall,2022-08-11T00:00:00,30.0,20.0,,,,39.61,4.0,,0.0207,0.0138,41.311922,-105.581147,2022,8,11,0
West,Knight Hall,2022-08-11T01:00:00,30.0,30.0,,,,40.510000000000005,4.0,,0.0207,0.0207,41.311922,-105.581147,2022,8,11,1
West,Knight Hall,2022-08-11T02:00:00,30.0,30.0,,,,39.59,4.0,,0.0207,0.0207,41.311922,-105.581147,2022,8,11,2
West,Knight Hall,2022-08-11T03:00:00,30.0,30.0,,,,39.43,5.0,,0.0207,0.0207,41.311922,-105.581147,2022,8,11,3
West,Knight Hall,2022-08-11T04:00:00,30.0,30.0,,,,41.1,10.0,,0.0207,0.0207,41.311922,-105.581147,2022,8,11,4
West,Knight Hall,2022-08-11T05:00:00,40.0,40.0,,,,40.64,11.0,,0.0276,0.0276,41.311922,-105.581147,2022,8,11,5
West,Knight Hall,2022-08-11T06:00:00,30.0,30.0,,,,42.02,5.0,,0.0207,0.0207,41.311922,-105.581147,2022,8,11,6
West,Knight Hall,2022-08-11T07:00:00,60.0,60.0,,,,78.7,6.0,,0.0414,0.0414,41.311922,-105.581147,2022,8,11,7
West,Knight Hall,2022-08-11T08:00:00,70.0,60.0,,,,118.43,13.0,,0.048299999999999996,0.0414,41.311922,-105.581147,2022,8,11,8
West,Knight Hall,2022-08-11T09:00:00,,80.0,,,,139.28,17.0,,,0.0552,41.311922,-105.581147,2022,8,11,9
West,Knight Hall,2022-08-11T10:00:00,70.0,80.0,,,,,13.0,,0.048299999999999996,0.0552,41.311922,-105.581147,2022,8,11,10
West,Knight Hall,2022-08-11T11:00:00,,80.0,,,,117.96,,,,0.0552,41.311922,-105.581147,2022,8,11,11
West,Knight Hall,2022-08-11T12:00:00,60.0,80.0,,,,134.19,14.0,,0.0414,0.0552,41.311922,-105.581147,2022,8,11,12
West,Knight Hall,2022-08-11T13:00:00,80.0,80.0,,,,110.52,,,0.0552,0.0552,41.311922,-105.581147,2022,8,11,13
West,Knight Hall,2022-08-11T14:00:00,,80.0,,,,142.37,14.0,,,0.0552,41.311922,-105.581147,2022,8,11,14
West,Knight Hall,2022-08-11T15:00:00,,,,,,105.91,,,,,41.311922,-105.581147,2022,8,11,15
West,Knight Hall,2022-08-11T16:00:00,50.0,60.0,,,,93.7,14.0,,0.034499999999999996,0.0414,41.311922,-105.581147,2022,8,11,16
West,Knight Hall,2022-08-11T17:00:00,50.0,60.0,,,,107.96,,,0.034499999999999996,0.0414,41.311922,-105.581147,2022,8,11,17
West,Knight Hall,2022-08-11T18:00:00,50.0,40.0,,,,65.08999999999999,15.0,,0.034499999999999996,0.0276,41.311922,-105.581147,2022,8,11,18
West,Knight Hall,2022-08-11T19:00:00,30.0,50.0,,,,99.07,8.0,,0.0207,0.034499999999999996,41.311922,-105.581147,2022,8,11,19
West,Knight Hall,2022-08-11T20:00:00,40.0,40.0,,,,43.49,5.0,,0.0276,0.0276,41.311922,-105.581147,2022,8,11,20
West,Knight Hall,2022-08-11T21:00:00,40.0,40.0,,,,69.96999999999998,6.0,,0.0276,0.0276,41.311922,-105.581147,2022,8,11,21
West,Knight Hall,2022-08-11T22:00:00,20.0,30.0,,,,51.6,4.0,,0.0138,0.0207,41.311922,-105.581147,2022,8,11,22
West,Knight Hall,2022-08-11T23:00:00,30.0,40.0,,,,50.34,4.0,,0.0207,0.0276,41.311922,-105.581147,2022,8,11,23
West,Knight Hall,2022-08-12T00:00:00,30.0,20.0,,,,44.31,3.0,,0.0207,0.0138,41.311922,-105.581147,2022,8,12,0
West,Knight Hall,2022-08-12T01:00:00,30.0,30.0,,,,45.52,3.0,,0.0207,0.0207,41.311922,-105.581147,2022,8,12,1
West,Knight Hall,2022-08-12T02:00:00,30.0,30.0,,,,41.370000000000005,3.0,,0.0207,0.0207,41.311922,-105.581147,2022,8,12,2
West,Knight Hall,2022-08-12T03:00:00,30.0,30.0,,,,41.66,1.0,,0.0207,0.0207,41.311922,-105.581147,2022,8,12,3
West,Knight Hall,2022-08-12T04:00:00,30.0,30.0,,,,40.92,7.0,,0.0207,0.0207,41.311922,-105.581147,2022,8,12,4
West,Knight Hall,2022-08-12T05:00:00,30.0,30.0,,,,43.98,8.0,,0.0207,0.0207,41.311922,-105.581147,2022,8,12,5
West,Knight Hall,2022-08-12T06:00:00,30.0,30.0,,,,44.03,5.0,,0.0207,0.0207,41.311922,-105.581147,2022,8,12,6
West,Knight Hall,2022-08-12T07:00:00,60.0,70.0,,,,69.6,7.0,,0.0414,0.048299999999999996,41.311922,-105.581147,2022,8,12,7
West,Knight Hall,2022-08-12T08:00:00,70.0,60.0,,,,115.74,8.0,,0.048299999999999996,0.0414,41.311922,-105.581147,2022,8,12,8
West,Knight Hall,2022-08-12T09:00:00,,80.0,,,,,14.0,,,0.0552,41.311922,-105.581147,2022,8,12,9
West,Knight Hall,2022-08-12T10:00:00,60.0,70.0,,,,,12.0,,0.0414,0.048299999999999996,41.311922,-105.581147,2022,8,12,10
West,Knight Hall,2022-08-12T11:00:00,,,,,,,18.0,,,,41.311922,-105.581147,2022,8,12,11
West,Knight Hall,2022-08-12T12:00:00,60.0,60.0,,,,100.99,13.0,,0.0414,0.0414,41.311922,-105.581147,2022,8,12,12
West,Knight Hall,2022-08-12T13:00:00,80.0,,,,,145.36,16.0,,0.0552,,41.311922,-105.581147,2022,8,12,13
West,Knight Hall,2022-08-12T14:00:00,70.0,70.0,,,,119.64,16.0,,0.048299999999999996,0.048299999999999996,41.311922,-105.581147,2022,8,12,14
West,Knight Hall,2022-08-12T15:00:00,,,,,,,,,,,41.311922,-105.581147,2022,8,12,15
West,Knight Hall,2022-08-12T16:00:00,40.0,50.0,,,,,12.0,,0.0276,0.034499999999999996,41.311922,-105.581147,2022,8,12,16
West,Knight Hall,2022-08-12T17:00:00,50.0,60.0,,,,76.26,15.0,,0.034499999999999996,0.0414,41.311922,-105.581147,2022,8,12,17
West,Knight Hall,2022-08-12T18:00:00,40.0,40.0,,,,74.6,10.0,,0.0276,0.0276,41.311922,-105.581147,2022,8,12,18
West,Knight Hall,2022-08-12T19:00:00,30.0,50.0,,,,54.08,6.0,,0.0207,0.034499999999999996,41.311922,-105.581147,2022,8,12,19
West,Knight Hall,2022-08-12T20:00:00,40.0,30.0,,,,92.93,6.0,,0.0276,0.0207,41.311922,-105.581147,2022,8,12,20
West,Knight Hall,2022-08-12T21:00:00,30.0,40.0,,,,48.38,6.0,,0.0207,0.0276,41.311922,-105.581147,2022,8,12,21
West,Knight Hall,2022-08-12T22:00:00,20.0,30.0,,,,55.08999999999999,4.0,,0.0138,0.0207,41.311922,-105.581147,2022,8,12,22
West,Knight Hall,2022-08-12T23:00:00,30.0,40.0,,,,42.89,5.0,,0.0207,0.0276,41.311922,-105.581147,2022,8,12,23
West,Knight Hall,2022-08-13T00:00:00,30.0,20.0,,,,42.58,,,0.0207,0.0138,41.311922,-105.581147,2022,8,13,0
West,Knight Hall,2022-08-13T01:00:00,20.0,30.0,,,,46.03,1.0,,0.0138,0.0207,41.311922,-105.581147,2022,8,13,1
West,Knight Hall,2022-08-13T02:00:00,30.0,30.0,,,,44.2,,,0.0207,0.0207,41.311922,-105.581147,2022,8,13,2
West,Knight Hall,2022-08-13T03:00:00,20.0,30.0,,,,43.12,1.0,,0.0138,0.0207,41.311922,-105.581147,2022,8,13,3
West,Knight Hall,2022-08-13T04:00:00,30.0,20.0,,,,43.31,,,0.0207,0.0138,41.311922,-105.581147,2022,8,13,4
West,Knight Hall,2022-08-13T05:00:00,20.0,40.0,,,,42.93000000000001,1.0,,0.0138,0.0276,41.311922,-105.581147,2022,8,13,5
West,Knight Hall,2022-08-13T06:00:00,30.0,30.0,,,,43.4,,,0.0207,0.0207,41.311922,-105.581147,2022,8,13,6
West,Knight Hall,2022-08-13T07:00:00,30.0,50.0,,,,54.64,1.0,,0.0207,0.034499999999999996,41.311922,-105.581147,2022,8,13,7
West,Knight Hall,2022-08-13T08:00:00,20.0,60.0,,,,103.88,8.0,,0.0138,0.0414,41.311922,-105.581147,2022,8,13,8
West,Knight Hall,2022-08-13T09:00:00,30.0,80.0,,,,127.32,15.0,,0.0207,0.0552,41.311922,-105.581147,2022,8,13,9
West,Knight Hall,2022-08-13T10:00:00,30.0,60.0,,,,116.88,11.0,,0.0207,0.0414,41.311922,-105.581147,2022,8,13,10
West,Knight Hall,2022-08-13T11:00:00,40.0,80.0,,,,,18.0,,0.0276,0.0552,41.311922,-105.581147,2022,8,13,11
West,Knight Hall,2022-08-13T12:00:00,20.0,50.0,,,,164.16,12.0,,0.0138,0.034499999999999996,41.311922,-105.581147,2022,8,13,12
West,Knight Hall,2022-08-13T13:00:00,40.0,70.0,,,,122.55,18.0,,0.0276,0.048299999999999996,41.311922,-105.581147,2022,8,13,13
West,Knight Hall,2022-08-13T14:00:00,20.0,80.0,,,,135.3,13.0,,0.0138,0.0552,41.311922,-105.581147,2022,8,13,14
West,Knight Hall,2022-08-13T15:00:00,30.0,80.0,,,,,5.0,,0.0207,0.0552,41.311922,-105.581147,2022,8,13,15
West,Knight Hall,2022-08-13T16:00:00,30.0,50.0,,,,91.7,,,0.0207,0.034499999999999996,41.311922,-105.581147,2022,8,13,16
West,Knight Hall,2022-08-13T17:00:00,20.0,50.0,,,,68.03000000000002,1.0,,0.0138,0.034499999999999996,41.311922,-105.581147,2022,8,13,17
West,Knight Hall,2022-08-13T18:00:00,30.0,30.0,,,,96.44,,,0.0207,0.0207,41.311922,-105.581147,2022,8,13,18
West,Knight Hall,2022-08-13T19:00:00,20.0,40.0,,,,53.9,1.0,,0.0138,0.0276,41.311922,-105.581147,2022,8,13,19
West,Knight Hall,2022-08-13T20:00:00,30.0,30.0,,,,59.36,,,0.0207,0.0207,41.311922,-105.581147,2022,8,13,20
West,Knight Hall,2022-08-13T21:00:00,20.0,40.0,,,,47.28,1.0,,0.0138,0.0276,41.311922,-105.581147,2022,8,13,21
West,Knight Hall,2022-08-13T22:00:00,20.0,30.0,,,,48.53000000000001,,,0.0138,0.0207,41.311922,-105.581147,2022,8,13,22
West,Knight Hall,2022-08-13T23:00:00,30.0,30.0,,,,40.06,1.0,,0.0207,0.0207,41.311922,-105.581147,2022,8,13,23
West,Knight Hall,2022-08-14T00:00:00,20.0,20.0,,,,40.970000000000006,,,0.0138,0.0138,41.311922,-105.581147,2022,8,14,0
West,Knight Hall,2022-08-14T01:00:00,30.0,30.0,,,,40.69,1.0,,0.0207,0.0207,41.311922,-105.581147,2022,8,14,1
West,Knight Hall,2022-08-14T02:00:00,20.0,20.0,,,,40.62,,,0.0138,0.0138,41.311922,-105.581147,2022,8,14,2
West,Knight Hall,2022-08-14T03:00:00,30.0,30.0,,,,41.29,1.0,,0.0207,0.0207,41.311922,-105.581147,2022,8,14,3
West,Knight Hall,2022-08-14T04:00:00,20.0,20.0,,,,40.77,,,0.0138,0.0138,41.311922,-105.581147,2022,8,14,4
West,Knight Hall,2022-08-14T05:00:00,20.0,30.0,,,,41.65,1.0,,0.0138,0.0207,41.311922,-105.581147,2022,8,14,5
West,Knight Hall,2022-08-14T06:00:00,20.0,30.0,,,,43.38,,,0.0138,0.0207,41.311922,-105.581147,2022,8,14,6
West,Knight Hall,2022-08-14T07:00:00,30.0,30.0,,,,42.04,1.0,,0.0207,0.0207,41.311922,-105.581147,2022,8,14,7
West,Knight Hall,2022-08-14T08:00:00,30.0,20.0,,,,42.88,6.0,,0.0207,0.0138,41.311922,-105.581147,2022,8,14,8
West,Knight Hall,2022-08-14T09:00:00,20.0,40.0,,,,43.08,6.0,,0.0138,0.0276,41.311922,-105.581147,2022,8,14,9
West,Knight Hall,2022-08-14T10:00:00,30.0,30.0,,,,59.74,7.0,,0.0207,0.0207,41.311922,-105.581147,2022,8,14,10
West,Knight Hall,2022-08-14T11:00:00,11.666666666511446,30.0,,,,45.47,3.0,,0.008049999999892898,0.0207,41.311922,-105.581147,2022,8,14,11
West,Knight Hall,2022-08-14T12:00:00,3.3333333334885538,40.0,,,,53.58,,,0.002300000000107102,0.0276,41.311922,-105.581147,2022,8,14,12
West,Knight Hall,2022-08-14T13:00:00,3.3333333334885538,40.0,,,,45.73,,,0.002300000000107102,0.0276,41.311922,-105.581147,2022,8,14,13
West,Knight Hall,2022-08-14T14:00:00,21.666666666511446,20.0,,,,45.39,,,0.014949999999892898,0.0138,41.311922,-105.581147,2022,8,14,14
West,Knight Hall,2022-08-14T15:00:00,30.0,40.0,,,,42.09,1.0,,0.0207,0.0276,41.311922,-105.581147,2022,8,14,15
West,Knight Hall,2022-08-14T16:00:00,30.0,30.0,,,,42.99,,,0.0207,0.0207,41.311922,-105.581147,2022,8,14,16
West,Knight Hall,2022-08-14T17:00:00,30.0,30.0,,,,46.76,1.0,,0.0207,0.0207,41.311922,-105.581147,2022,8,14,17
West,Knight Hall,2022-08-14T18:00:00,20.0,20.0,,,,40.900000000000006,,,0.0138,0.0138,41.311922,-105.581147,2022,8,14,18
West,Knight Hall,2022-08-14T19:00:00,20.0,30.0,,,,40.54,1.0,,0.0138,0.0207,41.311922,-105.581147,2022,8,14,19
West,Knight Hall,2022-08-14T20:00:00,30.0,30.0,,,,41.33,1.0,,0.0207,0.0207,41.311922,-105.581147,2022,8,14,20
West,Knight Hall,2022-08-14T21:00:00,20.0,30.0,,,,41.42,,,0.0138,0.0207,41.311922,-105.581147,2022,8,14,21
West,Knight Hall,2022-08-14T22:00:00,20.0,20.0,,,,40.54,1.0,,0.0138,0.0138,41.311922,-105.581147,2022,8,14,22
West,Knight Hall,2022-08-14T23:00:00,30.0,40.0,,,,41.85,,,0.0207,0.0276,41.311922,-105.581147,2022,8,14,23
West,Knight Hall,2022-08-15T00:00:00,20.0,20.0,,,,40.66,1.0,,0.0138,0.0138,41.311922,-105.581147,2022,8,15,0
West,Knight Hall,2022-08-15T01:00:00,20.0,30.0,,,,41.7,,,0.0138,0.0207,41.311922,-105.581147,2022,8,15,1
West,Knight Hall,2022-08-15T02:00:00,30.0,20.0,,,,40.9,1.0,,0.0207,0.0138,41.311922,-105.581147,2022,8,15,2
West,Knight Hall,2022-08-15T03:00:00,20.0,30.0,,,,40.99,,,0.0138,0.0207,41.311922,-105.581147,2022,8,15,3
West,Knight Hall,2022-08-15T04:00:00,20.0,30.0,,,,41.2,1.0,,0.0138,0.0207,41.311922,-105.581147,2022,8,15,4
West,Knight Hall,2022-08-15T05:00:00,30.0,30.0,,,,40.28,1.0,,0.0207,0.0207,41.311922,-105.581147,2022,8,15,5
West,Knight Hall,2022-08-15T06:00:00,20.0,20.0,,,,41.2,2.0,,0.0138,0.0138,41.311922,-105.581147,2022,8,15,6
West,Knight Hall,2022-08-15T07:00:00,50.0,30.0,,,,40.45,6.0,,0.034499999999999996,0.0207,41.311922,-105.581147,2022,8,15,7
West,Knight Hall,2022-08-15T08:00:00,70.0,30.0,,,,46.4,7.0,,0.048299999999999996,0.0207,41.311922,-105.581147,2022,8,15,8
West,Knight Hall,2022-08-15T09:00:00,80.0,40.0,,,,39.970000000000006,7.0,,0.0552,0.0276,41.311922,-105.581147,2022,8,15,9
West,Knight Hall,2022-08-15T10:00:00,,20.0,,,,40.27,8.0,,,0.0138,41.311922,-105.581147,2022,8,15,10
West,Knight Hall,2022-08-15T11:00:00,60.0,40.0,,,,45.95,6.0,,0.0414,0.0276,41.311922,-105.581147,2022,8,15,11
West,Knight Hall,2022-08-15T12:00:00,,30.0,,,,39.82,8.0,,,0.0207,41.311922,-105.581147,2022,8,15,12
West,Knight Hall,2022-08-15T13:00:00,60.0,40.0,,,,39.07,5.0,,0.0414,0.0276,41.311922,-105.581147,2022,8,15,13
West,Knight Hall,2022-08-15T14:00:00,70.0,30.0,,,,49.76,8.0,,0.048299999999999996,0.0207,41.311922,-105.581147,2022,8,15,14
West,Knight Hall,2022-08-15T15:00:00,80.0,40.0,,,,42.47,7.0,,0.0552,0.0276,41.311922,-105.581147,2022,8,15,15
West,Knight Hall,2022-08-15T16:00:00,60.0,30.0,,,,39.09,7.0,,0.0414,0.0207,41.311922,-105.581147,2022,8,15,16
West,Knight Hall,2022-08-15T17:00:00,50.0,40.0,,,,41.4,8.0,,0.034499999999999996,0.0276,41.311922,-105.581147,2022,8,15,17
West,Knight Hall,2022-08-15T18:00:00,40.0,20.0,,,,40.940000000000005,6.0,,0.0276,0.0138,41.311922,-105.581147,2022,8,15,18
West,Knight Hall,2022-08-15T19:00:00,40.0,30.0,,,,43.64,2.0,,0.0276,0.0207,41.311922,-105.581147,2022,8,15,19
West,Knight Hall,2022-08-15T20:00:00,40.0,30.0,,,,41.29,,,0.0276,0.0207,41.311922,-105.581147,2022,8,15,20
West,Knight Hall,2022-08-15T21:00:00,30.0,30.0,,,,40.45,1.0,,0.0207,0.0207,41.311922,-105.581147,2022,8,15,21
West,Knight Hall,2022-08-15T22:00:00,30.0,20.0,,,,40.43,1.0,,0.0207,0.0138,41.311922,-105.581147,2022,8,15,22
West,Knight Hall,2022-08-15T23:00:00,30.0,30.0,,,,41.4,,,0.0207,0.0207,41.311922,-105.581147,2022,8,15,23
West,Knight Hall,2022-08-16T00:00:00,20.0,20.0,,,,40.4,,,0.0138,0.0138,41.311922,-105.581147,2022,8,16,0
West,Knight Hall,2022-08-16T01:00:00,30.0,30.0,,,,40.94,1.0,,0.0207,0.0207,41.311922,-105.581147,2022,8,16,1
West,Knight Hall,2022-08-16T02:00:00,30.0,20.0,,,,41.07,1.0,,0.0207,0.0138,41.311922,-105.581147,2022,8,16,2
West,Knight Hall,2022-08-16T03:00:00,30.0,30.0,,,,40.73,,,0.0207,0.0207,41.311922,-105.581147,2022,8,16,3
West,Knight Hall,2022-08-16T04:00:00,20.0,30.0,,,,40.19,4.0,,0.0138,0.0207,41.311922,-105.581147,2022,8,16,4
West,Knight Hall,2022-08-16T05:00:00,40.0,20.0,,,,41.55,6.0,,0.0276,0.0138,41.311922,-105.581147,2022,8,16,5
West,Knight Hall,2022-08-16T06:00:00,20.0,30.0,,,,38.98,3.0,,0.0138,0.0207,41.311922,-105.581147,2022,8,16,6
West,Knight Hall,2022-08-16T07:00:00,60.0,60.0,,,,78.74000000000001,5.0,,0.0414,0.0414,41.311922,-105.581147,2022,8,16,7
West,Knight Hall,2022-08-16T08:00:00,60.0,60.0,,,,158.41,5.0,,0.0414,0.0414,41.311922,-105.581147,2022,8,16,8
West,Knight Hall,2022-08-16T09:00:00,,70.0,,,,140.86,7.0,,,0.048299999999999996,41.311922,-105.581147,2022,8,16,9
West,Knight Hall,2022-08-16T10:00:00,60.0,70.0,,,,153.05999999999997,6.0,,0.0414,0.048299999999999996,41.311922,-105.581147,2022,8,16,10
West,Knight Hall,2022-08-16T11:00:00,,80.0,,,,,8.0,,,0.0552,41.311922,-105.581147,2022,8,16,11
West,Knight Hall,2022-08-16T12:00:00,60.0,70.0,,,,158.86,6.0,,0.0414,0.048299999999999996,41.311922,-105.581147,2022,8,16,12
West,Knight Hall,2022-08-16T13:00:00,80.0,70.0,,,,143.72,9.0,,0.0552,0.048299999999999996,41.311922,-105.581147,2022,8,16,13
West,Knight Hall,2022-08-16T14:00:00,70.0,70.0,,,,128.68,6.0,,0.048299999999999996,0.048299999999999996,41.311922,-105.581147,2022,8,16,14
West,Knight Hall,2022-08-16T15:00:00,,80.0,,,,122.21,10.0,,,0.0552,41.311922,-105.581147,2022,8,16,15
West,Knight Hall,2022-08-16T16:00:00,50.0,70.0,,,,103.47,6.0,,0.034499999999999996,0.048299999999999996,41.311922,-105.581147,2022,8,16,16
West,Knight Hall,2022-08-16T17:00:00,50.0,50.0,,,,86.13999999999999,10.0,,0.034499999999999996,0.034499999999999996,41.311922,-105.581147,2022,8,16,17
West,Knight Hall,2022-08-16T18:00:00,50.0,40.0,,,,87.6,6.0,,0.034499999999999996,0.0276,41.311922,-105.581147,2022,8,16,18
West,Knight Hall,2022-08-16T19:00:00,40.0,30.0,,,,72.94,2.0,,0.0276,0.0207,41.311922,-105.581147,2022,8,16,19
West,Knight Hall,2022-08-16T20:00:00,40.0,40.0,,,,40.25000000000001,,,0.0276,0.0276,41.311922,-105.581147,2022,8,16,20
West,Knight Hall,2022-08-16T21:00:00,40.0,30.0,,,,49.61,,,0.0276,0.0207,41.311922,-105.581147,2022,8,16,21
West,Knight Hall,2022-08-16T22:00:00,30.0,30.0,,,,56.42,1.0,,0.0207,0.0207,41.311922,-105.581147,2022,8,16,22
West,Knight Hall,2022-08-16T23:00:00,30.0,30.0,,,,39.89,,,0.0207,0.0207,41.311922,-105.581147,2022,8,16,23
West,Knight Hall,2022-08-17T00:00:00,30.0,20.0,,,,40.66,1.0,,0.0207,0.0138,41.311922,-105.581147,2022,8,17,0
West,Knight Hall,2022-08-17T01:00:00,40.0,30.0,,,,39.56,,,0.0276,0.0207,41.311922,-105.581147,2022,8,17,1
West,Knight Hall,2022-08-17T02:00:00,20.0,20.0,,,,40.53,1.0,,0.0138,0.0138,41.311922,-105.581147,2022,8,17,2
West,Knight Hall,2022-08-17T03:00:00,30.0,30.0,,,,40.0,,,0.0207,0.0207,41.311922,-105.581147,2022,8,17,3
West,Knight Hall,2022-08-17T04:00:00,30.0,30.0,,,,40.77,4.0,,0.0207,0.0207,41.311922,-105.581147,2022,8,17,4
West,Knight Hall,2022-08-17T05:00:00,40.0,30.0,,,,43.04,5.0,,0.0276,0.0207,41.311922,-105.581147,2022,8,17,5
West,Knight Hall,2022-08-17T06:00:00,20.0,30.0,,,,50.41,4.0,,0.0138,0.0207,41.311922,-105.581147,2022,8,17,6
West,Knight Hall,2022-08-17T07:00:00,60.0,50.0,,,,86.4,5.0,,0.0414,0.034499999999999996,41.311922,-105.581147,2022,8,17,7
West,Knight Hall,2022-08-17T08:00:00,70.0,80.0,,,,,5.0,,0.048299999999999996,0.0552,41.311922,-105.581147,2022,8,17,8
West,Knight Hall,2022-08-17T09:00:00,80.0,80.0,,,,167.49,8.0,,0.0552,0.0552,41.311922,-105.581147,2022,8,17,9
West,Knight Hall,2022-08-17T10:00:00,70.0,80.0,,,,,5.0,,0.048299999999999996,0.0552,41.311922,-105.581147,2022,8,17,10
West,Knight Hall,2022-08-17T11:00:00,,,,,,,9.0,,,,41.311922,-105.581147,2022,8,17,11
West,Knight Hall,2022-08-17T12:00:00,60.0,70.0,,,,,6.0,,0.0414,0.048299999999999996,41.311922,-105.581147,2022,8,17,12
West,Knight Hall,2022-08-17T13:00:00,70.0,,,,,111.92,9.0,,0.048299999999999996,,41.311922,-105.581147,2022,8,17,13
West,Knight Hall,2022-08-17T14:00:00,70.0,70.0,,,,138.76999999999998,8.0,,0.048299999999999996,0.048299999999999996,41.311922,-105.581147,2022,8,17,14
West,Knight Hall,2022-08-17T15:00:00,70.0,,,,,140.08,10.0,,0.048299999999999996,,41.311922,-105.581147,2022,8,17,15
West,Knight Hall,2022-08-17T16:00:00,70.0,60.0,,,,121.99,7.0,,0.048299999999999996,0.0414,41.311922,-105.581147,2022,8,17,16
West,Knight Hall,2022-08-17T17:00:00,50.0,50.0,,,,69.75,10.0,,0.034499999999999996,0.034499999999999996,41.311922,-105.581147,2022,8,17,17
West,Knight Hall,2022-08-17T18:00:00,30.0,50.0,,,,61.900000000000006,7.0,,0.0207,0.034499999999999996,41.311922,-105.581147,2022,8,17,18
West,Knight Hall,2022-08-17T19:00:00,50.0,40.0,,,,120.03,1.0,,0.034499999999999996,0.0276,41.311922,-105.581147,2022,8,17,19
West,Knight Hall,2022-08-17T20:00:00,20.0,30.0,,,,40.12,1.0,,0.0138,0.0207,41.311922,-105.581147,2022,8,17,20
West,Knight Hall,2022-08-17T21:00:00,40.0,40.0,,,,44.93000000000001,,,0.0276,0.0276,41.311922,-105.581147,2022,8,17,21
West,Knight Hall,2022-08-17T22:00:00,30.0,30.0,,,,62.4,1.0,,0.0207,0.0207,41.311922,-105.581147,2022,8,17,22
West,Knight Hall,2022-08-17T23:00:00,30.0,30.0,,,,40.6,,,0.0207,0.0207,41.311922,-105.581147,2022,8,17,23
West,Knight Hall,2022-08-18T00:00:00,20.0,20.0,,,,40.08,,,0.0138,0.0138,41.311922,-105.581147,2022,8,18,0
West,Knight Hall,2022-08-18T01:00:00,40.0,30.0,,,,41.370000000000005,1.0,,0.0276,0.0207,41.311922,-105.581147,2022,8,18,1
West,Knight Hall,2022-08-18T02:00:00,20.0,20.0,,,,41.05,1.0,,0.0138,0.0138,41.311922,-105.581147,2022,8,18,2
West,Knight Hall,2022-08-18T03:00:00,30.0,30.0,,,,41.87,,,0.0207,0.0207,41.311922,-105.581147,2022,8,18,3
West,Knight Hall,2022-08-18T04:00:00,30.0,30.0,,,,42.07,4.0,,0.0207,0.0207,41.311922,-105.581147,2022,8,18,4
West,Knight Hall,2022-08-18T05:00:00,30.0,30.0,,,,41.66,5.0,,0.0207,0.0207,41.311922,-105.581147,2022,8,18,5
West,Knight Hall,2022-08-18T06:00:00,30.0,30.0,,,,60.81999999999999,3.0,,0.0207,0.0207,41.311922,-105.581147,2022,8,18,6
West,Knight Hall,2022-08-18T07:00:00,60.0,50.0,,,,75.63,4.0,,0.0414,0.034499999999999996,41.311922,-105.581147,2022,8,18,7
West,Knight Hall,2022-08-18T08:00:00,70.0,70.0,,,,157.2,6.0,,0.048299999999999996,0.048299999999999996,41.311922,-105.581147,2022,8,18,8
West,Knight Hall,2022-08-18T09:00:00,70.0,80.0,,,,,7.0,,0.048299999999999996,0.0552,41.311922,-105.581147,2022,8,18,9
West,Knight Hall,2022-08-18T10:00:00,70.0,70.0,,,,,6.0,,0.048299999999999996,0.048299999999999996,41.311922,-105.581147,2022,8,18,10
West,Knight Hall,2022-08-18T11:00:00,,,,,,,9.0,,,,41.311922,-105.581147,2022,8,18,11
West,Knight Hall,2022-08-18T12:00:00,60.0,60.0,,,,,6.0,,0.0414,0.0414,41.311922,-105.581147,2022,8,18,12
West,Knight Hall,2022-08-18T13:00:00,70.0,80.0,,,,,8.0,,0.048299999999999996,0.0552,41.311922,-105.581147,2022,8,18,13
West,Knight Hall,2022-08-18T14:00:00,70.0,80.0,,,,,9.0,,0.048299999999999996,0.0552,41.311922,-105.581147,2022,8,18,14
West,Knight Hall,2022-08-18T15:00:00,70.0,,,,,117.77,9.0,,0.048299999999999996,,41.311922,-105.581147,2022,8,18,15
West,Knight Hall,2022-08-18T16:00:00,60.0,50.0,,,,136.01,9.0,,0.0414,0.034499999999999996,41.311922,-105.581147,2022,8,18,16
West,Knight Hall,2022-08-18T17:00:00,50.0,50.0,,,,65.09,9.0,,0.034499999999999996,0.034499999999999996,41.311922,-105.581147,2022,8,18,17
West,Knight Hall,2022-08-18T18:00:00,40.0,40.0,,,,83.53,9.0,,0.0276,0.0276,41.311922,-105.581147,2022,8,18,18
West,Knight Hall,2022-08-18T19:00:00,40.0,40.0,,,,67.85,1.0,,0.0276,0.0276,41.311922,-105.581147,2022,8,18,19
West,Knight Hall,2022-08-18T20:00:00,30.0,40.0,,,,61.53000000000001,1.0,,0.0207,0.0276,41.311922,-105.581147,2022,8,18,20
West,Knight Hall,2022-08-18T21:00:00,40.0,30.0,,,,57.53,1.0,,0.0276,0.0207,41.311922,-105.581147,2022,8,18,21
West,Knight Hall,2022-08-18T22:00:00,30.0,30.0,,,,46.01,,,0.0207,0.0207,41.311922,-105.581147,2022,8,18,22
West,Knight Hall,2022-08-18T23:00:00,30.0,40.0,,,,48.78999999999999,,,0.0207,0.0276,41.311922,-105.581147,2022,8,18,23
West,Knight Hall,2022-08-19T00:00:00,30.0,20.0,,,,42.56,1.0,,0.0207,0.0138,41.311922,-105.581147,2022,8,19,0
West,Knight Hall,2022-08-19T01:00:00,40.0,20.0,,,,42.11,,,0.0276,0.0138,41.311922,-105.581147,2022,8,19,1
West,Knight Hall,2022-08-19T02:00:00,20.0,30.0,,,,42.35,1.0,,0.0138,0.0207,41.311922,-105.581147,2022,8,19,2
West,Knight Hall,2022-08-19T03:00:00,30.0,30.0,,,,41.46,,,0.0207,0.0207,41.311922,-105.581147,2022,8,19,3
West,Knight Hall,2022-08-19T04:00:00,30.0,20.0,,,,44.05,4.0,,0.0207,0.0138,41.311922,-105.581147,2022,8,19,4
West,Knight Hall,2022-08-19T05:00:00,30.0,30.0,,,,45.13,5.0,,0.0207,0.0207,41.311922,-105.581147,2022,8,19,5
West,Knight Hall,2022-08-19T06:00:00,30.0,30.0,,,,48.46999999999999,4.0,,0.0207,0.0207,41.311922,-105.581147,2022,8,19,6
West,Knight Hall,2022-08-19T07:00:00,60.0,50.0,,,,106.68,5.0,,0.0414,0.034499999999999996,41.311922,-105.581147,2022,8,19,7
West,Knight Hall,2022-08-19T08:00:00,60.0,70.0,,,,,5.0,,0.0414,0.048299999999999996,41.311922,-105.581147,2022,8,19,8
West,Knight Hall,2022-08-19T09:00:00,80.0,80.0,,,,,7.0,,0.0552,0.0552,41.311922,-105.581147,2022,8,19,9
West,Knight Hall,2022-08-19T10:00:00,60.0,60.0,,,,157.13,6.0,,0.0414,0.0414,41.311922,-105.581147,2022,8,19,10
West,Knight Hall,2022-08-19T11:00:00,80.0,80.0,,,,143.38,7.0,,0.0552,0.0552,41.311922,-105.581147,2022,8,19,11
West,Knight Hall,2022-08-19T12:00:00,60.0,70.0,,,,138.33999999999995,8.0,,0.0414,0.048299999999999996,41.311922,-105.581147,2022,8,19,12
West,Knight Hall,2022-08-19T13:00:00,70.0,70.0,,,,137.88,8.0,,0.048299999999999996,0.048299999999999996,41.311922,-105.581147,2022,8,19,13
West,Knight Hall,2022-08-19T14:00:00,70.0,70.0,,,,139.11,8.0,,0.048299999999999996,0.048299999999999996,41.311922,-105.581147,2022,8,19,14
West,Knight Hall,2022-08-19T15:00:00,80.0,70.0,,,,127.68,9.0,,0.0552,0.048299999999999996,41.311922,-105.581147,2022,8,19,15
West,Knight Hall,2022-08-19T16:00:00,50.0,60.0,,,,95.28,9.0,,0.034499999999999996,0.0414,41.311922,-105.581147,2022,8,19,16
West,Knight Hall,2022-08-19T17:00:00,50.0,50.0,,,,76.37,8.0,,0.034499999999999996,0.034499999999999996,41.311922,-105.581147,2022,8,19,17
West,Knight Hall,2022-08-19T18:00:00,30.0,50.0,,,,96.96,7.0,,0.0207,0.034499999999999996,41.311922,-105.581147,2022,8,19,18
West,Knight Hall,2022-08-19T19:00:00,40.0,40.0,,,,58.24,1.0,,0.0276,0.0276,41.311922,-105.581147,2022,8,19,19
West,Knight Hall,2022-08-19T20:00:00,30.0,30.0,,,,62.4,1.0,,0.0207,0.0207,41.311922,-105.581147,2022,8,19,20
West,Knight Hall,2022-08-19T21:00:00,30.0,40.0,,,,47.15,,,0.0207,0.0276,41.311922,-105.581147,2022,8,19,21
West,Knight Hall,2022-08-19T22:00:00,30.0,30.0,,,,61.21000000000001,1.0,,0.0207,0.0207,41.311922,-105.581147,2022,8,19,22
West,Knight Hall,2022-08-19T23:00:00,20.0,30.0,,,,46.74,,,0.0138,0.0207,41.311922,-105.581147,2022,8,19,23
West,Knight Hall,2022-08-20T00:00:00,30.0,20.0,,,,41.29,,,0.0207,0.0138,41.311922,-105.581147,2022,8,20,0
West,Knight Hall,2022-08-20T01:00:00,30.0,20.0,,,,40.86,1.0,,0.0207,0.0138,41.311922,-105.581147,2022,8,20,1
West,Knight Hall,2022-08-20T02:00:00,20.0,30.0,,,,41.89,,,0.0138,0.0207,41.311922,-105.581147,2022,8,20,2
West,Knight Hall,2022-08-20T03:00:00,30.0,30.0,,,,41.37,1.0,,0.0207,0.0207,41.311922,-105.581147,2022,8,20,3
West,Knight Hall,2022-08-20T04:00:00,30.0,20.0,,,,40.970000000000006,,,0.0207,0.0138,41.311922,-105.581147,2022,8,20,4
West,Knight Hall,2022-08-20T05:00:00,30.0,30.0,,,,42.22,1.0,,0.0207,0.0207,41.311922,-105.581147,2022,8,20,5
West,Knight Hall,2022-08-20T06:00:00,20.0,30.0,,,,42.22,,,0.0138,0.0207,41.311922,-105.581147,2022,8,20,6
West,Knight Hall,2022-08-20T07:00:00,30.0,50.0,,,,81.71000000000001,1.0,,0.0207,0.034499999999999996,41.311922,-105.581147,2022,8,20,7
West,Knight Hall,2022-08-20T08:00:00,30.0,70.0,,,,143.64,5.0,,0.0207,0.048299999999999996,41.311922,-105.581147,2022,8,20,8
West,Knight Hall,2022-08-20T09:00:00,40.0,70.0,,,,,8.0,,0.0276,0.048299999999999996,41.311922,-105.581147,2022,8,20,9
West,Knight Hall,2022-08-20T10:00:00,30.0,70.0,,,,,5.0,,0.0207,0.048299999999999996,41.311922,-105.581147,2022,8,20,10
West,Knight Hall,2022-08-20T11:00:00,50.0,70.0,,,,134.99,9.0,,0.034499999999999996,0.048299999999999996,41.311922,-105.581147,2022,8,20,11
West,Knight Hall,2022-08-20T12:00:00,30.0,70.0,,,,154.03,6.0,,0.0207,0.048299999999999996,41.311922,-105.581147,2022,8,20,12
West,Knight Hall,2022-08-20T13:00:00,40.0,70.0,,,,131.0,9.0,,0.0276,0.048299999999999996,41.311922,-105.581147,2022,8,20,13
West,Knight Hall,2022-08-20T14:00:00,30.0,70.0,,,,126.78,6.0,,0.0207,0.048299999999999996,41.311922,-105.581147,2022,8,20,14
West,Knight Hall,2022-08-20T15:00:00,40.0,80.0,,,,107.48,10.0,,0.0276,0.0552,41.311922,-105.581147,2022,8,20,15
West,Knight Hall,2022-08-20T16:00:00,30.0,50.0,,,,134.33999999999995,,,0.0207,0.034499999999999996,41.311922,-105.581147,2022,8,20,16
West,Knight Hall,2022-08-20T17:00:00,30.0,50.0,,,,90.69,1.0,,0.0207,0.034499999999999996,41.311922,-105.581147,2022,8,20,17
West,Knight Hall,2022-08-20T18:00:00,30.0,40.0,,,,107.8,,,0.0207,0.0276,41.311922,-105.581147,2022,8,20,18
West,Knight Hall,2022-08-20T19:00:00,40.0,30.0,,,,80.66,1.0,,0.0276,0.0207,41.311922,-105.581147,2022,8,20,19
West,Knight Hall,2022-08-20T20:00:00,20.0,30.0,,,,56.38,,,0.0138,0.0207,41.311922,-105.581147,2022,8,20,20
West,Knight Hall,2022-08-20T21:00:00,40.0,30.0,,,,51.81,1.0,,0.0276,0.0207,41.311922,-105.581147,2022,8,20,21
West,Knight Hall,2022-08-20T22:00:00,30.0,30.0,,,,65.85,,,0.0207,0.0207,41.311922,-105.581147,2022,8,20,22
West,Knight Hall,2022-08-20T23:00:00,30.0,30.0,,,,50.58,1.0,,0.0207,0.0207,41.311922,-105.581147,2022,8,20,23
West,Knight Hall,2022-08-21T00:00:00,20.0,20.0,,,,52.2,,,0.0138,0.0138,41.311922,-105.581147,2022,8,21,0
West,Knight Hall,2022-08-21T01:00:00,30.0,30.0,,,,51.03,1.0,,0.0207,0.0207,41.311922,-105.581147,2022,8,21,1
West,Knight Hall,2022-08-21T02:00:00,30.0,20.0,,,,50.86,,,0.0207,0.0138,41.311922,-105.581147,2022,8,21,2
West,Knight Hall,2022-08-21T03:00:00,30.0,30.0,,,,53.23,1.0,,0.0207,0.0207,41.311922,-105.581147,2022,8,21,3
West,Knight Hall,2022-08-21T04:00:00,30.0,20.0,,,,51.04,,,0.0207,0.0138,41.311922,-105.581147,2022,8,21,4
West,Knight Hall,2022-08-21T05:00:00,40.0,20.0,,,,50.49999999999999,1.0,,0.0276,0.0138,41.311922,-105.581147,2022,8,21,5
West,Knight Hall,2022-08-21T06:00:00,20.0,30.0,,,,52.49999999999999,,,0.0138,0.0207,41.311922,-105.581147,2022,8,21,6
West,Knight Hall,2022-08-21T07:00:00,30.0,20.0,,,,53.04,1.0,,0.0207,0.0138,41.311922,-105.581147,2022,8,21,7
West,Knight Hall,2022-08-21T08:00:00,30.0,30.0,,,,60.24,5.0,,0.0207,0.0207,41.311922,-105.581147,2022,8,21,8
West,Knight Hall,2022-08-21T09:00:00,40.0,40.0,,,,58.97,7.0,,0.0276,0.0276,41.311922,-105.581147,2022,8,21,9
West,Knight Hall,2022-08-21T10:00:00,30.0,20.0,,,,51.830000000000005,7.0,,0.0207,0.0138,41.311922,-105.581147,2022,8,21,10
West,Knight Hall,2022-08-21T11:00:00,30.0,30.0,,,,51.44,8.0,,0.0207,0.0207,41.311922,-105.581147,2022,8,21,11
West,Knight Hall,2022-08-21T12:00:00,40.0,30.0,,,,53.04,8.0,,0.0276,0.0207,41.311922,-105.581147,2022,8,21,12
West,Knight Hall,2022-08-21T13:00:00,30.0,40.0,,,,52.87,9.0,,0.0207,0.0276,41.311922,-105.581147,2022,8,21,13
West,Knight Hall,2022-08-21T14:00:00,40.0,20.0,,,,53.08,6.0,,0.0276,0.0138,41.311922,-105.581147,2022,8,21,14
West,Knight Hall,2022-08-21T15:00:00,40.0,30.0,,,,53.21000000000001,10.0,,0.0276,0.0207,41.311922,-105.581147,2022,8,21,15
West,Knight Hall,2022-08-21T16:00:00,20.0,20.0,,,,59.38,,,0.0138,0.0138,41.311922,-105.581147,2022,8,21,16
West,Knight Hall,2022-08-21T17:00:00,30.0,30.0,,,,54.85,1.0,,0.0207,0.0207,41.311922,-105.581147,2022,8,21,17
West,Knight Hall,2022-08-21T18:00:00,30.0,20.0,,,,51.04,1.0,,0.0207,0.0138,41.311922,-105.581147,2022,8,21,18
West,Knight Hall,2022-08-21T19:00:00,40.0,30.0,,,,51.64,,,0.0276,0.0207,41.311922,-105.581147,2022,8,21,19
West,Knight Hall,2022-08-21T20:00:00,30.0,20.0,,,,52.24,1.0,,0.0207,0.0138,41.311922,-105.581147,2022,8,21,20
West,Knight Hall,2022-08-21T21:00:00,30.0,30.0,,,,52.78,,,0.0207,0.0207,41.311922,-105.581147,2022,8,21,21
West,Knight Hall,2022-08-21T22:00:00,30.0,20.0,,,,52.49999999999999,,,0.0207,0.0138,41.311922,-105.581147,2022,8,21,22
West,Knight Hall,2022-08-21T23:00:00,30.0,30.0,,,,52.63,1.0,,0.0207,0.0207,41.311922,-105.581147,2022,8,21,23
West,Knight Hall,2022-08-22T00:00:00,30.0,20.0,,,,51.9,,,0.0207,0.0138,41.311922,-105.581147,2022,8,22,0
West,Knight Hall,2022-08-22T01:00:00,30.0,30.0,,,,51.6,1.0,,0.0207,0.0207,41.311922,-105.581147,2022,8,22,1
West,Knight Hall,2022-08-22T02:00:00,20.0,20.0,,,,51.46999999999999,,,0.0138,0.0138,41.311922,-105.581147,2022,8,22,2
West,Knight Hall,2022-08-22T03:00:00,40.0,30.0,,,,51.81,1.0,,0.0276,0.0207,41.311922,-105.581147,2022,8,22,3
West,Knight Hall,2022-08-22T04:00:00,30.0,20.0,,,,52.08999999999999,5.0,,0.0207,0.0138,41.311922,-105.581147,2022,8,22,4
West,Knight Hall,2022-08-22T05:00:00,30.0,30.0,,,,51.85,4.0,,0.0207,0.0207,41.311922,-105.581147,2022,8,22,5
West,Knight Hall,2022-08-22T06:00:00,30.0,20.0,,,,50.82000000000001,4.0,,0.0207,0.0138,41.311922,-105.581147,2022,8,22,6
West,Knight Hall,2022-08-22T07:00:00,60.0,30.0,,,,50.73,6.0,,0.0414,0.0207,41.311922,-105.581147,2022,8,22,7
West,Knight Hall,2022-08-22T08:00:00,60.0,30.0,,,,51.73,4.0,,0.0414,0.0207,41.311922,-105.581147,2022,8,22,8
West,Knight Hall,2022-08-22T09:00:00,80.0,30.0,,,,52.76,7.0,,0.0552,0.0207,41.311922,-105.581147,2022,8,22,9
West,Knight Hall,2022-08-22T10:00:00,70.0,40.0,,,,52.69,7.0,,0.048299999999999996,0.0276,41.311922,-105.581147,2022,8,22,10
West,Knight Hall,2022-08-22T11:00:00,80.0,30.0,,,,52.49999999999999,8.0,,0.0552,0.0207,41.311922,-105.581147,2022,8,22,11
West,Knight Hall,2022-08-22T12:00:00,70.0,30.0,,,,53.49,8.0,,0.048299999999999996,0.0207,41.311922,-105.581147,2022,8,22,12
West,Knight Hall,2022-08-22T13:00:00,,30.0,,,,55.2,10.0,,,0.0207,41.311922,-105.581147,2022,8,22,13
West,Knight Hall,2022-08-22T14:00:00,60.0,30.0,,,,56.58,7.0,,0.0414,0.0207,41.311922,-105.581147,2022,8,22,14
West,Knight Hall,2022-08-22T15:00:00,,40.0,,,,50.56,10.0,,,0.0276,41.311922,-105.581147,2022,8,22,15
West,Knight Hall,2022-08-22T16:00:00,60.0,20.0,,,,52.650000000000006,9.0,,0.0414,0.0138,41.311922,-105.581147,2022,8,22,16
West,Knight Hall,2022-08-22T17:00:00,50.0,30.0,,,,56.78999999999999,10.0,,0.034499999999999996,0.0207,41.311922,-105.581147,2022,8,22,17
West,Knight Hall,2022-08-22T18:00:00,30.0,30.0,,,,52.33,7.0,,0.0207,0.0207,41.311922,-105.581147,2022,8,22,18
West,Knight Hall,2022-08-22T19:00:00,50.0,20.0,,,,50.76,1.0,,0.034499999999999996,0.0138,41.311922,-105.581147,2022,8,22,19
West,Knight Hall,2022-08-22T20:00:00,20.0,30.0,,,,51.03,1.0,,0.0138,0.0207,41.311922,-105.581147,2022,8,22,20
West,Knight Hall,2022-08-22T21:00:00,40.0,30.0,,,,51.08,,,0.0276,0.0207,41.311922,-105.581147,2022,8,22,21
West,Knight Hall,2022-08-22T22:00:00,30.0,30.0,,,,50.9,1.0,,0.0207,0.0207,41.311922,-105.581147,2022,8,22,22
West,Knight Hall,2022-08-22T23:00:00,30.0,30.0,,,,50.95,,,0.0207,0.0207,41.311922,-105.581147,2022,8,22,23
West,Knight Hall,2022-08-23T00:00:00,20.0,20.0,,,,50.21000000000001,1.0,,0.0138,0.0138,41.311922,-105.581147,2022,8,23,0
West,Knight Hall,2022-08-23T01:00:00,30.0,30.0,,,,50.47,,,0.0207,0.0207,41.311922,-105.581147,2022,8,23,1
West,Knight Hall,2022-08-23T02:00:00,30.0,20.0,,,,51.29,1.0,,0.0207,0.0138,41.311922,-105.581147,2022,8,23,2
West,Knight Hall,2022-08-23T03:00:00,30.0,30.0,,,,52.06999999999999,,,0.0207,0.0207,41.311922,-105.581147,2022,8,23,3
West,Knight Hall,2022-08-23T04:00:00,30.0,30.0,,,,50.190000000000005,5.0,,0.0207,0.0207,41.311922,-105.581147,2022,8,23,4
West,Knight Hall,2022-08-23T05:00:00,30.0,30.0,,,,51.830000000000005,4.0,,0.0207,0.0207,41.311922,-105.581147,2022,8,23,5
West,Knight Hall,2022-08-23T06:00:00,30.0,30.0,,,,49.63,4.0,,0.0207,0.0207,41.311922,-105.581147,2022,8,23,6
West,Knight Hall,2022-08-23T07:00:00,60.0,40.0,,,,91.83,4.0,,0.0414,0.0276,41.311922,-105.581147,2022,8,23,7
West,Knight Hall,2022-08-23T08:00:00,60.0,70.0,,,,137.69,5.0,,0.0414,0.048299999999999996,41.311922,-105.581147,2022,8,23,8
West,Knight Hall,2022-08-23T09:00:00,80.0,,,,,156.06,7.0,,0.0552,,41.311922,-105.581147,2022,8,23,9
West,Knight Hall,2022-08-23T10:00:00,80.0,70.0,,,,,7.0,,0.0552,0.048299999999999996,41.311922,-105.581147,2022,8,23,10
West,Knight Hall,2022-08-23T11:00:00,70.0,80.0,,,,158.69,8.0,,0.048299999999999996,0.0552,41.311922,-105.581147,2022,8,23,11
West,Knight Hall,2022-08-23T12:00:00,70.0,60.0,,,,147.74,8.0,,0.048299999999999996,0.0414,41.311922,-105.581147,2022,8,23,12
West,Knight Hall,2022-08-23T13:00:00,80.0,80.0,,,,129.8,9.0,,0.0552,0.0552,41.311922,-105.581147,2022,8,23,13
West,Knight Hall,2022-08-23T14:00:00,80.0,80.0,,,,144.03,9.0,,0.0552,0.0552,41.311922,-105.581147,2022,8,23,14
West,Knight Hall,2022-08-23T15:00:00,70.0,80.0,,,,129.92,8.0,,0.048299999999999996,0.0552,41.311922,-105.581147,2022,8,23,15
West,Knight Hall,2022-08-23T16:00:00,80.0,70.0,,,,154.96,7.0,,0.0552,0.048299999999999996,41.311922,-105.581147,2022,8,23,16
West,Knight Hall,2022-08-23T17:00:00,40.0,60.0,,,,93.85,8.0,,0.0276,0.0414,41.311922,-105.581147,2022,8,23,17
West,Knight Hall,2022-08-23T18:00:00,50.0,40.0,,,,103.84,7.0,,0.034499999999999996,0.0276,41.311922,-105.581147,2022,8,23,18
West,Knight Hall,2022-08-23T19:00:00,30.0,40.0,,,,57.08999999999999,1.0,,0.0207,0.0276,41.311922,-105.581147,2022,8,23,19
West,Knight Hall,2022-08-23T20:00:00,40.0,30.0,,,,65.91000000000001,1.0,,0.0276,0.0207,41.311922,-105.581147,2022,8,23,20
West,Knight Hall,2022-08-23T21:00:00,30.0,30.0,,,,46.03,,,0.0207,0.0207,41.311922,-105.581147,2022,8,23,21
West,Knight Hall,2022-08-23T22:00:00,30.0,30.0,,,,56.53000000000001,1.0,,0.0207,0.0207,41.311922,-105.581147,2022,8,23,22
West,Knight Hall,2022-08-23T23:00:00,30.0,30.0,,,,53.49,,,0.0207,0.0207,41.311922,-105.581147,2022,8,23,23
West,Knight Hall,2022-08-24T00:00:00,30.0,30.0,,,,45.13,1.0,,0.0207,0.0207,41.311922,-105.581147,2022,8,24,0
West,Knight Hall,2022-08-24T01:00:00,30.0,20.0,,,,44.8,,,0.0207,0.0138,41.311922,-105.581147,2022,8,24,1
West,Knight Hall,2022-08-24T02:00:00,20.0,30.0,,,,44.55,,,0.0138,0.0207,41.311922,-105.581147,2022,8,24,2
West,Knight Hall,2022-08-24T03:00:00,40.0,30.0,,,,44.89,1.0,,0.0276,0.0207,41.311922,-105.581147,2022,8,24,3
West,Knight Hall,2022-08-24T04:00:00,20.0,20.0,,,,44.11,4.0,,0.0138,0.0138,41.311922,-105.581147,2022,8,24,4
West,Knight Hall,2022-08-24T05:00:00,40.0,30.0,,,,45.64999999999999,5.0,,0.0276,0.0207,41.311922,-105.581147,2022,8,24,5
West,Knight Hall,2022-08-24T06:00:00,20.0,30.0,,,,49.44,3.0,,0.0138,0.0207,41.311922,-105.581147,2022,8,24,6
West,Knight Hall,2022-08-24T07:00:00,50.0,50.0,,,,80.61999999999999,5.0,,0.034499999999999996,0.034499999999999996,41.311922,-105.581147,2022,8,24,7
West,Knight Hall,2022-08-24T08:00:00,70.0,70.0,,,,111.45,4.0,,0.048299999999999996,0.048299999999999996,41.311922,-105.581147,2022,8,24,8
West,Knight Hall,2022-08-24T09:00:00,80.0,80.0,,,,169.25,7.0,,0.0552,0.0552,41.311922,-105.581147,2022,8,24,9
West,Knight Hall,2022-08-24T10:00:00,70.0,80.0,,,,,6.0,,0.048299999999999996,0.0552,41.311922,-105.581147,2022,8,24,10
West,Knight Hall,2022-08-24T11:00:00,70.0,80.0,,,,160.97000000000003,8.0,,0.048299999999999996,0.0552,41.311922,-105.581147,2022,8,24,11
West,Knight Hall,2022-08-24T12:00:00,70.0,70.0,,,,137.3,8.0,,0.048299999999999996,0.048299999999999996,41.311922,-105.581147,2022,8,24,12
West,Knight Hall,2022-08-24T13:00:00,80.0,,,,,119.14,8.0,,0.0552,,41.311922,-105.581147,2022,8,24,13
West,Knight Hall,2022-08-24T14:00:00,70.0,60.0,,,,137.3,8.0,,0.048299999999999996,0.0414,41.311922,-105.581147,2022,8,24,14
West,Knight Hall,2022-08-24T15:00:00,70.0,70.0,,,,119.73000000000002,7.0,,0.048299999999999996,0.048299999999999996,41.311922,-105.581147,2022,8,24,15
West,Knight Hall,2022-08-24T16:00:00,70.0,70.0,,,,143.59,7.0,,0.048299999999999996,0.048299999999999996,41.311922,-105.581147,2022,8,24,16
West,Knight Hall,2022-08-24T17:00:00,50.0,50.0,,,,119.55,8.0,,0.034499999999999996,0.034499999999999996,41.311922,-105.581147,2022,8,24,17
West,Knight Hall,2022-08-24T18:00:00,50.0,40.0,,,,80.81,7.0,,0.034499999999999996,0.0276,41.311922,-105.581147,2022,8,24,18
West,Knight Hall,2022-08-24T19:00:00,30.0,40.0,,,,61.25,1.0,,0.0207,0.0276,41.311922,-105.581147,2022,8,24,19
West,Knight Hall,2022-08-24T20:00:00,40.0,30.0,,,,46.57,1.0,,0.0276,0.0207,41.311922,-105.581147,2022,8,24,20
West,Knight Hall,2022-08-24T21:00:00,30.0,40.0,,,,46.57,,,0.0207,0.0276,41.311922,-105.581147,2022,8,24,21
West,Knight Hall,2022-08-24T22:00:00,30.0,30.0,,,,66.34,1.0,,0.0207,0.0207,41.311922,-105.581147,2022,8,24,22
West,Knight Hall,2022-08-24T23:00:00,30.0,20.0,,,,43.7,,,0.0207,0.0138,41.311922,-105.581147,2022,8,24,23
West,Knight Hall,2022-08-25T00:00:00,30.0,30.0,,,,42.13,,,0.0207,0.0207,41.311922,-105.581147,2022,8,25,0
West,Knight Hall,2022-08-25T01:00:00,20.0,20.0,,,,42.970000000000006,1.0,,0.0138,0.0138,41.311922,-105.581147,2022,8,25,1
West,Knight Hall,2022-08-25T02:00:00,30.0,30.0,,,,42.13,,,0.0207,0.0207,41.311922,-105.581147,2022,8,25,2
West,Knight Hall,2022-08-25T03:00:00,30.0,30.0,,,,42.56,1.0,,0.0207,0.0207,41.311922,-105.581147,2022,8,25,3
West,Knight Hall,2022-08-25T04:00:00,30.0,20.0,,,,41.57,4.0,,0.0207,0.0138,41.311922,-105.581147,2022,8,25,4
West,Knight Hall,2022-08-25T05:00:00,40.0,30.0,,,,42.34,4.0,,0.0276,0.0207,41.311922,-105.581147,2022,8,25,5
West,Knight Hall,2022-08-25T06:00:00,30.0,30.0,,,,42.93000000000001,3.0,,0.0207,0.0207,41.311922,-105.581147,2022,8,25,6
West,Knight Hall,2022-08-25T07:00:00,60.0,50.0,,,,66.24,5.0,,0.0414,0.034499999999999996,41.311922,-105.581147,2022,8,25,7
West,Knight Hall,2022-08-25T08:00:00,60.0,70.0,,,,18.74,4.0,,0.0414,0.048299999999999996,41.311922,-105.581147,2022,8,25,8
West,Knight Hall,2022-08-25T09:00:00,80.0,70.0,,,,,6.0,,0.0552,0.048299999999999996,41.311922,-105.581147,2022,8,25,9
West,Knight Hall,2022-08-25T10:00:00,70.0,70.0,,,,,7.0,,0.048299999999999996,0.048299999999999996,41.311922,-105.581147,2022,8,25,10
West,Knight Hall,2022-08-25T11:00:00,80.0,80.0,,,,,8.0,,0.0552,0.0552,41.311922,-105.581147,2022,8,25,11
West,Knight Hall,2022-08-25T12:00:00,60.0,70.0,,,,99.65,7.0,,0.0414,0.048299999999999996,41.311922,-105.581147,2022,8,25,12
West,Knight Hall,2022-08-25T13:00:00,70.0,70.0,,,,110.31,7.0,,0.048299999999999996,0.048299999999999996,41.311922,-105.581147,2022,8,25,13
West,Knight Hall,2022-08-25T14:00:00,80.0,80.0,,,,129.97,8.0,,0.0552,0.0552,41.311922,-105.581147,2022,8,25,14
West,Knight Hall,2022-08-25T15:00:00,70.0,80.0,,,,100.32,7.0,,0.048299999999999996,0.0552,41.311922,-105.581147,2022,8,25,15
West,Knight Hall,2022-08-25T16:00:00,70.0,70.0,,,,,8.0,,0.048299999999999996,0.048299999999999996,41.311922,-105.581147,2022,8,25,16
West,Knight Hall,2022-08-25T17:00:00,50.0,60.0,,,,,8.0,,0.034499999999999996,0.0414,41.311922,-105.581147,2022,8,25,17
West,Knight Hall,2022-08-25T18:00:00,40.0,40.0,,,,,6.0,,0.0276,0.0276,41.311922,-105.581147,2022,8,25,18
West,Knight Hall,2022-08-25T19:00:00,50.0,30.0,,,,102.78,2.0,,0.034499999999999996,0.0207,41.311922,-105.581147,2022,8,25,19
West,Knight Hall,2022-08-25T20:00:00,20.0,40.0,,,,52.74,,,0.0138,0.0276,41.311922,-105.581147,2022,8,25,20
West,Knight Hall,2022-08-25T21:00:00,40.0,30.0,,,,95.1,1.0,,0.0276,0.0207,41.311922,-105.581147,2022,8,25,21
West,Knight Hall,2022-08-25T22:00:00,30.0,40.0,,,,44.72,,,0.0207,0.0276,41.311922,-105.581147,2022,8,25,22
West,Knight Hall,2022-08-25T23:00:00,30.0,20.0,,,,43.85,1.0,,0.0207,0.0138,41.311922,-105.581147,2022,8,25,23
West,Knight Hall,2022-08-26T00:00:00,20.0,30.0,,,,42.61,,,0.0138,0.0207,41.311922,-105.581147,2022,8,26,0
West,Knight Hall,2022-08-26T01:00:00,30.0,30.0,,,,43.44,,,0.0207,0.0207,41.311922,-105.581147,2022,8,26,1
West,Knight Hall,2022-08-26T02:00:00,30.0,20.0,,,,43.03,1.0,,0.0207,0.0138,41.311922,-105.581147,2022,8,26,2
West,Knight Hall,2022-08-26T03:00:00,30.0,30.0,,,,43.46999999999999,1.0,,0.0207,0.0207,41.311922,-105.581147,2022,8,26,3
West,Knight Hall,2022-08-26T04:00:00,30.0,30.0,,,,41.81,3.0,,0.0207,0.0207,41.311922,-105.581147,2022,8,26,4
West,Knight Hall,2022-08-26T05:00:00,30.0,30.0,,,,43.44,5.0,,0.0207,0.0207,41.311922,-105.581147,2022,8,26,5
West,Knight Hall,2022-08-26T06:00:00,30.0,30.0,,,,54.81,4.0,,0.0207,0.0207,41.311922,-105.581147,2022,8,26,6
West,Knight Hall,2022-08-26T07:00:00,50.0,40.0,,,,64.01,5.0,,0.034499999999999996,0.0276,41.311922,-105.581147,2022,8,26,7
West,Knight Hall,2022-08-26T08:00:00,70.0,70.0,,,,124.43,5.0,,0.048299999999999996,0.048299999999999996,41.311922,-105.581147,2022,8,26,8
West,Knight Hall,2022-08-26T09:00:00,80.0,80.0,,,,131.59,7.0,,0.0552,0.0552,41.311922,-105.581147,2022,8,26,9
West,Knight Hall,2022-08-26T10:00:00,70.0,70.0,,,,,6.0,,0.048299999999999996,0.048299999999999996,41.311922,-105.581147,2022,8,26,10
West,Knight Hall,2022-08-26T11:00:00,80.0,70.0,,,,,8.0,,0.0552,0.048299999999999996,41.311922,-105.581147,2022,8,26,11
West,Knight Hall,2022-08-26T12:00:00,70.0,70.0,,,,164.62,7.0,,0.048299999999999996,0.048299999999999996,41.311922,-105.581147,2022,8,26,12
West,Knight Hall,2022-08-26T13:00:00,80.0,70.0,,,,113.5,8.0,,0.0552,0.048299999999999996,41.311922,-105.581147,2022,8,26,13
West,Knight Hall,2022-08-26T14:00:00,60.0,70.0,,,,128.03,6.0,,0.0414,0.048299999999999996,41.311922,-105.581147,2022,8,26,14
West,Knight Hall,2022-08-26T15:00:00,70.0,,,,,135.92,6.0,,0.048299999999999996,,41.311922,-105.581147,2022,8,26,15
West,Knight Hall,2022-08-26T16:00:00,60.0,60.0,,,,147.32999999999998,6.0,,0.0414,0.0414,41.311922,-105.581147,2022,8,26,16
West,Knight Hall,2022-08-26T17:00:00,40.0,40.0,,,,116.73000000000002,7.0,,0.0276,0.0276,41.311922,-105.581147,2022,8,26,17
West,Knight Hall,2022-08-26T18:00:00,30.0,40.0,,,,65.72,5.0,,0.0207,0.0276,41.311922,-105.581147,2022,8,26,18
West,Knight Hall,2022-08-26T19:00:00,30.0,40.0,,,,83.94000000000001,1.0,,0.0207,0.0276,41.311922,-105.581147,2022,8,26,19
West,Knight Hall,2022-08-26T20:00:00,30.0,30.0,,,,145.34,1.0,,0.0207,0.0207,41.311922,-105.581147,2022,8,26,20
West,Knight Hall,2022-08-26T21:00:00,30.0,30.0,,,,58.02,,,0.0207,0.0207,41.311922,-105.581147,2022,8,26,21
West,Knight Hall,2022-08-26T22:00:00,30.0,30.0,,,,63.24,1.0,,0.0207,0.0207,41.311922,-105.581147,2022,8,26,22
West,Knight Hall,2022-08-26T23:00:00,20.0,30.0,,,,48.34,,,0.0138,0.0207,41.311922,-105.581147,2022,8,26,23
West,Knight Hall,2022-08-27T00:00:00,30.0,20.0,,,,50.21,,,0.0207,0.0138,41.311922,-105.581147,2022,8,27,0
West,Knight Hall,2022-08-27T01:00:00,20.0,30.0,,,,48.77,1.0,,0.0138,0.0207,41.311922,-105.581147,2022,8,27,1
West,Knight Hall,2022-08-27T02:00:00,20.0,20.0,,,,48.3,,,0.0138,0.0138,41.311922,-105.581147,2022,8,27,2
West,Knight Hall,2022-08-27T03:00:00,30.0,30.0,,,,49.53,1.0,,0.0207,0.0207,41.311922,-105.581147,2022,8,27,3
West,Knight Hall,2022-08-27T04:00:00,20.0,30.0,,,,47.99,,,0.0138,0.0207,41.311922,-105.581147,2022,8,27,4
West,Knight Hall,2022-08-27T05:00:00,30.0,20.0,,,,55.46,,,0.0207,0.0138,41.311922,-105.581147,2022,8,27,5
West,Knight Hall,2022-08-27T06:00:00,20.0,30.0,,,,48.38,1.0,,0.0138,0.0207,41.311922,-105.581147,2022,8,27,6
West,Knight Hall,2022-08-27T07:00:00,20.0,40.0,,,,94.37,,,0.0138,0.0276,41.311922,-105.581147,2022,8,27,7
West,Knight Hall,2022-08-27T08:00:00,30.0,70.0,,,,114.85,5.0,,0.0207,0.048299999999999996,41.311922,-105.581147,2022,8,27,8
West,Knight Hall,2022-08-27T09:00:00,30.0,80.0,,,,,7.0,,0.0207,0.0552,41.311922,-105.581147,2022,8,27,9
West,Knight Hall,2022-08-27T10:00:00,20.0,70.0,,,,155.64999999999998,6.0,,0.0138,0.048299999999999996,41.311922,-105.581147,2022,8,27,10
West,Knight Hall,2022-08-27T11:00:00,30.0,70.0,,,,165.87,8.0,,0.0207,0.048299999999999996,41.311922,-105.581147,2022,8,27,11
West,Knight Hall,2022-08-27T12:00:00,30.0,70.0,,,,155.73000000000002,7.0,,0.0207,0.048299999999999996,41.311922,-105.581147,2022,8,27,12
West,Knight Hall,2022-08-27T13:00:00,30.0,70.0,,,,152.82,7.0,,0.0207,0.048299999999999996,41.311922,-105.581147,2022,8,27,13
West,Knight Hall,2022-08-27T14:00:00,30.0,80.0,,,,129.45,7.0,,0.0207,0.0552,41.311922,-105.581147,2022,8,27,14
West,Knight Hall,2022-08-27T15:00:00,30.0,70.0,,,,,8.0,,0.0207,0.048299999999999996,41.311922,-105.581147,2022,8,27,15
West,Knight Hall,2022-08-27T16:00:00,20.0,70.0,,,,133.05,1.0,,0.0138,0.048299999999999996,41.311922,-105.581147,2022,8,27,16
West,Knight Hall,2022-08-27T17:00:00,40.0,50.0,,,,77.99,,,0.0276,0.034499999999999996,41.311922,-105.581147,2022,8,27,17
West,Knight Hall,2022-08-27T18:00:00,20.0,40.0,,,,66.9,1.0,,0.0138,0.0276,41.311922,-105.581147,2022,8,27,18
West,Knight Hall,2022-08-27T19:00:00,30.0,40.0,,,,66.28,,,0.0207,0.0276,41.311922,-105.581147,2022,8,27,19
West,Knight Hall,2022-08-27T20:00:00,20.0,30.0,,,,89.49999999999999,1.0,,0.0138,0.0207,41.311922,-105.581147,2022,8,27,20
West,Knight Hall,2022-08-27T21:00:00,30.0,40.0,,,,56.29,,,0.0207,0.0276,41.311922,-105.581147,2022,8,27,21
West,Knight Hall,2022-08-27T22:00:00,20.0,30.0,,,,51.49,1.0,,0.0138,0.0207,41.311922,-105.581147,2022,8,27,22
West,Knight Hall,2022-08-27T23:00:00,20.0,30.0,,,,46.81,,,0.0138,0.0207,41.311922,-105.581147,2022,8,27,23
West,Knight Hall,2022-08-28T00:00:00,30.0,20.0,,,,42.32,,,0.0207,0.0138,41.311922,-105.581147,2022,8,28,0
West,Knight Hall,2022-08-28T01:00:00,30.0,20.0,,,,41.48,1.0,,0.0207,0.0138,41.311922,-105.581147,2022,8,28,1
West,Knight Hall,2022-08-28T02:00:00,20.0,30.0,,,,43.190000000000005,,,0.0138,0.0207,41.311922,-105.581147,2022,8,28,2
West,Knight Hall,2022-08-28T03:00:00,20.0,20.0,,,,41.63,1.0,,0.0138,0.0138,41.311922,-105.581147,2022,8,28,3
West,Knight Hall,2022-08-28T04:00:00,20.0,30.0,,,,42.2,,,0.0138,0.0207,41.311922,-105.581147,2022,8,28,4
West,Knight Hall,2022-08-28T05:00:00,30.0,20.0,,,,43.45,,,0.0207,0.0138,41.311922,-105.581147,2022,8,28,5
West,Knight Hall,2022-08-28T06:00:00,20.0,30.0,,,,41.66,1.0,,0.0138,0.0207,41.311922,-105.581147,2022,8,28,6
West,Knight Hall,2022-08-28T07:00:00,30.0,20.0,,,,42.3,,,0.0207,0.0138,41.311922,-105.581147,2022,8,28,7
West,Knight Hall,2022-08-28T08:00:00,20.0,30.0,,,,47.93000000000001,5.0,,0.0138,0.0207,41.311922,-105.581147,2022,8,28,8
West,Knight Hall,2022-08-28T09:00:00,40.0,30.0,,,,43.55,7.0,,0.0276,0.0207,41.311922,-105.581147,2022,8,28,9
West,Knight Hall,2022-08-28T10:00:00,20.0,30.0,,,,41.76,6.0,,0.0138,0.0207,41.311922,-105.581147,2022,8,28,10
West,Knight Hall,2022-08-28T11:00:00,30.0,30.0,,,,43.03,7.0,,0.0207,0.0207,41.311922,-105.581147,2022,8,28,11
West,Knight Hall,2022-08-28T12:00:00,30.0,20.0,,,,41.870000000000005,8.0,,0.0207,0.0138,41.311922,-105.581147,2022,8,28,12
West,Knight Hall,2022-08-28T13:00:00,40.0,30.0,,,,41.61,8.0,,0.0276,0.0207,41.311922,-105.581147,2022,8,28,13
West,Knight Hall,2022-08-28T14:00:00,20.0,30.0,,,,42.93000000000001,7.0,,0.0138,0.0207,41.311922,-105.581147,2022,8,28,14
West,Knight Hall,2022-08-28T15:00:00,30.0,30.0,,,,42.54,8.0,,0.0207,0.0207,41.311922,-105.581147,2022,8,28,15
West,Knight Hall,2022-08-28T16:00:00,30.0,30.0,,,,42.41,2.0,,0.0207,0.0207,41.311922,-105.581147,2022,8,28,16
West,Knight Hall,2022-08-28T17:00:00,20.0,20.0,,,,41.51,,,0.0138,0.0138,41.311922,-105.581147,2022,8,28,17
West,Knight Hall,2022-08-28T18:00:00,30.0,30.0,,,,41.74,1.0,,0.0207,0.0207,41.311922,-105.581147,2022,8,28,18
West,Knight Hall,2022-08-28T19:00:00,30.0,30.0,,,,47.39,,,0.0207,0.0207,41.311922,-105.581147,2022,8,28,19
West,Knight Hall,2022-08-28T20:00:00,20.0,20.0,,,,41.81,1.0,,0.0138,0.0138,41.311922,-105.581147,2022,8,28,20
West,Knight Hall,2022-08-28T21:00:00,30.0,30.0,,,,42.0,,,0.0207,0.0207,41.311922,-105.581147,2022,8,28,21
West,Knight Hall,2022-08-28T22:00:00,30.0,20.0,,,,42.63,1.0,,0.0207,0.0138,41.311922,-105.581147,2022,8,28,22
West,Knight Hall,2022-08-28T23:00:00,20.0,30.0,,,,41.7,,,0.0138,0.0207,41.311922,-105.581147,2022,8,28,23
West,Knight Hall,2022-08-29T00:00:00,30.0,20.0,,,,41.55,1.0,,0.0207,0.0138,41.311922,-105.581147,2022,8,29,0
West,Knight Hall,2022-08-29T01:00:00,30.0,30.0,,,,42.54,,,0.0207,0.0207,41.311922,-105.581147,2022,8,29,1
West,Knight Hall,2022-08-29T02:00:00,20.0,20.0,,,,41.53,1.0,,0.0138,0.0138,41.311922,-105.581147,2022,8,29,2
West,Knight Hall,2022-08-29T03:00:00,20.0,30.0,,,,41.33,,,0.0138,0.0207,41.311922,-105.581147,2022,8,29,3
West,Knight Hall,2022-08-29T04:00:00,30.0,20.0,,,,42.28,4.0,,0.0207,0.0138,41.311922,-105.581147,2022,8,29,4
West,Knight Hall,2022-08-29T05:00:00,30.0,30.0,,,,41.29,5.0,,0.0207,0.0207,41.311922,-105.581147,2022,8,29,5
West,Knight Hall,2022-08-29T06:00:00,30.0,20.0,,,,41.31,4.0,,0.0207,0.0138,41.311922,-105.581147,2022,8,29,6
West,Knight Hall,2022-08-29T07:00:00,50.0,30.0,,,,42.24,4.0,,0.034499999999999996,0.0207,41.311922,-105.581147,2022,8,29,7
West,Knight Hall,2022-08-29T08:00:00,70.0,20.0,,,,41.59,5.0,,0.048299999999999996,0.0138,41.311922,-105.581147,2022,8,29,8
West,Knight Hall,2022-08-29T09:00:00,70.0,30.0,,,,41.27,6.0,,0.048299999999999996,0.0207,41.311922,-105.581147,2022,8,29,9
West,Knight Hall,2022-08-29T10:00:00,80.0,30.0,,,,42.5,7.0,,0.0552,0.0207,41.311922,-105.581147,2022,8,29,10
West,Knight Hall,2022-08-29T11:00:00,,40.0,,,,42.45,7.0,,,0.0276,41.311922,-105.581147,2022,8,29,11
West,Knight Hall,2022-08-29T12:00:00,60.0,30.0,,,,41.89,7.0,,0.0414,0.0207,41.311922,-105.581147,2022,8,29,12
West,Knight Hall,2022-08-29T13:00:00,70.0,30.0,,,,46.55,8.0,,0.048299999999999996,0.0207,41.311922,-105.581147,2022,8,29,13
West,Knight Hall,2022-08-29T14:00:00,70.0,30.0,,,,45.99,8.0,,0.048299999999999996,0.0207,41.311922,-105.581147,2022,8,29,14
West,Knight Hall,2022-08-29T15:00:00,70.0,30.0,,,,47.970000000000006,8.0,,0.048299999999999996,0.0207,41.311922,-105.581147,2022,8,29,15
West,Knight Hall,2022-08-29T16:00:00,70.0,30.0,,,,42.04,9.0,,0.048299999999999996,0.0207,41.311922,-105.581147,2022,8,29,16
West,Knight Hall,2022-08-29T17:00:00,40.0,20.0,,,,42.34,8.0,,0.0276,0.0138,41.311922,-105.581147,2022,8,29,17
West,Knight Hall,2022-08-29T18:00:00,40.0,30.0,,,,42.2,8.0,,0.0276,0.0207,41.311922,-105.581147,2022,8,29,18
West,Knight Hall,2022-08-29T19:00:00,30.0,20.0,,,,41.31,2.0,,0.0207,0.0138,41.311922,-105.581147,2022,8,29,19
West,Knight Hall,2022-08-29T20:00:00,30.0,30.0,,,,41.27,,,0.0207,0.0207,41.311922,-105.581147,2022,8,29,20
West,Knight Hall,2022-08-29T21:00:00,40.0,30.0,,,,42.19,1.0,,0.0276,0.0207,41.311922,-105.581147,2022,8,29,21
West,Knight Hall,2022-08-29T22:00:00,20.0,20.0,,,,42.43,,,0.0138,0.0138,41.311922,-105.581147,2022,8,29,22
West,Knight Hall,2022-08-29T23:00:00,30.0,30.0,,,,41.31,1.0,,0.0207,0.0207,41.311922,-105.581147,2022,8,29,23
West,Knight Hall,2022-08-30T00:00:00,20.0,20.0,,,,41.53000000000001,,,0.0138,0.0138,41.311922,-105.581147,2022,8,30,0
West,Knight Hall,2022-08-30T01:00:00,30.0,30.0,,,,41.57,1.0,,0.0207,0.0207,41.311922,-105.581147,2022,8,30,1
West,Knight Hall,2022-08-30T02:00:00,20.0,20.0,,,,41.46,,,0.0138,0.0138,41.311922,-105.581147,2022,8,30,2
West,Knight Hall,2022-08-30T03:00:00,30.0,30.0,,,,41.42,1.0,,0.0207,0.0207,41.311922,-105.581147,2022,8,30,3
West,Knight Hall,2022-08-30T04:00:00,20.0,30.0,,,,41.53000000000001,4.0,,0.0138,0.0207,41.311922,-105.581147,2022,8,30,4
West,Knight Hall,2022-08-30T05:00:00,30.0,20.0,,,,41.96,4.0,,0.0207,0.0138,41.311922,-105.581147,2022,8,30,5
West,Knight Hall,2022-08-30T06:00:00,30.0,30.0,,,,44.98,4.0,,0.0207,0.0207,41.311922,-105.581147,2022,8,30,6
West,Knight Hall,2022-08-30T07:00:00,50.0,50.0,,,,72.72,4.0,,0.034499999999999996,0.034499999999999996,41.311922,-105.581147,2022,8,30,7
West,Knight Hall,2022-08-30T08:00:00,70.0,60.0,,,,154.94,5.0,,0.048299999999999996,0.0414,41.311922,-105.581147,2022,8,30,8
West,Knight Hall,2022-08-30T09:00:00,70.0,80.0,,,,,8.0,,0.048299999999999996,0.0552,41.311922,-105.581147,2022,8,30,9
West,Knight Hall,2022-08-30T10:00:00,80.0,70.0,,,,163.91,6.0,,0.0552,0.048299999999999996,41.311922,-105.581147,2022,8,30,10
West,Knight Hall,2022-08-30T11:00:00,80.0,80.0,,,,156.9,8.0,,0.0552,0.0552,41.311922,-105.581147,2022,8,30,11
West,Knight Hall,2022-08-30T12:00:00,70.0,70.0,,,,134.82,8.0,,0.048299999999999996,0.048299999999999996,41.311922,-105.581147,2022,8,30,12
West,Knight Hall,2022-08-30T13:00:00,,80.0,,,,115.91,10.0,,,0.0552,41.311922,-105.581147,2022,8,30,13
West,Knight Hall,2022-08-30T14:00:00,60.0,70.0,,,,161.99,7.0,,0.0414,0.048299999999999996,41.311922,-105.581147,2022,8,30,14
West,Knight Hall,2022-08-30T15:00:00,80.0,70.0,,,,142.09000000000003,11.0,,0.0552,0.048299999999999996,41.311922,-105.581147,2022,8,30,15
West,Knight Hall,2022-08-30T16:00:00,70.0,70.0,,,,135.29000000000002,8.0,,0.048299999999999996,0.048299999999999996,41.311922,-105.581147,2022,8,30,16
West,Knight Hall,2022-08-30T17:00:00,50.0,50.0,,,,99.85,9.0,,0.034499999999999996,0.034499999999999996,41.311922,-105.581147,2022,8,30,17
West,Knight Hall,2022-08-30T18:00:00,40.0,40.0,,,,51.6,8.0,,0.0276,0.0276,41.311922,-105.581147,2022,8,30,18
West,Knight Hall,2022-08-30T19:00:00,40.0,40.0,,,,61.17,2.0,,0.0276,0.0276,41.311922,-105.581147,2022,8,30,19
West,Knight Hall,2022-08-30T20:00:00,30.0,30.0,,,,46.23,1.0,,0.0207,0.0207,41.311922,-105.581147,2022,8,30,20
West,Knight Hall,2022-08-30T21:00:00,30.0,30.0,,,,55.73,,,0.0207,0.0207,41.311922,-105.581147,2022,8,30,21
West,Knight Hall,2022-08-30T22:00:00,30.0,30.0,,,,47.09,,,0.0207,0.0207,41.311922,-105.581147,2022,8,30,22
West,Knight Hall,2022-08-30T23:00:00,30.0,30.0,,,,44.31,1.0,,0.0207,0.0207,41.311922,-105.581147,2022,8,30,23
West,Knight Hall,2022-08-31T00:00:00,20.0,20.0,,,,42.0,,,0.0138,0.0138,41.311922,-105.581147,2022,8,31,0
West,Knight Hall,2022-08-31T01:00:00,30.0,20.0,,,,42.95,1.0,,0.0207,0.0138,41.311922,-105.581147,2022,8,31,1
West,Knight Hall,2022-08-31T02:00:00,20.0,30.0,,,,42.69,,,0.0138,0.0207,41.311922,-105.581147,2022,8,31,2
West,Knight Hall,2022-08-31T03:00:00,40.0,30.0,,,,41.98,1.0,,0.0276,0.0207,41.311922,-105.581147,2022,8,31,3
West,Knight Hall,2022-08-31T04:00:00,20.0,20.0,,,,42.97,4.0,,0.0138,0.0138,41.311922,-105.581147,2022,8,31,4
West,Knight Hall,2022-08-31T05:00:00,30.0,30.0,,,,42.73,5.0,,0.0207,0.0207,41.311922,-105.581147,2022,8,31,5
West,Knight Hall,2022-08-31T06:00:00,30.0,30.0,,,,48.4,4.0,,0.0207,0.0207,41.311922,-105.581147,2022,8,31,6
West,Knight Hall,2022-08-31T07:00:00,40.0,40.0,,,,71.84,4.0,,0.0276,0.0276,41.311922,-105.581147,2022,8,31,7
West,Knight Hall,2022-08-31T08:00:00,80.0,70.0,,,,158.28,5.0,,0.0552,0.048299999999999996,41.311922,-105.581147,2022,8,31,8
West,Knight Hall,2022-08-31T09:00:00,70.0,70.0,,,,,7.0,,0.048299999999999996,0.048299999999999996,41.311922,-105.581147,2022,8,31,9
West,Knight Hall,2022-08-31T10:00:00,80.0,70.0,,,,,7.0,,0.0552,0.048299999999999996,41.311922,-105.581147,2022,8,31,10
West,Knight Hall,2022-08-31T11:00:00,70.0,,,,,161.86,8.0,,0.048299999999999996,,41.311922,-105.581147,2022,8,31,11
West,Knight Hall,2022-08-31T12:00:00,80.0,60.0,,,,137.39,8.0,,0.0552,0.0414,41.311922,-105.581147,2022,8,31,12
West,Knight Hall,2022-08-31T13:00:00,80.0,70.0,,,,138.23000000000002,9.0,,0.0552,0.048299999999999996,41.311922,-105.581147,2022,8,31,13
West,Knight Hall,2022-08-31T14:00:00,70.0,70.0,,,,,9.0,,0.048299999999999996,0.048299999999999996,41.311922,-105.581147,2022,8,31,14
West,Knight Hall,2022-08-31T15:00:00,80.0,,,,,,10.0,,0.0552,,41.311922,-105.581147,2022,8,31,15
West,Knight Hall,2022-08-31T16:00:00,70.0,60.0,,,,,10.0,,0.048299999999999996,0.0414,41.311922,-105.581147,2022,8,31,16
West,Knight Hall,2022-08-31T17:00:00,50.0,60.0,,,,,10.0,,0.034499999999999996,0.0414,41.311922,-105.581147,2022,8,31,17
West,Knight Hall,2022-08-31T18:00:00,40.0,40.0,,,,97.3,8.0,,0.0276,0.0276,41.311922,-105.581147,2022,8,31,18
West,Knight Hall,2022-08-31T19:00:00,40.0,40.0,,,,69.0,1.0,,0.0276,0.0276,41.311922,-105.581147,2022,8,31,19
West,Knight Hall,2022-08-31T20:00:00,30.0,20.0,,,,42.95,1.0,,0.0207,0.0138,41.311922,-105.581147,2022,8,31,20
West,Knight Hall,2022-08-31T21:00:00,40.0,40.0,,,,52.42,,,0.0276,0.0276,41.311922,-105.581147,2022,8,31,21
West,Knight Hall,2022-08-31T22:00:00,20.0,30.0,,,,49.12,1.0,,0.0138,0.0207,41.311922,-105.581147,2022,8,31,22
West,Knight Hall,2022-08-31T23:00:00,30.0,30.0,,,,60.87,,,0.0207,0.0207,41.311922,-105.581147,2022,8,31,23
West,Knight Hall,2022-09-01T00:00:00,20.0,30.0,,,,42.07,1.0,,0.0138,0.0207,41.311922,-105.581147,2022,9,1,0
West,Knight Hall,2022-09-01T01:00:00,30.0,20.0,,,,41.63,,,0.0207,0.0138,41.311922,-105.581147,2022,9,1,1
West,Knight Hall,2022-09-01T02:00:00,30.0,30.0,,,,41.81,1.0,,0.0207,0.0207,41.311922,-105.581147,2022,9,1,2
West,Knight Hall,2022-09-01T03:00:00,30.0,20.0,,,,42.04,,,0.0207,0.0138,41.311922,-105.581147,2022,9,1,3
West,Knight Hall,2022-09-01T04:00:00,20.0,30.0,,,,41.53,4.0,,0.0138,0.0207,41.311922,-105.581147,2022,9,1,4
West,Knight Hall,2022-09-01T05:00:00,30.0,30.0,,,,45.43,5.0,,0.0207,0.0207,41.311922,-105.581147,2022,9,1,5
West,Knight Hall,2022-09-01T06:00:00,30.0,20.0,,,,44.22,4.0,,0.0207,0.0138,41.311922,-105.581147,2022,9,1,6
West,Knight Hall,2022-09-01T07:00:00,40.0,60.0,,,,70.52,4.0,,0.0276,0.0414,41.311922,-105.581147,2022,9,1,7
West,Knight Hall,2022-09-01T08:00:00,80.0,50.0,,,,128.29,5.0,,0.0552,0.034499999999999996,41.311922,-105.581147,2022,9,1,8
West,Knight Hall,2022-09-01T09:00:00,70.0,80.0,,,,168.0,7.0,,0.048299999999999996,0.0552,41.311922,-105.581147,2022,9,1,9
West,Knight Hall,2022-09-01T10:00:00,70.0,70.0,,,,166.69,7.0,,0.048299999999999996,0.048299999999999996,41.311922,-105.581147,2022,9,1,10
West,Knight Hall,2022-09-01T11:00:00,,,,,,,8.0,,,,41.311922,-105.581147,2022,9,1,11
West,Knight Hall,2022-09-01T12:00:00,60.0,60.0,,,,,8.0,,0.0414,0.0414,41.311922,-105.581147,2022,9,1,12
West,Knight Hall,2022-09-01T13:00:00,70.0,80.0,,,,,9.0,,0.048299999999999996,0.0552,41.311922,-105.581147,2022,9,1,13
West,Knight Hall,2022-09-01T14:00:00,70.0,70.0,,,,,8.0,,0.048299999999999996,0.048299999999999996,41.311922,-105.581147,2022,9,1,14
West,Knight Hall,2022-09-01T15:00:00,80.0,70.0,,,,,9.0,,0.0552,0.048299999999999996,41.311922,-105.581147,2022,9,1,15
West,Knight Hall,2022-09-01T16:00:00,60.0,70.0,,,,,9.0,,0.0414,0.048299999999999996,41.311922,-105.581147,2022,9,1,16
West,Knight Hall,2022-09-01T17:00:00,60.0,50.0,,,,140.34,10.0,,0.0414,0.034499999999999996,41.311922,-105.581147,2022,9,1,17
West,Knight Hall,2022-09-01T18:00:00,30.0,40.0,,,,69.64,7.0,,0.0207,0.0276,41.311922,-105.581147,2022,9,1,18
West,Knight Hall,2022-09-01T19:00:00,40.0,30.0,,,,63.61,2.0,,0.0276,0.0207,41.311922,-105.581147,2022,9,1,19
West,Knight Hall,2022-09-01T20:00:00,30.0,40.0,,,,153.94,1.0,,0.0207,0.0276,41.311922,-105.581147,2022,9,1,20
West,Knight Hall,2022-09-01T21:00:00,30.0,40.0,,,,54.7,,,0.0207,0.0276,41.311922,-105.581147,2022,9,1,21
West,Knight Hall,2022-09-01T22:00:00,30.0,20.0,,,,61.49,1.0,,0.0207,0.0138,41.311922,-105.581147,2022,9,1,22
West,Knight Hall,2022-09-01T23:00:00,30.0,30.0,,,,51.47,,,0.0207,0.0207,41.311922,-105.581147,2022,9,1,23
West,Knight Hall,2022-09-02T00:00:00,20.0,30.0,,,,49.78,,,0.0138,0.0207,41.311922,-105.581147,2022,9,2,0
West,Knight Hall,2022-09-02T01:00:00,30.0,30.0,,,,51.4,1.0,,0.0207,0.0207,41.311922,-105.581147,2022,9,2,1
West,Knight Hall,2022-09-02T02:00:00,20.0,20.0,,,,50.43,,,0.0138,0.0138,41.311922,-105.581147,2022,9,2,2
West,Knight Hall,2022-09-02T03:00:00,30.0,30.0,,,,52.05,1.0,,0.0207,0.0207,41.311922,-105.581147,2022,9,2,3
West,Knight Hall,2022-09-02T04:00:00,30.0,20.0,,,,50.02,5.0,,0.0207,0.0138,41.311922,-105.581147,2022,9,2,4
West,Knight Hall,2022-09-02T05:00:00,20.0,30.0,,,,49.76,5.0,,0.0138,0.0207,41.311922,-105.581147,2022,9,2,5
West,Knight Hall,2022-09-02T06:00:00,40.0,30.0,,,,54.2,5.0,,0.0276,0.0207,41.311922,-105.581147,2022,9,2,6
West,Knight Hall,2022-09-02T07:00:00,40.0,40.0,,,,70.87,5.0,,0.0276,0.0276,41.311922,-105.581147,2022,9,2,7
West,Knight Hall,2022-09-02T08:00:00,70.0,60.0,,,,144.90999999999997,5.0,,0.048299999999999996,0.0414,41.311922,-105.581147,2022,9,2,8
West,Knight Hall,2022-09-02T09:00:00,,70.0,,,,155.64999999999998,7.0,,,0.048299999999999996,41.311922,-105.581147,2022,9,2,9
West,Knight Hall,2022-09-02T10:00:00,60.0,70.0,,,,,6.0,,0.0414,0.048299999999999996,41.311922,-105.581147,2022,9,2,10
West,Knight Hall,2022-09-02T11:00:00,80.0,70.0,,,,131.78,8.0,,0.0552,0.048299999999999996,41.311922,-105.581147,2022,9,2,11
West,Knight Hall,2022-09-02T12:00:00,60.0,70.0,,,,150.3,8.0,,0.0414,0.048299999999999996,41.311922,-105.581147,2022,9,2,12
West,Knight Hall,2022-09-02T13:00:00,80.0,70.0,,,,134.41,10.0,,0.0552,0.048299999999999996,41.311922,-105.581147,2022,9,2,13
West,Knight Hall,2022-09-02T14:00:00,60.0,70.0,,,,126.46,8.0,,0.0414,0.048299999999999996,41.311922,-105.581147,2022,9,2,14
West,Knight Hall,2022-09-02T15:00:00,70.0,70.0,,,,151.93999999999997,10.0,,0.048299999999999996,0.048299999999999996,41.311922,-105.581147,2022,9,2,15
West,Knight Hall,2022-09-02T16:00:00,60.0,70.0,,,,123.0,10.0,,0.0414,0.048299999999999996,41.311922,-105.581147,2022,9,2,16
West,Knight Hall,2022-09-02T17:00:00,50.0,40.0,,,,115.26,10.0,,0.034499999999999996,0.0276,41.311922,-105.581147,2022,9,2,17
West,Knight Hall,2022-09-02T18:00:00,30.0,40.0,,,,64.19,8.0,,0.0207,0.0276,41.311922,-105.581147,2022,9,2,18
West,Knight Hall,2022-09-02T19:00:00,40.0,40.0,,,,76.17,1.0,,0.0276,0.0276,41.311922,-105.581147,2022,9,2,19
West,Knight Hall,2022-09-02T20:00:00,30.0,30.0,,,,134.93,1.0,,0.0207,0.0207,41.311922,-105.581147,2022,9,2,20
West,Knight Hall,2022-09-02T21:00:00,30.0,30.0,,,,50.970000000000006,,,0.0207,0.0207,41.311922,-105.581147,2022,9,2,21
West,Knight Hall,2022-09-02T22:00:00,20.0,30.0,,,,65.54,1.0,,0.0138,0.0207,41.311922,-105.581147,2022,9,2,22
West,Knight Hall,2022-09-02T23:00:00,30.0,20.0,,,,43.01,,,0.0207,0.0138,41.311922,-105.581147,2022,9,2,23
West,Knight Hall,2022-09-03T00:00:00,20.0,30.0,,,,42.81999999999999,1.0,,0.0138,0.0207,41.311922,-105.581147,2022,9,3,0
West,Knight Hall,2022-09-03T01:00:00,30.0,20.0,,,,43.12,,,0.0207,0.0138,41.311922,-105.581147,2022,9,3,1
West,Knight Hall,2022-09-03T02:00:00,20.0,30.0,,,,42.15,,,0.0138,0.0207,41.311922,-105.581147,2022,9,3,2
West,Knight Hall,2022-09-03T03:00:00,30.0,20.0,,,,43.790000000000006,1.0,,0.0207,0.0138,41.311922,-105.581147,2022,9,3,3
West,Knight Hall,2022-09-03T04:00:00,20.0,30.0,,,,41.76,,,0.0138,0.0207,41.311922,-105.581147,2022,9,3,4
West,Knight Hall,2022-09-03T05:00:00,30.0,30.0,,,,47.28,1.0,,0.0207,0.0207,41.311922,-105.581147,2022,9,3,5
West,Knight Hall,2022-09-03T06:00:00,20.0,30.0,,,,44.09,,,0.0138,0.0207,41.311922,-105.581147,2022,9,3,6
West,Knight Hall,2022-09-03T07:00:00,30.0,50.0,,,,78.35,1.0,,0.0207,0.034499999999999996,41.311922,-105.581147,2022,9,3,7
West,Knight Hall,2022-09-03T08:00:00,20.0,50.0,,,,121.21,5.0,,0.0138,0.034499999999999996,41.311922,-105.581147,2022,9,3,8
West,Knight Hall,2022-09-03T09:00:00,40.0,80.0,,,,159.02999999999997,7.0,,0.0276,0.0552,41.311922,-105.581147,2022,9,3,9
West,Knight Hall,2022-09-03T10:00:00,30.0,60.0,,,,,7.0,,0.0207,0.0414,41.311922,-105.581147,2022,9,3,10
West,Knight Hall,2022-09-03T11:00:00,30.0,,,,,169.1,8.0,,0.0207,,41.311922,-105.581147,2022,9,3,11
West,Knight Hall,2022-09-03T12:00:00,30.0,50.0,,,,124.58,8.0,,0.0207,0.034499999999999996,41.311922,-105.581147,2022,9,3,12
West,Knight Hall,2022-09-03T13:00:00,40.0,70.0,,,,116.13,8.0,,0.0276,0.048299999999999996,41.311922,-105.581147,2022,9,3,13
West,Knight Hall,2022-09-03T14:00:00,30.0,60.0,,,,90.55,8.0,,0.0207,0.0414,41.311922,-105.581147,2022,9,3,14
West,Knight Hall,2022-09-03T15:00:00,30.0,70.0,,,,119.53,10.0,,0.0207,0.048299999999999996,41.311922,-105.581147,2022,9,3,15
West,Knight Hall,2022-09-03T16:00:00,20.0,70.0,,,,117.89,1.0,,0.0138,0.048299999999999996,41.311922,-105.581147,2022,9,3,16
West,Knight Hall,2022-09-03T17:00:00,30.0,50.0,,,,87.92999999999999,1.0,,0.0207,0.034499999999999996,41.311922,-105.581147,2022,9,3,17
West,Knight Hall,2022-09-03T18:00:00,30.0,30.0,,,,90.47,,,0.0207,0.0207,41.311922,-105.581147,2022,9,3,18
West,Knight Hall,2022-09-03T19:00:00,20.0,30.0,,,,66.36,1.0,,0.0138,0.0207,41.311922,-105.581147,2022,9,3,19
West,Knight Hall,2022-09-03T20:00:00,30.0,30.0,,,,43.19,1.0,,0.0207,0.0207,41.311922,-105.581147,2022,9,3,20
West,Knight Hall,2022-09-03T21:00:00,20.0,40.0,,,,51.7,,,0.0138,0.0276,41.311922,-105.581147,2022,9,3,21
West,Knight Hall,2022-09-03T22:00:00,30.0,30.0,,,,80.81,1.0,,0.0207,0.0207,41.311922,-105.581147,2022,9,3,22
West,Knight Hall,2022-09-03T23:00:00,30.0,30.0,,,,42.69,,,0.0207,0.0207,41.311922,-105.581147,2022,9,3,23
West,Knight Hall,2022-09-04T00:00:00,20.0,20.0,,,,,1.0,,0.0138,0.0138,41.311922,-105.581147,2022,9,4,0
West,Knight Hall,2022-09-04T01:00:00,20.0,20.0,,,,,,,0.0138,0.0138,41.311922,-105.581147,2022,9,4,1
West,Knight Hall,2022-09-04T02:00:00,30.0,30.0,,,,,,,0.0207,0.0207,41.311922,-105.581147,2022,9,4,2
West,Knight Hall,2022-09-04T03:00:00,30.0,20.0,,,,,1.0,,0.0207,0.0138,41.311922,-105.581147,2022,9,4,3
West,Knight Hall,2022-09-04T04:00:00,20.0,30.0,,,,,,,0.0138,0.0207,41.311922,-105.581147,2022,9,4,4
West,Knight Hall,2022-09-04T05:00:00,20.0,20.0,,,,,1.0,,0.0138,0.0138,41.311922,-105.581147,2022,9,4,5
West,Knight Hall,2022-09-04T06:00:00,20.0,20.0,,,,,,,0.0138,0.0138,41.311922,-105.581147,2022,9,4,6
West,Knight Hall,2022-09-04T07:00:00,40.0,30.0,,,,,1.0,,0.0276,0.0207,41.311922,-105.581147,2022,9,4,7
West,Knight Hall,2022-09-04T08:00:00,20.0,30.0,,,,,6.0,,0.0138,0.0207,41.311922,-105.581147,2022,9,4,8
West,Knight Hall,2022-09-04T09:00:00,40.0,30.0,,,,,9.0,,0.0276,0.0207,41.311922,-105.581147,2022,9,4,9
West,Knight Hall,2022-09-04T10:00:00,20.0,20.0,,,,,6.0,,0.0138,0.0138,41.311922,-105.581147,2022,9,4,10
West,Knight Hall,2022-09-04T11:00:00,40.0,30.0,,,,,10.0,,0.0276,0.0207,41.311922,-105.581147,2022,9,4,11
West,Knight Hall,2022-09-04T12:00:00,20.0,30.0,,,,,6.0,,0.0138,0.0207,41.311922,-105.581147,2022,9,4,12
West,Knight Hall,2022-09-04T13:00:00,30.0,30.0,,,,,10.0,,0.0207,0.0207,41.311922,-105.581147,2022,9,4,13
West,Knight Hall,2022-09-04T14:00:00,40.0,30.0,,,,,7.0,,0.0276,0.0207,41.311922,-105.581147,2022,9,4,14
West,Knight Hall,2022-09-04T15:00:00,40.0,30.0,,,,,10.0,,0.0276,0.0207,41.311922,-105.581147,2022,9,4,15
West,Knight Hall,2022-09-04T16:00:00,20.0,20.0,,,,,,,0.0138,0.0138,41.311922,-105.581147,2022,9,4,16
West,Knight Hall,2022-09-04T17:00:00,30.0,30.0,,,,,1.0,,0.0207,0.0207,41.311922,-105.581147,2022,9,4,17
West,Knight Hall,2022-09-04T18:00:00,30.0,30.0,,,,,1.0,,0.0207,0.0207,41.311922,-105.581147,2022,9,4,18
West,Knight Hall,2022-09-04T19:00:00,30.0,20.0,,,,,,,0.0207,0.0138,41.311922,-105.581147,2022,9,4,19
West,Knight Hall,2022-09-04T20:00:00,20.0,30.0,,,,,1.0,,0.0138,0.0207,41.311922,-105.581147,2022,9,4,20
West,Knight Hall,2022-09-04T21:00:00,30.0,20.0,,,,,,,0.0207,0.0138,41.311922,-105.581147,2022,9,4,21
West,Knight Hall,2022-09-04T22:00:00,20.0,30.0,,,,,1.0,,0.0138,0.0207,41.311922,-105.581147,2022,9,4,22
West,Knight Hall,2022-09-04T23:00:00,30.0,30.0,,,,,,,0.0207,0.0207,41.311922,-105.581147,2022,9,4,23
West,Knight Hall,2022-09-05T00:00:00,20.0,20.0,,,,43.21,1.0,,0.0138,0.0138,41.311922,-105.581147,2022,9,5,0
West,Knight Hall,2022-09-05T01:00:00,30.0,30.0,,,,42.26,,,0.0207,0.0207,41.311922,-105.581147,2022,9,5,1
West,Knight Hall,2022-09-05T02:00:00,20.0,20.0,,,,43.12,1.0,,0.0138,0.0138,41.311922,-105.581147,2022,9,5,2
West,Knight Hall,2022-09-05T03:00:00,30.0,30.0,,,,42.32,1.0,,0.0207,0.0207,41.311922,-105.581147,2022,9,5,3
West,Knight Hall,2022-09-05T04:00:00,20.0,20.0,,,,42.17,5.0,,0.0138,0.0138,41.311922,-105.581147,2022,9,5,4
West,Knight Hall,2022-09-05T05:00:00,30.0,30.0,,,,43.08,7.0,,0.0207,0.0207,41.311922,-105.581147,2022,9,5,5
West,Knight Hall,2022-09-05T06:00:00,20.0,30.0,,,,42.28,4.0,,0.0138,0.0207,41.311922,-105.581147,2022,9,5,6
West,Knight Hall,2022-09-05T07:00:00,40.0,20.0,,,,42.220000000000006,5.0,,0.0276,0.0138,41.311922,-105.581147,2022,9,5,7
West,Knight Hall,2022-09-05T08:00:00,20.0,30.0,,,,43.06,5.0,,0.0138,0.0207,41.311922,-105.581147,2022,9,5,8
West,Knight Hall,2022-09-05T09:00:00,30.0,30.0,,,,42.6,8.0,,0.0207,0.0207,41.311922,-105.581147,2022,9,5,9
West,Knight Hall,2022-09-05T10:00:00,20.0,20.0,,,,42.84,6.0,,0.0138,0.0138,41.311922,-105.581147,2022,9,5,10
West,Knight Hall,2022-09-05T11:00:00,40.0,30.0,,,,42.74999999999999,9.0,,0.0276,0.0207,41.311922,-105.581147,2022,9,5,11
West,Knight Hall,2022-09-05T12:00:00,20.0,30.0,,,,42.35,7.0,,0.0138,0.0207,41.311922,-105.581147,2022,9,5,12
West,Knight Hall,2022-09-05T13:00:00,30.0,30.0,,,,42.41,9.0,,0.0207,0.0207,41.311922,-105.581147,2022,9,5,13
West,Knight Hall,2022-09-05T14:00:00,30.0,30.0,,,,43.77,6.0,,0.0207,0.0207,41.311922,-105.581147,2022,9,5,14
West,Knight Hall,2022-09-05T15:00:00,30.0,30.0,,,,43.830000000000005,10.0,,0.0207,0.0207,41.311922,-105.581147,2022,9,5,15
West,Knight Hall,2022-09-05T16:00:00,30.0,20.0,,,,42.690000000000005,7.0,,0.0207,0.0138,41.311922,-105.581147,2022,9,5,16
West,Knight Hall,2022-09-05T17:00:00,30.0,30.0,,,,43.36,9.0,,0.0207,0.0207,41.311922,-105.581147,2022,9,5,17
West,Knight Hall,2022-09-05T18:00:00,20.0,20.0,,,,42.8,6.0,,0.0138,0.0138,41.311922,-105.581147,2022,9,5,18
West,Knight Hall,2022-09-05T19:00:00,30.0,30.0,,,,46.01,2.0,,0.0207,0.0207,41.311922,-105.581147,2022,9,5,19
West,Knight Hall,2022-09-05T20:00:00,30.0,20.0,,,,43.42,1.0,,0.0207,0.0138,41.311922,-105.581147,2022,9,5,20
West,Knight Hall,2022-09-05T21:00:00,20.0,30.0,,,,42.24,,,0.0138,0.0207,41.311922,-105.581147,2022,9,5,21
West,Knight Hall,2022-09-05T22:00:00,30.0,20.0,,,,42.58,1.0,,0.0207,0.0138,41.311922,-105.581147,2022,9,5,22
West,Knight Hall,2022-09-05T23:00:00,20.0,30.0,,,,42.95,,,0.0138,0.0207,41.311922,-105.581147,2022,9,5,23
West,Knight Hall,2022-09-06T00:00:00,20.0,20.0,,,,42.45,1.0,,0.0138,0.0138,41.311922,-105.581147,2022,9,6,0
West,Knight Hall,2022-09-06T01:00:00,30.0,30.0,,,,43.57,,,0.0207,0.0207,41.311922,-105.581147,2022,9,6,1
West,Knight Hall,2022-09-06T02:00:00,20.0,20.0,,,,42.48,1.0,,0.0138,0.0138,41.311922,-105.581147,2022,9,6,2
West,Knight Hall,2022-09-06T03:00:00,30.0,30.0,,,,42.46999999999999,1.0,,0.0207,0.0207,41.311922,-105.581147,2022,9,6,3
West,Knight Hall,2022-09-06T04:00:00,20.0,30.0,,,,42.88,5.0,,0.0138,0.0207,41.311922,-105.581147,2022,9,6,4
West,Knight Hall,2022-09-06T05:00:00,40.0,20.0,,,,42.76,5.0,,0.0276,0.0138,41.311922,-105.581147,2022,9,6,5
West,Knight Hall,2022-09-06T06:00:00,20.0,30.0,,,,43.08,4.0,,0.0138,0.0207,41.311922,-105.581147,2022,9,6,6
West,Knight Hall,2022-09-06T07:00:00,60.0,30.0,,,,42.75,5.0,,0.0414,0.0207,41.311922,-105.581147,2022,9,6,7
West,Knight Hall,2022-09-06T08:00:00,60.0,20.0,,,,42.32,4.0,,0.0414,0.0138,41.311922,-105.581147,2022,9,6,8
West,Knight Hall,2022-09-06T09:00:00,80.0,30.0,,,,42.58,8.0,,0.0552,0.0207,41.311922,-105.581147,2022,9,6,9
West,Knight Hall,2022-09-06T10:00:00,60.0,40.0,,,,42.56,6.0,,0.0414,0.0276,41.311922,-105.581147,2022,9,6,10
West,Knight Hall,2022-09-06T11:00:00,,30.0,,,,43.01,8.0,,,0.0207,41.311922,-105.581147,2022,9,6,11
West,Knight Hall,2022-09-06T12:00:00,60.0,30.0,,,,43.62,7.0,,0.0414,0.0207,41.311922,-105.581147,2022,9,6,12
West,Knight Hall,2022-09-06T13:00:00,,30.0,,,,42.78,9.0,,,0.0207,41.311922,-105.581147,2022,9,6,13
West,Knight Hall,2022-09-06T14:00:00,60.0,30.0,,,,42.8,9.0,,0.0414,0.0207,41.311922,-105.581147,2022,9,6,14
West,Knight Hall,2022-09-06T15:00:00,80.0,20.0,,,,42.3,11.0,,0.0552,0.0138,41.311922,-105.581147,2022,9,6,15
West,Knight Hall,2022-09-06T16:00:00,70.0,30.0,,,,42.73,7.0,,0.048299999999999996,0.0207,41.311922,-105.581147,2022,9,6,16
West,Knight Hall,2022-09-06T17:00:00,50.0,40.0,,,,41.96,10.0,,0.034499999999999996,0.0276,41.311922,-105.581147,2022,9,6,17
West,Knight Hall,2022-09-06T18:00:00,30.0,30.0,,,,45.67,8.0,,0.0207,0.0207,41.311922,-105.581147,2022,9,6,18
West,Knight Hall,2022-09-06T19:00:00,40.0,20.0,,,,43.17,2.0,,0.0276,0.0138,41.311922,-105.581147,2022,9,6,19
West,Knight Hall,2022-09-06T20:00:00,30.0,30.0,,,,46.31,,,0.0207,0.0207,41.311922,-105.581147,2022,9,6,20
West,Knight Hall,2022-09-06T21:00:00,40.0,20.0,,,,43.14,1.0,,0.0276,0.0138,41.311922,-105.581147,2022,9,6,21
West,Knight Hall,2022-09-06T22:00:00,20.0,30.0,,,,43.25,1.0,,0.0138,0.0207,41.311922,-105.581147,2022,9,6,22
West,Knight Hall,2022-09-06T23:00:00,40.0,20.0,,,,43.14,1.0,,0.0276,0.0138,41.311922,-105.581147,2022,9,6,23
West,Knight Hall,2022-09-07T00:00:00,20.0,30.0,,,,43.17,,,0.0138,0.0207,41.311922,-105.581147,2022,9,7,0
West,Knight Hall,2022-09-07T01:00:00,20.0,20.0,,,,42.24,1.0,,0.0138,0.0138,41.311922,-105.581147,2022,9,7,1
West,Knight Hall,2022-09-07T02:00:00,30.0,30.0,,,,43.1,,,0.0207,0.0207,41.311922,-105.581147,2022,9,7,2
West,Knight Hall,2022-09-07T03:00:00,20.0,20.0,,,,44.64999999999999,1.0,,0.0138,0.0138,41.311922,-105.581147,2022,9,7,3
West,Knight Hall,2022-09-07T04:00:00,30.0,30.0,,,,43.03,5.0,,0.0207,0.0207,41.311922,-105.581147,2022,9,7,4
West,Knight Hall,2022-09-07T05:00:00,30.0,30.0,,,,45.41,5.0,,0.0207,0.0207,41.311922,-105.581147,2022,9,7,5
West,Knight Hall,2022-09-07T06:00:00,30.0,20.0,,,,47.3,5.0,,0.0207,0.0138,41.311922,-105.581147,2022,9,7,6
West,Knight Hall,2022-09-07T07:00:00,40.0,40.0,,,,74.69,4.0,,0.0276,0.0276,41.311922,-105.581147,2022,9,7,7
West,Knight Hall,2022-09-07T08:00:00,70.0,70.0,,,,142.06000000000003,5.0,,0.048299999999999996,0.048299999999999996,41.311922,-105.581147,2022,9,7,8
West,Knight Hall,2022-09-07T09:00:00,70.0,70.0,,,,,6.0,,0.048299999999999996,0.048299999999999996,41.311922,-105.581147,2022,9,7,9
West,Knight Hall,2022-09-07T10:00:00,80.0,70.0,,,,,8.0,,0.0552,0.048299999999999996,41.311922,-105.581147,2022,9,7,10
West,Knight Hall,2022-09-07T11:00:00,70.0,70.0,,,,151.42000000000002,8.0,,0.048299999999999996,0.048299999999999996,41.311922,-105.581147,2022,9,7,11
West,Knight Hall,2022-09-07T12:00:00,70.0,70.0,,,,138.16,8.0,,0.048299999999999996,0.048299999999999996,41.311922,-105.581147,2022,9,7,12
West,Knight Hall,2022-09-07T13:00:00,80.0,70.0,,,,,9.0,,0.0552,0.048299999999999996,41.311922,-105.581147,2022,9,7,13
West,Knight Hall,2022-09-07T14:00:00,80.0,70.0,,,,135.88,9.0,,0.0552,0.048299999999999996,41.311922,-105.581147,2022,9,7,14
West,Knight Hall,2022-09-07T15:00:00,80.0,70.0,,,,,9.0,,0.0552,0.048299999999999996,41.311922,-105.581147,2022,9,7,15
West,Knight Hall,2022-09-07T16:00:00,70.0,70.0,,,,136.61,10.0,,0.048299999999999996,0.048299999999999996,41.311922,-105.581147,2022,9,7,16
West,Knight Hall,2022-09-07T17:00:00,50.0,50.0,,,,112.44,9.0,,0.034499999999999996,0.034499999999999996,41.311922,-105.581147,2022,9,7,17
West,Knight Hall,2022-09-07T18:00:00,40.0,40.0,,,,98.9,9.0,,0.0276,0.0276,41.311922,-105.581147,2022,9,7,18
West,Knight Hall,2022-09-07T19:00:00,40.0,30.0,,,,56.15,2.0,,0.0276,0.0207,41.311922,-105.581147,2022,9,7,19
West,Knight Hall,2022-09-07T20:00:00,30.0,30.0,,,,56.77,,,0.0207,0.0207,41.311922,-105.581147,2022,9,7,20
West,Knight Hall,2022-09-07T21:00:00,30.0,30.0,,,,44.370000000000005,1.0,,0.0207,0.0207,41.311922,-105.581147,2022,9,7,21
West,Knight Hall,2022-09-07T22:00:00,40.0,30.0,,,,64.98,,,0.0276,0.0207,41.311922,-105.581147,2022,9,7,22
West,Knight Hall,2022-09-07T23:00:00,20.0,30.0,,,,44.57,1.0,,0.0138,0.0207,41.311922,-105.581147,2022,9,7,23
West,Knight Hall,2022-09-08T00:00:00,30.0,20.0,,,,43.34,,,0.0207,0.0138,41.311922,-105.581147,2022,9,8,0
West,Knight Hall,2022-09-08T01:00:00,30.0,30.0,,,,43.32,1.0,,0.0207,0.0207,41.311922,-105.581147,2022,9,8,1
West,Knight Hall,2022-09-08T02:00:00,30.0,20.0,,,,44.27,,,0.0207,0.0138,41.311922,-105.581147,2022,9,8,2
West,Knight Hall,2022-09-08T03:00:00,30.0,30.0,,,,43.25000000000001,1.0,,0.0207,0.0207,41.311922,-105.581147,2022,9,8,3
West,Knight Hall,2022-09-08T04:00:00,20.0,20.0,,,,44.0,5.0,,0.0138,0.0138,41.311922,-105.581147,2022,9,8,4
West,Knight Hall,2022-09-08T05:00:00,40.0,30.0,,,,47.52,6.0,,0.0276,0.0207,41.311922,-105.581147,2022,9,8,5
West,Knight Hall,2022-09-08T06:00:00,30.0,30.0,,,,43.34,5.0,,0.0207,0.0207,41.311922,-105.581147,2022,9,8,6
West,Knight Hall,2022-09-08T07:00:00,50.0,50.0,,,,63.95,6.0,,0.034499999999999996,0.034499999999999996,41.311922,-105.581147,2022,9,8,7
West,Knight Hall,2022-09-08T08:00:00,60.0,60.0,,,,124.21,5.0,,0.0414,0.0414,41.311922,-105.581147,2022,9,8,8
West,Knight Hall,2022-09-08T09:00:00,80.0,70.0,,,,,8.0,,0.0552,0.048299999999999996,41.311922,-105.581147,2022,9,8,9
West,Knight Hall,2022-09-08T10:00:00,60.0,80.0,,,,,7.0,,0.0414,0.0552,41.311922,-105.581147,2022,9,8,10
West,Knight Hall,2022-09-08T11:00:00,,70.0,,,,,9.0,,,0.048299999999999996,41.311922,-105.581147,2022,9,8,11
West,Knight Hall,2022-09-08T12:00:00,60.0,70.0,,,,,7.0,,0.0414,0.048299999999999996,41.311922,-105.581147,2022,9,8,12
West,Knight Hall,2022-09-08T13:00:00,80.0,70.0,,,,,11.0,,0.0552,0.048299999999999996,41.311922,-105.581147,2022,9,8,13
West,Knight Hall,2022-09-08T14:00:00,60.0,80.0,,,,135.3,7.0,,0.0414,0.0552,41.311922,-105.581147,2022,9,8,14
West,Knight Hall,2022-09-08T15:00:00,,70.0,,,,152.82,11.0,,,0.048299999999999996,41.311922,-105.581147,2022,9,8,15
West,Knight Hall,2022-09-08T16:00:00,60.0,70.0,,,,109.44,8.0,,0.0414,0.048299999999999996,41.311922,-105.581147,2022,9,8,16
West,Knight Hall,2022-09-08T17:00:00,50.0,60.0,,,,103.54,10.0,,0.034499999999999996,0.0414,41.311922,-105.581147,2022,9,8,17
West,Knight Hall,2022-09-08T18:00:00,30.0,30.0,,,,85.28999999999999,7.0,,0.0207,0.0207,41.311922,-105.581147,2022,9,8,18
West,Knight Hall,2022-09-08T19:00:00,40.0,40.0,,,,50.220000000000006,1.0,,0.0276,0.0276,41.311922,-105.581147,2022,9,8,19
West,Knight Hall,2022-09-08T20:00:00,30.0,30.0,,,,61.77,1.0,,0.0207,0.0207,41.311922,-105.581147,2022,9,8,20
West,Knight Hall,2022-09-08T21:00:00,30.0,30.0,,,,60.91,,,0.0207,0.0207,41.311922,-105.581147,2022,9,8,21
West,Knight Hall,2022-09-08T22:00:00,30.0,30.0,,,,50.46999999999999,1.0,,0.0207,0.0207,41.311922,-105.581147,2022,9,8,22
West,Knight Hall,2022-09-08T23:00:00,30.0,30.0,,,,46.34,1.0,,0.0207,0.0207,41.311922,-105.581147,2022,9,8,23
West,Knight Hall,2022-09-09T00:00:00,20.0,20.0,,,,47.05,,,0.0138,0.0138,41.311922,-105.581147,2022,9,9,0
West,Knight Hall,2022-09-09T01:00:00,30.0,20.0,,,,45.900000000000006,,,0.0207,0.0138,41.311922,-105.581147,2022,9,9,1
West,Knight Hall,2022-09-09T02:00:00,20.0,30.0,,,,45.77,1.0,,0.0138,0.0207,41.311922,-105.581147,2022,9,9,2
West,Knight Hall,2022-09-09T03:00:00,30.0,20.0,,,,45.93000000000001,,,0.0207,0.0138,41.311922,-105.581147,2022,9,9,3
West,Knight Hall,2022-09-09T04:00:00,20.0,30.0,,,,46.42,5.0,,0.0138,0.0207,41.311922,-105.581147,2022,9,9,4
West,Knight Hall,2022-09-09T05:00:00,30.0,30.0,,,,47.69,4.0,,0.0207,0.0207,41.311922,-105.581147,2022,9,9,5
West,Knight Hall,2022-09-09T06:00:00,30.0,20.0,,,,50.73,4.0,,0.0207,0.0138,41.311922,-105.581147,2022,9,9,6
West,Knight Hall,2022-09-09T07:00:00,60.0,50.0,,,,73.37,4.0,,0.0414,0.034499999999999996,41.311922,-105.581147,2022,9,9,7
West,Knight Hall,2022-09-09T08:00:00,50.0,70.0,,,,98.38,4.0,,0.034499999999999996,0.048299999999999996,41.311922,-105.581147,2022,9,9,8
West,Knight Hall,2022-09-09T09:00:00,80.0,70.0,,,,,5.0,,0.0552,0.048299999999999996,41.311922,-105.581147,2022,9,9,9
West,Knight Hall,2022-09-09T10:00:00,60.0,80.0,,,,,3.0,,0.0414,0.0552,41.311922,-105.581147,2022,9,9,10
West,Knight Hall,2022-09-09T11:00:00,80.0,80.0,,,,149.57,6.0,,0.0552,0.0552,41.311922,-105.581147,2022,9,9,11
West,Knight Hall,2022-09-09T12:00:00,50.0,60.0,,,,137.11,4.0,,0.034499999999999996,0.0414,41.311922,-105.581147,2022,9,9,12
West,Knight Hall,2022-09-09T13:00:00,70.0,80.0,,,,81.46,5.0,,0.048299999999999996,0.0552,41.311922,-105.581147,2022,9,9,13
West,Knight Hall,2022-09-09T14:00:00,60.0,60.0,,,,129.99,4.0,,0.0414,0.0414,41.311922,-105.581147,2022,9,9,14
West,Knight Hall,2022-09-09T15:00:00,80.0,80.0,,,,138.62,6.0,,0.0552,0.0552,41.311922,-105.581147,2022,9,9,15
West,Knight Hall,2022-09-09T16:00:00,50.0,60.0,,,,127.1,3.0,,0.034499999999999996,0.0414,41.311922,-105.581147,2022,9,9,16
West,Knight Hall,2022-09-09T17:00:00,50.0,50.0,,,,102.89,5.0,,0.034499999999999996,0.034499999999999996,41.311922,-105.581147,2022,9,9,17
West,Knight Hall,2022-09-09T18:00:00,30.0,50.0,,,,67.03,3.0,,0.0207,0.034499999999999996,41.311922,-105.581147,2022,9,9,18
West,Knight Hall,2022-09-09T19:00:00,40.0,40.0,,,,119.42,1.0,,0.0276,0.0276,41.311922,-105.581147,2022,9,9,19
West,Knight Hall,2022-09-09T20:00:00,20.0,30.0,,,,51.78999999999999,1.0,,0.0138,0.0207,41.311922,-105.581147,2022,9,9,20
West,Knight Hall,2022-09-09T21:00:00,40.0,30.0,,,,47.63,,,0.0276,0.0207,41.311922,-105.581147,2022,9,9,21
West,Knight Hall,2022-09-09T22:00:00,20.0,30.0,,,,65.82000000000001,,,0.0138,0.0207,41.311922,-105.581147,2022,9,9,22
West,Knight Hall,2022-09-09T23:00:00,30.0,30.0,,,,45.0,1.0,,0.0207,0.0207,41.311922,-105.581147,2022,9,9,23
West,Knight Hall,2022-09-10T00:00:00,20.0,20.0,,,,44.24,,,0.0138,0.0138,41.311922,-105.581147,2022,9,10,0
West,Knight Hall,2022-09-10T01:00:00,20.0,30.0,,,,44.220000000000006,,,0.0138,0.0207,41.311922,-105.581147,2022,9,10,1
West,Knight Hall,2022-09-10T02:00:00,20.0,20.0,,,,44.24,1.0,,0.0138,0.0138,41.311922,-105.581147,2022,9,10,2
West,Knight Hall,2022-09-10T03:00:00,30.0,30.0,,,,44.61,,,0.0207,0.0207,41.311922,-105.581147,2022,9,10,3
West,Knight Hall,2022-09-10T04:00:00,20.0,20.0,,,,43.74999999999999,,,0.0138,0.0138,41.311922,-105.581147,2022,9,10,4
West,Knight Hall,2022-09-10T05:00:00,30.0,40.0,,,,45.52,1.0,,0.0207,0.0276,41.311922,-105.581147,2022,9,10,5
West,Knight Hall,2022-09-10T06:00:00,20.0,20.0,,,,47.17999999999999,,,0.0138,0.0138,41.311922,-105.581147,2022,9,10,6
West,Knight Hall,2022-09-10T07:00:00,30.0,50.0,,,,77.02000000000001,,,0.0207,0.034499999999999996,41.311922,-105.581147,2022,9,10,7
West,Knight Hall,2022-09-10T08:00:00,20.0,60.0,,,,112.22,3.0,,0.0138,0.0414,41.311922,-105.581147,2022,9,10,8
West,Knight Hall,2022-09-10T09:00:00,20.0,80.0,,,,159.96,4.0,,0.0138,0.0552,41.311922,-105.581147,2022,9,10,9
West,Knight Hall,2022-09-10T10:00:00,30.0,70.0,,,,,3.0,,0.0207,0.048299999999999996,41.311922,-105.581147,2022,9,10,10
West,Knight Hall,2022-09-10T11:00:00,30.0,80.0,,,,135.4,4.0,,0.0207,0.0552,41.311922,-105.581147,2022,9,10,11
West,Knight Hall,2022-09-10T12:00:00,30.0,60.0,,,,129.95000000000002,5.0,,0.0207,0.0414,41.311922,-105.581147,2022,9,10,12
West,Knight Hall,2022-09-10T13:00:00,20.0,80.0,,,,98.92,5.0,,0.0138,0.0552,41.311922,-105.581147,2022,9,10,13
West,Knight Hall,2022-09-10T14:00:00,30.0,60.0,,,,140.6,5.0,,0.0207,0.0414,41.311922,-105.581147,2022,9,10,14
West,Knight Hall,2022-09-10T15:00:00,30.0,,,,,99.48,5.0,,0.0207,,41.311922,-105.581147,2022,9,10,15
West,Knight Hall,2022-09-10T16:00:00,20.0,50.0,,,,142.64999999999998,,,0.0138,0.034499999999999996,41.311922,-105.581147,2022,9,10,16
West,Knight Hall,2022-09-10T17:00:00,30.0,50.0,,,,91.16,1.0,,0.0207,0.034499999999999996,41.311922,-105.581147,2022,9,10,17
West,Knight Hall,2022-09-10T18:00:00,20.0,40.0,,,,85.38000000000001,,,0.0138,0.0276,41.311922,-105.581147,2022,9,10,18
West,Knight Hall,2022-09-10T19:00:00,20.0,40.0,,,,113.52,1.0,,0.0138,0.0276,41.311922,-105.581147,2022,9,10,19
West,Knight Hall,2022-09-10T20:00:00,30.0,30.0,,,,62.63,,,0.0207,0.0207,41.311922,-105.581147,2022,9,10,20
West,Knight Hall,2022-09-10T21:00:00,20.0,40.0,,,,76.28,,,0.0138,0.0276,41.311922,-105.581147,2022,9,10,21
West,Knight Hall,2022-09-10T22:00:00,20.0,20.0,,,,68.60999999999999,1.0,,0.0138,0.0138,41.311922,-105.581147,2022,9,10,22
West,Knight Hall,2022-09-10T23:00:00,30.0,30.0,,,,58.81999999999999,,,0.0207,0.0207,41.311922,-105.581147,2022,9,10,23
West,Knight Hall,2022-09-11T00:00:00,20.0,20.0,,,,58.88,1.0,,0.0138,0.0138,41.311922,-105.581147,2022,9,11,0
West,Knight Hall,2022-09-11T01:00:00,30.0,30.0,,,,58.82000000000001,1.0,,0.0207,0.0207,41.311922,-105.581147,2022,9,11,1
West,Knight Hall,2022-09-11T02:00:00,20.0,20.0,,,,59.1,1.0,,0.0138,0.0138,41.311922,-105.581147,2022,9,11,2
West,Knight Hall,2022-09-11T03:00:00,20.0,30.0,,,,58.77,1.0,,0.0138,0.0207,41.311922,-105.581147,2022,9,11,3
West,Knight Hall,2022-09-11T04:00:00,20.0,20.0,,,,60.69,,,0.0138,0.0138,41.311922,-105.581147,2022,9,11,4
West,Knight Hall,2022-09-11T05:00:00,20.0,30.0,,,,59.98,1.0,,0.0138,0.0207,41.311922,-105.581147,2022,9,11,5
West,Knight Hall,2022-09-11T06:00:00,20.0,20.0,,,,61.13,,,0.0138,0.0138,41.311922,-105.581147,2022,9,11,6
West,Knight Hall,2022-09-11T07:00:00,30.0,30.0,,,,59.08,1.0,,0.0207,0.0207,41.311922,-105.581147,2022,9,11,7
West,Knight Hall,2022-09-11T08:00:00,20.0,30.0,,,,59.01,2.0,,0.0138,0.0207,41.311922,-105.581147,2022,9,11,8
West,Knight Hall,2022-09-11T09:00:00,30.0,30.0,,,,59.03,4.0,,0.0207,0.0207,41.311922,-105.581147,2022,9,11,9
West,Knight Hall,2022-09-11T10:00:00,20.0,30.0,,,,71.84,4.0,,0.0138,0.0207,41.311922,-105.581147,2022,9,11,10
West,Knight Hall,2022-09-11T11:00:00,40.0,30.0,,,,64.49000000000001,5.0,,0.0276,0.0207,41.311922,-105.581147,2022,9,11,11
West,Knight Hall,2022-09-11T12:00:00,20.0,30.0,,,,59.66,5.0,,0.0138,0.0207,41.311922,-105.581147,2022,9,11,12
West,Knight Hall,2022-09-11T13:00:00,30.0,40.0,,,,63.540000000000006,7.0,,0.0207,0.0276,41.311922,-105.581147,2022,9,11,13
West,Knight Hall,2022-09-11T14:00:00,20.0,20.0,,,,63.3,6.0,,0.0138,0.0138,41.311922,-105.581147,2022,9,11,14
West,Knight Hall,2022-09-11T15:00:00,30.0,30.0,,,,57.220000000000006,7.0,,0.0207,0.0207,41.311922,-105.581147,2022,9,11,15
West,Knight Hall,2022-09-11T16:00:00,30.0,20.0,,,,61.41,2.0,,0.0207,0.0138,41.311922,-105.581147,2022,9,11,16
West,Knight Hall,2022-09-11T17:00:00,20.0,30.0,,,,62.49999999999999,1.0,,0.0138,0.0207,41.311922,-105.581147,2022,9,11,17
West,Knight Hall,2022-09-11T18:00:00,30.0,30.0,,,,59.31,,,0.0207,0.0207,41.311922,-105.581147,2022,9,11,18
West,Knight Hall,2022-09-11T19:00:00,30.0,20.0,,,,57.76,,,0.0207,0.0138,41.311922,-105.581147,2022,9,11,19
West,Knight Hall,2022-09-11T20:00:00,20.0,30.0,,,,58.21000000000001,1.0,,0.0138,0.0207,41.311922,-105.581147,2022,9,11,20
West,Knight Hall,2022-09-11T21:00:00,30.0,20.0,,,,54.77,,,0.0207,0.0138,41.311922,-105.581147,2022,9,11,21
West,Knight Hall,2022-09-11T22:00:00,20.0,30.0,,,,59.36,1.0,,0.0138,0.0207,41.311922,-105.581147,2022,9,11,22
West,Knight Hall,2022-09-11T23:00:00,30.0,20.0,,,,58.54,,,0.0207,0.0138,41.311922,-105.581147,2022,9,11,23
West,Knight Hall,2022-09-12T00:00:00,20.0,30.0,,,,57.78,1.0,,0.0138,0.0207,41.311922,-105.581147,2022,9,12,0
West,Knight Hall,2022-09-12T01:00:00,20.0,20.0,,,,56.98,,,0.0138,0.0138,41.311922,-105.581147,2022,9,12,1
West,Knight Hall,2022-09-12T02:00:00,30.0,20.0,,,,56.99,,,0.0207,0.0138,41.311922,-105.581147,2022,9,12,2
West,Knight Hall,2022-09-12T03:00:00,30.0,30.0,,,,58.34,,,0.0207,0.0207,41.311922,-105.581147,2022,9,12,3
West,Knight Hall,2022-09-12T04:00:00,20.0,20.0,,,,59.77,3.0,,0.0138,0.0138,41.311922,-105.581147,2022,9,12,4
West,Knight Hall,2022-09-12T05:00:00,30.0,30.0,,,,57.7,3.0,,0.0207,0.0207,41.311922,-105.581147,2022,9,12,5
West,Knight Hall,2022-09-12T06:00:00,20.0,20.0,,,,56.7,2.0,,0.0138,0.0138,41.311922,-105.581147,2022,9,12,6
West,Knight Hall,2022-09-12T07:00:00,50.0,30.0,,,,58.15,3.0,,0.034499999999999996,0.0207,41.311922,-105.581147,2022,9,12,7
West,Knight Hall,2022-09-12T08:00:00,60.0,30.0,,,,59.49,3.0,,0.0414,0.0207,41.311922,-105.581147,2022,9,12,8
West,Knight Hall,2022-09-12T09:00:00,,20.0,,,,58.54,6.0,,,0.0138,41.311922,-105.581147,2022,9,12,9
West,Knight Hall,2022-09-12T10:00:00,60.0,30.0,,,,57.59,5.0,,0.0414,0.0207,41.311922,-105.581147,2022,9,12,10
West,Knight Hall,2022-09-12T11:00:00,80.0,30.0,,,,58.78,8.0,,0.0552,0.0207,41.311922,-105.581147,2022,9,12,11
West,Knight Hall,2022-09-12T12:00:00,60.0,30.0,,,,58.08,5.0,,0.0414,0.0207,41.311922,-105.581147,2022,9,12,12
West,Knight Hall,2022-09-12T13:00:00,70.0,30.0,,,,58.21000000000001,8.0,,0.048299999999999996,0.0207,41.311922,-105.581147,2022,9,12,13
West,Knight Hall,2022-09-12T14:00:00,70.0,20.0,,,,56.34,7.0,,0.048299999999999996,0.0138,41.311922,-105.581147,2022,9,12,14
West,Knight Hall,2022-09-12T15:00:00,80.0,30.0,,,,56.46999999999999,9.0,,0.0552,0.0207,41.311922,-105.581147,2022,9,12,15
West,Knight Hall,2022-09-12T16:00:00,50.0,30.0,,,,56.64,6.0,,0.034499999999999996,0.0207,41.311922,-105.581147,2022,9,12,16
West,Knight Hall,2022-09-12T17:00:00,50.0,30.0,,,,58.32,8.0,,0.034499999999999996,0.0207,41.311922,-105.581147,2022,9,12,17
West,Knight Hall,2022-09-12T18:00:00,30.0,20.0,,,,57.05,6.0,,0.0207,0.0138,41.311922,-105.581147,2022,9,12,18
West,Knight Hall,2022-09-12T19:00:00,40.0,30.0,,,,59.7,1.0,,0.0276,0.0207,41.311922,-105.581147,2022,9,12,19
West,Knight Hall,2022-09-12T20:00:00,20.0,20.0,,,,57.55,1.0,,0.0138,0.0138,41.311922,-105.581147,2022,9,12,20
West,Knight Hall,2022-09-12T21:00:00,40.0,30.0,,,,56.6,,,0.0276,0.0207,41.311922,-105.581147,2022,9,12,21
West,Knight Hall,2022-09-12T22:00:00,20.0,20.0,,,,59.53000000000001,1.0,,0.0138,0.0138,41.311922,-105.581147,2022,9,12,22
West,Knight Hall,2022-09-12T23:00:00,30.0,30.0,,,,56.83,,,0.0207,0.0207,41.311922,-105.581147,2022,9,12,23
West,Knight Hall,2022-09-13T00:00:00,20.0,20.0,,,,56.620000000000005,,,0.0138,0.0138,41.311922,-105.581147,2022,9,13,0
West,Knight Hall,2022-09-13T01:00:00,20.0,20.0,,,,56.12,1.0,,0.0138,0.0138,41.311922,-105.581147,2022,9,13,1
West,Knight Hall,2022-09-13T02:00:00,30.0,30.0,,,,57.46,,,0.0207,0.0207,41.311922,-105.581147,2022,9,13,2
West,Knight Hall,2022-09-13T03:00:00,20.0,30.0,,,,56.74999999999999,1.0,,0.0138,0.0207,41.311922,-105.581147,2022,9,13,3
West,Knight Hall,2022-09-13T04:00:00,30.0,20.0,,,,57.55,2.0,,0.0207,0.0138,41.311922,-105.581147,2022,9,13,4
West,Knight Hall,2022-09-13T05:00:00,30.0,30.0,,,,55.05,3.0,,0.0207,0.0207,41.311922,-105.581147,2022,9,13,5
West,Knight Hall,2022-09-13T06:00:00,20.0,30.0,,,,56.36,3.0,,0.0138,0.0207,41.311922,-105.581147,2022,9,13,6
West,Knight Hall,2022-09-13T07:00:00,50.0,50.0,,,,90.49,3.0,,0.034499999999999996,0.034499999999999996,41.311922,-105.581147,2022,9,13,7
West,Knight Hall,2022-09-13T08:00:00,60.0,60.0,,,,117.49,2.0,,0.0414,0.0414,41.311922,-105.581147,2022,9,13,8
West,Knight Hall,2022-09-13T09:00:00,80.0,80.0,,,,,6.0,,0.0552,0.0552,41.311922,-105.581147,2022,9,13,9
West,Knight Hall,2022-09-13T10:00:00,60.0,70.0,,,,148.23000000000002,5.0,,0.0414,0.048299999999999996,41.311922,-105.581147,2022,9,13,10
West,Knight Hall,2022-09-13T11:00:00,80.0,80.0,,,,,7.0,,0.0552,0.0552,41.311922,-105.581147,2022,9,13,11
West,Knight Hall,2022-09-13T12:00:00,50.0,60.0,,,,147.52,6.0,,0.034499999999999996,0.0414,41.311922,-105.581147,2022,9,13,12
West,Knight Hall,2022-09-13T13:00:00,80.0,70.0,,,,154.89,6.0,,0.0552,0.048299999999999996,41.311922,-105.581147,2022,9,13,13
West,Knight Hall,2022-09-13T14:00:00,60.0,70.0,,,,123.85,4.0,,0.0414,0.048299999999999996,41.311922,-105.581147,2022,9,13,14
West,Knight Hall,2022-09-13T15:00:00,80.0,80.0,,,,154.61,6.0,,0.0552,0.0552,41.311922,-105.581147,2022,9,13,15
West,Knight Hall,2022-09-13T16:00:00,60.0,50.0,,,,146.89,4.0,,0.0414,0.034499999999999996,41.311922,-105.581147,2022,9,13,16
West,Knight Hall,2022-09-13T17:00:00,50.0,60.0,,,,102.8,6.0,,0.034499999999999996,0.0414,41.311922,-105.581147,2022,9,13,17
West,Knight Hall,2022-09-13T18:00:00,30.0,30.0,,,,106.38,6.0,,0.0207,0.0207,41.311922,-105.581147,2022,9,13,18
West,Knight Hall,2022-09-13T19:00:00,30.0,40.0,,,,70.48,1.0,,0.0207,0.0276,41.311922,-105.581147,2022,9,13,19
West,Knight Hall,2022-09-13T20:00:00,30.0,20.0,,,,55.32,1.0,,0.0207,0.0138,41.311922,-105.581147,2022,9,13,20
West,Knight Hall,2022-09-13T21:00:00,30.0,40.0,,,,56.02,,,0.0207,0.0276,41.311922,-105.581147,2022,9,13,21
West,Knight Hall,2022-09-13T22:00:00,30.0,20.0,,,,49.29,,,0.0207,0.0138,41.311922,-105.581147,2022,9,13,22
West,Knight Hall,2022-09-13T23:00:00,20.0,30.0,,,,46.13999999999999,1.0,,0.0138,0.0207,41.311922,-105.581147,2022,9,13,23
West,Knight Hall,2022-09-14T00:00:00,30.0,30.0,,,,47.18000000000001,,,0.0207,0.0207,41.311922,-105.581147,2022,9,14,0
West,Knight Hall,2022-09-14T01:00:00,20.0,30.0,,,,46.51,1.0,,0.0138,0.0207,41.311922,-105.581147,2022,9,14,1
West,Knight Hall,2022-09-14T02:00:00,20.0,20.0,,,,47.59,,,0.0138,0.0138,41.311922,-105.581147,2022,9,14,2
West,Knight Hall,2022-09-14T03:00:00,30.0,30.0,,,,46.46,1.0,,0.0207,0.0207,41.311922,-105.581147,2022,9,14,3
West,Knight Hall,2022-09-14T04:00:00,20.0,20.0,,,,50.06,3.0,,0.0138,0.0138,41.311922,-105.581147,2022,9,14,4
West,Knight Hall,2022-09-14T05:00:00,30.0,30.0,,,,48.19,4.0,,0.0207,0.0207,41.311922,-105.581147,2022,9,14,5
West,Knight Hall,2022-09-14T06:00:00,30.0,30.0,,,,47.06999999999999,3.0,,0.0207,0.0207,41.311922,-105.581147,2022,9,14,6
West,Knight Hall,2022-09-14T07:00:00,50.0,50.0,,,,73.05000000000001,4.0,,0.034499999999999996,0.034499999999999996,41.311922,-105.581147,2022,9,14,7
West,Knight Hall,2022-09-14T08:00:00,50.0,60.0,,,,162.7,4.0,,0.034499999999999996,0.0414,41.311922,-105.581147,2022,9,14,8
West,Knight Hall,2022-09-14T09:00:00,80.0,80.0,,,,161.14999999999998,6.0,,0.0552,0.0552,41.311922,-105.581147,2022,9,14,9
West,Knight Hall,2022-09-14T10:00:00,60.0,70.0,,,,149.63,5.0,,0.0414,0.048299999999999996,41.311922,-105.581147,2022,9,14,10
West,Knight Hall,2022-09-14T11:00:00,,70.0,,,,,8.0,,,0.048299999999999996,41.311922,-105.581147,2022,9,14,11
West,Knight Hall,2022-09-14T12:00:00,50.0,70.0,,,,156.73000000000002,6.0,,0.034499999999999996,0.048299999999999996,41.311922,-105.581147,2022,9,14,12
West,Knight Hall,2022-09-14T13:00:00,,,,,,111.81,8.0,,,,41.311922,-105.581147,2022,9,14,13
West,Knight Hall,2022-09-14T14:00:00,60.0,60.0,,,,149.72,5.0,,0.0414,0.0414,41.311922,-105.581147,2022,9,14,14
West,Knight Hall,2022-09-14T15:00:00,80.0,80.0,,,,116.86,6.0,,0.0552,0.0552,41.311922,-105.581147,2022,9,14,15
West,Knight Hall,2022-09-14T16:00:00,50.0,60.0,,,,96.93999999999998,5.0,,0.034499999999999996,0.0414,41.311922,-105.581147,2022,9,14,16
West,Knight Hall,2022-09-14T17:00:00,60.0,50.0,,,,98.73000000000002,5.0,,0.0414,0.034499999999999996,41.311922,-105.581147,2022,9,14,17
West,Knight Hall,2022-09-14T18:00:00,30.0,40.0,,,,75.63,5.0,,0.0207,0.0276,41.311922,-105.581147,2022,9,14,18
West,Knight Hall,2022-09-14T19:00:00,30.0,30.0,,,,55.52,1.0,,0.0207,0.0207,41.311922,-105.581147,2022,9,14,19
West,Knight Hall,2022-09-14T20:00:00,30.0,30.0,,,,83.4,,,0.0207,0.0207,41.311922,-105.581147,2022,9,14,20
West,Knight Hall,2022-09-14T21:00:00,30.0,40.0,,,,53.64,1.0,,0.0207,0.0276,41.311922,-105.581147,2022,9,14,21
West,Knight Hall,2022-09-14T22:00:00,30.0,20.0,,,,59.92,,,0.0207,0.0138,41.311922,-105.581147,2022,9,14,22
West,Knight Hall,2022-09-14T23:00:00,30.0,30.0,,,,46.03,1.0,,0.0207,0.0207,41.311922,-105.581147,2022,9,14,23
West,Knight Hall,2022-09-15T00:00:00,20.0,20.0,,,,46.76,,,0.0138,0.0138,41.311922,-105.581147,2022,9,15,0
West,Knight Hall,2022-09-15T01:00:00,20.0,30.0,,,,46.29,,,0.0138,0.0207,41.311922,-105.581147,2022,9,15,1
West,Knight Hall,2022-09-15T02:00:00,20.0,20.0,,,,46.29,1.0,,0.0138,0.0138,41.311922,-105.581147,2022,9,15,2
West,Knight Hall,2022-09-15T03:00:00,30.0,30.0,,,,47.2,,,0.0207,0.0207,41.311922,-105.581147,2022,9,15,3
West,Knight Hall,2022-09-15T04:00:00,20.0,20.0,,,,46.42,3.0,,0.0138,0.0138,41.311922,-105.581147,2022,9,15,4
West,Knight Hall,2022-09-15T05:00:00,30.0,30.0,,,,48.32,4.0,,0.0207,0.0207,41.311922,-105.581147,2022,9,15,5
West,Knight Hall,2022-09-15T06:00:00,30.0,30.0,,,,47.5,3.0,,0.0207,0.0207,41.311922,-105.581147,2022,9,15,6
West,Knight Hall,2022-09-15T07:00:00,40.0,40.0,,,,69.81,4.0,,0.0276,0.0276,41.311922,-105.581147,2022,9,15,7
West,Knight Hall,2022-09-15T08:00:00,70.0,70.0,,,,121.52,4.0,,0.048299999999999996,0.048299999999999996,41.311922,-105.581147,2022,9,15,8
West,Knight Hall,2022-09-15T09:00:00,70.0,80.0,,,,157.89,4.0,,0.048299999999999996,0.0552,41.311922,-105.581147,2022,9,15,9
West,Knight Hall,2022-09-15T10:00:00,80.0,60.0,,,,,5.0,,0.0552,0.0414,41.311922,-105.581147,2022,9,15,10
West,Knight Hall,2022-09-15T11:00:00,70.0,80.0,,,,134.39,6.0,,0.048299999999999996,0.0552,41.311922,-105.581147,2022,9,15,11
West,Knight Hall,2022-09-15T12:00:00,70.0,70.0,,,,139.78,5.0,,0.048299999999999996,0.048299999999999996,41.311922,-105.581147,2022,9,15,12
West,Knight Hall,2022-09-15T13:00:00,,80.0,,,,127.99,6.0,,,0.0552,41.311922,-105.581147,2022,9,15,13
West,Knight Hall,2022-09-15T14:00:00,60.0,60.0,,,,115.48,5.0,,0.0414,0.0414,41.311922,-105.581147,2022,9,15,14
West,Knight Hall,2022-09-15T15:00:00,80.0,80.0,,,,121.11,6.0,,0.0552,0.0552,41.311922,-105.581147,2022,9,15,15
West,Knight Hall,2022-09-15T16:00:00,60.0,50.0,,,,123.85,5.0,,0.0414,0.034499999999999996,41.311922,-105.581147,2022,9,15,16
West,Knight Hall,2022-09-15T17:00:00,50.0,60.0,,,,100.9,5.0,,0.034499999999999996,0.0414,41.311922,-105.581147,2022,9,15,17
West,Knight Hall,2022-09-15T18:00:00,30.0,30.0,,,,71.78,4.0,,0.0207,0.0207,41.311922,-105.581147,2022,9,15,18
West,Knight Hall,2022-09-15T19:00:00,40.0,30.0,,,,97.05,1.0,,0.0276,0.0207,41.311922,-105.581147,2022,9,15,19
West,Knight Hall,2022-09-15T20:00:00,30.0,30.0,,,,83.35,1.0,,0.0207,0.0207,41.311922,-105.581147,2022,9,15,20
West,Knight Hall,2022-09-15T21:00:00,30.0,40.0,,,,54.29,,,0.0207,0.0276,41.311922,-105.581147,2022,9,15,21
West,Knight Hall,2022-09-15T22:00:00,20.0,20.0,,,,64.23,,,0.0138,0.0138,41.311922,-105.581147,2022,9,15,22
West,Knight Hall,2022-09-15T23:00:00,30.0,30.0,,,,51.68,1.0,,0.0207,0.0207,41.311922,-105.581147,2022,9,15,23
West,Knight Hall,2022-09-16T00:00:00,20.0,20.0,,,,50.82000000000001,,,0.0138,0.0138,41.311922,-105.581147,2022,9,16,0
West,Knight Hall,2022-09-16T01:00:00,30.0,30.0,,,,51.21000000000001,,,0.0207,0.0207,41.311922,-105.581147,2022,9,16,1
West,Knight Hall,2022-09-16T02:00:00,20.0,20.0,,,,50.35000000000001,1.0,,0.0138,0.0138,41.311922,-105.581147,2022,9,16,2
West,Knight Hall,2022-09-16T03:00:00,30.0,30.0,,,,50.34,,,0.0207,0.0207,41.311922,-105.581147,2022,9,16,3
West,Knight Hall,2022-09-16T04:00:00,20.0,20.0,,,,50.19,3.0,,0.0138,0.0138,41.311922,-105.581147,2022,9,16,4
West,Knight Hall,2022-09-16T05:00:00,30.0,30.0,,,,50.45,3.0,,0.0207,0.0207,41.311922,-105.581147,2022,9,16,5
West,Knight Hall,2022-09-16T06:00:00,20.0,30.0,,,,54.16,2.0,,0.0138,0.0207,41.311922,-105.581147,2022,9,16,6
West,Knight Hall,2022-09-16T07:00:00,50.0,50.0,,,,98.34,4.0,,0.034499999999999996,0.034499999999999996,41.311922,-105.581147,2022,9,16,7
West,Knight Hall,2022-09-16T08:00:00,60.0,50.0,,,,128.46,3.0,,0.0414,0.034499999999999996,41.311922,-105.581147,2022,9,16,8
West,Knight Hall,2022-09-16T09:00:00,80.0,70.0,,,,141.29,5.0,,0.0552,0.048299999999999996,41.311922,-105.581147,2022,9,16,9
West,Knight Hall,2022-09-16T10:00:00,60.0,70.0,,,,154.32999999999998,5.0,,0.0414,0.048299999999999996,41.311922,-105.581147,2022,9,16,10
West,Knight Hall,2022-09-16T11:00:00,70.0,80.0,,,,131.48,5.0,,0.048299999999999996,0.0552,41.311922,-105.581147,2022,9,16,11
West,Knight Hall,2022-09-16T12:00:00,70.0,70.0,,,,118.67,5.0,,0.048299999999999996,0.048299999999999996,41.311922,-105.581147,2022,9,16,12
West,Knight Hall,2022-09-16T13:00:00,80.0,80.0,,,,122.66,6.0,,0.0552,0.0552,41.311922,-105.581147,2022,9,16,13
West,Knight Hall,2022-09-16T14:00:00,60.0,60.0,,,,129.73000000000002,4.0,,0.0414,0.0414,41.311922,-105.581147,2022,9,16,14
West,Knight Hall,2022-09-16T15:00:00,60.0,80.0,,,,155.09,6.0,,0.0414,0.0552,41.311922,-105.581147,2022,9,16,15
West,Knight Hall,2022-09-16T16:00:00,60.0,60.0,,,,122.92,6.0,,0.0414,0.0414,41.311922,-105.581147,2022,9,16,16
West,Knight Hall,2022-09-16T17:00:00,40.0,50.0,,,,120.53,6.0,,0.0276,0.034499999999999996,41.311922,-105.581147,2022,9,16,17
West,Knight Hall,2022-09-16T18:00:00,40.0,50.0,,,,91.53,4.0,,0.0276,0.034499999999999996,41.311922,-105.581147,2022,9,16,18
West,Knight Hall,2022-09-16T19:00:00,30.0,30.0,,,,76.99,1.0,,0.0207,0.0207,41.311922,-105.581147,2022,9,16,19
West,Knight Hall,2022-09-16T20:00:00,20.0,40.0,,,,59.23,,,0.0138,0.0276,41.311922,-105.581147,2022,9,16,20
West,Knight Hall,2022-09-16T21:00:00,40.0,30.0,,,,50.88,1.0,,0.0276,0.0207,41.311922,-105.581147,2022,9,16,21
West,Knight Hall,2022-09-16T22:00:00,20.0,30.0,,,,58.22,,,0.0138,0.0207,41.311922,-105.581147,2022,9,16,22
West,Knight Hall,2022-09-16T23:00:00,30.0,30.0,,,,45.67,,,0.0207,0.0207,41.311922,-105.581147,2022,9,16,23
West,Knight Hall,2022-09-17T00:00:00,20.0,20.0,,,,45.49,1.0,,0.0138,0.0138,41.311922,-105.581147,2022,9,17,0
West,Knight Hall,2022-09-17T01:00:00,20.0,30.0,,,,46.31,,,0.0138,0.0207,41.311922,-105.581147,2022,9,17,1
West,Knight Hall,2022-09-17T02:00:00,30.0,20.0,,,,45.43,,,0.0207,0.0138,41.311922,-105.581147,2022,9,17,2
West,Knight Hall,2022-09-17T03:00:00,20.0,20.0,,,,45.43,,,0.0138,0.0138,41.311922,-105.581147,2022,9,17,3
West,Knight Hall,2022-09-17T04:00:00,20.0,30.0,,,,47.17999999999999,1.0,,0.0138,0.0207,41.311922,-105.581147,2022,9,17,4
West,Knight Hall,2022-09-17T05:00:00,30.0,30.0,,,,46.33,,,0.0207,0.0207,41.311922,-105.581147,2022,9,17,5
West,Knight Hall,2022-09-17T06:00:00,20.0,30.0,,,,48.75,,,0.0138,0.0207,41.311922,-105.581147,2022,9,17,6
West,Knight Hall,2022-09-17T07:00:00,30.0,50.0,,,,71.13,1.0,,0.0207,0.034499999999999996,41.311922,-105.581147,2022,9,17,7
West,Knight Hall,2022-09-17T08:00:00,20.0,50.0,,,,118.78,3.0,,0.0138,0.034499999999999996,41.311922,-105.581147,2022,9,17,8
West,Knight Hall,2022-09-17T09:00:00,30.0,,,,,144.83,5.0,,0.0207,,41.311922,-105.581147,2022,9,17,9
West,Knight Hall,2022-09-17T10:00:00,30.0,50.0,,,,138.64,4.0,,0.0207,0.034499999999999996,41.311922,-105.581147,2022,9,17,10
West,Knight Hall,2022-09-17T11:00:00,30.0,,,,,158.9,6.0,,0.0207,,41.311922,-105.581147,2022,9,17,11
West,Knight Hall,2022-09-17T12:00:00,30.0,60.0,,,,94.57,5.0,,0.0207,0.0414,41.311922,-105.581147,2022,9,17,12
West,Knight Hall,2022-09-17T13:00:00,30.0,80.0,,,,124.1,6.0,,0.0207,0.0552,41.311922,-105.581147,2022,9,17,13
West,Knight Hall,2022-09-17T14:00:00,20.0,50.0,,,,135.26999999999998,6.0,,0.0138,0.034499999999999996,41.311922,-105.581147,2022,9,17,14
West,Knight Hall,2022-09-17T15:00:00,40.0,80.0,,,,111.92,6.0,,0.0276,0.0552,41.311922,-105.581147,2022,9,17,15
West,Knight Hall,2022-09-17T16:00:00,20.0,60.0,,,,138.32999999999998,,,0.0138,0.0414,41.311922,-105.581147,2022,9,17,16
West,Knight Hall,2022-09-17T17:00:00,30.0,50.0,,,,71.07000000000001,,,0.0207,0.034499999999999996,41.311922,-105.581147,2022,9,17,17
West,Knight Hall,2022-09-17T18:00:00,20.0,30.0,,,,89.13,1.0,,0.0138,0.0207,41.311922,-105.581147,2022,9,17,18
West,Knight Hall,2022-09-17T19:00:00,30.0,40.0,,,,73.05000000000001,,,0.0207,0.0276,41.311922,-105.581147,2022,9,17,19
West,Knight Hall,2022-09-17T20:00:00,20.0,30.0,,,,54.57,,,0.0138,0.0207,41.311922,-105.581147,2022,9,17,20
West,Knight Hall,2022-09-17T21:00:00,30.0,30.0,,,,54.76,1.0,,0.0207,0.0207,41.311922,-105.581147,2022,9,17,21
West,Knight Hall,2022-09-17T22:00:00,20.0,30.0,,,,54.98,,,0.0138,0.0207,41.311922,-105.581147,2022,9,17,22
West,Knight Hall,2022-09-17T23:00:00,30.0,30.0,,,,45.02,,,0.0207,0.0207,41.311922,-105.581147,2022,9,17,23
West,Knight Hall,2022-09-18T00:00:00,20.0,20.0,,,,45.06,1.0,,0.0138,0.0138,41.311922,-105.581147,2022,9,18,0
West,Knight Hall,2022-09-18T01:00:00,30.0,20.0,,,,44.85,,,0.0207,0.0138,41.311922,-105.581147,2022,9,18,1
West,Knight Hall,2022-09-18T02:00:00,20.0,30.0,,,,44.82000000000001,,,0.0138,0.0207,41.311922,-105.581147,2022,9,18,2
West,Knight Hall,2022-09-18T03:00:00,30.0,20.0,,,,45.69,1.0,,0.0207,0.0138,41.311922,-105.581147,2022,9,18,3
West,Knight Hall,2022-09-18T04:00:00,20.0,20.0,,,,45.11,,,0.0138,0.0138,41.311922,-105.581147,2022,9,18,4
West,Knight Hall,2022-09-18T05:00:00,30.0,30.0,,,,46.08,,,0.0207,0.0207,41.311922,-105.581147,2022,9,18,5
West,Knight Hall,2022-09-18T06:00:00,20.0,20.0,,,,45.23,1.0,,0.0138,0.0138,41.311922,-105.581147,2022,9,18,6
West,Knight Hall,2022-09-18T07:00:00,30.0,30.0,,,,46.01,,,0.0207,0.0207,41.311922,-105.581147,2022,9,18,7
West,Knight Hall,2022-09-18T08:00:00,30.0,30.0,,,,47.91000000000001,3.0,,0.0207,0.0207,41.311922,-105.581147,2022,9,18,8
West,Knight Hall,2022-09-18T09:00:00,30.0,30.0,,,,46.61,4.0,,0.0207,0.0207,41.311922,-105.581147,2022,9,18,9
West,Knight Hall,2022-09-18T10:00:00,20.0,20.0,,,,48.53000000000001,5.0,,0.0138,0.0138,41.311922,-105.581147,2022,9,18,10
West,Knight Hall,2022-09-18T11:00:00,40.0,40.0,,,,50.11,7.0,,0.0276,0.0276,41.311922,-105.581147,2022,9,18,11
West,Knight Hall,2022-09-18T12:00:00,20.0,20.0,,,,55.41,6.0,,0.0138,0.0138,41.311922,-105.581147,2022,9,18,12
West,Knight Hall,2022-09-18T13:00:00,30.0,30.0,,,,47.0,7.0,,0.0207,0.0207,41.311922,-105.581147,2022,9,18,13
West,Knight Hall,2022-09-18T14:00:00,30.0,30.0,,,,46.74,6.0,,0.0207,0.0207,41.311922,-105.581147,2022,9,18,14
West,Knight Hall,2022-09-18T15:00:00,30.0,30.0,,,,50.76,7.0,,0.0207,0.0207,41.311922,-105.581147,2022,9,18,15
West,Knight Hall,2022-09-18T16:00:00,20.0,20.0,,,,45.13,1.0,,0.0138,0.0138,41.311922,-105.581147,2022,9,18,16
West,Knight Hall,2022-09-18T17:00:00,30.0,30.0,,,,44.93,1.0,,0.0207,0.0207,41.311922,-105.581147,2022,9,18,17
West,Knight Hall,2022-09-18T18:00:00,30.0,20.0,,,,44.67,1.0,,0.0207,0.0138,41.311922,-105.581147,2022,9,18,18
West,Knight Hall,2022-09-18T19:00:00,30.0,30.0,,,,44.91000000000001,,,0.0207,0.0207,41.311922,-105.581147,2022,9,18,19
West,Knight Hall,2022-09-18T20:00:00,20.0,20.0,,,,45.690000000000005,,,0.0138,0.0138,41.311922,-105.581147,2022,9,18,20
West,Knight Hall,2022-09-18T21:00:00,30.0,30.0,,,,45.36,1.0,,0.0207,0.0207,41.311922,-105.581147,2022,9,18,21
West,Knight Hall,2022-09-18T22:00:00,20.0,20.0,,,,45.45,,,0.0138,0.0138,41.311922,-105.581147,2022,9,18,22
West,Knight Hall,2022-09-18T23:00:00,20.0,30.0,,,,45.38,1.0,,0.0138,0.0207,41.311922,-105.581147,2022,9,18,23
West,Knight Hall,2022-09-19T00:00:00,20.0,20.0,,,,45.21,,,0.0138,0.0138,41.311922,-105.581147,2022,9,19,0
West,Knight Hall,2022-09-19T01:00:00,30.0,30.0,,,,45.24,,,0.0207,0.0207,41.311922,-105.581147,2022,9,19,1
West,Knight Hall,2022-09-19T02:00:00,20.0,20.0,,,,45.15,1.0,,0.0138,0.0138,41.311922,-105.581147,2022,9,19,2
West,Knight Hall,2022-09-19T03:00:00,30.0,30.0,,,,45.08,,,0.0207,0.0207,41.311922,-105.581147,2022,9,19,3
West,Knight Hall,2022-09-19T04:00:00,20.0,20.0,,,,45.84,3.0,,0.0138,0.0138,41.311922,-105.581147,2022,9,19,4
West,Knight Hall,2022-09-19T05:00:00,30.0,30.0,,,,44.95,3.0,,0.0207,0.0207,41.311922,-105.581147,2022,9,19,5
West,Knight Hall,2022-09-19T06:00:00,30.0,20.0,,,,44.98,3.0,,0.0207,0.0138,41.311922,-105.581147,2022,9,19,6
West,Knight Hall,2022-09-19T07:00:00,40.0,30.0,,,,45.21,3.0,,0.0276,0.0207,41.311922,-105.581147,2022,9,19,7
West,Knight Hall,2022-09-19T08:00:00,70.0,30.0,,,,44.89,3.0,,0.048299999999999996,0.0207,41.311922,-105.581147,2022,9,19,8
West,Knight Hall,2022-09-19T09:00:00,80.0,20.0,,,,45.04,5.0,,0.0552,0.0138,41.311922,-105.581147,2022,9,19,9
West,Knight Hall,2022-09-19T10:00:00,70.0,30.0,,,,49.06999999999999,6.0,,0.048299999999999996,0.0207,41.311922,-105.581147,2022,9,19,10
West,Knight Hall,2022-09-19T11:00:00,,30.0,,,,45.49,8.0,,,0.0207,41.311922,-105.581147,2022,9,19,11
West,Knight Hall,2022-09-19T12:00:00,60.0,30.0,,,,57.91000000000001,6.0,,0.0414,0.0207,41.311922,-105.581147,2022,9,19,12
West,Knight Hall,2022-09-19T13:00:00,80.0,30.0,,,,50.86,9.0,,0.0552,0.0207,41.311922,-105.581147,2022,9,19,13
West,Knight Hall,2022-09-19T14:00:00,60.0,20.0,,,,45.24,6.0,,0.0414,0.0138,41.311922,-105.581147,2022,9,19,14
West,Knight Hall,2022-09-19T15:00:00,,30.0,,,,44.72,9.0,,,0.0207,41.311922,-105.581147,2022,9,19,15
West,Knight Hall,2022-09-19T16:00:00,50.0,30.0,,,,44.42,6.0,,0.034499999999999996,0.0207,41.311922,-105.581147,2022,9,19,16
West,Knight Hall,2022-09-19T17:00:00,40.0,30.0,,,,44.8,8.0,,0.0276,0.0207,41.311922,-105.581147,2022,9,19,17
West,Knight Hall,2022-09-19T18:00:00,40.0,20.0,,,,48.42,6.0,,0.0276,0.0138,41.311922,-105.581147,2022,9,19,18
West,Knight Hall,2022-09-19T19:00:00,40.0,30.0,,,,45.46999999999999,2.0,,0.0276,0.0207,41.311922,-105.581147,2022,9,19,19
West,Knight Hall,2022-09-19T20:00:00,30.0,20.0,,,,45.52,,,0.0207,0.0138,41.311922,-105.581147,2022,9,19,20
West,Knight Hall,2022-09-19T21:00:00,30.0,30.0,,,,45.62,1.0,,0.0207,0.0207,41.311922,-105.581147,2022,9,19,21
West,Knight Hall,2022-09-19T22:00:00,30.0,20.0,,,,45.34,,,0.0207,0.0138,41.311922,-105.581147,2022,9,19,22
West,Knight Hall,2022-09-19T23:00:00,30.0,30.0,,,,45.39,,,0.0207,0.0207,41.311922,-105.581147,2022,9,19,23
West,Knight Hall,2022-09-20T00:00:00,20.0,20.0,,,,45.38,1.0,,0.0138,0.0138,41.311922,-105.581147,2022,9,20,0
West,Knight Hall,2022-09-20T01:00:00,20.0,30.0,,,,45.15,,,0.0138,0.0207,41.311922,-105.581147,2022,9,20,1
West,Knight Hall,2022-09-20T02:00:00,20.0,30.0,,,,45.15,,,0.0138,0.0207,41.311922,-105.581147,2022,9,20,2
West,Knight Hall,2022-09-20T03:00:00,30.0,30.0,,,,45.08,1.0,,0.0207,0.0207,41.311922,-105.581147,2022,9,20,3
West,Knight Hall,2022-09-20T04:00:00,20.0,20.0,,,,45.11,3.0,,0.0138,0.0138,41.311922,-105.581147,2022,9,20,4
West,Knight Hall,2022-09-20T05:00:00,30.0,30.0,,,,45.95,3.0,,0.0207,0.0207,41.311922,-105.581147,2022,9,20,5
West,Knight Hall,2022-09-20T06:00:00,30.0,20.0,,,,45.74999999999999,3.0,,0.0207,0.0138,41.311922,-105.581147,2022,9,20,6
West,Knight Hall,2022-09-20T07:00:00,60.0,50.0,,,,93.55,4.0,,0.0414,0.034499999999999996,41.311922,-105.581147,2022,9,20,7
West,Knight Hall,2022-09-20T08:00:00,60.0,60.0,,,,159.48,3.0,,0.0414,0.0414,41.311922,-105.581147,2022,9,20,8
West,Knight Hall,2022-09-20T09:00:00,,,,,,,7.0,,,,41.311922,-105.581147,2022,9,20,9
West,Knight Hall,2022-09-20T10:00:00,60.0,70.0,,,,,5.0,,0.0414,0.048299999999999996,41.311922,-105.581147,2022,9,20,10
West,Knight Hall,2022-09-20T11:00:00,,,,,,143.62,8.0,,,,41.311922,-105.581147,2022,9,20,11
West,Knight Hall,2022-09-20T12:00:00,60.0,60.0,,,,138.66,6.0,,0.0414,0.0414,41.311922,-105.581147,2022,9,20,12
West,Knight Hall,2022-09-20T13:00:00,,80.0,,,,125.94,8.0,,,0.0552,41.311922,-105.581147,2022,9,20,13
West,Knight Hall,2022-09-20T14:00:00,60.0,60.0,,,,148.81,6.0,,0.0414,0.0414,41.311922,-105.581147,2022,9,20,14
West,Knight Hall,2022-09-20T15:00:00,,80.0,,,,129.71,9.0,,,0.0552,41.311922,-105.581147,2022,9,20,15
West,Knight Hall,2022-09-20T16:00:00,50.0,60.0,,,,141.78,6.0,,0.034499999999999996,0.0414,41.311922,-105.581147,2022,9,20,16
West,Knight Hall,2022-09-20T17:00:00,60.0,40.0,,,,131.71,7.0,,0.0414,0.0276,41.311922,-105.581147,2022,9,20,17
West,Knight Hall,2022-09-20T18:00:00,30.0,40.0,,,,83.72,5.0,,0.0207,0.0276,41.311922,-105.581147,2022,9,20,18
West,Knight Hall,2022-09-20T19:00:00,40.0,40.0,,,,63.95,1.0,,0.0276,0.0276,41.311922,-105.581147,2022,9,20,19
West,Knight Hall,2022-09-20T20:00:00,20.0,30.0,,,,98.28,1.0,,0.0138,0.0207,41.311922,-105.581147,2022,9,20,20
West,Knight Hall,2022-09-20T21:00:00,40.0,30.0,,,,68.24,,,0.0276,0.0207,41.311922,-105.581147,2022,9,20,21
West,Knight Hall,2022-09-20T22:00:00,20.0,30.0,,,,71.54,1.0,,0.0138,0.0207,41.311922,-105.581147,2022,9,20,22
West,Knight Hall,2022-09-20T23:00:00,30.0,20.0,,,,58.73,,,0.0207,0.0138,41.311922,-105.581147,2022,9,20,23
West,Knight Hall,2022-09-21T00:00:00,20.0,30.0,,,,56.57,,,0.0138,0.0207,41.311922,-105.581147,2022,9,21,0
West,Knight Hall,2022-09-21T01:00:00,30.0,20.0,,,,57.8,1.0,,0.0207,0.0138,41.311922,-105.581147,2022,9,21,1
West,Knight Hall,2022-09-21T02:00:00,20.0,20.0,,,,57.78,,,0.0138,0.0138,41.311922,-105.581147,2022,9,21,2
West,Knight Hall,2022-09-21T03:00:00,30.0,30.0,,,,58.67,1.0,,0.0207,0.0207,41.311922,-105.581147,2022,9,21,3
West,Knight Hall,2022-09-21T04:00:00,20.0,20.0,,,,57.8,4.0,,0.0138,0.0138,41.311922,-105.581147,2022,9,21,4
West,Knight Hall,2022-09-21T05:00:00,30.0,30.0,,,,61.06,4.0,,0.0207,0.0207,41.311922,-105.581147,2022,9,21,5
West,Knight Hall,2022-09-21T06:00:00,20.0,30.0,,,,74.88,3.0,,0.0138,0.0207,41.311922,-105.581147,2022,9,21,6
West,Knight Hall,2022-09-21T07:00:00,60.0,50.0,,,,75.87,5.0,,0.0414,0.034499999999999996,41.311922,-105.581147,2022,9,21,7
West,Knight Hall,2022-09-21T08:00:00,50.0,60.0,,,,130.36,3.0,,0.034499999999999996,0.0414,41.311922,-105.581147,2022,9,21,8
West,Knight Hall,2022-09-21T09:00:00,80.0,,,,,,6.0,,0.0552,,41.311922,-105.581147,2022,9,21,9
West,Knight Hall,2022-09-21T10:00:00,60.0,60.0,,,,,4.0,,0.0414,0.0414,41.311922,-105.581147,2022,9,21,10
West,Knight Hall,2022-09-21T11:00:00,80.0,,,,,,7.0,,0.0552,,41.311922,-105.581147,2022,9,21,11
West,Knight Hall,2022-09-21T12:00:00,50.0,60.0,,,,,4.0,,0.034499999999999996,0.0414,41.311922,-105.581147,2022,9,21,12
West,Knight Hall,2022-09-21T13:00:00,80.0,,,,,,6.0,,0.0552,,41.311922,-105.581147,2022,9,21,13
West,Knight Hall,2022-09-21T14:00:00,60.0,60.0,,,,,5.0,,0.0414,0.0414,41.311922,-105.581147,2022,9,21,14
West,Knight Hall,2022-09-21T15:00:00,80.0,,,,,,6.0,,0.0552,,41.311922,-105.581147,2022,9,21,15
West,Knight Hall,2022-09-21T16:00:00,50.0,50.0,,,,138.68,4.0,,0.034499999999999996,0.034499999999999996,41.311922,-105.581147,2022,9,21,16
West,Knight Hall,2022-09-21T17:00:00,50.0,50.0,,,,106.55,5.0,,0.034499999999999996,0.034499999999999996,41.311922,-105.581147,2022,9,21,17
West,Knight Hall,2022-09-21T18:00:00,30.0,40.0,,,,60.85,3.0,,0.0207,0.0276,41.311922,-105.581147,2022,9,21,18
West,Knight Hall,2022-09-21T19:00:00,30.0,40.0,,,,105.88,1.0,,0.0207,0.0276,41.311922,-105.581147,2022,9,21,19
West,Knight Hall,2022-09-21T20:00:00,30.0,20.0,,,,82.1,1.0,,0.0207,0.0138,41.311922,-105.581147,2022,9,21,20
West,Knight Hall,2022-09-21T21:00:00,40.0,40.0,,,,61.17,,,0.0276,0.0276,41.311922,-105.581147,2022,9,21,21
West,Knight Hall,2022-09-21T22:00:00,20.0,20.0,,,,73.48,,,0.0138,0.0138,41.311922,-105.581147,2022,9,21,22
West,Knight Hall,2022-09-21T23:00:00,30.0,30.0,,,,75.94000000000001,1.0,,0.0207,0.0207,41.311922,-105.581147,2022,9,21,23
West,Knight Hall,2022-09-22T00:00:00,20.0,20.0,,,,55.43,,,0.0138,0.0138,41.311922,-105.581147,2022,9,22,0
West,Knight Hall,2022-09-22T01:00:00,20.0,30.0,,,,55.64999999999999,,,0.0138,0.0207,41.311922,-105.581147,2022,9,22,1
West,Knight Hall,2022-09-22T02:00:00,30.0,20.0,,,,56.55,1.0,,0.0207,0.0138,41.311922,-105.581147,2022,9,22,2
West,Knight Hall,2022-09-22T03:00:00,30.0,30.0,,,,55.88,,,0.0207,0.0207,41.311922,-105.581147,2022,9,22,3
West,Knight Hall,2022-09-22T04:00:00,20.0,20.0,,,,56.06,2.0,,0.0138,0.0138,41.311922,-105.581147,2022,9,22,4
West,Knight Hall,2022-09-22T05:00:00,30.0,40.0,,,,60.06999999999999,3.0,,0.0207,0.0276,41.311922,-105.581147,2022,9,22,5
West,Knight Hall,2022-09-22T06:00:00,30.0,20.0,,,,58.95,3.0,,0.0207,0.0138,41.311922,-105.581147,2022,9,22,6
West,Knight Hall,2022-09-22T07:00:00,60.0,40.0,,,,88.50999999999999,3.0,,0.0414,0.0276,41.311922,-105.581147,2022,9,22,7
West,Knight Hall,2022-09-22T08:00:00,60.0,80.0,,,,126.86,3.0,,0.0414,0.0552,41.311922,-105.581147,2022,9,22,8
West,Knight Hall,2022-09-22T09:00:00,80.0,80.0,,,,,4.333333333313931,,0.0552,0.0552,41.311922,-105.581147,2022,9,22,9
West,Knight Hall,2022-09-22T10:00:00,60.0,,,,,,1.6666666666860692,,0.0414,,41.311922,-105.581147,2022,9,22,10
West,Knight Hall,2022-09-22T11:00:00,70.0,,,,,,6.0,,0.048299999999999996,,41.311922,-105.581147,2022,9,22,11
West,Knight Hall,2022-09-22T12:00:00,70.0,60.0,,,,149.63,7.0,,0.048299999999999996,0.0414,41.311922,-105.581147,2022,9,22,12
West,Knight Hall,2022-09-22T13:00:00,70.0,70.0,,,,,7.0,,0.048299999999999996,0.048299999999999996,41.311922,-105.581147,2022,9,22,13
West,Knight Hall,2022-09-22T14:00:00,70.0,80.0,,,,,6.0,,0.048299999999999996,0.0552,41.311922,-105.581147,2022,9,22,14
West,Knight Hall,2022-09-22T15:00:00,70.0,70.0,,,,,7.0,,0.048299999999999996,0.048299999999999996,41.311922,-105.581147,2022,9,22,15
West,Knight Hall,2022-09-22T16:00:00,70.0,70.0,,,,145.82000000000002,6.0,,0.048299999999999996,0.048299999999999996,41.311922,-105.581147,2022,9,22,16
West,Knight Hall,2022-09-22T17:00:00,50.0,50.0,,,,107.98,6.0,,0.034499999999999996,0.034499999999999996,41.311922,-105.581147,2022,9,22,17
West,Knight Hall,2022-09-22T18:00:00,40.0,30.0,,,,121.75,5.0,,0.0276,0.0207,41.311922,-105.581147,2022,9,22,18
West,Knight Hall,2022-09-22T19:00:00,30.0,40.0,,,,72.77,1.0,,0.0207,0.0276,41.311922,-105.581147,2022,9,22,19
West,Knight Hall,2022-09-22T20:00:00,30.0,30.0,,,,88.87,,,0.0207,0.0207,41.311922,-105.581147,2022,9,22,20
West,Knight Hall,2022-09-22T21:00:00,20.0,40.0,,,,65.22,1.0,,0.0138,0.0276,41.311922,-105.581147,2022,9,22,21
West,Knight Hall,2022-09-22T22:00:00,30.0,20.0,,,,75.76,,,0.0207,0.0138,41.311922,-105.581147,2022,9,22,22
West,Knight Hall,2022-09-22T23:00:00,30.0,30.0,,,,60.49999999999999,,,0.0207,0.0207,41.311922,-105.581147,2022,9,22,23
West,Knight Hall,2022-09-23T00:00:00,20.0,30.0,,,,59.59,1.0,,0.0138,0.0207,41.311922,-105.581147,2022,9,23,0
West,Knight Hall,2022-09-23T01:00:00,20.0,20.0,,,,59.900000000000006,,,0.0138,0.0138,41.311922,-105.581147,2022,9,23,1
West,Knight Hall,2022-09-23T02:00:00,20.0,30.0,,,,59.27,,,0.0138,0.0207,41.311922,-105.581147,2022,9,23,2
West,Knight Hall,2022-09-23T03:00:00,30.0,20.0,,,,59.870000000000005,1.0,,0.0207,0.0138,41.311922,-105.581147,2022,9,23,3
West,Knight Hall,2022-09-23T04:00:00,20.0,30.0,,,,59.18000000000001,3.0,,0.0138,0.0207,41.311922,-105.581147,2022,9,23,4
West,Knight Hall,2022-09-23T05:00:00,30.0,40.0,,,,59.47,4.0,,0.0207,0.0276,41.311922,-105.581147,2022,9,23,5
West,Knight Hall,2022-09-23T06:00:00,30.0,20.0,,,,59.33,3.0,,0.0207,0.0138,41.311922,-105.581147,2022,9,23,6
West,Knight Hall,2022-09-23T07:00:00,50.0,50.0,,,,102.84,4.0,,0.034499999999999996,0.034499999999999996,41.311922,-105.581147,2022,9,23,7
West,Knight Hall,2022-09-23T08:00:00,60.0,60.0,,,,,3.0,,0.0414,0.0414,41.311922,-105.581147,2022,9,23,8
West,Knight Hall,2022-09-23T09:00:00,,,,,,,5.0,,,,41.311922,-105.581147,2022,9,23,9
West,Knight Hall,2022-09-23T10:00:00,60.0,60.0,,,,,5.0,,0.0414,0.0414,41.311922,-105.581147,2022,9,23,10
West,Knight Hall,2022-09-23T11:00:00,70.0,,,,,158.8,6.0,,0.048299999999999996,,41.311922,-105.581147,2022,9,23,11
West,Knight Hall,2022-09-23T12:00:00,70.0,60.0,,,,144.59,5.0,,0.048299999999999996,0.0414,41.311922,-105.581147,2022,9,23,12
West,Knight Hall,2022-09-23T13:00:00,80.0,80.0,,,,,8.0,,0.0552,0.0552,41.311922,-105.581147,2022,9,23,13
West,Knight Hall,2022-09-23T14:00:00,60.0,60.0,,,,,5.0,,0.0414,0.0414,41.311922,-105.581147,2022,9,23,14
West,Knight Hall,2022-09-23T15:00:00,80.0,,,,,152.57,7.0,,0.0552,,41.311922,-105.581147,2022,9,23,15
West,Knight Hall,2022-09-23T16:00:00,50.0,60.0,,,,131.09000000000003,6.0,,0.034499999999999996,0.0414,41.311922,-105.581147,2022,9,23,16
West,Knight Hall,2022-09-23T17:00:00,50.0,50.0,,,,162.98,7.0,,0.034499999999999996,0.034499999999999996,41.311922,-105.581147,2022,9,23,17
West,Knight Hall,2022-09-23T18:00:00,30.0,40.0,,,,53.36,5.0,,0.0207,0.0276,41.311922,-105.581147,2022,9,23,18
West,Knight Hall,2022-09-23T19:00:00,30.0,40.0,,,,53.38,1.0,,0.0207,0.0276,41.311922,-105.581147,2022,9,23,19
West,Knight Hall,2022-09-23T20:00:00,20.0,30.0,,,,77.66,,,0.0138,0.0207,41.311922,-105.581147,2022,9,23,20
West,Knight Hall,2022-09-23T21:00:00,40.0,40.0,,,,56.620000000000005,,,0.0276,0.0276,41.311922,-105.581147,2022,9,23,21
West,Knight Hall,2022-09-23T22:00:00,20.0,20.0,,,,64.49000000000001,1.0,,0.0138,0.0138,41.311922,-105.581147,2022,9,23,22
West,Knight Hall,2022-09-23T23:00:00,30.0,30.0,,,,45.82,,,0.0207,0.0207,41.311922,-105.581147,2022,9,23,23
West,Knight Hall,2022-09-24T00:00:00,20.0,30.0,,,,47.45,,,0.0138,0.0207,41.311922,-105.581147,2022,9,24,0
West,Knight Hall,2022-09-24T01:00:00,20.0,30.0,,,,45.8,1.0,,0.0138,0.0207,41.311922,-105.581147,2022,9,24,1
West,Knight Hall,2022-09-24T02:00:00,20.0,20.0,,,,45.970000000000006,,,0.0138,0.0138,41.311922,-105.581147,2022,9,24,2
West,Knight Hall,2022-09-24T03:00:00,30.0,30.0,,,,45.84,,,0.0207,0.0207,41.311922,-105.581147,2022,9,24,3
West,Knight Hall,2022-09-24T04:00:00,20.0,30.0,,,,45.3,,,0.0138,0.0207,41.311922,-105.581147,2022,9,24,4
West,Knight Hall,2022-09-24T05:00:00,30.0,30.0,,,,46.77,1.0,,0.0207,0.0207,41.311922,-105.581147,2022,9,24,5
West,Knight Hall,2022-09-24T06:00:00,20.0,30.0,,,,47.370000000000005,,,0.0138,0.0207,41.311922,-105.581147,2022,9,24,6
West,Knight Hall,2022-09-24T07:00:00,30.0,50.0,,,,69.17,,,0.0207,0.034499999999999996,41.311922,-105.581147,2022,9,24,7
West,Knight Hall,2022-09-24T08:00:00,20.0,50.0,,,,133.63,3.0,,0.0138,0.034499999999999996,41.311922,-105.581147,2022,9,24,8
West,Knight Hall,2022-09-24T09:00:00,30.0,70.0,,,,,6.0,,0.0207,0.048299999999999996,41.311922,-105.581147,2022,9,24,9
West,Knight Hall,2022-09-24T10:00:00,20.0,80.0,,,,149.31,4.0,,0.0138,0.0552,41.311922,-105.581147,2022,9,24,10
West,Knight Hall,2022-09-24T11:00:00,30.0,70.0,,,,135.96,7.0,,0.0207,0.048299999999999996,41.311922,-105.581147,2022,9,24,11
West,Knight Hall,2022-09-24T12:00:00,30.0,60.0,,,,103.23,5.0,,0.0207,0.0414,41.311922,-105.581147,2022,9,24,12
West,Knight Hall,2022-09-24T13:00:00,30.0,70.0,,,,138.96,8.0,,0.0207,0.048299999999999996,41.311922,-105.581147,2022,9,24,13
West,Knight Hall,2022-09-24T14:00:00,20.0,60.0,,,,164.4,5.0,,0.0138,0.0414,41.311922,-105.581147,2022,9,24,14
West,Knight Hall,2022-09-24T15:00:00,30.0,70.0,,,,105.26,7.0,,0.0207,0.048299999999999996,41.311922,-105.581147,2022,9,24,15
West,Knight Hall,2022-09-24T16:00:00,30.0,60.0,,,,168.45,1.0,,0.0207,0.0414,41.311922,-105.581147,2022,9,24,16
West,Knight Hall,2022-09-24T17:00:00,30.0,50.0,,,,88.48,,,0.0207,0.034499999999999996,41.311922,-105.581147,2022,9,24,17
West,Knight Hall,2022-09-24T18:00:00,20.0,30.0,,,,82.26,,,0.0138,0.0207,41.311922,-105.581147,2022,9,24,18
West,Knight Hall,2022-09-24T19:00:00,30.0,30.0,,,,48.43,1.0,,0.0207,0.0207,41.311922,-105.581147,2022,9,24,19
West,Knight Hall,2022-09-24T20:00:00,20.0,30.0,,,,79.9,,,0.0138,0.0207,41.311922,-105.581147,2022,9,24,20
West,Knight Hall,2022-09-24T21:00:00,30.0,30.0,,,,61.34,1.0,,0.0207,0.0207,41.311922,-105.581147,2022,9,24,21
West,Knight Hall,2022-09-24T22:00:00,20.0,30.0,,,,46.85,,,0.0138,0.0207,41.311922,-105.581147,2022,9,24,22
West,Knight Hall,2022-09-24T23:00:00,30.0,30.0,,,,46.44,,,0.0207,0.0207,41.311922,-105.581147,2022,9,24,23
West,Knight Hall,2022-09-25T00:00:00,20.0,20.0,,,,46.64,1.0,,0.0138,0.0138,41.311922,-105.581147,2022,9,25,0
West,Knight Hall,2022-09-25T01:00:00,30.0,30.0,,,,45.49,,,0.0207,0.0207,41.311922,-105.581147,2022,9,25,1
West,Knight Hall,2022-09-25T02:00:00,20.0,20.0,,,,46.23,,,0.0138,0.0138,41.311922,-105.581147,2022,9,25,2
West,Knight Hall,2022-09-25T03:00:00,30.0,30.0,,,,47.28,,,0.0207,0.0207,41.311922,-105.581147,2022,9,25,3
West,Knight Hall,2022-09-25T04:00:00,20.0,20.0,,,,47.05,1.0,,0.0138,0.0138,41.311922,-105.581147,2022,9,25,4
West,Knight Hall,2022-09-25T05:00:00,30.0,30.0,,,,46.55,,,0.0207,0.0207,41.311922,-105.581147,2022,9,25,5
West,Knight Hall,2022-09-25T06:00:00,20.0,20.0,,,,46.55,,,0.0138,0.0138,41.311922,-105.581147,2022,9,25,6
West,Knight Hall,2022-09-25T07:00:00,20.0,30.0,,,,45.88,1.0,,0.0138,0.0207,41.311922,-105.581147,2022,9,25,7
West,Knight Hall,2022-09-25T08:00:00,30.0,30.0,,,,46.77,3.0,,0.0207,0.0207,41.311922,-105.581147,2022,9,25,8
West,Knight Hall,2022-09-25T09:00:00,30.0,20.0,,,,53.38,3.0,,0.0207,0.0138,41.311922,-105.581147,2022,9,25,9
West,Knight Hall,2022-09-25T10:00:00,30.0,30.0,,,,46.74,4.0,,0.0207,0.0207,41.311922,-105.581147,2022,9,25,10
West,Knight Hall,2022-09-25T11:00:00,20.0,30.0,,,,46.66,5.0,,0.0138,0.0207,41.311922,-105.581147,2022,9,25,11
West,Knight Hall,2022-09-25T12:00:00,30.0,30.0,,,,48.900000000000006,6.0,,0.0207,0.0207,41.311922,-105.581147,2022,9,25,12
West,Knight Hall,2022-09-25T13:00:00,40.0,30.0,,,,47.50000000000001,7.0,,0.0276,0.0207,41.311922,-105.581147,2022,9,25,13
West,Knight Hall,2022-09-25T14:00:00,20.0,20.0,,,,50.32,5.0,,0.0138,0.0138,41.311922,-105.581147,2022,9,25,14
West,Knight Hall,2022-09-25T15:00:00,30.0,30.0,,,,50.5,6.0,,0.0207,0.0207,41.311922,-105.581147,2022,9,25,15
West,Knight Hall,2022-09-25T16:00:00,30.0,20.0,,,,50.74999999999999,2.0,,0.0207,0.0138,41.311922,-105.581147,2022,9,25,16
West,Knight Hall,2022-09-25T17:00:00,30.0,30.0,,,,49.09,,,0.0207,0.0207,41.311922,-105.581147,2022,9,25,17
West,Knight Hall,2022-09-25T18:00:00,20.0,20.0,,,,46.07,1.0,,0.0138,0.0138,41.311922,-105.581147,2022,9,25,18
West,Knight Hall,2022-09-25T19:00:00,30.0,30.0,,,,46.44,,,0.0207,0.0207,41.311922,-105.581147,2022,9,25,19
West,Knight Hall,2022-09-25T20:00:00,20.0,20.0,,,,45.38,,,0.0138,0.0138,41.311922,-105.581147,2022,9,25,20
West,Knight Hall,2022-09-25T21:00:00,30.0,20.0,,,,46.42,1.0,,0.0207,0.0138,41.311922,-105.581147,2022,9,25,21
West,Knight Hall,2022-09-25T22:00:00,20.0,30.0,,,,46.7,,,0.0138,0.0207,41.311922,-105.581147,2022,9,25,22
West,Knight Hall,2022-09-25T23:00:00,30.0,30.0,,,,47.13,,,0.0207,0.0207,41.311922,-105.581147,2022,9,25,23
West,Knight Hall,2022-09-26T00:00:00,20.0,20.0,,,,45.41,1.0,,0.0138,0.0138,41.311922,-105.581147,2022,9,26,0
West,Knight Hall,2022-09-26T01:00:00,20.0,30.0,,,,46.33,,,0.0138,0.0207,41.311922,-105.581147,2022,9,26,1
West,Knight Hall,2022-09-26T02:00:00,30.0,20.0,,,,46.36,,,0.0207,0.0138,41.311922,-105.581147,2022,9,26,2
West,Knight Hall,2022-09-26T03:00:00,20.0,30.0,,,,46.16,1.0,,0.0138,0.0207,41.311922,-105.581147,2022,9,26,3
West,Knight Hall,2022-09-26T04:00:00,30.0,20.0,,,,46.38,2.0,,0.0207,0.0138,41.311922,-105.581147,2022,9,26,4
West,Knight Hall,2022-09-26T05:00:00,30.0,30.0,,,,46.33,3.0,,0.0207,0.0207,41.311922,-105.581147,2022,9,26,5
West,Knight Hall,2022-09-26T06:00:00,30.0,20.0,,,,47.06999999999999,3.0,,0.0207,0.0138,41.311922,-105.581147,2022,9,26,6
West,Knight Hall,2022-09-26T07:00:00,50.0,30.0,,,,46.44,2.0,,0.034499999999999996,0.0207,41.311922,-105.581147,2022,9,26,7
West,Knight Hall,2022-09-26T08:00:00,70.0,20.0,,,,45.47,4.0,,0.048299999999999996,0.0138,41.311922,-105.581147,2022,9,26,8
West,Knight Hall,2022-09-26T09:00:00,,30.0,,,,45.650000000000006,5.0,,,0.0207,41.311922,-105.581147,2022,9,26,9
West,Knight Hall,2022-09-26T10:00:00,80.0,20.0,,,,46.25,6.0,,0.0552,0.0138,41.311922,-105.581147,2022,9,26,10
West,Knight Hall,2022-09-26T11:00:00,80.0,40.0,,,,46.23,7.0,,0.0552,0.0276,41.311922,-105.581147,2022,9,26,11
West,Knight Hall,2022-09-26T12:00:00,80.0,20.0,,,,51.74999999999999,7.0,,0.0552,0.0138,41.311922,-105.581147,2022,9,26,12
West,Knight Hall,2022-09-26T13:00:00,80.0,40.0,,,,46.48,7.0,,0.0552,0.0276,41.311922,-105.581147,2022,9,26,13
West,Knight Hall,2022-09-26T14:00:00,80.0,20.0,,,,45.41,8.0,,0.0552,0.0138,41.311922,-105.581147,2022,9,26,14
West,Knight Hall,2022-09-26T15:00:00,70.0,30.0,,,,50.49,7.0,,0.048299999999999996,0.0207,41.311922,-105.581147,2022,9,26,15
West,Knight Hall,2022-09-26T16:00:00,70.0,20.0,,,,46.34,8.0,,0.048299999999999996,0.0138,41.311922,-105.581147,2022,9,26,16
West,Knight Hall,2022-09-26T17:00:00,50.0,30.0,,,,46.59,7.0,,0.034499999999999996,0.0207,41.311922,-105.581147,2022,9,26,17
West,Knight Hall,2022-09-26T18:00:00,40.0,20.0,,,,46.06999999999999,6.0,,0.0276,0.0138,41.311922,-105.581147,2022,9,26,18
West,Knight Hall,2022-09-26T19:00:00,30.0,30.0,,,,47.17,2.0,,0.0207,0.0207,41.311922,-105.581147,2022,9,26,19
West,Knight Hall,2022-09-26T20:00:00,30.0,20.0,,,,49.09,,,0.0207,0.0138,41.311922,-105.581147,2022,9,26,20
West,Knight Hall,2022-09-26T21:00:00,30.0,30.0,,,,46.31,,,0.0207,0.0207,41.311922,-105.581147,2022,9,26,21
West,Knight Hall,2022-09-26T22:00:00,20.0,20.0,,,,46.49,1.0,,0.0138,0.0138,41.311922,-105.581147,2022,9,26,22
West,Knight Hall,2022-09-26T23:00:00,30.0,30.0,,,,47.05,,,0.0207,0.0207,41.311922,-105.581147,2022,9,26,23
West,Knight Hall,2022-09-27T00:00:00,20.0,20.0,,,,46.08,,,0.0138,0.0138,41.311922,-105.581147,2022,9,27,0
West,Knight Hall,2022-09-27T01:00:00,30.0,30.0,,,,45.190000000000005,1.0,,0.0207,0.0207,41.311922,-105.581147,2022,9,27,1
West,Knight Hall,2022-09-27T02:00:00,30.0,20.0,,,,46.01,,,0.0207,0.0138,41.311922,-105.581147,2022,9,27,2
West,Knight Hall,2022-09-27T03:00:00,20.0,30.0,,,,45.93000000000001,1.0,,0.0138,0.0207,41.311922,-105.581147,2022,9,27,3
West,Knight Hall,2022-09-27T04:00:00,30.0,30.0,,,,46.05,3.0,,0.0207,0.0207,41.311922,-105.581147,2022,9,27,4
West,Knight Hall,2022-09-27T05:00:00,30.0,20.0,,,,55.74,4.0,,0.0207,0.0138,41.311922,-105.581147,2022,9,27,5
West,Knight Hall,2022-09-27T06:00:00,30.0,30.0,,,,51.55,3.0,,0.0207,0.0207,41.311922,-105.581147,2022,9,27,6
West,Knight Hall,2022-09-27T07:00:00,40.0,60.0,,,,86.48,4.0,,0.0276,0.0414,41.311922,-105.581147,2022,9,27,7
West,Knight Hall,2022-09-27T08:00:00,70.0,60.0,,,,114.6,5.0,,0.048299999999999996,0.0414,41.311922,-105.581147,2022,9,27,8
West,Knight Hall,2022-09-27T09:00:00,80.0,80.0,,,,168.52,6.0,,0.0552,0.0552,41.311922,-105.581147,2022,9,27,9
West,Knight Hall,2022-09-27T10:00:00,70.0,60.0,,,,,7.0,,0.048299999999999996,0.0414,41.311922,-105.581147,2022,9,27,10
West,Knight Hall,2022-09-27T11:00:00,80.0,80.0,,,,154.76,8.0,,0.0552,0.0552,41.311922,-105.581147,2022,9,27,11
West,Knight Hall,2022-09-27T12:00:00,70.0,70.0,,,,137.02,8.0,,0.048299999999999996,0.048299999999999996,41.311922,-105.581147,2022,9,27,12
West,Knight Hall,2022-09-27T13:00:00,70.0,80.0,,,,137.75,8.0,,0.048299999999999996,0.0552,41.311922,-105.581147,2022,9,27,13
West,Knight Hall,2022-09-27T14:00:00,80.0,60.0,,,,113.95,7.0,,0.0552,0.0414,41.311922,-105.581147,2022,9,27,14
West,Knight Hall,2022-09-27T15:00:00,70.0,80.0,,,,130.4,7.0,,0.048299999999999996,0.0552,41.311922,-105.581147,2022,9,27,15
West,Knight Hall,2022-09-27T16:00:00,70.0,60.0,,,,131.2,7.0,,0.048299999999999996,0.0414,41.311922,-105.581147,2022,9,27,16
West,Knight Hall,2022-09-27T17:00:00,40.0,50.0,,,,114.4,7.0,,0.0276,0.034499999999999996,41.311922,-105.581147,2022,9,27,17
West,Knight Hall,2022-09-27T18:00:00,40.0,40.0,,,,65.11,5.0,,0.0276,0.0276,41.311922,-105.581147,2022,9,27,18
West,Knight Hall,2022-09-27T19:00:00,30.0,30.0,,,,46.38,2.0,,0.0207,0.0207,41.311922,-105.581147,2022,9,27,19
West,Knight Hall,2022-09-27T20:00:00,40.0,30.0,,,,76.2,,,0.0276,0.0207,41.311922,-105.581147,2022,9,27,20
West,Knight Hall,2022-09-27T21:00:00,30.0,30.0,,,,53.86000000000001,,,0.0207,0.0207,41.311922,-105.581147,2022,9,27,21
West,Knight Hall,2022-09-27T22:00:00,30.0,20.0,,,,57.35000000000001,1.0,,0.0207,0.0138,41.311922,-105.581147,2022,9,27,22
West,Knight Hall,2022-09-27T23:00:00,30.0,30.0,,,,46.38,,,0.0207,0.0207,41.311922,-105.581147,2022,9,27,23
West,Knight Hall,2022-09-28T00:00:00,20.0,20.0,,,,46.31,,,0.0138,0.0138,41.311922,-105.581147,2022,9,28,0
West,Knight Hall,2022-09-28T01:00:00,30.0,30.0,,,,45.62,1.0,,0.0207,0.0207,41.311922,-105.581147,2022,9,28,1
West,Knight Hall,2022-09-28T02:00:00,30.0,20.0,,,,46.53,,,0.0207,0.0138,41.311922,-105.581147,2022,9,28,2
West,Knight Hall,2022-09-28T03:00:00,20.0,30.0,,,,45.73,1.0,,0.0138,0.0207,41.311922,-105.581147,2022,9,28,3
West,Knight Hall,2022-09-28T04:00:00,30.0,20.0,,,,45.93000000000001,3.0,,0.0207,0.0138,41.311922,-105.581147,2022,9,28,4
West,Knight Hall,2022-09-28T05:00:00,30.0,40.0,,,,51.18000000000001,5.0,,0.0207,0.0276,41.311922,-105.581147,2022,9,28,5
West,Knight Hall,2022-09-28T06:00:00,30.0,20.0,,,,45.69,4.0,,0.0207,0.0138,41.311922,-105.581147,2022,9,28,6
West,Knight Hall,2022-09-28T07:00:00,50.0,60.0,,,,70.42,5.0,,0.034499999999999996,0.0414,41.311922,-105.581147,2022,9,28,7
West,Knight Hall,2022-09-28T08:00:00,70.0,50.0,,,,100.0,6.0,,0.048299999999999996,0.034499999999999996,41.311922,-105.581147,2022,9,28,8
West,Knight Hall,2022-09-28T09:00:00,70.0,70.0,,,,149.72,7.0,,0.048299999999999996,0.048299999999999996,41.311922,-105.581147,2022,9,28,9
West,Knight Hall,2022-09-28T10:00:00,70.0,80.0,,,,,7.0,,0.048299999999999996,0.0552,41.311922,-105.581147,2022,9,28,10
West,Knight Hall,2022-09-28T11:00:00,70.0,80.0,,,,,8.0,,0.048299999999999996,0.0552,41.311922,-105.581147,2022,9,28,11
West,Knight Hall,2022-09-28T12:00:00,70.0,60.0,,,,157.63,8.0,,0.048299999999999996,0.0414,41.311922,-105.581147,2022,9,28,12
West,Knight Hall,2022-09-28T13:00:00,80.0,80.0,,,,153.75,8.0,,0.0552,0.0552,41.311922,-105.581147,2022,9,28,13
West,Knight Hall,2022-09-28T14:00:00,70.0,60.0,,,,156.7,8.0,,0.048299999999999996,0.0414,41.311922,-105.581147,2022,9,28,14
West,Knight Hall,2022-09-28T15:00:00,80.0,80.0,,,,124.08,7.0,,0.0552,0.0552,41.311922,-105.581147,2022,9,28,15
West,Knight Hall,2022-09-28T16:00:00,70.0,60.0,,,,112.4,8.0,,0.048299999999999996,0.0414,41.311922,-105.581147,2022,9,28,16
West,Knight Hall,2022-09-28T17:00:00,40.0,50.0,,,,131.3,8.0,,0.0276,0.034499999999999996,41.311922,-105.581147,2022,9,28,17
West,Knight Hall,2022-09-28T18:00:00,40.0,40.0,,,,73.92999999999999,7.0,,0.0276,0.0276,41.311922,-105.581147,2022,9,28,18
West,Knight Hall,2022-09-28T19:00:00,30.0,30.0,,,,51.55,1.0,,0.0207,0.0207,41.311922,-105.581147,2022,9,28,19
West,Knight Hall,2022-09-28T20:00:00,30.0,30.0,,,,81.07,,,0.0207,0.0207,41.311922,-105.581147,2022,9,28,20
West,Knight Hall,2022-09-28T21:00:00,30.0,40.0,,,,55.58,1.0,,0.0207,0.0276,41.311922,-105.581147,2022,9,28,21
West,Knight Hall,2022-09-28T22:00:00,30.0,20.0,,,,75.05000000000001,,,0.0207,0.0138,41.311922,-105.581147,2022,9,28,22
West,Knight Hall,2022-09-28T23:00:00,30.0,30.0,,,,51.88,,,0.0207,0.0207,41.311922,-105.581147,2022,9,28,23
West,Knight Hall,2022-09-29T00:00:00,30.0,30.0,,,,52.61,1.0,,0.0207,0.0207,41.311922,-105.581147,2022,9,29,0
West,Knight Hall,2022-09-29T01:00:00,20.0,20.0,,,,50.91000000000001,,,0.0138,0.0138,41.311922,-105.581147,2022,9,29,1
West,Knight Hall,2022-09-29T02:00:00,30.0,30.0,,,,50.11,1.0,,0.0207,0.0207,41.311922,-105.581147,2022,9,29,2
West,Knight Hall,2022-09-29T03:00:00,30.0,20.0,,,,50.95,,,0.0207,0.0138,41.311922,-105.581147,2022,9,29,3
West,Knight Hall,2022-09-29T04:00:00,20.0,30.0,,,,50.73,4.0,,0.0138,0.0207,41.311922,-105.581147,2022,9,29,4
West,Knight Hall,2022-09-29T05:00:00,30.0,40.0,,,,51.12,6.0,,0.0207,0.0276,41.311922,-105.581147,2022,9,29,5
West,Knight Hall,2022-09-29T06:00:00,40.0,20.0,,,,56.42,5.0,,0.0276,0.0138,41.311922,-105.581147,2022,9,29,6
West,Knight Hall,2022-09-29T07:00:00,40.0,60.0,,,,82.97,5.0,,0.0276,0.0414,41.311922,-105.581147,2022,9,29,7
West,Knight Hall,2022-09-29T08:00:00,80.0,60.0,,,,124.56,5.0,,0.0552,0.0414,41.311922,-105.581147,2022,9,29,8
West,Knight Hall,2022-09-29T09:00:00,70.0,70.0,,,,153.71,7.0,,0.048299999999999996,0.048299999999999996,41.311922,-105.581147,2022,9,29,9
West,Knight Hall,2022-09-29T10:00:00,80.0,80.0,,,,,7.0,,0.0552,0.0552,41.311922,-105.581147,2022,9,29,10
West,Knight Hall,2022-09-29T11:00:00,70.0,80.0,,,,,7.0,,0.048299999999999996,0.0552,41.311922,-105.581147,2022,9,29,11
West,Knight Hall,2022-09-29T12:00:00,70.0,60.0,,,,,8.0,,0.048299999999999996,0.0414,41.311922,-105.581147,2022,9,29,12
West,Knight Hall,2022-09-29T13:00:00,70.0,80.0,,,,141.24,8.0,,0.048299999999999996,0.0552,41.311922,-105.581147,2022,9,29,13
West,Knight Hall,2022-09-29T14:00:00,80.0,60.0,,,,,8.0,,0.0552,0.0414,41.311922,-105.581147,2022,9,29,14
West,Knight Hall,2022-09-29T15:00:00,70.0,,,,,120.24,7.0,,0.048299999999999996,,41.311922,-105.581147,2022,9,29,15
West,Knight Hall,2022-09-29T16:00:00,70.0,50.0,,,,144.57,8.0,,0.048299999999999996,0.034499999999999996,41.311922,-105.581147,2022,9,29,16
West,Knight Hall,2022-09-29T17:00:00,50.0,60.0,,,,87.82,6.0,,0.034499999999999996,0.0414,41.311922,-105.581147,2022,9,29,17
West,Knight Hall,2022-09-29T18:00:00,40.0,30.0,,,,98.36,7.0,,0.0276,0.0207,41.311922,-105.581147,2022,9,29,18
West,Knight Hall,2022-09-29T19:00:00,30.0,50.0,,,,87.78,1.0,,0.0207,0.034499999999999996,41.311922,-105.581147,2022,9,29,19
West,Knight Hall,2022-09-29T20:00:00,30.0,20.0,,,,66.94999999999999,,,0.0207,0.0138,41.311922,-105.581147,2022,9,29,20
West,Knight Hall,2022-09-29T21:00:00,30.0,40.0,,,,60.18,1.0,,0.0207,0.0276,41.311922,-105.581147,2022,9,29,21
West,Knight Hall,2022-09-29T22:00:00,30.0,30.0,,,,57.27,,,0.0207,0.0207,41.311922,-105.581147,2022,9,29,22
West,Knight Hall,2022-09-29T23:00:00,30.0,30.0,,,,54.29,1.0,,0.0207,0.0207,41.311922,-105.581147,2022,9,29,23
West,Knight Hall,2022-09-30T00:00:00,30.0,30.0,,,,53.02,,,0.0207,0.0207,41.311922,-105.581147,2022,9,30,0
West,Knight Hall,2022-09-30T01:00:00,20.0,30.0,,,,52.650000000000006,,,0.0138,0.0207,41.311922,-105.581147,2022,9,30,1
West,Knight Hall,2022-09-30T02:00:00,30.0,20.0,,,,52.29,1.0,,0.0207,0.0138,41.311922,-105.581147,2022,9,30,2
West,Knight Hall,2022-09-30T03:00:00,30.0,30.0,,,,51.31,,,0.0207,0.0207,41.311922,-105.581147,2022,9,30,3
West,Knight Hall,2022-09-30T04:00:00,30.0,30.0,,,,51.29,5.0,,0.0207,0.0207,41.311922,-105.581147,2022,9,30,4
West,Knight Hall,2022-09-30T05:00:00,30.0,30.0,,,,53.49,5.0,,0.0207,0.0207,41.311922,-105.581147,2022,9,30,5
West,Knight Hall,2022-09-30T06:00:00,30.0,30.0,,,,57.26,5.0,,0.0207,0.0207,41.311922,-105.581147,2022,9,30,6
West,Knight Hall,2022-09-30T07:00:00,50.0,40.0,,,,78.42,5.0,,0.034499999999999996,0.0276,41.311922,-105.581147,2022,9,30,7
West,Knight Hall,2022-09-30T08:00:00,70.0,70.0,,,,,6.0,,0.048299999999999996,0.048299999999999996,41.311922,-105.581147,2022,9,30,8
West,Knight Hall,2022-09-30T09:00:00,70.0,,,,,,6.0,,0.048299999999999996,,41.311922,-105.581147,2022,9,30,9
West,Knight Hall,2022-09-30T10:00:00,80.0,60.0,,,,,6.0,,0.0552,0.0414,41.311922,-105.581147,2022,9,30,10
West,Knight Hall,2022-09-30T11:00:00,70.0,,,,,,6.0,,0.048299999999999996,,41.311922,-105.581147,2022,9,30,11
West,Knight Hall,2022-09-30T12:00:00,80.0,60.0,,,,115.26,6.0,,0.0552,0.0414,41.311922,-105.581147,2022,9,30,12
West,Knight Hall,2022-09-30T13:00:00,70.0,,,,,134.28,7.0,,0.048299999999999996,,41.311922,-105.581147,2022,9,30,13
West,Knight Hall,2022-09-30T14:00:00,80.0,60.0,,,,116.67,5.0,,0.0552,0.0414,41.311922,-105.581147,2022,9,30,14
West,Knight Hall,2022-09-30T15:00:00,70.0,80.0,,,,143.16,5.0,,0.048299999999999996,0.0552,41.311922,-105.581147,2022,9,30,15
West,Knight Hall,2022-09-30T16:00:00,70.0,60.0,,,,142.82,6.0,,0.048299999999999996,0.0414,41.311922,-105.581147,2022,9,30,16
West,Knight Hall,2022-09-30T17:00:00,50.0,50.0,,,,78.55,5.0,,0.034499999999999996,0.034499999999999996,41.311922,-105.581147,2022,9,30,17
West,Knight Hall,2022-09-30T18:00:00,40.0,40.0,,,,71.54,6.0,,0.0276,0.0276,41.311922,-105.581147,2022,9,30,18
West,Knight Hall,2022-09-30T19:00:00,30.0,40.0,,,,84.76,1.0,,0.0207,0.0276,41.311922,-105.581147,2022,9,30,19
West,Knight Hall,2022-09-30T20:00:00,40.0,30.0,,,,84.0,,,0.0276,0.0207,41.311922,-105.581147,2022,9,30,20
West,Knight Hall,2022-09-30T21:00:00,30.0,30.0,,,,59.92,,,0.0207,0.0207,41.311922,-105.581147,2022,9,30,21
West,Knight Hall,2022-09-30T22:00:00,30.0,30.0,,,,74.79,1.0,,0.0207,0.0207,41.311922,-105.581147,2022,9,30,22
West,Knight Hall,2022-09-30T23:00:00,20.0,30.0,,,,50.46999999999999,,,0.0138,0.0207,41.311922,-105.581147,2022,9,30,23
West,Knight Hall,2022-10-01T00:00:00,30.0,20.0,,,,49.52,1.0,,0.0207,0.0138,41.311922,-105.581147,2022,10,1,0
West,Knight Hall,2022-10-01T01:00:00,30.0,40.0,,,,50.0,,,0.0207,0.0276,41.311922,-105.581147,2022,10,1,1
West,Knight Hall,2022-10-01T02:00:00,30.0,20.0,,,,49.16,,,0.0207,0.0138,41.311922,-105.581147,2022,10,1,2
West,Knight Hall,2022-10-01T03:00:00,30.0,30.0,,,,49.96,1.0,,0.0207,0.0207,41.311922,-105.581147,2022,10,1,3
West,Knight Hall,2022-10-01T04:00:00,20.0,20.0,,,,50.49,,,0.0138,0.0138,41.311922,-105.581147,2022,10,1,4
West,Knight Hall,2022-10-01T05:00:00,30.0,40.0,,,,51.31,1.0,,0.0207,0.0276,41.311922,-105.581147,2022,10,1,5
West,Knight Hall,2022-10-01T06:00:00,30.0,20.0,,,,48.84,,,0.0207,0.0138,41.311922,-105.581147,2022,10,1,6
West,Knight Hall,2022-10-01T07:00:00,30.0,60.0,,,,75.66,,,0.0207,0.0414,41.311922,-105.581147,2022,10,1,7
West,Knight Hall,2022-10-01T08:00:00,30.0,60.0,,,,127.58,5.0,,0.0207,0.0414,41.311922,-105.581147,2022,10,1,8
West,Knight Hall,2022-10-01T09:00:00,30.0,80.0,,,,155.8,6.0,,0.0207,0.0552,41.311922,-105.581147,2022,10,1,9
West,Knight Hall,2022-10-01T10:00:00,30.0,60.0,,,,,6.0,,0.0207,0.0414,41.311922,-105.581147,2022,10,1,10
West,Knight Hall,2022-10-01T11:00:00,40.0,80.0,,,,148.38,7.0,,0.0276,0.0552,41.311922,-105.581147,2022,10,1,11
West,Knight Hall,2022-10-01T12:00:00,20.0,60.0,,,,151.92,6.0,,0.0138,0.0414,41.311922,-105.581147,2022,10,1,12
West,Knight Hall,2022-10-01T13:00:00,40.0,80.0,,,,107.89,7.0,,0.0276,0.0552,41.311922,-105.581147,2022,10,1,13
West,Knight Hall,2022-10-01T14:00:00,20.0,50.0,,,,,5.0,,0.0138,0.034499999999999996,41.311922,-105.581147,2022,10,1,14
West,Knight Hall,2022-10-01T15:00:00,30.0,80.0,,,,,6.0,,0.0207,0.0552,41.311922,-105.581147,2022,10,1,15
West,Knight Hall,2022-10-01T16:00:00,30.0,60.0,,,,,1.0,,0.0207,0.0414,41.311922,-105.581147,2022,10,1,16
West,Knight Hall,2022-10-01T17:00:00,30.0,50.0,,,,,,,0.0207,0.034499999999999996,41.311922,-105.581147,2022,10,1,17
West,Knight Hall,2022-10-01T18:00:00,30.0,30.0,,,,,1.0,,0.0207,0.0207,41.311922,-105.581147,2022,10,1,18
West,Knight Hall,2022-10-01T19:00:00,30.0,40.0,,,,51.77,,,0.0207,0.0276,41.311922,-105.581147,2022,10,1,19
West,Knight Hall,2022-10-01T20:00:00,20.0,30.0,,,,86.16,1.0,,0.0138,0.0207,41.311922,-105.581147,2022,10,1,20
West,Knight Hall,2022-10-01T21:00:00,30.0,40.0,,,,55.99,,,0.0207,0.0276,41.311922,-105.581147,2022,10,1,21
West,Knight Hall,2022-10-01T22:00:00,30.0,20.0,,,,77.27000000000001,,,0.0207,0.0138,41.311922,-105.581147,2022,10,1,22
West,Knight Hall,2022-10-01T23:00:00,30.0,30.0,,,,54.01,1.0,,0.0207,0.0207,41.311922,-105.581147,2022,10,1,23
West,Knight Hall,2022-10-02T00:00:00,20.0,20.0,,,,50.43,,,0.0138,0.0138,41.311922,-105.581147,2022,10,2,0
West,Knight Hall,2022-10-02T01:00:00,30.0,30.0,,,,51.46,1.0,,0.0207,0.0207,41.311922,-105.581147,2022,10,2,1
West,Knight Hall,2022-10-02T02:00:00,30.0,30.0,,,,51.68,,,0.0207,0.0207,41.311922,-105.581147,2022,10,2,2
West,Knight Hall,2022-10-02T03:00:00,30.0,30.0,,,,51.19,,,0.0207,0.0207,41.311922,-105.581147,2022,10,2,3
West,Knight Hall,2022-10-02T04:00:00,30.0,20.0,,,,52.64999999999999,1.0,,0.0207,0.0138,41.311922,-105.581147,2022,10,2,4
West,Knight Hall,2022-10-02T05:00:00,30.0,30.0,,,,51.27,,,0.0207,0.0207,41.311922,-105.581147,2022,10,2,5
West,Knight Hall,2022-10-02T06:00:00,20.0,20.0,,,,50.9,1.0,,0.0138,0.0138,41.311922,-105.581147,2022,10,2,6
West,Knight Hall,2022-10-02T07:00:00,30.0,30.0,,,,50.88,,,0.0207,0.0207,41.311922,-105.581147,2022,10,2,7
West,Knight Hall,2022-10-02T08:00:00,30.0,40.0,,,,67.64,5.0,,0.0207,0.0276,41.311922,-105.581147,2022,10,2,8
West,Knight Hall,2022-10-02T09:00:00,30.0,30.0,,,,58.02,6.0,,0.0207,0.0207,41.311922,-105.581147,2022,10,2,9
West,Knight Hall,2022-10-02T10:00:00,40.0,30.0,,,,53.0,6.0,,0.0276,0.0207,41.311922,-105.581147,2022,10,2,10
West,Knight Hall,2022-10-02T11:00:00,30.0,30.0,,,,52.05,7.0,,0.0207,0.0207,41.311922,-105.581147,2022,10,2,11
West,Knight Hall,2022-10-02T12:00:00,30.0,30.0,,,,51.46999999999999,6.0,,0.0207,0.0207,41.311922,-105.581147,2022,10,2,12
West,Knight Hall,2022-10-02T13:00:00,40.0,30.0,,,,61.66,8.0,,0.0276,0.0207,41.311922,-105.581147,2022,10,2,13
West,Knight Hall,2022-10-02T14:00:00,20.0,30.0,,,,51.27,5.0,,0.0138,0.0207,41.311922,-105.581147,2022,10,2,14
West,Knight Hall,2022-10-02T15:00:00,40.0,20.0,,,,52.220000000000006,7.0,,0.0276,0.0138,41.311922,-105.581147,2022,10,2,15
West,Knight Hall,2022-10-02T16:00:00,20.0,30.0,,,,51.7,,,0.0138,0.0207,41.311922,-105.581147,2022,10,2,16
West,Knight Hall,2022-10-02T17:00:00,30.0,30.0,,,,53.06,1.0,,0.0207,0.0207,41.311922,-105.581147,2022,10,2,17
West,Knight Hall,2022-10-02T18:00:00,30.0,20.0,,,,50.02,,,0.0207,0.0138,41.311922,-105.581147,2022,10,2,18
West,Knight Hall,2022-10-02T19:00:00,30.0,30.0,,,,50.71,1.0,,0.0207,0.0207,41.311922,-105.581147,2022,10,2,19
West,Knight Hall,2022-10-02T20:00:00,30.0,20.0,,,,50.64999999999999,,,0.0207,0.0138,41.311922,-105.581147,2022,10,2,20
West,Knight Hall,2022-10-02T21:00:00,30.0,30.0,,,,49.76,1.0,,0.0207,0.0207,41.311922,-105.581147,2022,10,2,21
West,Knight Hall,2022-10-02T22:00:00,20.0,30.0,,,,51.01,,,0.0138,0.0207,41.311922,-105.581147,2022,10,2,22
West,Knight Hall,2022-10-02T23:00:00,30.0,30.0,,,,49.63,,,0.0207,0.0207,41.311922,-105.581147,2022,10,2,23
West,Knight Hall,2022-10-03T00:00:00,30.0,20.0,,,,50.37,1.0,,0.0207,0.0138,41.311922,-105.581147,2022,10,3,0
West,Knight Hall,2022-10-03T01:00:00,20.0,30.0,,,,49.4,,,0.0138,0.0207,41.311922,-105.581147,2022,10,3,1
West,Knight Hall,2022-10-03T02:00:00,30.0,20.0,,,,50.970000000000006,1.0,,0.0207,0.0138,41.311922,-105.581147,2022,10,3,2
West,Knight Hall,2022-10-03T03:00:00,30.0,30.0,,,,49.72,,,0.0207,0.0207,41.311922,-105.581147,2022,10,3,3
West,Knight Hall,2022-10-03T04:00:00,30.0,30.0,,,,50.970000000000006,5.0,,0.0207,0.0207,41.311922,-105.581147,2022,10,3,4
West,Knight Hall,2022-10-03T05:00:00,30.0,30.0,,,,50.04,5.0,,0.0207,0.0207,41.311922,-105.581147,2022,10,3,5
West,Knight Hall,2022-10-03T06:00:00,30.0,20.0,,,,50.24,5.0,,0.0207,0.0138,41.311922,-105.581147,2022,10,3,6
West,Knight Hall,2022-10-03T07:00:00,60.0,30.0,,,,53.43,4.0,,0.0414,0.0207,41.311922,-105.581147,2022,10,3,7
West,Knight Hall,2022-10-03T08:00:00,60.0,30.0,,,,51.92,6.0,,0.0414,0.0207,41.311922,-105.581147,2022,10,3,8
West,Knight Hall,2022-10-03T09:00:00,70.0,40.0,,,,54.830000000000005,8.0,,0.048299999999999996,0.0276,41.311922,-105.581147,2022,10,3,9
West,Knight Hall,2022-10-03T10:00:00,80.0,30.0,,,,60.57,6.0,,0.0552,0.0207,41.311922,-105.581147,2022,10,3,10
West,Knight Hall,2022-10-03T11:00:00,70.0,40.0,,,,50.17,8.0,,0.048299999999999996,0.0276,41.311922,-105.581147,2022,10,3,11
West,Knight Hall,2022-10-03T12:00:00,70.0,30.0,,,,49.08999999999999,5.0,,0.048299999999999996,0.0207,41.311922,-105.581147,2022,10,3,12
West,Knight Hall,2022-10-03T13:00:00,70.0,40.0,,,,57.76,8.0,,0.048299999999999996,0.0276,41.311922,-105.581147,2022,10,3,13
West,Knight Hall,2022-10-03T14:00:00,80.0,30.0,,,,49.96,6.0,,0.0552,0.0207,41.311922,-105.581147,2022,10,3,14
West,Knight Hall,2022-10-03T15:00:00,70.0,40.0,,,,55.63,7.0,,0.048299999999999996,0.0276,41.311922,-105.581147,2022,10,3,15
West,Knight Hall,2022-10-03T16:00:00,70.0,40.0,,,,54.48,6.0,,0.048299999999999996,0.0276,41.311922,-105.581147,2022,10,3,16
West,Knight Hall,2022-10-03T17:00:00,50.0,30.0,,,,58.09,7.0,,0.034499999999999996,0.0207,41.311922,-105.581147,2022,10,3,17
West,Knight Hall,2022-10-03T18:00:00,30.0,30.0,,,,49.72,5.0,,0.0207,0.0207,41.311922,-105.581147,2022,10,3,18
West,Knight Hall,2022-10-03T19:00:00,40.0,30.0,,,,49.68,1.0,,0.0276,0.0207,41.311922,-105.581147,2022,10,3,19
West,Knight Hall,2022-10-03T20:00:00,30.0,20.0,,,,49.38,,,0.0207,0.0138,41.311922,-105.581147,2022,10,3,20
West,Knight Hall,2022-10-03T21:00:00,40.0,30.0,,,,50.690000000000005,1.0,,0.0276,0.0207,41.311922,-105.581147,2022,10,3,21
West,Knight Hall,2022-10-03T22:00:00,20.0,20.0,,,,49.14,,,0.0138,0.0138,41.311922,-105.581147,2022,10,3,22
West,Knight Hall,2022-10-03T23:00:00,30.0,40.0,,,,49.78,1.0,,0.0207,0.0276,41.311922,-105.581147,2022,10,3,23
West,Knight Hall,2022-10-04T00:00:00,30.0,20.0,,,,50.28,,,0.0207,0.0138,41.311922,-105.581147,2022,10,4,0
West,Knight Hall,2022-10-04T01:00:00,20.0,30.0,,,,49.44,,,0.0138,0.0207,41.311922,-105.581147,2022,10,4,1
West,Knight Hall,2022-10-04T02:00:00,30.0,20.0,,,,49.53,1.0,,0.0207,0.0138,41.311922,-105.581147,2022,10,4,2
West,Knight Hall,2022-10-04T03:00:00,30.0,30.0,,,,50.22,,,0.0207,0.0207,41.311922,-105.581147,2022,10,4,3
West,Knight Hall,2022-10-04T04:00:00,30.0,30.0,,,,48.32,4.0,,0.0207,0.0207,41.311922,-105.581147,2022,10,4,4
West,Knight Hall,2022-10-04T05:00:00,20.0,30.0,,,,58.67,3.0,,0.0138,0.0207,41.311922,-105.581147,2022,10,4,5
West,Knight Hall,2022-10-04T06:00:00,,30.0,,,,53.08,,,,0.0207,41.311922,-105.581147,2022,10,4,6
West,Knight Hall,2022-10-04T07:00:00,,50.0,,,,82.12,,,,0.034499999999999996,41.311922,-105.581147,2022,10,4,7
West,Knight Hall,2022-10-04T08:00:00,,60.0,,,,128.29,,,,0.0414,41.311922,-105.581147,2022,10,4,8
West,Knight Hall,2022-10-04T09:00:00,,80.0,,,,,,,,0.0552,41.311922,-105.581147,2022,10,4,9
West,Knight Hall,2022-10-04T10:00:00,,70.0,,,,,,,,0.048299999999999996,41.311922,-105.581147,2022,10,4,10
West,Knight Hall,2022-10-04T11:00:00,,80.0,,,,,,,,0.0552,41.311922,-105.581147,2022,10,4,11
West,Knight Hall,2022-10-04T12:00:00,,60.0,,,,,,,,0.0414,41.311922,-105.581147,2022,10,4,12
West,Knight Hall,2022-10-04T13:00:00,,80.0,,,,,,,,0.0552,41.311922,-105.581147,2022,10,4,13
West,Knight Hall,2022-10-04T14:00:00,,70.0,,,,,,,,0.048299999999999996,41.311922,-105.581147,2022,10,4,14
West,Knight Hall,2022-10-04T15:00:00,,80.0,,,,,,,,0.0552,41.311922,-105.581147,2022,10,4,15
West,Knight Hall,2022-10-04T16:00:00,,60.0,,,,153.92,,,,0.0414,41.311922,-105.581147,2022,10,4,16
West,Knight Hall,2022-10-04T17:00:00,,50.0,,,,125.31,,,,0.034499999999999996,41.311922,-105.581147,2022,10,4,17
West,Knight Hall,2022-10-04T18:00:00,,40.0,,,,103.19,,,,0.0276,41.311922,-105.581147,2022,10,4,18
West,Knight Hall,2022-10-04T19:00:00,,40.0,,,,58.95,,,,0.0276,41.311922,-105.581147,2022,10,4,19
West,Knight Hall,2022-10-04T20:00:00,,30.0,,,,67.36,,,,0.0207,41.311922,-105.581147,2022,10,4,20
West,Knight Hall,2022-10-04T21:00:00,,30.0,,,,72.19,,,,0.0207,41.311922,-105.581147,2022,10,4,21
West,Knight Hall,2022-10-04T22:00:00,,40.0,,,,66.88,,,,0.0276,41.311922,-105.581147,2022,10,4,22
West,Knight Hall,2022-10-04T23:00:00,,30.0,,,,62.91,,,,0.0207,41.311922,-105.581147,2022,10,4,23
West,Knight Hall,2022-10-05T00:00:00,,20.0,,,,54.29,,,,0.0138,41.311922,-105.581147,2022,10,5,0
West,Knight Hall,2022-10-05T01:00:00,,30.0,,,,56.64,,,,0.0207,41.311922,-105.581147,2022,10,5,1
West,Knight Hall,2022-10-05T02:00:00,,20.0,,,,55.0,,,,0.0138,41.311922,-105.581147,2022,10,5,2
West,Knight Hall,2022-10-05T03:00:00,,40.0,,,,56.01,,,,0.0276,41.311922,-105.581147,2022,10,5,3
West,Knight Hall,2022-10-05T04:00:00,,20.0,,,,54.48,,,,0.0138,41.311922,-105.581147,2022,10,5,4
West,Knight Hall,2022-10-05T05:00:00,,40.0,,,,59.74,,,,0.0276,41.311922,-105.581147,2022,10,5,5
West,Knight Hall,2022-10-05T06:00:00,,30.0,,,,59.01,,,,0.0207,41.311922,-105.581147,2022,10,5,6
West,Knight Hall,2022-10-05T07:00:00,,50.0,,,,96.08,,,,0.034499999999999996,41.311922,-105.581147,2022,10,5,7
West,Knight Hall,2022-10-05T08:00:00,,60.0,,,,149.92999999999998,,,,0.0414,41.311922,-105.581147,2022,10,5,8
West,Knight Hall,2022-10-05T09:00:00,,80.0,,,,,,,,0.0552,41.311922,-105.581147,2022,10,5,9
West,Knight Hall,2022-10-05T10:00:00,,70.0,,,,160.15,,,,0.048299999999999996,41.311922,-105.581147,2022,10,5,10
West,Knight Hall,2022-10-05T11:00:00,,80.0,,,,,,,,0.0552,41.311922,-105.581147,2022,10,5,11
West,Knight Hall,2022-10-05T12:00:00,,60.0,,,,150.49,,,,0.0414,41.311922,-105.581147,2022,10,5,12
West,Knight Hall,2022-10-05T13:00:00,,80.0,,,,136.41,,,,0.0552,41.311922,-105.581147,2022,10,5,13
West,Knight Hall,2022-10-05T14:00:00,,60.0,,,,,,,,0.0414,41.311922,-105.581147,2022,10,5,14
West,Knight Hall,2022-10-05T15:00:00,,,,,,,,,,,41.311922,-105.581147,2022,10,5,15
West,Knight Hall,2022-10-05T16:00:00,,60.0,,,,133.27,,,,0.0414,41.311922,-105.581147,2022,10,5,16
West,Knight Hall,2022-10-05T17:00:00,,60.0,,,,115.52,,,,0.0414,41.311922,-105.581147,2022,10,5,17
West,Knight Hall,2022-10-05T18:00:00,,30.0,,,,87.99,,,,0.0207,41.311922,-105.581147,2022,10,5,18
West,Knight Hall,2022-10-05T19:00:00,,40.0,,,,58.17,,,,0.0276,41.311922,-105.581147,2022,10,5,19
West,Knight Hall,2022-10-05T20:00:00,,30.0,,,,81.03,,,,0.0207,41.311922,-105.581147,2022,10,5,20
West,Knight Hall,2022-10-05T21:00:00,,40.0,,,,65.46,,,,0.0276,41.311922,-105.581147,2022,10,5,21
West,Knight Hall,2022-10-05T22:00:00,,20.0,,,,77.49,,,,0.0138,41.311922,-105.581147,2022,10,5,22
West,Knight Hall,2022-10-05T23:00:00,,30.0,,,,57.52,,,,0.0207,41.311922,-105.581147,2022,10,5,23
West,Knight Hall,2022-10-06T00:00:00,,20.0,,,,55.56,,,,0.0138,41.311922,-105.581147,2022,10,6,0
West,Knight Hall,2022-10-06T01:00:00,,30.0,,,,55.82,,,,0.0207,41.311922,-105.581147,2022,10,6,1
West,Knight Hall,2022-10-06T02:00:00,,20.0,,,,55.84,,,,0.0138,41.311922,-105.581147,2022,10,6,2
West,Knight Hall,2022-10-06T03:00:00,,40.0,,,,55.32,,,,0.0276,41.311922,-105.581147,2022,10,6,3
West,Knight Hall,2022-10-06T04:00:00,,20.0,,,,55.39,,,,0.0138,41.311922,-105.581147,2022,10,6,4
West,Knight Hall,2022-10-06T05:00:00,,40.0,,,,65.2,,,,0.0276,41.311922,-105.581147,2022,10,6,5
West,Knight Hall,2022-10-06T06:00:00,,30.0,,,,73.78,,,,0.0207,41.311922,-105.581147,2022,10,6,6
West,Knight Hall,2022-10-06T07:00:00,,60.0,,,,87.64999999999999,,,,0.0414,41.311922,-105.581147,2022,10,6,7
West,Knight Hall,2022-10-06T08:00:00,,60.0,,,,130.62,,,,0.0414,41.311922,-105.581147,2022,10,6,8
West,Knight Hall,2022-10-06T09:00:00,,80.0,,,,,,,,0.0552,41.311922,-105.581147,2022,10,6,9
West,Knight Hall,2022-10-06T10:00:00,,60.0,,,,,,,,0.0414,41.311922,-105.581147,2022,10,6,10
West,Knight Hall,2022-10-06T11:00:00,,,,,,,,,,,41.311922,-105.581147,2022,10,6,11
West,Knight Hall,2022-10-06T12:00:00,,60.0,,,,167.53,,,,0.0414,41.311922,-105.581147,2022,10,6,12
West,Knight Hall,2022-10-06T13:00:00,,,,,,,,,,,41.311922,-105.581147,2022,10,6,13
West,Knight Hall,2022-10-06T14:00:00,,70.0,,,,,,,,0.048299999999999996,41.311922,-105.581147,2022,10,6,14
West,Knight Hall,2022-10-06T15:00:00,,80.0,,,,,,,,0.0552,41.311922,-105.581147,2022,10,6,15
West,Knight Hall,2022-10-06T16:00:00,,60.0,,,,,,,,0.0414,41.311922,-105.581147,2022,10,6,16
West,Knight Hall,2022-10-06T17:00:00,,60.0,,,,110.24,,,,0.0414,41.311922,-105.581147,2022,10,6,17
West,Knight Hall,2022-10-06T18:00:00,,40.0,,,,95.66,,,,0.0276,41.311922,-105.581147,2022,10,6,18
West,Knight Hall,2022-10-06T19:00:00,,50.0,,,,51.06,,,,0.034499999999999996,41.311922,-105.581147,2022,10,6,19
West,Knight Hall,2022-10-06T20:00:00,,20.0,,,,79.86,,,,0.0138,41.311922,-105.581147,2022,10,6,20
West,Knight Hall,2022-10-06T21:00:00,,50.0,,,,54.51,,,,0.034499999999999996,41.311922,-105.581147,2022,10,6,21
West,Knight Hall,2022-10-06T22:00:00,,20.0,,,,57.870000000000005,,,,0.0138,41.311922,-105.581147,2022,10,6,22
West,Knight Hall,2022-10-06T23:00:00,,40.0,,,,49.93000000000001,,,,0.0276,41.311922,-105.581147,2022,10,6,23
West,Knight Hall,2022-10-07T00:00:00,,20.0,,,,50.620000000000005,,,,0.0138,41.311922,-105.581147,2022,10,7,0
West,Knight Hall,2022-10-07T01:00:00,,20.0,,,,50.370000000000005,,,,0.0138,41.311922,-105.581147,2022,10,7,1
West,Knight Hall,2022-10-07T02:00:00,,30.0,,,,49.78,,,,0.0207,41.311922,-105.581147,2022,10,7,2
West,Knight Hall,2022-10-07T03:00:00,,30.0,,,,49.85,,,,0.0207,41.311922,-105.581147,2022,10,7,3
West,Knight Hall,2022-10-07T04:00:00,,30.0,,,,49.48,,,,0.0207,41.311922,-105.581147,2022,10,7,4
West,Knight Hall,2022-10-07T05:00:00,,30.0,,,,49.870000000000005,,,,0.0207,41.311922,-105.581147,2022,10,7,5
West,Knight Hall,2022-10-07T06:00:00,,40.0,,,,57.91,,,,0.0276,41.311922,-105.581147,2022,10,7,6
West,Knight Hall,2022-10-07T07:00:00,,50.0,,,,109.75,,,,0.034499999999999996,41.311922,-105.581147,2022,10,7,7
West,Knight Hall,2022-10-07T08:00:00,,60.0,,,,125.22,,,,0.0414,41.311922,-105.581147,2022,10,7,8
West,Knight Hall,2022-10-07T09:00:00,,80.0,,,,,,,,0.0552,41.311922,-105.581147,2022,10,7,9
West,Knight Hall,2022-10-07T10:00:00,,60.0,,,,164.98000000000002,,,,0.0414,41.311922,-105.581147,2022,10,7,10
West,Knight Hall,2022-10-07T11:00:00,,,,,,,,,,,41.311922,-105.581147,2022,10,7,11
West,Knight Hall,2022-10-07T12:00:00,,60.0,,,,,,,,0.0414,41.311922,-105.581147,2022,10,7,12
West,Knight Hall,2022-10-07T13:00:00,,80.0,,,,153.56,,,,0.0552,41.311922,-105.581147,2022,10,7,13
West,Knight Hall,2022-10-07T14:00:00,,60.0,,,,148.3,,,,0.0414,41.311922,-105.581147,2022,10,7,14
West,Knight Hall,2022-10-07T15:00:00,,,,,,153.48999999999998,,,,,41.311922,-105.581147,2022,10,7,15
West,Knight Hall,2022-10-07T16:00:00,,60.0,,,,126.84,,,,0.0414,41.311922,-105.581147,2022,10,7,16
West,Knight Hall,2022-10-07T17:00:00,,50.0,,,,,,,,0.034499999999999996,41.311922,-105.581147,2022,10,7,17
West,Knight Hall,2022-10-07T18:00:00,,40.0,,,,113.0,,,,0.0276,41.311922,-105.581147,2022,10,7,18
West,Knight Hall,2022-10-07T19:00:00,,40.0,,,,59.29,,,,0.0276,41.311922,-105.581147,2022,10,7,19
West,Knight Hall,2022-10-07T20:00:00,,30.0,,,,63.84,,,,0.0207,41.311922,-105.581147,2022,10,7,20
West,Knight Hall,2022-10-07T21:00:00,,40.0,,,,69.47000000000001,,,,0.0276,41.311922,-105.581147,2022,10,7,21
West,Knight Hall,2022-10-07T22:00:00,,20.0,,,,61.45,,,,0.0138,41.311922,-105.581147,2022,10,7,22
West,Knight Hall,2022-10-07T23:00:00,,30.0,,,,60.370000000000005,,,,0.0207,41.311922,-105.581147,2022,10,7,23
West,Knight Hall,2022-10-08T00:00:00,,20.0,,,,48.3,,,,0.0138,41.311922,-105.581147,2022,10,8,0
West,Knight Hall,2022-10-08T01:00:00,,30.0,,,,48.23,,,,0.0207,41.311922,-105.581147,2022,10,8,1
West,Knight Hall,2022-10-08T02:00:00,,30.0,,,,48.42,,,,0.0207,41.311922,-105.581147,2022,10,8,2
West,Knight Hall,2022-10-08T03:00:00,,20.0,,,,49.42,,,,0.0138,41.311922,-105.581147,2022,10,8,3
West,Knight Hall,2022-10-08T04:00:00,,30.0,,,,49.16,,,,0.0207,41.311922,-105.581147,2022,10,8,4
West,Knight Hall,2022-10-08T05:00:00,,40.0,,,,49.89,,,,0.0276,41.311922,-105.581147,2022,10,8,5
West,Knight Hall,2022-10-08T06:00:00,,20.0,,,,40.41,,,,0.0138,41.311922,-105.581147,2022,10,8,6
West,Knight Hall,2022-10-08T07:00:00,,50.0,,,,66.39,,,,0.034499999999999996,41.311922,-105.581147,2022,10,8,7
West,Knight Hall,2022-10-08T08:00:00,,60.0,,,,165.03,,,,0.0414,41.311922,-105.581147,2022,10,8,8
West,Knight Hall,2022-10-08T09:00:00,,80.0,,,,143.14,,,,0.0552,41.311922,-105.581147,2022,10,8,9
West,Knight Hall,2022-10-08T10:00:00,,60.0,,,,129.15,,,,0.0414,41.311922,-105.581147,2022,10,8,10
West,Knight Hall,2022-10-08T11:00:00,,70.0,,,,117.12,,,,0.048299999999999996,41.311922,-105.581147,2022,10,8,11
West,Knight Hall,2022-10-08T12:00:00,,70.0,,,,91.33,,,,0.048299999999999996,41.311922,-105.581147,2022,10,8,12
West,Knight Hall,2022-10-08T13:00:00,,60.0,,,,95.13,,,,0.0414,41.311922,-105.581147,2022,10,8,13
West,Knight Hall,2022-10-08T14:00:00,,70.0,,,,,,,,0.048299999999999996,41.311922,-105.581147,2022,10,8,14
West,Knight Hall,2022-10-08T15:00:00,,70.0,,,,,,,,0.048299999999999996,41.311922,-105.581147,2022,10,8,15
West,Knight Hall,2022-10-08T16:00:00,,60.0,,,,,,,,0.0414,41.311922,-105.581147,2022,10,8,16
West,Knight Hall,2022-10-08T17:00:00,,60.0,,,,114.36,,,,0.0414,41.311922,-105.581147,2022,10,8,17
West,Knight Hall,2022-10-08T18:00:00,,20.0,,,,77.81,,,,0.0138,41.311922,-105.581147,2022,10,8,18
West,Knight Hall,2022-10-08T19:00:00,,40.0,,,,74.54,,,,0.0276,41.311922,-105.581147,2022,10,8,19
West,Knight Hall,2022-10-08T20:00:00,,30.0,,,,88.68,,,,0.0207,41.311922,-105.581147,2022,10,8,20
West,Knight Hall,2022-10-08T21:00:00,,30.0,,,,57.59,,,,0.0207,41.311922,-105.581147,2022,10,8,21
West,Knight Hall,2022-10-08T22:00:00,,30.0,,,,61.58,,,,0.0207,41.311922,-105.581147,2022,10,8,22
West,Knight Hall,2022-10-08T23:00:00,,30.0,,,,60.870000000000005,,,,0.0207,41.311922,-105.581147,2022,10,8,23
West,Knight Hall,2022-10-09T00:00:00,,20.0,,,,56.4,,,,0.0138,41.311922,-105.581147,2022,10,9,0
West,Knight Hall,2022-10-09T01:00:00,,30.0,,,,57.24,,,,0.0207,41.311922,-105.581147,2022,10,9,1
West,Knight Hall,2022-10-09T02:00:00,,20.0,,,,56.55,,,,0.0138,41.311922,-105.581147,2022,10,9,2
West,Knight Hall,2022-10-09T03:00:00,,40.0,,,,57.44,,,,0.0276,41.311922,-105.581147,2022,10,9,3
West,Knight Hall,2022-10-09T04:00:00,,20.0,,,,56.38,,,,0.0138,41.311922,-105.581147,2022,10,9,4
West,Knight Hall,2022-10-09T05:00:00,,30.0,,,,56.36,,,,0.0207,41.311922,-105.581147,2022,10,9,5
West,Knight Hall,2022-10-09T06:00:00,,20.0,,,,57.72,,,,0.0138,41.311922,-105.581147,2022,10,9,6
West,Knight Hall,2022-10-09T07:00:00,,30.0,,,,56.71,,,,0.0207,41.311922,-105.581147,2022,10,9,7
West,Knight Hall,2022-10-09T08:00:00,,30.0,,,,58.260000000000005,,,,0.0207,41.311922,-105.581147,2022,10,9,8
West,Knight Hall,2022-10-09T09:00:00,,30.0,,,,63.78,,,,0.0207,41.311922,-105.581147,2022,10,9,9
West,Knight Hall,2022-10-09T10:00:00,,30.0,,,,65.18,,,,0.0207,41.311922,-105.581147,2022,10,9,10
West,Knight Hall,2022-10-09T11:00:00,,40.0,,,,63.15,,,,0.0276,41.311922,-105.581147,2022,10,9,11
West,Knight Hall,2022-10-09T12:00:00,,20.0,,,,60.87,,,,0.0138,41.311922,-105.581147,2022,10,9,12
West,Knight Hall,2022-10-09T13:00:00,,30.0,,,,56.6,,,,0.0207,41.311922,-105.581147,2022,10,9,13
West,Knight Hall,2022-10-09T14:00:00,,30.0,,,,55.32,,,,0.0207,41.311922,-105.581147,2022,10,9,14
West,Knight Hall,2022-10-09T15:00:00,,20.0,,,,56.73,,,,0.0138,41.311922,-105.581147,2022,10,9,15
West,Knight Hall,2022-10-09T16:00:00,,30.0,,,,56.510000000000005,,,,0.0207,41.311922,-105.581147,2022,10,9,16
West,Knight Hall,2022-10-09T17:00:00,,30.0,,,,55.71,,,,0.0207,41.311922,-105.581147,2022,10,9,17
West,Knight Hall,2022-10-09T18:00:00,,20.0,,,,57.35000000000001,,,,0.0138,41.311922,-105.581147,2022,10,9,18
West,Knight Hall,2022-10-09T19:00:00,,30.0,,,,58.56,,,,0.0207,41.311922,-105.581147,2022,10,9,19
West,Knight Hall,2022-10-09T20:00:00,,30.0,,,,56.23,,,,0.0207,41.311922,-105.581147,2022,10,9,20
West,Knight Hall,2022-10-09T21:00:00,,20.0,,,,58.91,,,,0.0138,41.311922,-105.581147,2022,10,9,21
West,Knight Hall,2022-10-09T22:00:00,,30.0,,,,56.29,,,,0.0207,41.311922,-105.581147,2022,10,9,22
West,Knight Hall,2022-10-09T23:00:00,,30.0,,,,58.45,,,,0.0207,41.311922,-105.581147,2022,10,9,23
West,Knight Hall,2022-10-10T00:00:00,,20.0,,,,60.15,,,,0.0138,41.311922,-105.581147,2022,10,10,0
West,Knight Hall,2022-10-10T01:00:00,,30.0,,,,56.99,,,,0.0207,41.311922,-105.581147,2022,10,10,1
West,Knight Hall,2022-10-10T02:00:00,,30.0,,,,57.72,,,,0.0207,41.311922,-105.581147,2022,10,10,2
West,Knight Hall,2022-10-10T03:00:00,,30.0,,,,55.76,,,,0.0207,41.311922,-105.581147,2022,10,10,3
West,Knight Hall,2022-10-10T04:00:00,,20.0,,,,58.77,,,,0.0138,41.311922,-105.581147,2022,10,10,4
West,Knight Hall,2022-10-10T05:00:00,,30.0,,,,55.95,,,,0.0207,41.311922,-105.581147,2022,10,10,5
West,Knight Hall,2022-10-10T06:00:00,,30.0,,,,58.3,,,,0.0207,41.311922,-105.581147,2022,10,10,6
West,Knight Hall,2022-10-10T07:00:00,,20.0,,,,58.78,,,,0.0138,41.311922,-105.581147,2022,10,10,7
West,Knight Hall,2022-10-10T08:00:00,,30.0,,,,58.15,,,,0.0207,41.311922,-105.581147,2022,10,10,8
West,Knight Hall,2022-10-10T09:00:00,,30.0,,,,63.39,,,,0.0207,41.311922,-105.581147,2022,10,10,9
West,Knight Hall,2022-10-10T10:00:00,,30.0,,,,56.74999999999999,,,,0.0207,41.311922,-105.581147,2022,10,10,10
West,Knight Hall,2022-10-10T11:00:00,,30.0,,,,58.06,,,,0.0207,41.311922,-105.581147,2022,10,10,11
West,Knight Hall,2022-10-10T12:00:00,,30.0,,,,56.81,,,,0.0207,41.311922,-105.581147,2022,10,10,12
West,Knight Hall,2022-10-10T13:00:00,,30.0,,,,59.17999999999999,,,,0.0207,41.311922,-105.581147,2022,10,10,13
West,Knight Hall,2022-10-10T14:00:00,,30.0,,,,57.11,,,,0.0207,41.311922,-105.581147,2022,10,10,14
West,Knight Hall,2022-10-10T15:00:00,,30.0,,,,54.94,,,,0.0207,41.311922,-105.581147,2022,10,10,15
West,Knight Hall,2022-10-10T16:00:00,,20.0,,,,56.49,,,,0.0138,41.311922,-105.581147,2022,10,10,16
West,Knight Hall,2022-10-10T17:00:00,,30.0,,,,61.34,,,,0.0207,41.311922,-105.581147,2022,10,10,17
West,Knight Hall,2022-10-10T18:00:00,,30.0,,,,56.43,,,,0.0207,41.311922,-105.581147,2022,10,10,18
West,Knight Hall,2022-10-10T19:00:00,,20.0,,,,55.8,,,,0.0138,41.311922,-105.581147,2022,10,10,19
West,Knight Hall,2022-10-10T20:00:00,,30.0,,,,59.29,,,,0.0207,41.311922,-105.581147,2022,10,10,20
West,Knight Hall,2022-10-10T21:00:00,,30.0,,,,53.56,,,,0.0207,41.311922,-105.581147,2022,10,10,21
West,Knight Hall,2022-10-10T22:00:00,,30.0,,,,57.24,,,,0.0207,41.311922,-105.581147,2022,10,10,22
West,Knight Hall,2022-10-10T23:00:00,,30.0,,,,56.7,,,,0.0207,41.311922,-105.581147,2022,10,10,23
West,Knight Hall,2022-10-11T00:00:00,,20.0,,,,56.81,,,,0.0138,41.311922,-105.581147,2022,10,11,0
West,Knight Hall,2022-10-11T01:00:00,,30.0,,,,56.57,,,,0.0207,41.311922,-105.581147,2022,10,11,1
West,Knight Hall,2022-10-11T02:00:00,,20.0,,,,57.220000000000006,,,,0.0138,41.311922,-105.581147,2022,10,11,2
West,Knight Hall,2022-10-11T03:00:00,,30.0,,,,56.86,,,,0.0207,41.311922,-105.581147,2022,10,11,3
West,Knight Hall,2022-10-11T04:00:00,,30.0,,,,53.74999999999999,,,,0.0207,41.311922,-105.581147,2022,10,11,4
West,Knight Hall,2022-10-11T05:00:00,,30.0,,,,58.43,,,,0.0207,41.311922,-105.581147,2022,10,11,5
West,Knight Hall,2022-10-11T06:00:00,,30.0,,,,57.68,,,,0.0207,41.311922,-105.581147,2022,10,11,6
West,Knight Hall,2022-10-11T07:00:00,,50.0,,,,78.42,,,,0.034499999999999996,41.311922,-105.581147,2022,10,11,7
West,Knight Hall,2022-10-11T08:00:00,,60.0,,,,147.09,,,,0.0414,41.311922,-105.581147,2022,10,11,8
West,Knight Hall,2022-10-11T09:00:00,,70.0,,,,,,,,0.048299999999999996,41.311922,-105.581147,2022,10,11,9
West,Knight Hall,2022-10-11T10:00:00,,70.0,,,,,,,,0.048299999999999996,41.311922,-105.581147,2022,10,11,10
West,Knight Hall,2022-10-11T11:00:00,,70.0,,,,,,,,0.048299999999999996,41.311922,-105.581147,2022,10,11,11
West,Knight Hall,2022-10-11T12:00:00,,70.0,,,,,,,,0.048299999999999996,41.311922,-105.581147,2022,10,11,12
West,Knight Hall,2022-10-11T13:00:00,,80.0,,,,120.91,,,,0.0552,41.311922,-105.581147,2022,10,11,13
West,Knight Hall,2022-10-11T14:00:00,,60.0,,,,134.71,,,,0.0414,41.311922,-105.581147,2022,10,11,14
West,Knight Hall,2022-10-11T15:00:00,,80.0,,,,136.18,,,,0.0552,41.311922,-105.581147,2022,10,11,15
West,Knight Hall,2022-10-11T16:00:00,,50.0,,,,124.84,,,,0.034499999999999996,41.311922,-105.581147,2022,10,11,16
West,Knight Hall,2022-10-11T17:00:00,,50.0,,,,128.89,,,,0.034499999999999996,41.311922,-105.581147,2022,10,11,17
West,Knight Hall,2022-10-11T18:00:00,,30.0,,,,71.04,,,,0.0207,41.311922,-105.581147,2022,10,11,18
West,Knight Hall,2022-10-11T19:00:00,,40.0,,,,56.86,,,,0.0276,41.311922,-105.581147,2022,10,11,19
West,Knight Hall,2022-10-11T20:00:00,,20.0,,,,79.54,,,,0.0138,41.311922,-105.581147,2022,10,11,20
West,Knight Hall,2022-10-11T21:00:00,,40.0,,,,57.39,,,,0.0276,41.311922,-105.581147,2022,10,11,21
West,Knight Hall,2022-10-11T22:00:00,,30.0,,,,65.11,,,,0.0207,41.311922,-105.581147,2022,10,11,22
West,Knight Hall,2022-10-11T23:00:00,,30.0,,,,61.49,,,,0.0207,41.311922,-105.581147,2022,10,11,23
West,Knight Hall,2022-10-12T00:00:00,,20.0,,,,50.04,,,,0.0138,41.311922,-105.581147,2022,10,12,0
West,Knight Hall,2022-10-12T01:00:00,,30.0,,,,52.35000000000001,,,,0.0207,41.311922,-105.581147,2022,10,12,1
West,Knight Hall,2022-10-12T02:00:00,,30.0,,,,51.59,,,,0.0207,41.311922,-105.581147,2022,10,12,2
West,Knight Hall,2022-10-12T03:00:00,,30.0,,,,51.92,,,,0.0207,41.311922,-105.581147,2022,10,12,3
West,Knight Hall,2022-10-12T04:00:00,,20.0,,,,52.35000000000001,,,,0.0138,41.311922,-105.581147,2022,10,12,4
West,Knight Hall,2022-10-12T05:00:00,,40.0,,,,54.33,,,,0.0276,41.311922,-105.581147,2022,10,12,5
West,Knight Hall,2022-10-12T06:00:00,,20.0,,,,51.94,,,,0.0138,41.311922,-105.581147,2022,10,12,6
West,Knight Hall,2022-10-12T07:00:00,,60.0,,,,94.98,,,,0.0414,41.311922,-105.581147,2022,10,12,7
West,Knight Hall,2022-10-12T08:00:00,,60.0,,,,129.14999999999998,,,,0.0414,41.311922,-105.581147,2022,10,12,8
West,Knight Hall,2022-10-12T09:00:00,,70.0,,,,,,,,0.048299999999999996,41.311922,-105.581147,2022,10,12,9
West,Knight Hall,2022-10-12T10:00:00,,80.0,,,,,,,,0.0552,41.311922,-105.581147,2022,10,12,10
West,Knight Hall,2022-10-12T11:00:00,,80.0,,,,155.0,,,,0.0552,41.311922,-105.581147,2022,10,12,11
West,Knight Hall,2022-10-12T12:00:00,,60.0,,,,,,,,0.0414,41.311922,-105.581147,2022,10,12,12
West,Knight Hall,2022-10-12T13:00:00,,,,,,164.53,,,,,41.311922,-105.581147,2022,10,12,13
West,Knight Hall,2022-10-12T14:00:00,,60.0,,,,151.18,,,,0.0414,41.311922,-105.581147,2022,10,12,14
West,Knight Hall,2022-10-12T15:00:00,,,,,,125.27,,,,,41.311922,-105.581147,2022,10,12,15
West,Knight Hall,2022-10-12T16:00:00,,60.0,,,,130.38,,,,0.0414,41.311922,-105.581147,2022,10,12,16
West,Knight Hall,2022-10-12T17:00:00,,50.0,,,,97.15,,,,0.034499999999999996,41.311922,-105.581147,2022,10,12,17
West,Knight Hall,2022-10-12T18:00:00,,40.0,,,,63.73,,,,0.0276,41.311922,-105.581147,2022,10,12,18
West,Knight Hall,2022-10-12T19:00:00,,40.0,,,,92.58,,,,0.0276,41.311922,-105.581147,2022,10,12,19
West,Knight Hall,2022-10-12T20:00:00,,30.0,,,,51.620000000000005,,,,0.0207,41.311922,-105.581147,2022,10,12,20
West,Knight Hall,2022-10-12T21:00:00,,40.0,,,,69.36,,,,0.0276,41.311922,-105.581147,2022,10,12,21
West,Knight Hall,2022-10-12T22:00:00,,30.0,,,,57.01,,,,0.0207,41.311922,-105.581147,2022,10,12,22
West,Knight Hall,2022-10-12T23:00:00,,30.0,,,,53.19,,,,0.0207,41.311922,-105.581147,2022,10,12,23
West,Knight Hall,2022-10-13T00:00:00,,30.0,,,,51.6,,,,0.0207,41.311922,-105.581147,2022,10,13,0
West,Knight Hall,2022-10-13T01:00:00,,30.0,,,,49.830000000000005,,,,0.0207,41.311922,-105.581147,2022,10,13,1
West,Knight Hall,2022-10-13T02:00:00,,30.0,,,,50.52,,,,0.0207,41.311922,-105.581147,2022,10,13,2
West,Knight Hall,2022-10-13T03:00:00,,30.0,,,,50.78,,,,0.0207,41.311922,-105.581147,2022,10,13,3
West,Knight Hall,2022-10-13T04:00:00,,20.0,,,,50.81999999999999,,,,0.0138,41.311922,-105.581147,2022,10,13,4
West,Knight Hall,2022-10-13T05:00:00,,30.0,,,,50.67,,,,0.0207,41.311922,-105.581147,2022,10,13,5
West,Knight Hall,2022-10-13T06:00:00,,40.0,,,,59.49,,,,0.0276,41.311922,-105.581147,2022,10,13,6
West,Knight Hall,2022-10-13T07:00:00,,50.0,,,,83.64,,,,0.034499999999999996,41.311922,-105.581147,2022,10,13,7
West,Knight Hall,2022-10-13T08:00:00,,70.0,,,,,,,,0.048299999999999996,41.311922,-105.581147,2022,10,13,8
West,Knight Hall,2022-10-13T09:00:00,,70.0,,,,,,,,0.048299999999999996,41.311922,-105.581147,2022,10,13,9
West,Knight Hall,2022-10-13T10:00:00,,80.0,,,,,,,,0.0552,41.311922,-105.581147,2022,10,13,10
West,Knight Hall,2022-10-13T11:00:00,,,,,,,,,,,41.311922,-105.581147,2022,10,13,11
West,Knight Hall,2022-10-13T12:00:00,,60.0,,,,158.0,,,,0.0414,41.311922,-105.581147,2022,10,13,12
West,Knight Hall,2022-10-13T13:00:00,,80.0,,,,127.04,,,,0.0552,41.311922,-105.581147,2022,10,13,13
West,Knight Hall,2022-10-13T14:00:00,,60.0,,,,120.42,,,,0.0414,41.311922,-105.581147,2022,10,13,14
West,Knight Hall,2022-10-13T15:00:00,,,,,,167.57,,,,,41.311922,-105.581147,2022,10,13,15
West,Knight Hall,2022-10-13T16:00:00,,50.0,,,,140.19,,,,0.034499999999999996,41.311922,-105.581147,2022,10,13,16
West,Knight Hall,2022-10-13T17:00:00,,50.0,,,,81.2,,,,0.034499999999999996,41.311922,-105.581147,2022,10,13,17
West,Knight Hall,2022-10-13T18:00:00,,40.0,,,,86.48,,,,0.0276,41.311922,-105.581147,2022,10,13,18
West,Knight Hall,2022-10-13T19:00:00,,40.0,,,,97.76,,,,0.0276,41.311922,-105.581147,2022,10,13,19
West,Knight Hall,2022-10-13T20:00:00,,30.0,,,,54.29,,,,0.0207,41.311922,-105.581147,2022,10,13,20
West,Knight Hall,2022-10-13T21:00:00,,40.0,,,,81.13,,,,0.0276,41.311922,-105.581147,2022,10,13,21
West,Knight Hall,2022-10-13T22:00:00,,20.0,,,,60.49999999999999,,,,0.0138,41.311922,-105.581147,2022,10,13,22
West,Knight Hall,2022-10-13T23:00:00,,40.0,,,,55.970000000000006,,,,0.0276,41.311922,-105.581147,2022,10,13,23
West,Knight Hall,2022-10-14T00:00:00,,20.0,,,,56.04,,,,0.0138,41.311922,-105.581147,2022,10,14,0
West,Knight Hall,2022-10-14T01:00:00,,30.0,,,,58.32,,,,0.0207,41.311922,-105.581147,2022,10,14,1
West,Knight Hall,2022-10-14T02:00:00,,20.0,,,,55.48,,,,0.0138,41.311922,-105.581147,2022,10,14,2
West,Knight Hall,2022-10-14T03:00:00,,40.0,,,,56.04,,,,0.0276,41.311922,-105.581147,2022,10,14,3
West,Knight Hall,2022-10-14T04:00:00,,20.0,,,,55.54,,,,0.0138,41.311922,-105.581147,2022,10,14,4
West,Knight Hall,2022-10-14T05:00:00,,30.0,,,,55.28,,,,0.0207,41.311922,-105.581147,2022,10,14,5
West,Knight Hall,2022-10-14T06:00:00,,30.0,,,,56.32,,,,0.0207,41.311922,-105.581147,2022,10,14,6
West,Knight Hall,2022-10-14T07:00:00,,40.0,,,,94.46,,,,0.0276,41.311922,-105.581147,2022,10,14,7
West,Knight Hall,2022-10-14T08:00:00,,70.0,,,,123.44,,,,0.048299999999999996,41.311922,-105.581147,2022,10,14,8
West,Knight Hall,2022-10-14T09:00:00,,,,,,136.74,,,,,41.311922,-105.581147,2022,10,14,9
West,Knight Hall,2022-10-14T10:00:00,,70.0,,,,,,,,0.048299999999999996,41.311922,-105.581147,2022,10,14,10
West,Knight Hall,2022-10-14T11:00:00,,80.0,,,,141.25,,,,0.0552,41.311922,-105.581147,2022,10,14,11
West,Knight Hall,2022-10-14T12:00:00,,70.0,,,,149.09000000000003,,,,0.048299999999999996,41.311922,-105.581147,2022,10,14,12
West,Knight Hall,2022-10-14T13:00:00,,80.0,,,,125.64,,,,0.0552,41.311922,-105.581147,2022,10,14,13
West,Knight Hall,2022-10-14T14:00:00,,60.0,,,,,,,,0.0414,41.311922,-105.581147,2022,10,14,14
West,Knight Hall,2022-10-14T15:00:00,,,,,,,,,,,41.311922,-105.581147,2022,10,14,15
West,Knight Hall,2022-10-14T16:00:00,,60.0,,,,,,,,0.0414,41.311922,-105.581147,2022,10,14,16
West,Knight Hall,2022-10-14T17:00:00,,50.0,,,,,,,,0.034499999999999996,41.311922,-105.581147,2022,10,14,17
West,Knight Hall,2022-10-14T18:00:00,,40.0,,,,,,,,0.0276,41.311922,-105.581147,2022,10,14,18
West,Knight Hall,2022-10-14T19:00:00,,40.0,,,,84.37,,,,0.0276,41.311922,-105.581147,2022,10,14,19
West,Knight Hall,2022-10-14T20:00:00,,30.0,,,,66.28,,,,0.0207,41.311922,-105.581147,2022,10,14,20
West,Knight Hall,2022-10-14T21:00:00,,30.0,,,,62.78,,,,0.0207,41.311922,-105.581147,2022,10,14,21
West,Knight Hall,2022-10-14T22:00:00,,30.0,,,,62.64,,,,0.0207,41.311922,-105.581147,2022,10,14,22
West,Knight Hall,2022-10-14T23:00:00,,30.0,,,,64.25,,,,0.0207,41.311922,-105.581147,2022,10,14,23
West,Knight Hall,2022-10-15T00:00:00,,30.0,,,,56.99,,,,0.0207,41.311922,-105.581147,2022,10,15,0
West,Knight Hall,2022-10-15T01:00:00,,20.0,,,,56.620000000000005,,,,0.0138,41.311922,-105.581147,2022,10,15,1
West,Knight Hall,2022-10-15T02:00:00,,30.0,,,,57.29,,,,0.0207,41.311922,-105.581147,2022,10,15,2
West,Knight Hall,2022-10-15T03:00:00,,30.0,,,,55.73,,,,0.0207,41.311922,-105.581147,2022,10,15,3
West,Knight Hall,2022-10-15T04:00:00,,30.0,,,,57.72,,,,0.0207,41.311922,-105.581147,2022,10,15,4
West,Knight Hall,2022-10-15T05:00:00,,30.0,,,,57.44,,,,0.0207,41.311922,-105.581147,2022,10,15,5
West,Knight Hall,2022-10-15T06:00:00,,30.0,,,,61.94,,,,0.0207,41.311922,-105.581147,2022,10,15,6
West,Knight Hall,2022-10-15T07:00:00,,50.0,,,,99.98,,,,0.034499999999999996,41.311922,-105.581147,2022,10,15,7
West,Knight Hall,2022-10-15T08:00:00,,60.0,,,,106.12,,,,0.0414,41.311922,-105.581147,2022,10,15,8
West,Knight Hall,2022-10-15T09:00:00,,70.0,,,,,,,,0.048299999999999996,41.311922,-105.581147,2022,10,15,9
West,Knight Hall,2022-10-15T10:00:00,,80.0,,,,157.54000000000002,,,,0.0552,41.311922,-105.581147,2022,10,15,10
West,Knight Hall,2022-10-15T11:00:00,,60.0,,,,160.26,,,,0.0414,41.311922,-105.581147,2022,10,15,11
West,Knight Hall,2022-10-15T12:00:00,,70.0,,,,91.16,,,,0.048299999999999996,41.311922,-105.581147,2022,10,15,12
West,Knight Hall,2022-10-15T13:00:00,,60.0,,,,45.99,,,,0.0414,41.311922,-105.581147,2022,10,15,13
West,Knight Hall,2022-10-15T14:00:00,,70.0,,,,89.30000000000001,,,,0.048299999999999996,41.311922,-105.581147,2022,10,15,14
West,Knight Hall,2022-10-15T15:00:00,,60.0,,,,74.50999999999999,,,,0.0414,41.311922,-105.581147,2022,10,15,15
West,Knight Hall,2022-10-15T16:00:00,,60.0,,,,59.59,,,,0.0414,41.311922,-105.581147,2022,10,15,16
West,Knight Hall,2022-10-15T17:00:00,,40.0,,,,83.08999999999999,,,,0.0276,41.311922,-105.581147,2022,10,15,17
West,Knight Hall,2022-10-15T18:00:00,,40.0,,,,18.67,,,,0.0276,41.311922,-105.581147,2022,10,15,18
West,Knight Hall,2022-10-15T19:00:00,,40.0,,,,26.86,,,,0.0276,41.311922,-105.581147,2022,10,15,19
West,Knight Hall,2022-10-15T20:00:00,,30.0,,,,31.31,,,,0.0207,41.311922,-105.581147,2022,10,15,20
West,Knight Hall,2022-10-15T21:00:00,,30.0,,,,20.85,,,,0.0207,41.311922,-105.581147,2022,10,15,21
West,Knight Hall,2022-10-15T22:00:00,,30.0,,,,18.71,,,,0.0207,41.311922,-105.581147,2022,10,15,22
West,Knight Hall,2022-10-15T23:00:00,,30.0,,,,5.300000000000001,,,,0.0207,41.311922,-105.581147,2022,10,15,23
West,Knight Hall,2022-10-16T00:00:00,,20.0,,,,5.69,,,,0.0138,41.311922,-105.581147,2022,10,16,0
West,Knight Hall,2022-10-16T01:00:00,,30.0,,,,3.6,,,,0.0207,41.311922,-105.581147,2022,10,16,1
West,Knight Hall,2022-10-16T02:00:00,,20.0,,,,4.44,,,,0.0138,41.311922,-105.581147,2022,10,16,2
West,Knight Hall,2022-10-16T03:00:00,,30.0,,,,4.83,,,,0.0207,41.311922,-105.581147,2022,10,16,3
West,Knight Hall,2022-10-16T04:00:00,,30.0,,,,4.48,,,,0.0207,41.311922,-105.581147,2022,10,16,4
West,Knight Hall,2022-10-16T05:00:00,,20.0,,,,4.63,,,,0.0138,41.311922,-105.581147,2022,10,16,5
West,Knight Hall,2022-10-16T06:00:00,,30.0,,,,3.47,,,,0.0207,41.311922,-105.581147,2022,10,16,6
West,Knight Hall,2022-10-16T07:00:00,,30.0,,,,4.210000000000001,,,,0.0207,41.311922,-105.581147,2022,10,16,7
West,Knight Hall,2022-10-16T08:00:00,,30.0,,,,5.45,,,,0.0207,41.311922,-105.581147,2022,10,16,8
West,Knight Hall,2022-10-16T09:00:00,,30.0,,,,6.6,,,,0.0207,41.311922,-105.581147,2022,10,16,9
West,Knight Hall,2022-10-16T10:00:00,,30.0,,,,7.12,,,,0.0207,41.311922,-105.581147,2022,10,16,10
West,Knight Hall,2022-10-16T11:00:00,,30.0,,,,9.29,,,,0.0207,41.311922,-105.581147,2022,10,16,11
West,Knight Hall,2022-10-16T12:00:00,,30.0,,,,3.36,,,,0.0207,41.311922,-105.581147,2022,10,16,12
West,Knight Hall,2022-10-16T13:00:00,,30.0,,,,3.71,,,,0.0207,41.311922,-105.581147,2022,10,16,13
West,Knight Hall,2022-10-16T14:00:00,,30.0,,,,2.26,,,,0.0207,41.311922,-105.581147,2022,10,16,14
West,Knight Hall,2022-10-16T15:00:00,,30.0,,,,4.48,,,,0.0207,41.311922,-105.581147,2022,10,16,15
West,Knight Hall,2022-10-16T16:00:00,,30.0,,,,11.9,,,,0.0207,41.311922,-105.581147,2022,10,16,16
West,Knight Hall,2022-10-16T17:00:00,,30.0,,,,1.98,,,,0.0207,41.311922,-105.581147,2022,10,16,17
West,Knight Hall,2022-10-16T18:00:00,,20.0,,,,4.49,,,,0.0138,41.311922,-105.581147,2022,10,16,18
West,Knight Hall,2022-10-16T19:00:00,,30.0,,,,3.1500000000000004,,,,0.0207,41.311922,-105.581147,2022,10,16,19
West,Knight Hall,2022-10-16T20:00:00,,30.0,,,,1.9,,,,0.0207,41.311922,-105.581147,2022,10,16,20
West,Knight Hall,2022-10-16T21:00:00,,30.0,,,,3.0,,,,0.0207,41.311922,-105.581147,2022,10,16,21
West,Knight Hall,2022-10-16T22:00:00,,20.0,,,,1.86,,,,0.0138,41.311922,-105.581147,2022,10,16,22
West,Knight Hall,2022-10-16T23:00:00,,30.0,,,,4.48,,,,0.0207,41.311922,-105.581147,2022,10,16,23
West,Knight Hall,2022-10-17T00:00:00,,20.0,,,,1.6,,,,0.0138,41.311922,-105.581147,2022,10,17,0
West,Knight Hall,2022-10-17T01:00:00,,30.0,,,,2.8200000000000003,,,,0.0207,41.311922,-105.581147,2022,10,17,1
West,Knight Hall,2022-10-17T02:00:00,,30.0,,,,1.83,,,,0.0207,41.311922,-105.581147,2022,10,17,2
West,Knight Hall,2022-10-17T03:00:00,,30.0,,,,2.87,,,,0.0207,41.311922,-105.581147,2022,10,17,3
West,Knight Hall,2022-10-17T04:00:00,,20.0,,,,3.64,,,,0.0138,41.311922,-105.581147,2022,10,17,4
West,Knight Hall,2022-10-17T05:00:00,,30.0,,,,2.54,,,,0.0207,41.311922,-105.581147,2022,10,17,5
West,Knight Hall,2022-10-17T06:00:00,,20.0,,,,1.98,,,,0.0138,41.311922,-105.581147,2022,10,17,6
West,Knight Hall,2022-10-17T07:00:00,,30.0,,,,1.68,,,,0.0207,41.311922,-105.581147,2022,10,17,7
West,Knight Hall,2022-10-17T08:00:00,,30.0,,,,2.52,,,,0.0207,41.311922,-105.581147,2022,10,17,8
West,Knight Hall,2022-10-17T09:00:00,,30.0,,,,1.96,,,,0.0207,41.311922,-105.581147,2022,10,17,9
West,Knight Hall,2022-10-17T10:00:00,,30.0,,,,3.08,,,,0.0207,41.311922,-105.581147,2022,10,17,10
West,Knight Hall,2022-10-17T11:00:00,,30.0,,,,2.78,,,,0.0207,41.311922,-105.581147,2022,10,17,11
West,Knight Hall,2022-10-17T12:00:00,,20.0,,,,1.77,,,,0.0138,41.311922,-105.581147,2022,10,17,12
West,Knight Hall,2022-10-17T13:00:00,,30.0,,,,2.9800000000000004,,,,0.0207,41.311922,-105.581147,2022,10,17,13
West,Knight Hall,2022-10-17T14:00:00,,30.0,,,,1.79,,,,0.0207,41.311922,-105.581147,2022,10,17,14
West,Knight Hall,2022-10-17T15:00:00,,40.0,,,,2.13,,,,0.0276,41.311922,-105.581147,2022,10,17,15
West,Knight Hall,2022-10-17T16:00:00,,20.0,,,,1.7,,,,0.0138,41.311922,-105.581147,2022,10,17,16
West,Knight Hall,2022-10-17T17:00:00,,30.0,,,,3.2100000000000004,,,,0.0207,41.311922,-105.581147,2022,10,17,17
West,Knight Hall,2022-10-17T18:00:00,,20.0,,,,5.45,,,,0.0138,41.311922,-105.581147,2022,10,17,18
West,Knight Hall,2022-10-17T19:00:00,,20.0,,,,2.09,,,,0.0138,41.311922,-105.581147,2022,10,17,19
West,Knight Hall,2022-10-17T20:00:00,,30.0,,,,1.86,,,,0.0207,41.311922,-105.581147,2022,10,17,20
West,Knight Hall,2022-10-17T21:00:00,,30.0,,,,1.7,,,,0.0207,41.311922,-105.581147,2022,10,17,21
West,Knight Hall,2022-10-17T22:00:00,,20.0,,,,2.59,,,,0.0138,41.311922,-105.581147,2022,10,17,22
West,Knight Hall,2022-10-17T23:00:00,,30.0,,,,1.5499999999999998,,,,0.0207,41.311922,-105.581147,2022,10,17,23
West,Knight Hall,2022-10-18T00:00:00,,30.0,,,,1.73,,,,0.0207,41.311922,-105.581147,2022,10,18,0
West,Knight Hall,2022-10-18T01:00:00,,30.0,,,,1.62,,,,0.0207,41.311922,-105.581147,2022,10,18,1
West,Knight Hall,2022-10-18T02:00:00,,20.0,,,,3.21,,,,0.0138,41.311922,-105.581147,2022,10,18,2
West,Knight Hall,2022-10-18T03:00:00,,30.0,,,,1.68,,,,0.0207,41.311922,-105.581147,2022,10,18,3
West,Knight Hall,2022-10-18T04:00:00,,30.0,,,,1.64,,,,0.0207,41.311922,-105.581147,2022,10,18,4
West,Knight Hall,2022-10-18T05:00:00,,30.0,,,,2.05,,,,0.0207,41.311922,-105.581147,2022,10,18,5
West,Knight Hall,2022-10-18T06:00:00,,30.0,,,,11.28,,,,0.0207,41.311922,-105.581147,2022,10,18,6
West,Knight Hall,2022-10-18T07:00:00,,40.0,,,,46.900000000000006,,,,0.0276,41.311922,-105.581147,2022,10,18,7
West,Knight Hall,2022-10-18T08:00:00,,70.0,,,,79.45,,,,0.048299999999999996,41.311922,-105.581147,2022,10,18,8
West,Knight Hall,2022-10-18T09:00:00,,80.0,,,,133.76,,,,0.0552,41.311922,-105.581147,2022,10,18,9
West,Knight Hall,2022-10-18T10:00:00,,70.0,,,,127.17,,,,0.048299999999999996,41.311922,-105.581147,2022,10,18,10
West,Knight Hall,2022-10-18T11:00:00,,70.0,,,,106.29,,,,0.048299999999999996,41.311922,-105.581147,2022,10,18,11
West,Knight Hall,2022-10-18T12:00:00,,70.0,,,,93.14,,,,0.048299999999999996,41.311922,-105.581147,2022,10,18,12
West,Knight Hall,2022-10-18T13:00:00,,70.0,,,,78.83,,,,0.048299999999999996,41.311922,-105.581147,2022,10,18,13
West,Knight Hall,2022-10-18T14:00:00,,70.0,,,,98.97,,,,0.048299999999999996,41.311922,-105.581147,2022,10,18,14
West,Knight Hall,2022-10-18T15:00:00,,80.0,,,,123.98,,,,0.0552,41.311922,-105.581147,2022,10,18,15
West,Knight Hall,2022-10-18T16:00:00,,70.0,,,,102.98,,,,0.048299999999999996,41.311922,-105.581147,2022,10,18,16
West,Knight Hall,2022-10-18T17:00:00,,50.0,,,,44.05,,,,0.034499999999999996,41.311922,-105.581147,2022,10,18,17
West,Knight Hall,2022-10-18T18:00:00,,30.0,,,,25.08,,,,0.0207,41.311922,-105.581147,2022,10,18,18
West,Knight Hall,2022-10-18T19:00:00,,40.0,,,,45.21,,,,0.0276,41.311922,-105.581147,2022,10,18,19
West,Knight Hall,2022-10-18T20:00:00,,30.0,,,,16.41,,,,0.0207,41.311922,-105.581147,2022,10,18,20
West,Knight Hall,2022-10-18T21:00:00,,30.0,,,,8.900000000000002,,,,0.0207,41.311922,-105.581147,2022,10,18,21
West,Knight Hall,2022-10-18T22:00:00,,30.0,,,,8.02,,,,0.0207,41.311922,-105.581147,2022,10,18,22
West,Knight Hall,2022-10-18T23:00:00,,30.0,,,,3.92,,,,0.0207,41.311922,-105.581147,2022,10,18,23
West,Knight Hall,2022-10-19T00:00:00,,20.0,,,,5.05,,,,0.0138,41.311922,-105.581147,2022,10,19,0
West,Knight Hall,2022-10-19T01:00:00,,30.0,,,,2.05,,,,0.0207,41.311922,-105.581147,2022,10,19,1
West,Knight Hall,2022-10-19T02:00:00,,30.0,,,,2.1100000000000003,,,,0.0207,41.311922,-105.581147,2022,10,19,2
West,Knight Hall,2022-10-19T03:00:00,,30.0,,,,2.09,,,,0.0207,41.311922,-105.581147,2022,10,19,3
West,Knight Hall,2022-10-19T04:00:00,,20.0,,,,1.01,,,,0.0138,41.311922,-105.581147,2022,10,19,4
West,Knight Hall,2022-10-19T05:00:00,,30.0,,,,2.16,,,,0.0207,41.311922,-105.581147,2022,10,19,5
West,Knight Hall,2022-10-19T06:00:00,,40.0,,,,2.24,,,,0.0276,41.311922,-105.581147,2022,10,19,6
West,Knight Hall,2022-10-19T07:00:00,,40.0,,,,48.4,,,,0.0276,41.311922,-105.581147,2022,10,19,7
West,Knight Hall,2022-10-19T08:00:00,,70.0,,,,80.08,,,,0.048299999999999996,41.311922,-105.581147,2022,10,19,8
West,Knight Hall,2022-10-19T09:00:00,,80.0,,,,149.18,,,,0.0552,41.311922,-105.581147,2022,10,19,9
West,Knight Hall,2022-10-19T10:00:00,,70.0,,,,143.1,,,,0.048299999999999996,41.311922,-105.581147,2022,10,19,10
West,Knight Hall,2022-10-19T11:00:00,,80.0,,,,125.01,,,,0.0552,41.311922,-105.581147,2022,10,19,11
West,Knight Hall,2022-10-19T12:00:00,,80.0,,,,113.45,,,,0.0552,41.311922,-105.581147,2022,10,19,12
West,Knight Hall,2022-10-19T13:00:00,,80.0,,,,61.71,,,,0.0552,41.311922,-105.581147,2022,10,19,13
West,Knight Hall,2022-10-19T14:00:00,,80.0,,,,97.28,,,,0.0552,41.311922,-105.581147,2022,10,19,14
West,Knight Hall,2022-10-19T15:00:00,,,,,,87.28,,,,,41.311922,-105.581147,2022,10,19,15
West,Knight Hall,2022-10-19T16:00:00,,60.0,,,,103.12,,,,0.0414,41.311922,-105.581147,2022,10,19,16
West,Knight Hall,2022-10-19T17:00:00,,50.0,,,,40.38,,,,0.034499999999999996,41.311922,-105.581147,2022,10,19,17
West,Knight Hall,2022-10-19T18:00:00,,40.0,,,,71.49,,,,0.0276,41.311922,-105.581147,2022,10,19,18
West,Knight Hall,2022-10-19T19:00:00,,50.0,,,,4.76,,,,0.034499999999999996,41.311922,-105.581147,2022,10,19,19
West,Knight Hall,2022-10-19T20:00:00,,30.0,,,,27.73,,,,0.0207,41.311922,-105.581147,2022,10,19,20
West,Knight Hall,2022-10-19T21:00:00,,40.0,,,,5.28,,,,0.0276,41.311922,-105.581147,2022,10,19,21
West,Knight Hall,2022-10-19T22:00:00,,30.0,,,,14.85,,,,0.0207,41.311922,-105.581147,2022,10,19,22
West,Knight Hall,2022-10-19T23:00:00,,40.0,,,,11.88,,,,0.0276,41.311922,-105.581147,2022,10,19,23
West,Knight Hall,2022-10-20T00:00:00,20.0,30.0,,,,,,,0.0138,0.0207,41.311922,-105.581147,2022,10,20,0
West,Knight Hall,2022-10-20T01:00:00,20.0,30.0,,,,,,,0.0138,0.0207,41.311922,-105.581147,2022,10,20,1
West,Knight Hall,2022-10-20T02:00:00,20.0,20.0,,,,,,,0.0138,0.0138,41.311922,-105.581147,2022,10,20,2
West,Knight Hall,2022-10-20T03:00:00,30.0,30.0,,,,,,,0.0207,0.0207,41.311922,-105.581147,2022,10,20,3
West,Knight Hall,2022-10-20T04:00:00,20.0,30.0,,,,,,,0.0138,0.0207,41.311922,-105.581147,2022,10,20,4
West,Knight Hall,2022-10-20T05:00:00,20.0,30.0,,,,,,,0.0138,0.0207,41.311922,-105.581147,2022,10,20,5
West,Knight Hall,2022-10-20T06:00:00,30.0,30.0,,,,,,,0.0207,0.0207,41.311922,-105.581147,2022,10,20,6
West,Knight Hall,2022-10-20T07:00:00,50.0,50.0,,,,,,,0.034499999999999996,0.034499999999999996,41.311922,-105.581147,2022,10,20,7
West,Knight Hall,2022-10-20T08:00:00,70.0,70.0,,,,,,,0.048299999999999996,0.048299999999999996,41.311922,-105.581147,2022,10,20,8
West,Knight Hall,2022-10-20T09:00:00,80.0,70.0,,,,,,,0.0552,0.048299999999999996,41.311922,-105.581147,2022,10,20,9
West,Knight Hall,2022-10-20T10:00:00,80.0,80.0,,,,,,,0.0552,0.0552,41.311922,-105.581147,2022,10,20,10
West,Knight Hall,2022-10-20T11:00:00,80.0,80.0,,,,,,,0.0552,0.0552,41.311922,-105.581147,2022,10,20,11
West,Knight Hall,2022-10-20T12:00:00,70.0,60.0,,,,,,,0.048299999999999996,0.0414,41.311922,-105.581147,2022,10,20,12
West,Knight Hall,2022-10-20T13:00:00,80.0,,,,,,,,0.0552,,41.311922,-105.581147,2022,10,20,13
West,Knight Hall,2022-10-20T14:00:00,70.0,60.0,,,,,,,0.048299999999999996,0.0414,41.311922,-105.581147,2022,10,20,14
West,Knight Hall,2022-10-20T15:00:00,70.0,80.0,,,,,,,0.048299999999999996,0.0552,41.311922,-105.581147,2022,10,20,15
West,Knight Hall,2022-10-20T16:00:00,70.0,60.0,,,,,,,0.048299999999999996,0.0414,41.311922,-105.581147,2022,10,20,16
West,Knight Hall,2022-10-20T17:00:00,40.0,60.0,,,,,,,0.0276,0.0414,41.311922,-105.581147,2022,10,20,17
West,Knight Hall,2022-10-20T18:00:00,40.0,40.0,,,,,,,0.0276,0.0276,41.311922,-105.581147,2022,10,20,18
West,Knight Hall,2022-10-20T19:00:00,40.0,40.0,,,,,,,0.0276,0.0276,41.311922,-105.581147,2022,10,20,19
West,Knight Hall,2022-10-20T20:00:00,30.0,30.0,,,,,,,0.0207,0.0207,41.311922,-105.581147,2022,10,20,20
West,Knight Hall,2022-10-20T21:00:00,30.0,30.0,,,,,,,0.0207,0.0207,41.311922,-105.581147,2022,10,20,21
West,Knight Hall,2022-10-20T22:00:00,30.0,30.0,,,,,,,0.0207,0.0207,41.311922,-105.581147,2022,10,20,22
West,Knight Hall,2022-10-20T23:00:00,20.0,40.0,,,,,,,0.0138,0.0276,41.311922,-105.581147,2022,10,20,23
West,Knight Hall,2022-10-21T00:00:00,30.0,20.0,,,,1.21,,,0.0207,0.0138,41.311922,-105.581147,2022,10,21,0
West,Knight Hall,2022-10-21T01:00:00,20.0,30.0,,,,0.9,,,0.0138,0.0207,41.311922,-105.581147,2022,10,21,1
West,Knight Hall,2022-10-21T02:00:00,20.0,20.0,,,,0.06,,,0.0138,0.0138,41.311922,-105.581147,2022,10,21,2
West,Knight Hall,2022-10-21T03:00:00,30.0,30.0,,,,0.73,,,0.0207,0.0207,41.311922,-105.581147,2022,10,21,3
West,Knight Hall,2022-10-21T04:00:00,20.0,30.0,,,,0.17,,,0.0138,0.0207,41.311922,-105.581147,2022,10,21,4
West,Knight Hall,2022-10-21T05:00:00,30.0,30.0,,,,2.09,,,0.0207,0.0207,41.311922,-105.581147,2022,10,21,5
West,Knight Hall,2022-10-21T06:00:00,20.0,30.0,,,,6.7,,,0.0138,0.0207,41.311922,-105.581147,2022,10,21,6
West,Knight Hall,2022-10-21T07:00:00,40.0,60.0,,,,37.95,,,0.0276,0.0414,41.311922,-105.581147,2022,10,21,7
West,Knight Hall,2022-10-21T08:00:00,70.0,60.0,,,,89.63,,,0.048299999999999996,0.0414,41.311922,-105.581147,2022,10,21,8
West,Knight Hall,2022-10-21T09:00:00,70.0,70.0,,,,108.26,,,0.048299999999999996,0.048299999999999996,41.311922,-105.581147,2022,10,21,9
West,Knight Hall,2022-10-21T10:00:00,70.0,80.0,,,,,,,0.048299999999999996,0.0552,41.311922,-105.581147,2022,10,21,10
West,Knight Hall,2022-10-21T11:00:00,70.0,,,,,,,,0.048299999999999996,,41.311922,-105.581147,2022,10,21,11
West,Knight Hall,2022-10-21T12:00:00,70.0,60.0,,,,,,,0.048299999999999996,0.0414,41.311922,-105.581147,2022,10,21,12
West,Knight Hall,2022-10-21T13:00:00,60.0,80.0,,,,154.53000000000003,,,0.0414,0.0552,41.311922,-105.581147,2022,10,21,13
West,Knight Hall,2022-10-21T14:00:00,70.0,60.0,,,,103.39,,,0.048299999999999996,0.0414,41.311922,-105.581147,2022,10,21,14
West,Knight Hall,2022-10-21T15:00:00,60.0,,,,,91.59,,,0.0414,,41.311922,-105.581147,2022,10,21,15
West,Knight Hall,2022-10-21T16:00:00,60.0,60.0,,,,35.71,,,0.0414,0.0414,41.311922,-105.581147,2022,10,21,16
West,Knight Hall,2022-10-21T17:00:00,40.0,50.0,,,,42.02,,,0.0276,0.034499999999999996,41.311922,-105.581147,2022,10,21,17
West,Knight Hall,2022-10-21T18:00:00,30.0,40.0,,,,46.27,,,0.0207,0.0276,41.311922,-105.581147,2022,10,21,18
West,Knight Hall,2022-10-21T19:00:00,30.0,40.0,,,,8.389999999999999,,,0.0207,0.0276,41.311922,-105.581147,2022,10,21,19
West,Knight Hall,2022-10-21T20:00:00,30.0,30.0,,,,29.34,,,0.0207,0.0207,41.311922,-105.581147,2022,10,21,20
West,Knight Hall,2022-10-21T21:00:00,30.0,30.0,,,,3.69,,,0.0207,0.0207,41.311922,-105.581147,2022,10,21,21
West,Knight Hall,2022-10-21T22:00:00,30.0,30.0,,,,6.470000000000001,,,0.0207,0.0207,41.311922,-105.581147,2022,10,21,22
West,Knight Hall,2022-10-21T23:00:00,20.0,30.0,,,,23.05,,,0.0138,0.0207,41.311922,-105.581147,2022,10,21,23
West,Knight Hall,2022-10-22T00:00:00,20.0,30.0,,,,,,,0.0138,0.0207,41.311922,-105.581147,2022,10,22,0
West,Knight Hall,2022-10-22T01:00:00,30.0,30.0,,,,0.84,,,0.0207,0.0207,41.311922,-105.581147,2022,10,22,1
West,Knight Hall,2022-10-22T02:00:00,20.0,20.0,,,,,,,0.0138,0.0138,41.311922,-105.581147,2022,10,22,2
West,Knight Hall,2022-10-22T03:00:00,30.0,30.0,,,,,,,0.0207,0.0207,41.311922,-105.581147,2022,10,22,3
West,Knight Hall,2022-10-22T04:00:00,20.0,30.0,,,,,,,0.0138,0.0207,41.311922,-105.581147,2022,10,22,4
West,Knight Hall,2022-10-22T05:00:00,30.0,40.0,,,,2.42,,,0.0207,0.0276,41.311922,-105.581147,2022,10,22,5
West,Knight Hall,2022-10-22T06:00:00,20.0,20.0,,,,0.09,,,0.0138,0.0138,41.311922,-105.581147,2022,10,22,6
West,Knight Hall,2022-10-22T07:00:00,20.0,40.0,,,,32.260000000000005,,,0.0138,0.0276,41.311922,-105.581147,2022,10,22,7
West,Knight Hall,2022-10-22T08:00:00,30.0,70.0,,,,65.65,,,0.0207,0.048299999999999996,41.311922,-105.581147,2022,10,22,8
West,Knight Hall,2022-10-22T09:00:00,20.0,70.0,,,,102.76,,,0.0138,0.048299999999999996,41.311922,-105.581147,2022,10,22,9
West,Knight Hall,2022-10-22T10:00:00,30.0,80.0,,,,,,,0.0207,0.0552,41.311922,-105.581147,2022,10,22,10
West,Knight Hall,2022-10-22T11:00:00,30.0,80.0,,,,,,,0.0207,0.0552,41.311922,-105.581147,2022,10,22,11
West,Knight Hall,2022-10-22T12:00:00,20.0,50.0,,,,,,,0.0138,0.034499999999999996,41.311922,-105.581147,2022,10,22,12
West,Knight Hall,2022-10-22T13:00:00,30.0,80.0,,,,,,,0.0207,0.0552,41.311922,-105.581147,2022,10,22,13
West,Knight Hall,2022-10-22T14:00:00,20.0,60.0,,,,,,,0.0138,0.0414,41.311922,-105.581147,2022,10,22,14
West,Knight Hall,2022-10-22T15:00:00,30.0,80.0,,,,,,,0.0207,0.0552,41.311922,-105.581147,2022,10,22,15
West,Knight Hall,2022-10-22T16:00:00,20.0,50.0,,,,144.54,,,0.0138,0.034499999999999996,41.311922,-105.581147,2022,10,22,16
West,Knight Hall,2022-10-22T17:00:00,30.0,40.0,,,,71.17,,,0.0207,0.0276,41.311922,-105.581147,2022,10,22,17
West,Knight Hall,2022-10-22T18:00:00,20.0,40.0,,,,29.49,,,0.0138,0.0276,41.311922,-105.581147,2022,10,22,18
West,Knight Hall,2022-10-22T19:00:00,20.0,30.0,,,,60.72,,,0.0138,0.0207,41.311922,-105.581147,2022,10,22,19
West,Knight Hall,2022-10-22T20:00:00,20.0,30.0,,,,25.590000000000003,,,0.0138,0.0207,41.311922,-105.581147,2022,10,22,20
West,Knight Hall,2022-10-22T21:00:00,30.0,40.0,,,,15.67,,,0.0207,0.0276,41.311922,-105.581147,2022,10,22,21
West,Knight Hall,2022-10-22T22:00:00,20.0,20.0,,,,18.2,,,0.0138,0.0138,41.311922,-105.581147,2022,10,22,22
West,Knight Hall,2022-10-22T23:00:00,30.0,40.0,,,,11.23,,,0.0207,0.0276,41.311922,-105.581147,2022,10,22,23
West,Knight Hall,2022-10-23T00:00:00,20.0,20.0,,,,10.8,,,0.0138,0.0138,41.311922,-105.581147,2022,10,23,0
West,Knight Hall,2022-10-23T01:00:00,30.0,30.0,,,,9.27,,,0.0207,0.0207,41.311922,-105.581147,2022,10,23,1
West,Knight Hall,2022-10-23T02:00:00,20.0,20.0,,,,9.34,,,0.0138,0.0138,41.311922,-105.581147,2022,10,23,2
West,Knight Hall,2022-10-23T03:00:00,20.0,30.0,,,,8.04,,,0.0138,0.0207,41.311922,-105.581147,2022,10,23,3
West,Knight Hall,2022-10-23T04:00:00,20.0,30.0,,,,7.2,,,0.0138,0.0207,41.311922,-105.581147,2022,10,23,4
West,Knight Hall,2022-10-23T05:00:00,30.0,30.0,,,,7.81,,,0.0207,0.0207,41.311922,-105.581147,2022,10,23,5
West,Knight Hall,2022-10-23T06:00:00,20.0,20.0,,,,6.92,,,0.0138,0.0138,41.311922,-105.581147,2022,10,23,6
West,Knight Hall,2022-10-23T07:00:00,20.0,30.0,,,,7.2,,,0.0138,0.0207,41.311922,-105.581147,2022,10,23,7
West,Knight Hall,2022-10-23T08:00:00,20.0,30.0,,,,9.06,,,0.0138,0.0207,41.311922,-105.581147,2022,10,23,8
West,Knight Hall,2022-10-23T09:00:00,30.0,30.0,,,,6.55,,,0.0207,0.0207,41.311922,-105.581147,2022,10,23,9
West,Knight Hall,2022-10-23T10:00:00,30.0,30.0,,,,11.13,,,0.0207,0.0207,41.311922,-105.581147,2022,10,23,10
West,Knight Hall,2022-10-23T11:00:00,30.0,30.0,,,,6.62,,,0.0207,0.0207,41.311922,-105.581147,2022,10,23,11
West,Knight Hall,2022-10-23T12:00:00,20.0,30.0,,,,4.380000000000001,,,0.0138,0.0207,41.311922,-105.581147,2022,10,23,12
West,Knight Hall,2022-10-23T13:00:00,40.0,40.0,,,,13.89,,,0.0276,0.0276,41.311922,-105.581147,2022,10,23,13
West,Knight Hall,2022-10-23T14:00:00,20.0,20.0,,,,11.1,,,0.0138,0.0138,41.311922,-105.581147,2022,10,23,14
West,Knight Hall,2022-10-23T15:00:00,20.0,40.0,,,,8.52,,,0.0138,0.0276,41.311922,-105.581147,2022,10,23,15
West,Knight Hall,2022-10-23T16:00:00,20.0,20.0,,,,5.52,,,0.0138,0.0138,41.311922,-105.581147,2022,10,23,16
West,Knight Hall,2022-10-23T17:00:00,30.0,40.0,,,,6.15,,,0.0207,0.0276,41.311922,-105.581147,2022,10,23,17
West,Knight Hall,2022-10-23T18:00:00,20.0,20.0,,,,4.35,,,0.0138,0.0138,41.311922,-105.581147,2022,10,23,18
West,Knight Hall,2022-10-23T19:00:00,20.0,40.0,,,,5.05,,,0.0138,0.0276,41.311922,-105.581147,2022,10,23,19
West,Knight Hall,2022-10-23T20:00:00,20.0,20.0,,,,3.86,,,0.0138,0.0138,41.311922,-105.581147,2022,10,23,20
West,Knight Hall,2022-10-23T21:00:00,30.0,30.0,,,,3.67,,,0.0207,0.0207,41.311922,-105.581147,2022,10,23,21
West,Knight Hall,2022-10-23T22:00:00,20.0,30.0,,,,3.77,,,0.0138,0.0207,41.311922,-105.581147,2022,10,23,22
West,Knight Hall,2022-10-23T23:00:00,20.0,30.0,,,,2.56,,,0.0138,0.0207,41.311922,-105.581147,2022,10,23,23
West,Knight Hall,2022-10-24T00:00:00,20.0,20.0,,,,4.609999999999999,,,0.0138,0.0138,41.311922,-105.581147,2022,10,24,0
West,Knight Hall,2022-10-24T01:00:00,30.0,40.0,,,,3.67,,,0.0207,0.0276,41.311922,-105.581147,2022,10,24,1
West,Knight Hall,2022-10-24T02:00:00,20.0,20.0,,,,2.16,,,0.0138,0.0138,41.311922,-105.581147,2022,10,24,2
West,Knight Hall,2022-10-24T03:00:00,30.0,30.0,,,,3.64,,,0.0207,0.0207,41.311922,-105.581147,2022,10,24,3
West,Knight Hall,2022-10-24T04:00:00,10.0,30.0,,,,4.609999999999999,,,0.0069,0.0207,41.311922,-105.581147,2022,10,24,4
West,Knight Hall,2022-10-24T05:00:00,30.0,30.0,,,,2.28,,,0.0207,0.0207,41.311922,-105.581147,2022,10,24,5
West,Knight Hall,2022-10-24T06:00:00,20.0,20.0,,,,4.380000000000001,,,0.0138,0.0138,41.311922,-105.581147,2022,10,24,6
West,Knight Hall,2022-10-24T07:00:00,60.0,40.0,,,,2.39,,,0.0414,0.0276,41.311922,-105.581147,2022,10,24,7
West,Knight Hall,2022-10-24T08:00:00,70.0,20.0,,,,2.18,,,0.048299999999999996,0.0138,41.311922,-105.581147,2022,10,24,8
West,Knight Hall,2022-10-24T09:00:00,,40.0,,,,3.88,,,,0.0276,41.311922,-105.581147,2022,10,24,9
West,Knight Hall,2022-10-24T10:00:00,60.0,30.0,,,,2.48,,,0.0414,0.0207,41.311922,-105.581147,2022,10,24,10
West,Knight Hall,2022-10-24T11:00:00,,40.0,,,,4.12,,,,0.0276,41.311922,-105.581147,2022,10,24,11
West,Knight Hall,2022-10-24T12:00:00,60.0,30.0,,,,7.96,,,0.0414,0.0207,41.311922,-105.581147,2022,10,24,12
West,Knight Hall,2022-10-24T13:00:00,,30.0,,,,2.41,,,,0.0207,41.311922,-105.581147,2022,10,24,13
West,Knight Hall,2022-10-24T14:00:00,60.0,30.0,,,,2.28,,,0.0414,0.0207,41.311922,-105.581147,2022,10,24,14
West,Knight Hall,2022-10-24T15:00:00,,40.0,,,,5.74,,,,0.0276,41.311922,-105.581147,2022,10,24,15
West,Knight Hall,2022-10-24T16:00:00,60.0,30.0,,,,2.13,,,0.0414,0.0207,41.311922,-105.581147,2022,10,24,16
West,Knight Hall,2022-10-24T17:00:00,50.0,40.0,,,,6.84,,,0.034499999999999996,0.0276,41.311922,-105.581147,2022,10,24,17
West,Knight Hall,2022-10-24T18:00:00,30.0,20.0,,,,4.64,,,0.0207,0.0138,41.311922,-105.581147,2022,10,24,18
West,Knight Hall,2022-10-24T19:00:00,40.0,40.0,,,,2.0,,,0.0276,0.0276,41.311922,-105.581147,2022,10,24,19
West,Knight Hall,2022-10-24T20:00:00,30.0,20.0,,,,4.1,,,0.0207,0.0138,41.311922,-105.581147,2022,10,24,20
West,Knight Hall,2022-10-24T21:00:00,40.0,40.0,,,,1.96,,,0.0276,0.0276,41.311922,-105.581147,2022,10,24,21
West,Knight Hall,2022-10-24T22:00:00,20.0,20.0,,,,1.98,,,0.0138,0.0138,41.311922,-105.581147,2022,10,24,22
West,Knight Hall,2022-10-24T23:00:00,30.0,30.0,,,,1.77,,,0.0207,0.0207,41.311922,-105.581147,2022,10,24,23
West,Knight Hall,2022-10-25T00:00:00,30.0,30.0,,,,2.01,,,0.0207,0.0207,41.311922,-105.581147,2022,10,25,0
West,Knight Hall,2022-10-25T01:00:00,30.0,30.0,,,,3.08,,,0.0207,0.0207,41.311922,-105.581147,2022,10,25,1
West,Knight Hall,2022-10-25T02:00:00,20.0,20.0,,,,2.0700000000000003,,,0.0138,0.0138,41.311922,-105.581147,2022,10,25,2
West,Knight Hall,2022-10-25T03:00:00,30.0,30.0,,,,1.79,,,0.0207,0.0207,41.311922,-105.581147,2022,10,25,3
West,Knight Hall,2022-10-25T04:00:00,30.0,30.0,,,,0.35,,,0.0207,0.0207,41.311922,-105.581147,2022,10,25,4
West,Knight Hall,2022-10-25T05:00:00,30.0,30.0,,,,5.65,,,0.0207,0.0207,41.311922,-105.581147,2022,10,25,5
West,Knight Hall,2022-10-25T06:00:00,30.0,30.0,,,,16.169999999999998,,,0.0207,0.0207,41.311922,-105.581147,2022,10,25,6
West,Knight Hall,2022-10-25T07:00:00,60.0,60.0,,,,49.4,,,0.0414,0.0414,41.311922,-105.581147,2022,10,25,7
West,Knight Hall,2022-10-25T08:00:00,70.0,60.0,,,,87.34,,,0.048299999999999996,0.0414,41.311922,-105.581147,2022,10,25,8
West,Knight Hall,2022-10-25T09:00:00,70.0,70.0,,,,,,,0.048299999999999996,0.048299999999999996,41.311922,-105.581147,2022,10,25,9
West,Knight Hall,2022-10-25T10:00:00,80.0,70.0,,,,102.01,,,0.0552,0.048299999999999996,41.311922,-105.581147,2022,10,25,10
West,Knight Hall,2022-10-25T11:00:00,80.0,70.0,,,,106.55,,,0.0552,0.048299999999999996,41.311922,-105.581147,2022,10,25,11
West,Knight Hall,2022-10-25T12:00:00,60.0,70.0,,,,104.31,,,0.0414,0.048299999999999996,41.311922,-105.581147,2022,10,25,12
West,Knight Hall,2022-10-25T13:00:00,,,,,,85.92,,,,,41.311922,-105.581147,2022,10,25,13
West,Knight Hall,2022-10-25T14:00:00,60.0,60.0,,,,,,,0.0414,0.0414,41.311922,-105.581147,2022,10,25,14
West,Knight Hall,2022-10-25T15:00:00,80.0,80.0,,,,,,,0.0552,0.0552,41.311922,-105.581147,2022,10,25,15
West,Knight Hall,2022-10-25T16:00:00,50.0,60.0,,,,,,,0.034499999999999996,0.0414,41.311922,-105.581147,2022,10,25,16
West,Knight Hall,2022-10-25T17:00:00,50.0,50.0,,,,,,,0.034499999999999996,0.034499999999999996,41.311922,-105.581147,2022,10,25,17
West,Knight Hall,2022-10-25T18:00:00,40.0,40.0,,,,,,,0.0276,0.0276,41.311922,-105.581147,2022,10,25,18
West,Knight Hall,2022-10-25T19:00:00,40.0,30.0,,,,,,,0.0276,0.0207,41.311922,-105.581147,2022,10,25,19
West,Knight Hall,2022-10-25T20:00:00,30.0,30.0,,,,11.99,,,0.0207,0.0207,41.311922,-105.581147,2022,10,25,20
West,Knight Hall,2022-10-25T21:00:00,40.0,30.0,,,,8.63,,,0.0276,0.0207,41.311922,-105.581147,2022,10,25,21
West,Knight Hall,2022-10-25T22:00:00,20.0,30.0,,,,7.390000000000001,,,0.0138,0.0207,41.311922,-105.581147,2022,10,25,22
West,Knight Hall,2022-10-25T23:00:00,30.0,30.0,,,,0.06,,,0.0207,0.0207,41.311922,-105.581147,2022,10,25,23
West,Knight Hall,2022-10-26T00:00:00,20.0,20.0,,,,,,,0.0138,0.0138,41.311922,-105.581147,2022,10,26,0
West,Knight Hall,2022-10-26T01:00:00,30.0,30.0,,,,1.77,,,0.0207,0.0207,41.311922,-105.581147,2022,10,26,1
West,Knight Hall,2022-10-26T02:00:00,30.0,20.0,,,,0.02,,,0.0207,0.0138,41.311922,-105.581147,2022,10,26,2
West,Knight Hall,2022-10-26T03:00:00,30.0,30.0,,,,,,,0.0207,0.0207,41.311922,-105.581147,2022,10,26,3
West,Knight Hall,2022-10-26T04:00:00,20.0,30.0,,,,1.17,,,0.0138,0.0207,41.311922,-105.581147,2022,10,26,4
West,Knight Hall,2022-10-26T05:00:00,30.0,30.0,,,,2.93,,,0.0207,0.0207,41.311922,-105.581147,2022,10,26,5
West,Knight Hall,2022-10-26T06:00:00,30.0,30.0,,,,0.13,,,0.0207,0.0207,41.311922,-105.581147,2022,10,26,6
West,Knight Hall,2022-10-26T07:00:00,60.0,60.0,,,,33.77,,,0.0414,0.0414,41.311922,-105.581147,2022,10,26,7
West,Knight Hall,2022-10-26T08:00:00,60.0,60.0,,,,96.76,,,0.0414,0.0414,41.311922,-105.581147,2022,10,26,8
West,Knight Hall,2022-10-26T09:00:00,80.0,70.0,,,,136.26999999999998,,,0.0552,0.048299999999999996,41.311922,-105.581147,2022,10,26,9
West,Knight Hall,2022-10-26T10:00:00,80.0,80.0,,,,134.82,,,0.0552,0.0552,41.311922,-105.581147,2022,10,26,10
West,Knight Hall,2022-10-26T11:00:00,70.0,,,,,,,,0.048299999999999996,,41.311922,-105.581147,2022,10,26,11
West,Knight Hall,2022-10-26T12:00:00,70.0,60.0,,,,,,,0.048299999999999996,0.0414,41.311922,-105.581147,2022,10,26,12
West,Knight Hall,2022-10-26T13:00:00,80.0,80.0,,,,109.21,,,0.0552,0.0552,41.311922,-105.581147,2022,10,26,13
West,Knight Hall,2022-10-26T14:00:00,60.0,80.0,,,,154.04999999999998,,,0.0414,0.0552,41.311922,-105.581147,2022,10,26,14
West,Knight Hall,2022-10-26T15:00:00,,70.0,,,,91.4,,,,0.048299999999999996,41.311922,-105.581147,2022,10,26,15
West,Knight Hall,2022-10-26T16:00:00,50.0,80.0,,,,102.76,,,0.034499999999999996,0.0552,41.311922,-105.581147,2022,10,26,16
West,Knight Hall,2022-10-26T17:00:00,50.0,60.0,,,,97.87,,,0.034499999999999996,0.0414,41.311922,-105.581147,2022,10,26,17
West,Knight Hall,2022-10-26T18:00:00,40.0,40.0,,,,11.62,,,0.0276,0.0276,41.311922,-105.581147,2022,10,26,18
West,Knight Hall,2022-10-26T19:00:00,40.0,50.0,,,,34.3,,,0.0276,0.034499999999999996,41.311922,-105.581147,2022,10,26,19
West,Knight Hall,2022-10-26T20:00:00,20.0,30.0,,,,23.110000000000003,,,0.0138,0.0207,41.311922,-105.581147,2022,10,26,20
West,Knight Hall,2022-10-26T21:00:00,40.0,40.0,,,,8.219999999999999,,,0.0276,0.0276,41.311922,-105.581147,2022,10,26,21
West,Knight Hall,2022-10-26T22:00:00,30.0,20.0,,,,20.01,,,0.0207,0.0138,41.311922,-105.581147,2022,10,26,22
West,Knight Hall,2022-10-26T23:00:00,30.0,30.0,,,,1.6,,,0.0207,0.0207,41.311922,-105.581147,2022,10,26,23
West,Knight Hall,2022-10-27T00:00:00,20.0,30.0,,,,1.32,,,0.0138,0.0207,41.311922,-105.581147,2022,10,27,0
West,Knight Hall,2022-10-27T01:00:00,30.0,30.0,,,,2.6100000000000003,,,0.0207,0.0207,41.311922,-105.581147,2022,10,27,1
West,Knight Hall,2022-10-27T02:00:00,30.0,20.0,,,,1.31,,,0.0207,0.0138,41.311922,-105.581147,2022,10,27,2
West,Knight Hall,2022-10-27T03:00:00,30.0,40.0,,,,1.4,,,0.0207,0.0276,41.311922,-105.581147,2022,10,27,3
West,Knight Hall,2022-10-27T04:00:00,30.0,20.0,,,,1.38,,,0.0207,0.0138,41.311922,-105.581147,2022,10,27,4
West,Knight Hall,2022-10-27T05:00:00,30.0,30.0,,,,1.5699999999999998,,,0.0207,0.0207,41.311922,-105.581147,2022,10,27,5
West,Knight Hall,2022-10-27T06:00:00,30.0,30.0,,,,1.5299999999999998,,,0.0207,0.0207,41.311922,-105.581147,2022,10,27,6
West,Knight Hall,2022-10-27T07:00:00,50.0,50.0,,,,29.09,,,0.034499999999999996,0.034499999999999996,41.311922,-105.581147,2022,10,27,7
West,Knight Hall,2022-10-27T08:00:00,60.0,70.0,,,,88.31,,,0.0414,0.048299999999999996,41.311922,-105.581147,2022,10,27,8
West,Knight Hall,2022-10-27T09:00:00,80.0,,,,,136.85,,,0.0552,,41.311922,-105.581147,2022,10,27,9
West,Knight Hall,2022-10-27T10:00:00,60.0,60.0,,,,,,,0.0414,0.0414,41.311922,-105.581147,2022,10,27,10
West,Knight Hall,2022-10-27T11:00:00,,,,,,119.79,,,,,41.311922,-105.581147,2022,10,27,11
West,Knight Hall,2022-10-27T12:00:00,50.0,70.0,,,,95.95,,,0.034499999999999996,0.048299999999999996,41.311922,-105.581147,2022,10,27,12
West,Knight Hall,2022-10-27T13:00:00,,80.0,,,,102.87,,,,0.0552,41.311922,-105.581147,2022,10,27,13
West,Knight Hall,2022-10-27T14:00:00,50.0,60.0,,,,100.58,,,0.034499999999999996,0.0414,41.311922,-105.581147,2022,10,27,14
West,Knight Hall,2022-10-27T15:00:00,,,,,,113.48,,,,,41.311922,-105.581147,2022,10,27,15
West,Knight Hall,2022-10-27T16:00:00,50.0,60.0,,,,65.13,,,0.034499999999999996,0.0414,41.311922,-105.581147,2022,10,27,16
West,Knight Hall,2022-10-27T17:00:00,60.0,50.0,,,,50.56,,,0.0414,0.034499999999999996,41.311922,-105.581147,2022,10,27,17
West,Knight Hall,2022-10-27T18:00:00,30.0,40.0,,,,16.060000000000002,,,0.0207,0.0276,41.311922,-105.581147,2022,10,27,18
West,Knight Hall,2022-10-27T19:00:00,40.0,40.0,,,,73.64999999999999,,,0.0276,0.0276,41.311922,-105.581147,2022,10,27,19
West,Knight Hall,2022-10-27T20:00:00,30.0,30.0,,,,4.49,,,0.0207,0.0207,41.311922,-105.581147,2022,10,27,20
West,Knight Hall,2022-10-27T21:00:00,30.0,40.0,,,,32.47,,,0.0207,0.0276,41.311922,-105.581147,2022,10,27,21
West,Knight Hall,2022-10-27T22:00:00,30.0,20.0,,,,22.980000000000004,,,0.0207,0.0138,41.311922,-105.581147,2022,10,27,22
West,Knight Hall,2022-10-27T23:00:00,30.0,30.0,,,,6.430000000000001,,,0.0207,0.0207,41.311922,-105.581147,2022,10,27,23
West,Knight Hall,2022-10-28T00:00:00,20.0,30.0,,,,,,,0.0138,0.0207,41.311922,-105.581147,2022,10,28,0
West,Knight Hall,2022-10-28T01:00:00,30.0,30.0,,,,0.02,,,0.0207,0.0207,41.311922,-105.581147,2022,10,28,1
West,Knight Hall,2022-10-28T02:00:00,30.0,20.0,,,,2.0700000000000003,,,0.0207,0.0138,41.311922,-105.581147,2022,10,28,2
West,Knight Hall,2022-10-28T03:00:00,30.0,30.0,,,,,,,0.0207,0.0207,41.311922,-105.581147,2022,10,28,3
West,Knight Hall,2022-10-28T04:00:00,20.0,30.0,,,,0.88,,,0.0138,0.0207,41.311922,-105.581147,2022,10,28,4
West,Knight Hall,2022-10-28T05:00:00,40.0,30.0,,,,1.4699999999999998,,,0.0276,0.0207,41.311922,-105.581147,2022,10,28,5
West,Knight Hall,2022-10-28T06:00:00,20.0,30.0,,,,2.8200000000000003,,,0.0138,0.0207,41.311922,-105.581147,2022,10,28,6
West,Knight Hall,2022-10-28T07:00:00,60.0,60.0,,,,54.89,,,0.0414,0.0414,41.311922,-105.581147,2022,10,28,7
West,Knight Hall,2022-10-28T08:00:00,50.0,60.0,,,,,,,0.034499999999999996,0.0414,41.311922,-105.581147,2022,10,28,8
West,Knight Hall,2022-10-28T09:00:00,,70.0,,,,,,,,0.048299999999999996,41.311922,-105.581147,2022,10,28,9
West,Knight Hall,2022-10-28T10:00:00,60.0,80.0,,,,,,,0.0414,0.0552,41.311922,-105.581147,2022,10,28,10
West,Knight Hall,2022-10-28T11:00:00,80.0,80.0,,,,,,,0.0552,0.0552,41.311922,-105.581147,2022,10,28,11
West,Knight Hall,2022-10-28T12:00:00,60.0,60.0,,,,,,,0.0414,0.0414,41.311922,-105.581147,2022,10,28,12
West,Knight Hall,2022-10-28T13:00:00,80.0,,,,,109.01,,,0.0552,,41.311922,-105.581147,2022,10,28,13
West,Knight Hall,2022-10-28T14:00:00,50.0,60.0,,,,,,,0.034499999999999996,0.0414,41.311922,-105.581147,2022,10,28,14
West,Knight Hall,2022-10-28T15:00:00,70.0,80.0,,,,84.56,,,0.048299999999999996,0.0552,41.311922,-105.581147,2022,10,28,15
West,Knight Hall,2022-10-28T16:00:00,60.0,60.0,,,,85.4,,,0.0414,0.0414,41.311922,-105.581147,2022,10,28,16
West,Knight Hall,2022-10-28T17:00:00,50.0,50.0,,,,50.620000000000005,,,0.034499999999999996,0.034499999999999996,41.311922,-105.581147,2022,10,28,17
West,Knight Hall,2022-10-28T18:00:00,30.0,40.0,,,,41.22,,,0.0207,0.0276,41.311922,-105.581147,2022,10,28,18
West,Knight Hall,2022-10-28T19:00:00,40.0,40.0,,,,3.75,,,0.0276,0.0276,41.311922,-105.581147,2022,10,28,19
West,Knight Hall,2022-10-28T20:00:00,20.0,30.0,,,,2.7,,,0.0138,0.0207,41.311922,-105.581147,2022,10,28,20
West,Knight Hall,2022-10-28T21:00:00,40.0,40.0,,,,24.62,,,0.0276,0.0276,41.311922,-105.581147,2022,10,28,21
West,Knight Hall,2022-10-28T22:00:00,20.0,30.0,,,,14.66,,,0.0138,0.0207,41.311922,-105.581147,2022,10,28,22
West,Knight Hall,2022-10-28T23:00:00,30.0,30.0,,,,27.01,,,0.0207,0.0207,41.311922,-105.581147,2022,10,28,23
West,Knight Hall,2022-10-29T00:00:00,20.0,30.0,,,,0.97,,,0.0138,0.0207,41.311922,-105.581147,2022,10,29,0
West,Knight Hall,2022-10-29T01:00:00,30.0,30.0,,,,0.02,,,0.0207,0.0207,41.311922,-105.581147,2022,10,29,1
West,Knight Hall,2022-10-29T02:00:00,20.0,30.0,,,,1.23,,,0.0138,0.0207,41.311922,-105.581147,2022,10,29,2
West,Knight Hall,2022-10-29T03:00:00,30.0,30.0,,,,0.04,,,0.0207,0.0207,41.311922,-105.581147,2022,10,29,3
West,Knight Hall,2022-10-29T04:00:00,20.0,20.0,,,,1.75,,,0.0138,0.0138,41.311922,-105.581147,2022,10,29,4
West,Knight Hall,2022-10-29T05:00:00,30.0,30.0,,,,1.4,,,0.0207,0.0207,41.311922,-105.581147,2022,10,29,5
West,Knight Hall,2022-10-29T06:00:00,30.0,40.0,,,,0.1699999999999999,,,0.0207,0.0276,41.311922,-105.581147,2022,10,29,6
West,Knight Hall,2022-10-29T07:00:00,30.0,50.0,,,,41.81,,,0.0207,0.034499999999999996,41.311922,-105.581147,2022,10,29,7
West,Knight Hall,2022-10-29T08:00:00,20.0,60.0,,,,78.67,,,0.0138,0.0414,41.311922,-105.581147,2022,10,29,8
West,Knight Hall,2022-10-29T09:00:00,30.0,,,,,,,,0.0207,,41.311922,-105.581147,2022,10,29,9
West,Knight Hall,2022-10-29T10:00:00,30.0,60.0,,,,,,,0.0207,0.0414,41.311922,-105.581147,2022,10,29,10
West,Knight Hall,2022-10-29T11:00:00,30.0,70.0,,,,,,,0.0207,0.048299999999999996,41.311922,-105.581147,2022,10,29,11
West,Knight Hall,2022-10-29T12:00:00,30.0,70.0,,,,,,,0.0207,0.048299999999999996,41.311922,-105.581147,2022,10,29,12
West,Knight Hall,2022-10-29T13:00:00,30.0,80.0,,,,,,,0.0207,0.0552,41.311922,-105.581147,2022,10,29,13
West,Knight Hall,2022-10-29T14:00:00,20.0,60.0,,,,,,,0.0138,0.0414,41.311922,-105.581147,2022,10,29,14
West,Knight Hall,2022-10-29T15:00:00,30.0,80.0,,,,,,,0.0207,0.0552,41.311922,-105.581147,2022,10,29,15
West,Knight Hall,2022-10-29T16:00:00,20.0,50.0,,,,,,,0.0138,0.034499999999999996,41.311922,-105.581147,2022,10,29,16
West,Knight Hall,2022-10-29T17:00:00,30.0,40.0,,,,164.68,,,0.0207,0.0276,41.311922,-105.581147,2022,10,29,17
West,Knight Hall,2022-10-29T18:00:00,20.0,40.0,,,,158.54000000000002,,,0.0138,0.0276,41.311922,-105.581147,2022,10,29,18
West,Knight Hall,2022-10-29T19:00:00,20.0,40.0,,,,164.73000000000002,,,0.0138,0.0276,41.311922,-105.581147,2022,10,29,19
West,Knight Hall,2022-10-29T20:00:00,20.0,30.0,,,,6.84,,,0.0138,0.0207,41.311922,-105.581147,2022,10,29,20
West,Knight Hall,2022-10-29T21:00:00,30.0,40.0,,,,29.95,,,0.0207,0.0276,41.311922,-105.581147,2022,10,29,21
West,Knight Hall,2022-10-29T22:00:00,20.0,20.0,,,,10.26,,,0.0138,0.0138,41.311922,-105.581147,2022,10,29,22
West,Knight Hall,2022-10-29T23:00:00,30.0,30.0,,,,2.41,,,0.0207,0.0207,41.311922,-105.581147,2022,10,29,23
West,Knight Hall,2022-10-30T00:00:00,20.0,30.0,,,,2.7,,,0.0138,0.0207,41.311922,-105.581147,2022,10,30,0
West,Knight Hall,2022-10-30T01:00:00,30.0,30.0,,,,3.04,,,0.0207,0.0207,41.311922,-105.581147,2022,10,30,1
West,Knight Hall,2022-10-30T02:00:00,20.0,20.0,,,,0.6900000000000001,,,0.0138,0.0138,41.311922,-105.581147,2022,10,30,2
West,Knight Hall,2022-10-30T03:00:00,30.0,30.0,,,,1.77,,,0.0207,0.0207,41.311922,-105.581147,2022,10,30,3
West,Knight Hall,2022-10-30T04:00:00,30.0,20.0,,,,2.91,,,0.0207,0.0138,41.311922,-105.581147,2022,10,30,4
West,Knight Hall,2022-10-30T05:00:00,20.0,30.0,,,,0.6900000000000001,,,0.0138,0.0207,41.311922,-105.581147,2022,10,30,5
West,Knight Hall,2022-10-30T06:00:00,30.0,30.0,,,,3.21,,,0.0207,0.0207,41.311922,-105.581147,2022,10,30,6
West,Knight Hall,2022-10-30T07:00:00,30.0,30.0,,,,0.69,,,0.0207,0.0207,41.311922,-105.581147,2022,10,30,7
West,Knight Hall,2022-10-30T08:00:00,20.0,20.0,,,,4.789999999999999,,,0.0138,0.0138,41.311922,-105.581147,2022,10,30,8
West,Knight Hall,2022-10-30T09:00:00,30.0,30.0,,,,3.0,,,0.0207,0.0207,41.311922,-105.581147,2022,10,30,9
West,Knight Hall,2022-10-30T10:00:00,30.0,30.0,,,,1.7,,,0.0207,0.0207,41.311922,-105.581147,2022,10,30,10
West,Knight Hall,2022-10-30T11:00:00,30.0,30.0,,,,3.41,,,0.0207,0.0207,41.311922,-105.581147,2022,10,30,11
West,Knight Hall,2022-10-30T12:00:00,30.0,30.0,,,,0.62,,,0.0207,0.0207,41.311922,-105.581147,2022,10,30,12
West,Knight Hall,2022-10-30T13:00:00,30.0,30.0,,,,7.68,,,0.0207,0.0207,41.311922,-105.581147,2022,10,30,13
West,Knight Hall,2022-10-30T14:00:00,30.0,30.0,,,,2.33,,,0.0207,0.0207,41.311922,-105.581147,2022,10,30,14
West,Knight Hall,2022-10-30T15:00:00,40.0,30.0,,,,2.59,,,0.0276,0.0207,41.311922,-105.581147,2022,10,30,15
West,Knight Hall,2022-10-30T16:00:00,20.0,20.0,,,,2.37,,,0.0138,0.0138,41.311922,-105.581147,2022,10,30,16
West,Knight Hall,2022-10-30T17:00:00,30.0,30.0,,,,1.08,,,0.0207,0.0207,41.311922,-105.581147,2022,10,30,17
West,Knight Hall,2022-10-30T18:00:00,20.0,20.0,,,,0.35,,,0.0138,0.0138,41.311922,-105.581147,2022,10,30,18
West,Knight Hall,2022-10-30T19:00:00,30.0,30.0,,,,0.21,,,0.0207,0.0207,41.311922,-105.581147,2022,10,30,19
West,Knight Hall,2022-10-30T20:00:00,30.0,20.0,,,,0.22,,,0.0207,0.0138,41.311922,-105.581147,2022,10,30,20
West,Knight Hall,2022-10-30T21:00:00,30.0,30.0,,,,0.35,,,0.0207,0.0207,41.311922,-105.581147,2022,10,30,21
West,Knight Hall,2022-10-30T22:00:00,20.0,30.0,,,,1.77,,,0.0138,0.0207,41.311922,-105.581147,2022,10,30,22
West,Knight Hall,2022-10-30T23:00:00,20.0,30.0,,,,0.37,,,0.0138,0.0207,41.311922,-105.581147,2022,10,30,23
West,Knight Hall,2022-10-31T00:00:00,30.0,20.0,,,,0.5,,,0.0207,0.0138,41.311922,-105.581147,2022,10,31,0
West,Knight Hall,2022-10-31T01:00:00,30.0,30.0,,,,0.4499999999999999,,,0.0207,0.0207,41.311922,-105.581147,2022,10,31,1
West,Knight Hall,2022-10-31T02:00:00,20.0,30.0,,,,0.32,,,0.0138,0.0207,41.311922,-105.581147,2022,10,31,2
West,Knight Hall,2022-10-31T03:00:00,30.0,30.0,,,,0.4499999999999999,,,0.0207,0.0207,41.311922,-105.581147,2022,10,31,3
West,Knight Hall,2022-10-31T04:00:00,30.0,20.0,,,,0.97,,,0.0207,0.0138,41.311922,-105.581147,2022,10,31,4
West,Knight Hall,2022-10-31T05:00:00,30.0,30.0,,,,1.77,,,0.0207,0.0207,41.311922,-105.581147,2022,10,31,5
West,Knight Hall,2022-10-31T06:00:00,30.0,20.0,,,,0.24,,,0.0207,0.0138,41.311922,-105.581147,2022,10,31,6
West,Knight Hall,2022-10-31T07:00:00,40.0,40.0,,,,0.28,,,0.0276,0.0276,41.311922,-105.581147,2022,10,31,7
West,Knight Hall,2022-10-31T08:00:00,60.0,20.0,,,,0.34,,,0.0414,0.0138,41.311922,-105.581147,2022,10,31,8
West,Knight Hall,2022-10-31T09:00:00,,30.0,,,,0.28,,,,0.0207,41.311922,-105.581147,2022,10,31,9
West,Knight Hall,2022-10-31T10:00:00,60.0,30.0,,,,0.3,,,0.0414,0.0207,41.311922,-105.581147,2022,10,31,10
West,Knight Hall,2022-10-31T11:00:00,80.0,30.0,,,,1.1,,,0.0552,0.0207,41.311922,-105.581147,2022,10,31,11
West,Knight Hall,2022-10-31T12:00:00,60.0,30.0,,,,1.68,,,0.0414,0.0207,41.311922,-105.581147,2022,10,31,12
West,Knight Hall,2022-10-31T13:00:00,80.0,30.0,,,,0.54,,,0.0552,0.0207,41.311922,-105.581147,2022,10,31,13
West,Knight Hall,2022-10-31T14:00:00,60.0,30.0,,,,0.41,,,0.0414,0.0207,41.311922,-105.581147,2022,10,31,14
West,Knight Hall,2022-10-31T15:00:00,80.0,30.0,,,,2.35,,,0.0552,0.0207,41.311922,-105.581147,2022,10,31,15
West,Knight Hall,2022-10-31T16:00:00,50.0,30.0,,,,0.99,,,0.034499999999999996,0.0207,41.311922,-105.581147,2022,10,31,16
West,Knight Hall,2022-10-31T17:00:00,60.0,30.0,,,,0.48,,,0.0414,0.0207,41.311922,-105.581147,2022,10,31,17
West,Knight Hall,2022-10-31T18:00:00,30.0,20.0,,,,4.74,,,0.0207,0.0138,41.311922,-105.581147,2022,10,31,18
West,Knight Hall,2022-10-31T19:00:00,30.0,30.0,,,,0.8200000000000001,,,0.0207,0.0207,41.311922,-105.581147,2022,10,31,19
West,Knight Hall,2022-10-31T20:00:00,30.0,30.0,,,,3.95,,,0.0207,0.0207,41.311922,-105.581147,2022,10,31,20
West,Knight Hall,2022-10-31T21:00:00,40.0,20.0,,,,1.83,,,0.0276,0.0138,41.311922,-105.581147,2022,10,31,21
West,Knight Hall,2022-10-31T22:00:00,30.0,30.0,,,,0.15,,,0.0207,0.0207,41.311922,-105.581147,2022,10,31,22
West,Knight Hall,2022-10-31T23:00:00,30.0,30.0,,,,1.38,,,0.0207,0.0207,41.311922,-105.581147,2022,10,31,23
West,Knight Hall,2022-11-01T00:00:00,20.0,30.0,,,,0.13,,,0.0138,0.0207,41.311922,-105.581147,2022,11,1,0
West,Knight Hall,2022-11-01T01:00:00,30.0,30.0,,,,0.78,,,0.0207,0.0207,41.311922,-105.581147,2022,11,1,1
West,Knight Hall,2022-11-01T02:00:00,20.0,20.0,,,,0.21,,,0.0138,0.0138,41.311922,-105.581147,2022,11,1,2
West,Knight Hall,2022-11-01T03:00:00,30.0,40.0,,,,0.07,,,0.0207,0.0276,41.311922,-105.581147,2022,11,1,3
West,Knight Hall,2022-11-01T04:00:00,20.0,20.0,,,,0.02,,,0.0138,0.0138,41.311922,-105.581147,2022,11,1,4
West,Knight Hall,2022-11-01T05:00:00,30.0,40.0,,,,0.24,,,0.0207,0.0276,41.311922,-105.581147,2022,11,1,5
West,Knight Hall,2022-11-01T06:00:00,30.0,30.0,,,,10.13,,,0.0207,0.0207,41.311922,-105.581147,2022,11,1,6
West,Knight Hall,2022-11-01T07:00:00,60.0,60.0,,,,37.5,,,0.0414,0.0414,41.311922,-105.581147,2022,11,1,7
West,Knight Hall,2022-11-01T08:00:00,50.0,60.0,,,,103.67,,,0.034499999999999996,0.0414,41.311922,-105.581147,2022,11,1,8
West,Knight Hall,2022-11-01T09:00:00,,,,,,145.13,,,,,41.311922,-105.581147,2022,11,1,9
West,Knight Hall,2022-11-01T10:00:00,70.0,70.0,,,,132.46999999999997,,,0.048299999999999996,0.048299999999999996,41.311922,-105.581147,2022,11,1,10
West,Knight Hall,2022-11-01T11:00:00,80.0,,,,,104.44,,,0.0552,,41.311922,-105.581147,2022,11,1,11
West,Knight Hall,2022-11-01T12:00:00,60.0,60.0,,,,96.98,,,0.0414,0.0414,41.311922,-105.581147,2022,11,1,12
West,Knight Hall,2022-11-01T13:00:00,,80.0,,,,,,,,0.0552,41.311922,-105.581147,2022,11,1,13
West,Knight Hall,2022-11-01T14:00:00,60.0,70.0,,,,,,,0.0414,0.048299999999999996,41.311922,-105.581147,2022,11,1,14
West,Knight Hall,2022-11-01T15:00:00,,80.0,,,,121.22,,,,0.0552,41.311922,-105.581147,2022,11,1,15
West,Knight Hall,2022-11-01T16:00:00,50.0,60.0,,,,74.73,,,0.034499999999999996,0.0414,41.311922,-105.581147,2022,11,1,16
West,Knight Hall,2022-11-01T17:00:00,50.0,50.0,,,,14.66,,,0.034499999999999996,0.034499999999999996,41.311922,-105.581147,2022,11,1,17
West,Knight Hall,2022-11-01T18:00:00,30.0,40.0,,,,46.940000000000005,,,0.0207,0.0276,41.311922,-105.581147,2022,11,1,18
West,Knight Hall,2022-11-01T19:00:00,40.0,30.0,,,,18.97,,,0.0276,0.0207,41.311922,-105.581147,2022,11,1,19
West,Knight Hall,2022-11-01T20:00:00,30.0,30.0,,,,7.35,,,0.0207,0.0207,41.311922,-105.581147,2022,11,1,20
West,Knight Hall,2022-11-01T21:00:00,30.0,40.0,,,,13.45,,,0.0207,0.0276,41.311922,-105.581147,2022,11,1,21
West,Knight Hall,2022-11-01T22:00:00,30.0,30.0,,,,5.99,,,0.0207,0.0207,41.311922,-105.581147,2022,11,1,22
West,Knight Hall,2022-11-01T23:00:00,30.0,30.0,,,,18.87,,,0.0207,0.0207,41.311922,-105.581147,2022,11,1,23
West,Knight Hall,2022-11-02T00:00:00,20.0,30.0,,,,0.8200000000000001,,,0.0138,0.0207,41.311922,-105.581147,2022,11,2,0
West,Knight Hall,2022-11-02T01:00:00,20.0,30.0,,,,0.02,,,0.0138,0.0207,41.311922,-105.581147,2022,11,2,1
West,Knight Hall,2022-11-02T02:00:00,30.0,20.0,,,,,,,0.0207,0.0138,41.311922,-105.581147,2022,11,2,2
West,Knight Hall,2022-11-02T03:00:00,20.0,30.0,,,,,,,0.0138,0.0207,41.311922,-105.581147,2022,11,2,3
West,Knight Hall,2022-11-02T04:00:00,30.0,30.0,,,,,,,0.0207,0.0207,41.311922,-105.581147,2022,11,2,4
West,Knight Hall,2022-11-02T05:00:00,30.0,30.0,,,,1.4699999999999998,,,0.0207,0.0207,41.311922,-105.581147,2022,11,2,5
West,Knight Hall,2022-11-02T06:00:00,20.0,40.0,,,,16.580000000000002,,,0.0138,0.0276,41.311922,-105.581147,2022,11,2,6
West,Knight Hall,2022-11-02T07:00:00,60.0,40.0,,,,32.86,,,0.0414,0.0276,41.311922,-105.581147,2022,11,2,7
West,Knight Hall,2022-11-02T08:00:00,60.0,70.0,,,,69.43,,,0.0414,0.048299999999999996,41.311922,-105.581147,2022,11,2,8
West,Knight Hall,2022-11-02T09:00:00,,80.0,,,,87.94999999999999,,,,0.0552,41.311922,-105.581147,2022,11,2,9
West,Knight Hall,2022-11-02T10:00:00,60.0,70.0,,,,,,,0.0414,0.048299999999999996,41.311922,-105.581147,2022,11,2,10
West,Knight Hall,2022-11-02T11:00:00,,80.0,,,,119.77,,,,0.0552,41.311922,-105.581147,2022,11,2,11
West,Knight Hall,2022-11-02T12:00:00,60.0,70.0,,,,100.77,,,0.0414,0.048299999999999996,41.311922,-105.581147,2022,11,2,12
West,Knight Hall,2022-11-02T13:00:00,,80.0,,,,58.86,,,,0.0552,41.311922,-105.581147,2022,11,2,13
West,Knight Hall,2022-11-02T14:00:00,60.0,70.0,,,,60.52,,,0.0414,0.048299999999999996,41.311922,-105.581147,2022,11,2,14
West,Knight Hall,2022-11-02T15:00:00,80.0,,,,,,,,0.0552,,41.311922,-105.581147,2022,11,2,15
West,Knight Hall,2022-11-02T16:00:00,60.0,60.0,,,,,,,0.0414,0.0414,41.311922,-105.581147,2022,11,2,16
West,Knight Hall,2022-11-02T17:00:00,50.0,50.0,,,,,,,0.034499999999999996,0.034499999999999996,41.311922,-105.581147,2022,11,2,17
West,Knight Hall,2022-11-02T18:00:00,40.0,40.0,,,,9.98,,,0.0276,0.0276,41.311922,-105.581147,2022,11,2,18
West,Knight Hall,2022-11-02T19:00:00,40.0,30.0,,,,27.19,,,0.0276,0.0207,41.311922,-105.581147,2022,11,2,19
West,Knight Hall,2022-11-02T20:00:00,30.0,40.0,,,,16.490000000000002,,,0.0207,0.0276,41.311922,-105.581147,2022,11,2,20
West,Knight Hall,2022-11-02T21:00:00,40.0,30.0,,,,2.37,,,0.0276,0.0207,41.311922,-105.581147,2022,11,2,21
West,Knight Hall,2022-11-02T22:00:00,20.0,30.0,,,,4.3100000000000005,,,0.0138,0.0207,41.311922,-105.581147,2022,11,2,22
West,Knight Hall,2022-11-02T23:00:00,30.0,30.0,,,,1.83,,,0.0207,0.0207,41.311922,-105.581147,2022,11,2,23
West,Knight Hall,2022-11-03T00:00:00,20.0,20.0,,,,,,,0.0138,0.0138,41.311922,-105.581147,2022,11,3,0
West,Knight Hall,2022-11-03T01:00:00,30.0,30.0,,,,0.84,,,0.0207,0.0207,41.311922,-105.581147,2022,11,3,1
West,Knight Hall,2022-11-03T02:00:00,20.0,20.0,,,,1.16,,,0.0138,0.0138,41.311922,-105.581147,2022,11,3,2
West,Knight Hall,2022-11-03T03:00:00,30.0,40.0,,,,0.02,,,0.0207,0.0276,41.311922,-105.581147,2022,11,3,3
West,Knight Hall,2022-11-03T04:00:00,30.0,20.0,,,,,,,0.0207,0.0138,41.311922,-105.581147,2022,11,3,4
West,Knight Hall,2022-11-03T05:00:00,30.0,30.0,,,,,,,0.0207,0.0207,41.311922,-105.581147,2022,11,3,5
West,Knight Hall,2022-11-03T06:00:00,30.0,30.0,,,,9.29,,,0.0207,0.0207,41.311922,-105.581147,2022,11,3,6
West,Knight Hall,2022-11-03T07:00:00,60.0,60.0,,,,40.13,,,0.0414,0.0414,41.311922,-105.581147,2022,11,3,7
West,Knight Hall,2022-11-03T08:00:00,60.0,60.0,,,,54.76,,,0.0414,0.0414,41.311922,-105.581147,2022,11,3,8
West,Knight Hall,2022-11-03T09:00:00,70.0,80.0,,,,,,,0.048299999999999996,0.0552,41.311922,-105.581147,2022,11,3,9
West,Knight Hall,2022-11-03T10:00:00,80.0,70.0,,,,,,,0.0552,0.048299999999999996,41.311922,-105.581147,2022,11,3,10
West,Knight Hall,2022-11-03T11:00:00,70.0,70.0,,,,,,,0.048299999999999996,0.048299999999999996,41.311922,-105.581147,2022,11,3,11
West,Knight Hall,2022-11-03T12:00:00,70.0,70.0,,,,87.84,,,0.048299999999999996,0.048299999999999996,41.311922,-105.581147,2022,11,3,12
West,Knight Hall,2022-11-03T13:00:00,,,,,,95.13,,,,,41.311922,-105.581147,2022,11,3,13
West,Knight Hall,2022-11-03T14:00:00,60.0,60.0,,,,90.15,,,0.0414,0.0414,41.311922,-105.581147,2022,11,3,14
West,Knight Hall,2022-11-03T15:00:00,80.0,80.0,,,,65.67,,,0.0552,0.0552,41.311922,-105.581147,2022,11,3,15
West,Knight Hall,2022-11-03T16:00:00,60.0,60.0,,,,55.3,,,0.0414,0.0414,41.311922,-105.581147,2022,11,3,16
West,Knight Hall,2022-11-03T17:00:00,50.0,50.0,,,,42.39,,,0.034499999999999996,0.034499999999999996,41.311922,-105.581147,2022,11,3,17
West,Knight Hall,2022-11-03T18:00:00,40.0,40.0,,,,57.31,,,0.0276,0.0276,41.311922,-105.581147,2022,11,3,18
West,Knight Hall,2022-11-03T19:00:00,40.0,50.0,,,,5.58,,,0.0276,0.034499999999999996,41.311922,-105.581147,2022,11,3,19
West,Knight Hall,2022-11-03T20:00:00,30.0,30.0,,,,21.02,,,0.0207,0.0207,41.311922,-105.581147,2022,11,3,20
West,Knight Hall,2022-11-03T21:00:00,40.0,30.0,,,,1.16,,,0.0276,0.0207,41.311922,-105.581147,2022,11,3,21
West,Knight Hall,2022-11-03T22:00:00,30.0,30.0,,,,12.68,,,0.0207,0.0207,41.311922,-105.581147,2022,11,3,22
West,Knight Hall,2022-11-03T23:00:00,30.0,30.0,,,,0.47,,,0.0207,0.0207,41.311922,-105.581147,2022,11,3,23
West,Knight Hall,2022-11-04T00:00:00,20.0,30.0,,,,,,,0.0138,0.0207,41.311922,-105.581147,2022,11,4,0
West,Knight Hall,2022-11-04T01:00:00,40.0,30.0,,,,,,,0.0276,0.0207,41.311922,-105.581147,2022,11,4,1
West,Knight Hall,2022-11-04T02:00:00,20.0,20.0,,,,,,,0.0138,0.0138,41.311922,-105.581147,2022,11,4,2
West,Knight Hall,2022-11-04T03:00:00,30.0,30.0,,,,,,,0.0207,0.0207,41.311922,-105.581147,2022,11,4,3
West,Knight Hall,2022-11-04T04:00:00,20.0,30.0,,,,1.1,,,0.0138,0.0207,41.311922,-105.581147,2022,11,4,4
West,Knight Hall,2022-11-04T05:00:00,30.0,30.0,,,,,,,0.0207,0.0207,41.311922,-105.581147,2022,11,4,5
West,Knight Hall,2022-11-04T06:00:00,30.0,30.0,,,,8.36,,,0.0207,0.0207,41.311922,-105.581147,2022,11,4,6
West,Knight Hall,2022-11-04T07:00:00,60.0,40.0,,,,29.950000000000003,,,0.0414,0.0276,41.311922,-105.581147,2022,11,4,7
West,Knight Hall,2022-11-04T08:00:00,60.0,70.0,,,,68.87,,,0.0414,0.048299999999999996,41.311922,-105.581147,2022,11,4,8
West,Knight Hall,2022-11-04T09:00:00,80.0,,,,,110.95,,,0.0552,,41.311922,-105.581147,2022,11,4,9
West,Knight Hall,2022-11-04T10:00:00,60.0,60.0,,,,130.06000000000003,,,0.0414,0.0414,41.311922,-105.581147,2022,11,4,10
West,Knight Hall,2022-11-04T11:00:00,80.0,,,,,128.31,,,0.0552,,41.311922,-105.581147,2022,11,4,11
West,Knight Hall,2022-11-04T12:00:00,50.0,60.0,,,,,,,0.034499999999999996,0.0414,41.311922,-105.581147,2022,11,4,12
West,Knight Hall,2022-11-04T13:00:00,70.0,80.0,,,,,,,0.048299999999999996,0.0552,41.311922,-105.581147,2022,11,4,13
West,Knight Hall,2022-11-04T14:00:00,70.0,60.0,,,,,,,0.048299999999999996,0.0414,41.311922,-105.581147,2022,11,4,14
West,Knight Hall,2022-11-04T15:00:00,70.0,70.0,,,,88.75,,,0.048299999999999996,0.048299999999999996,41.311922,-105.581147,2022,11,4,15
West,Knight Hall,2022-11-04T16:00:00,60.0,70.0,,,,86.33,,,0.0414,0.048299999999999996,41.311922,-105.581147,2022,11,4,16
West,Knight Hall,2022-11-04T17:00:00,50.0,50.0,,,,67.81,,,0.034499999999999996,0.034499999999999996,41.311922,-105.581147,2022,11,4,17
West,Knight Hall,2022-11-04T18:00:00,40.0,40.0,,,,10.33,,,0.0276,0.0276,41.311922,-105.581147,2022,11,4,18
West,Knight Hall,2022-11-04T19:00:00,40.0,40.0,,,,3.95,,,0.0276,0.0276,41.311922,-105.581147,2022,11,4,19
West,Knight Hall,2022-11-04T20:00:00,20.0,40.0,,,,25.660000000000004,,,0.0138,0.0276,41.311922,-105.581147,2022,11,4,20
West,Knight Hall,2022-11-04T21:00:00,30.0,30.0,,,,6.68,,,0.0207,0.0207,41.311922,-105.581147,2022,11,4,21
West,Knight Hall,2022-11-04T22:00:00,30.0,30.0,,,,0.02,,,0.0207,0.0207,41.311922,-105.581147,2022,11,4,22
West,Knight Hall,2022-11-04T23:00:00,30.0,30.0,,,,,,,0.0207,0.0207,41.311922,-105.581147,2022,11,4,23
West,Knight Hall,2022-11-05T00:00:00,30.0,20.0,,,,1.12,,,0.0207,0.0138,41.311922,-105.581147,2022,11,5,0
West,Knight Hall,2022-11-05T01:00:00,30.0,30.0,,,,,,,0.0207,0.0207,41.311922,-105.581147,2022,11,5,1
West,Knight Hall,2022-11-05T02:00:00,20.0,30.0,,,,,,,0.0138,0.0207,41.311922,-105.581147,2022,11,5,2
West,Knight Hall,2022-11-05T03:00:00,30.0,20.0,,,,1.12,,,0.0207,0.0138,41.311922,-105.581147,2022,11,5,3
West,Knight Hall,2022-11-05T04:00:00,20.0,30.0,,,,,,,0.0138,0.0207,41.311922,-105.581147,2022,11,5,4
West,Knight Hall,2022-11-05T05:00:00,20.0,40.0,,,,0.22,,,0.0138,0.0276,41.311922,-105.581147,2022,11,5,5
West,Knight Hall,2022-11-05T06:00:00,30.0,30.0,,,,8.059999999999999,,,0.0207,0.0207,41.311922,-105.581147,2022,11,5,6
West,Knight Hall,2022-11-05T07:00:00,30.0,40.0,,,,62.35,,,0.0207,0.0276,41.311922,-105.581147,2022,11,5,7
West,Knight Hall,2022-11-05T08:00:00,20.0,60.0,,,,,,,0.0138,0.0414,41.311922,-105.581147,2022,11,5,8
West,Knight Hall,2022-11-05T09:00:00,30.0,80.0,,,,,,,0.0207,0.0552,41.311922,-105.581147,2022,11,5,9
West,Knight Hall,2022-11-05T10:00:00,30.0,70.0,,,,,,,0.0207,0.048299999999999996,41.311922,-105.581147,2022,11,5,10
West,Knight Hall,2022-11-05T11:00:00,40.0,80.0,,,,,,,0.0276,0.0552,41.311922,-105.581147,2022,11,5,11
West,Knight Hall,2022-11-05T12:00:00,20.0,70.0,,,,,,,0.0138,0.048299999999999996,41.311922,-105.581147,2022,11,5,12
West,Knight Hall,2022-11-05T13:00:00,30.0,70.0,,,,71.75,,,0.0207,0.048299999999999996,41.311922,-105.581147,2022,11,5,13
West,Knight Hall,2022-11-05T14:00:00,20.0,70.0,,,,126.17,,,0.0138,0.048299999999999996,41.311922,-105.581147,2022,11,5,14
West,Knight Hall,2022-11-05T15:00:00,30.0,80.0,,,,76.32,,,0.0207,0.0552,41.311922,-105.581147,2022,11,5,15
West,Knight Hall,2022-11-05T16:00:00,20.0,50.0,,,,89.91,,,0.0138,0.034499999999999996,41.311922,-105.581147,2022,11,5,16
West,Knight Hall,2022-11-05T17:00:00,30.0,50.0,,,,22.72,,,0.0207,0.034499999999999996,41.311922,-105.581147,2022,11,5,17
West,Knight Hall,2022-11-05T18:00:00,20.0,30.0,,,,14.16,,,0.0138,0.0207,41.311922,-105.581147,2022,11,5,18
West,Knight Hall,2022-11-05T19:00:00,30.0,40.0,,,,10.76,,,0.0207,0.0276,41.311922,-105.581147,2022,11,5,19
West,Knight Hall,2022-11-05T20:00:00,20.0,30.0,,,,1.08,,,0.0138,0.0207,41.311922,-105.581147,2022,11,5,20
West,Knight Hall,2022-11-05T21:00:00,40.0,30.0,,,,32.6,,,0.0276,0.0207,41.311922,-105.581147,2022,11,5,21
West,Knight Hall,2022-11-05T22:00:00,20.0,30.0,,,,7.98,,,0.0138,0.0207,41.311922,-105.581147,2022,11,5,22
West,Knight Hall,2022-11-05T23:00:00,30.0,30.0,,,,1.16,,,0.0207,0.0207,41.311922,-105.581147,2022,11,5,23
West,Knight Hall,2022-11-06T00:00:00,20.0,30.0,,,,,,,0.0138,0.0207,41.311922,-105.581147,2022,11,6,0
West,Knight Hall,2022-11-06T01:00:00,50.0,30.0,,,,1.16,,,0.034499999999999996,0.0207,41.311922,-105.581147,2022,11,6,1
West,Knight Hall,2022-11-06T02:00:00,30.0,20.0,,,,,,,0.0207,0.0138,41.311922,-105.581147,2022,11,6,2
West,Knight Hall,2022-11-06T03:00:00,30.0,30.0,,,,,,,0.0207,0.0207,41.311922,-105.581147,2022,11,6,3
West,Knight Hall,2022-11-06T04:00:00,20.0,20.0,,,,1.14,,,0.0138,0.0138,41.311922,-105.581147,2022,11,6,4
West,Knight Hall,2022-11-06T05:00:00,30.0,30.0,,,,,,,0.0207,0.0207,41.311922,-105.581147,2022,11,6,5
West,Knight Hall,2022-11-06T06:00:00,30.0,30.0,,,,,,,0.0207,0.0207,41.311922,-105.581147,2022,11,6,6
West,Knight Hall,2022-11-06T07:00:00,20.0,20.0,,,,1.1,,,0.0138,0.0138,41.311922,-105.581147,2022,11,6,7
West,Knight Hall,2022-11-06T08:00:00,30.0,30.0,,,,3.26,,,0.0207,0.0207,41.311922,-105.581147,2022,11,6,8
West,Knight Hall,2022-11-06T09:00:00,30.0,40.0,,,,0.75,,,0.0207,0.0276,41.311922,-105.581147,2022,11,6,9
West,Knight Hall,2022-11-06T10:00:00,30.0,30.0,,,,2.63,,,0.0207,0.0207,41.311922,-105.581147,2022,11,6,10
West,Knight Hall,2022-11-06T11:00:00,30.0,40.0,,,,,,,0.0207,0.0276,41.311922,-105.581147,2022,11,6,11
West,Knight Hall,2022-11-06T12:00:00,30.0,30.0,,,,0.8200000000000001,,,0.0207,0.0207,41.311922,-105.581147,2022,11,6,12
West,Knight Hall,2022-11-06T13:00:00,30.0,40.0,,,,2.39,,,0.0207,0.0276,41.311922,-105.581147,2022,11,6,13
West,Knight Hall,2022-11-06T14:00:00,30.0,30.0,,,,,,,0.0207,0.0207,41.311922,-105.581147,2022,11,6,14
West,Knight Hall,2022-11-06T15:00:00,30.0,30.0,,,,,,,0.0207,0.0207,41.311922,-105.581147,2022,11,6,15
West,Knight Hall,2022-11-06T16:00:00,20.0,30.0,,,,1.17,,,0.0138,0.0207,41.311922,-105.581147,2022,11,6,16
West,Knight Hall,2022-11-06T17:00:00,30.0,20.0,,,,,,,0.0207,0.0138,41.311922,-105.581147,2022,11,6,17
West,Knight Hall,2022-11-06T18:00:00,30.0,30.0,,,,,,,0.0207,0.0207,41.311922,-105.581147,2022,11,6,18
West,Knight Hall,2022-11-06T19:00:00,30.0,30.0,,,,1.23,,,0.0207,0.0207,41.311922,-105.581147,2022,11,6,19
West,Knight Hall,2022-11-06T20:00:00,20.0,20.0,,,,0.24,,,0.0138,0.0138,41.311922,-105.581147,2022,11,6,20
West,Knight Hall,2022-11-06T21:00:00,30.0,40.0,,,,,,,0.0207,0.0276,41.311922,-105.581147,2022,11,6,21
West,Knight Hall,2022-11-06T22:00:00,20.0,20.0,,,,1.17,,,0.0138,0.0138,41.311922,-105.581147,2022,11,6,22
West,Knight Hall,2022-11-06T23:00:00,30.0,30.0,,,,,,,0.0207,0.0207,41.311922,-105.581147,2022,11,6,23
West,Knight Hall,2022-11-07T00:00:00,30.0,20.0,,,,,,,0.0207,0.0138,41.311922,-105.581147,2022,11,7,0
West,Knight Hall,2022-11-07T01:00:00,30.0,60.0,,,,1.1,,,0.0207,0.0414,41.311922,-105.581147,2022,11,7,1
West,Knight Hall,2022-11-07T02:00:00,20.0,30.0,,,,,,,0.0138,0.0207,41.311922,-105.581147,2022,11,7,2
West,Knight Hall,2022-11-07T03:00:00,30.0,20.0,,,,1.1,,,0.0207,0.0138,41.311922,-105.581147,2022,11,7,3
West,Knight Hall,2022-11-07T04:00:00,20.0,30.0,,,,,,,0.0138,0.0207,41.311922,-105.581147,2022,11,7,4
West,Knight Hall,2022-11-07T05:00:00,40.0,30.0,,,,,,,0.0276,0.0207,41.311922,-105.581147,2022,11,7,5
West,Knight Hall,2022-11-07T06:00:00,20.0,30.0,,,,,,,0.0138,0.0207,41.311922,-105.581147,2022,11,7,6
West,Knight Hall,2022-11-07T07:00:00,70.0,20.0,,,,1.1,,,0.048299999999999996,0.0138,41.311922,-105.581147,2022,11,7,7
West,Knight Hall,2022-11-07T08:00:00,50.0,40.0,,,,,,,0.034499999999999996,0.0276,41.311922,-105.581147,2022,11,7,8
West,Knight Hall,2022-11-07T09:00:00,80.0,30.0,,,,2.91,,,0.0552,0.0207,41.311922,-105.581147,2022,11,7,9
West,Knight Hall,2022-11-07T10:00:00,70.0,30.0,,,,,,,0.048299999999999996,0.0207,41.311922,-105.581147,2022,11,7,10
West,Knight Hall,2022-11-07T11:00:00,80.0,30.0,,,,1.77,,,0.0552,0.0207,41.311922,-105.581147,2022,11,7,11
West,Knight Hall,2022-11-07T12:00:00,50.0,30.0,,,,0.62,,,0.034499999999999996,0.0207,41.311922,-105.581147,2022,11,7,12
West,Knight Hall,2022-11-07T13:00:00,,30.0,,,,,,,,0.0207,41.311922,-105.581147,2022,11,7,13
West,Knight Hall,2022-11-07T14:00:00,50.0,30.0,,,,,,,0.034499999999999996,0.0207,41.311922,-105.581147,2022,11,7,14
West,Knight Hall,2022-11-07T15:00:00,,30.0,,,,1.14,,,,0.0207,41.311922,-105.581147,2022,11,7,15
West,Knight Hall,2022-11-07T16:00:00,50.0,30.0,,,,3.79,,,0.034499999999999996,0.0207,41.311922,-105.581147,2022,11,7,16
West,Knight Hall,2022-11-07T17:00:00,50.0,30.0,,,,0.3399999999999999,,,0.034499999999999996,0.0207,41.311922,-105.581147,2022,11,7,17
West,Knight Hall,2022-11-07T18:00:00,30.0,30.0,,,,,,,0.0207,0.0207,41.311922,-105.581147,2022,11,7,18
West,Knight Hall,2022-11-07T19:00:00,30.0,20.0,,,,4.3100000000000005,,,0.0207,0.0138,41.311922,-105.581147,2022,11,7,19
West,Knight Hall,2022-11-07T20:00:00,30.0,30.0,,,,,,,0.0207,0.0207,41.311922,-105.581147,2022,11,7,20
West,Knight Hall,2022-11-07T21:00:00,30.0,30.0,,,,,,,0.0207,0.0207,41.311922,-105.581147,2022,11,7,21
West,Knight Hall,2022-11-07T22:00:00,30.0,30.0,,,,,,,0.0207,0.0207,41.311922,-105.581147,2022,11,7,22
West,Knight Hall,2022-11-07T23:00:00,30.0,30.0,,,,1.16,,,0.0207,0.0207,41.311922,-105.581147,2022,11,7,23
West,Knight Hall,2022-11-08T00:00:00,20.0,20.0,,,,0.04,,,0.0138,0.0138,41.311922,-105.581147,2022,11,8,0
West,Knight Hall,2022-11-08T01:00:00,30.0,40.0,,,,,,,0.0207,0.0276,41.311922,-105.581147,2022,11,8,1
West,Knight Hall,2022-11-08T02:00:00,20.0,20.0,,,,,,,0.0138,0.0138,41.311922,-105.581147,2022,11,8,2
West,Knight Hall,2022-11-08T03:00:00,20.0,30.0,,,,,,,0.0138,0.0207,41.311922,-105.581147,2022,11,8,3
West,Knight Hall,2022-11-08T04:00:00,30.0,30.0,,,,4.07,,,0.0207,0.0207,41.311922,-105.581147,2022,11,8,4
West,Knight Hall,2022-11-08T05:00:00,30.0,30.0,,,,8.26,,,0.0207,0.0207,41.311922,-105.581147,2022,11,8,5
West,Knight Hall,2022-11-08T06:00:00,30.0,30.0,,,,31.39,,,0.0207,0.0207,41.311922,-105.581147,2022,11,8,6
West,Knight Hall,2022-11-08T07:00:00,60.0,50.0,,,,138.2,,,0.0414,0.034499999999999996,41.311922,-105.581147,2022,11,8,7
West,Knight Hall,2022-11-08T08:00:00,60.0,60.0,,,,,,,0.0414,0.0414,41.311922,-105.581147,2022,11,8,8
West,Knight Hall,2022-11-08T09:00:00,,80.0,,,,,,,,0.0552,41.311922,-105.581147,2022,11,8,9
West,Knight Hall,2022-11-08T10:00:00,70.0,70.0,,,,168.73000000000002,,,0.048299999999999996,0.048299999999999996,41.311922,-105.581147,2022,11,8,10
West,Knight Hall,2022-11-08T11:00:00,80.0,80.0,,,,,,,0.0552,0.0552,41.311922,-105.581147,2022,11,8,11
West,Knight Hall,2022-11-08T12:00:00,60.0,60.0,,,,96.27,,,0.0414,0.0414,41.311922,-105.581147,2022,11,8,12
West,Knight Hall,2022-11-08T13:00:00,80.0,,,,,136.89,,,0.0552,,41.311922,-105.581147,2022,11,8,13
West,Knight Hall,2022-11-08T14:00:00,60.0,60.0,,,,83.01,,,0.0414,0.0414,41.311922,-105.581147,2022,11,8,14
West,Knight Hall,2022-11-08T15:00:00,,80.0,,,,89.48,,,,0.0552,41.311922,-105.581147,2022,11,8,15
West,Knight Hall,2022-11-08T16:00:00,50.0,60.0,,,,69.45,,,0.034499999999999996,0.0414,41.311922,-105.581147,2022,11,8,16
West,Knight Hall,2022-11-08T17:00:00,50.0,60.0,,,,20.25,,,0.034499999999999996,0.0414,41.311922,-105.581147,2022,11,8,17
West,Knight Hall,2022-11-08T18:00:00,30.0,30.0,,,,6.84,,,0.0207,0.0207,41.311922,-105.581147,2022,11,8,18
West,Knight Hall,2022-11-08T19:00:00,40.0,40.0,,,,13.43,,,0.0276,0.0276,41.311922,-105.581147,2022,11,8,19
West,Knight Hall,2022-11-08T20:00:00,30.0,30.0,,,,31.67,,,0.0207,0.0207,41.311922,-105.581147,2022,11,8,20
West,Knight Hall,2022-11-08T21:00:00,40.0,40.0,,,,8.43,,,0.0276,0.0276,41.311922,-105.581147,2022,11,8,21
West,Knight Hall,2022-11-08T22:00:00,20.0,20.0,,,,0.09,,,0.0138,0.0138,41.311922,-105.581147,2022,11,8,22
West,Knight Hall,2022-11-08T23:00:00,40.0,30.0,,,,1.5299999999999998,,,0.0276,0.0207,41.311922,-105.581147,2022,11,8,23
West,Knight Hall,2022-11-09T00:00:00,20.0,30.0,,,,0.15,,,0.0138,0.0207,41.311922,-105.581147,2022,11,9,0
West,Knight Hall,2022-11-09T01:00:00,30.0,30.0,,,,2.28,,,0.0207,0.0207,41.311922,-105.581147,2022,11,9,1
West,Knight Hall,2022-11-09T02:00:00,20.0,20.0,,,,0.26,,,0.0138,0.0138,41.311922,-105.581147,2022,11,9,2
West,Knight Hall,2022-11-09T03:00:00,30.0,30.0,,,,0.9,,,0.0207,0.0207,41.311922,-105.581147,2022,11,9,3
West,Knight Hall,2022-11-09T04:00:00,20.0,20.0,,,,4.869999999999999,,,0.0138,0.0138,41.311922,-105.581147,2022,11,9,4
West,Knight Hall,2022-11-09T05:00:00,40.0,40.0,,,,2.18,,,0.0276,0.0276,41.311922,-105.581147,2022,11,9,5
West,Knight Hall,2022-11-09T06:00:00,30.0,30.0,,,,52.82000000000001,,,0.0207,0.0207,41.311922,-105.581147,2022,11,9,6
West,Knight Hall,2022-11-09T07:00:00,50.0,50.0,,,,106.77,,,0.034499999999999996,0.034499999999999996,41.311922,-105.581147,2022,11,9,7
West,Knight Hall,2022-11-09T08:00:00,60.0,60.0,,,,144.8,,,0.0414,0.0414,41.311922,-105.581147,2022,11,9,8
West,Knight Hall,2022-11-09T09:00:00,,,,,,130.82999999999998,,,,,41.311922,-105.581147,2022,11,9,9
West,Knight Hall,2022-11-09T10:00:00,60.0,60.0,,,,,,,0.0414,0.0414,41.311922,-105.581147,2022,11,9,10
West,Knight Hall,2022-11-09T11:00:00,80.0,80.0,,,,142.35000000000002,,,0.0552,0.0552,41.311922,-105.581147,2022,11,9,11
West,Knight Hall,2022-11-09T12:00:00,60.0,70.0,,,,98.42,,,0.0414,0.048299999999999996,41.311922,-105.581147,2022,11,9,12
West,Knight Hall,2022-11-09T13:00:00,80.0,80.0,,,,,,,0.0552,0.0552,41.311922,-105.581147,2022,11,9,13
West,Knight Hall,2022-11-09T14:00:00,60.0,60.0,,,,123.95,,,0.0414,0.0414,41.311922,-105.581147,2022,11,9,14
West,Knight Hall,2022-11-09T15:00:00,80.0,,,,,97.09,,,0.0552,,41.311922,-105.581147,2022,11,9,15
West,Knight Hall,2022-11-09T16:00:00,60.0,60.0,,,,15.39,,,0.0414,0.0414,41.311922,-105.581147,2022,11,9,16
West,Knight Hall,2022-11-09T17:00:00,50.0,50.0,,,,26.5,,,0.034499999999999996,0.034499999999999996,41.311922,-105.581147,2022,11,9,17
West,Knight Hall,2022-11-09T18:00:00,40.0,40.0,,,,15.95,,,0.0276,0.0276,41.311922,-105.581147,2022,11,9,18
West,Knight Hall,2022-11-09T19:00:00,40.0,40.0,,,,2.41,,,0.0276,0.0276,41.311922,-105.581147,2022,11,9,19
West,Knight Hall,2022-11-09T20:00:00,30.0,30.0,,,,33.98,,,0.0207,0.0207,41.311922,-105.581147,2022,11,9,20
West,Knight Hall,2022-11-09T21:00:00,40.0,40.0,,,,8.69,,,0.0276,0.0276,41.311922,-105.581147,2022,11,9,21
West,Knight Hall,2022-11-09T22:00:00,30.0,20.0,,,,,,,0.0207,0.0138,41.311922,-105.581147,2022,11,9,22
West,Knight Hall,2022-11-09T23:00:00,30.0,30.0,,,,0.84,,,0.0207,0.0207,41.311922,-105.581147,2022,11,9,23
West,Knight Hall,2022-11-10T00:00:00,20.0,30.0,,,,,,,0.0138,0.0207,41.311922,-105.581147,2022,11,10,0
West,Knight Hall,2022-11-10T01:00:00,30.0,30.0,,,,1.14,,,0.0207,0.0207,41.311922,-105.581147,2022,11,10,1
West,Knight Hall,2022-11-10T02:00:00,20.0,20.0,,,,,,,0.0138,0.0138,41.311922,-105.581147,2022,11,10,2
West,Knight Hall,2022-11-10T03:00:00,30.0,30.0,,,,,,,0.0207,0.0207,41.311922,-105.581147,2022,11,10,3
West,Knight Hall,2022-11-10T04:00:00,30.0,30.0,,,,,,,0.0207,0.0207,41.311922,-105.581147,2022,11,10,4
West,Knight Hall,2022-11-10T05:00:00,30.0,30.0,,,,8.32,,,0.0207,0.0207,41.311922,-105.581147,2022,11,10,5
West,Knight Hall,2022-11-10T06:00:00,30.0,30.0,,,,57.01,,,0.0207,0.0207,41.311922,-105.581147,2022,11,10,6
West,Knight Hall,2022-11-10T07:00:00,40.0,50.0,,,,62.66,,,0.0276,0.034499999999999996,41.311922,-105.581147,2022,11,10,7
West,Knight Hall,2022-11-10T08:00:00,80.0,70.0,,,,,,,0.0552,0.048299999999999996,41.311922,-105.581147,2022,11,10,8
West,Knight Hall,2022-11-10T09:00:00,70.0,80.0,,,,,,,0.048299999999999996,0.0552,41.311922,-105.581147,2022,11,10,9
West,Knight Hall,2022-11-10T10:00:00,80.0,70.0,,,,,,,0.0552,0.048299999999999996,41.311922,-105.581147,2022,11,10,10
West,Knight Hall,2022-11-10T11:00:00,80.0,80.0,,,,,,,0.0552,0.0552,41.311922,-105.581147,2022,11,10,11
West,Knight Hall,2022-11-10T12:00:00,60.0,60.0,,,,,,,0.0414,0.0414,41.311922,-105.581147,2022,11,10,12
West,Knight Hall,2022-11-10T13:00:00,70.0,,,,,96.05,,,0.048299999999999996,,41.311922,-105.581147,2022,11,10,13
West,Knight Hall,2022-11-10T14:00:00,80.0,60.0,,,,,,,0.0552,0.0414,41.311922,-105.581147,2022,11,10,14
West,Knight Hall,2022-11-10T15:00:00,80.0,80.0,,,,93.4,,,0.0552,0.0552,41.311922,-105.581147,2022,11,10,15
West,Knight Hall,2022-11-10T16:00:00,60.0,70.0,,,,32.21,,,0.0414,0.048299999999999996,41.311922,-105.581147,2022,11,10,16
West,Knight Hall,2022-11-10T17:00:00,50.0,50.0,,,,31.18,,,0.034499999999999996,0.034499999999999996,41.311922,-105.581147,2022,11,10,17
West,Knight Hall,2022-11-10T18:00:00,40.0,40.0,,,,14.23,,,0.0276,0.0276,41.311922,-105.581147,2022,11,10,18
West,Knight Hall,2022-11-10T19:00:00,40.0,40.0,,,,30.62,,,0.0276,0.0276,41.311922,-105.581147,2022,11,10,19
West,Knight Hall,2022-11-10T20:00:00,20.0,30.0,,,,4.36,,,0.0138,0.0207,41.311922,-105.581147,2022,11,10,20
West,Knight Hall,2022-11-10T21:00:00,40.0,30.0,,,,4.25,,,0.0276,0.0207,41.311922,-105.581147,2022,11,10,21
West,Knight Hall,2022-11-10T22:00:00,20.0,30.0,,,,0.88,,,0.0138,0.0207,41.311922,-105.581147,2022,11,10,22
West,Knight Hall,2022-11-10T23:00:00,30.0,20.0,,,,1.16,,,0.0207,0.0138,41.311922,-105.581147,2022,11,10,23
West,Knight Hall,2022-11-11T00:00:00,20.0,30.0,,,,0.8200000000000001,,,0.0138,0.0207,41.311922,-105.581147,2022,11,11,0
West,Knight Hall,2022-11-11T01:00:00,30.0,30.0,,,,,,,0.0207,0.0207,41.311922,-105.581147,2022,11,11,1
West,Knight Hall,2022-11-11T02:00:00,20.0,20.0,,,,1.16,,,0.0138,0.0138,41.311922,-105.581147,2022,11,11,2
West,Knight Hall,2022-11-11T03:00:00,30.0,30.0,,,,,,,0.0207,0.0207,41.311922,-105.581147,2022,11,11,3
West,Knight Hall,2022-11-11T04:00:00,20.0,30.0,,,,8.059999999999999,,,0.0138,0.0207,41.311922,-105.581147,2022,11,11,4
West,Knight Hall,2022-11-11T05:00:00,40.0,30.0,,,,1.16,,,0.0276,0.0207,41.311922,-105.581147,2022,11,11,5
West,Knight Hall,2022-11-11T06:00:00,20.0,30.0,,,,34.67,,,0.0138,0.0207,41.311922,-105.581147,2022,11,11,6
West,Knight Hall,2022-11-11T07:00:00,60.0,60.0,,,,105.24,,,0.0414,0.0414,41.311922,-105.581147,2022,11,11,7
West,Knight Hall,2022-11-11T08:00:00,60.0,60.0,,,,120.12,,,0.0414,0.0414,41.311922,-105.581147,2022,11,11,8
West,Knight Hall,2022-11-11T09:00:00,80.0,70.0,,,,157.98,,,0.0552,0.048299999999999996,41.311922,-105.581147,2022,11,11,9
West,Knight Hall,2022-11-11T10:00:00,70.0,80.0,,,,145.79000000000002,,,0.048299999999999996,0.0552,41.311922,-105.581147,2022,11,11,10
West,Knight Hall,2022-11-11T11:00:00,,,,,,91.66,,,,,41.311922,-105.581147,2022,11,11,11
West,Knight Hall,2022-11-11T12:00:00,60.0,60.0,,,,92.43,,,0.0414,0.0414,41.311922,-105.581147,2022,11,11,12
West,Knight Hall,2022-11-11T13:00:00,80.0,80.0,,,,113.45,,,0.0552,0.0552,41.311922,-105.581147,2022,11,11,13
West,Knight Hall,2022-11-11T14:00:00,60.0,70.0,,,,128.52,,,0.0414,0.048299999999999996,41.311922,-105.581147,2022,11,11,14
West,Knight Hall,2022-11-11T15:00:00,,,,,,109.94,,,,,41.311922,-105.581147,2022,11,11,15
West,Knight Hall,2022-11-11T16:00:00,50.0,60.0,,,,22.380000000000003,,,0.034499999999999996,0.0414,41.311922,-105.581147,2022,11,11,16
West,Knight Hall,2022-11-11T17:00:00,50.0,60.0,,,,30.16,,,0.034499999999999996,0.0414,41.311922,-105.581147,2022,11,11,17
West,Knight Hall,2022-11-11T18:00:00,40.0,40.0,,,,10.93,,,0.0276,0.0276,41.311922,-105.581147,2022,11,11,18
West,Knight Hall,2022-11-11T19:00:00,40.0,40.0,,,,3.75,,,0.0276,0.0276,41.311922,-105.581147,2022,11,11,19
West,Knight Hall,2022-11-11T20:00:00,20.0,30.0,,,,23.05,,,0.0138,0.0207,41.311922,-105.581147,2022,11,11,20
West,Knight Hall,2022-11-11T21:00:00,30.0,30.0,,,,12.64,,,0.0207,0.0207,41.311922,-105.581147,2022,11,11,21
West,Knight Hall,2022-11-11T22:00:00,30.0,30.0,,,,4.659999999999999,,,0.0207,0.0207,41.311922,-105.581147,2022,11,11,22
West,Knight Hall,2022-11-11T23:00:00,30.0,30.0,,,,0.8200000000000001,,,0.0207,0.0207,41.311922,-105.581147,2022,11,11,23
West,Knight Hall,2022-11-12T00:00:00,20.0,30.0,,,,,,,0.0138,0.0207,41.311922,-105.581147,2022,11,12,0
West,Knight Hall,2022-11-12T01:00:00,30.0,30.0,,,,,,,0.0207,0.0207,41.311922,-105.581147,2022,11,12,1
West,Knight Hall,2022-11-12T02:00:00,20.0,20.0,,,,,,,0.0138,0.0138,41.311922,-105.581147,2022,11,12,2
West,Knight Hall,2022-11-12T03:00:00,30.0,30.0,,,,0.84,,,0.0207,0.0207,41.311922,-105.581147,2022,11,12,3
West,Knight Hall,2022-11-12T04:00:00,20.0,30.0,,,,0.73,,,0.0138,0.0207,41.311922,-105.581147,2022,11,12,4
West,Knight Hall,2022-11-12T05:00:00,30.0,30.0,,,,6.88,,,0.0207,0.0207,41.311922,-105.581147,2022,11,12,5
West,Knight Hall,2022-11-12T06:00:00,20.0,30.0,,,,26.07,,,0.0138,0.0207,41.311922,-105.581147,2022,11,12,6
West,Knight Hall,2022-11-12T07:00:00,30.0,50.0,,,,,,,0.0207,0.034499999999999996,41.311922,-105.581147,2022,11,12,7
West,Knight Hall,2022-11-12T08:00:00,30.0,60.0,,,,,,,0.0207,0.0414,41.311922,-105.581147,2022,11,12,8
West,Knight Hall,2022-11-12T09:00:00,30.0,70.0,,,,,,,0.0207,0.048299999999999996,41.311922,-105.581147,2022,11,12,9
West,Knight Hall,2022-11-12T10:00:00,30.0,80.0,,,,,,,0.0207,0.0552,41.311922,-105.581147,2022,11,12,10
West,Knight Hall,2022-11-12T11:00:00,30.0,70.0,,,,,,,0.0207,0.048299999999999996,41.311922,-105.581147,2022,11,12,11
West,Knight Hall,2022-11-12T12:00:00,20.0,70.0,,,,,,,0.0138,0.048299999999999996,41.311922,-105.581147,2022,11,12,12
West,Knight Hall,2022-11-12T13:00:00,40.0,70.0,,,,91.55,,,0.0276,0.048299999999999996,41.311922,-105.581147,2022,11,12,13
West,Knight Hall,2022-11-12T14:00:00,20.0,70.0,,,,81.56,,,0.0138,0.048299999999999996,41.311922,-105.581147,2022,11,12,14
West,Knight Hall,2022-11-12T15:00:00,30.0,70.0,,,,66.61999999999999,,,0.0207,0.048299999999999996,41.311922,-105.581147,2022,11,12,15
West,Knight Hall,2022-11-12T16:00:00,20.0,70.0,,,,28.7,,,0.0138,0.048299999999999996,41.311922,-105.581147,2022,11,12,16
West,Knight Hall,2022-11-12T17:00:00,30.0,50.0,,,,7.16,,,0.0207,0.034499999999999996,41.311922,-105.581147,2022,11,12,17
West,Knight Hall,2022-11-12T18:00:00,20.0,40.0,,,,11.23,,,0.0138,0.0276,41.311922,-105.581147,2022,11,12,18
West,Knight Hall,2022-11-12T19:00:00,30.0,40.0,,,,15.44,,,0.0207,0.0276,41.311922,-105.581147,2022,11,12,19
West,Knight Hall,2022-11-12T20:00:00,20.0,30.0,,,,5.539999999999999,,,0.0138,0.0207,41.311922,-105.581147,2022,11,12,20
West,Knight Hall,2022-11-12T21:00:00,30.0,30.0,,,,0.22,,,0.0207,0.0207,41.311922,-105.581147,2022,11,12,21
West,Knight Hall,2022-11-12T22:00:00,30.0,20.0,,,,,,,0.0207,0.0138,41.311922,-105.581147,2022,11,12,22
West,Knight Hall,2022-11-12T23:00:00,30.0,30.0,,,,,,,0.0207,0.0207,41.311922,-105.581147,2022,11,12,23
West,Knight Hall,2022-11-13T00:00:00,20.0,30.0,,,,,,,0.0138,0.0207,41.311922,-105.581147,2022,11,13,0
West,Knight Hall,2022-11-13T01:00:00,30.0,30.0,,,,,,,0.0207,0.0207,41.311922,-105.581147,2022,11,13,1
West,Knight Hall,2022-11-13T02:00:00,20.0,20.0,,,,0.8200000000000001,,,0.0138,0.0138,41.311922,-105.581147,2022,11,13,2
West,Knight Hall,2022-11-13T03:00:00,30.0,30.0,,,,,,,0.0207,0.0207,41.311922,-105.581147,2022,11,13,3
West,Knight Hall,2022-11-13T04:00:00,20.0,20.0,,,,,,,0.0138,0.0138,41.311922,-105.581147,2022,11,13,4
West,Knight Hall,2022-11-13T05:00:00,30.0,30.0,,,,,,,0.0207,0.0207,41.311922,-105.581147,2022,11,13,5
West,Knight Hall,2022-11-13T06:00:00,20.0,30.0,,,,0.8200000000000001,,,0.0138,0.0207,41.311922,-105.581147,2022,11,13,6
West,Knight Hall,2022-11-13T07:00:00,30.0,30.0,,,,4.76,,,0.0207,0.0207,41.311922,-105.581147,2022,11,13,7
West,Knight Hall,2022-11-13T08:00:00,20.0,20.0,,,,9.72,,,0.0138,0.0138,41.311922,-105.581147,2022,11,13,8
West,Knight Hall,2022-11-13T09:00:00,40.0,40.0,,,,12.59,,,0.0276,0.0276,41.311922,-105.581147,2022,11,13,9
West,Knight Hall,2022-11-13T10:00:00,20.0,30.0,,,,,,,0.0138,0.0207,41.311922,-105.581147,2022,11,13,10
West,Knight Hall,2022-11-13T11:00:00,30.0,40.0,,,,0.37,,,0.0207,0.0276,41.311922,-105.581147,2022,11,13,11
West,Knight Hall,2022-11-13T12:00:00,30.0,30.0,,,,,,,0.0207,0.0207,41.311922,-105.581147,2022,11,13,12
West,Knight Hall,2022-11-13T13:00:00,30.0,30.0,,,,0.8,,,0.0207,0.0207,41.311922,-105.581147,2022,11,13,13
West,Knight Hall,2022-11-13T14:00:00,30.0,20.0,,,,,,,0.0207,0.0138,41.311922,-105.581147,2022,11,13,14
West,Knight Hall,2022-11-13T15:00:00,30.0,40.0,,,,1.21,,,0.0207,0.0276,41.311922,-105.581147,2022,11,13,15
West,Knight Hall,2022-11-13T16:00:00,30.0,20.0,,,,3.13,,,0.0207,0.0138,41.311922,-105.581147,2022,11,13,16
West,Knight Hall,2022-11-13T17:00:00,30.0,30.0,,,,0.4499999999999999,,,0.0207,0.0207,41.311922,-105.581147,2022,11,13,17
West,Knight Hall,2022-11-13T18:00:00,30.0,20.0,,,,0.02,,,0.0207,0.0138,41.311922,-105.581147,2022,11,13,18
West,Knight Hall,2022-11-13T19:00:00,30.0,30.0,,,,,,,0.0207,0.0207,41.311922,-105.581147,2022,11,13,19
West,Knight Hall,2022-11-13T20:00:00,30.0,30.0,,,,0.67,,,0.0207,0.0207,41.311922,-105.581147,2022,11,13,20
West,Knight Hall,2022-11-13T21:00:00,30.0,30.0,,,,,,,0.0207,0.0207,41.311922,-105.581147,2022,11,13,21
West,Knight Hall,2022-11-13T22:00:00,30.0,20.0,,,,,,,0.0207,0.0138,41.311922,-105.581147,2022,11,13,22
West,Knight Hall,2022-11-13T23:00:00,30.0,30.0,,,,,,,0.0207,0.0207,41.311922,-105.581147,2022,11,13,23
West,Knight Hall,2022-11-14T00:00:00,20.0,30.0,,,,,,,0.0138,0.0207,41.311922,-105.581147,2022,11,14,0
West,Knight Hall,2022-11-14T01:00:00,30.0,30.0,,,,,,,0.0207,0.0207,41.311922,-105.581147,2022,11,14,1
West,Knight Hall,2022-11-14T02:00:00,30.0,20.0,,,,,,,0.0207,0.0138,41.311922,-105.581147,2022,11,14,2
West,Knight Hall,2022-11-14T03:00:00,40.0,40.0,,,,,,,0.0276,0.0276,41.311922,-105.581147,2022,11,14,3
West,Knight Hall,2022-11-14T04:00:00,20.0,20.0,,,,,,,0.0138,0.0138,41.311922,-105.581147,2022,11,14,4
West,Knight Hall,2022-11-14T05:00:00,30.0,30.0,,,,,,,0.0207,0.0207,41.311922,-105.581147,2022,11,14,5
West,Knight Hall,2022-11-14T06:00:00,40.0,20.0,,,,,,,0.0276,0.0138,41.311922,-105.581147,2022,11,14,6
West,Knight Hall,2022-11-14T07:00:00,50.0,40.0,,,,,,,0.034499999999999996,0.0276,41.311922,-105.581147,2022,11,14,7
West,Knight Hall,2022-11-14T08:00:00,60.0,20.0,,,,3.1000000000000005,,,0.0414,0.0138,41.311922,-105.581147,2022,11,14,8
West,Knight Hall,2022-11-14T09:00:00,,40.0,,,,14.98,,,,0.0276,41.311922,-105.581147,2022,11,14,9
West,Knight Hall,2022-11-14T10:00:00,70.0,30.0,,,,,,,0.048299999999999996,0.0207,41.311922,-105.581147,2022,11,14,10
West,Knight Hall,2022-11-14T11:00:00,,30.0,,,,0.22,,,,0.0207,41.311922,-105.581147,2022,11,14,11
West,Knight Hall,2022-11-14T12:00:00,60.0,30.0,,,,,,,0.0414,0.0207,41.311922,-105.581147,2022,11,14,12
West,Knight Hall,2022-11-14T13:00:00,80.0,40.0,,,,,,,0.0552,0.0276,41.311922,-105.581147,2022,11,14,13
West,Knight Hall,2022-11-14T14:00:00,60.0,20.0,,,,4.79,,,0.0414,0.0138,41.311922,-105.581147,2022,11,14,14
West,Knight Hall,2022-11-14T15:00:00,70.0,40.0,,,,3.86,,,0.048299999999999996,0.0276,41.311922,-105.581147,2022,11,14,15
West,Knight Hall,2022-11-14T16:00:00,70.0,30.0,,,,3.34,,,0.048299999999999996,0.0207,41.311922,-105.581147,2022,11,14,16
West,Knight Hall,2022-11-14T17:00:00,50.0,40.0,,,,,,,0.034499999999999996,0.0276,41.311922,-105.581147,2022,11,14,17
West,Knight Hall,2022-11-14T18:00:00,40.0,20.0,,,,3.28,,,0.0276,0.0138,41.311922,-105.581147,2022,11,14,18
West,Knight Hall,2022-11-14T19:00:00,40.0,30.0,,,,,,,0.0276,0.0207,41.311922,-105.581147,2022,11,14,19
West,Knight Hall,2022-11-14T20:00:00,20.0,30.0,,,,0.8200000000000001,,,0.0138,0.0207,41.311922,-105.581147,2022,11,14,20
West,Knight Hall,2022-11-14T21:00:00,40.0,40.0,,,,,,,0.0276,0.0276,41.311922,-105.581147,2022,11,14,21
West,Knight Hall,2022-11-14T22:00:00,20.0,20.0,,,,,,,0.0138,0.0138,41.311922,-105.581147,2022,11,14,22
West,Knight Hall,2022-11-14T23:00:00,30.0,40.0,,,,,,,0.0207,0.0276,41.311922,-105.581147,2022,11,14,23
West,Knight Hall,2022-11-15T00:00:00,20.0,20.0,,,,,,,0.0138,0.0138,41.311922,-105.581147,2022,11,15,0
West,Knight Hall,2022-11-15T01:00:00,30.0,40.0,,,,,,,0.0207,0.0276,41.311922,-105.581147,2022,11,15,1
West,Knight Hall,2022-11-15T02:00:00,30.0,20.0,,,,,,,0.0207,0.0138,41.311922,-105.581147,2022,11,15,2
West,Knight Hall,2022-11-15T03:00:00,30.0,40.0,,,,,,,0.0207,0.0276,41.311922,-105.581147,2022,11,15,3
West,Knight Hall,2022-11-15T04:00:00,30.0,20.0,,,,1.96,,,0.0207,0.0138,41.311922,-105.581147,2022,11,15,4
West,Knight Hall,2022-11-15T05:00:00,30.0,40.0,,,,0.95,,,0.0207,0.0276,41.311922,-105.581147,2022,11,15,5
West,Knight Hall,2022-11-15T06:00:00,30.0,30.0,,,,35.83,,,0.0207,0.0207,41.311922,-105.581147,2022,11,15,6
West,Knight Hall,2022-11-15T07:00:00,60.0,60.0,,,,83.35,,,0.0414,0.0414,41.311922,-105.581147,2022,11,15,7
West,Knight Hall,2022-11-15T08:00:00,60.0,60.0,,,,152.89,,,0.0414,0.0414,41.311922,-105.581147,2022,11,15,8
West,Knight Hall,2022-11-15T09:00:00,,80.0,,,,154.90999999999997,,,,0.0552,41.311922,-105.581147,2022,11,15,9
West,Knight Hall,2022-11-15T10:00:00,70.0,70.0,,,,121.77,,,0.048299999999999996,0.048299999999999996,41.311922,-105.581147,2022,11,15,10
West,Knight Hall,2022-11-15T11:00:00,,,,,,92.91,,,,,41.311922,-105.581147,2022,11,15,11
West,Knight Hall,2022-11-15T12:00:00,60.0,60.0,,,,62.76,,,0.0414,0.0414,41.311922,-105.581147,2022,11,15,12
West,Knight Hall,2022-11-15T13:00:00,,80.0,,,,138.4,,,,0.0552,41.311922,-105.581147,2022,11,15,13
West,Knight Hall,2022-11-15T14:00:00,60.0,70.0,,,,102.61,,,0.0414,0.048299999999999996,41.311922,-105.581147,2022,11,15,14
West,Knight Hall,2022-11-15T15:00:00,80.0,80.0,,,,101.88,,,0.0552,0.0552,41.311922,-105.581147,2022,11,15,15
West,Knight Hall,2022-11-15T16:00:00,80.0,60.0,,,,60.71,,,0.0552,0.0414,41.311922,-105.581147,2022,11,15,16
West,Knight Hall,2022-11-15T17:00:00,50.0,40.0,,,,36.39,,,0.034499999999999996,0.0276,41.311922,-105.581147,2022,11,15,17
West,Knight Hall,2022-11-15T18:00:00,40.0,50.0,,,,23.24,,,0.0276,0.034499999999999996,41.311922,-105.581147,2022,11,15,18
West,Knight Hall,2022-11-15T19:00:00,40.0,40.0,,,,26.31,,,0.0276,0.0276,41.311922,-105.581147,2022,11,15,19
West,Knight Hall,2022-11-15T20:00:00,20.0,30.0,,,,1.5099999999999998,,,0.0138,0.0207,41.311922,-105.581147,2022,11,15,20
West,Knight Hall,2022-11-15T21:00:00,40.0,30.0,,,,17.61,,,0.0276,0.0207,41.311922,-105.581147,2022,11,15,21
West,Knight Hall,2022-11-15T22:00:00,20.0,30.0,,,,1.73,,,0.0138,0.0207,41.311922,-105.581147,2022,11,15,22
West,Knight Hall,2022-11-15T23:00:00,30.0,30.0,,,,0.76,,,0.0207,0.0207,41.311922,-105.581147,2022,11,15,23
West,Knight Hall,2022-11-16T00:00:00,30.0,20.0,,,,,,,0.0207,0.0138,41.311922,-105.581147,2022,11,16,0
West,Knight Hall,2022-11-16T01:00:00,30.0,30.0,,,,1.23,,,0.0207,0.0207,41.311922,-105.581147,2022,11,16,1
West,Knight Hall,2022-11-16T02:00:00,20.0,30.0,,,,,,,0.0138,0.0207,41.311922,-105.581147,2022,11,16,2
West,Knight Hall,2022-11-16T03:00:00,30.0,30.0,,,,0.09,,,0.0207,0.0207,41.311922,-105.581147,2022,11,16,3
West,Knight Hall,2022-11-16T04:00:00,30.0,30.0,,,,3.38,,,0.0207,0.0207,41.311922,-105.581147,2022,11,16,4
West,Knight Hall,2022-11-16T05:00:00,30.0,30.0,,,,21.130000000000003,,,0.0207,0.0207,41.311922,-105.581147,2022,11,16,5
West,Knight Hall,2022-11-16T06:00:00,30.0,30.0,,,,33.510000000000005,,,0.0207,0.0207,41.311922,-105.581147,2022,11,16,6
West,Knight Hall,2022-11-16T07:00:00,40.0,40.0,,,,108.15,,,0.0276,0.0276,41.311922,-105.581147,2022,11,16,7
West,Knight Hall,2022-11-16T08:00:00,70.0,70.0,,,,,,,0.048299999999999996,0.048299999999999996,41.311922,-105.581147,2022,11,16,8
West,Knight Hall,2022-11-16T09:00:00,,80.0,,,,154.89,,,,0.0552,41.311922,-105.581147,2022,11,16,9
West,Knight Hall,2022-11-16T10:00:00,70.0,70.0,,,,137.17,,,0.048299999999999996,0.048299999999999996,41.311922,-105.581147,2022,11,16,10
West,Knight Hall,2022-11-16T11:00:00,80.0,,,,,95.9,,,0.0552,,41.311922,-105.581147,2022,11,16,11
West,Knight Hall,2022-11-16T12:00:00,60.0,60.0,,,,84.50000000000001,,,0.0414,0.0414,41.311922,-105.581147,2022,11,16,12
West,Knight Hall,2022-11-16T13:00:00,,80.0,,,,130.17999999999998,,,,0.0552,41.311922,-105.581147,2022,11,16,13
West,Knight Hall,2022-11-16T14:00:00,60.0,70.0,,,,88.97999999999999,,,0.0414,0.048299999999999996,41.311922,-105.581147,2022,11,16,14
West,Knight Hall,2022-11-16T15:00:00,,80.0,,,,,,,,0.0552,41.311922,-105.581147,2022,11,16,15
West,Knight Hall,2022-11-16T16:00:00,60.0,60.0,,,,,,,0.0414,0.0414,41.311922,-105.581147,2022,11,16,16
West,Knight Hall,2022-11-16T17:00:00,40.0,60.0,,,,36.48,,,0.0276,0.0414,41.311922,-105.581147,2022,11,16,17
West,Knight Hall,2022-11-16T18:00:00,40.0,30.0,,,,13.89,,,0.0276,0.0207,41.311922,-105.581147,2022,11,16,18
West,Knight Hall,2022-11-16T19:00:00,40.0,40.0,,,,29.88,,,0.0276,0.0276,41.311922,-105.581147,2022,11,16,19
West,Knight Hall,2022-11-16T20:00:00,30.0,30.0,,,,9.59,,,0.0207,0.0207,41.311922,-105.581147,2022,11,16,20
West,Knight Hall,2022-11-16T21:00:00,40.0,30.0,,,,18.84,,,0.0276,0.0207,41.311922,-105.581147,2022,11,16,21
West,Knight Hall,2022-11-16T22:00:00,30.0,30.0,,,,0.02,,,0.0207,0.0207,41.311922,-105.581147,2022,11,16,22
West,Knight Hall,2022-11-16T23:00:00,30.0,30.0,,,,0.8,,,0.0207,0.0207,41.311922,-105.581147,2022,11,16,23
West,Knight Hall,2022-11-17T00:00:00,20.0,20.0,,,,,,,0.0138,0.0138,41.311922,-105.581147,2022,11,17,0
West,Knight Hall,2022-11-17T01:00:00,30.0,30.0,,,,2.76,,,0.0207,0.0207,41.311922,-105.581147,2022,11,17,1
West,Knight Hall,2022-11-17T02:00:00,20.0,20.0,,,,0.63,,,0.0138,0.0138,41.311922,-105.581147,2022,11,17,2
West,Knight Hall,2022-11-17T03:00:00,30.0,40.0,,,,,,,0.0207,0.0276,41.311922,-105.581147,2022,11,17,3
West,Knight Hall,2022-11-17T04:00:00,30.0,20.0,,,,0.3,,,0.0207,0.0138,41.311922,-105.581147,2022,11,17,4
West,Knight Hall,2022-11-17T05:00:00,40.0,40.0,,,,27.51,,,0.0276,0.0276,41.311922,-105.581147,2022,11,17,5
West,Knight Hall,2022-11-17T06:00:00,30.0,20.0,,,,37.86,,,0.0207,0.0138,41.311922,-105.581147,2022,11,17,6
West,Knight Hall,2022-11-17T07:00:00,60.0,60.0,,,,,,,0.0414,0.0414,41.311922,-105.581147,2022,11,17,7
West,Knight Hall,2022-11-17T08:00:00,60.0,60.0,,,,,,,0.0414,0.0414,41.311922,-105.581147,2022,11,17,8
West,Knight Hall,2022-11-17T09:00:00,,,,,,143.42,,,,,41.311922,-105.581147,2022,11,17,9
West,Knight Hall,2022-11-17T10:00:00,70.0,70.0,,,,150.02,,,0.048299999999999996,0.048299999999999996,41.311922,-105.581147,2022,11,17,10
West,Knight Hall,2022-11-17T11:00:00,,,,,,108.8,,,,,41.311922,-105.581147,2022,11,17,11
West,Knight Hall,2022-11-17T12:00:00,70.0,60.0,,,,160.76,,,0.048299999999999996,0.0414,41.311922,-105.581147,2022,11,17,12
West,Knight Hall,2022-11-17T13:00:00,,,,,,,,,,,41.311922,-105.581147,2022,11,17,13
West,Knight Hall,2022-11-17T14:00:00,60.0,60.0,,,,,,,0.0414,0.0414,41.311922,-105.581147,2022,11,17,14
West,Knight Hall,2022-11-17T15:00:00,,,,,,134.61,,,,,41.311922,-105.581147,2022,11,17,15
West,Knight Hall,2022-11-17T16:00:00,60.0,60.0,,,,40.74999999999999,,,0.0414,0.0414,41.311922,-105.581147,2022,11,17,16
West,Knight Hall,2022-11-17T17:00:00,50.0,60.0,,,,51.01,,,0.034499999999999996,0.0414,41.311922,-105.581147,2022,11,17,17
West,Knight Hall,2022-11-17T18:00:00,30.0,30.0,,,,12.55,,,0.0207,0.0207,41.311922,-105.581147,2022,11,17,18
West,Knight Hall,2022-11-17T19:00:00,50.0,40.0,,,,28.4,,,0.034499999999999996,0.0276,41.311922,-105.581147,2022,11,17,19
West,Knight Hall,2022-11-17T20:00:00,20.0,30.0,,,,10.43,,,0.0138,0.0207,41.311922,-105.581147,2022,11,17,20
West,Knight Hall,2022-11-17T21:00:00,40.0,40.0,,,,1.25,,,0.0276,0.0276,41.311922,-105.581147,2022,11,17,21
West,Knight Hall,2022-11-17T22:00:00,30.0,30.0,,,,,,,0.0207,0.0207,41.311922,-105.581147,2022,11,17,22
West,Knight Hall,2022-11-17T23:00:00,30.0,30.0,,,,1.98,,,0.0207,0.0207,41.311922,-105.581147,2022,11,17,23
West,Knight Hall,2022-11-18T00:00:00,20.0,20.0,,,,,,,0.0138,0.0138,41.311922,-105.581147,2022,11,18,0
West,Knight Hall,2022-11-18T01:00:00,30.0,40.0,,,,,,,0.0207,0.0276,41.311922,-105.581147,2022,11,18,1
West,Knight Hall,2022-11-18T02:00:00,20.0,20.0,,,,,,,0.0138,0.0138,41.311922,-105.581147,2022,11,18,2
West,Knight Hall,2022-11-18T03:00:00,30.0,30.0,,,,0.8200000000000001,,,0.0207,0.0207,41.311922,-105.581147,2022,11,18,3
West,Knight Hall,2022-11-18T04:00:00,20.0,30.0,,,,,,,0.0138,0.0207,41.311922,-105.581147,2022,11,18,4
West,Knight Hall,2022-11-18T05:00:00,40.0,30.0,,,,3.75,,,0.0276,0.0207,41.311922,-105.581147,2022,11,18,5
West,Knight Hall,2022-11-18T06:00:00,20.0,30.0,,,,32.02,,,0.0138,0.0207,41.311922,-105.581147,2022,11,18,6
West,Knight Hall,2022-11-18T07:00:00,40.0,60.0,,,,80.34,,,0.0276,0.0414,41.311922,-105.581147,2022,11,18,7
West,Knight Hall,2022-11-18T08:00:00,80.0,60.0,,,,115.78,,,0.0552,0.0414,41.311922,-105.581147,2022,11,18,8
West,Knight Hall,2022-11-18T09:00:00,80.0,70.0,,,,137.14999999999998,,,0.0552,0.048299999999999996,41.311922,-105.581147,2022,11,18,9
West,Knight Hall,2022-11-18T10:00:00,80.0,80.0,,,,163.09,,,0.0552,0.0552,41.311922,-105.581147,2022,11,18,10
West,Knight Hall,2022-11-18T11:00:00,,70.0,,,,,,,,0.048299999999999996,41.311922,-105.581147,2022,11,18,11
West,Knight Hall,2022-11-18T12:00:00,70.0,80.0,,,,69.71000000000001,,,0.048299999999999996,0.0552,41.311922,-105.581147,2022,11,18,12
West,Knight Hall,2022-11-18T13:00:00,,70.0,,,,91.53,,,,0.048299999999999996,41.311922,-105.581147,2022,11,18,13
West,Knight Hall,2022-11-18T14:00:00,60.0,70.0,,,,97.63,,,0.0414,0.048299999999999996,41.311922,-105.581147,2022,11,18,14
West,Knight Hall,2022-11-18T15:00:00,80.0,70.0,,,,100.37,,,0.0552,0.048299999999999996,41.311922,-105.581147,2022,11,18,15
West,Knight Hall,2022-11-18T16:00:00,60.0,80.0,,,,52.01,,,0.0414,0.0552,41.311922,-105.581147,2022,11,18,16
West,Knight Hall,2022-11-18T17:00:00,50.0,50.0,,,,32.67,,,0.034499999999999996,0.034499999999999996,41.311922,-105.581147,2022,11,18,17
West,Knight Hall,2022-11-18T18:00:00,30.0,40.0,,,,28.07,,,0.0207,0.0276,41.311922,-105.581147,2022,11,18,18
West,Knight Hall,2022-11-18T19:00:00,40.0,40.0,,,,9.92,,,0.0276,0.0276,41.311922,-105.581147,2022,11,18,19
West,Knight Hall,2022-11-18T20:00:00,30.0,30.0,,,,5.82,,,0.0207,0.0207,41.311922,-105.581147,2022,11,18,20
West,Knight Hall,2022-11-18T21:00:00,30.0,40.0,,,,18.18,,,0.0207,0.0276,41.311922,-105.581147,2022,11,18,21
West,Knight Hall,2022-11-18T22:00:00,20.0,30.0,,,,,,,0.0138,0.0207,41.311922,-105.581147,2022,11,18,22
West,Knight Hall,2022-11-18T23:00:00,30.0,20.0,,,,0.84,,,0.0207,0.0138,41.311922,-105.581147,2022,11,18,23
West,Knight Hall,2022-11-19T00:00:00,20.0,30.0,,,,,,,0.0138,0.0207,41.311922,-105.581147,2022,11,19,0
West,Knight Hall,2022-11-19T01:00:00,30.0,30.0,,,,1.21,,,0.0207,0.0207,41.311922,-105.581147,2022,11,19,1
West,Knight Hall,2022-11-19T02:00:00,20.0,20.0,,,,,,,0.0138,0.0138,41.311922,-105.581147,2022,11,19,2
West,Knight Hall,2022-11-19T03:00:00,30.0,30.0,,,,0.84,,,0.0207,0.0207,41.311922,-105.581147,2022,11,19,3
West,Knight Hall,2022-11-19T04:00:00,20.0,30.0,,,,7.390000000000001,,,0.0138,0.0207,41.311922,-105.581147,2022,11,19,4
West,Knight Hall,2022-11-19T05:00:00,30.0,30.0,,,,0.13,,,0.0207,0.0207,41.311922,-105.581147,2022,11,19,5
West,Knight Hall,2022-11-19T06:00:00,20.0,30.0,,,,30.47,,,0.0138,0.0207,41.311922,-105.581147,2022,11,19,6
West,Knight Hall,2022-11-19T07:00:00,30.0,60.0,,,,112.33,,,0.0207,0.0414,41.311922,-105.581147,2022,11,19,7
West,Knight Hall,2022-11-19T08:00:00,20.0,50.0,,,,126.22,,,0.0138,0.034499999999999996,41.311922,-105.581147,2022,11,19,8
West,Knight Hall,2022-11-19T09:00:00,40.0,80.0,,,,148.81,,,0.0276,0.0552,41.311922,-105.581147,2022,11,19,9
West,Knight Hall,2022-11-19T10:00:00,20.0,70.0,,,,149.91,,,0.0138,0.048299999999999996,41.311922,-105.581147,2022,11,19,10
West,Knight Hall,2022-11-19T11:00:00,40.0,80.0,,,,83.85,,,0.0276,0.0552,41.311922,-105.581147,2022,11,19,11
West,Knight Hall,2022-11-19T12:00:00,20.0,60.0,,,,94.93,,,0.0138,0.0414,41.311922,-105.581147,2022,11,19,12
West,Knight Hall,2022-11-19T13:00:00,30.0,,,,,136.32999999999998,,,0.0207,,41.311922,-105.581147,2022,11,19,13
West,Knight Hall,2022-11-19T14:00:00,30.0,60.0,,,,58.54,,,0.0207,0.0414,41.311922,-105.581147,2022,11,19,14
West,Knight Hall,2022-11-19T15:00:00,30.0,80.0,,,,107.12,,,0.0207,0.0552,41.311922,-105.581147,2022,11,19,15
West,Knight Hall,2022-11-19T16:00:00,20.0,60.0,,,,43.88,,,0.0138,0.0414,41.311922,-105.581147,2022,11,19,16
West,Knight Hall,2022-11-19T17:00:00,30.0,50.0,,,,76.8,,,0.0207,0.034499999999999996,41.311922,-105.581147,2022,11,19,17
West,Knight Hall,2022-11-19T18:00:00,20.0,30.0,,,,7.140000000000001,,,0.0138,0.0207,41.311922,-105.581147,2022,11,19,18
West,Knight Hall,2022-11-19T19:00:00,30.0,40.0,,,,23.55,,,0.0207,0.0276,41.311922,-105.581147,2022,11,19,19
West,Knight Hall,2022-11-19T20:00:00,20.0,30.0,,,,5.430000000000001,,,0.0138,0.0207,41.311922,-105.581147,2022,11,19,20
West,Knight Hall,2022-11-19T21:00:00,30.0,30.0,,,,7.529999999999999,,,0.0207,0.0207,41.311922,-105.581147,2022,11,19,21
West,Knight Hall,2022-11-19T22:00:00,30.0,30.0,,,,0.65,,,0.0207,0.0207,41.311922,-105.581147,2022,11,19,22
West,Knight Hall,2022-11-19T23:00:00,20.0,20.0,,,,0.78,,,0.0138,0.0138,41.311922,-105.581147,2022,11,19,23
West,Knight Hall,2022-11-20T00:00:00,30.0,30.0,,,,,,,0.0207,0.0207,41.311922,-105.581147,2022,11,20,0
West,Knight Hall,2022-11-20T01:00:00,20.0,20.0,,,,,,,0.0138,0.0138,41.311922,-105.581147,2022,11,20,1
West,Knight Hall,2022-11-20T02:00:00,30.0,30.0,,,,0.78,,,0.0207,0.0207,41.311922,-105.581147,2022,11,20,2
West,Knight Hall,2022-11-20T03:00:00,30.0,30.0,,,,1.14,,,0.0207,0.0207,41.311922,-105.581147,2022,11,20,3
West,Knight Hall,2022-11-20T04:00:00,20.0,20.0,,,,,,,0.0138,0.0138,41.311922,-105.581147,2022,11,20,4
West,Knight Hall,2022-11-20T05:00:00,30.0,30.0,,,,,,,0.0207,0.0207,41.311922,-105.581147,2022,11,20,5
West,Knight Hall,2022-11-20T06:00:00,30.0,30.0,,,,5.28,,,0.0207,0.0207,41.311922,-105.581147,2022,11,20,6
West,Knight Hall,2022-11-20T07:00:00,20.0,30.0,,,,,,,0.0138,0.0207,41.311922,-105.581147,2022,11,20,7
West,Knight Hall,2022-11-20T08:00:00,30.0,20.0,,,,0.37,,,0.0207,0.0138,41.311922,-105.581147,2022,11,20,8
West,Knight Hall,2022-11-20T09:00:00,30.0,40.0,,,,,,,0.0207,0.0276,41.311922,-105.581147,2022,11,20,9
West,Knight Hall,2022-11-20T10:00:00,30.0,20.0,,,,0.6,,,0.0207,0.0138,41.311922,-105.581147,2022,11,20,10
West,Knight Hall,2022-11-20T11:00:00,30.0,30.0,,,,,,,0.0207,0.0207,41.311922,-105.581147,2022,11,20,11
West,Knight Hall,2022-11-20T12:00:00,30.0,30.0,,,,0.35,,,0.0207,0.0207,41.311922,-105.581147,2022,11,20,12
West,Knight Hall,2022-11-20T13:00:00,30.0,30.0,,,,,,,0.0207,0.0207,41.311922,-105.581147,2022,11,20,13
West,Knight Hall,2022-11-20T14:00:00,20.0,30.0,,,,,,,0.0138,0.0207,41.311922,-105.581147,2022,11,20,14
West,Knight Hall,2022-11-20T15:00:00,30.0,30.0,,,,,,,0.0207,0.0207,41.311922,-105.581147,2022,11,20,15
West,Knight Hall,2022-11-20T16:00:00,30.0,30.0,,,,0.8,,,0.0207,0.0207,41.311922,-105.581147,2022,11,20,16
West,Knight Hall,2022-11-20T17:00:00,30.0,30.0,,,,6.12,,,0.0207,0.0207,41.311922,-105.581147,2022,11,20,17
West,Knight Hall,2022-11-20T18:00:00,20.0,30.0,,,,1.7,,,0.0138,0.0207,41.311922,-105.581147,2022,11,20,18
West,Knight Hall,2022-11-20T19:00:00,30.0,30.0,,,,,,,0.0207,0.0207,41.311922,-105.581147,2022,11,20,19
West,Knight Hall,2022-11-20T20:00:00,30.0,30.0,,,,0.78,,,0.0207,0.0207,41.311922,-105.581147,2022,11,20,20
West,Knight Hall,2022-11-20T21:00:00,30.0,40.0,,,,1.19,,,0.0207,0.0276,41.311922,-105.581147,2022,11,20,21
West,Knight Hall,2022-11-20T22:00:00,20.0,20.0,,,,,,,0.0138,0.0138,41.311922,-105.581147,2022,11,20,22
West,Knight Hall,2022-11-20T23:00:00,30.0,30.0,,,,0.62,,,0.0207,0.0207,41.311922,-105.581147,2022,11,20,23
West,Knight Hall,2022-11-21T00:00:00,20.0,20.0,,,,,,,0.0138,0.0138,41.311922,-105.581147,2022,11,21,0
West,Knight Hall,2022-11-21T01:00:00,30.0,30.0,,,,,,,0.0207,0.0207,41.311922,-105.581147,2022,11,21,1
West,Knight Hall,2022-11-21T02:00:00,20.0,30.0,,,,,,,0.0138,0.0207,41.311922,-105.581147,2022,11,21,2
West,Knight Hall,2022-11-21T03:00:00,30.0,30.0,,,,,,,0.0207,0.0207,41.311922,-105.581147,2022,11,21,3
West,Knight Hall,2022-11-21T04:00:00,30.0,20.0,,,,,,,0.0207,0.0138,41.311922,-105.581147,2022,11,21,4
West,Knight Hall,2022-11-21T05:00:00,30.0,30.0,,,,,,,0.0207,0.0207,41.311922,-105.581147,2022,11,21,5
West,Knight Hall,2022-11-21T06:00:00,30.0,30.0,,,,0.39,,,0.0207,0.0207,41.311922,-105.581147,2022,11,21,6
West,Knight Hall,2022-11-21T07:00:00,50.0,30.0,,,,,,,0.034499999999999996,0.0207,41.311922,-105.581147,2022,11,21,7
West,Knight Hall,2022-11-21T08:00:00,60.0,30.0,,,,0.99,,,0.0414,0.0207,41.311922,-105.581147,2022,11,21,8
West,Knight Hall,2022-11-21T09:00:00,,30.0,,,,0.62,,,,0.0207,41.311922,-105.581147,2022,11,21,9
West,Knight Hall,2022-11-21T10:00:00,60.0,30.0,,,,0.8200000000000001,,,0.0414,0.0207,41.311922,-105.581147,2022,11,21,10
West,Knight Hall,2022-11-21T11:00:00,70.0,30.0,,,,,,,0.048299999999999996,0.0207,41.311922,-105.581147,2022,11,21,11
West,Knight Hall,2022-11-21T12:00:00,70.0,30.0,,,,,,,0.048299999999999996,0.0207,41.311922,-105.581147,2022,11,21,12
West,Knight Hall,2022-11-21T13:00:00,,30.0,,,,,,,,0.0207,41.311922,-105.581147,2022,11,21,13
West,Knight Hall,2022-11-21T14:00:00,60.0,30.0,,,,,,,0.0414,0.0207,41.311922,-105.581147,2022,11,21,14
West,Knight Hall,2022-11-21T15:00:00,80.0,30.0,,,,,,,0.0552,0.0207,41.311922,-105.581147,2022,11,21,15
West,Knight Hall,2022-11-21T16:00:00,70.0,20.0,,,,0.6900000000000001,,,0.048299999999999996,0.0138,41.311922,-105.581147,2022,11,21,16
West,Knight Hall,2022-11-21T17:00:00,40.0,30.0,,,,,,,0.0276,0.0207,41.311922,-105.581147,2022,11,21,17
West,Knight Hall,2022-11-21T18:00:00,30.0,30.0,,,,3.1100000000000003,,,0.0207,0.0207,41.311922,-105.581147,2022,11,21,18
West,Knight Hall,2022-11-21T19:00:00,40.0,30.0,,,,0.11,,,0.0276,0.0207,41.311922,-105.581147,2022,11,21,19
West,Knight Hall,2022-11-21T20:00:00,30.0,30.0,,,,,,,0.0207,0.0207,41.311922,-105.581147,2022,11,21,20
West,Knight Hall,2022-11-21T21:00:00,20.0,30.0,,,,,,,0.0138,0.0207,41.311922,-105.581147,2022,11,21,21
West,Knight Hall,2022-11-21T22:00:00,30.0,20.0,,,,,,,0.0207,0.0138,41.311922,-105.581147,2022,11,21,22
West,Knight Hall,2022-11-21T23:00:00,30.0,30.0,,,,,,,0.0207,0.0207,41.311922,-105.581147,2022,11,21,23
West,Knight Hall,2022-11-22T00:00:00,20.0,20.0,,,,0.6,,,0.0138,0.0138,41.311922,-105.581147,2022,11,22,0
West,Knight Hall,2022-11-22T01:00:00,30.0,30.0,,,,,,,0.0207,0.0207,41.311922,-105.581147,2022,11,22,1
West,Knight Hall,2022-11-22T02:00:00,20.0,20.0,,,,,,,0.0138,0.0138,41.311922,-105.581147,2022,11,22,2
West,Knight Hall,2022-11-22T03:00:00,30.0,30.0,,,,0.02,,,0.0207,0.0207,41.311922,-105.581147,2022,11,22,3
West,Knight Hall,2022-11-22T04:00:00,20.0,30.0,,,,1.44,,,0.0138,0.0207,41.311922,-105.581147,2022,11,22,4
West,Knight Hall,2022-11-22T05:00:00,40.0,30.0,,,,13.61,,,0.0276,0.0207,41.311922,-105.581147,2022,11,22,5
West,Knight Hall,2022-11-22T06:00:00,20.0,30.0,,,,30.87,,,0.0138,0.0207,41.311922,-105.581147,2022,11,22,6
West,Knight Hall,2022-11-22T07:00:00,60.0,40.0,,,,65.72,,,0.0414,0.0276,41.311922,-105.581147,2022,11,22,7
West,Knight Hall,2022-11-22T08:00:00,50.0,70.0,,,,146.07000000000002,,,0.034499999999999996,0.048299999999999996,41.311922,-105.581147,2022,11,22,8
West,Knight Hall,2022-11-22T09:00:00,,80.0,,,,,,,,0.0552,41.311922,-105.581147,2022,11,22,9
West,Knight Hall,2022-11-22T10:00:00,60.0,80.0,,,,95.45,,,0.0414,0.0552,41.311922,-105.581147,2022,11,22,10
West,Knight Hall,2022-11-22T11:00:00,70.0,70.0,,,,110.43,,,0.048299999999999996,0.048299999999999996,41.311922,-105.581147,2022,11,22,11
West,Knight Hall,2022-11-22T12:00:00,70.0,70.0,,,,55.78,,,0.048299999999999996,0.048299999999999996,41.311922,-105.581147,2022,11,22,12
West,Knight Hall,2022-11-22T13:00:00,70.0,70.0,,,,88.75,,,0.048299999999999996,0.048299999999999996,41.311922,-105.581147,2022,11,22,13
West,Knight Hall,2022-11-22T14:00:00,70.0,70.0,,,,72.72,,,0.048299999999999996,0.048299999999999996,41.311922,-105.581147,2022,11,22,14
West,Knight Hall,2022-11-22T15:00:00,80.0,70.0,,,,62.72,,,0.0552,0.048299999999999996,41.311922,-105.581147,2022,11,22,15
West,Knight Hall,2022-11-22T16:00:00,50.0,70.0,,,,27.27,,,0.034499999999999996,0.048299999999999996,41.311922,-105.581147,2022,11,22,16
West,Knight Hall,2022-11-22T17:00:00,40.0,50.0,,,,6.71,,,0.0276,0.034499999999999996,41.311922,-105.581147,2022,11,22,17
West,Knight Hall,2022-11-22T18:00:00,40.0,40.0,,,,7.93,,,0.0276,0.0276,41.311922,-105.581147,2022,11,22,18
West,Knight Hall,2022-11-22T19:00:00,40.0,30.0,,,,33.66,,,0.0276,0.0207,41.311922,-105.581147,2022,11,22,19
West,Knight Hall,2022-11-22T20:00:00,20.0,30.0,,,,5.15,,,0.0138,0.0207,41.311922,-105.581147,2022,11,22,20
West,Knight Hall,2022-11-22T21:00:00,40.0,30.0,,,,1.79,,,0.0276,0.0207,41.311922,-105.581147,2022,11,22,21
West,Knight Hall,2022-11-22T22:00:00,20.0,30.0,,,,0.84,,,0.0138,0.0207,41.311922,-105.581147,2022,11,22,22
West,Knight Hall,2022-11-22T23:00:00,30.0,30.0,,,,,,,0.0207,0.0207,41.311922,-105.581147,2022,11,22,23
West,Knight Hall,2022-11-23T00:00:00,20.0,30.0,,,,1.29,,,0.0138,0.0207,41.311922,-105.581147,2022,11,23,0
West,Knight Hall,2022-11-23T01:00:00,30.0,20.0,,,,,,,0.0207,0.0138,41.311922,-105.581147,2022,11,23,1
West,Knight Hall,2022-11-23T02:00:00,20.0,30.0,,,,0.86,,,0.0138,0.0207,41.311922,-105.581147,2022,11,23,2
West,Knight Hall,2022-11-23T03:00:00,30.0,30.0,,,,1.21,,,0.0207,0.0207,41.311922,-105.581147,2022,11,23,3
West,Knight Hall,2022-11-23T04:00:00,30.0,30.0,,,,5.56,,,0.0207,0.0207,41.311922,-105.581147,2022,11,23,4
West,Knight Hall,2022-11-23T05:00:00,30.0,30.0,,,,17.21,,,0.0207,0.0207,41.311922,-105.581147,2022,11,23,5
West,Knight Hall,2022-11-23T06:00:00,30.0,30.0,,,,33.36,,,0.0207,0.0207,41.311922,-105.581147,2022,11,23,6
West,Knight Hall,2022-11-23T07:00:00,50.0,50.0,,,,148.38,,,0.034499999999999996,0.034499999999999996,41.311922,-105.581147,2022,11,23,7
West,Knight Hall,2022-11-23T08:00:00,50.0,60.0,,,,,,,0.034499999999999996,0.0414,41.311922,-105.581147,2022,11,23,8
West,Knight Hall,2022-11-23T09:00:00,70.0,80.0,,,,,,,0.048299999999999996,0.0552,41.311922,-105.581147,2022,11,23,9
West,Knight Hall,2022-11-23T10:00:00,50.0,60.0,,,,157.72,,,0.034499999999999996,0.0414,41.311922,-105.581147,2022,11,23,10
West,Knight Hall,2022-11-23T11:00:00,70.0,70.0,,,,76.54,,,0.048299999999999996,0.048299999999999996,41.311922,-105.581147,2022,11,23,11
West,Knight Hall,2022-11-23T12:00:00,60.0,70.0,,,,78.91,,,0.0414,0.048299999999999996,41.311922,-105.581147,2022,11,23,12
West,Knight Hall,2022-11-23T13:00:00,60.0,80.0,,,,59.27,,,0.0414,0.0552,41.311922,-105.581147,2022,11,23,13
West,Knight Hall,2022-11-23T14:00:00,50.0,60.0,,,,81.92999999999999,,,0.034499999999999996,0.0414,41.311922,-105.581147,2022,11,23,14
West,Knight Hall,2022-11-23T15:00:00,50.0,70.0,,,,90.12,,,0.034499999999999996,0.048299999999999996,41.311922,-105.581147,2022,11,23,15
West,Knight Hall,2022-11-23T16:00:00,50.0,70.0,,,,,,,0.034499999999999996,0.048299999999999996,41.311922,-105.581147,2022,11,23,16
West,Knight Hall,2022-11-23T17:00:00,50.0,40.0,,,,85.71000000000001,,,0.034499999999999996,0.0276,41.311922,-105.581147,2022,11,23,17
West,Knight Hall,2022-11-23T18:00:00,20.0,40.0,,,,1.4700000000000002,,,0.0138,0.0276,41.311922,-105.581147,2022,11,23,18
West,Knight Hall,2022-11-23T19:00:00,40.0,40.0,,,,24.8,,,0.0276,0.0276,41.311922,-105.581147,2022,11,23,19
West,Knight Hall,2022-11-23T20:00:00,30.0,30.0,,,,1.66,,,0.0207,0.0207,41.311922,-105.581147,2022,11,23,20
West,Knight Hall,2022-11-23T21:00:00,30.0,30.0,,,,17.59,,,0.0207,0.0207,41.311922,-105.581147,2022,11,23,21
West,Knight Hall,2022-11-23T22:00:00,30.0,30.0,,,,0.8,,,0.0207,0.0207,41.311922,-105.581147,2022,11,23,22
West,Knight Hall,2022-11-23T23:00:00,30.0,30.0,,,,0.84,,,0.0207,0.0207,41.311922,-105.581147,2022,11,23,23
West,Knight Hall,2022-11-24T00:00:00,20.0,30.0,,,,,,,0.0138,0.0207,41.311922,-105.581147,2022,11,24,0
West,Knight Hall,2022-11-24T01:00:00,30.0,20.0,,,,,,,0.0207,0.0138,41.311922,-105.581147,2022,11,24,1
West,Knight Hall,2022-11-24T02:00:00,20.0,30.0,,,,,,,0.0138,0.0207,41.311922,-105.581147,2022,11,24,2
West,Knight Hall,2022-11-24T03:00:00,30.0,30.0,,,,,,,0.0207,0.0207,41.311922,-105.581147,2022,11,24,3
West,Knight Hall,2022-11-24T04:00:00,30.0,20.0,,,,1.96,,,0.0207,0.0138,41.311922,-105.581147,2022,11,24,4
West,Knight Hall,2022-11-24T05:00:00,30.0,30.0,,,,0.8,,,0.0207,0.0207,41.311922,-105.581147,2022,11,24,5
West,Knight Hall,2022-11-24T06:00:00,30.0,30.0,,,,12.79,,,0.0207,0.0207,41.311922,-105.581147,2022,11,24,6
West,Knight Hall,2022-11-24T07:00:00,30.0,50.0,,,,37.15,,,0.0207,0.034499999999999996,41.311922,-105.581147,2022,11,24,7
West,Knight Hall,2022-11-24T08:00:00,30.0,60.0,,,,66.92,,,0.0207,0.0414,41.311922,-105.581147,2022,11,24,8
West,Knight Hall,2022-11-24T09:00:00,30.0,70.0,,,,90.26999999999998,,,0.0207,0.048299999999999996,41.311922,-105.581147,2022,11,24,9
West,Knight Hall,2022-11-24T10:00:00,30.0,70.0,,,,99.55,,,0.0207,0.048299999999999996,41.311922,-105.581147,2022,11,24,10
West,Knight Hall,2022-11-24T11:00:00,30.0,80.0,,,,64.7,,,0.0207,0.0552,41.311922,-105.581147,2022,11,24,11
West,Knight Hall,2022-11-24T12:00:00,30.0,50.0,,,,41.5,,,0.0207,0.034499999999999996,41.311922,-105.581147,2022,11,24,12
West,Knight Hall,2022-11-24T13:00:00,30.0,60.0,,,,46.25,,,0.0207,0.0414,41.311922,-105.581147,2022,11,24,13
West,Knight Hall,2022-11-24T14:00:00,30.0,60.0,,,,13.39,,,0.0207,0.0414,41.311922,-105.581147,2022,11,24,14
West,Knight Hall,2022-11-24T15:00:00,30.0,70.0,,,,39.260000000000005,,,0.0207,0.048299999999999996,41.311922,-105.581147,2022,11,24,15
West,Knight Hall,2022-11-24T16:00:00,20.0,40.0,,,,8.11,,,0.0138,0.0276,41.311922,-105.581147,2022,11,24,16
West,Knight Hall,2022-11-24T17:00:00,40.0,50.0,,,,6.51,,,0.0276,0.034499999999999996,41.311922,-105.581147,2022,11,24,17
West,Knight Hall,2022-11-24T18:00:00,20.0,30.0,,,,6.619999999999999,,,0.0138,0.0207,41.311922,-105.581147,2022,11,24,18
West,Knight Hall,2022-11-24T19:00:00,30.0,40.0,,,,,,,0.0207,0.0276,41.311922,-105.581147,2022,11,24,19
West,Knight Hall,2022-11-24T20:00:00,20.0,30.0,,,,10.78,,,0.0138,0.0207,41.311922,-105.581147,2022,11,24,20
West,Knight Hall,2022-11-24T21:00:00,30.0,30.0,,,,,,,0.0207,0.0207,41.311922,-105.581147,2022,11,24,21
West,Knight Hall,2022-11-24T22:00:00,30.0,30.0,,,,,,,0.0207,0.0207,41.311922,-105.581147,2022,11,24,22
West,Knight Hall,2022-11-24T23:00:00,30.0,30.0,,,,0.8200000000000001,,,0.0207,0.0207,41.311922,-105.581147,2022,11,24,23
West,Knight Hall,2022-11-25T00:00:00,20.0,20.0,,,,,,,0.0138,0.0138,41.311922,-105.581147,2022,11,25,0
West,Knight Hall,2022-11-25T01:00:00,20.0,30.0,,,,0.8999999999999999,,,0.0138,0.0207,41.311922,-105.581147,2022,11,25,1
West,Knight Hall,2022-11-25T02:00:00,30.0,30.0,,,,,,,0.0207,0.0207,41.311922,-105.581147,2022,11,25,2
West,Knight Hall,2022-11-25T03:00:00,30.0,20.0,,,,,,,0.0207,0.0138,41.311922,-105.581147,2022,11,25,3
West,Knight Hall,2022-11-25T04:00:00,30.0,30.0,,,,,,,0.0207,0.0207,41.311922,-105.581147,2022,11,25,4
West,Knight Hall,2022-11-25T05:00:00,30.0,30.0,,,,,,,0.0207,0.0207,41.311922,-105.581147,2022,11,25,5
West,Knight Hall,2022-11-25T06:00:00,30.0,30.0,,,,,,,0.0207,0.0207,41.311922,-105.581147,2022,11,25,6
West,Knight Hall,2022-11-25T07:00:00,20.0,30.0,,,,,,,0.0138,0.0207,41.311922,-105.581147,2022,11,25,7
West,Knight Hall,2022-11-25T08:00:00,30.0,30.0,,,,3.25,,,0.0207,0.0207,41.311922,-105.581147,2022,11,25,8
West,Knight Hall,2022-11-25T09:00:00,40.0,40.0,,,,2.09,,,0.0276,0.0276,41.311922,-105.581147,2022,11,25,9
West,Knight Hall,2022-11-25T10:00:00,20.0,20.0,,,,,,,0.0138,0.0138,41.311922,-105.581147,2022,11,25,10
West,Knight Hall,2022-11-25T11:00:00,40.0,40.0,,,,0.41,,,0.0276,0.0276,41.311922,-105.581147,2022,11,25,11
West,Knight Hall,2022-11-25T12:00:00,20.0,20.0,,,,,,,0.0138,0.0138,41.311922,-105.581147,2022,11,25,12
West,Knight Hall,2022-11-25T13:00:00,40.0,40.0,,,,,,,0.0276,0.0276,41.311922,-105.581147,2022,11,25,13
West,Knight Hall,2022-11-25T14:00:00,20.0,20.0,,,,,,,0.0138,0.0138,41.311922,-105.581147,2022,11,25,14
West,Knight Hall,2022-11-25T15:00:00,40.0,40.0,,,,,,,0.0276,0.0276,41.311922,-105.581147,2022,11,25,15
West,Knight Hall,2022-11-25T16:00:00,20.0,20.0,,,,,,,0.0138,0.0138,41.311922,-105.581147,2022,11,25,16
West,Knight Hall,2022-11-25T17:00:00,30.0,30.0,,,,9.25,,,0.0207,0.0207,41.311922,-105.581147,2022,11,25,17
West,Knight Hall,2022-11-25T18:00:00,30.0,30.0,,,,0.88,,,0.0207,0.0207,41.311922,-105.581147,2022,11,25,18
West,Knight Hall,2022-11-25T19:00:00,30.0,20.0,,,,,,,0.0207,0.0138,41.311922,-105.581147,2022,11,25,19
West,Knight Hall,2022-11-25T20:00:00,20.0,30.0,,,,,,,0.0138,0.0207,41.311922,-105.581147,2022,11,25,20
West,Knight Hall,2022-11-25T21:00:00,30.0,30.0,,,,,,,0.0207,0.0207,41.311922,-105.581147,2022,11,25,21
West,Knight Hall,2022-11-25T22:00:00,20.0,20.0,,,,,,,0.0138,0.0138,41.311922,-105.581147,2022,11,25,22
West,Knight Hall,2022-11-25T23:00:00,30.0,30.0,,,,,,,0.0207,0.0207,41.311922,-105.581147,2022,11,25,23
West,Knight Hall,2022-11-26T00:00:00,20.0,20.0,,,,,,,0.0138,0.0138,41.311922,-105.581147,2022,11,26,0
West,Knight Hall,2022-11-26T01:00:00,30.0,40.0,,,,,,,0.0207,0.0276,41.311922,-105.581147,2022,11,26,1
West,Knight Hall,2022-11-26T02:00:00,30.0,20.0,,,,,,,0.0207,0.0138,41.311922,-105.581147,2022,11,26,2
West,Knight Hall,2022-11-26T03:00:00,30.0,20.0,,,,0.8600000000000001,,,0.0207,0.0138,41.311922,-105.581147,2022,11,26,3
West,Knight Hall,2022-11-26T04:00:00,20.0,30.0,,,,,,,0.0138,0.0207,41.311922,-105.581147,2022,11,26,4
West,Knight Hall,2022-11-26T05:00:00,30.0,40.0,,,,,,,0.0207,0.0276,41.311922,-105.581147,2022,11,26,5
West,Knight Hall,2022-11-26T06:00:00,20.0,20.0,,,,3.52,,,0.0138,0.0138,41.311922,-105.581147,2022,11,26,6
West,Knight Hall,2022-11-26T07:00:00,30.0,40.0,,,,0.43,,,0.0207,0.0276,41.311922,-105.581147,2022,11,26,7
West,Knight Hall,2022-11-26T08:00:00,30.0,20.0,,,,,,,0.0207,0.0138,41.311922,-105.581147,2022,11,26,8
West,Knight Hall,2022-11-26T09:00:00,30.0,30.0,,,,0.41,,,0.0207,0.0207,41.311922,-105.581147,2022,11,26,9
West,Knight Hall,2022-11-26T10:00:00,20.0,30.0,,,,0.34,,,0.0138,0.0207,41.311922,-105.581147,2022,11,26,10
West,Knight Hall,2022-11-26T11:00:00,40.0,30.0,,,,0.41,,,0.0276,0.0207,41.311922,-105.581147,2022,11,26,11
West,Knight Hall,2022-11-26T12:00:00,20.0,20.0,,,,,,,0.0138,0.0138,41.311922,-105.581147,2022,11,26,12
West,Knight Hall,2022-11-26T13:00:00,40.0,40.0,,,,0.88,,,0.0276,0.0276,41.311922,-105.581147,2022,11,26,13
West,Knight Hall,2022-11-26T14:00:00,20.0,20.0,,,,,,,0.0138,0.0138,41.311922,-105.581147,2022,11,26,14
West,Knight Hall,2022-11-26T15:00:00,30.0,30.0,,,,,,,0.0207,0.0207,41.311922,-105.581147,2022,11,26,15
West,Knight Hall,2022-11-26T16:00:00,30.0,30.0,,,,,,,0.0207,0.0207,41.311922,-105.581147,2022,11,26,16
West,Knight Hall,2022-11-26T17:00:00,30.0,30.0,,,,,,,0.0207,0.0207,41.311922,-105.581147,2022,11,26,17
West,Knight Hall,2022-11-26T18:00:00,20.0,20.0,,,,0.67,,,0.0138,0.0138,41.311922,-105.581147,2022,11,26,18
West,Knight Hall,2022-11-26T19:00:00,40.0,30.0,,,,,,,0.0276,0.0207,41.311922,-105.581147,2022,11,26,19
West,Knight Hall,2022-11-26T20:00:00,20.0,30.0,,,,3.26,,,0.0138,0.0207,41.311922,-105.581147,2022,11,26,20
West,Knight Hall,2022-11-26T21:00:00,30.0,30.0,,,,0.02,,,0.0207,0.0207,41.311922,-105.581147,2022,11,26,21
West,Knight Hall,2022-11-26T22:00:00,30.0,20.0,,,,0.02,,,0.0207,0.0138,41.311922,-105.581147,2022,11,26,22
West,Knight Hall,2022-11-26T23:00:00,30.0,20.0,,,,,,,0.0207,0.0138,41.311922,-105.581147,2022,11,26,23
West,Knight Hall,2022-11-27T00:00:00,30.0,30.0,,,,0.86,,,0.0207,0.0207,41.311922,-105.581147,2022,11,27,0
West,Knight Hall,2022-11-27T01:00:00,20.0,30.0,,,,,,,0.0138,0.0207,41.311922,-105.581147,2022,11,27,1
West,Knight Hall,2022-11-27T02:00:00,30.0,20.0,,,,,,,0.0207,0.0138,41.311922,-105.581147,2022,11,27,2
West,Knight Hall,2022-11-27T03:00:00,40.0,30.0,,,,,,,0.0276,0.0207,41.311922,-105.581147,2022,11,27,3
West,Knight Hall,2022-11-27T04:00:00,20.0,20.0,,,,0.69,,,0.0138,0.0138,41.311922,-105.581147,2022,11,27,4
West,Knight Hall,2022-11-27T05:00:00,30.0,40.0,,,,,,,0.0207,0.0276,41.311922,-105.581147,2022,11,27,5
West,Knight Hall,2022-11-27T06:00:00,20.0,20.0,,,,0.41,,,0.0138,0.0138,41.311922,-105.581147,2022,11,27,6
West,Knight Hall,2022-11-27T07:00:00,30.0,30.0,,,,0.34,,,0.0207,0.0207,41.311922,-105.581147,2022,11,27,7
West,Knight Hall,2022-11-27T08:00:00,30.0,20.0,,,,1.75,,,0.0207,0.0138,41.311922,-105.581147,2022,11,27,8
West,Knight Hall,2022-11-27T09:00:00,30.0,40.0,,,,13.170000000000002,,,0.0207,0.0276,41.311922,-105.581147,2022,11,27,9
West,Knight Hall,2022-11-27T10:00:00,30.0,20.0,,,,0.41,,,0.0207,0.0138,41.311922,-105.581147,2022,11,27,10
West,Knight Hall,2022-11-27T11:00:00,30.0,40.0,,,,0.37,,,0.0207,0.0276,41.311922,-105.581147,2022,11,27,11
West,Knight Hall,2022-11-27T12:00:00,20.0,20.0,,,,0.8200000000000001,,,0.0138,0.0138,41.311922,-105.581147,2022,11,27,12
West,Knight Hall,2022-11-27T13:00:00,40.0,40.0,,,,,,,0.0276,0.0276,41.311922,-105.581147,2022,11,27,13
West,Knight Hall,2022-11-27T14:00:00,20.0,20.0,,,,,,,0.0138,0.0138,41.311922,-105.581147,2022,11,27,14
West,Knight Hall,2022-11-27T15:00:00,30.0,40.0,,,,,,,0.0207,0.0276,41.311922,-105.581147,2022,11,27,15
West,Knight Hall,2022-11-27T16:00:00,30.0,20.0,,,,2.54,,,0.0207,0.0138,41.311922,-105.581147,2022,11,27,16
West,Knight Hall,2022-11-27T17:00:00,30.0,30.0,,,,,,,0.0207,0.0207,41.311922,-105.581147,2022,11,27,17
West,Knight Hall,2022-11-27T18:00:00,20.0,20.0,,,,,,,0.0138,0.0138,41.311922,-105.581147,2022,11,27,18
West,Knight Hall,2022-11-27T19:00:00,30.0,30.0,,,,,,,0.0207,0.0207,41.311922,-105.581147,2022,11,27,19
West,Knight Hall,2022-11-27T20:00:00,20.0,30.0,,,,,,,0.0138,0.0207,41.311922,-105.581147,2022,11,27,20
West,Knight Hall,2022-11-27T21:00:00,30.0,20.0,,,,,,,0.0207,0.0138,41.311922,-105.581147,2022,11,27,21
West,Knight Hall,2022-11-27T22:00:00,30.0,30.0,,,,1.12,,,0.0207,0.0207,41.311922,-105.581147,2022,11,27,22
West,Knight Hall,2022-11-27T23:00:00,30.0,30.0,,,,,,,0.0207,0.0207,41.311922,-105.581147,2022,11,27,23
West,Knight Hall,2022-11-28T00:00:00,20.0,20.0,,,,,,,0.0138,0.0138,41.311922,-105.581147,2022,11,28,0
West,Knight Hall,2022-11-28T01:00:00,30.0,30.0,,,,0.88,,,0.0207,0.0207,41.311922,-105.581147,2022,11,28,1
West,Knight Hall,2022-11-28T02:00:00,20.0,20.0,,,,,,,0.0138,0.0138,41.311922,-105.581147,2022,11,28,2
West,Knight Hall,2022-11-28T03:00:00,40.0,40.0,,,,,,,0.0276,0.0276,41.311922,-105.581147,2022,11,28,3
West,Knight Hall,2022-11-28T04:00:00,20.0,20.0,,,,2.37,,,0.0138,0.0138,41.311922,-105.581147,2022,11,28,4
West,Knight Hall,2022-11-28T05:00:00,30.0,30.0,,,,,,,0.0207,0.0207,41.311922,-105.581147,2022,11,28,5
West,Knight Hall,2022-11-28T06:00:00,30.0,20.0,,,,,,,0.0207,0.0138,41.311922,-105.581147,2022,11,28,6
West,Knight Hall,2022-11-28T07:00:00,50.0,30.0,,,,,,,0.034499999999999996,0.0207,41.311922,-105.581147,2022,11,28,7
West,Knight Hall,2022-11-28T08:00:00,60.0,30.0,,,,4.42,,,0.0414,0.0207,41.311922,-105.581147,2022,11,28,8
West,Knight Hall,2022-11-28T09:00:00,80.0,30.0,,,,,,,0.0552,0.0207,41.311922,-105.581147,2022,11,28,9
West,Knight Hall,2022-11-28T10:00:00,60.0,30.0,,,,,,,0.0414,0.0207,41.311922,-105.581147,2022,11,28,10
West,Knight Hall,2022-11-28T11:00:00,80.0,30.0,,,,0.06,,,0.0552,0.0207,41.311922,-105.581147,2022,11,28,11
West,Knight Hall,2022-11-28T12:00:00,60.0,20.0,,,,0.3399999999999999,,,0.0414,0.0138,41.311922,-105.581147,2022,11,28,12
West,Knight Hall,2022-11-28T13:00:00,80.0,30.0,,,,,,,0.0552,0.0207,41.311922,-105.581147,2022,11,28,13
West,Knight Hall,2022-11-28T14:00:00,60.0,20.0,,,,3.49,,,0.0414,0.0138,41.311922,-105.581147,2022,11,28,14
West,Knight Hall,2022-11-28T15:00:00,80.0,30.0,,,,1.23,,,0.0552,0.0207,41.311922,-105.581147,2022,11,28,15
West,Knight Hall,2022-11-28T16:00:00,60.0,30.0,,,,,,,0.0414,0.0207,41.311922,-105.581147,2022,11,28,16
West,Knight Hall,2022-11-28T17:00:00,50.0,20.0,,,,,,,0.034499999999999996,0.0138,41.311922,-105.581147,2022,11,28,17
West,Knight Hall,2022-11-28T18:00:00,30.0,30.0,,,,,,,0.0207,0.0207,41.311922,-105.581147,2022,11,28,18
West,Knight Hall,2022-11-28T19:00:00,40.0,40.0,,,,,,,0.0276,0.0276,41.311922,-105.581147,2022,11,28,19
West,Knight Hall,2022-11-28T20:00:00,30.0,30.0,,,,,,,0.0207,0.0207,41.311922,-105.581147,2022,11,28,20
West,Knight Hall,2022-11-28T21:00:00,40.0,30.0,,,,,,,0.0276,0.0207,41.311922,-105.581147,2022,11,28,21
West,Knight Hall,2022-11-28T22:00:00,20.0,30.0,,,,,,,0.0138,0.0207,41.311922,-105.581147,2022,11,28,22
West,Knight Hall,2022-11-28T23:00:00,40.0,30.0,,,,,,,0.0276,0.0207,41.311922,-105.581147,2022,11,28,23
West,Knight Hall,2022-11-29T00:00:00,20.0,20.0,,,,,,,0.0138,0.0138,41.311922,-105.581147,2022,11,29,0
West,Knight Hall,2022-11-29T01:00:00,30.0,40.0,,,,,,,0.0207,0.0276,41.311922,-105.581147,2022,11,29,1
West,Knight Hall,2022-11-29T02:00:00,30.0,20.0,,,,,,,0.0207,0.0138,41.311922,-105.581147,2022,11,29,2
West,Knight Hall,2022-11-29T03:00:00,30.0,40.0,,,,,,,0.0207,0.0276,41.311922,-105.581147,2022,11,29,3
West,Knight Hall,2022-11-29T04:00:00,30.0,20.0,,,,1.1,,,0.0207,0.0138,41.311922,-105.581147,2022,11,29,4
West,Knight Hall,2022-11-29T05:00:00,30.0,40.0,,,,36.5,,,0.0207,0.0276,41.311922,-105.581147,2022,11,29,5
West,Knight Hall,2022-11-29T06:00:00,30.0,30.0,,,,24.43,,,0.0207,0.0207,41.311922,-105.581147,2022,11,29,6
West,Knight Hall,2022-11-29T07:00:00,60.0,40.0,,,,97.32,,,0.0414,0.0276,41.311922,-105.581147,2022,11,29,7
West,Knight Hall,2022-11-29T08:00:00,60.0,70.0,,,,,,,0.0414,0.048299999999999996,41.311922,-105.581147,2022,11,29,8
West,Knight Hall,2022-11-29T09:00:00,80.0,,,,,164.38,,,0.0552,,41.311922,-105.581147,2022,11,29,9
West,Knight Hall,2022-11-29T10:00:00,60.0,50.0,,,,,,,0.0414,0.034499999999999996,41.311922,-105.581147,2022,11,29,10
West,Knight Hall,2022-11-29T11:00:00,,,,,,,,,,,41.311922,-105.581147,2022,11,29,11
West,Knight Hall,2022-11-29T12:00:00,60.0,50.0,,,,,,,0.0414,0.034499999999999996,41.311922,-105.581147,2022,11,29,12
West,Knight Hall,2022-11-29T13:00:00,,,,,,156.76999999999998,,,,,41.311922,-105.581147,2022,11,29,13
West,Knight Hall,2022-11-29T14:00:00,60.0,60.0,,,,137.24,,,0.0414,0.0414,41.311922,-105.581147,2022,11,29,14
West,Knight Hall,2022-11-29T15:00:00,70.0,80.0,,,,124.93999999999998,,,0.048299999999999996,0.0552,41.311922,-105.581147,2022,11,29,15
West,Knight Hall,2022-11-29T16:00:00,80.0,60.0,,,,43.32,,,0.0552,0.0414,41.311922,-105.581147,2022,11,29,16
West,Knight Hall,2022-11-29T17:00:00,50.0,40.0,,,,49.370000000000005,,,0.034499999999999996,0.0276,41.311922,-105.581147,2022,11,29,17
West,Knight Hall,2022-11-29T18:00:00,30.0,40.0,,,,27.28,,,0.0207,0.0276,41.311922,-105.581147,2022,11,29,18
West,Knight Hall,2022-11-29T19:00:00,40.0,40.0,,,,13.6,,,0.0276,0.0276,41.311922,-105.581147,2022,11,29,19
West,Knight Hall,2022-11-29T20:00:00,30.0,30.0,,,,1.4499999999999995,,,0.0207,0.0207,41.311922,-105.581147,2022,11,29,20
West,Knight Hall,2022-11-29T21:00:00,30.0,40.0,,,,18.76,,,0.0207,0.0276,41.311922,-105.581147,2022,11,29,21
West,Knight Hall,2022-11-29T22:00:00,20.0,30.0,,,,0.84,,,0.0138,0.0207,41.311922,-105.581147,2022,11,29,22
West,Knight Hall,2022-11-29T23:00:00,30.0,30.0,,,,,,,0.0207,0.0207,41.311922,-105.581147,2022,11,29,23
West,Knight Hall,2022-11-30T00:00:00,20.0,20.0,,,,,,,0.0138,0.0138,41.311922,-105.581147,2022,11,30,0
West,Knight Hall,2022-11-30T01:00:00,40.0,30.0,,,,,,,0.0276,0.0207,41.311922,-105.581147,2022,11,30,1
West,Knight Hall,2022-11-30T02:00:00,20.0,20.0,,,,1.7,,,0.0138,0.0138,41.311922,-105.581147,2022,11,30,2
West,Knight Hall,2022-11-30T03:00:00,30.0,40.0,,,,,,,0.0207,0.0276,41.311922,-105.581147,2022,11,30,3
West,Knight Hall,2022-11-30T04:00:00,20.0,20.0,,,,2.35,,,0.0138,0.0138,41.311922,-105.581147,2022,11,30,4
West,Knight Hall,2022-11-30T05:00:00,40.0,40.0,,,,7.220000000000001,,,0.0276,0.0276,41.311922,-105.581147,2022,11,30,5
West,Knight Hall,2022-11-30T06:00:00,20.0,30.0,,,,39.58,,,0.0138,0.0207,41.311922,-105.581147,2022,11,30,6
West,Knight Hall,2022-11-30T07:00:00,60.0,60.0,,,,115.67,,,0.0414,0.0414,41.311922,-105.581147,2022,11,30,7
West,Knight Hall,2022-11-30T08:00:00,60.0,60.0,,,,,,,0.0414,0.0414,41.311922,-105.581147,2022,11,30,8
West,Knight Hall,2022-11-30T09:00:00,80.0,,,,,,,,0.0552,,41.311922,-105.581147,2022,11,30,9
West,Knight Hall,2022-11-30T10:00:00,60.0,60.0,,,,133.38,,,0.0414,0.0414,41.311922,-105.581147,2022,11,30,10
West,Knight Hall,2022-11-30T11:00:00,,80.0,,,,106.16,,,,0.0552,41.311922,-105.581147,2022,11,30,11
West,Knight Hall,2022-11-30T12:00:00,60.0,70.0,,,,,,,0.0414,0.048299999999999996,41.311922,-105.581147,2022,11,30,12
West,Knight Hall,2022-11-30T13:00:00,80.0,80.0,,,,,,,0.0552,0.0552,41.311922,-105.581147,2022,11,30,13
West,Knight Hall,2022-11-30T14:00:00,60.0,70.0,,,,,,,0.0414,0.048299999999999996,41.311922,-105.581147,2022,11,30,14
West,Knight Hall,2022-11-30T15:00:00,80.0,,,,,,,,0.0552,,41.311922,-105.581147,2022,11,30,15
West,Knight Hall,2022-11-30T16:00:00,60.0,60.0,,,,53.23,,,0.0414,0.0414,41.311922,-105.581147,2022,11,30,16
West,Knight Hall,2022-11-30T17:00:00,50.0,60.0,,,,30.01,,,0.034499999999999996,0.0414,41.311922,-105.581147,2022,11,30,17
West,Knight Hall,2022-11-30T18:00:00,30.0,30.0,,,,5.67,,,0.0207,0.0207,41.311922,-105.581147,2022,11,30,18
West,Knight Hall,2022-11-30T19:00:00,30.0,40.0,,,,15.96,,,0.0207,0.0276,41.311922,-105.581147,2022,11,30,19
West,Knight Hall,2022-11-30T20:00:00,40.0,30.0,,,,3.08,,,0.0276,0.0207,41.311922,-105.581147,2022,11,30,20
West,Knight Hall,2022-11-30T21:00:00,30.0,30.0,,,,22.23,,,0.0207,0.0207,41.311922,-105.581147,2022,11,30,21
West,Knight Hall,2022-11-30T22:00:00,30.0,30.0,,,,0.6900000000000001,,,0.0207,0.0207,41.311922,-105.581147,2022,11,30,22
West,Knight Hall,2022-11-30T23:00:00,30.0,40.0,,,,0.84,,,0.0207,0.0276,41.311922,-105.581147,2022,11,30,23
West,Knight Hall,2022-12-01T00:00:00,20.0,20.0,,,,2.0700000000000003,,,0.0138,0.0138,41.311922,-105.581147,2022,12,1,0
West,Knight Hall,2022-12-01T01:00:00,30.0,30.0,,,,0.02,,,0.0207,0.0207,41.311922,-105.581147,2022,12,1,1
West,Knight Hall,2022-12-01T02:00:00,20.0,20.0,,,,,,,0.0138,0.0138,41.311922,-105.581147,2022,12,1,2
West,Knight Hall,2022-12-01T03:00:00,30.0,30.0,,,,1.19,,,0.0207,0.0207,41.311922,-105.581147,2022,12,1,3
West,Knight Hall,2022-12-01T04:00:00,20.0,30.0,,,,0.24,,,0.0138,0.0207,41.311922,-105.581147,2022,12,1,4
West,Knight Hall,2022-12-01T05:00:00,40.0,30.0,,,,26.8,,,0.0276,0.0207,41.311922,-105.581147,2022,12,1,5
West,Knight Hall,2022-12-01T06:00:00,20.0,30.0,,,,22.380000000000003,,,0.0138,0.0207,41.311922,-105.581147,2022,12,1,6
West,Knight Hall,2022-12-01T07:00:00,60.0,50.0,,,,99.96,,,0.0414,0.034499999999999996,41.311922,-105.581147,2022,12,1,7
West,Knight Hall,2022-12-01T08:00:00,50.0,60.0,,,,160.91,,,0.034499999999999996,0.0414,41.311922,-105.581147,2022,12,1,8
West,Knight Hall,2022-12-01T09:00:00,,80.0,,,,149.63,,,,0.0552,41.311922,-105.581147,2022,12,1,9
West,Knight Hall,2022-12-01T10:00:00,60.0,80.0,,,,166.13,,,0.0414,0.0552,41.311922,-105.581147,2022,12,1,10
West,Knight Hall,2022-12-01T11:00:00,80.0,,,,,101.72,,,0.0552,,41.311922,-105.581147,2022,12,1,11
West,Knight Hall,2022-12-01T12:00:00,50.0,60.0,,,,153.32,,,0.034499999999999996,0.0414,41.311922,-105.581147,2022,12,1,12
West,Knight Hall,2022-12-01T13:00:00,,80.0,,,,,,,,0.0552,41.311922,-105.581147,2022,12,1,13
West,Knight Hall,2022-12-01T14:00:00,50.0,60.0,,,,,,,0.034499999999999996,0.0414,41.311922,-105.581147,2022,12,1,14
West,Knight Hall,2022-12-01T15:00:00,,80.0,,,,139.58,,,,0.0552,41.311922,-105.581147,2022,12,1,15
West,Knight Hall,2022-12-01T16:00:00,60.0,70.0,,,,29.770000000000003,,,0.0414,0.048299999999999996,41.311922,-105.581147,2022,12,1,16
West,Knight Hall,2022-12-01T17:00:00,40.0,50.0,,,,75.35,,,0.0276,0.034499999999999996,41.311922,-105.581147,2022,12,1,17
West,Knight Hall,2022-12-01T18:00:00,40.0,30.0,,,,0.8999999999999999,,,0.0276,0.0207,41.311922,-105.581147,2022,12,1,18
West,Knight Hall,2022-12-01T19:00:00,40.0,40.0,,,,17.08,,,0.0276,0.0276,41.311922,-105.581147,2022,12,1,19
West,Knight Hall,2022-12-01T20:00:00,30.0,30.0,,,,13.56,,,0.0207,0.0207,41.311922,-105.581147,2022,12,1,20
West,Knight Hall,2022-12-01T21:00:00,30.0,30.0,,,,1.29,,,0.0207,0.0207,41.311922,-105.581147,2022,12,1,21
West,Knight Hall,2022-12-01T22:00:00,30.0,30.0,,,,,,,0.0207,0.0207,41.311922,-105.581147,2022,12,1,22
West,Knight Hall,2022-12-01T23:00:00,30.0,20.0,,,,,,,0.0207,0.0138,41.311922,-105.581147,2022,12,1,23
West,Knight Hall,2022-12-02T00:00:00,20.0,30.0,,,,1.21,,,0.0138,0.0207,41.311922,-105.581147,2022,12,2,0
West,Knight Hall,2022-12-02T01:00:00,30.0,30.0,,,,0.8,,,0.0207,0.0207,41.311922,-105.581147,2022,12,2,1
West,Knight Hall,2022-12-02T02:00:00,20.0,20.0,,,,0.88,,,0.0138,0.0138,41.311922,-105.581147,2022,12,2,2
West,Knight Hall,2022-12-02T03:00:00,40.0,40.0,,,,1.21,,,0.0276,0.0276,41.311922,-105.581147,2022,12,2,3
West,Knight Hall,2022-12-02T04:00:00,20.0,20.0,,,,,,,0.0138,0.0138,41.311922,-105.581147,2022,12,2,4
West,Knight Hall,2022-12-02T05:00:00,30.0,40.0,,,,6.96,,,0.0207,0.0276,41.311922,-105.581147,2022,12,2,5
West,Knight Hall,2022-12-02T06:00:00,30.0,20.0,,,,31.410000000000004,,,0.0207,0.0138,41.311922,-105.581147,2022,12,2,6
West,Knight Hall,2022-12-02T07:00:00,60.0,40.0,,,,75.33,,,0.0414,0.0276,41.311922,-105.581147,2022,12,2,7
West,Knight Hall,2022-12-02T08:00:00,60.0,70.0,,,,165.39,,,0.0414,0.048299999999999996,41.311922,-105.581147,2022,12,2,8
West,Knight Hall,2022-12-02T09:00:00,,,,,,162.2,,,,,41.311922,-105.581147,2022,12,2,9
West,Knight Hall,2022-12-02T10:00:00,70.0,60.0,,,,120.25,,,0.048299999999999996,0.0414,41.311922,-105.581147,2022,12,2,10
West,Knight Hall,2022-12-02T11:00:00,70.0,,,,,,,,0.048299999999999996,,41.311922,-105.581147,2022,12,2,11
West,Knight Hall,2022-12-02T12:00:00,70.0,70.0,,,,,,,0.048299999999999996,0.048299999999999996,41.311922,-105.581147,2022,12,2,12
West,Knight Hall,2022-12-02T13:00:00,,80.0,,,,130.31,,,,0.0552,41.311922,-105.581147,2022,12,2,13
West,Knight Hall,2022-12-02T14:00:00,60.0,60.0,,,,98.19,,,0.0414,0.0414,41.311922,-105.581147,2022,12,2,14
West,Knight Hall,2022-12-02T15:00:00,80.0,80.0,,,,97.63,,,0.0552,0.0552,41.311922,-105.581147,2022,12,2,15
West,Knight Hall,2022-12-02T16:00:00,60.0,60.0,,,,14.99,,,0.0414,0.0414,41.311922,-105.581147,2022,12,2,16
West,Knight Hall,2022-12-02T17:00:00,50.0,50.0,,,,6.99,,,0.034499999999999996,0.034499999999999996,41.311922,-105.581147,2022,12,2,17
West,Knight Hall,2022-12-02T18:00:00,30.0,40.0,,,,40.62,,,0.0207,0.0276,41.311922,-105.581147,2022,12,2,18
West,Knight Hall,2022-12-02T19:00:00,40.0,40.0,,,,3.38,,,0.0276,0.0276,41.311922,-105.581147,2022,12,2,19
West,Knight Hall,2022-12-02T20:00:00,20.0,30.0,,,,6.529999999999999,,,0.0138,0.0207,41.311922,-105.581147,2022,12,2,20
West,Knight Hall,2022-12-02T21:00:00,40.0,30.0,,,,,,,0.0276,0.0207,41.311922,-105.581147,2022,12,2,21
West,Knight Hall,2022-12-02T22:00:00,20.0,30.0,,,,2.65,,,0.0138,0.0207,41.311922,-105.581147,2022,12,2,22
West,Knight Hall,2022-12-02T23:00:00,30.0,30.0,,,,0.86,,,0.0207,0.0207,41.311922,-105.581147,2022,12,2,23
West,Knight Hall,2022-12-03T00:00:00,20.0,20.0,,,,0.9,,,0.0138,0.0138,41.311922,-105.581147,2022,12,3,0
West,Knight Hall,2022-12-03T01:00:00,30.0,30.0,,,,1.16,,,0.0207,0.0207,41.311922,-105.581147,2022,12,3,1
West,Knight Hall,2022-12-03T02:00:00,30.0,30.0,,,,0.84,,,0.0207,0.0207,41.311922,-105.581147,2022,12,3,2
West,Knight Hall,2022-12-03T03:00:00,30.0,30.0,,,,,,,0.0207,0.0207,41.311922,-105.581147,2022,12,3,3
West,Knight Hall,2022-12-03T04:00:00,20.0,30.0,,,,4.789999999999999,,,0.0138,0.0207,41.311922,-105.581147,2022,12,3,4
West,Knight Hall,2022-12-03T05:00:00,30.0,40.0,,,,17.33,,,0.0207,0.0276,41.311922,-105.581147,2022,12,3,5
West,Knight Hall,2022-12-03T06:00:00,20.0,30.0,,,,12.27,,,0.0138,0.0207,41.311922,-105.581147,2022,12,3,6
West,Knight Hall,2022-12-03T07:00:00,30.0,50.0,,,,121.8,,,0.0207,0.034499999999999996,41.311922,-105.581147,2022,12,3,7
West,Knight Hall,2022-12-03T08:00:00,20.0,70.0,,,,116.71,,,0.0138,0.048299999999999996,41.311922,-105.581147,2022,12,3,8
West,Knight Hall,2022-12-03T09:00:00,30.0,70.0,,,,149.03,,,0.0207,0.048299999999999996,41.311922,-105.581147,2022,12,3,9
West,Knight Hall,2022-12-03T10:00:00,30.0,80.0,,,,,,,0.0207,0.0552,41.311922,-105.581147,2022,12,3,10
West,Knight Hall,2022-12-03T11:00:00,30.0,80.0,,,,,,,0.0207,0.0552,41.311922,-105.581147,2022,12,3,11
West,Knight Hall,2022-12-03T12:00:00,30.0,60.0,,,,,,,0.0207,0.0414,41.311922,-105.581147,2022,12,3,12
West,Knight Hall,2022-12-03T13:00:00,30.0,70.0,,,,,,,0.0207,0.048299999999999996,41.311922,-105.581147,2022,12,3,13
West,Knight Hall,2022-12-03T14:00:00,20.0,70.0,,,,97.13,,,0.0138,0.048299999999999996,41.311922,-105.581147,2022,12,3,14
West,Knight Hall,2022-12-03T15:00:00,40.0,80.0,,,,84.91,,,0.0276,0.0552,41.311922,-105.581147,2022,12,3,15
West,Knight Hall,2022-12-03T16:00:00,20.0,60.0,,,,45.92,,,0.0138,0.0414,41.311922,-105.581147,2022,12,3,16
West,Knight Hall,2022-12-03T17:00:00,30.0,50.0,,,,48.51,,,0.0207,0.034499999999999996,41.311922,-105.581147,2022,12,3,17
West,Knight Hall,2022-12-03T18:00:00,20.0,30.0,,,,4.3500000000000005,,,0.0138,0.0207,41.311922,-105.581147,2022,12,3,18
West,Knight Hall,2022-12-03T19:00:00,30.0,40.0,,,,39.31,,,0.0207,0.0276,41.311922,-105.581147,2022,12,3,19
West,Knight Hall,2022-12-03T20:00:00,20.0,30.0,,,,7.85,,,0.0138,0.0207,41.311922,-105.581147,2022,12,3,20
West,Knight Hall,2022-12-03T21:00:00,30.0,40.0,,,,10.59,,,0.0207,0.0276,41.311922,-105.581147,2022,12,3,21
West,Knight Hall,2022-12-03T22:00:00,20.0,30.0,,,,0.99,,,0.0138,0.0207,41.311922,-105.581147,2022,12,3,22
West,Knight Hall,2022-12-03T23:00:00,30.0,30.0,,,,,,,0.0207,0.0207,41.311922,-105.581147,2022,12,3,23
West,Knight Hall,2022-12-04T00:00:00,20.0,30.0,,,,,,,0.0138,0.0207,41.311922,-105.581147,2022,12,4,0
West,Knight Hall,2022-12-04T01:00:00,30.0,30.0,,,,,,,0.0207,0.0207,41.311922,-105.581147,2022,12,4,1
West,Knight Hall,2022-12-04T02:00:00,20.0,20.0,,,,,,,0.0138,0.0138,41.311922,-105.581147,2022,12,4,2
West,Knight Hall,2022-12-04T03:00:00,30.0,30.0,,,,,,,0.0207,0.0207,41.311922,-105.581147,2022,12,4,3
West,Knight Hall,2022-12-04T04:00:00,20.0,20.0,,,,,,,0.0138,0.0138,41.311922,-105.581147,2022,12,4,4
West,Knight Hall,2022-12-04T05:00:00,30.0,30.0,,,,,,,0.0207,0.0207,41.311922,-105.581147,2022,12,4,5
West,Knight Hall,2022-12-04T06:00:00,30.0,20.0,,,,,,,0.0207,0.0138,41.311922,-105.581147,2022,12,4,6
West,Knight Hall,2022-12-04T07:00:00,30.0,30.0,,,,,,,0.0207,0.0207,41.311922,-105.581147,2022,12,4,7
West,Knight Hall,2022-12-04T08:00:00,20.0,30.0,,,,,,,0.0138,0.0207,41.311922,-105.581147,2022,12,4,8
West,Knight Hall,2022-12-04T09:00:00,30.0,40.0,,,,,,,0.0207,0.0276,41.311922,-105.581147,2022,12,4,9
West,Knight Hall,2022-12-04T10:00:00,30.0,20.0,,,,,,,0.0207,0.0138,41.311922,-105.581147,2022,12,4,10
West,Knight Hall,2022-12-04T11:00:00,30.0,30.0,,,,,,,0.0207,0.0207,41.311922,-105.581147,2022,12,4,11
West,Knight Hall,2022-12-04T12:00:00,20.0,30.0,,,,,,,0.0138,0.0207,41.311922,-105.581147,2022,12,4,12
West,Knight Hall,2022-12-04T13:00:00,30.0,20.0,,,,,,,0.0207,0.0138,41.311922,-105.581147,2022,12,4,13
West,Knight Hall,2022-12-04T14:00:00,30.0,30.0,,,,,,,0.0207,0.0207,41.311922,-105.581147,2022,12,4,14
West,Knight Hall,2022-12-04T15:00:00,30.0,30.0,,,,,,,0.0207,0.0207,41.311922,-105.581147,2022,12,4,15
West,Knight Hall,2022-12-04T16:00:00,20.0,30.0,,,,,,,0.0138,0.0207,41.311922,-105.581147,2022,12,4,16
West,Knight Hall,2022-12-04T17:00:00,30.0,20.0,,,,,,,0.0207,0.0138,41.311922,-105.581147,2022,12,4,17
West,Knight Hall,2022-12-04T18:00:00,20.0,30.0,,,,,,,0.0138,0.0207,41.311922,-105.581147,2022,12,4,18
West,Knight Hall,2022-12-04T19:00:00,40.0,30.0,,,,,,,0.0276,0.0207,41.311922,-105.581147,2022,12,4,19
West,Knight Hall,2022-12-04T20:00:00,20.0,20.0,,,,,,,0.0138,0.0138,41.311922,-105.581147,2022,12,4,20
West,Knight Hall,2022-12-04T21:00:00,30.0,30.0,,,,,,,0.0207,0.0207,41.311922,-105.581147,2022,12,4,21
West,Knight Hall,2022-12-04T22:00:00,20.0,20.0,,,,,,,0.0138,0.0138,41.311922,-105.581147,2022,12,4,22
West,Knight Hall,2022-12-04T23:00:00,20.0,40.0,,,,0.99,,,0.0138,0.0276,41.311922,-105.581147,2022,12,4,23
West,Knight Hall,2022-12-05T00:00:00,30.0,20.0,,,,0.07,,,0.0207,0.0138,41.311922,-105.581147,2022,12,5,0
West,Knight Hall,2022-12-05T01:00:00,30.0,30.0,,,,0.02,,,0.0207,0.0207,41.311922,-105.581147,2022,12,5,1
West,Knight Hall,2022-12-05T02:00:00,20.0,20.0,,,,0.09,,,0.0138,0.0138,41.311922,-105.581147,2022,12,5,2
West,Knight Hall,2022-12-05T03:00:00,30.0,30.0,,,,1.7,,,0.0207,0.0207,41.311922,-105.581147,2022,12,5,3
West,Knight Hall,2022-12-05T04:00:00,20.0,20.0,,,,,,,0.0138,0.0138,41.311922,-105.581147,2022,12,5,4
West,Knight Hall,2022-12-05T05:00:00,40.0,30.0,,,,0.04,,,0.0276,0.0207,41.311922,-105.581147,2022,12,5,5
West,Knight Hall,2022-12-05T06:00:00,30.0,30.0,,,,0.13,,,0.0207,0.0207,41.311922,-105.581147,2022,12,5,6
West,Knight Hall,2022-12-05T07:00:00,50.0,20.0,,,,0.07,,,0.034499999999999996,0.0138,41.311922,-105.581147,2022,12,5,7
West,Knight Hall,2022-12-05T08:00:00,70.0,30.0,,,,4.4,,,0.048299999999999996,0.0207,41.311922,-105.581147,2022,12,5,8
West,Knight Hall,2022-12-05T09:00:00,,30.0,,,,1.72,,,,0.0207,41.311922,-105.581147,2022,12,5,9
West,Knight Hall,2022-12-05T10:00:00,60.0,30.0,,,,1.73,,,0.0414,0.0207,41.311922,-105.581147,2022,12,5,10
West,Knight Hall,2022-12-05T11:00:00,,30.0,,,,0.1699999999999999,,,,0.0207,41.311922,-105.581147,2022,12,5,11
West,Knight Hall,2022-12-05T12:00:00,60.0,30.0,,,,0.17,,,0.0414,0.0207,41.311922,-105.581147,2022,12,5,12
West,Knight Hall,2022-12-05T13:00:00,,40.0,,,,5.609999999999999,,,,0.0276,41.311922,-105.581147,2022,12,5,13
West,Knight Hall,2022-12-05T14:00:00,70.0,20.0,,,,1.04,,,0.048299999999999996,0.0138,41.311922,-105.581147,2022,12,5,14
West,Knight Hall,2022-12-05T15:00:00,80.0,30.0,,,,6.77,,,0.0552,0.0207,41.311922,-105.581147,2022,12,5,15
West,Knight Hall,2022-12-05T16:00:00,60.0,30.0,,,,0.67,,,0.0414,0.0207,41.311922,-105.581147,2022,12,5,16
West,Knight Hall,2022-12-05T17:00:00,50.0,30.0,,,,3.32,,,0.034499999999999996,0.0207,41.311922,-105.581147,2022,12,5,17
West,Knight Hall,2022-12-05T18:00:00,30.0,20.0,,,,0.97,,,0.0207,0.0138,41.311922,-105.581147,2022,12,5,18
West,Knight Hall,2022-12-05T19:00:00,40.0,40.0,,,,3.69,,,0.0276,0.0276,41.311922,-105.581147,2022,12,5,19
West,Knight Hall,2022-12-05T20:00:00,30.0,20.0,,,,0.09,,,0.0207,0.0138,41.311922,-105.581147,2022,12,5,20
West,Knight Hall,2022-12-05T21:00:00,40.0,30.0,,,,0.04,,,0.0276,0.0207,41.311922,-105.581147,2022,12,5,21
West,Knight Hall,2022-12-05T22:00:00,20.0,20.0,,,,0.02,,,0.0138,0.0138,41.311922,-105.581147,2022,12,5,22
West,Knight Hall,2022-12-05T23:00:00,30.0,30.0,,,,0.02,,,0.0207,0.0207,41.311922,-105.581147,2022,12,5,23
West,Knight Hall,2022-12-06T00:00:00,20.0,30.0,,,,,,,0.0138,0.0207,41.311922,-105.581147,2022,12,6,0
West,Knight Hall,2022-12-06T01:00:00,30.0,30.0,,,,,,,0.0207,0.0207,41.311922,-105.581147,2022,12,6,1
West,Knight Hall,2022-12-06T02:00:00,20.0,20.0,,,,,,,0.0138,0.0138,41.311922,-105.581147,2022,12,6,2
West,Knight Hall,2022-12-06T03:00:00,40.0,40.0,,,,,,,0.0276,0.0276,41.311922,-105.581147,2022,12,6,3
West,Knight Hall,2022-12-06T04:00:00,20.0,20.0,,,,1.25,,,0.0138,0.0138,41.311922,-105.581147,2022,12,6,4
West,Knight Hall,2022-12-06T05:00:00,40.0,40.0,,,,7.22,,,0.0276,0.0276,41.311922,-105.581147,2022,12,6,5
West,Knight Hall,2022-12-06T06:00:00,20.0,30.0,,,,18.78,,,0.0138,0.0207,41.311922,-105.581147,2022,12,6,6
West,Knight Hall,2022-12-06T07:00:00,60.0,50.0,,,,100.88,,,0.0414,0.034499999999999996,41.311922,-105.581147,2022,12,6,7
West,Knight Hall,2022-12-06T08:00:00,60.0,60.0,,,,138.23000000000002,,,0.0414,0.0414,41.311922,-105.581147,2022,12,6,8
West,Knight Hall,2022-12-06T09:00:00,,,,,,153.23000000000002,,,,,41.311922,-105.581147,2022,12,6,9
West,Knight Hall,2022-12-06T10:00:00,60.0,70.0,,,,,,,0.0414,0.048299999999999996,41.311922,-105.581147,2022,12,6,10
West,Knight Hall,2022-12-06T11:00:00,80.0,,,,,,,,0.0552,,41.311922,-105.581147,2022,12,6,11
West,Knight Hall,2022-12-06T12:00:00,60.0,60.0,,,,,,,0.0414,0.0414,41.311922,-105.581147,2022,12,6,12
West,Knight Hall,2022-12-06T13:00:00,,,,,,126.5,,,,,41.311922,-105.581147,2022,12,6,13
West,Knight Hall,2022-12-06T14:00:00,60.0,70.0,,,,96.38,,,0.0414,0.048299999999999996,41.311922,-105.581147,2022,12,6,14
West,Knight Hall,2022-12-06T15:00:00,,80.0,,,,98.02,,,,0.0552,41.311922,-105.581147,2022,12,6,15
West,Knight Hall,2022-12-06T16:00:00,50.0,70.0,,,,94.54,,,0.034499999999999996,0.048299999999999996,41.311922,-105.581147,2022,12,6,16
West,Knight Hall,2022-12-06T17:00:00,50.0,50.0,,,,13.97,,,0.034499999999999996,0.034499999999999996,41.311922,-105.581147,2022,12,6,17
West,Knight Hall,2022-12-06T18:00:00,30.0,40.0,,,,11.3,,,0.0207,0.0276,41.311922,-105.581147,2022,12,6,18
West,Knight Hall,2022-12-06T19:00:00,40.0,40.0,,,,34.07,,,0.0276,0.0276,41.311922,-105.581147,2022,12,6,19
West,Knight Hall,2022-12-06T20:00:00,30.0,30.0,,,,9.16,,,0.0207,0.0207,41.311922,-105.581147,2022,12,6,20
West,Knight Hall,2022-12-06T21:00:00,30.0,40.0,,,,3.71,,,0.0207,0.0276,41.311922,-105.581147,2022,12,6,21
West,Knight Hall,2022-12-06T22:00:00,30.0,20.0,,,,2.16,,,0.0207,0.0138,41.311922,-105.581147,2022,12,6,22
West,Knight Hall,2022-12-06T23:00:00,30.0,30.0,,,,0.04,,,0.0207,0.0207,41.311922,-105.581147,2022,12,6,23
West,Knight Hall,2022-12-07T00:00:00,20.0,20.0,,,,0.88,,,0.0138,0.0138,41.311922,-105.581147,2022,12,7,0
West,Knight Hall,2022-12-07T01:00:00,30.0,30.0,,,,1.14,,,0.0207,0.0207,41.311922,-105.581147,2022,12,7,1
West,Knight Hall,2022-12-07T02:00:00,20.0,20.0,,,,0.99,,,0.0138,0.0138,41.311922,-105.581147,2022,12,7,2
West,Knight Hall,2022-12-07T03:00:00,30.0,30.0,,,,0.93,,,0.0207,0.0207,41.311922,-105.581147,2022,12,7,3
West,Knight Hall,2022-12-07T04:00:00,30.0,30.0,,,,0.54,,,0.0207,0.0207,41.311922,-105.581147,2022,12,7,4
West,Knight Hall,2022-12-07T05:00:00,30.0,30.0,,,,7.96,,,0.0207,0.0207,41.311922,-105.581147,2022,12,7,5
West,Knight Hall,2022-12-07T06:00:00,30.0,30.0,,,,38.940000000000005,,,0.0207,0.0207,41.311922,-105.581147,2022,12,7,6
West,Knight Hall,2022-12-07T07:00:00,60.0,50.0,,,,127.23,,,0.0414,0.034499999999999996,41.311922,-105.581147,2022,12,7,7
West,Knight Hall,2022-12-07T08:00:00,60.0,60.0,,,,116.15,,,0.0414,0.0414,41.311922,-105.581147,2022,12,7,8
West,Knight Hall,2022-12-07T09:00:00,,80.0,,,,154.98000000000002,,,,0.0552,41.311922,-105.581147,2022,12,7,9
West,Knight Hall,2022-12-07T10:00:00,60.0,80.0,,,,169.04,,,0.0414,0.0552,41.311922,-105.581147,2022,12,7,10
West,Knight Hall,2022-12-07T11:00:00,,,,,,,,,,,41.311922,-105.581147,2022,12,7,11
West,Knight Hall,2022-12-07T12:00:00,60.0,60.0,,,,115.07,,,0.0414,0.0414,41.311922,-105.581147,2022,12,7,12
West,Knight Hall,2022-12-07T13:00:00,70.0,,,,,162.59,,,0.048299999999999996,,41.311922,-105.581147,2022,12,7,13
West,Knight Hall,2022-12-07T14:00:00,80.0,70.0,,,,127.57,,,0.0552,0.048299999999999996,41.311922,-105.581147,2022,12,7,14
West,Knight Hall,2022-12-07T15:00:00,80.0,70.0,,,,124.17,,,0.0552,0.048299999999999996,41.311922,-105.581147,2022,12,7,15
West,Knight Hall,2022-12-07T16:00:00,60.0,70.0,,,,85.25,,,0.0414,0.048299999999999996,41.311922,-105.581147,2022,12,7,16
West,Knight Hall,2022-12-07T17:00:00,60.0,60.0,,,,28.09,,,0.0414,0.0414,41.311922,-105.581147,2022,12,7,17
West,Knight Hall,2022-12-07T18:00:00,40.0,30.0,,,,40.86,,,0.0276,0.0207,41.311922,-105.581147,2022,12,7,18
West,Knight Hall,2022-12-07T19:00:00,50.0,40.0,,,,50.69,,,0.034499999999999996,0.0276,41.311922,-105.581147,2022,12,7,19
West,Knight Hall,2022-12-07T20:00:00,30.0,30.0,,,,16.54,,,0.0207,0.0207,41.311922,-105.581147,2022,12,7,20
West,Knight Hall,2022-12-07T21:00:00,30.0,30.0,,,,39.28,,,0.0207,0.0207,41.311922,-105.581147,2022,12,7,21
West,Knight Hall,2022-12-07T22:00:00,30.0,30.0,,,,12.12,,,0.0207,0.0207,41.311922,-105.581147,2022,12,7,22
West,Knight Hall,2022-12-07T23:00:00,30.0,30.0,,,,7.609999999999999,,,0.0207,0.0207,41.311922,-105.581147,2022,12,7,23
West,Knight Hall,2022-12-08T00:00:00,20.0,20.0,,,,7.65,,,0.0138,0.0138,41.311922,-105.581147,2022,12,8,0
West,Knight Hall,2022-12-08T01:00:00,30.0,30.0,,,,5.2,,,0.0207,0.0207,41.311922,-105.581147,2022,12,8,1
West,Knight Hall,2022-12-08T02:00:00,30.0,30.0,,,,5.63,,,0.0207,0.0207,41.311922,-105.581147,2022,12,8,2
West,Knight Hall,2022-12-08T03:00:00,30.0,20.0,,,,4.64,,,0.0207,0.0138,41.311922,-105.581147,2022,12,8,3
West,Knight Hall,2022-12-08T04:00:00,20.0,30.0,,,,5.35,,,0.0138,0.0207,41.311922,-105.581147,2022,12,8,4
West,Knight Hall,2022-12-08T05:00:00,40.0,30.0,,,,15.91,,,0.0276,0.0207,41.311922,-105.581147,2022,12,8,5
West,Knight Hall,2022-12-08T06:00:00,30.0,30.0,,,,33.64,,,0.0207,0.0207,41.311922,-105.581147,2022,12,8,6
West,Knight Hall,2022-12-08T07:00:00,40.0,50.0,,,,97.26,,,0.0276,0.034499999999999996,41.311922,-105.581147,2022,12,8,7
West,Knight Hall,2022-12-08T08:00:00,80.0,70.0,,,,119.55,,,0.0552,0.048299999999999996,41.311922,-105.581147,2022,12,8,8
West,Knight Hall,2022-12-08T09:00:00,80.0,80.0,,,,157.41,,,0.0552,0.0552,41.311922,-105.581147,2022,12,8,9
West,Knight Hall,2022-12-08T10:00:00,70.0,80.0,,,,153.69,,,0.048299999999999996,0.0552,41.311922,-105.581147,2022,12,8,10
West,Knight Hall,2022-12-08T11:00:00,80.0,,,,,118.41,,,0.0552,,41.311922,-105.581147,2022,12,8,11
West,Knight Hall,2022-12-08T12:00:00,60.0,60.0,,,,,,,0.0414,0.0414,41.311922,-105.581147,2022,12,8,12
West,Knight Hall,2022-12-08T13:00:00,,,,,,,,,,,41.311922,-105.581147,2022,12,8,13
West,Knight Hall,2022-12-08T14:00:00,60.0,70.0,,,,,,,0.0414,0.048299999999999996,41.311922,-105.581147,2022,12,8,14
West,Knight Hall,2022-12-08T15:00:00,70.0,80.0,,,,81.69,,,0.048299999999999996,0.0552,41.311922,-105.581147,2022,12,8,15
West,Knight Hall,2022-12-08T16:00:00,70.0,70.0,,,,70.46,,,0.048299999999999996,0.048299999999999996,41.311922,-105.581147,2022,12,8,16
West,Knight Hall,2022-12-08T17:00:00,40.0,60.0,,,,52.49999999999999,,,0.0276,0.0414,41.311922,-105.581147,2022,12,8,17
West,Knight Hall,2022-12-08T18:00:00,40.0,40.0,,,,1.88,,,0.0276,0.0276,41.311922,-105.581147,2022,12,8,18
West,Knight Hall,2022-12-08T19:00:00,30.0,40.0,,,,35.489999999999995,,,0.0207,0.0276,41.311922,-105.581147,2022,12,8,19
West,Knight Hall,2022-12-08T20:00:00,40.0,30.0,,,,17.42,,,0.0276,0.0207,41.311922,-105.581147,2022,12,8,20
West,Knight Hall,2022-12-08T21:00:00,30.0,30.0,,,,17.06,,,0.0207,0.0207,41.311922,-105.581147,2022,12,8,21
West,Knight Hall,2022-12-08T22:00:00,30.0,30.0,,,,0.48,,,0.0207,0.0207,41.311922,-105.581147,2022,12,8,22
West,Knight Hall,2022-12-08T23:00:00,30.0,30.0,,,,0.93,,,0.0207,0.0207,41.311922,-105.581147,2022,12,8,23
West,Knight Hall,2022-12-09T00:00:00,20.0,20.0,,,,1.17,,,0.0138,0.0138,41.311922,-105.581147,2022,12,9,0
West,Knight Hall,2022-12-09T01:00:00,30.0,30.0,,,,,,,0.0207,0.0207,41.311922,-105.581147,2022,12,9,1
West,Knight Hall,2022-12-09T02:00:00,30.0,20.0,,,,0.95,,,0.0207,0.0138,41.311922,-105.581147,2022,12,9,2
West,Knight Hall,2022-12-09T03:00:00,30.0,40.0,,,,,,,0.0207,0.0276,41.311922,-105.581147,2022,12,9,3
West,Knight Hall,2022-12-09T04:00:00,20.0,20.0,,,,2.28,,,0.0138,0.0138,41.311922,-105.581147,2022,12,9,4
West,Knight Hall,2022-12-09T05:00:00,40.0,30.0,,,,7.18,,,0.0276,0.0207,41.311922,-105.581147,2022,12,9,5
West,Knight Hall,2022-12-09T06:00:00,20.0,30.0,,,,21.56,,,0.0138,0.0207,41.311922,-105.581147,2022,12,9,6
West,Knight Hall,2022-12-09T07:00:00,60.0,50.0,,,,82.75,,,0.0414,0.034499999999999996,41.311922,-105.581147,2022,12,9,7
West,Knight Hall,2022-12-09T08:00:00,60.0,60.0,,,,119.51,,,0.0414,0.0414,41.311922,-105.581147,2022,12,9,8
West,Knight Hall,2022-12-09T09:00:00,,80.0,,,,105.67,,,,0.0552,41.311922,-105.581147,2022,12,9,9
West,Knight Hall,2022-12-09T10:00:00,60.0,80.0,,,,129.43,,,0.0414,0.0552,41.311922,-105.581147,2022,12,9,10
West,Knight Hall,2022-12-09T11:00:00,80.0,80.0,,,,99.44,,,0.0552,0.0552,41.311922,-105.581147,2022,12,9,11
West,Knight Hall,2022-12-09T12:00:00,60.0,70.0,,,,94.67,,,0.0414,0.048299999999999996,41.311922,-105.581147,2022,12,9,12
West,Knight Hall,2022-12-09T13:00:00,80.0,,,,,104.23,,,0.0552,,41.311922,-105.581147,2022,12,9,13
West,Knight Hall,2022-12-09T14:00:00,60.0,70.0,,,,66.26,,,0.0414,0.048299999999999996,41.311922,-105.581147,2022,12,9,14
West,Knight Hall,2022-12-09T15:00:00,,,,,,92.13,,,,,41.311922,-105.581147,2022,12,9,15
West,Knight Hall,2022-12-09T16:00:00,50.0,60.0,,,,51.53,,,0.034499999999999996,0.0414,41.311922,-105.581147,2022,12,9,16
West,Knight Hall,2022-12-09T17:00:00,50.0,60.0,,,,14.94,,,0.034499999999999996,0.0414,41.311922,-105.581147,2022,12,9,17
West,Knight Hall,2022-12-09T18:00:00,30.0,40.0,,,,39.52,,,0.0207,0.0276,41.311922,-105.581147,2022,12,9,18
West,Knight Hall,2022-12-09T19:00:00,40.0,40.0,,,,16.65,,,0.0276,0.0276,41.311922,-105.581147,2022,12,9,19
West,Knight Hall,2022-12-09T20:00:00,30.0,30.0,,,,6.84,,,0.0207,0.0207,41.311922,-105.581147,2022,12,9,20
West,Knight Hall,2022-12-09T21:00:00,30.0,40.0,,,,24.69,,,0.0207,0.0276,41.311922,-105.581147,2022,12,9,21
West,Knight Hall,2022-12-09T22:00:00,20.0,20.0,,,,0.91,,,0.0138,0.0138,41.311922,-105.581147,2022,12,9,22
West,Knight Hall,2022-12-09T23:00:00,30.0,30.0,,,,1.16,,,0.0207,0.0207,41.311922,-105.581147,2022,12,9,23
West,Knight Hall,2022-12-10T00:00:00,30.0,30.0,,,,0.91,,,0.0207,0.0207,41.311922,-105.581147,2022,12,10,0
West,Knight Hall,2022-12-10T01:00:00,20.0,30.0,,,,,,,0.0138,0.0207,41.311922,-105.581147,2022,12,10,1
West,Knight Hall,2022-12-10T02:00:00,30.0,30.0,,,,,,,0.0207,0.0207,41.311922,-105.581147,2022,12,10,2
West,Knight Hall,2022-12-10T03:00:00,30.0,40.0,,,,,,,0.0207,0.0276,41.311922,-105.581147,2022,12,10,3
West,Knight Hall,2022-12-10T04:00:00,20.0,20.0,,,,1.29,,,0.0138,0.0138,41.311922,-105.581147,2022,12,10,4
West,Knight Hall,2022-12-10T05:00:00,30.0,40.0,,,,1.98,,,0.0207,0.0276,41.311922,-105.581147,2022,12,10,5
West,Knight Hall,2022-12-10T06:00:00,20.0,30.0,,,,13.02,,,0.0138,0.0207,41.311922,-105.581147,2022,12,10,6
West,Knight Hall,2022-12-10T07:00:00,30.0,50.0,,,,54.830000000000005,,,0.0207,0.034499999999999996,41.311922,-105.581147,2022,12,10,7
West,Knight Hall,2022-12-10T08:00:00,30.0,60.0,,,,113.26,,,0.0207,0.0414,41.311922,-105.581147,2022,12,10,8
West,Knight Hall,2022-12-10T09:00:00,40.0,70.0,,,,154.38,,,0.0276,0.048299999999999996,41.311922,-105.581147,2022,12,10,9
West,Knight Hall,2022-12-10T10:00:00,20.0,80.0,,,,125.23,,,0.0138,0.0552,41.311922,-105.581147,2022,12,10,10
West,Knight Hall,2022-12-10T11:00:00,30.0,80.0,,,,90.27,,,0.0207,0.0552,41.311922,-105.581147,2022,12,10,11
West,Knight Hall,2022-12-10T12:00:00,30.0,60.0,,,,89.30999999999999,,,0.0207,0.0414,41.311922,-105.581147,2022,12,10,12
West,Knight Hall,2022-12-10T13:00:00,40.0,,,,,111.27,,,0.0276,,41.311922,-105.581147,2022,12,10,13
West,Knight Hall,2022-12-10T14:00:00,20.0,60.0,,,,90.15,,,0.0138,0.0414,41.311922,-105.581147,2022,12,10,14
West,Knight Hall,2022-12-10T15:00:00,40.0,80.0,,,,162.7,,,0.0276,0.0552,41.311922,-105.581147,2022,12,10,15
West,Knight Hall,2022-12-10T16:00:00,20.0,60.0,,,,134.89,,,0.0138,0.0414,41.311922,-105.581147,2022,12,10,16
West,Knight Hall,2022-12-10T17:00:00,30.0,50.0,,,,129.02,,,0.0207,0.034499999999999996,41.311922,-105.581147,2022,12,10,17
West,Knight Hall,2022-12-10T18:00:00,30.0,40.0,,,,,,,0.0207,0.0276,41.311922,-105.581147,2022,12,10,18
West,Knight Hall,2022-12-10T19:00:00,30.0,30.0,,,,,,,0.0207,0.0207,41.311922,-105.581147,2022,12,10,19
West,Knight Hall,2022-12-10T20:00:00,20.0,30.0,,,,,,,0.0138,0.0207,41.311922,-105.581147,2022,12,10,20
West,Knight Hall,2022-12-10T21:00:00,30.0,30.0,,,,,,,0.0207,0.0207,41.311922,-105.581147,2022,12,10,21
West,Knight Hall,2022-12-10T22:00:00,20.0,30.0,,,,,,,0.0138,0.0207,41.311922,-105.581147,2022,12,10,22
West,Knight Hall,2022-12-10T23:00:00,30.0,30.0,,,,,,,0.0207,0.0207,41.311922,-105.581147,2022,12,10,23
West,Knight Hall,2022-12-11T00:00:00,30.0,30.0,,,,,,,0.0207,0.0207,41.311922,-105.581147,2022,12,11,0
West,Knight Hall,2022-12-11T01:00:00,30.0,20.0,,,,,,,0.0207,0.0138,41.311922,-105.581147,2022,12,11,1
West,Knight Hall,2022-12-11T02:00:00,20.0,30.0,,,,,,,0.0138,0.0207,41.311922,-105.581147,2022,12,11,2
West,Knight Hall,2022-12-11T03:00:00,30.0,30.0,,,,,,,0.0207,0.0207,41.311922,-105.581147,2022,12,11,3
West,Knight Hall,2022-12-11T04:00:00,20.0,30.0,,,,,,,0.0138,0.0207,41.311922,-105.581147,2022,12,11,4
West,Knight Hall,2022-12-11T05:00:00,30.0,30.0,,,,,,,0.0207,0.0207,41.311922,-105.581147,2022,12,11,5
West,Knight Hall,2022-12-11T06:00:00,30.0,20.0,,,,,,,0.0207,0.0138,41.311922,-105.581147,2022,12,11,6
West,Knight Hall,2022-12-11T07:00:00,30.0,30.0,,,,,,,0.0207,0.0207,41.311922,-105.581147,2022,12,11,7
West,Knight Hall,2022-12-11T08:00:00,30.0,30.0,,,,,,,0.0207,0.0207,41.311922,-105.581147,2022,12,11,8
West,Knight Hall,2022-12-11T09:00:00,20.0,40.0,,,,,,,0.0138,0.0276,41.311922,-105.581147,2022,12,11,9
West,Knight Hall,2022-12-11T10:00:00,30.0,30.0,,,,,,,0.0207,0.0207,41.311922,-105.581147,2022,12,11,10
West,Knight Hall,2022-12-11T11:00:00,40.0,40.0,,,,,,,0.0276,0.0276,41.311922,-105.581147,2022,12,11,11
West,Knight Hall,2022-12-11T12:00:00,20.0,30.0,,,,,,,0.0138,0.0207,41.311922,-105.581147,2022,12,11,12
West,Knight Hall,2022-12-11T13:00:00,30.0,40.0,,,,,,,0.0207,0.0276,41.311922,-105.581147,2022,12,11,13
West,Knight Hall,2022-12-11T14:00:00,30.0,20.0,,,,,,,0.0207,0.0138,41.311922,-105.581147,2022,12,11,14
West,Knight Hall,2022-12-11T15:00:00,30.0,40.0,,,,,,,0.0207,0.0276,41.311922,-105.581147,2022,12,11,15
West,Knight Hall,2022-12-11T16:00:00,30.0,30.0,,,,,,,0.0207,0.0207,41.311922,-105.581147,2022,12,11,16
West,Knight Hall,2022-12-11T17:00:00,30.0,30.0,,,,,,,0.0207,0.0207,41.311922,-105.581147,2022,12,11,17
West,Knight Hall,2022-12-11T18:00:00,30.0,20.0,,,,,,,0.0207,0.0138,41.311922,-105.581147,2022,12,11,18
West,Knight Hall,2022-12-11T19:00:00,30.0,40.0,,,,,,,0.0207,0.0276,41.311922,-105.581147,2022,12,11,19
West,Knight Hall,2022-12-11T20:00:00,20.0,20.0,,,,,,,0.0138,0.0138,41.311922,-105.581147,2022,12,11,20
West,Knight Hall,2022-12-11T21:00:00,30.0,40.0,,,,,,,0.0207,0.0276,41.311922,-105.581147,2022,12,11,21
West,Knight Hall,2022-12-11T22:00:00,20.0,20.0,,,,,,,0.0138,0.0138,41.311922,-105.581147,2022,12,11,22
West,Knight Hall,2022-12-11T23:00:00,30.0,30.0,,,,,,,0.0207,0.0207,41.311922,-105.581147,2022,12,11,23
West,Knight Hall,2022-12-12T00:00:00,30.0,30.0,,,,,,,0.0207,0.0207,41.311922,-105.581147,2022,12,12,0
West,Knight Hall,2022-12-12T01:00:00,30.0,30.0,,,,,,,0.0207,0.0207,41.311922,-105.581147,2022,12,12,1
West,Knight Hall,2022-12-12T02:00:00,20.0,20.0,,,,,,,0.0138,0.0138,41.311922,-105.581147,2022,12,12,2
West,Knight Hall,2022-12-12T03:00:00,30.0,40.0,,,,,,,0.0207,0.0276,41.311922,-105.581147,2022,12,12,3
West,Knight Hall,2022-12-12T04:00:00,30.0,20.0,,,,,,,0.0207,0.0138,41.311922,-105.581147,2022,12,12,4
West,Knight Hall,2022-12-12T05:00:00,30.0,30.0,,,,,,,0.0207,0.0207,41.311922,-105.581147,2022,12,12,5
West,Knight Hall,2022-12-12T06:00:00,30.0,30.0,,,,,,,0.0207,0.0207,41.311922,-105.581147,2022,12,12,6
West,Knight Hall,2022-12-12T07:00:00,60.0,30.0,,,,,,,0.0414,0.0207,41.311922,-105.581147,2022,12,12,7
West,Knight Hall,2022-12-12T08:00:00,80.0,30.0,,,,,,,0.0552,0.0207,41.311922,-105.581147,2022,12,12,8
West,Knight Hall,2022-12-12T09:00:00,,30.0,,,,,,,,0.0207,41.311922,-105.581147,2022,12,12,9
West,Knight Hall,2022-12-12T10:00:00,60.0,30.0,,,,,,,0.0414,0.0207,41.311922,-105.581147,2022,12,12,10
West,Knight Hall,2022-12-12T11:00:00,,40.0,,,,,,,,0.0276,41.311922,-105.581147,2022,12,12,11
West,Knight Hall,2022-12-12T12:00:00,60.0,20.0,,,,,,,0.0414,0.0138,41.311922,-105.581147,2022,12,12,12
West,Knight Hall,2022-12-12T13:00:00,,40.0,,,,,,,,0.0276,41.311922,-105.581147,2022,12,12,13
West,Knight Hall,2022-12-12T14:00:00,60.0,20.0,,,,,,,0.0414,0.0138,41.311922,-105.581147,2022,12,12,14
West,Knight Hall,2022-12-12T15:00:00,80.0,40.0,,,,,,,0.0552,0.0276,41.311922,-105.581147,2022,12,12,15
West,Knight Hall,2022-12-12T16:00:00,80.0,30.0,,,,,,,0.0552,0.0207,41.311922,-105.581147,2022,12,12,16
West,Knight Hall,2022-12-12T17:00:00,50.0,30.0,,,,,,,0.034499999999999996,0.0207,41.311922,-105.581147,2022,12,12,17
West,Knight Hall,2022-12-12T18:00:00,40.0,30.0,,,,,,,0.0276,0.0207,41.311922,-105.581147,2022,12,12,18
West,Knight Hall,2022-12-12T19:00:00,40.0,20.0,,,,,,,0.0276,0.0138,41.311922,-105.581147,2022,12,12,19
West,Knight Hall,2022-12-12T20:00:00,30.0,30.0,,,,,,,0.0207,0.0207,41.311922,-105.581147,2022,12,12,20
West,Knight Hall,2022-12-12T21:00:00,30.0,40.0,,,,,,,0.0207,0.0276,41.311922,-105.581147,2022,12,12,21
West,Knight Hall,2022-12-12T22:00:00,30.0,20.0,,,,,,,0.0207,0.0138,41.311922,-105.581147,2022,12,12,22
West,Knight Hall,2022-12-12T23:00:00,30.0,30.0,,,,,,,0.0207,0.0207,41.311922,-105.581147,2022,12,12,23
West,Knight Hall,2022-12-13T00:00:00,30.0,30.0,,,,,,,0.0207,0.0207,41.311922,-105.581147,2022,12,13,0
West,Knight Hall,2022-12-13T01:00:00,20.0,30.0,,,,,,,0.0138,0.0207,41.311922,-105.581147,2022,12,13,1
West,Knight Hall,2022-12-13T02:00:00,30.0,20.0,,,,,,,0.0207,0.0138,41.311922,-105.581147,2022,12,13,2
West,Knight Hall,2022-12-13T03:00:00,30.0,40.0,,,,,,,0.0207,0.0276,41.311922,-105.581147,2022,12,13,3
West,Knight Hall,2022-12-13T04:00:00,20.0,30.0,,,,,,,0.0138,0.0207,41.311922,-105.581147,2022,12,13,4
West,Knight Hall,2022-12-13T05:00:00,30.0,30.0,,,,,,,0.0207,0.0207,41.311922,-105.581147,2022,12,13,5
West,Knight Hall,2022-12-13T06:00:00,40.0,30.0,,,,,,,0.0276,0.0207,41.311922,-105.581147,2022,12,13,6
West,Knight Hall,2022-12-13T07:00:00,60.0,50.0,,,,,,,0.0414,0.034499999999999996,41.311922,-105.581147,2022,12,13,7
West,Knight Hall,2022-12-13T08:00:00,70.0,80.0,,,,,,,0.048299999999999996,0.0552,41.311922,-105.581147,2022,12,13,8
West,Knight Hall,2022-12-13T09:00:00,80.0,,,,,112.7,,,0.0552,,41.311922,-105.581147,2022,12,13,9
West,Knight Hall,2022-12-13T10:00:00,80.0,70.0,,,,125.07,,,0.0552,0.048299999999999996,41.311922,-105.581147,2022,12,13,10
West,Knight Hall,2022-12-13T11:00:00,,,,,,,,,,,41.311922,-105.581147,2022,12,13,11
West,Knight Hall,2022-12-13T12:00:00,60.0,70.0,,,,,,,0.0414,0.048299999999999996,41.311922,-105.581147,2022,12,13,12
West,Knight Hall,2022-12-13T13:00:00,,,,,,105.37,,,,,41.311922,-105.581147,2022,12,13,13
West,Knight Hall,2022-12-13T14:00:00,70.0,70.0,,,,97.99,,,0.048299999999999996,0.048299999999999996,41.311922,-105.581147,2022,12,13,14
West,Knight Hall,2022-12-13T15:00:00,80.0,,,,,77.86,,,0.0552,,41.311922,-105.581147,2022,12,13,15
West,Knight Hall,2022-12-13T16:00:00,60.0,60.0,,,,50.39,,,0.0414,0.0414,41.311922,-105.581147,2022,12,13,16
West,Knight Hall,2022-12-13T17:00:00,60.0,50.0,,,,54.27,,,0.0414,0.034499999999999996,41.311922,-105.581147,2022,12,13,17
West,Knight Hall,2022-12-13T18:00:00,30.0,40.0,,,,15.03,,,0.0207,0.0276,41.311922,-105.581147,2022,12,13,18
West,Knight Hall,2022-12-13T19:00:00,40.0,40.0,,,,8.41,,,0.0276,0.0276,41.311922,-105.581147,2022,12,13,19
West,Knight Hall,2022-12-13T20:00:00,30.0,30.0,,,,7.63,,,0.0207,0.0207,41.311922,-105.581147,2022,12,13,20
West,Knight Hall,2022-12-13T21:00:00,40.0,30.0,,,,7.699999999999999,,,0.0276,0.0207,41.311922,-105.581147,2022,12,13,21
West,Knight Hall,2022-12-13T22:00:00,20.0,30.0,,,,1.19,,,0.0138,0.0207,41.311922,-105.581147,2022,12,13,22
West,Knight Hall,2022-12-13T23:00:00,40.0,30.0,,,,0.91,,,0.0276,0.0207,41.311922,-105.581147,2022,12,13,23
West,Knight Hall,2022-12-14T00:00:00,20.0,20.0,,,,,,,0.0138,0.0138,41.311922,-105.581147,2022,12,14,0
West,Knight Hall,2022-12-14T01:00:00,40.0,30.0,,,,0.02,,,0.0276,0.0207,41.311922,-105.581147,2022,12,14,1
West,Knight Hall,2022-12-14T02:00:00,20.0,20.0,,,,0.91,,,0.0138,0.0138,41.311922,-105.581147,2022,12,14,2
West,Knight Hall,2022-12-14T03:00:00,30.0,40.0,,,,,,,0.0207,0.0276,41.311922,-105.581147,2022,12,14,3
West,Knight Hall,2022-12-14T04:00:00,30.0,20.0,,,,1.19,,,0.0207,0.0138,41.311922,-105.581147,2022,12,14,4
West,Knight Hall,2022-12-14T05:00:00,30.0,40.0,,,,11.26,,,0.0207,0.0276,41.311922,-105.581147,2022,12,14,5
West,Knight Hall,2022-12-14T06:00:00,30.0,20.0,,,,20.78,,,0.0207,0.0138,41.311922,-105.581147,2022,12,14,6
West,Knight Hall,2022-12-14T07:00:00,50.0,60.0,,,,84.2,,,0.034499999999999996,0.0414,41.311922,-105.581147,2022,12,14,7
West,Knight Hall,2022-12-14T08:00:00,70.0,70.0,,,,120.01,,,0.048299999999999996,0.048299999999999996,41.311922,-105.581147,2022,12,14,8
West,Knight Hall,2022-12-14T09:00:00,80.0,,,,,150.3,,,0.0552,,41.311922,-105.581147,2022,12,14,9
West,Knight Hall,2022-12-14T10:00:00,80.0,70.0,,,,123.8,,,0.0552,0.048299999999999996,41.311922,-105.581147,2022,12,14,10
West,Knight Hall,2022-12-14T11:00:00,,,,,,91.44,,,,,41.311922,-105.581147,2022,12,14,11
West,Knight Hall,2022-12-14T12:00:00,60.0,60.0,,,,85.98,,,0.0414,0.0414,41.311922,-105.581147,2022,12,14,12
West,Knight Hall,2022-12-14T13:00:00,80.0,,,,,87.08,,,0.0552,,41.311922,-105.581147,2022,12,14,13
West,Knight Hall,2022-12-14T14:00:00,80.0,60.0,,,,79.32,,,0.0552,0.0414,41.311922,-105.581147,2022,12,14,14
West,Knight Hall,2022-12-14T15:00:00,70.0,,,,,91.78,,,0.048299999999999996,,41.311922,-105.581147,2022,12,14,15
West,Knight Hall,2022-12-14T16:00:00,70.0,70.0,,,,40.69,,,0.048299999999999996,0.048299999999999996,41.311922,-105.581147,2022,12,14,16
West,Knight Hall,2022-12-14T17:00:00,50.0,50.0,,,,48.66,,,0.034499999999999996,0.034499999999999996,41.311922,-105.581147,2022,12,14,17
West,Knight Hall,2022-12-14T18:00:00,40.0,40.0,,,,1.14,,,0.0276,0.0276,41.311922,-105.581147,2022,12,14,18
West,Knight Hall,2022-12-14T19:00:00,40.0,40.0,,,,26.110000000000003,,,0.0276,0.0276,41.311922,-105.581147,2022,12,14,19
West,Knight Hall,2022-12-14T20:00:00,40.0,20.0,,,,10.29,,,0.0276,0.0138,41.311922,-105.581147,2022,12,14,20
West,Knight Hall,2022-12-14T21:00:00,30.0,40.0,,,,8.75,,,0.0207,0.0276,41.311922,-105.581147,2022,12,14,21
West,Knight Hall,2022-12-14T22:00:00,30.0,20.0,,,,3.41,,,0.0207,0.0138,41.311922,-105.581147,2022,12,14,22
West,Knight Hall,2022-12-14T23:00:00,30.0,40.0,,,,0.0699999999999999,,,0.0207,0.0276,41.311922,-105.581147,2022,12,14,23
West,Knight Hall,2022-12-15T00:00:00,30.0,20.0,,,,0.17,,,0.0207,0.0138,41.311922,-105.581147,2022,12,15,0
West,Knight Hall,2022-12-15T01:00:00,20.0,30.0,,,,0.11,,,0.0138,0.0207,41.311922,-105.581147,2022,12,15,1
West,Knight Hall,2022-12-15T02:00:00,30.0,20.0,,,,1.03,,,0.0207,0.0138,41.311922,-105.581147,2022,12,15,2
West,Knight Hall,2022-12-15T03:00:00,30.0,30.0,,,,1.27,,,0.0207,0.0207,41.311922,-105.581147,2022,12,15,3
West,Knight Hall,2022-12-15T04:00:00,20.0,30.0,,,,0.04,,,0.0138,0.0207,41.311922,-105.581147,2022,12,15,4
West,Knight Hall,2022-12-15T05:00:00,30.0,30.0,,,,30.32,,,0.0207,0.0207,41.311922,-105.581147,2022,12,15,5
West,Knight Hall,2022-12-15T06:00:00,30.0,30.0,,,,28.91,,,0.0207,0.0207,41.311922,-105.581147,2022,12,15,6
West,Knight Hall,2022-12-15T07:00:00,60.0,60.0,,,,85.96,,,0.0414,0.0414,41.311922,-105.581147,2022,12,15,7
West,Knight Hall,2022-12-15T08:00:00,70.0,70.0,,,,117.42,,,0.048299999999999996,0.048299999999999996,41.311922,-105.581147,2022,12,15,8
West,Knight Hall,2022-12-15T09:00:00,80.0,,,,,138.83,,,0.0552,,41.311922,-105.581147,2022,12,15,9
West,Knight Hall,2022-12-15T10:00:00,80.0,70.0,,,,118.2,,,0.0552,0.048299999999999996,41.311922,-105.581147,2022,12,15,10
West,Knight Hall,2022-12-15T11:00:00,80.0,80.0,,,,73.82,,,0.0552,0.0552,41.311922,-105.581147,2022,12,15,11
West,Knight Hall,2022-12-15T12:00:00,80.0,80.0,,,,99.01,,,0.0552,0.0552,41.311922,-105.581147,2022,12,15,12
West,Knight Hall,2022-12-15T13:00:00,70.0,,,,,100.73,,,0.048299999999999996,,41.311922,-105.581147,2022,12,15,13
West,Knight Hall,2022-12-15T14:00:00,80.0,60.0,,,,159.92,,,0.0552,0.0414,41.311922,-105.581147,2022,12,15,14
West,Knight Hall,2022-12-15T15:00:00,70.0,,,,,107.44,,,0.048299999999999996,,41.311922,-105.581147,2022,12,15,15
West,Knight Hall,2022-12-15T16:00:00,80.0,60.0,,,,69.12,,,0.0552,0.0414,41.311922,-105.581147,2022,12,15,16
West,Knight Hall,2022-12-15T17:00:00,40.0,60.0,,,,28.76,,,0.0276,0.0414,41.311922,-105.581147,2022,12,15,17
West,Knight Hall,2022-12-15T18:00:00,40.0,40.0,,,,2.46,,,0.0276,0.0276,41.311922,-105.581147,2022,12,15,18
West,Knight Hall,2022-12-15T19:00:00,40.0,40.0,,,,30.380000000000003,,,0.0276,0.0276,41.311922,-105.581147,2022,12,15,19
West,Knight Hall,2022-12-15T20:00:00,30.0,30.0,,,,12.68,,,0.0207,0.0207,41.311922,-105.581147,2022,12,15,20
West,Knight Hall,2022-12-15T21:00:00,40.0,40.0,,,,7.96,,,0.0276,0.0276,41.311922,-105.581147,2022,12,15,21
West,Knight Hall,2022-12-15T22:00:00,30.0,30.0,,,,0.02,,,0.0207,0.0207,41.311922,-105.581147,2022,12,15,22
West,Knight Hall,2022-12-15T23:00:00,20.0,30.0,,,,1.17,,,0.0138,0.0207,41.311922,-105.581147,2022,12,15,23
West,Knight Hall,2022-12-16T00:00:00,30.0,20.0,,,,0.04,,,0.0207,0.0138,41.311922,-105.581147,2022,12,16,0
West,Knight Hall,2022-12-16T01:00:00,30.0,40.0,,,,0.95,,,0.0207,0.0276,41.311922,-105.581147,2022,12,16,1
West,Knight Hall,2022-12-16T02:00:00,20.0,20.0,,,,0.37,,,0.0138,0.0138,41.311922,-105.581147,2022,12,16,2
West,Knight Hall,2022-12-16T03:00:00,30.0,30.0,,,,0.8200000000000001,,,0.0207,0.0207,41.311922,-105.581147,2022,12,16,3
West,Knight Hall,2022-12-16T04:00:00,30.0,30.0,,,,,,,0.0207,0.0207,41.311922,-105.581147,2022,12,16,4
West,Knight Hall,2022-12-16T05:00:00,30.0,30.0,,,,5.48,,,0.0207,0.0207,41.311922,-105.581147,2022,12,16,5
West,Knight Hall,2022-12-16T06:00:00,30.0,30.0,,,,35.27,,,0.0207,0.0207,41.311922,-105.581147,2022,12,16,6
West,Knight Hall,2022-12-16T07:00:00,40.0,60.0,,,,48.38,,,0.0276,0.0414,41.311922,-105.581147,2022,12,16,7
West,Knight Hall,2022-12-16T08:00:00,80.0,60.0,,,,111.96999999999998,,,0.0552,0.0414,41.311922,-105.581147,2022,12,16,8
West,Knight Hall,2022-12-16T09:00:00,80.0,80.0,,,,118.17,,,0.0552,0.0552,41.311922,-105.581147,2022,12,16,9
West,Knight Hall,2022-12-16T10:00:00,70.0,80.0,,,,153.45,,,0.048299999999999996,0.0552,41.311922,-105.581147,2022,12,16,10
West,Knight Hall,2022-12-16T11:00:00,80.0,80.0,,,,,,,0.0552,0.0552,41.311922,-105.581147,2022,12,16,11
West,Knight Hall,2022-12-16T12:00:00,70.0,70.0,,,,94.93,,,0.048299999999999996,0.048299999999999996,41.311922,-105.581147,2022,12,16,12
West,Knight Hall,2022-12-16T13:00:00,70.0,,,,,110.8,,,0.048299999999999996,,41.311922,-105.581147,2022,12,16,13
West,Knight Hall,2022-12-16T14:00:00,80.0,60.0,,,,,,,0.0552,0.0414,41.311922,-105.581147,2022,12,16,14
West,Knight Hall,2022-12-16T15:00:00,70.0,,,,,,,,0.048299999999999996,,41.311922,-105.581147,2022,12,16,15
West,Knight Hall,2022-12-16T16:00:00,60.0,60.0,,,,,,,0.0414,0.0414,41.311922,-105.581147,2022,12,16,16
West,Knight Hall,2022-12-16T17:00:00,50.0,60.0,,,,107.07,,,0.034499999999999996,0.0414,41.311922,-105.581147,2022,12,16,17
West,Knight Hall,2022-12-16T18:00:00,40.0,30.0,,,,12.23,,,0.0276,0.0207,41.311922,-105.581147,2022,12,16,18
West,Knight Hall,2022-12-16T19:00:00,40.0,50.0,,,,38.79,,,0.0276,0.034499999999999996,41.311922,-105.581147,2022,12,16,19
West,Knight Hall,2022-12-16T20:00:00,30.0,30.0,,,,12.1,,,0.0207,0.0207,41.311922,-105.581147,2022,12,16,20
West,Knight Hall,2022-12-16T21:00:00,30.0,40.0,,,,26.410000000000004,,,0.0207,0.0276,41.311922,-105.581147,2022,12,16,21
West,Knight Hall,2022-12-16T22:00:00,30.0,30.0,,,,10.01,,,0.0207,0.0207,41.311922,-105.581147,2022,12,16,22
West,Knight Hall,2022-12-16T23:00:00,30.0,30.0,,,,5.59,,,0.0207,0.0207,41.311922,-105.581147,2022,12,16,23
West,Knight Hall,2022-12-17T00:00:00,20.0,20.0,,,,5.84,,,0.0138,0.0138,41.311922,-105.581147,2022,12,17,0
West,Knight Hall,2022-12-17T01:00:00,30.0,40.0,,,,3.51,,,0.0207,0.0276,41.311922,-105.581147,2022,12,17,1
West,Knight Hall,2022-12-17T02:00:00,20.0,20.0,,,,4.699999999999999,,,0.0138,0.0138,41.311922,-105.581147,2022,12,17,2
West,Knight Hall,2022-12-17T03:00:00,30.0,30.0,,,,5.56,,,0.0207,0.0207,41.311922,-105.581147,2022,12,17,3
West,Knight Hall,2022-12-17T04:00:00,30.0,30.0,,,,4.51,,,0.0207,0.0207,41.311922,-105.581147,2022,12,17,4
West,Knight Hall,2022-12-17T05:00:00,20.0,30.0,,,,8.28,,,0.0138,0.0207,41.311922,-105.581147,2022,12,17,5
West,Knight Hall,2022-12-17T06:00:00,30.0,30.0,,,,38.51,,,0.0207,0.0207,41.311922,-105.581147,2022,12,17,6
West,Knight Hall,2022-12-17T07:00:00,30.0,60.0,,,,69.81,,,0.0207,0.0414,41.311922,-105.581147,2022,12,17,7
West,Knight Hall,2022-12-17T08:00:00,30.0,70.0,,,,144.59,,,0.0207,0.048299999999999996,41.311922,-105.581147,2022,12,17,8
West,Knight Hall,2022-12-17T09:00:00,30.0,70.0,,,,125.94,,,0.0207,0.048299999999999996,41.311922,-105.581147,2022,12,17,9
West,Knight Hall,2022-12-17T10:00:00,30.0,80.0,,,,92.6,,,0.0207,0.0552,41.311922,-105.581147,2022,12,17,10
West,Knight Hall,2022-12-17T11:00:00,30.0,,,,,159.72,,,0.0207,,41.311922,-105.581147,2022,12,17,11
West,Knight Hall,2022-12-17T12:00:00,30.0,60.0,,,,148.27,,,0.0207,0.0414,41.311922,-105.581147,2022,12,17,12
West,Knight Hall,2022-12-17T13:00:00,30.0,,,,,,,,0.0207,,41.311922,-105.581147,2022,12,17,13
West,Knight Hall,2022-12-17T14:00:00,30.0,70.0,,,,,,,0.0207,0.048299999999999996,41.311922,-105.581147,2022,12,17,14
West,Knight Hall,2022-12-17T15:00:00,30.0,80.0,,,,102.85,,,0.0207,0.0552,41.311922,-105.581147,2022,12,17,15
West,Knight Hall,2022-12-17T16:00:00,20.0,60.0,,,,47.3,,,0.0138,0.0414,41.311922,-105.581147,2022,12,17,16
West,Knight Hall,2022-12-17T17:00:00,30.0,50.0,,,,8.19,,,0.0207,0.034499999999999996,41.311922,-105.581147,2022,12,17,17
West,Knight Hall,2022-12-17T18:00:00,20.0,30.0,,,,13.52,,,0.0138,0.0207,41.311922,-105.581147,2022,12,17,18
West,Knight Hall,2022-12-17T19:00:00,30.0,50.0,,,,3.52,,,0.0207,0.034499999999999996,41.311922,-105.581147,2022,12,17,19
West,Knight Hall,2022-12-17T20:00:00,30.0,20.0,,,,13.52,,,0.0207,0.0138,41.311922,-105.581147,2022,12,17,20
West,Knight Hall,2022-12-17T21:00:00,20.0,40.0,,,,5.37,,,0.0138,0.0276,41.311922,-105.581147,2022,12,17,21
West,Knight Hall,2022-12-17T22:00:00,30.0,20.0,,,,6.300000000000001,,,0.0207,0.0138,41.311922,-105.581147,2022,12,17,22
West,Knight Hall,2022-12-17T23:00:00,20.0,30.0,,,,6.25,,,0.0138,0.0207,41.311922,-105.581147,2022,12,17,23
West,Knight Hall,2022-12-18T00:00:00,30.0,20.0,,,,5.2,,,0.0207,0.0138,41.311922,-105.581147,2022,12,18,0
West,Knight Hall,2022-12-18T01:00:00,20.0,30.0,,,,4.98,,,0.0138,0.0207,41.311922,-105.581147,2022,12,18,1
West,Knight Hall,2022-12-18T02:00:00,30.0,30.0,,,,3.67,,,0.0207,0.0207,41.311922,-105.581147,2022,12,18,2
West,Knight Hall,2022-12-18T03:00:00,30.0,30.0,,,,1.79,,,0.0207,0.0207,41.311922,-105.581147,2022,12,18,3
West,Knight Hall,2022-12-18T04:00:00,20.0,20.0,,,,5.33,,,0.0138,0.0138,41.311922,-105.581147,2022,12,18,4
West,Knight Hall,2022-12-18T05:00:00,30.0,30.0,,,,5.22,,,0.0207,0.0207,41.311922,-105.581147,2022,12,18,5
West,Knight Hall,2022-12-18T06:00:00,20.0,20.0,,,,0.71,,,0.0138,0.0138,41.311922,-105.581147,2022,12,18,6
West,Knight Hall,2022-12-18T07:00:00,30.0,40.0,,,,1.12,,,0.0207,0.0276,41.311922,-105.581147,2022,12,18,7
West,Knight Hall,2022-12-18T08:00:00,30.0,20.0,,,,3.0,,,0.0207,0.0138,41.311922,-105.581147,2022,12,18,8
West,Knight Hall,2022-12-18T09:00:00,30.0,40.0,,,,1.12,,,0.0207,0.0276,41.311922,-105.581147,2022,12,18,9
West,Knight Hall,2022-12-18T10:00:00,20.0,20.0,,,,2.63,,,0.0138,0.0138,41.311922,-105.581147,2022,12,18,10
West,Knight Hall,2022-12-18T11:00:00,30.0,40.0,,,,1.03,,,0.0207,0.0276,41.311922,-105.581147,2022,12,18,11
West,Knight Hall,2022-12-18T12:00:00,30.0,20.0,,,,1.68,,,0.0207,0.0138,41.311922,-105.581147,2022,12,18,12
West,Knight Hall,2022-12-18T13:00:00,30.0,30.0,,,,1.19,,,0.0207,0.0207,41.311922,-105.581147,2022,12,18,13
West,Knight Hall,2022-12-18T14:00:00,20.0,30.0,,,,0.69,,,0.0138,0.0207,41.311922,-105.581147,2022,12,18,14
West,Knight Hall,2022-12-18T15:00:00,30.0,30.0,,,,7.869999999999999,,,0.0207,0.0207,41.311922,-105.581147,2022,12,18,15
West,Knight Hall,2022-12-18T16:00:00,30.0,20.0,,,,1.88,,,0.0207,0.0138,41.311922,-105.581147,2022,12,18,16
West,Knight Hall,2022-12-18T17:00:00,30.0,40.0,,,,1.66,,,0.0207,0.0276,41.311922,-105.581147,2022,12,18,17
West,Knight Hall,2022-12-18T18:00:00,20.0,20.0,,,,5.67,,,0.0138,0.0138,41.311922,-105.581147,2022,12,18,18
West,Knight Hall,2022-12-18T19:00:00,30.0,30.0,,,,0.62,,,0.0207,0.0207,41.311922,-105.581147,2022,12,18,19
West,Knight Hall,2022-12-18T20:00:00,30.0,20.0,,,,0.04,,,0.0207,0.0138,41.311922,-105.581147,2022,12,18,20
West,Knight Hall,2022-12-18T21:00:00,20.0,30.0,,,,0.06,,,0.0138,0.0207,41.311922,-105.581147,2022,12,18,21
West,Knight Hall,2022-12-18T22:00:00,30.0,20.0,,,,0.04,,,0.0207,0.0138,41.311922,-105.581147,2022,12,18,22
West,Knight Hall,2022-12-18T23:00:00,20.0,40.0,,,,0.07,,,0.0138,0.0276,41.311922,-105.581147,2022,12,18,23
West,Knight Hall,2022-12-19T00:00:00,30.0,20.0,,,,0.84,,,0.0207,0.0138,41.311922,-105.581147,2022,12,19,0
West,Knight Hall,2022-12-19T01:00:00,20.0,30.0,,,,1.4,,,0.0138,0.0207,41.311922,-105.581147,2022,12,19,1
West,Knight Hall,2022-12-19T02:00:00,30.0,20.0,,,,1.4,,,0.0207,0.0138,41.311922,-105.581147,2022,12,19,2
West,Knight Hall,2022-12-19T03:00:00,30.0,30.0,,,,0.43,,,0.0207,0.0207,41.311922,-105.581147,2022,12,19,3
West,Knight Hall,2022-12-19T04:00:00,20.0,30.0,,,,0.19,,,0.0138,0.0207,41.311922,-105.581147,2022,12,19,4
West,Knight Hall,2022-12-19T05:00:00,30.0,30.0,,,,0.39,,,0.0207,0.0207,41.311922,-105.581147,2022,12,19,5
West,Knight Hall,2022-12-19T06:00:00,30.0,20.0,,,,0.19,,,0.0207,0.0138,41.311922,-105.581147,2022,12,19,6
West,Knight Hall,2022-12-19T07:00:00,40.0,30.0,,,,0.02,,,0.0276,0.0207,41.311922,-105.581147,2022,12,19,7
West,Knight Hall,2022-12-19T08:00:00,80.0,30.0,,,,0.02,,,0.0552,0.0207,41.311922,-105.581147,2022,12,19,8
West,Knight Hall,2022-12-19T09:00:00,70.0,30.0,,,,0.39,,,0.048299999999999996,0.0207,41.311922,-105.581147,2022,12,19,9
West,Knight Hall,2022-12-19T10:00:00,80.0,20.0,,,,0.91,,,0.0552,0.0138,41.311922,-105.581147,2022,12,19,10
West,Knight Hall,2022-12-19T11:00:00,70.0,40.0,,,,1.62,,,0.048299999999999996,0.0276,41.311922,-105.581147,2022,12,19,11
West,Knight Hall,2022-12-19T12:00:00,70.0,20.0,,,,0.52,,,0.048299999999999996,0.0138,41.311922,-105.581147,2022,12,19,12
West,Knight Hall,2022-12-19T13:00:00,70.0,30.0,,,,0.32,,,0.048299999999999996,0.0207,41.311922,-105.581147,2022,12,19,13
West,Knight Hall,2022-12-19T14:00:00,70.0,30.0,,,,0.0699999999999999,,,0.048299999999999996,0.0207,41.311922,-105.581147,2022,12,19,14
West,Knight Hall,2022-12-19T15:00:00,70.0,30.0,,,,0.06,,,0.048299999999999996,0.0207,41.311922,-105.581147,2022,12,19,15
West,Knight Hall,2022-12-19T16:00:00,70.0,20.0,,,,0.9,,,0.048299999999999996,0.0138,41.311922,-105.581147,2022,12,19,16
West,Knight Hall,2022-12-19T17:00:00,40.0,30.0,,,,0.26,,,0.0276,0.0207,41.311922,-105.581147,2022,12,19,17
West,Knight Hall,2022-12-19T18:00:00,40.0,20.0,,,,0.1699999999999999,,,0.0276,0.0138,41.311922,-105.581147,2022,12,19,18
West,Knight Hall,2022-12-19T19:00:00,40.0,30.0,,,,3.49,,,0.0276,0.0207,41.311922,-105.581147,2022,12,19,19
West,Knight Hall,2022-12-19T20:00:00,30.0,30.0,,,,,,,0.0207,0.0207,41.311922,-105.581147,2022,12,19,20
West,Knight Hall,2022-12-19T21:00:00,40.0,30.0,,,,,,,0.0276,0.0207,41.311922,-105.581147,2022,12,19,21
West,Knight Hall,2022-12-19T22:00:00,30.0,20.0,,,,1.29,,,0.0207,0.0138,41.311922,-105.581147,2022,12,19,22
West,Knight Hall,2022-12-19T23:00:00,20.0,30.0,,,,0.06,,,0.0138,0.0207,41.311922,-105.581147,2022,12,19,23
West,Knight Hall,2022-12-20T00:00:00,30.0,20.0,,,,,,,0.0207,0.0138,41.311922,-105.581147,2022,12,20,0
West,Knight Hall,2022-12-20T01:00:00,30.0,30.0,,,,,,,0.0207,0.0207,41.311922,-105.581147,2022,12,20,1
West,Knight Hall,2022-12-20T02:00:00,20.0,30.0,,,,,,,0.0138,0.0207,41.311922,-105.581147,2022,12,20,2
West,Knight Hall,2022-12-20T03:00:00,30.0,30.0,,,,0.15,,,0.0207,0.0207,41.311922,-105.581147,2022,12,20,3
West,Knight Hall,2022-12-20T04:00:00,30.0,20.0,,,,7.24,,,0.0207,0.0138,41.311922,-105.581147,2022,12,20,4
West,Knight Hall,2022-12-20T05:00:00,30.0,40.0,,,,1.98,,,0.0207,0.0276,41.311922,-105.581147,2022,12,20,5
West,Knight Hall,2022-12-20T06:00:00,30.0,20.0,,,,19.12,,,0.0207,0.0138,41.311922,-105.581147,2022,12,20,6
West,Knight Hall,2022-12-20T07:00:00,40.0,50.0,,,,76.78,,,0.0276,0.034499999999999996,41.311922,-105.581147,2022,12,20,7
West,Knight Hall,2022-12-20T08:00:00,70.0,60.0,,,,122.08,,,0.048299999999999996,0.0414,41.311922,-105.581147,2022,12,20,8
West,Knight Hall,2022-12-20T09:00:00,80.0,80.0,,,,90.71,,,0.0552,0.0552,41.311922,-105.581147,2022,12,20,9
West,Knight Hall,2022-12-20T10:00:00,70.0,60.0,,,,125.16,,,0.048299999999999996,0.0414,41.311922,-105.581147,2022,12,20,10
West,Knight Hall,2022-12-20T11:00:00,70.0,80.0,,,,105.11,,,0.048299999999999996,0.0552,41.311922,-105.581147,2022,12,20,11
West,Knight Hall,2022-12-20T12:00:00,70.0,60.0,,,,55.56,,,0.048299999999999996,0.0414,41.311922,-105.581147,2022,12,20,12
West,Knight Hall,2022-12-20T13:00:00,80.0,80.0,,,,73.2,,,0.0552,0.0552,41.311922,-105.581147,2022,12,20,13
West,Knight Hall,2022-12-20T14:00:00,50.0,60.0,,,,64.17,,,0.034499999999999996,0.0414,41.311922,-105.581147,2022,12,20,14
West,Knight Hall,2022-12-20T15:00:00,,80.0,,,,82.08,,,,0.0552,41.311922,-105.581147,2022,12,20,15
West,Knight Hall,2022-12-20T16:00:00,50.0,50.0,,,,29.5,,,0.034499999999999996,0.034499999999999996,41.311922,-105.581147,2022,12,20,16
West,Knight Hall,2022-12-20T17:00:00,50.0,60.0,,,,23.67,,,0.034499999999999996,0.0414,41.311922,-105.581147,2022,12,20,17
West,Knight Hall,2022-12-20T18:00:00,30.0,30.0,,,,31.5,,,0.0207,0.0207,41.311922,-105.581147,2022,12,20,18
West,Knight Hall,2022-12-20T19:00:00,50.0,40.0,,,,38.03,,,0.034499999999999996,0.0276,41.311922,-105.581147,2022,12,20,19
West,Knight Hall,2022-12-20T20:00:00,30.0,30.0,,,,4.72,,,0.0207,0.0207,41.311922,-105.581147,2022,12,20,20
West,Knight Hall,2022-12-20T21:00:00,30.0,30.0,,,,20.18,,,0.0207,0.0207,41.311922,-105.581147,2022,12,20,21
West,Knight Hall,2022-12-20T22:00:00,30.0,30.0,,,,0.88,,,0.0207,0.0207,41.311922,-105.581147,2022,12,20,22
West,Knight Hall,2022-12-20T23:00:00,30.0,30.0,,,,1.21,,,0.0207,0.0207,41.311922,-105.581147,2022,12,20,23
West,Knight Hall,2022-12-21T00:00:00,20.0,20.0,,,,0.02,,,0.0138,0.0138,41.311922,-105.581147,2022,12,21,0
West,Knight Hall,2022-12-21T01:00:00,30.0,30.0,,,,,,,0.0207,0.0207,41.311922,-105.581147,2022,12,21,1
West,Knight Hall,2022-12-21T02:00:00,20.0,30.0,,,,2.0700000000000003,,,0.0138,0.0207,41.311922,-105.581147,2022,12,21,2
West,Knight Hall,2022-12-21T03:00:00,30.0,30.0,,,,0.02,,,0.0207,0.0207,41.311922,-105.581147,2022,12,21,3
West,Knight Hall,2022-12-21T04:00:00,30.0,30.0,,,,,,,0.0207,0.0207,41.311922,-105.581147,2022,12,21,4
West,Knight Hall,2022-12-21T05:00:00,30.0,30.0,,,,8.9,,,0.0207,0.0207,41.311922,-105.581147,2022,12,21,5
West,Knight Hall,2022-12-21T06:00:00,30.0,30.0,,,,19.0,,,0.0207,0.0207,41.311922,-105.581147,2022,12,21,6
West,Knight Hall,2022-12-21T07:00:00,40.0,50.0,,,,63.26,,,0.0276,0.034499999999999996,41.311922,-105.581147,2022,12,21,7
West,Knight Hall,2022-12-21T08:00:00,60.0,60.0,,,,,,,0.0414,0.0414,41.311922,-105.581147,2022,12,21,8
West,Knight Hall,2022-12-21T09:00:00,80.0,80.0,,,,,,,0.0552,0.0552,41.311922,-105.581147,2022,12,21,9
West,Knight Hall,2022-12-21T10:00:00,50.0,60.0,,,,,,,0.034499999999999996,0.0414,41.311922,-105.581147,2022,12,21,10
West,Knight Hall,2022-12-21T11:00:00,70.0,80.0,,,,109.66,,,0.048299999999999996,0.0552,41.311922,-105.581147,2022,12,21,11
West,Knight Hall,2022-12-21T12:00:00,60.0,60.0,,,,58.56,,,0.0414,0.0414,41.311922,-105.581147,2022,12,21,12
West,Knight Hall,2022-12-21T13:00:00,70.0,80.0,,,,,,,0.048299999999999996,0.0552,41.311922,-105.581147,2022,12,21,13
West,Knight Hall,2022-12-21T14:00:00,60.0,60.0,,,,,,,0.0414,0.0414,41.311922,-105.581147,2022,12,21,14
West,Knight Hall,2022-12-21T15:00:00,70.0,70.0,,,,,,,0.048299999999999996,0.048299999999999996,41.311922,-105.581147,2022,12,21,15
West,Knight Hall,2022-12-21T16:00:00,50.0,60.0,,,,,,,0.034499999999999996,0.0414,41.311922,-105.581147,2022,12,21,16
West,Knight Hall,2022-12-21T17:00:00,50.0,50.0,,,,,,,0.034499999999999996,0.034499999999999996,41.311922,-105.581147,2022,12,21,17
West,Knight Hall,2022-12-21T18:00:00,40.0,30.0,,,,,,,0.0276,0.0207,41.311922,-105.581147,2022,12,21,18
West,Knight Hall,2022-12-21T19:00:00,40.0,40.0,,,,120.87,,,0.0276,0.0276,41.311922,-105.581147,2022,12,21,19
West,Knight Hall,2022-12-21T20:00:00,20.0,30.0,,,,2.72,,,0.0138,0.0207,41.311922,-105.581147,2022,12,21,20
West,Knight Hall,2022-12-21T21:00:00,40.0,30.0,,,,12.36,,,0.0276,0.0207,41.311922,-105.581147,2022,12,21,21
West,Knight Hall,2022-12-21T22:00:00,20.0,30.0,,,,0.6,,,0.0138,0.0207,41.311922,-105.581147,2022,12,21,22
West,Knight Hall,2022-12-21T23:00:00,30.0,30.0,,,,,,,0.0207,0.0207,41.311922,-105.581147,2022,12,21,23
West,Knight Hall,2022-12-22T00:00:00,20.0,20.0,,,,2.0700000000000003,,,0.0138,0.0138,41.311922,-105.581147,2022,12,22,0
West,Knight Hall,2022-12-22T01:00:00,30.0,30.0,,,,0.06,,,0.0207,0.0207,41.311922,-105.581147,2022,12,22,1
West,Knight Hall,2022-12-22T02:00:00,20.0,20.0,,,,,,,0.0138,0.0138,41.311922,-105.581147,2022,12,22,2
West,Knight Hall,2022-12-22T03:00:00,30.0,30.0,,,,0.88,,,0.0207,0.0207,41.311922,-105.581147,2022,12,22,3
West,Knight Hall,2022-12-22T04:00:00,20.0,30.0,,,,0.02,,,0.0138,0.0207,41.311922,-105.581147,2022,12,22,4
West,Knight Hall,2022-12-22T05:00:00,30.0,30.0,,,,16.78,,,0.0207,0.0207,41.311922,-105.581147,2022,12,22,5
West,Knight Hall,2022-12-22T06:00:00,20.0,30.0,,,,7.33,,,0.0138,0.0207,41.311922,-105.581147,2022,12,22,6
West,Knight Hall,2022-12-22T07:00:00,50.0,40.0,,,,49.42,,,0.034499999999999996,0.0276,41.311922,-105.581147,2022,12,22,7
West,Knight Hall,2022-12-22T08:00:00,40.0,60.0,,,,81.28,,,0.0276,0.0414,41.311922,-105.581147,2022,12,22,8
West,Knight Hall,2022-12-22T09:00:00,60.0,80.0,,,,92.22,,,0.0414,0.0552,41.311922,-105.581147,2022,12,22,9
West,Knight Hall,2022-12-22T10:00:00,50.0,60.0,,,,90.6,,,0.034499999999999996,0.0414,41.311922,-105.581147,2022,12,22,10
West,Knight Hall,2022-12-22T11:00:00,60.0,80.0,,,,40.46999999999999,,,0.0414,0.0552,41.311922,-105.581147,2022,12,22,11
West,Knight Hall,2022-12-22T12:00:00,40.0,50.0,,,,50.650000000000006,,,0.0276,0.034499999999999996,41.311922,-105.581147,2022,12,22,12
West,Knight Hall,2022-12-22T13:00:00,50.0,80.0,,,,40.74999999999999,,,0.034499999999999996,0.0552,41.311922,-105.581147,2022,12,22,13
West,Knight Hall,2022-12-22T14:00:00,40.0,60.0,,,,61.71,,,0.0276,0.0414,41.311922,-105.581147,2022,12,22,14
West,Knight Hall,2022-12-22T15:00:00,60.0,70.0,,,,,,,0.0414,0.048299999999999996,41.311922,-105.581147,2022,12,22,15
West,Knight Hall,2022-12-22T16:00:00,30.0,50.0,,,,,,,0.0207,0.034499999999999996,41.311922,-105.581147,2022,12,22,16
West,Knight Hall,2022-12-22T17:00:00,40.0,50.0,,,,,,,0.0276,0.034499999999999996,41.311922,-105.581147,2022,12,22,17
West,Knight Hall,2022-12-22T18:00:00,30.0,40.0,,,,,,,0.0207,0.0276,41.311922,-105.581147,2022,12,22,18
West,Knight Hall,2022-12-22T19:00:00,20.0,40.0,,,,11.75,,,0.0138,0.0276,41.311922,-105.581147,2022,12,22,19
West,Knight Hall,2022-12-22T20:00:00,30.0,20.0,,,,14.21,,,0.0207,0.0138,41.311922,-105.581147,2022,12,22,20
West,Knight Hall,2022-12-22T21:00:00,30.0,40.0,,,,3.39,,,0.0207,0.0276,41.311922,-105.581147,2022,12,22,21
West,Knight Hall,2022-12-22T22:00:00,20.0,20.0,,,,2.7,,,0.0138,0.0138,41.311922,-105.581147,2022,12,22,22
West,Knight Hall,2022-12-22T23:00:00,30.0,30.0,,,,,,,0.0207,0.0207,41.311922,-105.581147,2022,12,22,23
West,Knight Hall,2022-12-23T00:00:00,20.0,30.0,,,,0.86,,,0.0138,0.0207,41.311922,-105.581147,2022,12,23,0
West,Knight Hall,2022-12-23T01:00:00,30.0,30.0,,,,,,,0.0207,0.0207,41.311922,-105.581147,2022,12,23,1
West,Knight Hall,2022-12-23T02:00:00,20.0,20.0,,,,1.17,,,0.0138,0.0138,41.311922,-105.581147,2022,12,23,2
West,Knight Hall,2022-12-23T03:00:00,30.0,30.0,,,,0.86,,,0.0207,0.0207,41.311922,-105.581147,2022,12,23,3
West,Knight Hall,2022-12-23T04:00:00,20.0,20.0,,,,1.5699999999999998,,,0.0138,0.0138,41.311922,-105.581147,2022,12,23,4
West,Knight Hall,2022-12-23T05:00:00,30.0,40.0,,,,0.62,,,0.0207,0.0276,41.311922,-105.581147,2022,12,23,5
West,Knight Hall,2022-12-23T06:00:00,30.0,20.0,,,,17.16,,,0.0207,0.0138,41.311922,-105.581147,2022,12,23,6
West,Knight Hall,2022-12-23T07:00:00,30.0,40.0,,,,26.59,,,0.0207,0.0276,41.311922,-105.581147,2022,12,23,7
West,Knight Hall,2022-12-23T08:00:00,20.0,60.0,,,,71.02,,,0.0138,0.0414,41.311922,-105.581147,2022,12,23,8
West,Knight Hall,2022-12-23T09:00:00,40.0,70.0,,,,103.45,,,0.0276,0.048299999999999996,41.311922,-105.581147,2022,12,23,9
West,Knight Hall,2022-12-23T10:00:00,30.0,60.0,,,,81.56,,,0.0207,0.0414,41.311922,-105.581147,2022,12,23,10
West,Knight Hall,2022-12-23T11:00:00,30.0,70.0,,,,49.76,,,0.0207,0.048299999999999996,41.311922,-105.581147,2022,12,23,11
West,Knight Hall,2022-12-23T12:00:00,40.0,60.0,,,,37.67,,,0.0276,0.0414,41.311922,-105.581147,2022,12,23,12
West,Knight Hall,2022-12-23T13:00:00,40.0,70.0,,,,117.2,,,0.0276,0.048299999999999996,41.311922,-105.581147,2022,12,23,13
West,Knight Hall,2022-12-23T14:00:00,30.0,50.0,,,,,,,0.0207,0.034499999999999996,41.311922,-105.581147,2022,12,23,14
West,Knight Hall,2022-12-23T15:00:00,30.0,70.0,,,,31.950000000000003,,,0.0207,0.048299999999999996,41.311922,-105.581147,2022,12,23,15
West,Knight Hall,2022-12-23T16:00:00,30.0,40.0,,,,59.33,,,0.0207,0.0276,41.311922,-105.581147,2022,12,23,16
West,Knight Hall,2022-12-23T17:00:00,30.0,50.0,,,,22.6,,,0.0207,0.034499999999999996,41.311922,-105.581147,2022,12,23,17
West,Knight Hall,2022-12-23T18:00:00,20.0,30.0,,,,8.129999999999999,,,0.0138,0.0207,41.311922,-105.581147,2022,12,23,18
West,Knight Hall,2022-12-23T19:00:00,30.0,30.0,,,,3.39,,,0.0207,0.0207,41.311922,-105.581147,2022,12,23,19
West,Knight Hall,2022-12-23T20:00:00,30.0,20.0,,,,3.3,,,0.0207,0.0138,41.311922,-105.581147,2022,12,23,20
West,Knight Hall,2022-12-23T21:00:00,20.0,30.0,,,,,,,0.0138,0.0207,41.311922,-105.581147,2022,12,23,21
West,Knight Hall,2022-12-23T22:00:00,30.0,20.0,,,,2.05,,,0.0207,0.0138,41.311922,-105.581147,2022,12,23,22
West,Knight Hall,2022-12-23T23:00:00,20.0,30.0,,,,,,,0.0138,0.0207,41.311922,-105.581147,2022,12,23,23
West,Knight Hall,2022-12-24T00:00:00,30.0,20.0,,,,0.84,,,0.0207,0.0138,41.311922,-105.581147,2022,12,24,0
West,Knight Hall,2022-12-24T01:00:00,20.0,40.0,,,,,,,0.0138,0.0276,41.311922,-105.581147,2022,12,24,1
West,Knight Hall,2022-12-24T02:00:00,30.0,20.0,,,,,,,0.0207,0.0138,41.311922,-105.581147,2022,12,24,2
West,Knight Hall,2022-12-24T03:00:00,20.0,30.0,,,,1.19,,,0.0138,0.0207,41.311922,-105.581147,2022,12,24,3
West,Knight Hall,2022-12-24T04:00:00,30.0,20.0,,,,,,,0.0207,0.0138,41.311922,-105.581147,2022,12,24,4
West,Knight Hall,2022-12-24T05:00:00,20.0,40.0,,,,,,,0.0138,0.0276,41.311922,-105.581147,2022,12,24,5
West,Knight Hall,2022-12-24T06:00:00,30.0,20.0,,,,0.84,,,0.0207,0.0138,41.311922,-105.581147,2022,12,24,6
West,Knight Hall,2022-12-24T07:00:00,30.0,30.0,,,,,,,0.0207,0.0207,41.311922,-105.581147,2022,12,24,7
West,Knight Hall,2022-12-24T08:00:00,20.0,30.0,,,,13.95,,,0.0138,0.0207,41.311922,-105.581147,2022,12,24,8
West,Knight Hall,2022-12-24T09:00:00,30.0,30.0,,,,1.7,,,0.0207,0.0207,41.311922,-105.581147,2022,12,24,9
West,Knight Hall,2022-12-24T10:00:00,20.0,30.0,,,,4.789999999999999,,,0.0138,0.0207,41.311922,-105.581147,2022,12,24,10
West,Knight Hall,2022-12-24T11:00:00,30.0,30.0,,,,0.84,,,0.0207,0.0207,41.311922,-105.581147,2022,12,24,11
West,Knight Hall,2022-12-24T12:00:00,20.0,30.0,,,,3.2100000000000004,,,0.0138,0.0207,41.311922,-105.581147,2022,12,24,12
West,Knight Hall,2022-12-24T13:00:00,30.0,30.0,,,,0.88,,,0.0207,0.0207,41.311922,-105.581147,2022,12,24,13
West,Knight Hall,2022-12-24T14:00:00,30.0,20.0,,,,,,,0.0207,0.0138,41.311922,-105.581147,2022,12,24,14
West,Knight Hall,2022-12-24T15:00:00,30.0,40.0,,,,1.17,,,0.0207,0.0276,41.311922,-105.581147,2022,12,24,15
West,Knight Hall,2022-12-24T16:00:00,20.0,20.0,,,,0.48,,,0.0138,0.0138,41.311922,-105.581147,2022,12,24,16
West,Knight Hall,2022-12-24T17:00:00,30.0,30.0,,,,,,,0.0207,0.0207,41.311922,-105.581147,2022,12,24,17
West,Knight Hall,2022-12-24T18:00:00,20.0,30.0,,,,3.1100000000000003,,,0.0138,0.0207,41.311922,-105.581147,2022,12,24,18
West,Knight Hall,2022-12-24T19:00:00,30.0,30.0,,,,,,,0.0207,0.0207,41.311922,-105.581147,2022,12,24,19
West,Knight Hall,2022-12-24T20:00:00,20.0,20.0,,,,,,,0.0138,0.0138,41.311922,-105.581147,2022,12,24,20
West,Knight Hall,2022-12-24T21:00:00,30.0,30.0,,,,1.17,,,0.0207,0.0207,41.311922,-105.581147,2022,12,24,21
West,Knight Hall,2022-12-24T22:00:00,20.0,20.0,,,,,,,0.0138,0.0138,41.311922,-105.581147,2022,12,24,22
West,Knight Hall,2022-12-24T23:00:00,30.0,30.0,,,,0.84,,,0.0207,0.0207,41.311922,-105.581147,2022,12,24,23
West,Knight Hall,2022-12-25T00:00:00,20.0,30.0,,,,,,,0.0138,0.0207,41.311922,-105.581147,2022,12,25,0
West,Knight Hall,2022-12-25T01:00:00,20.0,30.0,,,,,,,0.0138,0.0207,41.311922,-105.581147,2022,12,25,1
West,Knight Hall,2022-12-25T02:00:00,30.0,20.0,,,,,,,0.0207,0.0138,41.311922,-105.581147,2022,12,25,2
West,Knight Hall,2022-12-25T03:00:00,30.0,40.0,,,,,,,0.0207,0.0276,41.311922,-105.581147,2022,12,25,3
West,Knight Hall,2022-12-25T04:00:00,20.0,20.0,,,,1.19,,,0.0138,0.0138,41.311922,-105.581147,2022,12,25,4
West,Knight Hall,2022-12-25T05:00:00,30.0,30.0,,,,0.84,,,0.0207,0.0207,41.311922,-105.581147,2022,12,25,5
West,Knight Hall,2022-12-25T06:00:00,20.0,30.0,,,,,,,0.0138,0.0207,41.311922,-105.581147,2022,12,25,6
West,Knight Hall,2022-12-25T07:00:00,30.0,30.0,,,,,,,0.0207,0.0207,41.311922,-105.581147,2022,12,25,7
West,Knight Hall,2022-12-25T08:00:00,20.0,30.0,,,,,,,0.0138,0.0207,41.311922,-105.581147,2022,12,25,8
West,Knight Hall,2022-12-25T09:00:00,30.0,30.0,,,,,,,0.0207,0.0207,41.311922,-105.581147,2022,12,25,9
West,Knight Hall,2022-12-25T10:00:00,20.0,30.0,,,,,,,0.0138,0.0207,41.311922,-105.581147,2022,12,25,10
West,Knight Hall,2022-12-25T11:00:00,30.0,30.0,,,,1.17,,,0.0207,0.0207,41.311922,-105.581147,2022,12,25,11
West,Knight Hall,2022-12-25T12:00:00,20.0,30.0,,,,,,,0.0138,0.0207,41.311922,-105.581147,2022,12,25,12
West,Knight Hall,2022-12-25T13:00:00,30.0,30.0,,,,,,,0.0207,0.0207,41.311922,-105.581147,2022,12,25,13
West,Knight Hall,2022-12-25T14:00:00,20.0,30.0,,,,,,,0.0138,0.0207,41.311922,-105.581147,2022,12,25,14
West,Knight Hall,2022-12-25T15:00:00,30.0,30.0,,,,,,,0.0207,0.0207,41.311922,-105.581147,2022,12,25,15
West,Knight Hall,2022-12-25T16:00:00,20.0,20.0,,,,,,,0.0138,0.0138,41.311922,-105.581147,2022,12,25,16
West,Knight Hall,2022-12-25T17:00:00,30.0,30.0,,,,,,,0.0207,0.0207,41.311922,-105.581147,2022,12,25,17
West,Knight Hall,2022-12-25T18:00:00,20.0,20.0,,,,1.19,,,0.0138,0.0138,41.311922,-105.581147,2022,12,25,18
West,Knight Hall,2022-12-25T19:00:00,30.0,30.0,,,,,,,0.0207,0.0207,41.311922,-105.581147,2022,12,25,19
West,Knight Hall,2022-12-25T20:00:00,20.0,20.0,,,,,,,0.0138,0.0138,41.311922,-105.581147,2022,12,25,20
West,Knight Hall,2022-12-25T21:00:00,30.0,30.0,,,,,,,0.0207,0.0207,41.311922,-105.581147,2022,12,25,21
West,Knight Hall,2022-12-25T22:00:00,30.0,30.0,,,,,,,0.0207,0.0207,41.311922,-105.581147,2022,12,25,22
West,Knight Hall,2022-12-25T23:00:00,30.0,30.0,,,,,,,0.0207,0.0207,41.311922,-105.581147,2022,12,25,23
West,Knight Hall,2022-12-26T00:00:00,20.0,20.0,,,,,,,0.0138,0.0138,41.311922,-105.581147,2022,12,26,0
West,Knight Hall,2022-12-26T01:00:00,30.0,30.0,,,,1.17,,,0.0207,0.0207,41.311922,-105.581147,2022,12,26,1
West,Knight Hall,2022-12-26T02:00:00,20.0,20.0,,,,,,,0.0138,0.0138,41.311922,-105.581147,2022,12,26,2
West,Knight Hall,2022-12-26T03:00:00,30.0,30.0,,,,,,,0.0207,0.0207,41.311922,-105.581147,2022,12,26,3
West,Knight Hall,2022-12-26T04:00:00,30.0,20.0,,,,0.88,,,0.0207,0.0138,41.311922,-105.581147,2022,12,26,4
West,Knight Hall,2022-12-26T05:00:00,30.0,30.0,,,,,,,0.0207,0.0207,41.311922,-105.581147,2022,12,26,5
West,Knight Hall,2022-12-26T06:00:00,20.0,30.0,,,,,,,0.0138,0.0207,41.311922,-105.581147,2022,12,26,6
West,Knight Hall,2022-12-26T07:00:00,30.0,30.0,,,,,,,0.0207,0.0207,41.311922,-105.581147,2022,12,26,7
West,Knight Hall,2022-12-26T08:00:00,20.0,20.0,,,,,,,0.0138,0.0138,41.311922,-105.581147,2022,12,26,8
West,Knight Hall,2022-12-26T09:00:00,30.0,40.0,,,,1.21,,,0.0207,0.0276,41.311922,-105.581147,2022,12,26,9
West,Knight Hall,2022-12-26T10:00:00,20.0,20.0,,,,,,,0.0138,0.0138,41.311922,-105.581147,2022,12,26,10
West,Knight Hall,2022-12-26T11:00:00,40.0,30.0,,,,,,,0.0276,0.0207,41.311922,-105.581147,2022,12,26,11
West,Knight Hall,2022-12-26T12:00:00,20.0,30.0,,,,,,,0.0138,0.0207,41.311922,-105.581147,2022,12,26,12
West,Knight Hall,2022-12-26T13:00:00,30.0,40.0,,,,,,,0.0207,0.0276,41.311922,-105.581147,2022,12,26,13
West,Knight Hall,2022-12-26T14:00:00,20.0,20.0,,,,,,,0.0138,0.0138,41.311922,-105.581147,2022,12,26,14
West,Knight Hall,2022-12-26T15:00:00,30.0,30.0,,,,1.01,,,0.0207,0.0207,41.311922,-105.581147,2022,12,26,15
West,Knight Hall,2022-12-26T16:00:00,30.0,30.0,,,,3.32,,,0.0207,0.0207,41.311922,-105.581147,2022,12,26,16
West,Knight Hall,2022-12-26T17:00:00,30.0,30.0,,,,4.529999999999999,,,0.0207,0.0207,41.311922,-105.581147,2022,12,26,17
West,Knight Hall,2022-12-26T18:00:00,20.0,20.0,,,,0.19,,,0.0138,0.0138,41.311922,-105.581147,2022,12,26,18
West,Knight Hall,2022-12-26T19:00:00,30.0,30.0,,,,,,,0.0207,0.0207,41.311922,-105.581147,2022,12,26,19
West,Knight Hall,2022-12-26T20:00:00,20.0,20.0,,,,,,,0.0138,0.0138,41.311922,-105.581147,2022,12,26,20
West,Knight Hall,2022-12-26T21:00:00,30.0,30.0,,,,,,,0.0207,0.0207,41.311922,-105.581147,2022,12,26,21
West,Knight Hall,2022-12-26T22:00:00,20.0,30.0,,,,,,,0.0138,0.0207,41.311922,-105.581147,2022,12,26,22
West,Knight Hall,2022-12-26T23:00:00,30.0,30.0,,,,,,,0.0207,0.0207,41.311922,-105.581147,2022,12,26,23
West,Knight Hall,2022-12-27T00:00:00,20.0,20.0,,,,,,,0.0138,0.0138,41.311922,-105.581147,2022,12,27,0
West,Knight Hall,2022-12-27T01:00:00,30.0,30.0,,,,,,,0.0207,0.0207,41.311922,-105.581147,2022,12,27,1
West,Knight Hall,2022-12-27T02:00:00,20.0,20.0,,,,2.85,,,0.0138,0.0138,41.311922,-105.581147,2022,12,27,2
West,Knight Hall,2022-12-27T03:00:00,30.0,30.0,,,,,,,0.0207,0.0207,41.311922,-105.581147,2022,12,27,3
West,Knight Hall,2022-12-27T04:00:00,20.0,30.0,,,,,,,0.0138,0.0207,41.311922,-105.581147,2022,12,27,4
West,Knight Hall,2022-12-27T05:00:00,30.0,30.0,,,,,,,0.0207,0.0207,41.311922,-105.581147,2022,12,27,5
West,Knight Hall,2022-12-27T06:00:00,20.0,30.0,,,,6.450000000000001,,,0.0138,0.0207,41.311922,-105.581147,2022,12,27,6
West,Knight Hall,2022-12-27T07:00:00,30.0,30.0,,,,0.48,,,0.0207,0.0207,41.311922,-105.581147,2022,12,27,7
West,Knight Hall,2022-12-27T08:00:00,30.0,20.0,,,,1.14,,,0.0207,0.0138,41.311922,-105.581147,2022,12,27,8
West,Knight Hall,2022-12-27T09:00:00,30.0,40.0,,,,4.9,,,0.0207,0.0276,41.311922,-105.581147,2022,12,27,9
West,Knight Hall,2022-12-27T10:00:00,20.0,30.0,,,,0.48,,,0.0138,0.0207,41.311922,-105.581147,2022,12,27,10
West,Knight Hall,2022-12-27T11:00:00,30.0,30.0,,,,23.590000000000003,,,0.0207,0.0207,41.311922,-105.581147,2022,12,27,11
West,Knight Hall,2022-12-27T12:00:00,20.0,30.0,,,,0.91,,,0.0138,0.0207,41.311922,-105.581147,2022,12,27,12
West,Knight Hall,2022-12-27T13:00:00,40.0,30.0,,,,3.13,,,0.0276,0.0207,41.311922,-105.581147,2022,12,27,13
West,Knight Hall,2022-12-27T14:00:00,20.0,30.0,,,,2.6500000000000004,,,0.0138,0.0207,41.311922,-105.581147,2022,12,27,14
West,Knight Hall,2022-12-27T15:00:00,30.0,40.0,,,,4.03,,,0.0207,0.0276,41.311922,-105.581147,2022,12,27,15
West,Knight Hall,2022-12-27T16:00:00,20.0,20.0,,,,,,,0.0138,0.0138,41.311922,-105.581147,2022,12,27,16
West,Knight Hall,2022-12-27T17:00:00,30.0,40.0,,,,2.18,,,0.0207,0.0276,41.311922,-105.581147,2022,12,27,17
West,Knight Hall,2022-12-27T18:00:00,30.0,20.0,,,,4.05,,,0.0207,0.0138,41.311922,-105.581147,2022,12,27,18
West,Knight Hall,2022-12-27T19:00:00,30.0,30.0,,,,3.13,,,0.0207,0.0207,41.311922,-105.581147,2022,12,27,19
West,Knight Hall,2022-12-27T20:00:00,20.0,20.0,,,,1.21,,,0.0138,0.0138,41.311922,-105.581147,2022,12,27,20
West,Knight Hall,2022-12-27T21:00:00,30.0,30.0,,,,,,,0.0207,0.0207,41.311922,-105.581147,2022,12,27,21
West,Knight Hall,2022-12-27T22:00:00,20.0,20.0,,,,,,,0.0138,0.0138,41.311922,-105.581147,2022,12,27,22
West,Knight Hall,2022-12-27T23:00:00,30.0,40.0,,,,,,,0.0207,0.0276,41.311922,-105.581147,2022,12,27,23
West,Knight Hall,2022-12-28T00:00:00,20.0,20.0,,,,,,,0.0138,0.0138,41.311922,-105.581147,2022,12,28,0
West,Knight Hall,2022-12-28T01:00:00,30.0,30.0,,,,,,,0.0207,0.0207,41.311922,-105.581147,2022,12,28,1
West,Knight Hall,2022-12-28T02:00:00,20.0,20.0,,,,,,,0.0138,0.0138,41.311922,-105.581147,2022,12,28,2
West,Knight Hall,2022-12-28T03:00:00,30.0,30.0,,,,,,,0.0207,0.0207,41.311922,-105.581147,2022,12,28,3
West,Knight Hall,2022-12-28T04:00:00,20.0,30.0,,,,0.02,,,0.0138,0.0207,41.311922,-105.581147,2022,12,28,4
West,Knight Hall,2022-12-28T05:00:00,30.0,30.0,,,,1.21,,,0.0207,0.0207,41.311922,-105.581147,2022,12,28,5
West,Knight Hall,2022-12-28T06:00:00,20.0,20.0,,,,,,,0.0138,0.0138,41.311922,-105.581147,2022,12,28,6
West,Knight Hall,2022-12-28T07:00:00,30.0,40.0,,,,13.48,,,0.0207,0.0276,41.311922,-105.581147,2022,12,28,7
West,Knight Hall,2022-12-28T08:00:00,30.0,30.0,,,,21.09,,,0.0207,0.0207,41.311922,-105.581147,2022,12,28,8
West,Knight Hall,2022-12-28T09:00:00,30.0,30.0,,,,5.300000000000001,,,0.0207,0.0207,41.311922,-105.581147,2022,12,28,9
West,Knight Hall,2022-12-28T10:00:00,20.0,30.0,,,,15.33,,,0.0138,0.0207,41.311922,-105.581147,2022,12,28,10
West,Knight Hall,2022-12-28T11:00:00,40.0,40.0,,,,4.2700000000000005,,,0.0276,0.0276,41.311922,-105.581147,2022,12,28,11
West,Knight Hall,2022-12-28T12:00:00,20.0,30.0,,,,4.85,,,0.0138,0.0207,41.311922,-105.581147,2022,12,28,12
West,Knight Hall,2022-12-28T13:00:00,30.0,40.0,,,,2.01,,,0.0207,0.0276,41.311922,-105.581147,2022,12,28,13
West,Knight Hall,2022-12-28T14:00:00,20.0,20.0,,,,,,,0.0138,0.0138,41.311922,-105.581147,2022,12,28,14
West,Knight Hall,2022-12-28T15:00:00,30.0,40.0,,,,4.36,,,0.0207,0.0276,41.311922,-105.581147,2022,12,28,15
West,Knight Hall,2022-12-28T16:00:00,30.0,20.0,,,,4.96,,,0.0207,0.0138,41.311922,-105.581147,2022,12,28,16
West,Knight Hall,2022-12-28T17:00:00,30.0,40.0,,,,3.84,,,0.0207,0.0276,41.311922,-105.581147,2022,12,28,17
West,Knight Hall,2022-12-28T18:00:00,20.0,20.0,,,,0.73,,,0.0138,0.0138,41.311922,-105.581147,2022,12,28,18
West,Knight Hall,2022-12-28T19:00:00,30.0,40.0,,,,6.470000000000001,,,0.0207,0.0276,41.311922,-105.581147,2022,12,28,19
West,Knight Hall,2022-12-28T20:00:00,20.0,20.0,,,,0.04,,,0.0138,0.0138,41.311922,-105.581147,2022,12,28,20
West,Knight Hall,2022-12-28T21:00:00,30.0,30.0,,,,,,,0.0207,0.0207,41.311922,-105.581147,2022,12,28,21
West,Knight Hall,2022-12-28T22:00:00,20.0,20.0,,,,,,,0.0138,0.0138,41.311922,-105.581147,2022,12,28,22
West,Knight Hall,2022-12-28T23:00:00,30.0,30.0,,,,,,,0.0207,0.0207,41.311922,-105.581147,2022,12,28,23
West,Knight Hall,2022-12-29T00:00:00,20.0,20.0,,,,,,,0.0138,0.0138,41.311922,-105.581147,2022,12,29,0
West,Knight Hall,2022-12-29T01:00:00,30.0,30.0,,,,1.23,,,0.0207,0.0207,41.311922,-105.581147,2022,12,29,1
West,Knight Hall,2022-12-29T02:00:00,20.0,30.0,,,,,,,0.0138,0.0207,41.311922,-105.581147,2022,12,29,2
West,Knight Hall,2022-12-29T03:00:00,30.0,30.0,,,,,,,0.0207,0.0207,41.311922,-105.581147,2022,12,29,3
West,Knight Hall,2022-12-29T04:00:00,30.0,20.0,,,,,,,0.0207,0.0138,41.311922,-105.581147,2022,12,29,4
West,Knight Hall,2022-12-29T05:00:00,30.0,30.0,,,,0.88,,,0.0207,0.0207,41.311922,-105.581147,2022,12,29,5
West,Knight Hall,2022-12-29T06:00:00,20.0,30.0,,,,0.21,,,0.0138,0.0207,41.311922,-105.581147,2022,12,29,6
West,Knight Hall,2022-12-29T07:00:00,20.0,30.0,,,,6.92,,,0.0138,0.0207,41.311922,-105.581147,2022,12,29,7
West,Knight Hall,2022-12-29T08:00:00,30.0,30.0,,,,3.17,,,0.0207,0.0207,41.311922,-105.581147,2022,12,29,8
West,Knight Hall,2022-12-29T09:00:00,30.0,40.0,,,,7.81,,,0.0207,0.0276,41.311922,-105.581147,2022,12,29,9
West,Knight Hall,2022-12-29T10:00:00,30.0,30.0,,,,2.69,,,0.0207,0.0207,41.311922,-105.581147,2022,12,29,10
West,Knight Hall,2022-12-29T11:00:00,30.0,40.0,,,,4.72,,,0.0207,0.0276,41.311922,-105.581147,2022,12,29,11
West,Knight Hall,2022-12-29T12:00:00,20.0,20.0,,,,13.69,,,0.0138,0.0138,41.311922,-105.581147,2022,12,29,12
West,Knight Hall,2022-12-29T13:00:00,30.0,40.0,,,,3.41,,,0.0207,0.0276,41.311922,-105.581147,2022,12,29,13
West,Knight Hall,2022-12-29T14:00:00,30.0,30.0,,,,2.31,,,0.0207,0.0207,41.311922,-105.581147,2022,12,29,14
West,Knight Hall,2022-12-29T15:00:00,30.0,40.0,,,,0.07,,,0.0207,0.0276,41.311922,-105.581147,2022,12,29,15
West,Knight Hall,2022-12-29T16:00:00,20.0,20.0,,,,5.22,,,0.0138,0.0138,41.311922,-105.581147,2022,12,29,16
West,Knight Hall,2022-12-29T17:00:00,30.0,40.0,,,,1.64,,,0.0207,0.0276,41.311922,-105.581147,2022,12,29,17
West,Knight Hall,2022-12-29T18:00:00,30.0,20.0,,,,,,,0.0207,0.0138,41.311922,-105.581147,2022,12,29,18
West,Knight Hall,2022-12-29T19:00:00,20.0,30.0,,,,3.28,,,0.0138,0.0207,41.311922,-105.581147,2022,12,29,19
West,Knight Hall,2022-12-29T20:00:00,30.0,30.0,,,,,,,0.0207,0.0207,41.311922,-105.581147,2022,12,29,20
West,Knight Hall,2022-12-29T21:00:00,20.0,20.0,,,,,,,0.0138,0.0138,41.311922,-105.581147,2022,12,29,21
West,Knight Hall,2022-12-29T22:00:00,30.0,30.0,,,,,,,0.0207,0.0207,41.311922,-105.581147,2022,12,29,22
West,Knight Hall,2022-12-29T23:00:00,20.0,30.0,,,,1.23,,,0.0138,0.0207,41.311922,-105.581147,2022,12,29,23
West,Knight Hall,2022-12-30T00:00:00,30.0,20.0,,,,,,,0.0207,0.0138,41.311922,-105.581147,2022,12,30,0
West,Knight Hall,2022-12-30T01:00:00,20.0,30.0,,,,,,,0.0138,0.0207,41.311922,-105.581147,2022,12,30,1
West,Knight Hall,2022-12-30T02:00:00,30.0,20.0,,,,,,,0.0207,0.0138,41.311922,-105.581147,2022,12,30,2
West,Knight Hall,2022-12-30T03:00:00,30.0,40.0,,,,,,,0.0207,0.0276,41.311922,-105.581147,2022,12,30,3
West,Knight Hall,2022-12-30T04:00:00,20.0,20.0,,,,4.55,,,0.0138,0.0138,41.311922,-105.581147,2022,12,30,4
West,Knight Hall,2022-12-30T05:00:00,30.0,30.0,,,,,,,0.0207,0.0207,41.311922,-105.581147,2022,12,30,5
West,Knight Hall,2022-12-30T06:00:00,20.0,20.0,,,,3.1100000000000003,,,0.0138,0.0138,41.311922,-105.581147,2022,12,30,6
West,Knight Hall,2022-12-30T07:00:00,30.0,40.0,,,,30.7,,,0.0207,0.0276,41.311922,-105.581147,2022,12,30,7
West,Knight Hall,2022-12-30T08:00:00,30.0,30.0,,,,7.11,,,0.0207,0.0207,41.311922,-105.581147,2022,12,30,8
West,Knight Hall,2022-12-30T09:00:00,20.0,30.0,,,,19.55,,,0.0138,0.0207,41.311922,-105.581147,2022,12,30,9
West,Knight Hall,2022-12-30T10:00:00,30.0,30.0,,,,5.65,,,0.0207,0.0207,41.311922,-105.581147,2022,12,30,10
West,Knight Hall,2022-12-30T11:00:00,30.0,40.0,,,,19.71,,,0.0207,0.0276,41.311922,-105.581147,2022,12,30,11
West,Knight Hall,2022-12-30T12:00:00,20.0,30.0,,,,3.1000000000000005,,,0.0138,0.0207,41.311922,-105.581147,2022,12,30,12
West,Knight Hall,2022-12-30T13:00:00,30.0,40.0,,,,1.68,,,0.0207,0.0276,41.311922,-105.581147,2022,12,30,13
West,Knight Hall,2022-12-30T14:00:00,30.0,20.0,,,,1.6,,,0.0207,0.0138,41.311922,-105.581147,2022,12,30,14
West,Knight Hall,2022-12-30T15:00:00,20.0,40.0,,,,6.36,,,0.0138,0.0276,41.311922,-105.581147,2022,12,30,15
West,Knight Hall,2022-12-30T16:00:00,30.0,30.0,,,,0.43,,,0.0207,0.0207,41.311922,-105.581147,2022,12,30,16
West,Knight Hall,2022-12-30T17:00:00,30.0,30.0,,,,4.96,,,0.0207,0.0207,41.311922,-105.581147,2022,12,30,17
West,Knight Hall,2022-12-30T18:00:00,20.0,30.0,,,,0.5800000000000001,,,0.0138,0.0207,41.311922,-105.581147,2022,12,30,18
West,Knight Hall,2022-12-30T19:00:00,30.0,30.0,,,,8.37,,,0.0207,0.0207,41.311922,-105.581147,2022,12,30,19
West,Knight Hall,2022-12-30T20:00:00,20.0,20.0,,,,,,,0.0138,0.0138,41.311922,-105.581147,2022,12,30,20
West,Knight Hall,2022-12-30T21:00:00,30.0,30.0,,,,,,,0.0207,0.0207,41.311922,-105.581147,2022,12,30,21
West,Knight Hall,2022-12-30T22:00:00,20.0,30.0,,,,,,,0.0138,0.0207,41.311922,-105.581147,2022,12,30,22
West,Knight Hall,2022-12-30T23:00:00,30.0,30.0,,,,1.21,,,0.0207,0.0207,41.311922,-105.581147,2022,12,30,23
West,Knight Hall,2022-12-31T00:00:00,30.0,20.0,,,,,,,0.0207,0.0138,41.311922,-105.581147,2022,12,31,0
West,Knight Hall,2022-12-31T01:00:00,20.0,30.0,,,,,,,0.0138,0.0207,41.311922,-105.581147,2022,12,31,1
West,Knight Hall,2022-12-31T02:00:00,30.0,30.0,,,,,,,0.0207,0.0207,41.311922,-105.581147,2022,12,31,2
West,Knight Hall,2022-12-31T03:00:00,20.0,20.0,,,,,,,0.0138,0.0138,41.311922,-105.581147,2022,12,31,3
West,Knight Hall,2022-12-31T04:00:00,30.0,30.0,,,,,,,0.0207,0.0207,41.311922,-105.581147,2022,12,31,4
West,Knight Hall,2022-12-31T05:00:00,20.0,40.0,,,,,,,0.0138,0.0276,41.311922,-105.581147,2022,12,31,5
West,Knight Hall,2022-12-31T06:00:00,30.0,20.0,,,,,,,0.0207,0.0138,41.311922,-105.581147,2022,12,31,6
West,Knight Hall,2022-12-31T07:00:00,20.0,40.0,,,,3.17,,,0.0138,0.0276,41.311922,-105.581147,2022,12,31,7
West,Knight Hall,2022-12-31T08:00:00,30.0,20.0,,,,1.72,,,0.0207,0.0138,41.311922,-105.581147,2022,12,31,8
West,Knight Hall,2022-12-31T09:00:00,30.0,40.0,,,,0.39,,,0.0207,0.0276,41.311922,-105.581147,2022,12,31,9
West,Knight Hall,2022-12-31T10:00:00,30.0,30.0,,,,4.14,,,0.0207,0.0207,41.311922,-105.581147,2022,12,31,10
West,Knight Hall,2022-12-31T11:00:00,30.0,40.0,,,,0.99,,,0.0207,0.0276,41.311922,-105.581147,2022,12,31,11
West,Knight Hall,2022-12-31T12:00:00,30.0,20.0,,,,2.13,,,0.0207,0.0138,41.311922,-105.581147,2022,12,31,12
West,Knight Hall,2022-12-31T13:00:00,20.0,40.0,,,,,,,0.0138,0.0276,41.311922,-105.581147,2022,12,31,13
West,Knight Hall,2022-12-31T14:00:00,30.0,30.0,,,,0.02,,,0.0207,0.0207,41.311922,-105.581147,2022,12,31,14
West,Knight Hall,2022-12-31T15:00:00,20.0,30.0,,,,,,,0.0138,0.0207,41.311922,-105.581147,2022,12,31,15
West,Knight Hall,2022-12-31T16:00:00,30.0,30.0,,,,3.1500000000000004,,,0.0207,0.0207,41.311922,-105.581147,2022,12,31,16
West,Knight Hall,2022-12-31T17:00:00,20.0,40.0,,,,,,,0.0138,0.0276,41.311922,-105.581147,2022,12,31,17
West,Knight Hall,2022-12-31T18:00:00,30.0,20.0,,,,0.93,,,0.0207,0.0138,41.311922,-105.581147,2022,12,31,18
West,Knight Hall,2022-12-31T19:00:00,20.0,40.0,,,,3.21,,,0.0138,0.0276,41.311922,-105.581147,2022,12,31,19
West,Knight Hall,2022-12-31T20:00:00,30.0,20.0,,,,,,,0.0207,0.0138,41.311922,-105.581147,2022,12,31,20
West,Knight Hall,2022-12-31T21:00:00,20.0,40.0,,,,,,,0.0138,0.0276,41.311922,-105.581147,2022,12,31,21
West,Knight Hall,2022-12-31T22:00:00,30.0,20.0,,,,,,,0.0207,0.0138,41.311922,-105.581147,2022,12,31,22
West,Knight Hall,2022-12-31T23:00:00,30.0,30.0,,,,,,,0.0207,0.0207,41.311922,-105.581147,2022,12,31,23
West,Knight Hall,2023-01-01T00:00:00,20.0,20.0,,,,,,,0.0138,0.0138,41.311922,-105.581147,2023,1,1,0
West,Knight Hall,2023-01-01T01:00:00,40.0,30.0,,,,1.27,,,0.0276,0.0207,41.311922,-105.581147,2023,1,1,1
West,Knight Hall,2023-01-01T02:00:00,20.0,30.0,,,,,,,0.0138,0.0207,41.311922,-105.581147,2023,1,1,2
West,Knight Hall,2023-01-01T03:00:00,30.0,30.0,,,,,,,0.0207,0.0207,41.311922,-105.581147,2023,1,1,3
West,Knight Hall,2023-01-01T04:00:00,30.0,20.0,,,,,,,0.0207,0.0138,41.311922,-105.581147,2023,1,1,4
West,Knight Hall,2023-01-01T05:00:00,30.0,30.0,,,,,,,0.0207,0.0207,41.311922,-105.581147,2023,1,1,5
West,Knight Hall,2023-01-01T06:00:00,20.0,20.0,,,,,,,0.0138,0.0138,41.311922,-105.581147,2023,1,1,6
West,Knight Hall,2023-01-01T07:00:00,30.0,30.0,,,,3.77,,,0.0207,0.0207,41.311922,-105.581147,2023,1,1,7
West,Knight Hall,2023-01-01T08:00:00,20.0,30.0,,,,0.43,,,0.0138,0.0207,41.311922,-105.581147,2023,1,1,8
West,Knight Hall,2023-01-01T09:00:00,30.0,30.0,,,,0.37,,,0.0207,0.0207,41.311922,-105.581147,2023,1,1,9
West,Knight Hall,2023-01-01T10:00:00,30.0,30.0,,,,,,,0.0207,0.0207,41.311922,-105.581147,2023,1,1,10
West,Knight Hall,2023-01-01T11:00:00,30.0,30.0,,,,0.39,,,0.0207,0.0207,41.311922,-105.581147,2023,1,1,11
West,Knight Hall,2023-01-01T12:00:00,20.0,30.0,,,,0.21,,,0.0138,0.0207,41.311922,-105.581147,2023,1,1,12
West,Knight Hall,2023-01-01T13:00:00,30.0,40.0,,,,,,,0.0207,0.0276,41.311922,-105.581147,2023,1,1,13
West,Knight Hall,2023-01-01T14:00:00,20.0,20.0,,,,1.23,,,0.0138,0.0138,41.311922,-105.581147,2023,1,1,14
West,Knight Hall,2023-01-01T15:00:00,30.0,30.0,,,,,,,0.0207,0.0207,41.311922,-105.581147,2023,1,1,15
West,Knight Hall,2023-01-01T16:00:00,20.0,20.0,,,,0.04,,,0.0138,0.0138,41.311922,-105.581147,2023,1,1,16
West,Knight Hall,2023-01-01T17:00:00,30.0,30.0,,,,,,,0.0207,0.0207,41.311922,-105.581147,2023,1,1,17
West,Knight Hall,2023-01-01T18:00:00,20.0,30.0,,,,,,,0.0138,0.0207,41.311922,-105.581147,2023,1,1,18
West,Knight Hall,2023-01-01T19:00:00,30.0,30.0,,,,,,,0.0207,0.0207,41.311922,-105.581147,2023,1,1,19
West,Knight Hall,2023-01-01T20:00:00,20.0,20.0,,,,,,,0.0138,0.0138,41.311922,-105.581147,2023,1,1,20
West,Knight Hall,2023-01-01T21:00:00,30.0,30.0,,,,,,,0.0207,0.0207,41.311922,-105.581147,2023,1,1,21
West,Knight Hall,2023-01-01T22:00:00,20.0,20.0,,,,,,,0.0138,0.0138,41.311922,-105.581147,2023,1,1,22
West,Knight Hall,2023-01-01T23:00:00,30.0,30.0,,,,,,,0.0207,0.0207,41.311922,-105.581147,2023,1,1,23
West,Knight Hall,2023-01-02T00:00:00,30.0,20.0,,,,,,,0.0207,0.0138,41.311922,-105.581147,2023,1,2,0
West,Knight Hall,2023-01-02T01:00:00,30.0,30.0,,,,,,,0.0207,0.0207,41.311922,-105.581147,2023,1,2,1
West,Knight Hall,2023-01-02T02:00:00,20.0,30.0,,,,,,,0.0138,0.0207,41.311922,-105.581147,2023,1,2,2
West,Knight Hall,2023-01-02T03:00:00,30.0,30.0,,,,,,,0.0207,0.0207,41.311922,-105.581147,2023,1,2,3
West,Knight Hall,2023-01-02T04:00:00,30.0,20.0,,,,1.21,,,0.0207,0.0138,41.311922,-105.581147,2023,1,2,4
West,Knight Hall,2023-01-02T05:00:00,30.0,30.0,,,,,,,0.0207,0.0207,41.311922,-105.581147,2023,1,2,5
West,Knight Hall,2023-01-02T06:00:00,20.0,20.0,,,,,,,0.0138,0.0138,41.311922,-105.581147,2023,1,2,6
West,Knight Hall,2023-01-02T07:00:00,20.0,30.0,,,,,,,0.0138,0.0207,41.311922,-105.581147,2023,1,2,7
West,Knight Hall,2023-01-02T08:00:00,30.0,30.0,,,,0.24,,,0.0207,0.0207,41.311922,-105.581147,2023,1,2,8
West,Knight Hall,2023-01-02T09:00:00,30.0,30.0,,,,0.02,,,0.0207,0.0207,41.311922,-105.581147,2023,1,2,9
West,Knight Hall,2023-01-02T10:00:00,30.0,30.0,,,,,,,0.0207,0.0207,41.311922,-105.581147,2023,1,2,10
West,Knight Hall,2023-01-02T11:00:00,30.0,30.0,,,,,,,0.0207,0.0207,41.311922,-105.581147,2023,1,2,11
West,Knight Hall,2023-01-02T12:00:00,30.0,30.0,,,,0.06,,,0.0207,0.0207,41.311922,-105.581147,2023,1,2,12
West,Knight Hall,2023-01-02T13:00:00,30.0,30.0,,,,,,,0.0207,0.0207,41.311922,-105.581147,2023,1,2,13
West,Knight Hall,2023-01-02T14:00:00,30.0,20.0,,,,0.02,,,0.0207,0.0138,41.311922,-105.581147,2023,1,2,14
West,Knight Hall,2023-01-02T15:00:00,30.0,40.0,,,,3.52,,,0.0207,0.0276,41.311922,-105.581147,2023,1,2,15
West,Knight Hall,2023-01-02T16:00:00,20.0,20.0,,,,0.04,,,0.0138,0.0138,41.311922,-105.581147,2023,1,2,16
West,Knight Hall,2023-01-02T17:00:00,30.0,30.0,,,,0.02,,,0.0207,0.0207,41.311922,-105.581147,2023,1,2,17
West,Knight Hall,2023-01-02T18:00:00,30.0,20.0,,,,,,,0.0207,0.0138,41.311922,-105.581147,2023,1,2,18
West,Knight Hall,2023-01-02T19:00:00,30.0,30.0,,,,1.25,,,0.0207,0.0207,41.311922,-105.581147,2023,1,2,19
West,Knight Hall,2023-01-02T20:00:00,30.0,30.0,,,,,,,0.0207,0.0207,41.311922,-105.581147,2023,1,2,20
West,Knight Hall,2023-01-02T21:00:00,20.0,30.0,,,,,,,0.0138,0.0207,41.311922,-105.581147,2023,1,2,21
West,Knight Hall,2023-01-02T22:00:00,30.0,20.0,,,,,,,0.0207,0.0138,41.311922,-105.581147,2023,1,2,22
West,Knight Hall,2023-01-02T23:00:00,30.0,30.0,,,,,,,0.0207,0.0207,41.311922,-105.581147,2023,1,2,23
West,Knight Hall,2023-01-03T00:00:00,20.0,20.0,,,,,,,0.0138,0.0138,41.311922,-105.581147,2023,1,3,0
West,Knight Hall,2023-01-03T01:00:00,30.0,30.0,,,,,,,0.0207,0.0207,41.311922,-105.581147,2023,1,3,1
West,Knight Hall,2023-01-03T02:00:00,20.0,30.0,,,,,,,0.0138,0.0207,41.311922,-105.581147,2023,1,3,2
West,Knight Hall,2023-01-03T03:00:00,30.0,20.0,,,,,,,0.0207,0.0138,41.311922,-105.581147,2023,1,3,3
West,Knight Hall,2023-01-03T04:00:00,20.0,30.0,,,,,,,0.0138,0.0207,41.311922,-105.581147,2023,1,3,4
West,Knight Hall,2023-01-03T05:00:00,40.0,40.0,,,,,,,0.0276,0.0276,41.311922,-105.581147,2023,1,3,5
West,Knight Hall,2023-01-03T06:00:00,20.0,20.0,,,,3.17,,,0.0138,0.0138,41.311922,-105.581147,2023,1,3,6
West,Knight Hall,2023-01-03T07:00:00,60.0,30.0,,,,10.24,,,0.0414,0.0207,41.311922,-105.581147,2023,1,3,7
West,Knight Hall,2023-01-03T08:00:00,50.0,30.0,,,,0.5800000000000001,,,0.034499999999999996,0.0207,41.311922,-105.581147,2023,1,3,8
West,Knight Hall,2023-01-03T09:00:00,80.0,40.0,,,,4.87,,,0.0552,0.0276,41.311922,-105.581147,2023,1,3,9
West,Knight Hall,2023-01-03T10:00:00,60.0,20.0,,,,0.5800000000000001,,,0.0414,0.0138,41.311922,-105.581147,2023,1,3,10
West,Knight Hall,2023-01-03T11:00:00,70.0,40.0,,,,7.72,,,0.048299999999999996,0.0276,41.311922,-105.581147,2023,1,3,11
West,Knight Hall,2023-01-03T12:00:00,50.0,30.0,,,,0.02,,,0.034499999999999996,0.0207,41.311922,-105.581147,2023,1,3,12
West,Knight Hall,2023-01-03T13:00:00,70.0,30.0,,,,6.64,,,0.048299999999999996,0.0207,41.311922,-105.581147,2023,1,3,13
West,Knight Hall,2023-01-03T14:00:00,60.0,30.0,,,,1.92,,,0.0414,0.0207,41.311922,-105.581147,2023,1,3,14
West,Knight Hall,2023-01-03T15:00:00,70.0,40.0,,,,0.06,,,0.048299999999999996,0.0276,41.311922,-105.581147,2023,1,3,15
West,Knight Hall,2023-01-03T16:00:00,50.0,20.0,,,,1.85,,,0.034499999999999996,0.0138,41.311922,-105.581147,2023,1,3,16
West,Knight Hall,2023-01-03T17:00:00,50.0,40.0,,,,,,,0.034499999999999996,0.0276,41.311922,-105.581147,2023,1,3,17
West,Knight Hall,2023-01-03T18:00:00,30.0,20.0,,,,3.28,,,0.0207,0.0138,41.311922,-105.581147,2023,1,3,18
West,Knight Hall,2023-01-03T19:00:00,40.0,30.0,,,,0.78,,,0.0276,0.0207,41.311922,-105.581147,2023,1,3,19
West,Knight Hall,2023-01-03T20:00:00,30.0,30.0,,,,,,,0.0207,0.0207,41.311922,-105.581147,2023,1,3,20
West,Knight Hall,2023-01-03T21:00:00,40.0,30.0,,,,,,,0.0276,0.0207,41.311922,-105.581147,2023,1,3,21
West,Knight Hall,2023-01-03T22:00:00,30.0,20.0,,,,,,,0.0207,0.0138,41.311922,-105.581147,2023,1,3,22
West,Knight Hall,2023-01-03T23:00:00,30.0,30.0,,,,0.86,,,0.0207,0.0207,41.311922,-105.581147,2023,1,3,23
West,Knight Hall,2023-01-04T00:00:00,30.0,20.0,,,,,,,0.0207,0.0138,41.311922,-105.581147,2023,1,4,0
West,Knight Hall,2023-01-04T01:00:00,40.0,30.0,,,,,,,0.0276,0.0207,41.311922,-105.581147,2023,1,4,1
West,Knight Hall,2023-01-04T02:00:00,30.0,30.0,,,,,,,0.0207,0.0207,41.311922,-105.581147,2023,1,4,2
West,Knight Hall,2023-01-04T03:00:00,30.0,20.0,,,,1.21,,,0.0207,0.0138,41.311922,-105.581147,2023,1,4,3
West,Knight Hall,2023-01-04T04:00:00,40.0,30.0,,,,0.15,,,0.0276,0.0207,41.311922,-105.581147,2023,1,4,4
West,Knight Hall,2023-01-04T05:00:00,40.0,40.0,,,,0.06,,,0.0276,0.0276,41.311922,-105.581147,2023,1,4,5
West,Knight Hall,2023-01-04T06:00:00,30.0,20.0,,,,63.15,,,0.0207,0.0138,41.311922,-105.581147,2023,1,4,6
West,Knight Hall,2023-01-04T07:00:00,50.0,60.0,,,,69.21,,,0.034499999999999996,0.0414,41.311922,-105.581147,2023,1,4,7
West,Knight Hall,2023-01-04T08:00:00,60.0,50.0,,,,,,,0.0414,0.034499999999999996,41.311922,-105.581147,2023,1,4,8
West,Knight Hall,2023-01-04T09:00:00,80.0,,,,,,,,0.0552,,41.311922,-105.581147,2023,1,4,9
West,Knight Hall,2023-01-04T10:00:00,50.0,60.0,,,,97.2,,,0.034499999999999996,0.0414,41.311922,-105.581147,2023,1,4,10
West,Knight Hall,2023-01-04T11:00:00,80.0,80.0,,,,74.1,,,0.0552,0.0552,41.311922,-105.581147,2023,1,4,11
West,Knight Hall,2023-01-04T12:00:00,60.0,60.0,,,,63.540000000000006,,,0.0414,0.0414,41.311922,-105.581147,2023,1,4,12
West,Knight Hall,2023-01-04T13:00:00,60.0,80.0,,,,138.20999999999998,,,0.0414,0.0552,41.311922,-105.581147,2023,1,4,13
West,Knight Hall,2023-01-04T14:00:00,70.0,50.0,,,,87.96999999999998,,,0.048299999999999996,0.034499999999999996,41.311922,-105.581147,2023,1,4,14
West,Knight Hall,2023-01-04T15:00:00,60.0,80.0,,,,88.44,,,0.0414,0.0552,41.311922,-105.581147,2023,1,4,15
West,Knight Hall,2023-01-04T16:00:00,60.0,50.0,,,,100.32,,,0.0414,0.034499999999999996,41.311922,-105.581147,2023,1,4,16
West,Knight Hall,2023-01-04T17:00:00,50.0,60.0,,,,10.35,,,0.034499999999999996,0.0414,41.311922,-105.581147,2023,1,4,17
West,Knight Hall,2023-01-04T18:00:00,30.0,30.0,,,,12.57,,,0.0207,0.0207,41.311922,-105.581147,2023,1,4,18
West,Knight Hall,2023-01-04T19:00:00,30.0,40.0,,,,15.11,,,0.0207,0.0276,41.311922,-105.581147,2023,1,4,19
West,Knight Hall,2023-01-04T20:00:00,40.0,30.0,,,,11.79,,,0.0276,0.0207,41.311922,-105.581147,2023,1,4,20
West,Knight Hall,2023-01-04T21:00:00,30.0,30.0,,,,14.62,,,0.0207,0.0207,41.311922,-105.581147,2023,1,4,21
West,Knight Hall,2023-01-04T22:00:00,30.0,30.0,,,,0.06,,,0.0207,0.0207,41.311922,-105.581147,2023,1,4,22
West,Knight Hall,2023-01-04T23:00:00,40.0,30.0,,,,,,,0.0276,0.0207,41.311922,-105.581147,2023,1,4,23
West,Knight Hall,2023-01-05T00:00:00,20.0,20.0,,,,,,,0.0138,0.0138,41.311922,-105.581147,2023,1,5,0
West,Knight Hall,2023-01-05T01:00:00,40.0,30.0,,,,,,,0.0276,0.0207,41.311922,-105.581147,2023,1,5,1
West,Knight Hall,2023-01-05T02:00:00,30.0,20.0,,,,,,,0.0207,0.0138,41.311922,-105.581147,2023,1,5,2
West,Knight Hall,2023-01-05T03:00:00,30.0,30.0,,,,,,,0.0207,0.0207,41.311922,-105.581147,2023,1,5,3
West,Knight Hall,2023-01-05T04:00:00,30.0,30.0,,,,0.13,,,0.0207,0.0207,41.311922,-105.581147,2023,1,5,4
West,Knight Hall,2023-01-05T05:00:00,40.0,30.0,,,,0.88,,,0.0276,0.0207,41.311922,-105.581147,2023,1,5,5
West,Knight Hall,2023-01-05T06:00:00,30.0,30.0,,,,18.31,,,0.0207,0.0207,41.311922,-105.581147,2023,1,5,6
West,Knight Hall,2023-01-05T07:00:00,60.0,50.0,,,,94.5,,,0.0414,0.034499999999999996,41.311922,-105.581147,2023,1,5,7
West,Knight Hall,2023-01-05T08:00:00,60.0,60.0,,,,105.88,,,0.0414,0.0414,41.311922,-105.581147,2023,1,5,8
West,Knight Hall,2023-01-05T09:00:00,80.0,80.0,,,,160.76,,,0.0552,0.0552,41.311922,-105.581147,2023,1,5,9
West,Knight Hall,2023-01-05T10:00:00,50.0,60.0,,,,106.34,,,0.034499999999999996,0.0414,41.311922,-105.581147,2023,1,5,10
West,Knight Hall,2023-01-05T11:00:00,70.0,80.0,,,,64.04,,,0.048299999999999996,0.0552,41.311922,-105.581147,2023,1,5,11
West,Knight Hall,2023-01-05T12:00:00,60.0,60.0,,,,89.78,,,0.0414,0.0414,41.311922,-105.581147,2023,1,5,12
West,Knight Hall,2023-01-05T13:00:00,70.0,80.0,,,,81.97,,,0.048299999999999996,0.0552,41.311922,-105.581147,2023,1,5,13
West,Knight Hall,2023-01-05T14:00:00,60.0,60.0,,,,120.85,,,0.0414,0.0414,41.311922,-105.581147,2023,1,5,14
West,Knight Hall,2023-01-05T15:00:00,70.0,80.0,,,,,,,0.048299999999999996,0.0552,41.311922,-105.581147,2023,1,5,15
West,Knight Hall,2023-01-05T16:00:00,60.0,60.0,,,,,,,0.0414,0.0414,41.311922,-105.581147,2023,1,5,16
West,Knight Hall,2023-01-05T17:00:00,40.0,50.0,,,,,,,0.0276,0.034499999999999996,41.311922,-105.581147,2023,1,5,17
West,Knight Hall,2023-01-05T18:00:00,30.0,40.0,,,,,,,0.0207,0.0276,41.311922,-105.581147,2023,1,5,18
West,Knight Hall,2023-01-05T19:00:00,40.0,40.0,,,,75.83000000000001,,,0.0276,0.0276,41.311922,-105.581147,2023,1,5,19
West,Knight Hall,2023-01-05T20:00:00,30.0,30.0,,,,42.65,,,0.0207,0.0207,41.311922,-105.581147,2023,1,5,20
West,Knight Hall,2023-01-05T21:00:00,30.0,40.0,,,,1.32,,,0.0207,0.0276,41.311922,-105.581147,2023,1,5,21
West,Knight Hall,2023-01-05T22:00:00,30.0,20.0,,,,,,,0.0207,0.0138,41.311922,-105.581147,2023,1,5,22
West,Knight Hall,2023-01-05T23:00:00,30.0,30.0,,,,,,,0.0207,0.0207,41.311922,-105.581147,2023,1,5,23
West,Knight Hall,2023-01-06T00:00:00,30.0,20.0,,,,,,,0.0207,0.0138,41.311922,-105.581147,2023,1,6,0
West,Knight Hall,2023-01-06T01:00:00,30.0,40.0,,,,1.29,,,0.0207,0.0276,41.311922,-105.581147,2023,1,6,1
West,Knight Hall,2023-01-06T02:00:00,30.0,20.0,,,,0.9,,,0.0207,0.0138,41.311922,-105.581147,2023,1,6,2
West,Knight Hall,2023-01-06T03:00:00,30.0,30.0,,,,,,,0.0207,0.0207,41.311922,-105.581147,2023,1,6,3
West,Knight Hall,2023-01-06T04:00:00,40.0,30.0,,,,,,,0.0276,0.0207,41.311922,-105.581147,2023,1,6,4
West,Knight Hall,2023-01-06T05:00:00,30.0,40.0,,,,,,,0.0207,0.0276,41.311922,-105.581147,2023,1,6,5
West,Knight Hall,2023-01-06T06:00:00,30.0,20.0,,,,19.0,,,0.0207,0.0138,41.311922,-105.581147,2023,1,6,6
West,Knight Hall,2023-01-06T07:00:00,60.0,40.0,,,,95.19,,,0.0414,0.0276,41.311922,-105.581147,2023,1,6,7
West,Knight Hall,2023-01-06T08:00:00,50.0,70.0,,,,76.69,,,0.034499999999999996,0.048299999999999996,41.311922,-105.581147,2023,1,6,8
West,Knight Hall,2023-01-06T09:00:00,70.0,80.0,,,,96.08,,,0.048299999999999996,0.0552,41.311922,-105.581147,2023,1,6,9
West,Knight Hall,2023-01-06T10:00:00,70.0,60.0,,,,87.88,,,0.048299999999999996,0.0414,41.311922,-105.581147,2023,1,6,10
West,Knight Hall,2023-01-06T11:00:00,60.0,70.0,,,,82.32,,,0.0414,0.048299999999999996,41.311922,-105.581147,2023,1,6,11
West,Knight Hall,2023-01-06T12:00:00,70.0,70.0,,,,55.69,,,0.048299999999999996,0.048299999999999996,41.311922,-105.581147,2023,1,6,12
West,Knight Hall,2023-01-06T13:00:00,80.0,80.0,,,,95.43,,,0.0552,0.0552,41.311922,-105.581147,2023,1,6,13
West,Knight Hall,2023-01-06T14:00:00,50.0,60.0,,,,78.05000000000001,,,0.034499999999999996,0.0414,41.311922,-105.581147,2023,1,6,14
West,Knight Hall,2023-01-06T15:00:00,70.0,70.0,,,,80.85,,,0.048299999999999996,0.048299999999999996,41.311922,-105.581147,2023,1,6,15
West,Knight Hall,2023-01-06T16:00:00,60.0,60.0,,,,11.32,,,0.0414,0.0414,41.311922,-105.581147,2023,1,6,16
West,Knight Hall,2023-01-06T17:00:00,40.0,50.0,,,,4.16,,,0.0276,0.034499999999999996,41.311922,-105.581147,2023,1,6,17
West,Knight Hall,2023-01-06T18:00:00,30.0,30.0,,,,8.9,,,0.0207,0.0207,41.311922,-105.581147,2023,1,6,18
West,Knight Hall,2023-01-06T19:00:00,30.0,40.0,,,,32.690000000000005,,,0.0207,0.0276,41.311922,-105.581147,2023,1,6,19
West,Knight Hall,2023-01-06T20:00:00,30.0,30.0,,,,7.07,,,0.0207,0.0207,41.311922,-105.581147,2023,1,6,20
West,Knight Hall,2023-01-06T21:00:00,30.0,30.0,,,,4.16,,,0.0207,0.0207,41.311922,-105.581147,2023,1,6,21
West,Knight Hall,2023-01-06T22:00:00,30.0,20.0,,,,2.13,,,0.0207,0.0138,41.311922,-105.581147,2023,1,6,22
West,Knight Hall,2023-01-06T23:00:00,30.0,30.0,,,,,,,0.0207,0.0207,41.311922,-105.581147,2023,1,6,23
West,Knight Hall,2023-01-07T00:00:00,30.0,20.0,,,,,,,0.0207,0.0138,41.311922,-105.581147,2023,1,7,0
West,Knight Hall,2023-01-07T01:00:00,30.0,30.0,,,,,,,0.0207,0.0207,41.311922,-105.581147,2023,1,7,1
West,Knight Hall,2023-01-07T02:00:00,20.0,20.0,,,,,,,0.0138,0.0138,41.311922,-105.581147,2023,1,7,2
West,Knight Hall,2023-01-07T03:00:00,40.0,40.0,,,,1.25,,,0.0276,0.0276,41.311922,-105.581147,2023,1,7,3
West,Knight Hall,2023-01-07T04:00:00,20.0,20.0,,,,,,,0.0138,0.0138,41.311922,-105.581147,2023,1,7,4
West,Knight Hall,2023-01-07T05:00:00,30.0,30.0,,,,15.39,,,0.0207,0.0207,41.311922,-105.581147,2023,1,7,5
West,Knight Hall,2023-01-07T06:00:00,30.0,30.0,,,,17.08,,,0.0207,0.0207,41.311922,-105.581147,2023,1,7,6
West,Knight Hall,2023-01-07T07:00:00,20.0,50.0,,,,78.55,,,0.0138,0.034499999999999996,41.311922,-105.581147,2023,1,7,7
West,Knight Hall,2023-01-07T08:00:00,30.0,50.0,,,,78.03000000000002,,,0.0207,0.034499999999999996,41.311922,-105.581147,2023,1,7,8
West,Knight Hall,2023-01-07T09:00:00,30.0,80.0,,,,115.01,,,0.0207,0.0552,41.311922,-105.581147,2023,1,7,9
West,Knight Hall,2023-01-07T10:00:00,30.0,60.0,,,,,,,0.0207,0.0414,41.311922,-105.581147,2023,1,7,10
West,Knight Hall,2023-01-07T11:00:00,30.0,70.0,,,,159.31,,,0.0207,0.048299999999999996,41.311922,-105.581147,2023,1,7,11
West,Knight Hall,2023-01-07T12:00:00,20.0,60.0,,,,145.14999999999998,,,0.0138,0.0414,41.311922,-105.581147,2023,1,7,12
West,Knight Hall,2023-01-07T13:00:00,40.0,80.0,,,,156.48999999999998,,,0.0276,0.0552,41.311922,-105.581147,2023,1,7,13
West,Knight Hall,2023-01-07T14:00:00,20.0,50.0,,,,140.57999999999998,,,0.0138,0.034499999999999996,41.311922,-105.581147,2023,1,7,14
West,Knight Hall,2023-01-07T15:00:00,30.0,70.0,,,,,,,0.0207,0.048299999999999996,41.311922,-105.581147,2023,1,7,15
West,Knight Hall,2023-01-07T16:00:00,20.0,70.0,,,,116.06,,,0.0138,0.048299999999999996,41.311922,-105.581147,2023,1,7,16
West,Knight Hall,2023-01-07T17:00:00,30.0,50.0,,,,101.42,,,0.0207,0.034499999999999996,41.311922,-105.581147,2023,1,7,17
West,Knight Hall,2023-01-07T18:00:00,30.0,30.0,,,,34.07,,,0.0207,0.0207,41.311922,-105.581147,2023,1,7,18
West,Knight Hall,2023-01-07T19:00:00,30.0,40.0,,,,38.03,,,0.0207,0.0276,41.311922,-105.581147,2023,1,7,19
West,Knight Hall,2023-01-07T20:00:00,20.0,30.0,,,,23.52,,,0.0138,0.0207,41.311922,-105.581147,2023,1,7,20
West,Knight Hall,2023-01-07T21:00:00,30.0,30.0,,,,36.12,,,0.0207,0.0207,41.311922,-105.581147,2023,1,7,21
West,Knight Hall,2023-01-07T22:00:00,30.0,40.0,,,,21.620000000000005,,,0.0207,0.0276,41.311922,-105.581147,2023,1,7,22
West,Knight Hall,2023-01-07T23:00:00,30.0,30.0,,,,18.54,,,0.0207,0.0207,41.311922,-105.581147,2023,1,7,23
West,Knight Hall,2023-01-08T00:00:00,20.0,20.0,,,,16.97,,,0.0138,0.0138,41.311922,-105.581147,2023,1,8,0
West,Knight Hall,2023-01-08T01:00:00,30.0,30.0,,,,16.88,,,0.0207,0.0207,41.311922,-105.581147,2023,1,8,1
West,Knight Hall,2023-01-08T02:00:00,20.0,20.0,,,,14.77,,,0.0138,0.0138,41.311922,-105.581147,2023,1,8,2
West,Knight Hall,2023-01-08T03:00:00,30.0,40.0,,,,14.7,,,0.0207,0.0276,41.311922,-105.581147,2023,1,8,3
West,Knight Hall,2023-01-08T04:00:00,30.0,20.0,,,,13.39,,,0.0207,0.0138,41.311922,-105.581147,2023,1,8,4
West,Knight Hall,2023-01-08T05:00:00,20.0,30.0,,,,12.29,,,0.0138,0.0207,41.311922,-105.581147,2023,1,8,5
West,Knight Hall,2023-01-08T06:00:00,30.0,30.0,,,,13.6,,,0.0207,0.0207,41.311922,-105.581147,2023,1,8,6
West,Knight Hall,2023-01-08T07:00:00,30.0,30.0,,,,10.95,,,0.0207,0.0207,41.311922,-105.581147,2023,1,8,7
West,Knight Hall,2023-01-08T08:00:00,20.0,20.0,,,,14.580000000000002,,,0.0138,0.0138,41.311922,-105.581147,2023,1,8,8
West,Knight Hall,2023-01-08T09:00:00,40.0,40.0,,,,12.57,,,0.0276,0.0276,41.311922,-105.581147,2023,1,8,9
West,Knight Hall,2023-01-08T10:00:00,20.0,30.0,,,,11.45,,,0.0138,0.0207,41.311922,-105.581147,2023,1,8,10
West,Knight Hall,2023-01-08T11:00:00,30.0,30.0,,,,16.470000000000002,,,0.0207,0.0207,41.311922,-105.581147,2023,1,8,11
West,Knight Hall,2023-01-08T12:00:00,20.0,30.0,,,,13.76,,,0.0138,0.0207,41.311922,-105.581147,2023,1,8,12
West,Knight Hall,2023-01-08T13:00:00,30.0,30.0,,,,8.54,,,0.0207,0.0207,41.311922,-105.581147,2023,1,8,13
West,Knight Hall,2023-01-08T14:00:00,30.0,30.0,,,,8.43,,,0.0207,0.0207,41.311922,-105.581147,2023,1,8,14
West,Knight Hall,2023-01-08T15:00:00,30.0,30.0,,,,12.27,,,0.0207,0.0207,41.311922,-105.581147,2023,1,8,15
West,Knight Hall,2023-01-08T16:00:00,20.0,30.0,,,,8.56,,,0.0138,0.0207,41.311922,-105.581147,2023,1,8,16
West,Knight Hall,2023-01-08T17:00:00,30.0,30.0,,,,7.22,,,0.0207,0.0207,41.311922,-105.581147,2023,1,8,17
West,Knight Hall,2023-01-08T18:00:00,20.0,20.0,,,,7.290000000000001,,,0.0138,0.0138,41.311922,-105.581147,2023,1,8,18
West,Knight Hall,2023-01-08T19:00:00,40.0,40.0,,,,8.059999999999999,,,0.0276,0.0276,41.311922,-105.581147,2023,1,8,19
West,Knight Hall,2023-01-08T20:00:00,20.0,20.0,,,,7.27,,,0.0138,0.0138,41.311922,-105.581147,2023,1,8,20
West,Knight Hall,2023-01-08T21:00:00,30.0,30.0,,,,6.0600000000000005,,,0.0207,0.0207,41.311922,-105.581147,2023,1,8,21
West,Knight Hall,2023-01-08T22:00:00,20.0,30.0,,,,7.25,,,0.0138,0.0207,41.311922,-105.581147,2023,1,8,22
West,Knight Hall,2023-01-08T23:00:00,30.0,30.0,,,,6.08,,,0.0207,0.0207,41.311922,-105.581147,2023,1,8,23
West,Knight Hall,2023-01-09T00:00:00,20.0,20.0,,,,6.02,,,0.0138,0.0138,41.311922,-105.581147,2023,1,9,0
West,Knight Hall,2023-01-09T01:00:00,30.0,40.0,,,,6.1,,,0.0207,0.0276,41.311922,-105.581147,2023,1,9,1
West,Knight Hall,2023-01-09T02:00:00,30.0,20.0,,,,6.04,,,0.0207,0.0138,41.311922,-105.581147,2023,1,9,2
West,Knight Hall,2023-01-09T03:00:00,20.0,30.0,,,,6.12,,,0.0138,0.0207,41.311922,-105.581147,2023,1,9,3
West,Knight Hall,2023-01-09T04:00:00,30.0,20.0,,,,4.87,,,0.0207,0.0138,41.311922,-105.581147,2023,1,9,4
West,Knight Hall,2023-01-09T05:00:00,30.0,40.0,,,,6.1,,,0.0207,0.0276,41.311922,-105.581147,2023,1,9,5
West,Knight Hall,2023-01-09T06:00:00,30.0,20.0,,,,6.1,,,0.0207,0.0138,41.311922,-105.581147,2023,1,9,6
West,Knight Hall,2023-01-09T07:00:00,60.0,30.0,,,,5.67,,,0.0414,0.0207,41.311922,-105.581147,2023,1,9,7
West,Knight Hall,2023-01-09T08:00:00,60.0,30.0,,,,6.01,,,0.0414,0.0207,41.311922,-105.581147,2023,1,9,8
West,Knight Hall,2023-01-09T09:00:00,70.0,30.0,,,,4.83,,,0.048299999999999996,0.0207,41.311922,-105.581147,2023,1,9,9
West,Knight Hall,2023-01-09T10:00:00,70.0,30.0,,,,5.970000000000001,,,0.048299999999999996,0.0207,41.311922,-105.581147,2023,1,9,10
West,Knight Hall,2023-01-09T11:00:00,70.0,40.0,,,,4.8100000000000005,,,0.048299999999999996,0.0276,41.311922,-105.581147,2023,1,9,11
West,Knight Hall,2023-01-09T12:00:00,60.0,20.0,,,,5.0,,,0.0414,0.0138,41.311922,-105.581147,2023,1,9,12
West,Knight Hall,2023-01-09T13:00:00,70.0,40.0,,,,6.140000000000001,,,0.048299999999999996,0.0276,41.311922,-105.581147,2023,1,9,13
West,Knight Hall,2023-01-09T14:00:00,60.0,20.0,,,,4.85,,,0.0414,0.0138,41.311922,-105.581147,2023,1,9,14
West,Knight Hall,2023-01-09T15:00:00,80.0,40.0,,,,4.85,,,0.0552,0.0276,41.311922,-105.581147,2023,1,9,15
West,Knight Hall,2023-01-09T16:00:00,50.0,20.0,,,,8.149999999999999,,,0.034499999999999996,0.0138,41.311922,-105.581147,2023,1,9,16
West,Knight Hall,2023-01-09T17:00:00,40.0,30.0,,,,3.82,,,0.0276,0.0207,41.311922,-105.581147,2023,1,9,17
West,Knight Hall,2023-01-09T18:00:00,40.0,30.0,,,,5.02,,,0.0276,0.0207,41.311922,-105.581147,2023,1,9,18
West,Knight Hall,2023-01-09T19:00:00,30.0,30.0,,,,4.94,,,0.0207,0.0207,41.311922,-105.581147,2023,1,9,19
West,Knight Hall,2023-01-09T20:00:00,30.0,20.0,,,,4.92,,,0.0207,0.0138,41.311922,-105.581147,2023,1,9,20
West,Knight Hall,2023-01-09T21:00:00,30.0,40.0,,,,3.8,,,0.0207,0.0276,41.311922,-105.581147,2023,1,9,21
West,Knight Hall,2023-01-09T22:00:00,30.0,20.0,,,,5.84,,,0.0207,0.0138,41.311922,-105.581147,2023,1,9,22
West,Knight Hall,2023-01-09T23:00:00,20.0,30.0,,,,3.69,,,0.0138,0.0207,41.311922,-105.581147,2023,1,9,23
West,Knight Hall,2023-01-10T00:00:00,30.0,30.0,,,,4.9,,,0.0207,0.0207,41.311922,-105.581147,2023,1,10,0
West,Knight Hall,2023-01-10T01:00:00,30.0,30.0,,,,3.71,,,0.0207,0.0207,41.311922,-105.581147,2023,1,10,1
West,Knight Hall,2023-01-10T02:00:00,30.0,20.0,,,,4.96,,,0.0207,0.0138,41.311922,-105.581147,2023,1,10,2
West,Knight Hall,2023-01-10T03:00:00,30.0,30.0,,,,3.69,,,0.0207,0.0207,41.311922,-105.581147,2023,1,10,3
West,Knight Hall,2023-01-10T04:00:00,30.0,30.0,,,,6.430000000000001,,,0.0207,0.0207,41.311922,-105.581147,2023,1,10,4
West,Knight Hall,2023-01-10T05:00:00,30.0,40.0,,,,11.77,,,0.0207,0.0276,41.311922,-105.581147,2023,1,10,5
West,Knight Hall,2023-01-10T06:00:00,30.0,20.0,,,,27.43,,,0.0207,0.0138,41.311922,-105.581147,2023,1,10,6
West,Knight Hall,2023-01-10T07:00:00,60.0,60.0,,,,80.92,,,0.0414,0.0414,41.311922,-105.581147,2023,1,10,7
West,Knight Hall,2023-01-10T08:00:00,60.0,50.0,,,,156.4,,,0.0414,0.034499999999999996,41.311922,-105.581147,2023,1,10,8
West,Knight Hall,2023-01-10T09:00:00,60.0,,,,,122.46,,,0.0414,,41.311922,-105.581147,2023,1,10,9
West,Knight Hall,2023-01-10T10:00:00,70.0,60.0,,,,124.38,,,0.048299999999999996,0.0414,41.311922,-105.581147,2023,1,10,10
West,Knight Hall,2023-01-10T11:00:00,70.0,,,,,73.28,,,0.048299999999999996,,41.311922,-105.581147,2023,1,10,11
West,Knight Hall,2023-01-10T12:00:00,60.0,60.0,,,,40.49,,,0.0414,0.0414,41.311922,-105.581147,2023,1,10,12
West,Knight Hall,2023-01-10T13:00:00,70.0,80.0,,,,95.96999999999998,,,0.048299999999999996,0.0552,41.311922,-105.581147,2023,1,10,13
West,Knight Hall,2023-01-10T14:00:00,70.0,60.0,,,,139.04999999999998,,,0.048299999999999996,0.0414,41.311922,-105.581147,2023,1,10,14
West,Knight Hall,2023-01-10T15:00:00,80.0,,,,,156.62,,,0.0552,,41.311922,-105.581147,2023,1,10,15
West,Knight Hall,2023-01-10T16:00:00,50.0,50.0,,,,145.92,,,0.034499999999999996,0.034499999999999996,41.311922,-105.581147,2023,1,10,16
West,Knight Hall,2023-01-10T17:00:00,50.0,60.0,,,,34.970000000000006,,,0.034499999999999996,0.0414,41.311922,-105.581147,2023,1,10,17
West,Knight Hall,2023-01-10T18:00:00,30.0,30.0,,,,24.02,,,0.0207,0.0207,41.311922,-105.581147,2023,1,10,18
West,Knight Hall,2023-01-10T19:00:00,40.0,40.0,,,,6.58,,,0.0276,0.0276,41.311922,-105.581147,2023,1,10,19
West,Knight Hall,2023-01-10T20:00:00,30.0,30.0,,,,26.58,,,0.0207,0.0207,41.311922,-105.581147,2023,1,10,20
West,Knight Hall,2023-01-10T21:00:00,40.0,40.0,,,,11.34,,,0.0276,0.0276,41.311922,-105.581147,2023,1,10,21
West,Knight Hall,2023-01-10T22:00:00,30.0,20.0,,,,1.4,,,0.0207,0.0138,41.311922,-105.581147,2023,1,10,22
West,Knight Hall,2023-01-10T23:00:00,40.0,40.0,,,,,,,0.0276,0.0276,41.311922,-105.581147,2023,1,10,23
West,Knight Hall,2023-01-11T00:00:00,30.0,20.0,,,,,,,0.0207,0.0138,41.311922,-105.581147,2023,1,11,0
West,Knight Hall,2023-01-11T01:00:00,40.0,30.0,,,,,,,0.0276,0.0207,41.311922,-105.581147,2023,1,11,1
West,Knight Hall,2023-01-11T02:00:00,30.0,20.0,,,,,,,0.0207,0.0138,41.311922,-105.581147,2023,1,11,2
West,Knight Hall,2023-01-11T03:00:00,40.0,30.0,,,,,,,0.0276,0.0207,41.311922,-105.581147,2023,1,11,3
West,Knight Hall,2023-01-11T04:00:00,30.0,30.0,,,,3.75,,,0.0207,0.0207,41.311922,-105.581147,2023,1,11,4
West,Knight Hall,2023-01-11T05:00:00,30.0,30.0,,,,0.1699999999999999,,,0.0207,0.0207,41.311922,-105.581147,2023,1,11,5
West,Knight Hall,2023-01-11T06:00:00,40.0,30.0,,,,28.33,,,0.0276,0.0207,41.311922,-105.581147,2023,1,11,6
West,Knight Hall,2023-01-11T07:00:00,60.0,60.0,,,,89.37,,,0.0414,0.0414,41.311922,-105.581147,2023,1,11,7
West,Knight Hall,2023-01-11T08:00:00,60.0,50.0,,,,108.86,,,0.0414,0.034499999999999996,41.311922,-105.581147,2023,1,11,8
West,Knight Hall,2023-01-11T09:00:00,70.0,80.0,,,,143.85000000000002,,,0.048299999999999996,0.0552,41.311922,-105.581147,2023,1,11,9
West,Knight Hall,2023-01-11T10:00:00,70.0,70.0,,,,,,,0.048299999999999996,0.048299999999999996,41.311922,-105.581147,2023,1,11,10
West,Knight Hall,2023-01-11T11:00:00,80.0,70.0,,,,,,,0.0552,0.048299999999999996,41.311922,-105.581147,2023,1,11,11
West,Knight Hall,2023-01-11T12:00:00,50.0,60.0,,,,,,,0.034499999999999996,0.0414,41.311922,-105.581147,2023,1,11,12
West,Knight Hall,2023-01-11T13:00:00,,80.0,,,,,,,,0.0552,41.311922,-105.581147,2023,1,11,13
West,Knight Hall,2023-01-11T14:00:00,60.0,60.0,,,,158.04,,,0.0414,0.0414,41.311922,-105.581147,2023,1,11,14
West,Knight Hall,2023-01-11T15:00:00,70.0,70.0,,,,,,,0.048299999999999996,0.048299999999999996,41.311922,-105.581147,2023,1,11,15
West,Knight Hall,2023-01-11T16:00:00,70.0,70.0,,,,,,,0.048299999999999996,0.048299999999999996,41.311922,-105.581147,2023,1,11,16
West,Knight Hall,2023-01-11T17:00:00,50.0,50.0,,,,88.89999999999999,,,0.034499999999999996,0.034499999999999996,41.311922,-105.581147,2023,1,11,17
West,Knight Hall,2023-01-11T18:00:00,30.0,40.0,,,,23.55,,,0.0207,0.0276,41.311922,-105.581147,2023,1,11,18
West,Knight Hall,2023-01-11T19:00:00,40.0,40.0,,,,16.470000000000002,,,0.0276,0.0276,41.311922,-105.581147,2023,1,11,19
West,Knight Hall,2023-01-11T20:00:00,30.0,20.0,,,,31.130000000000003,,,0.0207,0.0138,41.311922,-105.581147,2023,1,11,20
West,Knight Hall,2023-01-11T21:00:00,40.0,40.0,,,,34.91,,,0.0276,0.0276,41.311922,-105.581147,2023,1,11,21
West,Knight Hall,2023-01-11T22:00:00,20.0,30.0,,,,3.62,,,0.0138,0.0207,41.311922,-105.581147,2023,1,11,22
West,Knight Hall,2023-01-11T23:00:00,40.0,30.0,,,,2.39,,,0.0276,0.0207,41.311922,-105.581147,2023,1,11,23
West,Knight Hall,2023-01-12T00:00:00,30.0,20.0,,,,3.54,,,0.0207,0.0138,41.311922,-105.581147,2023,1,12,0
West,Knight Hall,2023-01-12T01:00:00,40.0,30.0,,,,1.16,,,0.0276,0.0207,41.311922,-105.581147,2023,1,12,1
West,Knight Hall,2023-01-12T02:00:00,30.0,20.0,,,,2.31,,,0.0207,0.0138,41.311922,-105.581147,2023,1,12,2
West,Knight Hall,2023-01-12T03:00:00,40.0,40.0,,,,1.14,,,0.0276,0.0276,41.311922,-105.581147,2023,1,12,3
West,Knight Hall,2023-01-12T04:00:00,30.0,20.0,,,,5.709999999999999,,,0.0207,0.0138,41.311922,-105.581147,2023,1,12,4
West,Knight Hall,2023-01-12T05:00:00,40.0,30.0,,,,1.29,,,0.0276,0.0207,41.311922,-105.581147,2023,1,12,5
West,Knight Hall,2023-01-12T06:00:00,30.0,30.0,,,,24.24,,,0.0207,0.0207,41.311922,-105.581147,2023,1,12,6
West,Knight Hall,2023-01-12T07:00:00,60.0,50.0,,,,69.28,,,0.0414,0.034499999999999996,41.311922,-105.581147,2023,1,12,7
West,Knight Hall,2023-01-12T08:00:00,60.0,60.0,,,,116.19,,,0.0414,0.0414,41.311922,-105.581147,2023,1,12,8
West,Knight Hall,2023-01-12T09:00:00,80.0,,,,,,,,0.0552,,41.311922,-105.581147,2023,1,12,9
West,Knight Hall,2023-01-12T10:00:00,60.0,60.0,,,,106.62,,,0.0414,0.0414,41.311922,-105.581147,2023,1,12,10
West,Knight Hall,2023-01-12T11:00:00,,80.0,,,,158.8,,,,0.0552,41.311922,-105.581147,2023,1,12,11
West,Knight Hall,2023-01-12T12:00:00,50.0,50.0,,,,,,,0.034499999999999996,0.034499999999999996,41.311922,-105.581147,2023,1,12,12
West,Knight Hall,2023-01-12T13:00:00,,70.0,,,,,,,,0.048299999999999996,41.311922,-105.581147,2023,1,12,13
West,Knight Hall,2023-01-12T14:00:00,60.0,70.0,,,,,,,0.0414,0.048299999999999996,41.311922,-105.581147,2023,1,12,14
West,Knight Hall,2023-01-12T15:00:00,80.0,80.0,,,,,,,0.0552,0.0552,41.311922,-105.581147,2023,1,12,15
West,Knight Hall,2023-01-12T16:00:00,50.0,60.0,,,,,,,0.034499999999999996,0.0414,41.311922,-105.581147,2023,1,12,16
West,Knight Hall,2023-01-12T17:00:00,60.0,50.0,,,,82.77,,,0.0414,0.034499999999999996,41.311922,-105.581147,2023,1,12,17
West,Knight Hall,2023-01-12T18:00:00,30.0,30.0,,,,5.460000000000001,,,0.0207,0.0207,41.311922,-105.581147,2023,1,12,18
West,Knight Hall,2023-01-12T19:00:00,40.0,40.0,,,,22.21,,,0.0276,0.0276,41.311922,-105.581147,2023,1,12,19
West,Knight Hall,2023-01-12T20:00:00,20.0,30.0,,,,29.62,,,0.0138,0.0207,41.311922,-105.581147,2023,1,12,20
West,Knight Hall,2023-01-12T21:00:00,40.0,30.0,,,,10.26,,,0.0276,0.0207,41.311922,-105.581147,2023,1,12,21
West,Knight Hall,2023-01-12T22:00:00,30.0,30.0,,,,0.07,,,0.0207,0.0207,41.311922,-105.581147,2023,1,12,22
West,Knight Hall,2023-01-12T23:00:00,30.0,30.0,,,,1.1,,,0.0207,0.0207,41.311922,-105.581147,2023,1,12,23
West,Knight Hall,2023-01-13T00:00:00,30.0,20.0,,,,0.43,,,0.0207,0.0138,41.311922,-105.581147,2023,1,13,0
West,Knight Hall,2023-01-13T01:00:00,40.0,30.0,,,,2.31,,,0.0276,0.0207,41.311922,-105.581147,2023,1,13,1
West,Knight Hall,2023-01-13T02:00:00,20.0,20.0,,,,0.4499999999999999,,,0.0138,0.0138,41.311922,-105.581147,2023,1,13,2
West,Knight Hall,2023-01-13T03:00:00,40.0,40.0,,,,0.15,,,0.0276,0.0276,41.311922,-105.581147,2023,1,13,3
West,Knight Hall,2023-01-13T04:00:00,30.0,20.0,,,,0.21,,,0.0207,0.0138,41.311922,-105.581147,2023,1,13,4
West,Knight Hall,2023-01-13T05:00:00,40.0,40.0,,,,2.16,,,0.0276,0.0276,41.311922,-105.581147,2023,1,13,5
West,Knight Hall,2023-01-13T06:00:00,30.0,20.0,,,,27.84,,,0.0207,0.0138,41.311922,-105.581147,2023,1,13,6
West,Knight Hall,2023-01-13T07:00:00,70.0,50.0,,,,53.28,,,0.048299999999999996,0.034499999999999996,41.311922,-105.581147,2023,1,13,7
West,Knight Hall,2023-01-13T08:00:00,50.0,60.0,,,,119.75,,,0.034499999999999996,0.0414,41.311922,-105.581147,2023,1,13,8
West,Knight Hall,2023-01-13T09:00:00,70.0,80.0,,,,,,,0.048299999999999996,0.0552,41.311922,-105.581147,2023,1,13,9
West,Knight Hall,2023-01-13T10:00:00,70.0,60.0,,,,,,,0.048299999999999996,0.0414,41.311922,-105.581147,2023,1,13,10
West,Knight Hall,2023-01-13T11:00:00,,,,,,,,,,,41.311922,-105.581147,2023,1,13,11
West,Knight Hall,2023-01-13T12:00:00,50.0,50.0,,,,89.25999999999999,,,0.034499999999999996,0.034499999999999996,41.311922,-105.581147,2023,1,13,12
West,Knight Hall,2023-01-13T13:00:00,80.0,70.0,,,,120.14,,,0.0552,0.048299999999999996,41.311922,-105.581147,2023,1,13,13
West,Knight Hall,2023-01-13T14:00:00,60.0,70.0,,,,55.8,,,0.0414,0.048299999999999996,41.311922,-105.581147,2023,1,13,14
West,Knight Hall,2023-01-13T15:00:00,80.0,70.0,,,,96.46,,,0.0552,0.048299999999999996,41.311922,-105.581147,2023,1,13,15
West,Knight Hall,2023-01-13T16:00:00,50.0,60.0,,,,62.55,,,0.034499999999999996,0.0414,41.311922,-105.581147,2023,1,13,16
West,Knight Hall,2023-01-13T17:00:00,50.0,60.0,,,,52.57,,,0.034499999999999996,0.0414,41.311922,-105.581147,2023,1,13,17
West,Knight Hall,2023-01-13T18:00:00,30.0,30.0,,,,1.27,,,0.0207,0.0207,41.311922,-105.581147,2023,1,13,18
West,Knight Hall,2023-01-13T19:00:00,40.0,40.0,,,,20.27,,,0.0276,0.0276,41.311922,-105.581147,2023,1,13,19
West,Knight Hall,2023-01-13T20:00:00,30.0,30.0,,,,3.3,,,0.0207,0.0207,41.311922,-105.581147,2023,1,13,20
West,Knight Hall,2023-01-13T21:00:00,30.0,30.0,,,,22.88,,,0.0207,0.0207,41.311922,-105.581147,2023,1,13,21
West,Knight Hall,2023-01-13T22:00:00,30.0,30.0,,,,,,,0.0207,0.0207,41.311922,-105.581147,2023,1,13,22
West,Knight Hall,2023-01-13T23:00:00,30.0,30.0,,,,,,,0.0207,0.0207,41.311922,-105.581147,2023,1,13,23
West,Knight Hall,2023-01-14T00:00:00,30.0,20.0,,,,,,,0.0207,0.0138,41.311922,-105.581147,2023,1,14,0
West,Knight Hall,2023-01-14T01:00:00,30.0,30.0,,,,,,,0.0207,0.0207,41.311922,-105.581147,2023,1,14,1
West,Knight Hall,2023-01-14T02:00:00,30.0,20.0,,,,0.88,,,0.0207,0.0138,41.311922,-105.581147,2023,1,14,2
West,Knight Hall,2023-01-14T03:00:00,30.0,30.0,,,,,,,0.0207,0.0207,41.311922,-105.581147,2023,1,14,3
West,Knight Hall,2023-01-14T04:00:00,20.0,30.0,,,,3.75,,,0.0138,0.0207,41.311922,-105.581147,2023,1,14,4
West,Knight Hall,2023-01-14T05:00:00,40.0,30.0,,,,3.11,,,0.0276,0.0207,41.311922,-105.581147,2023,1,14,5
West,Knight Hall,2023-01-14T06:00:00,20.0,30.0,,,,34.41,,,0.0138,0.0207,41.311922,-105.581147,2023,1,14,6
West,Knight Hall,2023-01-14T07:00:00,40.0,50.0,,,,84.60999999999999,,,0.0276,0.034499999999999996,41.311922,-105.581147,2023,1,14,7
West,Knight Hall,2023-01-14T08:00:00,30.0,60.0,,,,108.37,,,0.0207,0.0414,41.311922,-105.581147,2023,1,14,8
West,Knight Hall,2023-01-14T09:00:00,30.0,80.0,,,,,,,0.0207,0.0552,41.311922,-105.581147,2023,1,14,9
West,Knight Hall,2023-01-14T10:00:00,30.0,60.0,,,,,,,0.0207,0.0414,41.311922,-105.581147,2023,1,14,10
West,Knight Hall,2023-01-14T11:00:00,40.0,,,,,83.87,,,0.0276,,41.311922,-105.581147,2023,1,14,11
West,Knight Hall,2023-01-14T12:00:00,20.0,60.0,,,,75.49000000000001,,,0.0138,0.0414,41.311922,-105.581147,2023,1,14,12
West,Knight Hall,2023-01-14T13:00:00,40.0,80.0,,,,,,,0.0276,0.0552,41.311922,-105.581147,2023,1,14,13
West,Knight Hall,2023-01-14T14:00:00,30.0,60.0,,,,,,,0.0207,0.0414,41.311922,-105.581147,2023,1,14,14
West,Knight Hall,2023-01-14T15:00:00,30.0,70.0,,,,60.43,,,0.0207,0.048299999999999996,41.311922,-105.581147,2023,1,14,15
West,Knight Hall,2023-01-14T16:00:00,20.0,50.0,,,,21.54,,,0.0138,0.034499999999999996,41.311922,-105.581147,2023,1,14,16
West,Knight Hall,2023-01-14T17:00:00,40.0,50.0,,,,67.01,,,0.0276,0.034499999999999996,41.311922,-105.581147,2023,1,14,17
West,Knight Hall,2023-01-14T18:00:00,20.0,40.0,,,,0.35,,,0.0138,0.0276,41.311922,-105.581147,2023,1,14,18
West,Knight Hall,2023-01-14T19:00:00,30.0,30.0,,,,25.21,,,0.0207,0.0207,41.311922,-105.581147,2023,1,14,19
West,Knight Hall,2023-01-14T20:00:00,20.0,40.0,,,,32.0,,,0.0138,0.0276,41.311922,-105.581147,2023,1,14,20
West,Knight Hall,2023-01-14T21:00:00,40.0,40.0,,,,9.81,,,0.0276,0.0276,41.311922,-105.581147,2023,1,14,21
West,Knight Hall,2023-01-14T22:00:00,20.0,30.0,,,,0.84,,,0.0138,0.0207,41.311922,-105.581147,2023,1,14,22
West,Knight Hall,2023-01-14T23:00:00,30.0,30.0,,,,,,,0.0207,0.0207,41.311922,-105.581147,2023,1,14,23
West,Knight Hall,2023-01-15T00:00:00,20.0,20.0,,,,,,,0.0138,0.0138,41.311922,-105.581147,2023,1,15,0
West,Knight Hall,2023-01-15T01:00:00,40.0,30.0,,,,,,,0.0276,0.0207,41.311922,-105.581147,2023,1,15,1
West,Knight Hall,2023-01-15T02:00:00,20.0,30.0,,,,,,,0.0138,0.0207,41.311922,-105.581147,2023,1,15,2
West,Knight Hall,2023-01-15T03:00:00,30.0,30.0,,,,1.27,,,0.0207,0.0207,41.311922,-105.581147,2023,1,15,3
West,Knight Hall,2023-01-15T04:00:00,20.0,20.0,,,,0.6900000000000001,,,0.0138,0.0138,41.311922,-105.581147,2023,1,15,4
West,Knight Hall,2023-01-15T05:00:00,40.0,30.0,,,,0.06,,,0.0276,0.0207,41.311922,-105.581147,2023,1,15,5
West,Knight Hall,2023-01-15T06:00:00,20.0,30.0,,,,,,,0.0138,0.0207,41.311922,-105.581147,2023,1,15,6
West,Knight Hall,2023-01-15T07:00:00,30.0,30.0,,,,1.4700000000000002,,,0.0207,0.0207,41.311922,-105.581147,2023,1,15,7
West,Knight Hall,2023-01-15T08:00:00,30.0,20.0,,,,0.67,,,0.0207,0.0138,41.311922,-105.581147,2023,1,15,8
West,Knight Hall,2023-01-15T09:00:00,30.0,40.0,,,,0.6900000000000001,,,0.0207,0.0276,41.311922,-105.581147,2023,1,15,9
West,Knight Hall,2023-01-15T10:00:00,30.0,20.0,,,,1.92,,,0.0207,0.0138,41.311922,-105.581147,2023,1,15,10
West,Knight Hall,2023-01-15T11:00:00,30.0,40.0,,,,1.08,,,0.0207,0.0276,41.311922,-105.581147,2023,1,15,11
West,Knight Hall,2023-01-15T12:00:00,30.0,20.0,,,,0.88,,,0.0207,0.0138,41.311922,-105.581147,2023,1,15,12
West,Knight Hall,2023-01-15T13:00:00,40.0,40.0,,,,21.75,,,0.0276,0.0276,41.311922,-105.581147,2023,1,15,13
West,Knight Hall,2023-01-15T14:00:00,30.0,30.0,,,,4.3500000000000005,,,0.0207,0.0207,41.311922,-105.581147,2023,1,15,14
West,Knight Hall,2023-01-15T15:00:00,30.0,30.0,,,,1.9,,,0.0207,0.0207,41.311922,-105.581147,2023,1,15,15
West,Knight Hall,2023-01-15T16:00:00,20.0,20.0,,,,0.09,,,0.0138,0.0138,41.311922,-105.581147,2023,1,15,16
West,Knight Hall,2023-01-15T17:00:00,40.0,30.0,,,,1.98,,,0.0276,0.0207,41.311922,-105.581147,2023,1,15,17
West,Knight Hall,2023-01-15T18:00:00,20.0,30.0,,,,0.11,,,0.0138,0.0207,41.311922,-105.581147,2023,1,15,18
West,Knight Hall,2023-01-15T19:00:00,30.0,30.0,,,,,,,0.0207,0.0207,41.311922,-105.581147,2023,1,15,19
West,Knight Hall,2023-01-15T20:00:00,20.0,20.0,,,,0.02,,,0.0138,0.0138,41.311922,-105.581147,2023,1,15,20
West,Knight Hall,2023-01-15T21:00:00,40.0,30.0,,,,,,,0.0276,0.0207,41.311922,-105.581147,2023,1,15,21
West,Knight Hall,2023-01-15T22:00:00,20.0,20.0,,,,,,,0.0138,0.0138,41.311922,-105.581147,2023,1,15,22
West,Knight Hall,2023-01-15T23:00:00,30.0,40.0,,,,,,,0.0207,0.0276,41.311922,-105.581147,2023,1,15,23
West,Knight Hall,2023-01-16T00:00:00,20.0,20.0,,,,0.07,,,0.0138,0.0138,41.311922,-105.581147,2023,1,16,0
West,Knight Hall,2023-01-16T01:00:00,40.0,30.0,,,,,,,0.0276,0.0207,41.311922,-105.581147,2023,1,16,1
West,Knight Hall,2023-01-16T02:00:00,20.0,30.0,,,,,,,0.0138,0.0207,41.311922,-105.581147,2023,1,16,2
West,Knight Hall,2023-01-16T03:00:00,30.0,30.0,,,,,,,0.0207,0.0207,41.311922,-105.581147,2023,1,16,3
West,Knight Hall,2023-01-16T04:00:00,30.0,20.0,,,,,,,0.0207,0.0138,41.311922,-105.581147,2023,1,16,4
West,Knight Hall,2023-01-16T05:00:00,30.0,40.0,,,,,,,0.0207,0.0276,41.311922,-105.581147,2023,1,16,5
West,Knight Hall,2023-01-16T06:00:00,30.0,20.0,,,,0.06,,,0.0207,0.0138,41.311922,-105.581147,2023,1,16,6
West,Knight Hall,2023-01-16T07:00:00,40.0,30.0,,,,0.11,,,0.0276,0.0207,41.311922,-105.581147,2023,1,16,7
West,Knight Hall,2023-01-16T08:00:00,20.0,30.0,,,,0.17,,,0.0138,0.0207,41.311922,-105.581147,2023,1,16,8
West,Knight Hall,2023-01-16T09:00:00,40.0,40.0,,,,0.73,,,0.0276,0.0276,41.311922,-105.581147,2023,1,16,9
West,Knight Hall,2023-01-16T10:00:00,30.0,20.0,,,,0.04,,,0.0207,0.0138,41.311922,-105.581147,2023,1,16,10
West,Knight Hall,2023-01-16T11:00:00,40.0,40.0,,,,0.19,,,0.0276,0.0276,41.311922,-105.581147,2023,1,16,11
West,Knight Hall,2023-01-16T12:00:00,30.0,20.0,,,,0.43,,,0.0207,0.0138,41.311922,-105.581147,2023,1,16,12
West,Knight Hall,2023-01-16T13:00:00,40.0,40.0,,,,0.22,,,0.0276,0.0276,41.311922,-105.581147,2023,1,16,13
West,Knight Hall,2023-01-16T14:00:00,20.0,20.0,,,,0.13,,,0.0138,0.0138,41.311922,-105.581147,2023,1,16,14
West,Knight Hall,2023-01-16T15:00:00,40.0,40.0,,,,0.17,,,0.0276,0.0276,41.311922,-105.581147,2023,1,16,15
West,Knight Hall,2023-01-16T16:00:00,30.0,20.0,,,,0.99,,,0.0207,0.0138,41.311922,-105.581147,2023,1,16,16
West,Knight Hall,2023-01-16T17:00:00,40.0,30.0,,,,6.79,,,0.0276,0.0207,41.311922,-105.581147,2023,1,16,17
West,Knight Hall,2023-01-16T18:00:00,20.0,30.0,,,,4.699999999999999,,,0.0138,0.0207,41.311922,-105.581147,2023,1,16,18
West,Knight Hall,2023-01-16T19:00:00,30.0,30.0,,,,0.19,,,0.0207,0.0207,41.311922,-105.581147,2023,1,16,19
West,Knight Hall,2023-01-16T20:00:00,30.0,30.0,,,,,,,0.0207,0.0207,41.311922,-105.581147,2023,1,16,20
West,Knight Hall,2023-01-16T21:00:00,30.0,30.0,,,,0.02,,,0.0207,0.0207,41.311922,-105.581147,2023,1,16,21
West,Knight Hall,2023-01-16T22:00:00,20.0,20.0,,,,,,,0.0138,0.0138,41.311922,-105.581147,2023,1,16,22
West,Knight Hall,2023-01-16T23:00:00,40.0,40.0,,,,0.02,,,0.0276,0.0276,41.311922,-105.581147,2023,1,16,23
West,Knight Hall,2023-01-17T00:00:00,20.0,30.0,,,,0.02,,,0.0138,0.0207,41.311922,-105.581147,2023,1,17,0
West,Knight Hall,2023-01-17T01:00:00,30.0,30.0,,,,,,,0.0207,0.0207,41.311922,-105.581147,2023,1,17,1
West,Knight Hall,2023-01-17T02:00:00,20.0,20.0,,,,,,,0.0138,0.0138,41.311922,-105.581147,2023,1,17,2
West,Knight Hall,2023-01-17T03:00:00,40.0,30.0,,,,,,,0.0276,0.0207,41.311922,-105.581147,2023,1,17,3
West,Knight Hall,2023-01-17T04:00:00,20.0,30.0,,,,,,,0.0138,0.0207,41.311922,-105.581147,2023,1,17,4
West,Knight Hall,2023-01-17T05:00:00,40.0,40.0,,,,0.06,,,0.0276,0.0276,41.311922,-105.581147,2023,1,17,5
West,Knight Hall,2023-01-17T06:00:00,30.0,20.0,,,,3.3,,,0.0207,0.0138,41.311922,-105.581147,2023,1,17,6
West,Knight Hall,2023-01-17T07:00:00,60.0,40.0,,,,3.6,,,0.0414,0.0276,41.311922,-105.581147,2023,1,17,7
West,Knight Hall,2023-01-17T08:00:00,60.0,30.0,,,,2.42,,,0.0414,0.0207,41.311922,-105.581147,2023,1,17,8
West,Knight Hall,2023-01-17T09:00:00,,40.0,,,,1.21,,,,0.0276,41.311922,-105.581147,2023,1,17,9
West,Knight Hall,2023-01-17T10:00:00,60.0,20.0,,,,0.54,,,0.0414,0.0138,41.311922,-105.581147,2023,1,17,10
West,Knight Hall,2023-01-17T11:00:00,80.0,40.0,,,,0.28,,,0.0552,0.0276,41.311922,-105.581147,2023,1,17,11
West,Knight Hall,2023-01-17T12:00:00,60.0,30.0,,,,2.01,,,0.0414,0.0207,41.311922,-105.581147,2023,1,17,12
West,Knight Hall,2023-01-17T13:00:00,80.0,30.0,,,,0.6,,,0.0552,0.0207,41.311922,-105.581147,2023,1,17,13
West,Knight Hall,2023-01-17T14:00:00,60.0,30.0,,,,0.35,,,0.0414,0.0207,41.311922,-105.581147,2023,1,17,14
West,Knight Hall,2023-01-17T15:00:00,,40.0,,,,8.75,,,,0.0276,41.311922,-105.581147,2023,1,17,15
West,Knight Hall,2023-01-17T16:00:00,60.0,20.0,,,,0.34,,,0.0414,0.0138,41.311922,-105.581147,2023,1,17,16
West,Knight Hall,2023-01-17T17:00:00,50.0,40.0,,,,1.73,,,0.034499999999999996,0.0276,41.311922,-105.581147,2023,1,17,17
West,Knight Hall,2023-01-17T18:00:00,30.0,30.0,,,,5.89,,,0.0207,0.0207,41.311922,-105.581147,2023,1,17,18
West,Knight Hall,2023-01-17T19:00:00,50.0,30.0,,,,0.02,,,0.034499999999999996,0.0207,41.311922,-105.581147,2023,1,17,19
West,Knight Hall,2023-01-17T20:00:00,30.0,30.0,,,,,,,0.0207,0.0207,41.311922,-105.581147,2023,1,17,20
West,Knight Hall,2023-01-17T21:00:00,40.0,30.0,,,,,,,0.0276,0.0207,41.311922,-105.581147,2023,1,17,21
West,Knight Hall,2023-01-17T22:00:00,30.0,20.0,,,,,,,0.0207,0.0138,41.311922,-105.581147,2023,1,17,22
West,Knight Hall,2023-01-17T23:00:00,40.0,30.0,,,,,,,0.0276,0.0207,41.311922,-105.581147,2023,1,17,23
West,Knight Hall,2023-01-18T00:00:00,30.0,30.0,,,,,,,0.0207,0.0207,41.311922,-105.581147,2023,1,18,0
West,Knight Hall,2023-01-18T01:00:00,30.0,30.0,,,,,,,0.0207,0.0207,41.311922,-105.581147,2023,1,18,1
West,Knight Hall,2023-01-18T02:00:00,30.0,20.0,,,,,,,0.0207,0.0138,41.311922,-105.581147,2023,1,18,2
West,Knight Hall,2023-01-18T03:00:00,40.0,30.0,,,,,,,0.0276,0.0207,41.311922,-105.581147,2023,1,18,3
West,Knight Hall,2023-01-18T04:00:00,30.0,30.0,,,,0.11,,,0.0207,0.0207,41.311922,-105.581147,2023,1,18,4
West,Knight Hall,2023-01-18T05:00:00,50.0,40.0,,,,10.37,,,0.034499999999999996,0.0276,41.311922,-105.581147,2023,1,18,5
West,Knight Hall,2023-01-18T06:00:00,40.0,20.0,,,,23.54,,,0.0276,0.0138,41.311922,-105.581147,2023,1,18,6
West,Knight Hall,2023-01-18T07:00:00,40.0,50.0,,,,83.23,,,0.0276,0.034499999999999996,41.311922,-105.581147,2023,1,18,7
West,Knight Hall,2023-01-18T08:00:00,80.0,60.0,,,,,,,0.0552,0.0414,41.311922,-105.581147,2023,1,18,8
West,Knight Hall,2023-01-18T09:00:00,80.0,,,,,167.72,,,0.0552,,41.311922,-105.581147,2023,1,18,9
West,Knight Hall,2023-01-18T10:00:00,70.0,60.0,,,,120.22,,,0.048299999999999996,0.0414,41.311922,-105.581147,2023,1,18,10
West,Knight Hall,2023-01-18T11:00:00,80.0,,,,,117.44,,,0.0552,,41.311922,-105.581147,2023,1,18,11
West,Knight Hall,2023-01-18T12:00:00,70.0,60.0,,,,50.15,,,0.048299999999999996,0.0414,41.311922,-105.581147,2023,1,18,12
West,Knight Hall,2023-01-18T13:00:00,80.0,80.0,,,,95.67,,,0.0552,0.0552,41.311922,-105.581147,2023,1,18,13
West,Knight Hall,2023-01-18T14:00:00,70.0,60.0,,,,,,,0.048299999999999996,0.0414,41.311922,-105.581147,2023,1,18,14
West,Knight Hall,2023-01-18T15:00:00,,,,,,,,,,,41.311922,-105.581147,2023,1,18,15
West,Knight Hall,2023-01-18T16:00:00,60.0,50.0,,,,72.51,,,0.0414,0.034499999999999996,41.311922,-105.581147,2023,1,18,16
West,Knight Hall,2023-01-18T17:00:00,50.0,60.0,,,,42.07,,,0.034499999999999996,0.0414,41.311922,-105.581147,2023,1,18,17
West,Knight Hall,2023-01-18T18:00:00,40.0,30.0,,,,20.25,,,0.0276,0.0207,41.311922,-105.581147,2023,1,18,18
West,Knight Hall,2023-01-18T19:00:00,40.0,40.0,,,,14.73,,,0.0276,0.0276,41.311922,-105.581147,2023,1,18,19
West,Knight Hall,2023-01-18T20:00:00,20.0,30.0,,,,9.4,,,0.0138,0.0207,41.311922,-105.581147,2023,1,18,20
West,Knight Hall,2023-01-18T21:00:00,40.0,40.0,,,,36.18,,,0.0276,0.0276,41.311922,-105.581147,2023,1,18,21
West,Knight Hall,2023-01-18T22:00:00,20.0,20.0,,,,2.18,,,0.0138,0.0138,41.311922,-105.581147,2023,1,18,22
West,Knight Hall,2023-01-18T23:00:00,40.0,30.0,,,,,,,0.0276,0.0207,41.311922,-105.581147,2023,1,18,23
West,Knight Hall,2023-01-19T00:00:00,20.0,30.0,,,,,,,0.0138,0.0207,41.311922,-105.581147,2023,1,19,0
West,Knight Hall,2023-01-19T01:00:00,30.0,30.0,,,,,,,0.0207,0.0207,41.311922,-105.581147,2023,1,19,1
West,Knight Hall,2023-01-19T02:00:00,30.0,20.0,,,,,,,0.0207,0.0138,41.311922,-105.581147,2023,1,19,2
West,Knight Hall,2023-01-19T03:00:00,30.0,30.0,,,,,,,0.0207,0.0207,41.311922,-105.581147,2023,1,19,3
West,Knight Hall,2023-01-19T04:00:00,30.0,30.0,,,,,,,0.0207,0.0207,41.311922,-105.581147,2023,1,19,4
West,Knight Hall,2023-01-19T05:00:00,40.0,30.0,,,,,,,0.0276,0.0207,41.311922,-105.581147,2023,1,19,5
West,Knight Hall,2023-01-19T06:00:00,30.0,30.0,,,,,,,0.0207,0.0207,41.311922,-105.581147,2023,1,19,6
West,Knight Hall,2023-01-19T07:00:00,60.0,50.0,,,,,,,0.0414,0.034499999999999996,41.311922,-105.581147,2023,1,19,7
West,Knight Hall,2023-01-19T08:00:00,60.0,60.0,,,,,,,0.0414,0.0414,41.311922,-105.581147,2023,1,19,8
West,Knight Hall,2023-01-19T09:00:00,,,,,,,,,,,41.311922,-105.581147,2023,1,19,9
West,Knight Hall,2023-01-19T10:00:00,70.0,60.0,,,,,,,0.048299999999999996,0.0414,41.311922,-105.581147,2023,1,19,10
West,Knight Hall,2023-01-19T11:00:00,80.0,,,,,,,,0.0552,,41.311922,-105.581147,2023,1,19,11
West,Knight Hall,2023-01-19T12:00:00,50.0,60.0,,,,,,,0.034499999999999996,0.0414,41.311922,-105.581147,2023,1,19,12
West,Knight Hall,2023-01-19T13:00:00,,,,,,,,,,,41.311922,-105.581147,2023,1,19,13
West,Knight Hall,2023-01-19T14:00:00,50.0,60.0,,,,,,,0.034499999999999996,0.0414,41.311922,-105.581147,2023,1,19,14
West,Knight Hall,2023-01-19T15:00:00,,,,,,,,,,,41.311922,-105.581147,2023,1,19,15
West,Knight Hall,2023-01-19T16:00:00,50.0,60.0,,,,,,,0.034499999999999996,0.0414,41.311922,-105.581147,2023,1,19,16
West,Knight Hall,2023-01-19T17:00:00,60.0,60.0,,,,,,,0.0414,0.0414,41.311922,-105.581147,2023,1,19,17
West,Knight Hall,2023-01-19T18:00:00,30.0,30.0,,,,,,,0.0207,0.0207,41.311922,-105.581147,2023,1,19,18
West,Knight Hall,2023-01-19T19:00:00,30.0,50.0,,,,,,,0.0207,0.034499999999999996,41.311922,-105.581147,2023,1,19,19
West,Knight Hall,2023-01-19T20:00:00,30.0,30.0,,,,,,,0.0207,0.0207,41.311922,-105.581147,2023,1,19,20
West,Knight Hall,2023-01-19T21:00:00,30.0,40.0,,,,,,,0.0207,0.0276,41.311922,-105.581147,2023,1,19,21
West,Knight Hall,2023-01-19T22:00:00,30.0,30.0,,,,,,,0.0207,0.0207,41.311922,-105.581147,2023,1,19,22
West,Knight Hall,2023-01-19T23:00:00,30.0,30.0,,,,0.02,,,0.0207,0.0207,41.311922,-105.581147,2023,1,19,23
West,Knight Hall,2023-01-20T00:00:00,20.0,20.0,,,,,,,0.0138,0.0138,41.311922,-105.581147,2023,1,20,0
West,Knight Hall,2023-01-20T01:00:00,30.0,40.0,,,,,,,0.0207,0.0276,41.311922,-105.581147,2023,1,20,1
West,Knight Hall,2023-01-20T02:00:00,30.0,20.0,,,,0.8999999999999999,,,0.0207,0.0138,41.311922,-105.581147,2023,1,20,2
West,Knight Hall,2023-01-20T03:00:00,40.0,30.0,,,,,,,0.0276,0.0207,41.311922,-105.581147,2023,1,20,3
West,Knight Hall,2023-01-20T04:00:00,20.0,30.0,,,,1.4,,,0.0138,0.0207,41.311922,-105.581147,2023,1,20,4
West,Knight Hall,2023-01-20T05:00:00,40.0,30.0,,,,1.25,,,0.0276,0.0207,41.311922,-105.581147,2023,1,20,5
West,Knight Hall,2023-01-20T06:00:00,30.0,30.0,,,,44.59,,,0.0207,0.0207,41.311922,-105.581147,2023,1,20,6
West,Knight Hall,2023-01-20T07:00:00,60.0,50.0,,,,81.78,,,0.0414,0.034499999999999996,41.311922,-105.581147,2023,1,20,7
West,Knight Hall,2023-01-20T08:00:00,60.0,60.0,,,,91.93,,,0.0414,0.0414,41.311922,-105.581147,2023,1,20,8
West,Knight Hall,2023-01-20T09:00:00,80.0,,,,,,,,0.0552,,41.311922,-105.581147,2023,1,20,9
West,Knight Hall,2023-01-20T10:00:00,60.0,60.0,,,,,,,0.0414,0.0414,41.311922,-105.581147,2023,1,20,10
West,Knight Hall,2023-01-20T11:00:00,80.0,,,,,,,,0.0552,,41.311922,-105.581147,2023,1,20,11
West,Knight Hall,2023-01-20T12:00:00,60.0,50.0,,,,63.190000000000005,,,0.0414,0.034499999999999996,41.311922,-105.581147,2023,1,20,12
West,Knight Hall,2023-01-20T13:00:00,80.0,80.0,,,,,,,0.0552,0.0552,41.311922,-105.581147,2023,1,20,13
West,Knight Hall,2023-01-20T14:00:00,60.0,60.0,,,,,,,0.0414,0.0414,41.311922,-105.581147,2023,1,20,14
West,Knight Hall,2023-01-20T15:00:00,80.0,,,,,115.98,,,0.0552,,41.311922,-105.581147,2023,1,20,15
West,Knight Hall,2023-01-20T16:00:00,60.0,50.0,,,,35.16,,,0.0414,0.034499999999999996,41.311922,-105.581147,2023,1,20,16
West,Knight Hall,2023-01-20T17:00:00,50.0,60.0,,,,55.32,,,0.034499999999999996,0.0414,41.311922,-105.581147,2023,1,20,17
West,Knight Hall,2023-01-20T18:00:00,30.0,30.0,,,,8.900000000000002,,,0.0207,0.0207,41.311922,-105.581147,2023,1,20,18
West,Knight Hall,2023-01-20T19:00:00,30.0,50.0,,,,27.14,,,0.0207,0.034499999999999996,41.311922,-105.581147,2023,1,20,19
West,Knight Hall,2023-01-20T20:00:00,30.0,20.0,,,,7.42,,,0.0207,0.0138,41.311922,-105.581147,2023,1,20,20
West,Knight Hall,2023-01-20T21:00:00,40.0,40.0,,,,19.96,,,0.0276,0.0276,41.311922,-105.581147,2023,1,20,21
West,Knight Hall,2023-01-20T22:00:00,20.0,30.0,,,,,,,0.0138,0.0207,41.311922,-105.581147,2023,1,20,22
West,Knight Hall,2023-01-20T23:00:00,40.0,30.0,,,,,,,0.0276,0.0207,41.311922,-105.581147,2023,1,20,23
West,Knight Hall,2023-01-21T00:00:00,20.0,30.0,,,,,,,0.0138,0.0207,41.311922,-105.581147,2023,1,21,0
West,Knight Hall,2023-01-21T01:00:00,30.0,30.0,,,,0.8,,,0.0207,0.0207,41.311922,-105.581147,2023,1,21,1
West,Knight Hall,2023-01-21T02:00:00,30.0,30.0,,,,,,,0.0207,0.0207,41.311922,-105.581147,2023,1,21,2
West,Knight Hall,2023-01-21T03:00:00,30.0,30.0,,,,,,,0.0207,0.0207,41.311922,-105.581147,2023,1,21,3
West,Knight Hall,2023-01-21T04:00:00,20.0,30.0,,,,0.04,,,0.0138,0.0207,41.311922,-105.581147,2023,1,21,4
West,Knight Hall,2023-01-21T05:00:00,40.0,40.0,,,,0.21,,,0.0276,0.0276,41.311922,-105.581147,2023,1,21,5
West,Knight Hall,2023-01-21T06:00:00,20.0,30.0,,,,10.22,,,0.0138,0.0207,41.311922,-105.581147,2023,1,21,6
West,Knight Hall,2023-01-21T07:00:00,30.0,50.0,,,,75.49000000000001,,,0.0207,0.034499999999999996,41.311922,-105.581147,2023,1,21,7
West,Knight Hall,2023-01-21T08:00:00,30.0,60.0,,,,156.49,,,0.0207,0.0414,41.311922,-105.581147,2023,1,21,8
West,Knight Hall,2023-01-21T09:00:00,40.0,80.0,,,,,,,0.0276,0.0552,41.311922,-105.581147,2023,1,21,9
West,Knight Hall,2023-01-21T10:00:00,30.0,60.0,,,,144.63,,,0.0207,0.0414,41.311922,-105.581147,2023,1,21,10
West,Knight Hall,2023-01-21T11:00:00,30.0,,,,,136.48,,,0.0207,,41.311922,-105.581147,2023,1,21,11
West,Knight Hall,2023-01-21T12:00:00,30.0,60.0,,,,84.6,,,0.0207,0.0414,41.311922,-105.581147,2023,1,21,12
West,Knight Hall,2023-01-21T13:00:00,40.0,80.0,,,,100.24,,,0.0276,0.0552,41.311922,-105.581147,2023,1,21,13
West,Knight Hall,2023-01-21T14:00:00,30.0,60.0,,,,93.08,,,0.0207,0.0414,41.311922,-105.581147,2023,1,21,14
West,Knight Hall,2023-01-21T15:00:00,30.0,80.0,,,,85.44,,,0.0207,0.0552,41.311922,-105.581147,2023,1,21,15
West,Knight Hall,2023-01-21T16:00:00,20.0,60.0,,,,37.73,,,0.0138,0.0414,41.311922,-105.581147,2023,1,21,16
West,Knight Hall,2023-01-21T17:00:00,40.0,60.0,,,,33.05,,,0.0276,0.0414,41.311922,-105.581147,2023,1,21,17
West,Knight Hall,2023-01-21T18:00:00,20.0,40.0,,,,5.56,,,0.0138,0.0276,41.311922,-105.581147,2023,1,21,18
West,Knight Hall,2023-01-21T19:00:00,30.0,40.0,,,,38.72,,,0.0207,0.0276,41.311922,-105.581147,2023,1,21,19
West,Knight Hall,2023-01-21T20:00:00,30.0,30.0,,,,44.14,,,0.0207,0.0207,41.311922,-105.581147,2023,1,21,20
West,Knight Hall,2023-01-21T21:00:00,30.0,40.0,,,,10.11,,,0.0207,0.0276,41.311922,-105.581147,2023,1,21,21
West,Knight Hall,2023-01-21T22:00:00,20.0,30.0,,,,1.5100000000000002,,,0.0138,0.0207,41.311922,-105.581147,2023,1,21,22
West,Knight Hall,2023-01-21T23:00:00,30.0,30.0,,,,,,,0.0207,0.0207,41.311922,-105.581147,2023,1,21,23
West,Knight Hall,2023-01-22T00:00:00,30.0,20.0,,,,,,,0.0207,0.0138,41.311922,-105.581147,2023,1,22,0
West,Knight Hall,2023-01-22T01:00:00,30.0,40.0,,,,,,,0.0207,0.0276,41.311922,-105.581147,2023,1,22,1
West,Knight Hall,2023-01-22T02:00:00,20.0,20.0,,,,0.56,,,0.0138,0.0138,41.311922,-105.581147,2023,1,22,2
West,Knight Hall,2023-01-22T03:00:00,30.0,30.0,,,,,,,0.0207,0.0207,41.311922,-105.581147,2023,1,22,3
West,Knight Hall,2023-01-22T04:00:00,30.0,20.0,,,,,,,0.0207,0.0138,41.311922,-105.581147,2023,1,22,4
West,Knight Hall,2023-01-22T05:00:00,30.0,30.0,,,,2.0700000000000003,,,0.0207,0.0207,41.311922,-105.581147,2023,1,22,5
West,Knight Hall,2023-01-22T06:00:00,30.0,30.0,,,,0.54,,,0.0207,0.0207,41.311922,-105.581147,2023,1,22,6
West,Knight Hall,2023-01-22T07:00:00,30.0,30.0,,,,0.88,,,0.0207,0.0207,41.311922,-105.581147,2023,1,22,7
West,Knight Hall,2023-01-22T08:00:00,20.0,20.0,,,,2.1100000000000003,,,0.0138,0.0138,41.311922,-105.581147,2023,1,22,8
West,Knight Hall,2023-01-22T09:00:00,30.0,40.0,,,,0.95,,,0.0207,0.0276,41.311922,-105.581147,2023,1,22,9
West,Knight Hall,2023-01-22T10:00:00,30.0,20.0,,,,4.92,,,0.0207,0.0138,41.311922,-105.581147,2023,1,22,10
West,Knight Hall,2023-01-22T11:00:00,30.0,30.0,,,,0.04,,,0.0207,0.0207,41.311922,-105.581147,2023,1,22,11
West,Knight Hall,2023-01-22T12:00:00,30.0,30.0,,,,0.63,,,0.0207,0.0207,41.311922,-105.581147,2023,1,22,12
West,Knight Hall,2023-01-22T13:00:00,30.0,40.0,,,,1.66,,,0.0207,0.0276,41.311922,-105.581147,2023,1,22,13
West,Knight Hall,2023-01-22T14:00:00,40.0,20.0,,,,0.54,,,0.0276,0.0138,41.311922,-105.581147,2023,1,22,14
West,Knight Hall,2023-01-22T15:00:00,30.0,40.0,,,,1.79,,,0.0207,0.0276,41.311922,-105.581147,2023,1,22,15
West,Knight Hall,2023-01-22T16:00:00,30.0,20.0,,,,0.13,,,0.0207,0.0138,41.311922,-105.581147,2023,1,22,16
West,Knight Hall,2023-01-22T17:00:00,30.0,30.0,,,,0.26,,,0.0207,0.0207,41.311922,-105.581147,2023,1,22,17
West,Knight Hall,2023-01-22T18:00:00,30.0,20.0,,,,1.5500000000000005,,,0.0207,0.0138,41.311922,-105.581147,2023,1,22,18
West,Knight Hall,2023-01-22T19:00:00,30.0,30.0,,,,,,,0.0207,0.0207,41.311922,-105.581147,2023,1,22,19
West,Knight Hall,2023-01-22T20:00:00,30.0,30.0,,,,,,,0.0207,0.0207,41.311922,-105.581147,2023,1,22,20
West,Knight Hall,2023-01-22T21:00:00,20.0,20.0,,,,0.76,,,0.0138,0.0138,41.311922,-105.581147,2023,1,22,21
West,Knight Hall,2023-01-22T22:00:00,30.0,30.0,,,,,,,0.0207,0.0207,41.311922,-105.581147,2023,1,22,22
West,Knight Hall,2023-01-22T23:00:00,30.0,30.0,,,,0.56,,,0.0207,0.0207,41.311922,-105.581147,2023,1,22,23
West,Knight Hall,2023-01-23T00:00:00,30.0,20.0,,,,1.25,,,0.0207,0.0138,41.311922,-105.581147,2023,1,23,0
West,Knight Hall,2023-01-23T01:00:00,20.0,30.0,,,,,,,0.0138,0.0207,41.311922,-105.581147,2023,1,23,1
West,Knight Hall,2023-01-23T02:00:00,30.0,30.0,,,,,,,0.0207,0.0207,41.311922,-105.581147,2023,1,23,2
West,Knight Hall,2023-01-23T03:00:00,40.0,30.0,,,,0.56,,,0.0276,0.0207,41.311922,-105.581147,2023,1,23,3
West,Knight Hall,2023-01-23T04:00:00,30.0,20.0,,,,,,,0.0207,0.0138,41.311922,-105.581147,2023,1,23,4
West,Knight Hall,2023-01-23T05:00:00,40.0,30.0,,,,,,,0.0276,0.0207,41.311922,-105.581147,2023,1,23,5
West,Knight Hall,2023-01-23T06:00:00,30.0,20.0,,,,,,,0.0207,0.0138,41.311922,-105.581147,2023,1,23,6
West,Knight Hall,2023-01-23T07:00:00,60.0,40.0,,,,,,,0.0414,0.0276,41.311922,-105.581147,2023,1,23,7
West,Knight Hall,2023-01-23T08:00:00,70.0,20.0,,,,,,,0.048299999999999996,0.0138,41.311922,-105.581147,2023,1,23,8
West,Knight Hall,2023-01-23T09:00:00,,30.0,,,,1.7,,,,0.0207,41.311922,-105.581147,2023,1,23,9
West,Knight Hall,2023-01-23T10:00:00,60.0,30.0,,,,0.88,,,0.0414,0.0207,41.311922,-105.581147,2023,1,23,10
West,Knight Hall,2023-01-23T11:00:00,,30.0,,,,0.86,,,,0.0207,41.311922,-105.581147,2023,1,23,11
West,Knight Hall,2023-01-23T12:00:00,50.0,30.0,,,,0.13,,,0.034499999999999996,0.0207,41.311922,-105.581147,2023,1,23,12
West,Knight Hall,2023-01-23T13:00:00,,30.0,,,,0.06,,,,0.0207,41.311922,-105.581147,2023,1,23,13
West,Knight Hall,2023-01-23T14:00:00,60.0,20.0,,,,0.6200000000000001,,,0.0414,0.0138,41.311922,-105.581147,2023,1,23,14
West,Knight Hall,2023-01-23T15:00:00,,40.0,,,,,,,,0.0276,41.311922,-105.581147,2023,1,23,15
West,Knight Hall,2023-01-23T16:00:00,60.0,20.0,,,,,,,0.0414,0.0138,41.311922,-105.581147,2023,1,23,16
West,Knight Hall,2023-01-23T17:00:00,50.0,30.0,,,,0.8999999999999999,,,0.034499999999999996,0.0207,41.311922,-105.581147,2023,1,23,17
West,Knight Hall,2023-01-23T18:00:00,30.0,30.0,,,,3.1900000000000004,,,0.0207,0.0207,41.311922,-105.581147,2023,1,23,18
West,Knight Hall,2023-01-23T19:00:00,40.0,30.0,,,,0.15,,,0.0276,0.0207,41.311922,-105.581147,2023,1,23,19
West,Knight Hall,2023-01-23T20:00:00,20.0,20.0,,,,0.6,,,0.0138,0.0138,41.311922,-105.581147,2023,1,23,20
West,Knight Hall,2023-01-23T21:00:00,30.0,40.0,,,,1.27,,,0.0207,0.0276,41.311922,-105.581147,2023,1,23,21
West,Knight Hall,2023-01-23T22:00:00,30.0,20.0,,,,,,,0.0207,0.0138,41.311922,-105.581147,2023,1,23,22
West,Knight Hall,2023-01-23T23:00:00,40.0,30.0,,,,,,,0.0276,0.0207,41.311922,-105.581147,2023,1,23,23
West,Knight Hall,2023-01-24T00:00:00,20.0,20.0,,,,,,,0.0138,0.0138,41.311922,-105.581147,2023,1,24,0
West,Knight Hall,2023-01-24T01:00:00,40.0,40.0,,,,0.5800000000000001,,,0.0276,0.0276,41.311922,-105.581147,2023,1,24,1
West,Knight Hall,2023-01-24T02:00:00,30.0,20.0,,,,,,,0.0207,0.0138,41.311922,-105.581147,2023,1,24,2
West,Knight Hall,2023-01-24T03:00:00,30.0,30.0,,,,,,,0.0207,0.0207,41.311922,-105.581147,2023,1,24,3
West,Knight Hall,2023-01-24T04:00:00,30.0,30.0,,,,0.17,,,0.0207,0.0207,41.311922,-105.581147,2023,1,24,4
West,Knight Hall,2023-01-24T05:00:00,40.0,30.0,,,,0.02,,,0.0276,0.0207,41.311922,-105.581147,2023,1,24,5
West,Knight Hall,2023-01-24T06:00:00,40.0,30.0,,,,32.39,,,0.0276,0.0207,41.311922,-105.581147,2023,1,24,6
West,Knight Hall,2023-01-24T07:00:00,50.0,50.0,,,,96.57,,,0.034499999999999996,0.034499999999999996,41.311922,-105.581147,2023,1,24,7
West,Knight Hall,2023-01-24T08:00:00,70.0,60.0,,,,,,,0.048299999999999996,0.0414,41.311922,-105.581147,2023,1,24,8
West,Knight Hall,2023-01-24T09:00:00,,80.0,,,,,,,,0.0552,41.311922,-105.581147,2023,1,24,9
West,Knight Hall,2023-01-24T10:00:00,70.0,70.0,,,,,,,0.048299999999999996,0.048299999999999996,41.311922,-105.581147,2023,1,24,10
West,Knight Hall,2023-01-24T11:00:00,,80.0,,,,,,,,0.0552,41.311922,-105.581147,2023,1,24,11
West,Knight Hall,2023-01-24T12:00:00,60.0,60.0,,,,,,,0.0414,0.0414,41.311922,-105.581147,2023,1,24,12
West,Knight Hall,2023-01-24T13:00:00,,,,,,,,,,,41.311922,-105.581147,2023,1,24,13
West,Knight Hall,2023-01-24T14:00:00,60.0,60.0,,,,,,,0.0414,0.0414,41.311922,-105.581147,2023,1,24,14
West,Knight Hall,2023-01-24T15:00:00,,80.0,,,,109.34,,,,0.0552,41.311922,-105.581147,2023,1,24,15
West,Knight Hall,2023-01-24T16:00:00,50.0,60.0,,,,,,,0.034499999999999996,0.0414,41.311922,-105.581147,2023,1,24,16
West,Knight Hall,2023-01-24T17:00:00,50.0,50.0,,,,32.53000000000001,,,0.034499999999999996,0.034499999999999996,41.311922,-105.581147,2023,1,24,17
West,Knight Hall,2023-01-24T18:00:00,30.0,40.0,,,,21.52,,,0.0207,0.0276,41.311922,-105.581147,2023,1,24,18
West,Knight Hall,2023-01-24T19:00:00,40.0,40.0,,,,27.92,,,0.0276,0.0276,41.311922,-105.581147,2023,1,24,19
West,Knight Hall,2023-01-24T20:00:00,30.0,30.0,,,,22.79,,,0.0207,0.0207,41.311922,-105.581147,2023,1,24,20
West,Knight Hall,2023-01-24T21:00:00,40.0,30.0,,,,4.460000000000001,,,0.0276,0.0207,41.311922,-105.581147,2023,1,24,21
West,Knight Hall,2023-01-24T22:00:00,20.0,30.0,,,,,,,0.0138,0.0207,41.311922,-105.581147,2023,1,24,22
West,Knight Hall,2023-01-24T23:00:00,40.0,30.0,,,,1.4700000000000002,,,0.0276,0.0207,41.311922,-105.581147,2023,1,24,23
West,Knight Hall,2023-01-25T00:00:00,20.0,20.0,,,,0.02,,,0.0138,0.0138,41.311922,-105.581147,2023,1,25,0
West,Knight Hall,2023-01-25T01:00:00,30.0,40.0,,,,0.88,,,0.0207,0.0276,41.311922,-105.581147,2023,1,25,1
West,Knight Hall,2023-01-25T02:00:00,30.0,20.0,,,,,,,0.0207,0.0138,41.311922,-105.581147,2023,1,25,2
West,Knight Hall,2023-01-25T03:00:00,40.0,40.0,,,,,,,0.0276,0.0276,41.311922,-105.581147,2023,1,25,3
West,Knight Hall,2023-01-25T04:00:00,30.0,30.0,,,,0.32,,,0.0207,0.0207,41.311922,-105.581147,2023,1,25,4
West,Knight Hall,2023-01-25T05:00:00,40.0,30.0,,,,6.300000000000001,,,0.0276,0.0207,41.311922,-105.581147,2023,1,25,5
West,Knight Hall,2023-01-25T06:00:00,30.0,30.0,,,,46.46,,,0.0207,0.0207,41.311922,-105.581147,2023,1,25,6
West,Knight Hall,2023-01-25T07:00:00,60.0,50.0,,,,95.84,,,0.0414,0.034499999999999996,41.311922,-105.581147,2023,1,25,7
West,Knight Hall,2023-01-25T08:00:00,70.0,70.0,,,,157.39,,,0.048299999999999996,0.048299999999999996,41.311922,-105.581147,2023,1,25,8
West,Knight Hall,2023-01-25T09:00:00,,,,,,,,,,,41.311922,-105.581147,2023,1,25,9
West,Knight Hall,2023-01-25T10:00:00,60.0,70.0,,,,132.49,,,0.0414,0.048299999999999996,41.311922,-105.581147,2023,1,25,10
West,Knight Hall,2023-01-25T11:00:00,80.0,,,,,110.8,,,0.0552,,41.311922,-105.581147,2023,1,25,11
West,Knight Hall,2023-01-25T12:00:00,60.0,60.0,,,,131.54,,,0.0414,0.0414,41.311922,-105.581147,2023,1,25,12
West,Knight Hall,2023-01-25T13:00:00,70.0,,,,,141.78,,,0.048299999999999996,,41.311922,-105.581147,2023,1,25,13
West,Knight Hall,2023-01-25T14:00:00,80.0,60.0,,,,89.49999999999999,,,0.0552,0.0414,41.311922,-105.581147,2023,1,25,14
West,Knight Hall,2023-01-25T15:00:00,80.0,,,,,161.62,,,0.0552,,41.311922,-105.581147,2023,1,25,15
West,Knight Hall,2023-01-25T16:00:00,60.0,60.0,,,,163.71,,,0.0414,0.0414,41.311922,-105.581147,2023,1,25,16
West,Knight Hall,2023-01-25T17:00:00,50.0,50.0,,,,79.94999999999999,,,0.034499999999999996,0.034499999999999996,41.311922,-105.581147,2023,1,25,17
West,Knight Hall,2023-01-25T18:00:00,30.0,30.0,,,,42.56,,,0.0207,0.0207,41.311922,-105.581147,2023,1,25,18
West,Knight Hall,2023-01-25T19:00:00,40.0,40.0,,,,22.94,,,0.0276,0.0276,41.311922,-105.581147,2023,1,25,19
West,Knight Hall,2023-01-25T20:00:00,30.0,30.0,,,,49.89,,,0.0207,0.0207,41.311922,-105.581147,2023,1,25,20
West,Knight Hall,2023-01-25T21:00:00,30.0,40.0,,,,13.02,,,0.0207,0.0276,41.311922,-105.581147,2023,1,25,21
West,Knight Hall,2023-01-25T22:00:00,20.0,20.0,,,,12.79,,,0.0138,0.0138,41.311922,-105.581147,2023,1,25,22
West,Knight Hall,2023-01-25T23:00:00,40.0,30.0,,,,11.62,,,0.0276,0.0207,41.311922,-105.581147,2023,1,25,23
West,Knight Hall,2023-01-26T00:00:00,20.0,30.0,,,,11.26,,,0.0138,0.0207,41.311922,-105.581147,2023,1,26,0
West,Knight Hall,2023-01-26T01:00:00,40.0,30.0,,,,9.29,,,0.0276,0.0207,41.311922,-105.581147,2023,1,26,1
West,Knight Hall,2023-01-26T02:00:00,20.0,20.0,,,,10.07,,,0.0138,0.0138,41.311922,-105.581147,2023,1,26,2
West,Knight Hall,2023-01-26T03:00:00,40.0,30.0,,,,9.16,,,0.0276,0.0207,41.311922,-105.581147,2023,1,26,3
West,Knight Hall,2023-01-26T04:00:00,20.0,30.0,,,,8.129999999999999,,,0.0138,0.0207,41.311922,-105.581147,2023,1,26,4
West,Knight Hall,2023-01-26T05:00:00,40.0,30.0,,,,16.08,,,0.0276,0.0207,41.311922,-105.581147,2023,1,26,5
West,Knight Hall,2023-01-26T06:00:00,30.0,30.0,,,,24.45,,,0.0207,0.0207,41.311922,-105.581147,2023,1,26,6
West,Knight Hall,2023-01-26T07:00:00,60.0,50.0,,,,82.49,,,0.0414,0.034499999999999996,41.311922,-105.581147,2023,1,26,7
West,Knight Hall,2023-01-26T08:00:00,60.0,60.0,,,,,,,0.0414,0.0414,41.311922,-105.581147,2023,1,26,8
West,Knight Hall,2023-01-26T09:00:00,80.0,,,,,,,,0.0552,,41.311922,-105.581147,2023,1,26,9
West,Knight Hall,2023-01-26T10:00:00,80.0,70.0,,,,118.93,,,0.0552,0.048299999999999996,41.311922,-105.581147,2023,1,26,10
West,Knight Hall,2023-01-26T11:00:00,,70.0,,,,,,,,0.048299999999999996,41.311922,-105.581147,2023,1,26,11
West,Knight Hall,2023-01-26T12:00:00,60.0,70.0,,,,108.21,,,0.0414,0.048299999999999996,41.311922,-105.581147,2023,1,26,12
West,Knight Hall,2023-01-26T13:00:00,80.0,,,,,101.32,,,0.0552,,41.311922,-105.581147,2023,1,26,13
West,Knight Hall,2023-01-26T14:00:00,60.0,60.0,,,,81.16,,,0.0414,0.0414,41.311922,-105.581147,2023,1,26,14
West,Knight Hall,2023-01-26T15:00:00,80.0,70.0,,,,98.73,,,0.0552,0.048299999999999996,41.311922,-105.581147,2023,1,26,15
West,Knight Hall,2023-01-26T16:00:00,60.0,70.0,,,,88.77000000000001,,,0.0414,0.048299999999999996,41.311922,-105.581147,2023,1,26,16
West,Knight Hall,2023-01-26T17:00:00,50.0,60.0,,,,68.0,,,0.034499999999999996,0.0414,41.311922,-105.581147,2023,1,26,17
West,Knight Hall,2023-01-26T18:00:00,30.0,30.0,,,,54.33,,,0.0207,0.0207,41.311922,-105.581147,2023,1,26,18
West,Knight Hall,2023-01-26T19:00:00,40.0,50.0,,,,73.60999999999999,,,0.0276,0.034499999999999996,41.311922,-105.581147,2023,1,26,19
West,Knight Hall,2023-01-26T20:00:00,30.0,20.0,,,,5.41,,,0.0207,0.0138,41.311922,-105.581147,2023,1,26,20
West,Knight Hall,2023-01-26T21:00:00,30.0,40.0,,,,0.88,,,0.0207,0.0276,41.311922,-105.581147,2023,1,26,21
West,Knight Hall,2023-01-26T22:00:00,20.0,20.0,,,,,,,0.0138,0.0138,41.311922,-105.581147,2023,1,26,22
West,Knight Hall,2023-01-26T23:00:00,40.0,30.0,,,,,,,0.0276,0.0207,41.311922,-105.581147,2023,1,26,23
West,Knight Hall,2023-01-27T00:00:00,20.0,30.0,,,,0.84,,,0.0138,0.0207,41.311922,-105.581147,2023,1,27,0
West,Knight Hall,2023-01-27T01:00:00,30.0,30.0,,,,0.8,,,0.0207,0.0207,41.311922,-105.581147,2023,1,27,1
West,Knight Hall,2023-01-27T02:00:00,30.0,20.0,,,,,,,0.0207,0.0138,41.311922,-105.581147,2023,1,27,2
West,Knight Hall,2023-01-27T03:00:00,30.0,30.0,,,,,,,0.0207,0.0207,41.311922,-105.581147,2023,1,27,3
West,Knight Hall,2023-01-27T04:00:00,30.0,30.0,,,,1.16,,,0.0207,0.0207,41.311922,-105.581147,2023,1,27,4
West,Knight Hall,2023-01-27T05:00:00,40.0,30.0,,,,0.95,,,0.0276,0.0207,41.311922,-105.581147,2023,1,27,5
West,Knight Hall,2023-01-27T06:00:00,30.0,30.0,,,,19.25,,,0.0207,0.0207,41.311922,-105.581147,2023,1,27,6
West,Knight Hall,2023-01-27T07:00:00,50.0,50.0,,,,57.7,,,0.034499999999999996,0.034499999999999996,41.311922,-105.581147,2023,1,27,7
West,Knight Hall,2023-01-27T08:00:00,60.0,60.0,,,,166.19,,,0.0414,0.0414,41.311922,-105.581147,2023,1,27,8
West,Knight Hall,2023-01-27T09:00:00,80.0,,,,,118.59,,,0.0552,,41.311922,-105.581147,2023,1,27,9
West,Knight Hall,2023-01-27T10:00:00,60.0,70.0,,,,169.55,,,0.0414,0.048299999999999996,41.311922,-105.581147,2023,1,27,10
West,Knight Hall,2023-01-27T11:00:00,70.0,,,,,,,,0.048299999999999996,,41.311922,-105.581147,2023,1,27,11
West,Knight Hall,2023-01-27T12:00:00,70.0,70.0,,,,,,,0.048299999999999996,0.048299999999999996,41.311922,-105.581147,2023,1,27,12
West,Knight Hall,2023-01-27T13:00:00,80.0,80.0,,,,,,,0.0552,0.0552,41.311922,-105.581147,2023,1,27,13
West,Knight Hall,2023-01-27T14:00:00,70.0,70.0,,,,,,,0.048299999999999996,0.048299999999999996,41.311922,-105.581147,2023,1,27,14
West,Knight Hall,2023-01-27T15:00:00,80.0,80.0,,,,,,,0.0552,0.0552,41.311922,-105.581147,2023,1,27,15
West,Knight Hall,2023-01-27T16:00:00,50.0,60.0,,,,,,,0.034499999999999996,0.0414,41.311922,-105.581147,2023,1,27,16
West,Knight Hall,2023-01-27T17:00:00,50.0,60.0,,,,69.73,,,0.034499999999999996,0.0414,41.311922,-105.581147,2023,1,27,17
West,Knight Hall,2023-01-27T18:00:00,30.0,30.0,,,,41.05,,,0.0207,0.0207,41.311922,-105.581147,2023,1,27,18
West,Knight Hall,2023-01-27T19:00:00,40.0,40.0,,,,1.5500000000000005,,,0.0276,0.0276,41.311922,-105.581147,2023,1,27,19
West,Knight Hall,2023-01-27T20:00:00,30.0,30.0,,,,5.13,,,0.0207,0.0207,41.311922,-105.581147,2023,1,27,20
West,Knight Hall,2023-01-27T21:00:00,30.0,30.0,,,,21.58,,,0.0207,0.0207,41.311922,-105.581147,2023,1,27,21
West,Knight Hall,2023-01-27T22:00:00,30.0,30.0,,,,1.4900000000000002,,,0.0207,0.0207,41.311922,-105.581147,2023,1,27,22
West,Knight Hall,2023-01-27T23:00:00,30.0,30.0,,,,,,,0.0207,0.0207,41.311922,-105.581147,2023,1,27,23
West,Knight Hall,2023-01-28T00:00:00,30.0,30.0,,,,1.14,,,0.0207,0.0207,41.311922,-105.581147,2023,1,28,0
West,Knight Hall,2023-01-28T01:00:00,30.0,30.0,,,,0.78,,,0.0207,0.0207,41.311922,-105.581147,2023,1,28,1
West,Knight Hall,2023-01-28T02:00:00,20.0,20.0,,,,,,,0.0138,0.0138,41.311922,-105.581147,2023,1,28,2
West,Knight Hall,2023-01-28T03:00:00,30.0,40.0,,,,,,,0.0207,0.0276,41.311922,-105.581147,2023,1,28,3
West,Knight Hall,2023-01-28T04:00:00,30.0,20.0,,,,0.86,,,0.0207,0.0138,41.311922,-105.581147,2023,1,28,4
West,Knight Hall,2023-01-28T05:00:00,30.0,40.0,,,,2.28,,,0.0207,0.0276,41.311922,-105.581147,2023,1,28,5
West,Knight Hall,2023-01-28T06:00:00,20.0,20.0,,,,18.07,,,0.0138,0.0138,41.311922,-105.581147,2023,1,28,6
West,Knight Hall,2023-01-28T07:00:00,40.0,60.0,,,,80.75,,,0.0276,0.0414,41.311922,-105.581147,2023,1,28,7
West,Knight Hall,2023-01-28T08:00:00,20.0,50.0,,,,138.23000000000002,,,0.0138,0.034499999999999996,41.311922,-105.581147,2023,1,28,8
West,Knight Hall,2023-01-28T09:00:00,40.0,,,,,74.34,,,0.0276,,41.311922,-105.581147,2023,1,28,9
West,Knight Hall,2023-01-28T10:00:00,20.0,60.0,,,,97.8,,,0.0138,0.0414,41.311922,-105.581147,2023,1,28,10
West,Knight Hall,2023-01-28T11:00:00,40.0,80.0,,,,110.28,,,0.0276,0.0552,41.311922,-105.581147,2023,1,28,11
West,Knight Hall,2023-01-28T12:00:00,30.0,50.0,,,,80.31,,,0.0207,0.034499999999999996,41.311922,-105.581147,2023,1,28,12
West,Knight Hall,2023-01-28T13:00:00,40.0,,,,,,,,0.0276,,41.311922,-105.581147,2023,1,28,13
West,Knight Hall,2023-01-28T14:00:00,20.0,60.0,,,,,,,0.0138,0.0414,41.311922,-105.581147,2023,1,28,14
West,Knight Hall,2023-01-28T15:00:00,40.0,80.0,,,,,,,0.0276,0.0552,41.311922,-105.581147,2023,1,28,15
West,Knight Hall,2023-01-28T16:00:00,20.0,60.0,,,,,,,0.0138,0.0414,41.311922,-105.581147,2023,1,28,16
West,Knight Hall,2023-01-28T17:00:00,30.0,50.0,,,,93.92,,,0.0207,0.034499999999999996,41.311922,-105.581147,2023,1,28,17
West,Knight Hall,2023-01-28T18:00:00,20.0,30.0,,,,102.03000000000002,,,0.0138,0.0207,41.311922,-105.581147,2023,1,28,18
West,Knight Hall,2023-01-28T19:00:00,30.0,40.0,,,,57.33,,,0.0207,0.0276,41.311922,-105.581147,2023,1,28,19
West,Knight Hall,2023-01-28T20:00:00,30.0,30.0,,,,28.91,,,0.0207,0.0207,41.311922,-105.581147,2023,1,28,20
West,Knight Hall,2023-01-28T21:00:00,30.0,40.0,,,,7.22,,,0.0207,0.0276,41.311922,-105.581147,2023,1,28,21
West,Knight Hall,2023-01-28T22:00:00,20.0,20.0,,,,0.76,,,0.0138,0.0138,41.311922,-105.581147,2023,1,28,22
West,Knight Hall,2023-01-28T23:00:00,30.0,30.0,,,,,,,0.0207,0.0207,41.311922,-105.581147,2023,1,28,23
West,Knight Hall,2023-01-29T00:00:00,30.0,30.0,,,,,,,0.0207,0.0207,41.311922,-105.581147,2023,1,29,0
West,Knight Hall,2023-01-29T01:00:00,30.0,30.0,,,,0.78,,,0.0207,0.0207,41.311922,-105.581147,2023,1,29,1
West,Knight Hall,2023-01-29T02:00:00,20.0,20.0,,,,,,,0.0138,0.0138,41.311922,-105.581147,2023,1,29,2
West,Knight Hall,2023-01-29T03:00:00,30.0,30.0,,,,0.84,,,0.0207,0.0207,41.311922,-105.581147,2023,1,29,3
West,Knight Hall,2023-01-29T04:00:00,30.0,20.0,,,,,,,0.0207,0.0138,41.311922,-105.581147,2023,1,29,4
West,Knight Hall,2023-01-29T05:00:00,30.0,30.0,,,,0.8200000000000001,,,0.0207,0.0207,41.311922,-105.581147,2023,1,29,5
West,Knight Hall,2023-01-29T06:00:00,20.0,30.0,,,,,,,0.0138,0.0207,41.311922,-105.581147,2023,1,29,6
West,Knight Hall,2023-01-29T07:00:00,30.0,30.0,,,,1.6,,,0.0207,0.0207,41.311922,-105.581147,2023,1,29,7
West,Knight Hall,2023-01-29T08:00:00,30.0,20.0,,,,6.859999999999999,,,0.0207,0.0138,41.311922,-105.581147,2023,1,29,8
West,Knight Hall,2023-01-29T09:00:00,30.0,30.0,,,,0.4499999999999999,,,0.0207,0.0207,41.311922,-105.581147,2023,1,29,9
West,Knight Hall,2023-01-29T10:00:00,30.0,30.0,,,,1.17,,,0.0207,0.0207,41.311922,-105.581147,2023,1,29,10
West,Knight Hall,2023-01-29T11:00:00,30.0,30.0,,,,1.64,,,0.0207,0.0207,41.311922,-105.581147,2023,1,29,11
West,Knight Hall,2023-01-29T12:00:00,30.0,30.0,,,,0.54,,,0.0207,0.0207,41.311922,-105.581147,2023,1,29,12
West,Knight Hall,2023-01-29T13:00:00,30.0,30.0,,,,,,,0.0207,0.0207,41.311922,-105.581147,2023,1,29,13
West,Knight Hall,2023-01-29T14:00:00,30.0,30.0,,,,1.38,,,0.0207,0.0207,41.311922,-105.581147,2023,1,29,14
West,Knight Hall,2023-01-29T15:00:00,30.0,30.0,,,,2.93,,,0.0207,0.0207,41.311922,-105.581147,2023,1,29,15
West,Knight Hall,2023-01-29T16:00:00,20.0,20.0,,,,,,,0.0138,0.0138,41.311922,-105.581147,2023,1,29,16
West,Knight Hall,2023-01-29T17:00:00,40.0,30.0,,,,,,,0.0276,0.0207,41.311922,-105.581147,2023,1,29,17
West,Knight Hall,2023-01-29T18:00:00,20.0,30.0,,,,0.78,,,0.0138,0.0207,41.311922,-105.581147,2023,1,29,18
West,Knight Hall,2023-01-29T19:00:00,30.0,30.0,,,,,,,0.0207,0.0207,41.311922,-105.581147,2023,1,29,19
West,Knight Hall,2023-01-29T20:00:00,30.0,20.0,,,,,,,0.0207,0.0138,41.311922,-105.581147,2023,1,29,20
West,Knight Hall,2023-01-29T21:00:00,30.0,30.0,,,,,,,0.0207,0.0207,41.311922,-105.581147,2023,1,29,21
West,Knight Hall,2023-01-29T22:00:00,20.0,20.0,,,,,,,0.0138,0.0138,41.311922,-105.581147,2023,1,29,22
West,Knight Hall,2023-01-29T23:00:00,30.0,30.0,,,,0.86,,,0.0207,0.0207,41.311922,-105.581147,2023,1,29,23
West,Knight Hall,2023-01-30T00:00:00,20.0,30.0,,,,,,,0.0138,0.0207,41.311922,-105.581147,2023,1,30,0
West,Knight Hall,2023-01-30T01:00:00,30.0,30.0,,,,,,,0.0207,0.0207,41.311922,-105.581147,2023,1,30,1
West,Knight Hall,2023-01-30T02:00:00,30.0,20.0,,,,,,,0.0207,0.0138,41.311922,-105.581147,2023,1,30,2
West,Knight Hall,2023-01-30T03:00:00,20.0,30.0,,,,,,,0.0138,0.0207,41.311922,-105.581147,2023,1,30,3
West,Knight Hall,2023-01-30T04:00:00,30.0,20.0,,,,,,,0.0207,0.0138,41.311922,-105.581147,2023,1,30,4
West,Knight Hall,2023-01-30T05:00:00,40.0,30.0,,,,0.8200000000000001,,,0.0276,0.0207,41.311922,-105.581147,2023,1,30,5
West,Knight Hall,2023-01-30T06:00:00,30.0,30.0,,,,,,,0.0207,0.0207,41.311922,-105.581147,2023,1,30,6
West,Knight Hall,2023-01-30T07:00:00,60.0,30.0,,,,,,,0.0414,0.0207,41.311922,-105.581147,2023,1,30,7
West,Knight Hall,2023-01-30T08:00:00,60.0,20.0,,,,0.39,,,0.0414,0.0138,41.311922,-105.581147,2023,1,30,8
West,Knight Hall,2023-01-30T09:00:00,80.0,40.0,,,,,,,0.0552,0.0276,41.311922,-105.581147,2023,1,30,9
West,Knight Hall,2023-01-30T10:00:00,80.0,20.0,,,,,,,0.0552,0.0138,41.311922,-105.581147,2023,1,30,10
West,Knight Hall,2023-01-30T11:00:00,,30.0,,,,,,,,0.0207,41.311922,-105.581147,2023,1,30,11
West,Knight Hall,2023-01-30T12:00:00,60.0,30.0,,,,0.11,,,0.0414,0.0207,41.311922,-105.581147,2023,1,30,12
West,Knight Hall,2023-01-30T13:00:00,80.0,30.0,,,,1.75,,,0.0552,0.0207,41.311922,-105.581147,2023,1,30,13
West,Knight Hall,2023-01-30T14:00:00,60.0,30.0,,,,7.52,,,0.0414,0.0207,41.311922,-105.581147,2023,1,30,14
West,Knight Hall,2023-01-30T15:00:00,,30.0,,,,0.02,,,,0.0207,41.311922,-105.581147,2023,1,30,15
West,Knight Hall,2023-01-30T16:00:00,50.0,20.0,,,,4.05,,,0.034499999999999996,0.0138,41.311922,-105.581147,2023,1,30,16
West,Knight Hall,2023-01-30T17:00:00,50.0,30.0,,,,0.04,,,0.034499999999999996,0.0207,41.311922,-105.581147,2023,1,30,17
West,Knight Hall,2023-01-30T18:00:00,30.0,20.0,,,,0.02,,,0.0207,0.0138,41.311922,-105.581147,2023,1,30,18
West,Knight Hall,2023-01-30T19:00:00,40.0,40.0,,,,3.75,,,0.0276,0.0276,41.311922,-105.581147,2023,1,30,19
West,Knight Hall,2023-01-30T20:00:00,30.0,20.0,,,,0.86,,,0.0207,0.0138,41.311922,-105.581147,2023,1,30,20
West,Knight Hall,2023-01-30T21:00:00,30.0,30.0,,,,,,,0.0207,0.0207,41.311922,-105.581147,2023,1,30,21
West,Knight Hall,2023-01-30T22:00:00,30.0,20.0,,,,,,,0.0207,0.0138,41.311922,-105.581147,2023,1,30,22
West,Knight Hall,2023-01-30T23:00:00,40.0,30.0,,,,,,,0.0276,0.0207,41.311922,-105.581147,2023,1,30,23
West,Knight Hall,2023-01-31T00:00:00,20.0,30.0,,,,1.27,,,0.0138,0.0207,41.311922,-105.581147,2023,1,31,0
West,Knight Hall,2023-01-31T01:00:00,30.0,30.0,,,,,,,0.0207,0.0207,41.311922,-105.581147,2023,1,31,1
West,Knight Hall,2023-01-31T02:00:00,30.0,20.0,,,,0.8,,,0.0207,0.0138,41.311922,-105.581147,2023,1,31,2
West,Knight Hall,2023-01-31T03:00:00,40.0,40.0,,,,,,,0.0276,0.0276,41.311922,-105.581147,2023,1,31,3
West,Knight Hall,2023-01-31T04:00:00,30.0,20.0,,,,0.26,,,0.0207,0.0138,41.311922,-105.581147,2023,1,31,4
West,Knight Hall,2023-01-31T05:00:00,40.0,40.0,,,,0.11,,,0.0276,0.0276,41.311922,-105.581147,2023,1,31,5
West,Knight Hall,2023-01-31T06:00:00,30.0,20.0,,,,58.64,,,0.0207,0.0138,41.311922,-105.581147,2023,1,31,6
West,Knight Hall,2023-01-31T07:00:00,60.0,60.0,,,,89.29999999999998,,,0.0414,0.0414,41.311922,-105.581147,2023,1,31,7
West,Knight Hall,2023-01-31T08:00:00,60.0,60.0,,,,,,,0.0414,0.0414,41.311922,-105.581147,2023,1,31,8
West,Knight Hall,2023-01-31T09:00:00,,80.0,,,,,,,,0.0552,41.311922,-105.581147,2023,1,31,9
West,Knight Hall,2023-01-31T10:00:00,70.0,70.0,,,,,,,0.048299999999999996,0.048299999999999996,41.311922,-105.581147,2023,1,31,10
West,Knight Hall,2023-01-31T11:00:00,,80.0,,,,125.31,,,,0.0552,41.311922,-105.581147,2023,1,31,11
West,Knight Hall,2023-01-31T12:00:00,50.0,60.0,,,,107.16,,,0.034499999999999996,0.0414,41.311922,-105.581147,2023,1,31,12
West,Knight Hall,2023-01-31T13:00:00,,80.0,,,,81.07,,,,0.0552,41.311922,-105.581147,2023,1,31,13
West,Knight Hall,2023-01-31T14:00:00,50.0,60.0,,,,90.28,,,0.034499999999999996,0.0414,41.311922,-105.581147,2023,1,31,14
West,Knight Hall,2023-01-31T15:00:00,,80.0,,,,93.34,,,,0.0552,41.311922,-105.581147,2023,1,31,15
West,Knight Hall,2023-01-31T16:00:00,50.0,60.0,,,,29.43,,,0.034499999999999996,0.0414,41.311922,-105.581147,2023,1,31,16
West,Knight Hall,2023-01-31T17:00:00,50.0,50.0,,,,15.07,,,0.034499999999999996,0.034499999999999996,41.311922,-105.581147,2023,1,31,17
West,Knight Hall,2023-01-31T18:00:00,30.0,30.0,,,,2.2,,,0.0207,0.0207,41.311922,-105.581147,2023,1,31,18
West,Knight Hall,2023-01-31T19:00:00,40.0,50.0,,,,28.12,,,0.0276,0.034499999999999996,41.311922,-105.581147,2023,1,31,19
West,Knight Hall,2023-01-31T20:00:00,20.0,30.0,,,,1.1,,,0.0138,0.0207,41.311922,-105.581147,2023,1,31,20
West,Knight Hall,2023-01-31T21:00:00,40.0,30.0,,,,5.430000000000001,,,0.0276,0.0207,41.311922,-105.581147,2023,1,31,21
West,Knight Hall,2023-01-31T22:00:00,20.0,30.0,,,,0.5800000000000001,,,0.0138,0.0207,41.311922,-105.581147,2023,1,31,22
West,Knight Hall,2023-01-31T23:00:00,30.0,30.0,,,,,,,0.0207,0.0207,41.311922,-105.581147,2023,1,31,23
West,Knight Hall,2023-02-01T00:00:00,30.0,20.0,,,,,,,0.0207,0.0138,41.311922,-105.581147,2023,2,1,0
West,Knight Hall,2023-02-01T01:00:00,30.0,40.0,,,,0.8,,,0.0207,0.0276,41.311922,-105.581147,2023,2,1,1
West,Knight Hall,2023-02-01T02:00:00,30.0,20.0,,,,,,,0.0207,0.0138,41.311922,-105.581147,2023,2,1,2
West,Knight Hall,2023-02-01T03:00:00,40.0,30.0,,,,,,,0.0276,0.0207,41.311922,-105.581147,2023,2,1,3
West,Knight Hall,2023-02-01T04:00:00,20.0,30.0,,,,,,,0.0138,0.0207,41.311922,-105.581147,2023,2,1,4
West,Knight Hall,2023-02-01T05:00:00,40.0,30.0,,,,0.09,,,0.0276,0.0207,41.311922,-105.581147,2023,2,1,5
West,Knight Hall,2023-02-01T06:00:00,30.0,30.0,,,,29.41,,,0.0207,0.0207,41.311922,-105.581147,2023,2,1,6
West,Knight Hall,2023-02-01T07:00:00,60.0,60.0,,,,105.28,,,0.0414,0.0414,41.311922,-105.581147,2023,2,1,7
West,Knight Hall,2023-02-01T08:00:00,60.0,50.0,,,,110.41,,,0.0414,0.034499999999999996,41.311922,-105.581147,2023,2,1,8
West,Knight Hall,2023-02-01T09:00:00,,70.0,,,,,,,,0.048299999999999996,41.311922,-105.581147,2023,2,1,9
West,Knight Hall,2023-02-01T10:00:00,60.0,80.0,,,,124.04,,,0.0414,0.0552,41.311922,-105.581147,2023,2,1,10
West,Knight Hall,2023-02-01T11:00:00,,80.0,,,,,,,,0.0552,41.311922,-105.581147,2023,2,1,11
West,Knight Hall,2023-02-01T12:00:00,60.0,60.0,,,,,,,0.0414,0.0414,41.311922,-105.581147,2023,2,1,12
West,Knight Hall,2023-02-01T13:00:00,80.0,,,,,,,,0.0552,,41.311922,-105.581147,2023,2,1,13
West,Knight Hall,2023-02-01T14:00:00,60.0,60.0,,,,,,,0.0414,0.0414,41.311922,-105.581147,2023,2,1,14
West,Knight Hall,2023-02-01T15:00:00,80.0,80.0,,,,95.52,,,0.0552,0.0552,41.311922,-105.581147,2023,2,1,15
West,Knight Hall,2023-02-01T16:00:00,60.0,60.0,,,,95.51,,,0.0414,0.0414,41.311922,-105.581147,2023,2,1,16
West,Knight Hall,2023-02-01T17:00:00,50.0,50.0,,,,20.14,,,0.034499999999999996,0.034499999999999996,41.311922,-105.581147,2023,2,1,17
West,Knight Hall,2023-02-01T18:00:00,30.0,30.0,,,,2.91,,,0.0207,0.0207,41.311922,-105.581147,2023,2,1,18
West,Knight Hall,2023-02-01T19:00:00,40.0,40.0,,,,27.88,,,0.0276,0.0276,41.311922,-105.581147,2023,2,1,19
West,Knight Hall,2023-02-01T20:00:00,30.0,30.0,,,,9.12,,,0.0207,0.0207,41.311922,-105.581147,2023,2,1,20
West,Knight Hall,2023-02-01T21:00:00,40.0,40.0,,,,13.2,,,0.0276,0.0276,41.311922,-105.581147,2023,2,1,21
West,Knight Hall,2023-02-01T22:00:00,20.0,30.0,,,,9.29,,,0.0138,0.0207,41.311922,-105.581147,2023,2,1,22
West,Knight Hall,2023-02-01T23:00:00,40.0,30.0,,,,,,,0.0276,0.0207,41.311922,-105.581147,2023,2,1,23
West,Knight Hall,2023-02-02T00:00:00,20.0,20.0,,,,0.88,,,0.0138,0.0138,41.311922,-105.581147,2023,2,2,0
West,Knight Hall,2023-02-02T01:00:00,30.0,40.0,,,,1.96,,,0.0207,0.0276,41.311922,-105.581147,2023,2,2,1
West,Knight Hall,2023-02-02T02:00:00,30.0,20.0,,,,,,,0.0207,0.0138,41.311922,-105.581147,2023,2,2,2
West,Knight Hall,2023-02-02T03:00:00,40.0,30.0,,,,0.04,,,0.0276,0.0207,41.311922,-105.581147,2023,2,2,3
West,Knight Hall,2023-02-02T04:00:00,20.0,30.0,,,,0.8,,,0.0138,0.0207,41.311922,-105.581147,2023,2,2,4
West,Knight Hall,2023-02-02T05:00:00,40.0,30.0,,,,1.34,,,0.0276,0.0207,41.311922,-105.581147,2023,2,2,5
West,Knight Hall,2023-02-02T06:00:00,40.0,30.0,,,,33.64,,,0.0276,0.0207,41.311922,-105.581147,2023,2,2,6
West,Knight Hall,2023-02-02T07:00:00,50.0,50.0,,,,,,,0.034499999999999996,0.034499999999999996,41.311922,-105.581147,2023,2,2,7
West,Knight Hall,2023-02-02T08:00:00,60.0,60.0,,,,114.36,,,0.0414,0.0414,41.311922,-105.581147,2023,2,2,8
West,Knight Hall,2023-02-02T09:00:00,80.0,,,,,151.6,,,0.0552,,41.311922,-105.581147,2023,2,2,9
West,Knight Hall,2023-02-02T10:00:00,60.0,60.0,,,,155.8,,,0.0414,0.0414,41.311922,-105.581147,2023,2,2,10
West,Knight Hall,2023-02-02T11:00:00,70.0,,,,,117.31,,,0.048299999999999996,,41.311922,-105.581147,2023,2,2,11
West,Knight Hall,2023-02-02T12:00:00,70.0,60.0,,,,106.23,,,0.048299999999999996,0.0414,41.311922,-105.581147,2023,2,2,12
West,Knight Hall,2023-02-02T13:00:00,80.0,80.0,,,,79.58,,,0.0552,0.0552,41.311922,-105.581147,2023,2,2,13
West,Knight Hall,2023-02-02T14:00:00,60.0,70.0,,,,117.57,,,0.0414,0.048299999999999996,41.311922,-105.581147,2023,2,2,14
West,Knight Hall,2023-02-02T15:00:00,80.0,80.0,,,,87.9,,,0.0552,0.0552,41.311922,-105.581147,2023,2,2,15
West,Knight Hall,2023-02-02T16:00:00,60.0,60.0,,,,77.19,,,0.0414,0.0414,41.311922,-105.581147,2023,2,2,16
West,Knight Hall,2023-02-02T17:00:00,50.0,50.0,,,,6.84,,,0.034499999999999996,0.034499999999999996,41.311922,-105.581147,2023,2,2,17
West,Knight Hall,2023-02-02T18:00:00,20.0,40.0,,,,18.46,,,0.0138,0.0276,41.311922,-105.581147,2023,2,2,18
West,Knight Hall,2023-02-02T19:00:00,40.0,50.0,,,,25.81,,,0.0276,0.034499999999999996,41.311922,-105.581147,2023,2,2,19
West,Knight Hall,2023-02-02T20:00:00,30.0,30.0,,,,22.72,,,0.0207,0.0207,41.311922,-105.581147,2023,2,2,20
West,Knight Hall,2023-02-02T21:00:00,30.0,40.0,,,,1.14,,,0.0207,0.0276,41.311922,-105.581147,2023,2,2,21
West,Knight Hall,2023-02-02T22:00:00,30.0,20.0,,,,,,,0.0207,0.0138,41.311922,-105.581147,2023,2,2,22
West,Knight Hall,2023-02-02T23:00:00,30.0,40.0,,,,,,,0.0207,0.0276,41.311922,-105.581147,2023,2,2,23
West,Knight Hall,2023-02-03T00:00:00,30.0,20.0,,,,0.8,,,0.0207,0.0138,41.311922,-105.581147,2023,2,3,0
West,Knight Hall,2023-02-03T01:00:00,30.0,30.0,,,,,,,0.0207,0.0207,41.311922,-105.581147,2023,2,3,1
West,Knight Hall,2023-02-03T02:00:00,30.0,20.0,,,,,,,0.0207,0.0138,41.311922,-105.581147,2023,2,3,2
West,Knight Hall,2023-02-03T03:00:00,30.0,40.0,,,,,,,0.0207,0.0276,41.311922,-105.581147,2023,2,3,3
West,Knight Hall,2023-02-03T04:00:00,30.0,20.0,,,,,,,0.0207,0.0138,41.311922,-105.581147,2023,2,3,4
West,Knight Hall,2023-02-03T05:00:00,30.0,30.0,,,,0.04,,,0.0207,0.0207,41.311922,-105.581147,2023,2,3,5
West,Knight Hall,2023-02-03T06:00:00,40.0,30.0,,,,19.99,,,0.0276,0.0207,41.311922,-105.581147,2023,2,3,6
West,Knight Hall,2023-02-03T07:00:00,60.0,50.0,,,,100.88,,,0.0414,0.034499999999999996,41.311922,-105.581147,2023,2,3,7
West,Knight Hall,2023-02-03T08:00:00,50.0,60.0,,,,119.62,,,0.034499999999999996,0.0414,41.311922,-105.581147,2023,2,3,8
West,Knight Hall,2023-02-03T09:00:00,,80.0,,,,119.12,,,,0.0552,41.311922,-105.581147,2023,2,3,9
West,Knight Hall,2023-02-03T10:00:00,70.0,80.0,,,,106.73000000000002,,,0.048299999999999996,0.0552,41.311922,-105.581147,2023,2,3,10
West,Knight Hall,2023-02-03T11:00:00,80.0,80.0,,,,88.33999999999999,,,0.0552,0.0552,41.311922,-105.581147,2023,2,3,11
West,Knight Hall,2023-02-03T12:00:00,60.0,60.0,,,,88.33,,,0.0414,0.0414,41.311922,-105.581147,2023,2,3,12
West,Knight Hall,2023-02-03T13:00:00,80.0,80.0,,,,,,,0.0552,0.0552,41.311922,-105.581147,2023,2,3,13
West,Knight Hall,2023-02-03T14:00:00,60.0,60.0,,,,,,,0.0414,0.0414,41.311922,-105.581147,2023,2,3,14
West,Knight Hall,2023-02-03T15:00:00,80.0,,,,,,,,0.0552,,41.311922,-105.581147,2023,2,3,15
West,Knight Hall,2023-02-03T16:00:00,60.0,60.0,,,,30.53,,,0.0414,0.0414,41.311922,-105.581147,2023,2,3,16
West,Knight Hall,2023-02-03T17:00:00,40.0,50.0,,,,7.11,,,0.0276,0.034499999999999996,41.311922,-105.581147,2023,2,3,17
West,Knight Hall,2023-02-03T18:00:00,40.0,40.0,,,,24.92,,,0.0276,0.0276,41.311922,-105.581147,2023,2,3,18
West,Knight Hall,2023-02-03T19:00:00,30.0,40.0,,,,3.02,,,0.0207,0.0276,41.311922,-105.581147,2023,2,3,19
West,Knight Hall,2023-02-03T20:00:00,40.0,20.0,,,,2.72,,,0.0276,0.0138,41.311922,-105.581147,2023,2,3,20
West,Knight Hall,2023-02-03T21:00:00,30.0,40.0,,,,0.95,,,0.0207,0.0276,41.311922,-105.581147,2023,2,3,21
West,Knight Hall,2023-02-03T22:00:00,30.0,20.0,,,,0.78,,,0.0207,0.0138,41.311922,-105.581147,2023,2,3,22
West,Knight Hall,2023-02-03T23:00:00,40.0,30.0,,,,,,,0.0276,0.0207,41.311922,-105.581147,2023,2,3,23
West,Knight Hall,2023-02-04T00:00:00,20.0,30.0,,,,,,,0.0138,0.0207,41.311922,-105.581147,2023,2,4,0
West,Knight Hall,2023-02-04T01:00:00,30.0,30.0,,,,0.78,,,0.0207,0.0207,41.311922,-105.581147,2023,2,4,1
West,Knight Hall,2023-02-04T02:00:00,30.0,20.0,,,,,,,0.0207,0.0138,41.311922,-105.581147,2023,2,4,2
West,Knight Hall,2023-02-04T03:00:00,30.0,30.0,,,,,,,0.0207,0.0207,41.311922,-105.581147,2023,2,4,3
West,Knight Hall,2023-02-04T04:00:00,30.0,30.0,,,,,,,0.0207,0.0207,41.311922,-105.581147,2023,2,4,4
West,Knight Hall,2023-02-04T05:00:00,30.0,30.0,,,,,,,0.0207,0.0207,41.311922,-105.581147,2023,2,4,5
West,Knight Hall,2023-02-04T06:00:00,30.0,30.0,,,,40.1,,,0.0207,0.0207,41.311922,-105.581147,2023,2,4,6
West,Knight Hall,2023-02-04T07:00:00,30.0,40.0,,,,67.92,,,0.0207,0.0276,41.311922,-105.581147,2023,2,4,7
West,Knight Hall,2023-02-04T08:00:00,30.0,60.0,,,,,,,0.0207,0.0414,41.311922,-105.581147,2023,2,4,8
West,Knight Hall,2023-02-04T09:00:00,40.0,80.0,,,,,,,0.0276,0.0552,41.311922,-105.581147,2023,2,4,9
West,Knight Hall,2023-02-04T10:00:00,20.0,70.0,,,,,,,0.0138,0.048299999999999996,41.311922,-105.581147,2023,2,4,10
West,Knight Hall,2023-02-04T11:00:00,40.0,,,,,,,,0.0276,,41.311922,-105.581147,2023,2,4,11
West,Knight Hall,2023-02-04T12:00:00,30.0,60.0,,,,,,,0.0207,0.0414,41.311922,-105.581147,2023,2,4,12
West,Knight Hall,2023-02-04T13:00:00,40.0,80.0,,,,94.98,,,0.0276,0.0552,41.311922,-105.581147,2023,2,4,13
West,Knight Hall,2023-02-04T14:00:00,20.0,60.0,,,,70.46,,,0.0138,0.0414,41.311922,-105.581147,2023,2,4,14
West,Knight Hall,2023-02-04T15:00:00,40.0,80.0,,,,87.22999999999999,,,0.0276,0.0552,41.311922,-105.581147,2023,2,4,15
West,Knight Hall,2023-02-04T16:00:00,20.0,50.0,,,,55.11,,,0.0138,0.034499999999999996,41.311922,-105.581147,2023,2,4,16
West,Knight Hall,2023-02-04T17:00:00,30.0,60.0,,,,41.18000000000001,,,0.0207,0.0414,41.311922,-105.581147,2023,2,4,17
West,Knight Hall,2023-02-04T18:00:00,30.0,30.0,,,,28.18,,,0.0207,0.0207,41.311922,-105.581147,2023,2,4,18
West,Knight Hall,2023-02-04T19:00:00,30.0,40.0,,,,8.71,,,0.0207,0.0276,41.311922,-105.581147,2023,2,4,19
West,Knight Hall,2023-02-04T20:00:00,20.0,30.0,,,,9.23,,,0.0138,0.0207,41.311922,-105.581147,2023,2,4,20
West,Knight Hall,2023-02-04T21:00:00,30.0,40.0,,,,0.91,,,0.0207,0.0276,41.311922,-105.581147,2023,2,4,21
West,Knight Hall,2023-02-04T22:00:00,20.0,30.0,,,,0.17,,,0.0138,0.0207,41.311922,-105.581147,2023,2,4,22
West,Knight Hall,2023-02-04T23:00:00,40.0,20.0,,,,1.17,,,0.0276,0.0138,41.311922,-105.581147,2023,2,4,23
West,Knight Hall,2023-02-05T00:00:00,20.0,30.0,,,,,,,0.0138,0.0207,41.311922,-105.581147,2023,2,5,0
West,Knight Hall,2023-02-05T01:00:00,30.0,30.0,,,,0.84,,,0.0207,0.0207,41.311922,-105.581147,2023,2,5,1
West,Knight Hall,2023-02-05T02:00:00,20.0,30.0,,,,,,,0.0138,0.0207,41.311922,-105.581147,2023,2,5,2
West,Knight Hall,2023-02-05T03:00:00,40.0,30.0,,,,,,,0.0276,0.0207,41.311922,-105.581147,2023,2,5,3
West,Knight Hall,2023-02-05T04:00:00,20.0,20.0,,,,,,,0.0138,0.0138,41.311922,-105.581147,2023,2,5,4
West,Knight Hall,2023-02-05T05:00:00,30.0,30.0,,,,1.17,,,0.0207,0.0207,41.311922,-105.581147,2023,2,5,5
West,Knight Hall,2023-02-05T06:00:00,20.0,30.0,,,,,,,0.0138,0.0207,41.311922,-105.581147,2023,2,5,6
West,Knight Hall,2023-02-05T07:00:00,40.0,30.0,,,,1.59,,,0.0276,0.0207,41.311922,-105.581147,2023,2,5,7
West,Knight Hall,2023-02-05T08:00:00,20.0,20.0,,,,2.59,,,0.0138,0.0138,41.311922,-105.581147,2023,2,5,8
West,Knight Hall,2023-02-05T09:00:00,40.0,40.0,,,,0.37,,,0.0276,0.0276,41.311922,-105.581147,2023,2,5,9
West,Knight Hall,2023-02-05T10:00:00,20.0,20.0,,,,3.54,,,0.0138,0.0138,41.311922,-105.581147,2023,2,5,10
West,Knight Hall,2023-02-05T11:00:00,40.0,40.0,,,,1.73,,,0.0276,0.0276,41.311922,-105.581147,2023,2,5,11
West,Knight Hall,2023-02-05T12:00:00,20.0,30.0,,,,5.35,,,0.0138,0.0207,41.311922,-105.581147,2023,2,5,12
West,Knight Hall,2023-02-05T13:00:00,40.0,30.0,,,,,,,0.0276,0.0207,41.311922,-105.581147,2023,2,5,13
West,Knight Hall,2023-02-05T14:00:00,20.0,20.0,,,,1.19,,,0.0138,0.0138,41.311922,-105.581147,2023,2,5,14
West,Knight Hall,2023-02-05T15:00:00,30.0,40.0,,,,0.86,,,0.0207,0.0276,41.311922,-105.581147,2023,2,5,15
West,Knight Hall,2023-02-05T16:00:00,30.0,20.0,,,,,,,0.0207,0.0138,41.311922,-105.581147,2023,2,5,16
West,Knight Hall,2023-02-05T17:00:00,30.0,30.0,,,,,,,0.0207,0.0207,41.311922,-105.581147,2023,2,5,17
West,Knight Hall,2023-02-05T18:00:00,20.0,30.0,,,,,,,0.0138,0.0207,41.311922,-105.581147,2023,2,5,18
West,Knight Hall,2023-02-05T19:00:00,40.0,30.0,,,,0.37,,,0.0276,0.0207,41.311922,-105.581147,2023,2,5,19
West,Knight Hall,2023-02-05T20:00:00,20.0,30.0,,,,,,,0.0138,0.0207,41.311922,-105.581147,2023,2,5,20
West,Knight Hall,2023-02-05T21:00:00,30.0,30.0,,,,,,,0.0207,0.0207,41.311922,-105.581147,2023,2,5,21
West,Knight Hall,2023-02-05T22:00:00,20.0,30.0,,,,,,,0.0138,0.0207,41.311922,-105.581147,2023,2,5,22
West,Knight Hall,2023-02-05T23:00:00,40.0,30.0,,,,,,,0.0276,0.0207,41.311922,-105.581147,2023,2,5,23
